[0.199s] DEBUG:colcon:Command line arguments: ['/usr/bin/colcon', 'build', '--symlink-install']
[0.200s] DEBUG:colcon:Parsed command line arguments: Namespace(allow_overriding=[], ament_cmake_args=None, base_paths=['.'], build_base='build', catkin_cmake_args=None, catkin_skip_building_tests=False, cmake_args=None, cmake_clean_cache=False, cmake_clean_first=False, cmake_force_configure=False, cmake_target=None, cmake_target_skip_unavailable=False, continue_on_error=False, event_handlers=None, executor='parallel', ignore_user_meta=False, install_base='install', log_base=None, log_level=None, main=<bound method BuildVerb.main of <colcon_core.verb.build.BuildVerb object at 0x7f18a26e4ee0>>, merge_install=False, metas=['./colcon.meta'], mixin=None, mixin_files=None, mixin_verb=('build',), packages_above=None, packages_above_and_dependencies=None, packages_above_depth=None, packages_end=None, packages_ignore=None, packages_ignore_regex=None, packages_select=None, packages_select_build_failed=False, packages_select_by_dep=None, packages_select_regex=None, packages_select_test_failures=False, packages_skip=None, packages_skip_build_finished=False, packages_skip_by_dep=None, packages_skip_regex=None, packages_skip_test_passed=False, packages_skip_up_to=None, packages_start=None, packages_up_to=None, packages_up_to_regex=None, parallel_workers=7, paths=None, symlink_install=True, test_result_base=None, verb_extension=<colcon_core.verb.build.BuildVerb object at 0x7f18a26e4ee0>, verb_name='build', verb_parser=<colcon_mixin.mixin.mixin_argument.MixinArgumentDecorator object at 0x7f18a25c64f0>)
[0.370s] Level 1:colcon.colcon_core.package_discovery:discover_packages(colcon_meta) check parameters
[0.371s] Level 1:colcon.colcon_core.package_discovery:discover_packages(recursive) check parameters
[0.371s] Level 1:colcon.colcon_core.package_discovery:discover_packages(ignore) check parameters
[0.371s] Level 1:colcon.colcon_core.package_discovery:discover_packages(path) check parameters
[0.371s] Level 1:colcon.colcon_core.package_discovery:discover_packages(colcon_meta) discover
[0.371s] Level 1:colcon.colcon_core.package_discovery:discover_packages(recursive) discover
[0.371s] INFO:colcon.colcon_core.package_discovery:Crawling recursively for packages in '/home/khaledob/bookros2_ws'
[0.371s] Level 1:colcon.colcon_core.package_identification:_identify(.) by extensions ['ignore', 'ignore_ament_install']
[0.372s] Level 1:colcon.colcon_core.package_identification:_identify(.) by extension 'ignore'
[0.372s] Level 1:colcon.colcon_core.package_identification:_identify(.) by extension 'ignore_ament_install'
[0.373s] Level 1:colcon.colcon_core.package_identification:_identify(.) by extensions ['colcon_pkg']
[0.373s] Level 1:colcon.colcon_core.package_identification:_identify(.) by extension 'colcon_pkg'
[0.373s] Level 1:colcon.colcon_core.package_identification:_identify(.) by extensions ['colcon_meta']
[0.373s] Level 1:colcon.colcon_core.package_identification:_identify(.) by extension 'colcon_meta'
[0.373s] Level 1:colcon.colcon_core.package_identification:_identify(.) by extensions ['ros']
[0.373s] Level 1:colcon.colcon_core.package_identification:_identify(.) by extension 'ros'
[0.395s] Level 1:colcon.colcon_core.package_identification:_identify(.) by extensions ['cmake', 'python']
[0.398s] Level 1:colcon.colcon_core.package_identification:_identify(.) by extension 'cmake'
[0.398s] Level 1:colcon.colcon_core.package_identification:_identify(.) by extension 'python'
[0.398s] Level 1:colcon.colcon_core.package_identification:_identify(.) by extensions ['python_setup_py']
[0.398s] Level 1:colcon.colcon_core.package_identification:_identify(.) by extension 'python_setup_py'
[0.399s] Level 1:colcon.colcon_core.package_identification:_identify(build) by extensions ['ignore', 'ignore_ament_install']
[0.400s] Level 1:colcon.colcon_core.package_identification:_identify(build) by extension 'ignore'
[0.400s] Level 1:colcon.colcon_core.package_identification:_identify(build) ignored
[0.400s] Level 1:colcon.colcon_core.package_identification:_identify(install) by extensions ['ignore', 'ignore_ament_install']
[0.400s] Level 1:colcon.colcon_core.package_identification:_identify(install) by extension 'ignore'
[0.400s] Level 1:colcon.colcon_core.package_identification:_identify(install) ignored
[0.400s] Level 1:colcon.colcon_core.package_identification:_identify(log) by extensions ['ignore', 'ignore_ament_install']
[0.401s] Level 1:colcon.colcon_core.package_identification:_identify(log) by extension 'ignore'
[0.401s] Level 1:colcon.colcon_core.package_identification:_identify(log) ignored
[0.401s] Level 1:colcon.colcon_core.package_identification:_identify(src) by extensions ['ignore', 'ignore_ament_install']
[0.401s] Level 1:colcon.colcon_core.package_identification:_identify(src) by extension 'ignore'
[0.401s] Level 1:colcon.colcon_core.package_identification:_identify(src) by extension 'ignore_ament_install'
[0.402s] Level 1:colcon.colcon_core.package_identification:_identify(src) by extensions ['colcon_pkg']
[0.402s] Level 1:colcon.colcon_core.package_identification:_identify(src) by extension 'colcon_pkg'
[0.402s] Level 1:colcon.colcon_core.package_identification:_identify(src) by extensions ['colcon_meta']
[0.402s] Level 1:colcon.colcon_core.package_identification:_identify(src) by extension 'colcon_meta'
[0.402s] Level 1:colcon.colcon_core.package_identification:_identify(src) by extensions ['ros']
[0.402s] Level 1:colcon.colcon_core.package_identification:_identify(src) by extension 'ros'
[0.402s] Level 1:colcon.colcon_core.package_identification:_identify(src) by extensions ['cmake', 'python']
[0.402s] Level 1:colcon.colcon_core.package_identification:_identify(src) by extension 'cmake'
[0.402s] Level 1:colcon.colcon_core.package_identification:_identify(src) by extension 'python'
[0.402s] Level 1:colcon.colcon_core.package_identification:_identify(src) by extensions ['python_setup_py']
[0.402s] Level 1:colcon.colcon_core.package_identification:_identify(src) by extension 'python_setup_py'
[0.402s] Level 1:colcon.colcon_core.package_identification:_identify(src/ThirdParty) by extensions ['ignore', 'ignore_ament_install']
[0.402s] Level 1:colcon.colcon_core.package_identification:_identify(src/ThirdParty) by extension 'ignore'
[0.402s] Level 1:colcon.colcon_core.package_identification:_identify(src/ThirdParty) by extension 'ignore_ament_install'
[0.403s] Level 1:colcon.colcon_core.package_identification:_identify(src/ThirdParty) by extensions ['colcon_pkg']
[0.403s] Level 1:colcon.colcon_core.package_identification:_identify(src/ThirdParty) by extension 'colcon_pkg'
[0.403s] Level 1:colcon.colcon_core.package_identification:_identify(src/ThirdParty) by extensions ['colcon_meta']
[0.403s] Level 1:colcon.colcon_core.package_identification:_identify(src/ThirdParty) by extension 'colcon_meta'
[0.404s] Level 1:colcon.colcon_core.package_identification:_identify(src/ThirdParty) by extensions ['ros']
[0.404s] Level 1:colcon.colcon_core.package_identification:_identify(src/ThirdParty) by extension 'ros'
[0.404s] Level 1:colcon.colcon_core.package_identification:_identify(src/ThirdParty) by extensions ['cmake', 'python']
[0.404s] Level 1:colcon.colcon_core.package_identification:_identify(src/ThirdParty) by extension 'cmake'
[0.404s] Level 1:colcon.colcon_core.package_identification:_identify(src/ThirdParty) by extension 'python'
[0.404s] Level 1:colcon.colcon_core.package_identification:_identify(src/ThirdParty) by extensions ['python_setup_py']
[0.404s] Level 1:colcon.colcon_core.package_identification:_identify(src/ThirdParty) by extension 'python_setup_py'
[0.404s] Level 1:colcon.colcon_core.package_identification:_identify(src/ThirdParty/Groot) by extensions ['ignore', 'ignore_ament_install']
[0.405s] Level 1:colcon.colcon_core.package_identification:_identify(src/ThirdParty/Groot) by extension 'ignore'
[0.405s] Level 1:colcon.colcon_core.package_identification:_identify(src/ThirdParty/Groot) by extension 'ignore_ament_install'
[0.405s] Level 1:colcon.colcon_core.package_identification:_identify(src/ThirdParty/Groot) by extensions ['colcon_pkg']
[0.405s] Level 1:colcon.colcon_core.package_identification:_identify(src/ThirdParty/Groot) by extension 'colcon_pkg'
[0.405s] Level 1:colcon.colcon_core.package_identification:_identify(src/ThirdParty/Groot) by extensions ['colcon_meta']
[0.405s] Level 1:colcon.colcon_core.package_identification:_identify(src/ThirdParty/Groot) by extension 'colcon_meta'
[0.405s] Level 1:colcon.colcon_core.package_identification:_identify(src/ThirdParty/Groot) by extensions ['ros']
[0.405s] Level 1:colcon.colcon_core.package_identification:_identify(src/ThirdParty/Groot) by extension 'ros'
[0.411s] DEBUG:colcon.colcon_core.package_identification:Package 'src/ThirdParty/Groot' with type 'ros.ament_cmake' and name 'groot'
[0.411s] Level 1:colcon.colcon_core.package_identification:_identify(src/ThirdParty/gazebo_ros2_control) by extensions ['ignore', 'ignore_ament_install']
[0.412s] Level 1:colcon.colcon_core.package_identification:_identify(src/ThirdParty/gazebo_ros2_control) by extension 'ignore'
[0.412s] Level 1:colcon.colcon_core.package_identification:_identify(src/ThirdParty/gazebo_ros2_control) by extension 'ignore_ament_install'
[0.412s] Level 1:colcon.colcon_core.package_identification:_identify(src/ThirdParty/gazebo_ros2_control) by extensions ['colcon_pkg']
[0.412s] Level 1:colcon.colcon_core.package_identification:_identify(src/ThirdParty/gazebo_ros2_control) by extension 'colcon_pkg'
[0.412s] Level 1:colcon.colcon_core.package_identification:_identify(src/ThirdParty/gazebo_ros2_control) by extensions ['colcon_meta']
[0.412s] Level 1:colcon.colcon_core.package_identification:_identify(src/ThirdParty/gazebo_ros2_control) by extension 'colcon_meta'
[0.412s] Level 1:colcon.colcon_core.package_identification:_identify(src/ThirdParty/gazebo_ros2_control) by extensions ['ros']
[0.412s] Level 1:colcon.colcon_core.package_identification:_identify(src/ThirdParty/gazebo_ros2_control) by extension 'ros'
[0.412s] Level 1:colcon.colcon_core.package_identification:_identify(src/ThirdParty/gazebo_ros2_control) by extensions ['cmake', 'python']
[0.413s] Level 1:colcon.colcon_core.package_identification:_identify(src/ThirdParty/gazebo_ros2_control) by extension 'cmake'
[0.413s] Level 1:colcon.colcon_core.package_identification:_identify(src/ThirdParty/gazebo_ros2_control) by extension 'python'
[0.413s] Level 1:colcon.colcon_core.package_identification:_identify(src/ThirdParty/gazebo_ros2_control) by extensions ['python_setup_py']
[0.413s] Level 1:colcon.colcon_core.package_identification:_identify(src/ThirdParty/gazebo_ros2_control) by extension 'python_setup_py'
[0.413s] Level 1:colcon.colcon_core.package_identification:_identify(src/ThirdParty/gazebo_ros2_control/Docker) by extensions ['ignore', 'ignore_ament_install']
[0.413s] Level 1:colcon.colcon_core.package_identification:_identify(src/ThirdParty/gazebo_ros2_control/Docker) by extension 'ignore'
[0.413s] Level 1:colcon.colcon_core.package_identification:_identify(src/ThirdParty/gazebo_ros2_control/Docker) by extension 'ignore_ament_install'
[0.413s] Level 1:colcon.colcon_core.package_identification:_identify(src/ThirdParty/gazebo_ros2_control/Docker) by extensions ['colcon_pkg']
[0.413s] Level 1:colcon.colcon_core.package_identification:_identify(src/ThirdParty/gazebo_ros2_control/Docker) by extension 'colcon_pkg'
[0.413s] Level 1:colcon.colcon_core.package_identification:_identify(src/ThirdParty/gazebo_ros2_control/Docker) by extensions ['colcon_meta']
[0.413s] Level 1:colcon.colcon_core.package_identification:_identify(src/ThirdParty/gazebo_ros2_control/Docker) by extension 'colcon_meta'
[0.413s] Level 1:colcon.colcon_core.package_identification:_identify(src/ThirdParty/gazebo_ros2_control/Docker) by extensions ['ros']
[0.413s] Level 1:colcon.colcon_core.package_identification:_identify(src/ThirdParty/gazebo_ros2_control/Docker) by extension 'ros'
[0.413s] Level 1:colcon.colcon_core.package_identification:_identify(src/ThirdParty/gazebo_ros2_control/Docker) by extensions ['cmake', 'python']
[0.413s] Level 1:colcon.colcon_core.package_identification:_identify(src/ThirdParty/gazebo_ros2_control/Docker) by extension 'cmake'
[0.413s] Level 1:colcon.colcon_core.package_identification:_identify(src/ThirdParty/gazebo_ros2_control/Docker) by extension 'python'
[0.413s] Level 1:colcon.colcon_core.package_identification:_identify(src/ThirdParty/gazebo_ros2_control/Docker) by extensions ['python_setup_py']
[0.413s] Level 1:colcon.colcon_core.package_identification:_identify(src/ThirdParty/gazebo_ros2_control/Docker) by extension 'python_setup_py'
[0.414s] Level 1:colcon.colcon_core.package_identification:_identify(src/ThirdParty/gazebo_ros2_control/gazebo_ros2_control) by extensions ['ignore', 'ignore_ament_install']
[0.414s] Level 1:colcon.colcon_core.package_identification:_identify(src/ThirdParty/gazebo_ros2_control/gazebo_ros2_control) by extension 'ignore'
[0.414s] Level 1:colcon.colcon_core.package_identification:_identify(src/ThirdParty/gazebo_ros2_control/gazebo_ros2_control) by extension 'ignore_ament_install'
[0.414s] Level 1:colcon.colcon_core.package_identification:_identify(src/ThirdParty/gazebo_ros2_control/gazebo_ros2_control) by extensions ['colcon_pkg']
[0.414s] Level 1:colcon.colcon_core.package_identification:_identify(src/ThirdParty/gazebo_ros2_control/gazebo_ros2_control) by extension 'colcon_pkg'
[0.414s] Level 1:colcon.colcon_core.package_identification:_identify(src/ThirdParty/gazebo_ros2_control/gazebo_ros2_control) by extensions ['colcon_meta']
[0.414s] Level 1:colcon.colcon_core.package_identification:_identify(src/ThirdParty/gazebo_ros2_control/gazebo_ros2_control) by extension 'colcon_meta'
[0.414s] Level 1:colcon.colcon_core.package_identification:_identify(src/ThirdParty/gazebo_ros2_control/gazebo_ros2_control) by extensions ['ros']
[0.414s] Level 1:colcon.colcon_core.package_identification:_identify(src/ThirdParty/gazebo_ros2_control/gazebo_ros2_control) by extension 'ros'
[0.416s] DEBUG:colcon.colcon_core.package_identification:Package 'src/ThirdParty/gazebo_ros2_control/gazebo_ros2_control' with type 'ros.ament_cmake' and name 'gazebo_ros2_control'
[0.416s] Level 1:colcon.colcon_core.package_identification:_identify(src/ThirdParty/gazebo_ros2_control/gazebo_ros2_control_demos) by extensions ['ignore', 'ignore_ament_install']
[0.416s] Level 1:colcon.colcon_core.package_identification:_identify(src/ThirdParty/gazebo_ros2_control/gazebo_ros2_control_demos) by extension 'ignore'
[0.417s] Level 1:colcon.colcon_core.package_identification:_identify(src/ThirdParty/gazebo_ros2_control/gazebo_ros2_control_demos) by extension 'ignore_ament_install'
[0.417s] Level 1:colcon.colcon_core.package_identification:_identify(src/ThirdParty/gazebo_ros2_control/gazebo_ros2_control_demos) by extensions ['colcon_pkg']
[0.417s] Level 1:colcon.colcon_core.package_identification:_identify(src/ThirdParty/gazebo_ros2_control/gazebo_ros2_control_demos) by extension 'colcon_pkg'
[0.417s] Level 1:colcon.colcon_core.package_identification:_identify(src/ThirdParty/gazebo_ros2_control/gazebo_ros2_control_demos) by extensions ['colcon_meta']
[0.417s] Level 1:colcon.colcon_core.package_identification:_identify(src/ThirdParty/gazebo_ros2_control/gazebo_ros2_control_demos) by extension 'colcon_meta'
[0.417s] Level 1:colcon.colcon_core.package_identification:_identify(src/ThirdParty/gazebo_ros2_control/gazebo_ros2_control_demos) by extensions ['ros']
[0.417s] Level 1:colcon.colcon_core.package_identification:_identify(src/ThirdParty/gazebo_ros2_control/gazebo_ros2_control_demos) by extension 'ros'
[0.418s] DEBUG:colcon.colcon_core.package_identification:Package 'src/ThirdParty/gazebo_ros2_control/gazebo_ros2_control_demos' with type 'ros.ament_cmake' and name 'gazebo_ros2_control_demos'
[0.419s] Level 1:colcon.colcon_core.package_identification:_identify(src/ThirdParty/gazebo_ros2_control/img) by extensions ['ignore', 'ignore_ament_install']
[0.419s] Level 1:colcon.colcon_core.package_identification:_identify(src/ThirdParty/gazebo_ros2_control/img) by extension 'ignore'
[0.419s] Level 1:colcon.colcon_core.package_identification:_identify(src/ThirdParty/gazebo_ros2_control/img) by extension 'ignore_ament_install'
[0.419s] Level 1:colcon.colcon_core.package_identification:_identify(src/ThirdParty/gazebo_ros2_control/img) by extensions ['colcon_pkg']
[0.419s] Level 1:colcon.colcon_core.package_identification:_identify(src/ThirdParty/gazebo_ros2_control/img) by extension 'colcon_pkg'
[0.420s] Level 1:colcon.colcon_core.package_identification:_identify(src/ThirdParty/gazebo_ros2_control/img) by extensions ['colcon_meta']
[0.420s] Level 1:colcon.colcon_core.package_identification:_identify(src/ThirdParty/gazebo_ros2_control/img) by extension 'colcon_meta'
[0.420s] Level 1:colcon.colcon_core.package_identification:_identify(src/ThirdParty/gazebo_ros2_control/img) by extensions ['ros']
[0.420s] Level 1:colcon.colcon_core.package_identification:_identify(src/ThirdParty/gazebo_ros2_control/img) by extension 'ros'
[0.420s] Level 1:colcon.colcon_core.package_identification:_identify(src/ThirdParty/gazebo_ros2_control/img) by extensions ['cmake', 'python']
[0.420s] Level 1:colcon.colcon_core.package_identification:_identify(src/ThirdParty/gazebo_ros2_control/img) by extension 'cmake'
[0.420s] Level 1:colcon.colcon_core.package_identification:_identify(src/ThirdParty/gazebo_ros2_control/img) by extension 'python'
[0.420s] Level 1:colcon.colcon_core.package_identification:_identify(src/ThirdParty/gazebo_ros2_control/img) by extensions ['python_setup_py']
[0.420s] Level 1:colcon.colcon_core.package_identification:_identify(src/ThirdParty/gazebo_ros2_control/img) by extension 'python_setup_py'
[0.420s] Level 1:colcon.colcon_core.package_identification:_identify(src/ThirdParty/hey5_description) by extensions ['ignore', 'ignore_ament_install']
[0.420s] Level 1:colcon.colcon_core.package_identification:_identify(src/ThirdParty/hey5_description) by extension 'ignore'
[0.420s] Level 1:colcon.colcon_core.package_identification:_identify(src/ThirdParty/hey5_description) by extension 'ignore_ament_install'
[0.420s] Level 1:colcon.colcon_core.package_identification:_identify(src/ThirdParty/hey5_description) by extensions ['colcon_pkg']
[0.420s] Level 1:colcon.colcon_core.package_identification:_identify(src/ThirdParty/hey5_description) by extension 'colcon_pkg'
[0.420s] Level 1:colcon.colcon_core.package_identification:_identify(src/ThirdParty/hey5_description) by extensions ['colcon_meta']
[0.421s] Level 1:colcon.colcon_core.package_identification:_identify(src/ThirdParty/hey5_description) by extension 'colcon_meta'
[0.421s] Level 1:colcon.colcon_core.package_identification:_identify(src/ThirdParty/hey5_description) by extensions ['ros']
[0.421s] Level 1:colcon.colcon_core.package_identification:_identify(src/ThirdParty/hey5_description) by extension 'ros'
[0.421s] DEBUG:colcon.colcon_core.package_identification:Package 'src/ThirdParty/hey5_description' with type 'ros.ament_cmake' and name 'hey5_description'
[0.421s] Level 1:colcon.colcon_core.package_identification:_identify(src/ThirdParty/launch_pal) by extensions ['ignore', 'ignore_ament_install']
[0.422s] Level 1:colcon.colcon_core.package_identification:_identify(src/ThirdParty/launch_pal) by extension 'ignore'
[0.422s] Level 1:colcon.colcon_core.package_identification:_identify(src/ThirdParty/launch_pal) by extension 'ignore_ament_install'
[0.422s] Level 1:colcon.colcon_core.package_identification:_identify(src/ThirdParty/launch_pal) by extensions ['colcon_pkg']
[0.422s] Level 1:colcon.colcon_core.package_identification:_identify(src/ThirdParty/launch_pal) by extension 'colcon_pkg'
[0.422s] Level 1:colcon.colcon_core.package_identification:_identify(src/ThirdParty/launch_pal) by extensions ['colcon_meta']
[0.422s] Level 1:colcon.colcon_core.package_identification:_identify(src/ThirdParty/launch_pal) by extension 'colcon_meta'
[0.422s] Level 1:colcon.colcon_core.package_identification:_identify(src/ThirdParty/launch_pal) by extensions ['ros']
[0.422s] Level 1:colcon.colcon_core.package_identification:_identify(src/ThirdParty/launch_pal) by extension 'ros'
[0.423s] DEBUG:colcon.colcon_core.package_identification:Package 'src/ThirdParty/launch_pal' with type 'ros.ament_python' and name 'launch_pal'
[0.423s] Level 1:colcon.colcon_core.package_identification:_identify(src/ThirdParty/pal_gazebo_worlds) by extensions ['ignore', 'ignore_ament_install']
[0.423s] Level 1:colcon.colcon_core.package_identification:_identify(src/ThirdParty/pal_gazebo_worlds) by extension 'ignore'
[0.423s] Level 1:colcon.colcon_core.package_identification:_identify(src/ThirdParty/pal_gazebo_worlds) by extension 'ignore_ament_install'
[0.423s] Level 1:colcon.colcon_core.package_identification:_identify(src/ThirdParty/pal_gazebo_worlds) by extensions ['colcon_pkg']
[0.423s] Level 1:colcon.colcon_core.package_identification:_identify(src/ThirdParty/pal_gazebo_worlds) by extension 'colcon_pkg'
[0.423s] Level 1:colcon.colcon_core.package_identification:_identify(src/ThirdParty/pal_gazebo_worlds) by extensions ['colcon_meta']
[0.423s] Level 1:colcon.colcon_core.package_identification:_identify(src/ThirdParty/pal_gazebo_worlds) by extension 'colcon_meta'
[0.423s] Level 1:colcon.colcon_core.package_identification:_identify(src/ThirdParty/pal_gazebo_worlds) by extensions ['ros']
[0.423s] Level 1:colcon.colcon_core.package_identification:_identify(src/ThirdParty/pal_gazebo_worlds) by extension 'ros'
[0.424s] DEBUG:colcon.colcon_core.package_identification:Package 'src/ThirdParty/pal_gazebo_worlds' with type 'ros.ament_cmake' and name 'pal_gazebo_worlds'
[0.425s] Level 1:colcon.colcon_core.package_identification:_identify(src/ThirdParty/pal_gripper) by extensions ['ignore', 'ignore_ament_install']
[0.425s] Level 1:colcon.colcon_core.package_identification:_identify(src/ThirdParty/pal_gripper) by extension 'ignore'
[0.425s] Level 1:colcon.colcon_core.package_identification:_identify(src/ThirdParty/pal_gripper) by extension 'ignore_ament_install'
[0.425s] Level 1:colcon.colcon_core.package_identification:_identify(src/ThirdParty/pal_gripper) by extensions ['colcon_pkg']
[0.425s] Level 1:colcon.colcon_core.package_identification:_identify(src/ThirdParty/pal_gripper) by extension 'colcon_pkg'
[0.425s] Level 1:colcon.colcon_core.package_identification:_identify(src/ThirdParty/pal_gripper) by extensions ['colcon_meta']
[0.425s] Level 1:colcon.colcon_core.package_identification:_identify(src/ThirdParty/pal_gripper) by extension 'colcon_meta'
[0.425s] Level 1:colcon.colcon_core.package_identification:_identify(src/ThirdParty/pal_gripper) by extensions ['ros']
[0.425s] Level 1:colcon.colcon_core.package_identification:_identify(src/ThirdParty/pal_gripper) by extension 'ros'
[0.425s] Level 1:colcon.colcon_core.package_identification:_identify(src/ThirdParty/pal_gripper) by extensions ['cmake', 'python']
[0.425s] Level 1:colcon.colcon_core.package_identification:_identify(src/ThirdParty/pal_gripper) by extension 'cmake'
[0.425s] Level 1:colcon.colcon_core.package_identification:_identify(src/ThirdParty/pal_gripper) by extension 'python'
[0.425s] Level 1:colcon.colcon_core.package_identification:_identify(src/ThirdParty/pal_gripper) by extensions ['python_setup_py']
[0.425s] Level 1:colcon.colcon_core.package_identification:_identify(src/ThirdParty/pal_gripper) by extension 'python_setup_py'
[0.425s] Level 1:colcon.colcon_core.package_identification:_identify(src/ThirdParty/pal_gripper/pal_gripper) by extensions ['ignore', 'ignore_ament_install']
[0.425s] Level 1:colcon.colcon_core.package_identification:_identify(src/ThirdParty/pal_gripper/pal_gripper) by extension 'ignore'
[0.425s] Level 1:colcon.colcon_core.package_identification:_identify(src/ThirdParty/pal_gripper/pal_gripper) by extension 'ignore_ament_install'
[0.425s] Level 1:colcon.colcon_core.package_identification:_identify(src/ThirdParty/pal_gripper/pal_gripper) by extensions ['colcon_pkg']
[0.425s] Level 1:colcon.colcon_core.package_identification:_identify(src/ThirdParty/pal_gripper/pal_gripper) by extension 'colcon_pkg'
[0.425s] Level 1:colcon.colcon_core.package_identification:_identify(src/ThirdParty/pal_gripper/pal_gripper) by extensions ['colcon_meta']
[0.425s] Level 1:colcon.colcon_core.package_identification:_identify(src/ThirdParty/pal_gripper/pal_gripper) by extension 'colcon_meta'
[0.426s] Level 1:colcon.colcon_core.package_identification:_identify(src/ThirdParty/pal_gripper/pal_gripper) by extensions ['ros']
[0.426s] Level 1:colcon.colcon_core.package_identification:_identify(src/ThirdParty/pal_gripper/pal_gripper) by extension 'ros'
[0.426s] DEBUG:colcon.colcon_core.package_identification:Package 'src/ThirdParty/pal_gripper/pal_gripper' with type 'ros.ament_cmake' and name 'pal_gripper'
[0.426s] Level 1:colcon.colcon_core.package_identification:_identify(src/ThirdParty/pal_gripper/pal_gripper_controller_configuration) by extensions ['ignore', 'ignore_ament_install']
[0.426s] Level 1:colcon.colcon_core.package_identification:_identify(src/ThirdParty/pal_gripper/pal_gripper_controller_configuration) by extension 'ignore'
[0.427s] Level 1:colcon.colcon_core.package_identification:_identify(src/ThirdParty/pal_gripper/pal_gripper_controller_configuration) by extension 'ignore_ament_install'
[0.427s] Level 1:colcon.colcon_core.package_identification:_identify(src/ThirdParty/pal_gripper/pal_gripper_controller_configuration) by extensions ['colcon_pkg']
[0.427s] Level 1:colcon.colcon_core.package_identification:_identify(src/ThirdParty/pal_gripper/pal_gripper_controller_configuration) by extension 'colcon_pkg'
[0.427s] Level 1:colcon.colcon_core.package_identification:_identify(src/ThirdParty/pal_gripper/pal_gripper_controller_configuration) by extensions ['colcon_meta']
[0.427s] Level 1:colcon.colcon_core.package_identification:_identify(src/ThirdParty/pal_gripper/pal_gripper_controller_configuration) by extension 'colcon_meta'
[0.427s] Level 1:colcon.colcon_core.package_identification:_identify(src/ThirdParty/pal_gripper/pal_gripper_controller_configuration) by extensions ['ros']
[0.427s] Level 1:colcon.colcon_core.package_identification:_identify(src/ThirdParty/pal_gripper/pal_gripper_controller_configuration) by extension 'ros'
[0.428s] DEBUG:colcon.colcon_core.package_identification:Package 'src/ThirdParty/pal_gripper/pal_gripper_controller_configuration' with type 'ros.ament_cmake' and name 'pal_gripper_controller_configuration'
[0.428s] Level 1:colcon.colcon_core.package_identification:_identify(src/ThirdParty/pal_gripper/pal_gripper_controller_configuration_gazebo) by extensions ['ignore', 'ignore_ament_install']
[0.428s] Level 1:colcon.colcon_core.package_identification:_identify(src/ThirdParty/pal_gripper/pal_gripper_controller_configuration_gazebo) by extension 'ignore'
[0.428s] Level 1:colcon.colcon_core.package_identification:_identify(src/ThirdParty/pal_gripper/pal_gripper_controller_configuration_gazebo) ignored
[0.428s] Level 1:colcon.colcon_core.package_identification:_identify(src/ThirdParty/pal_gripper/pal_gripper_description) by extensions ['ignore', 'ignore_ament_install']
[0.429s] Level 1:colcon.colcon_core.package_identification:_identify(src/ThirdParty/pal_gripper/pal_gripper_description) by extension 'ignore'
[0.429s] Level 1:colcon.colcon_core.package_identification:_identify(src/ThirdParty/pal_gripper/pal_gripper_description) by extension 'ignore_ament_install'
[0.429s] Level 1:colcon.colcon_core.package_identification:_identify(src/ThirdParty/pal_gripper/pal_gripper_description) by extensions ['colcon_pkg']
[0.429s] Level 1:colcon.colcon_core.package_identification:_identify(src/ThirdParty/pal_gripper/pal_gripper_description) by extension 'colcon_pkg'
[0.429s] Level 1:colcon.colcon_core.package_identification:_identify(src/ThirdParty/pal_gripper/pal_gripper_description) by extensions ['colcon_meta']
[0.429s] Level 1:colcon.colcon_core.package_identification:_identify(src/ThirdParty/pal_gripper/pal_gripper_description) by extension 'colcon_meta'
[0.429s] Level 1:colcon.colcon_core.package_identification:_identify(src/ThirdParty/pal_gripper/pal_gripper_description) by extensions ['ros']
[0.429s] Level 1:colcon.colcon_core.package_identification:_identify(src/ThirdParty/pal_gripper/pal_gripper_description) by extension 'ros'
[0.430s] DEBUG:colcon.colcon_core.package_identification:Package 'src/ThirdParty/pal_gripper/pal_gripper_description' with type 'ros.ament_cmake' and name 'pal_gripper_description'
[0.434s] Level 1:colcon.colcon_core.package_identification:_identify(src/ThirdParty/pal_gripper/pal_gripper_gazebo) by extensions ['ignore', 'ignore_ament_install']
[0.434s] Level 1:colcon.colcon_core.package_identification:_identify(src/ThirdParty/pal_gripper/pal_gripper_gazebo) by extension 'ignore'
[0.434s] Level 1:colcon.colcon_core.package_identification:_identify(src/ThirdParty/pal_gripper/pal_gripper_gazebo) ignored
[0.434s] Level 1:colcon.colcon_core.package_identification:_identify(src/ThirdParty/pal_gripper/pal_parallel_gripper_wrapper) by extensions ['ignore', 'ignore_ament_install']
[0.434s] Level 1:colcon.colcon_core.package_identification:_identify(src/ThirdParty/pal_gripper/pal_parallel_gripper_wrapper) by extension 'ignore'
[0.434s] Level 1:colcon.colcon_core.package_identification:_identify(src/ThirdParty/pal_gripper/pal_parallel_gripper_wrapper) ignored
[0.435s] Level 1:colcon.colcon_core.package_identification:_identify(src/ThirdParty/pmb2_navigation) by extensions ['ignore', 'ignore_ament_install']
[0.435s] Level 1:colcon.colcon_core.package_identification:_identify(src/ThirdParty/pmb2_navigation) by extension 'ignore'
[0.436s] Level 1:colcon.colcon_core.package_identification:_identify(src/ThirdParty/pmb2_navigation) by extension 'ignore_ament_install'
[0.436s] Level 1:colcon.colcon_core.package_identification:_identify(src/ThirdParty/pmb2_navigation) by extensions ['colcon_pkg']
[0.436s] Level 1:colcon.colcon_core.package_identification:_identify(src/ThirdParty/pmb2_navigation) by extension 'colcon_pkg'
[0.436s] Level 1:colcon.colcon_core.package_identification:_identify(src/ThirdParty/pmb2_navigation) by extensions ['colcon_meta']
[0.436s] Level 1:colcon.colcon_core.package_identification:_identify(src/ThirdParty/pmb2_navigation) by extension 'colcon_meta'
[0.436s] Level 1:colcon.colcon_core.package_identification:_identify(src/ThirdParty/pmb2_navigation) by extensions ['ros']
[0.436s] Level 1:colcon.colcon_core.package_identification:_identify(src/ThirdParty/pmb2_navigation) by extension 'ros'
[0.436s] Level 1:colcon.colcon_core.package_identification:_identify(src/ThirdParty/pmb2_navigation) by extensions ['cmake', 'python']
[0.436s] Level 1:colcon.colcon_core.package_identification:_identify(src/ThirdParty/pmb2_navigation) by extension 'cmake'
[0.436s] Level 1:colcon.colcon_core.package_identification:_identify(src/ThirdParty/pmb2_navigation) by extension 'python'
[0.436s] Level 1:colcon.colcon_core.package_identification:_identify(src/ThirdParty/pmb2_navigation) by extensions ['python_setup_py']
[0.437s] Level 1:colcon.colcon_core.package_identification:_identify(src/ThirdParty/pmb2_navigation) by extension 'python_setup_py'
[0.437s] Level 1:colcon.colcon_core.package_identification:_identify(src/ThirdParty/pmb2_navigation/pmb2_2dnav) by extensions ['ignore', 'ignore_ament_install']
[0.437s] Level 1:colcon.colcon_core.package_identification:_identify(src/ThirdParty/pmb2_navigation/pmb2_2dnav) by extension 'ignore'
[0.437s] Level 1:colcon.colcon_core.package_identification:_identify(src/ThirdParty/pmb2_navigation/pmb2_2dnav) by extension 'ignore_ament_install'
[0.437s] Level 1:colcon.colcon_core.package_identification:_identify(src/ThirdParty/pmb2_navigation/pmb2_2dnav) by extensions ['colcon_pkg']
[0.437s] Level 1:colcon.colcon_core.package_identification:_identify(src/ThirdParty/pmb2_navigation/pmb2_2dnav) by extension 'colcon_pkg'
[0.437s] Level 1:colcon.colcon_core.package_identification:_identify(src/ThirdParty/pmb2_navigation/pmb2_2dnav) by extensions ['colcon_meta']
[0.437s] Level 1:colcon.colcon_core.package_identification:_identify(src/ThirdParty/pmb2_navigation/pmb2_2dnav) by extension 'colcon_meta'
[0.437s] Level 1:colcon.colcon_core.package_identification:_identify(src/ThirdParty/pmb2_navigation/pmb2_2dnav) by extensions ['ros']
[0.437s] Level 1:colcon.colcon_core.package_identification:_identify(src/ThirdParty/pmb2_navigation/pmb2_2dnav) by extension 'ros'
[0.438s] DEBUG:colcon.colcon_core.package_identification:Package 'src/ThirdParty/pmb2_navigation/pmb2_2dnav' with type 'ros.ament_cmake' and name 'pmb2_2dnav'
[0.439s] Level 1:colcon.colcon_core.package_identification:_identify(src/ThirdParty/pmb2_navigation/pmb2_laser_sensors) by extensions ['ignore', 'ignore_ament_install']
[0.440s] Level 1:colcon.colcon_core.package_identification:_identify(src/ThirdParty/pmb2_navigation/pmb2_laser_sensors) by extension 'ignore'
[0.440s] Level 1:colcon.colcon_core.package_identification:_identify(src/ThirdParty/pmb2_navigation/pmb2_laser_sensors) ignored
[0.440s] Level 1:colcon.colcon_core.package_identification:_identify(src/ThirdParty/pmb2_navigation/pmb2_maps) by extensions ['ignore', 'ignore_ament_install']
[0.440s] Level 1:colcon.colcon_core.package_identification:_identify(src/ThirdParty/pmb2_navigation/pmb2_maps) by extension 'ignore'
[0.440s] Level 1:colcon.colcon_core.package_identification:_identify(src/ThirdParty/pmb2_navigation/pmb2_maps) by extension 'ignore_ament_install'
[0.440s] Level 1:colcon.colcon_core.package_identification:_identify(src/ThirdParty/pmb2_navigation/pmb2_maps) by extensions ['colcon_pkg']
[0.440s] Level 1:colcon.colcon_core.package_identification:_identify(src/ThirdParty/pmb2_navigation/pmb2_maps) by extension 'colcon_pkg'
[0.440s] Level 1:colcon.colcon_core.package_identification:_identify(src/ThirdParty/pmb2_navigation/pmb2_maps) by extensions ['colcon_meta']
[0.440s] Level 1:colcon.colcon_core.package_identification:_identify(src/ThirdParty/pmb2_navigation/pmb2_maps) by extension 'colcon_meta'
[0.441s] Level 1:colcon.colcon_core.package_identification:_identify(src/ThirdParty/pmb2_navigation/pmb2_maps) by extensions ['ros']
[0.441s] Level 1:colcon.colcon_core.package_identification:_identify(src/ThirdParty/pmb2_navigation/pmb2_maps) by extension 'ros'
[0.442s] DEBUG:colcon.colcon_core.package_identification:Package 'src/ThirdParty/pmb2_navigation/pmb2_maps' with type 'ros.ament_cmake' and name 'pmb2_maps'
[0.442s] Level 1:colcon.colcon_core.package_identification:_identify(src/ThirdParty/pmb2_navigation/pmb2_navigation) by extensions ['ignore', 'ignore_ament_install']
[0.442s] Level 1:colcon.colcon_core.package_identification:_identify(src/ThirdParty/pmb2_navigation/pmb2_navigation) by extension 'ignore'
[0.442s] Level 1:colcon.colcon_core.package_identification:_identify(src/ThirdParty/pmb2_navigation/pmb2_navigation) by extension 'ignore_ament_install'
[0.442s] Level 1:colcon.colcon_core.package_identification:_identify(src/ThirdParty/pmb2_navigation/pmb2_navigation) by extensions ['colcon_pkg']
[0.442s] Level 1:colcon.colcon_core.package_identification:_identify(src/ThirdParty/pmb2_navigation/pmb2_navigation) by extension 'colcon_pkg'
[0.442s] Level 1:colcon.colcon_core.package_identification:_identify(src/ThirdParty/pmb2_navigation/pmb2_navigation) by extensions ['colcon_meta']
[0.442s] Level 1:colcon.colcon_core.package_identification:_identify(src/ThirdParty/pmb2_navigation/pmb2_navigation) by extension 'colcon_meta'
[0.442s] Level 1:colcon.colcon_core.package_identification:_identify(src/ThirdParty/pmb2_navigation/pmb2_navigation) by extensions ['ros']
[0.442s] Level 1:colcon.colcon_core.package_identification:_identify(src/ThirdParty/pmb2_navigation/pmb2_navigation) by extension 'ros'
[0.443s] DEBUG:colcon.colcon_core.package_identification:Package 'src/ThirdParty/pmb2_navigation/pmb2_navigation' with type 'ros.ament_cmake' and name 'pmb2_navigation'
[0.443s] Level 1:colcon.colcon_core.package_identification:_identify(src/ThirdParty/pmb2_navigation/pmb2_rgbd_sensors) by extensions ['ignore', 'ignore_ament_install']
[0.443s] Level 1:colcon.colcon_core.package_identification:_identify(src/ThirdParty/pmb2_navigation/pmb2_rgbd_sensors) by extension 'ignore'
[0.443s] Level 1:colcon.colcon_core.package_identification:_identify(src/ThirdParty/pmb2_navigation/pmb2_rgbd_sensors) ignored
[0.443s] Level 1:colcon.colcon_core.package_identification:_identify(src/ThirdParty/pmb2_robot) by extensions ['ignore', 'ignore_ament_install']
[0.444s] Level 1:colcon.colcon_core.package_identification:_identify(src/ThirdParty/pmb2_robot) by extension 'ignore'
[0.444s] Level 1:colcon.colcon_core.package_identification:_identify(src/ThirdParty/pmb2_robot) by extension 'ignore_ament_install'
[0.444s] Level 1:colcon.colcon_core.package_identification:_identify(src/ThirdParty/pmb2_robot) by extensions ['colcon_pkg']
[0.445s] Level 1:colcon.colcon_core.package_identification:_identify(src/ThirdParty/pmb2_robot) by extension 'colcon_pkg'
[0.445s] Level 1:colcon.colcon_core.package_identification:_identify(src/ThirdParty/pmb2_robot) by extensions ['colcon_meta']
[0.445s] Level 1:colcon.colcon_core.package_identification:_identify(src/ThirdParty/pmb2_robot) by extension 'colcon_meta'
[0.445s] Level 1:colcon.colcon_core.package_identification:_identify(src/ThirdParty/pmb2_robot) by extensions ['ros']
[0.445s] Level 1:colcon.colcon_core.package_identification:_identify(src/ThirdParty/pmb2_robot) by extension 'ros'
[0.445s] Level 1:colcon.colcon_core.package_identification:_identify(src/ThirdParty/pmb2_robot) by extensions ['cmake', 'python']
[0.445s] Level 1:colcon.colcon_core.package_identification:_identify(src/ThirdParty/pmb2_robot) by extension 'cmake'
[0.445s] Level 1:colcon.colcon_core.package_identification:_identify(src/ThirdParty/pmb2_robot) by extension 'python'
[0.445s] Level 1:colcon.colcon_core.package_identification:_identify(src/ThirdParty/pmb2_robot) by extensions ['python_setup_py']
[0.446s] Level 1:colcon.colcon_core.package_identification:_identify(src/ThirdParty/pmb2_robot) by extension 'python_setup_py'
[0.446s] Level 1:colcon.colcon_core.package_identification:_identify(src/ThirdParty/pmb2_robot/pmb2_bringup) by extensions ['ignore', 'ignore_ament_install']
[0.446s] Level 1:colcon.colcon_core.package_identification:_identify(src/ThirdParty/pmb2_robot/pmb2_bringup) by extension 'ignore'
[0.446s] Level 1:colcon.colcon_core.package_identification:_identify(src/ThirdParty/pmb2_robot/pmb2_bringup) by extension 'ignore_ament_install'
[0.446s] Level 1:colcon.colcon_core.package_identification:_identify(src/ThirdParty/pmb2_robot/pmb2_bringup) by extensions ['colcon_pkg']
[0.446s] Level 1:colcon.colcon_core.package_identification:_identify(src/ThirdParty/pmb2_robot/pmb2_bringup) by extension 'colcon_pkg'
[0.446s] Level 1:colcon.colcon_core.package_identification:_identify(src/ThirdParty/pmb2_robot/pmb2_bringup) by extensions ['colcon_meta']
[0.446s] Level 1:colcon.colcon_core.package_identification:_identify(src/ThirdParty/pmb2_robot/pmb2_bringup) by extension 'colcon_meta'
[0.446s] Level 1:colcon.colcon_core.package_identification:_identify(src/ThirdParty/pmb2_robot/pmb2_bringup) by extensions ['ros']
[0.446s] Level 1:colcon.colcon_core.package_identification:_identify(src/ThirdParty/pmb2_robot/pmb2_bringup) by extension 'ros'
[0.448s] DEBUG:colcon.colcon_core.package_identification:Package 'src/ThirdParty/pmb2_robot/pmb2_bringup' with type 'ros.ament_cmake' and name 'pmb2_bringup'
[0.448s] Level 1:colcon.colcon_core.package_identification:_identify(src/ThirdParty/pmb2_robot/pmb2_controller_configuration) by extensions ['ignore', 'ignore_ament_install']
[0.449s] Level 1:colcon.colcon_core.package_identification:_identify(src/ThirdParty/pmb2_robot/pmb2_controller_configuration) by extension 'ignore'
[0.449s] Level 1:colcon.colcon_core.package_identification:_identify(src/ThirdParty/pmb2_robot/pmb2_controller_configuration) by extension 'ignore_ament_install'
[0.449s] Level 1:colcon.colcon_core.package_identification:_identify(src/ThirdParty/pmb2_robot/pmb2_controller_configuration) by extensions ['colcon_pkg']
[0.449s] Level 1:colcon.colcon_core.package_identification:_identify(src/ThirdParty/pmb2_robot/pmb2_controller_configuration) by extension 'colcon_pkg'
[0.449s] Level 1:colcon.colcon_core.package_identification:_identify(src/ThirdParty/pmb2_robot/pmb2_controller_configuration) by extensions ['colcon_meta']
[0.449s] Level 1:colcon.colcon_core.package_identification:_identify(src/ThirdParty/pmb2_robot/pmb2_controller_configuration) by extension 'colcon_meta'
[0.449s] Level 1:colcon.colcon_core.package_identification:_identify(src/ThirdParty/pmb2_robot/pmb2_controller_configuration) by extensions ['ros']
[0.449s] Level 1:colcon.colcon_core.package_identification:_identify(src/ThirdParty/pmb2_robot/pmb2_controller_configuration) by extension 'ros'
[0.450s] DEBUG:colcon.colcon_core.package_identification:Package 'src/ThirdParty/pmb2_robot/pmb2_controller_configuration' with type 'ros.ament_cmake' and name 'pmb2_controller_configuration'
[0.451s] Level 1:colcon.colcon_core.package_identification:_identify(src/ThirdParty/pmb2_robot/pmb2_description) by extensions ['ignore', 'ignore_ament_install']
[0.451s] Level 1:colcon.colcon_core.package_identification:_identify(src/ThirdParty/pmb2_robot/pmb2_description) by extension 'ignore'
[0.451s] Level 1:colcon.colcon_core.package_identification:_identify(src/ThirdParty/pmb2_robot/pmb2_description) by extension 'ignore_ament_install'
[0.451s] Level 1:colcon.colcon_core.package_identification:_identify(src/ThirdParty/pmb2_robot/pmb2_description) by extensions ['colcon_pkg']
[0.451s] Level 1:colcon.colcon_core.package_identification:_identify(src/ThirdParty/pmb2_robot/pmb2_description) by extension 'colcon_pkg'
[0.452s] Level 1:colcon.colcon_core.package_identification:_identify(src/ThirdParty/pmb2_robot/pmb2_description) by extensions ['colcon_meta']
[0.452s] Level 1:colcon.colcon_core.package_identification:_identify(src/ThirdParty/pmb2_robot/pmb2_description) by extension 'colcon_meta'
[0.452s] Level 1:colcon.colcon_core.package_identification:_identify(src/ThirdParty/pmb2_robot/pmb2_description) by extensions ['ros']
[0.452s] Level 1:colcon.colcon_core.package_identification:_identify(src/ThirdParty/pmb2_robot/pmb2_description) by extension 'ros'
[0.453s] DEBUG:colcon.colcon_core.package_identification:Package 'src/ThirdParty/pmb2_robot/pmb2_description' with type 'ros.ament_cmake' and name 'pmb2_description'
[0.453s] Level 1:colcon.colcon_core.package_identification:_identify(src/ThirdParty/pmb2_robot/pmb2_robot) by extensions ['ignore', 'ignore_ament_install']
[0.453s] Level 1:colcon.colcon_core.package_identification:_identify(src/ThirdParty/pmb2_robot/pmb2_robot) by extension 'ignore'
[0.453s] Level 1:colcon.colcon_core.package_identification:_identify(src/ThirdParty/pmb2_robot/pmb2_robot) by extension 'ignore_ament_install'
[0.453s] Level 1:colcon.colcon_core.package_identification:_identify(src/ThirdParty/pmb2_robot/pmb2_robot) by extensions ['colcon_pkg']
[0.453s] Level 1:colcon.colcon_core.package_identification:_identify(src/ThirdParty/pmb2_robot/pmb2_robot) by extension 'colcon_pkg'
[0.453s] Level 1:colcon.colcon_core.package_identification:_identify(src/ThirdParty/pmb2_robot/pmb2_robot) by extensions ['colcon_meta']
[0.453s] Level 1:colcon.colcon_core.package_identification:_identify(src/ThirdParty/pmb2_robot/pmb2_robot) by extension 'colcon_meta'
[0.454s] Level 1:colcon.colcon_core.package_identification:_identify(src/ThirdParty/pmb2_robot/pmb2_robot) by extensions ['ros']
[0.454s] Level 1:colcon.colcon_core.package_identification:_identify(src/ThirdParty/pmb2_robot/pmb2_robot) by extension 'ros'
[0.454s] DEBUG:colcon.colcon_core.package_identification:Package 'src/ThirdParty/pmb2_robot/pmb2_robot' with type 'ros.ament_cmake' and name 'pmb2_robot'
[0.455s] Level 1:colcon.colcon_core.package_identification:_identify(src/ThirdParty/ros2_control) by extensions ['ignore', 'ignore_ament_install']
[0.455s] Level 1:colcon.colcon_core.package_identification:_identify(src/ThirdParty/ros2_control) by extension 'ignore'
[0.455s] Level 1:colcon.colcon_core.package_identification:_identify(src/ThirdParty/ros2_control) by extension 'ignore_ament_install'
[0.456s] Level 1:colcon.colcon_core.package_identification:_identify(src/ThirdParty/ros2_control) by extensions ['colcon_pkg']
[0.456s] Level 1:colcon.colcon_core.package_identification:_identify(src/ThirdParty/ros2_control) by extension 'colcon_pkg'
[0.456s] Level 1:colcon.colcon_core.package_identification:_identify(src/ThirdParty/ros2_control) by extensions ['colcon_meta']
[0.456s] Level 1:colcon.colcon_core.package_identification:_identify(src/ThirdParty/ros2_control) by extension 'colcon_meta'
[0.456s] Level 1:colcon.colcon_core.package_identification:_identify(src/ThirdParty/ros2_control) by extensions ['ros']
[0.456s] Level 1:colcon.colcon_core.package_identification:_identify(src/ThirdParty/ros2_control) by extension 'ros'
[0.456s] Level 1:colcon.colcon_core.package_identification:_identify(src/ThirdParty/ros2_control) by extensions ['cmake', 'python']
[0.456s] Level 1:colcon.colcon_core.package_identification:_identify(src/ThirdParty/ros2_control) by extension 'cmake'
[0.457s] Level 1:colcon.colcon_core.package_identification:_identify(src/ThirdParty/ros2_control) by extension 'python'
[0.457s] Level 1:colcon.colcon_core.package_identification:_identify(src/ThirdParty/ros2_control) by extensions ['python_setup_py']
[0.457s] Level 1:colcon.colcon_core.package_identification:_identify(src/ThirdParty/ros2_control) by extension 'python_setup_py'
[0.457s] Level 1:colcon.colcon_core.package_identification:_identify(src/ThirdParty/ros2_control/controller_interface) by extensions ['ignore', 'ignore_ament_install']
[0.457s] Level 1:colcon.colcon_core.package_identification:_identify(src/ThirdParty/ros2_control/controller_interface) by extension 'ignore'
[0.458s] Level 1:colcon.colcon_core.package_identification:_identify(src/ThirdParty/ros2_control/controller_interface) by extension 'ignore_ament_install'
[0.458s] Level 1:colcon.colcon_core.package_identification:_identify(src/ThirdParty/ros2_control/controller_interface) by extensions ['colcon_pkg']
[0.458s] Level 1:colcon.colcon_core.package_identification:_identify(src/ThirdParty/ros2_control/controller_interface) by extension 'colcon_pkg'
[0.458s] Level 1:colcon.colcon_core.package_identification:_identify(src/ThirdParty/ros2_control/controller_interface) by extensions ['colcon_meta']
[0.458s] Level 1:colcon.colcon_core.package_identification:_identify(src/ThirdParty/ros2_control/controller_interface) by extension 'colcon_meta'
[0.458s] Level 1:colcon.colcon_core.package_identification:_identify(src/ThirdParty/ros2_control/controller_interface) by extensions ['ros']
[0.458s] Level 1:colcon.colcon_core.package_identification:_identify(src/ThirdParty/ros2_control/controller_interface) by extension 'ros'
[0.459s] DEBUG:colcon.colcon_core.package_identification:Package 'src/ThirdParty/ros2_control/controller_interface' with type 'ros.ament_cmake' and name 'controller_interface'
[0.460s] Level 1:colcon.colcon_core.package_identification:_identify(src/ThirdParty/ros2_control/controller_manager) by extensions ['ignore', 'ignore_ament_install']
[0.460s] Level 1:colcon.colcon_core.package_identification:_identify(src/ThirdParty/ros2_control/controller_manager) by extension 'ignore'
[0.460s] Level 1:colcon.colcon_core.package_identification:_identify(src/ThirdParty/ros2_control/controller_manager) by extension 'ignore_ament_install'
[0.461s] Level 1:colcon.colcon_core.package_identification:_identify(src/ThirdParty/ros2_control/controller_manager) by extensions ['colcon_pkg']
[0.461s] Level 1:colcon.colcon_core.package_identification:_identify(src/ThirdParty/ros2_control/controller_manager) by extension 'colcon_pkg'
[0.461s] Level 1:colcon.colcon_core.package_identification:_identify(src/ThirdParty/ros2_control/controller_manager) by extensions ['colcon_meta']
[0.461s] Level 1:colcon.colcon_core.package_identification:_identify(src/ThirdParty/ros2_control/controller_manager) by extension 'colcon_meta'
[0.461s] Level 1:colcon.colcon_core.package_identification:_identify(src/ThirdParty/ros2_control/controller_manager) by extensions ['ros']
[0.461s] Level 1:colcon.colcon_core.package_identification:_identify(src/ThirdParty/ros2_control/controller_manager) by extension 'ros'
[0.462s] DEBUG:colcon.colcon_core.package_identification:Package 'src/ThirdParty/ros2_control/controller_manager' with type 'ros.ament_cmake' and name 'controller_manager'
[0.463s] Level 1:colcon.colcon_core.package_identification:_identify(src/ThirdParty/ros2_control/controller_manager_msgs) by extensions ['ignore', 'ignore_ament_install']
[0.463s] Level 1:colcon.colcon_core.package_identification:_identify(src/ThirdParty/ros2_control/controller_manager_msgs) by extension 'ignore'
[0.463s] Level 1:colcon.colcon_core.package_identification:_identify(src/ThirdParty/ros2_control/controller_manager_msgs) by extension 'ignore_ament_install'
[0.464s] Level 1:colcon.colcon_core.package_identification:_identify(src/ThirdParty/ros2_control/controller_manager_msgs) by extensions ['colcon_pkg']
[0.464s] Level 1:colcon.colcon_core.package_identification:_identify(src/ThirdParty/ros2_control/controller_manager_msgs) by extension 'colcon_pkg'
[0.464s] Level 1:colcon.colcon_core.package_identification:_identify(src/ThirdParty/ros2_control/controller_manager_msgs) by extensions ['colcon_meta']
[0.464s] Level 1:colcon.colcon_core.package_identification:_identify(src/ThirdParty/ros2_control/controller_manager_msgs) by extension 'colcon_meta'
[0.464s] Level 1:colcon.colcon_core.package_identification:_identify(src/ThirdParty/ros2_control/controller_manager_msgs) by extensions ['ros']
[0.464s] Level 1:colcon.colcon_core.package_identification:_identify(src/ThirdParty/ros2_control/controller_manager_msgs) by extension 'ros'
[0.464s] DEBUG:colcon.colcon_core.package_identification:Package 'src/ThirdParty/ros2_control/controller_manager_msgs' with type 'ros.ament_cmake' and name 'controller_manager_msgs'
[0.465s] Level 1:colcon.colcon_core.package_identification:_identify(src/ThirdParty/ros2_control/hardware_interface) by extensions ['ignore', 'ignore_ament_install']
[0.465s] Level 1:colcon.colcon_core.package_identification:_identify(src/ThirdParty/ros2_control/hardware_interface) by extension 'ignore'
[0.465s] Level 1:colcon.colcon_core.package_identification:_identify(src/ThirdParty/ros2_control/hardware_interface) by extension 'ignore_ament_install'
[0.465s] Level 1:colcon.colcon_core.package_identification:_identify(src/ThirdParty/ros2_control/hardware_interface) by extensions ['colcon_pkg']
[0.465s] Level 1:colcon.colcon_core.package_identification:_identify(src/ThirdParty/ros2_control/hardware_interface) by extension 'colcon_pkg'
[0.465s] Level 1:colcon.colcon_core.package_identification:_identify(src/ThirdParty/ros2_control/hardware_interface) by extensions ['colcon_meta']
[0.465s] Level 1:colcon.colcon_core.package_identification:_identify(src/ThirdParty/ros2_control/hardware_interface) by extension 'colcon_meta'
[0.465s] Level 1:colcon.colcon_core.package_identification:_identify(src/ThirdParty/ros2_control/hardware_interface) by extensions ['ros']
[0.465s] Level 1:colcon.colcon_core.package_identification:_identify(src/ThirdParty/ros2_control/hardware_interface) by extension 'ros'
[0.466s] DEBUG:colcon.colcon_core.package_identification:Package 'src/ThirdParty/ros2_control/hardware_interface' with type 'ros.ament_cmake' and name 'hardware_interface'
[0.467s] Level 1:colcon.colcon_core.package_identification:_identify(src/ThirdParty/ros2_control/joint_limits_interface) by extensions ['ignore', 'ignore_ament_install']
[0.467s] Level 1:colcon.colcon_core.package_identification:_identify(src/ThirdParty/ros2_control/joint_limits_interface) by extension 'ignore'
[0.467s] Level 1:colcon.colcon_core.package_identification:_identify(src/ThirdParty/ros2_control/joint_limits_interface) ignored
[0.467s] Level 1:colcon.colcon_core.package_identification:_identify(src/ThirdParty/ros2_control/ros2_control) by extensions ['ignore', 'ignore_ament_install']
[0.468s] Level 1:colcon.colcon_core.package_identification:_identify(src/ThirdParty/ros2_control/ros2_control) by extension 'ignore'
[0.468s] Level 1:colcon.colcon_core.package_identification:_identify(src/ThirdParty/ros2_control/ros2_control) by extension 'ignore_ament_install'
[0.468s] Level 1:colcon.colcon_core.package_identification:_identify(src/ThirdParty/ros2_control/ros2_control) by extensions ['colcon_pkg']
[0.468s] Level 1:colcon.colcon_core.package_identification:_identify(src/ThirdParty/ros2_control/ros2_control) by extension 'colcon_pkg'
[0.468s] Level 1:colcon.colcon_core.package_identification:_identify(src/ThirdParty/ros2_control/ros2_control) by extensions ['colcon_meta']
[0.468s] Level 1:colcon.colcon_core.package_identification:_identify(src/ThirdParty/ros2_control/ros2_control) by extension 'colcon_meta'
[0.468s] Level 1:colcon.colcon_core.package_identification:_identify(src/ThirdParty/ros2_control/ros2_control) by extensions ['ros']
[0.468s] Level 1:colcon.colcon_core.package_identification:_identify(src/ThirdParty/ros2_control/ros2_control) by extension 'ros'
[0.469s] DEBUG:colcon.colcon_core.package_identification:Package 'src/ThirdParty/ros2_control/ros2_control' with type 'ros.ament_cmake' and name 'ros2_control'
[0.469s] Level 1:colcon.colcon_core.package_identification:_identify(src/ThirdParty/ros2_control/ros2_control_test_assets) by extensions ['ignore', 'ignore_ament_install']
[0.469s] Level 1:colcon.colcon_core.package_identification:_identify(src/ThirdParty/ros2_control/ros2_control_test_assets) by extension 'ignore'
[0.469s] Level 1:colcon.colcon_core.package_identification:_identify(src/ThirdParty/ros2_control/ros2_control_test_assets) by extension 'ignore_ament_install'
[0.469s] Level 1:colcon.colcon_core.package_identification:_identify(src/ThirdParty/ros2_control/ros2_control_test_assets) by extensions ['colcon_pkg']
[0.469s] Level 1:colcon.colcon_core.package_identification:_identify(src/ThirdParty/ros2_control/ros2_control_test_assets) by extension 'colcon_pkg'
[0.469s] Level 1:colcon.colcon_core.package_identification:_identify(src/ThirdParty/ros2_control/ros2_control_test_assets) by extensions ['colcon_meta']
[0.469s] Level 1:colcon.colcon_core.package_identification:_identify(src/ThirdParty/ros2_control/ros2_control_test_assets) by extension 'colcon_meta'
[0.469s] Level 1:colcon.colcon_core.package_identification:_identify(src/ThirdParty/ros2_control/ros2_control_test_assets) by extensions ['ros']
[0.469s] Level 1:colcon.colcon_core.package_identification:_identify(src/ThirdParty/ros2_control/ros2_control_test_assets) by extension 'ros'
[0.470s] DEBUG:colcon.colcon_core.package_identification:Package 'src/ThirdParty/ros2_control/ros2_control_test_assets' with type 'ros.ament_cmake' and name 'ros2_control_test_assets'
[0.470s] Level 1:colcon.colcon_core.package_identification:_identify(src/ThirdParty/ros2_control/ros2controlcli) by extensions ['ignore', 'ignore_ament_install']
[0.470s] Level 1:colcon.colcon_core.package_identification:_identify(src/ThirdParty/ros2_control/ros2controlcli) by extension 'ignore'
[0.471s] Level 1:colcon.colcon_core.package_identification:_identify(src/ThirdParty/ros2_control/ros2controlcli) by extension 'ignore_ament_install'
[0.471s] Level 1:colcon.colcon_core.package_identification:_identify(src/ThirdParty/ros2_control/ros2controlcli) by extensions ['colcon_pkg']
[0.471s] Level 1:colcon.colcon_core.package_identification:_identify(src/ThirdParty/ros2_control/ros2controlcli) by extension 'colcon_pkg'
[0.471s] Level 1:colcon.colcon_core.package_identification:_identify(src/ThirdParty/ros2_control/ros2controlcli) by extensions ['colcon_meta']
[0.471s] Level 1:colcon.colcon_core.package_identification:_identify(src/ThirdParty/ros2_control/ros2controlcli) by extension 'colcon_meta'
[0.471s] Level 1:colcon.colcon_core.package_identification:_identify(src/ThirdParty/ros2_control/ros2controlcli) by extensions ['ros']
[0.471s] Level 1:colcon.colcon_core.package_identification:_identify(src/ThirdParty/ros2_control/ros2controlcli) by extension 'ros'
[0.472s] DEBUG:colcon.colcon_core.package_identification:Package 'src/ThirdParty/ros2_control/ros2controlcli' with type 'ros.ament_python' and name 'ros2controlcli'
[0.472s] Level 1:colcon.colcon_core.package_identification:_identify(src/ThirdParty/ros2_control/transmission_interface) by extensions ['ignore', 'ignore_ament_install']
[0.473s] Level 1:colcon.colcon_core.package_identification:_identify(src/ThirdParty/ros2_control/transmission_interface) by extension 'ignore'
[0.473s] Level 1:colcon.colcon_core.package_identification:_identify(src/ThirdParty/ros2_control/transmission_interface) by extension 'ignore_ament_install'
[0.473s] Level 1:colcon.colcon_core.package_identification:_identify(src/ThirdParty/ros2_control/transmission_interface) by extensions ['colcon_pkg']
[0.473s] Level 1:colcon.colcon_core.package_identification:_identify(src/ThirdParty/ros2_control/transmission_interface) by extension 'colcon_pkg'
[0.473s] Level 1:colcon.colcon_core.package_identification:_identify(src/ThirdParty/ros2_control/transmission_interface) by extensions ['colcon_meta']
[0.473s] Level 1:colcon.colcon_core.package_identification:_identify(src/ThirdParty/ros2_control/transmission_interface) by extension 'colcon_meta'
[0.473s] Level 1:colcon.colcon_core.package_identification:_identify(src/ThirdParty/ros2_control/transmission_interface) by extensions ['ros']
[0.473s] Level 1:colcon.colcon_core.package_identification:_identify(src/ThirdParty/ros2_control/transmission_interface) by extension 'ros'
[0.474s] DEBUG:colcon.colcon_core.package_identification:Package 'src/ThirdParty/ros2_control/transmission_interface' with type 'ros.ament_cmake' and name 'transmission_interface'
[0.475s] Level 1:colcon.colcon_core.package_identification:_identify(src/ThirdParty/ros2_controllers) by extensions ['ignore', 'ignore_ament_install']
[0.475s] Level 1:colcon.colcon_core.package_identification:_identify(src/ThirdParty/ros2_controllers) by extension 'ignore'
[0.475s] Level 1:colcon.colcon_core.package_identification:_identify(src/ThirdParty/ros2_controllers) by extension 'ignore_ament_install'
[0.475s] Level 1:colcon.colcon_core.package_identification:_identify(src/ThirdParty/ros2_controllers) by extensions ['colcon_pkg']
[0.475s] Level 1:colcon.colcon_core.package_identification:_identify(src/ThirdParty/ros2_controllers) by extension 'colcon_pkg'
[0.475s] Level 1:colcon.colcon_core.package_identification:_identify(src/ThirdParty/ros2_controllers) by extensions ['colcon_meta']
[0.476s] Level 1:colcon.colcon_core.package_identification:_identify(src/ThirdParty/ros2_controllers) by extension 'colcon_meta'
[0.476s] Level 1:colcon.colcon_core.package_identification:_identify(src/ThirdParty/ros2_controllers) by extensions ['ros']
[0.476s] Level 1:colcon.colcon_core.package_identification:_identify(src/ThirdParty/ros2_controllers) by extension 'ros'
[0.476s] Level 1:colcon.colcon_core.package_identification:_identify(src/ThirdParty/ros2_controllers) by extensions ['cmake', 'python']
[0.476s] Level 1:colcon.colcon_core.package_identification:_identify(src/ThirdParty/ros2_controllers) by extension 'cmake'
[0.476s] Level 1:colcon.colcon_core.package_identification:_identify(src/ThirdParty/ros2_controllers) by extension 'python'
[0.476s] Level 1:colcon.colcon_core.package_identification:_identify(src/ThirdParty/ros2_controllers) by extensions ['python_setup_py']
[0.476s] Level 1:colcon.colcon_core.package_identification:_identify(src/ThirdParty/ros2_controllers) by extension 'python_setup_py'
[0.476s] Level 1:colcon.colcon_core.package_identification:_identify(src/ThirdParty/ros2_controllers/diff_drive_controller) by extensions ['ignore', 'ignore_ament_install']
[0.476s] Level 1:colcon.colcon_core.package_identification:_identify(src/ThirdParty/ros2_controllers/diff_drive_controller) by extension 'ignore'
[0.476s] Level 1:colcon.colcon_core.package_identification:_identify(src/ThirdParty/ros2_controllers/diff_drive_controller) by extension 'ignore_ament_install'
[0.476s] Level 1:colcon.colcon_core.package_identification:_identify(src/ThirdParty/ros2_controllers/diff_drive_controller) by extensions ['colcon_pkg']
[0.476s] Level 1:colcon.colcon_core.package_identification:_identify(src/ThirdParty/ros2_controllers/diff_drive_controller) by extension 'colcon_pkg'
[0.476s] Level 1:colcon.colcon_core.package_identification:_identify(src/ThirdParty/ros2_controllers/diff_drive_controller) by extensions ['colcon_meta']
[0.476s] Level 1:colcon.colcon_core.package_identification:_identify(src/ThirdParty/ros2_controllers/diff_drive_controller) by extension 'colcon_meta'
[0.477s] Level 1:colcon.colcon_core.package_identification:_identify(src/ThirdParty/ros2_controllers/diff_drive_controller) by extensions ['ros']
[0.477s] Level 1:colcon.colcon_core.package_identification:_identify(src/ThirdParty/ros2_controllers/diff_drive_controller) by extension 'ros'
[0.478s] DEBUG:colcon.colcon_core.package_identification:Package 'src/ThirdParty/ros2_controllers/diff_drive_controller' with type 'ros.ament_cmake' and name 'diff_drive_controller'
[0.478s] Level 1:colcon.colcon_core.package_identification:_identify(src/ThirdParty/ros2_controllers/doc) by extensions ['ignore', 'ignore_ament_install']
[0.478s] Level 1:colcon.colcon_core.package_identification:_identify(src/ThirdParty/ros2_controllers/doc) by extension 'ignore'
[0.478s] Level 1:colcon.colcon_core.package_identification:_identify(src/ThirdParty/ros2_controllers/doc) by extension 'ignore_ament_install'
[0.478s] Level 1:colcon.colcon_core.package_identification:_identify(src/ThirdParty/ros2_controllers/doc) by extensions ['colcon_pkg']
[0.479s] Level 1:colcon.colcon_core.package_identification:_identify(src/ThirdParty/ros2_controllers/doc) by extension 'colcon_pkg'
[0.479s] Level 1:colcon.colcon_core.package_identification:_identify(src/ThirdParty/ros2_controllers/doc) by extensions ['colcon_meta']
[0.479s] Level 1:colcon.colcon_core.package_identification:_identify(src/ThirdParty/ros2_controllers/doc) by extension 'colcon_meta'
[0.479s] Level 1:colcon.colcon_core.package_identification:_identify(src/ThirdParty/ros2_controllers/doc) by extensions ['ros']
[0.479s] Level 1:colcon.colcon_core.package_identification:_identify(src/ThirdParty/ros2_controllers/doc) by extension 'ros'
[0.479s] Level 1:colcon.colcon_core.package_identification:_identify(src/ThirdParty/ros2_controllers/doc) by extensions ['cmake', 'python']
[0.479s] Level 1:colcon.colcon_core.package_identification:_identify(src/ThirdParty/ros2_controllers/doc) by extension 'cmake'
[0.479s] Level 1:colcon.colcon_core.package_identification:_identify(src/ThirdParty/ros2_controllers/doc) by extension 'python'
[0.479s] Level 1:colcon.colcon_core.package_identification:_identify(src/ThirdParty/ros2_controllers/doc) by extensions ['python_setup_py']
[0.479s] Level 1:colcon.colcon_core.package_identification:_identify(src/ThirdParty/ros2_controllers/doc) by extension 'python_setup_py'
[0.479s] Level 1:colcon.colcon_core.package_identification:_identify(src/ThirdParty/ros2_controllers/effort_controllers) by extensions ['ignore', 'ignore_ament_install']
[0.479s] Level 1:colcon.colcon_core.package_identification:_identify(src/ThirdParty/ros2_controllers/effort_controllers) by extension 'ignore'
[0.480s] Level 1:colcon.colcon_core.package_identification:_identify(src/ThirdParty/ros2_controllers/effort_controllers) by extension 'ignore_ament_install'
[0.480s] Level 1:colcon.colcon_core.package_identification:_identify(src/ThirdParty/ros2_controllers/effort_controllers) by extensions ['colcon_pkg']
[0.480s] Level 1:colcon.colcon_core.package_identification:_identify(src/ThirdParty/ros2_controllers/effort_controllers) by extension 'colcon_pkg'
[0.480s] Level 1:colcon.colcon_core.package_identification:_identify(src/ThirdParty/ros2_controllers/effort_controllers) by extensions ['colcon_meta']
[0.480s] Level 1:colcon.colcon_core.package_identification:_identify(src/ThirdParty/ros2_controllers/effort_controllers) by extension 'colcon_meta'
[0.480s] Level 1:colcon.colcon_core.package_identification:_identify(src/ThirdParty/ros2_controllers/effort_controllers) by extensions ['ros']
[0.481s] Level 1:colcon.colcon_core.package_identification:_identify(src/ThirdParty/ros2_controllers/effort_controllers) by extension 'ros'
[0.481s] DEBUG:colcon.colcon_core.package_identification:Package 'src/ThirdParty/ros2_controllers/effort_controllers' with type 'ros.ament_cmake' and name 'effort_controllers'
[0.482s] Level 1:colcon.colcon_core.package_identification:_identify(src/ThirdParty/ros2_controllers/force_torque_sensor_broadcaster) by extensions ['ignore', 'ignore_ament_install']
[0.482s] Level 1:colcon.colcon_core.package_identification:_identify(src/ThirdParty/ros2_controllers/force_torque_sensor_broadcaster) by extension 'ignore'
[0.482s] Level 1:colcon.colcon_core.package_identification:_identify(src/ThirdParty/ros2_controllers/force_torque_sensor_broadcaster) by extension 'ignore_ament_install'
[0.482s] Level 1:colcon.colcon_core.package_identification:_identify(src/ThirdParty/ros2_controllers/force_torque_sensor_broadcaster) by extensions ['colcon_pkg']
[0.482s] Level 1:colcon.colcon_core.package_identification:_identify(src/ThirdParty/ros2_controllers/force_torque_sensor_broadcaster) by extension 'colcon_pkg'
[0.482s] Level 1:colcon.colcon_core.package_identification:_identify(src/ThirdParty/ros2_controllers/force_torque_sensor_broadcaster) by extensions ['colcon_meta']
[0.482s] Level 1:colcon.colcon_core.package_identification:_identify(src/ThirdParty/ros2_controllers/force_torque_sensor_broadcaster) by extension 'colcon_meta'
[0.482s] Level 1:colcon.colcon_core.package_identification:_identify(src/ThirdParty/ros2_controllers/force_torque_sensor_broadcaster) by extensions ['ros']
[0.483s] Level 1:colcon.colcon_core.package_identification:_identify(src/ThirdParty/ros2_controllers/force_torque_sensor_broadcaster) by extension 'ros'
[0.484s] DEBUG:colcon.colcon_core.package_identification:Package 'src/ThirdParty/ros2_controllers/force_torque_sensor_broadcaster' with type 'ros.ament_cmake' and name 'force_torque_sensor_broadcaster'
[0.484s] Level 1:colcon.colcon_core.package_identification:_identify(src/ThirdParty/ros2_controllers/forward_command_controller) by extensions ['ignore', 'ignore_ament_install']
[0.485s] Level 1:colcon.colcon_core.package_identification:_identify(src/ThirdParty/ros2_controllers/forward_command_controller) by extension 'ignore'
[0.485s] Level 1:colcon.colcon_core.package_identification:_identify(src/ThirdParty/ros2_controllers/forward_command_controller) by extension 'ignore_ament_install'
[0.485s] Level 1:colcon.colcon_core.package_identification:_identify(src/ThirdParty/ros2_controllers/forward_command_controller) by extensions ['colcon_pkg']
[0.485s] Level 1:colcon.colcon_core.package_identification:_identify(src/ThirdParty/ros2_controllers/forward_command_controller) by extension 'colcon_pkg'
[0.485s] Level 1:colcon.colcon_core.package_identification:_identify(src/ThirdParty/ros2_controllers/forward_command_controller) by extensions ['colcon_meta']
[0.485s] Level 1:colcon.colcon_core.package_identification:_identify(src/ThirdParty/ros2_controllers/forward_command_controller) by extension 'colcon_meta'
[0.485s] Level 1:colcon.colcon_core.package_identification:_identify(src/ThirdParty/ros2_controllers/forward_command_controller) by extensions ['ros']
[0.485s] Level 1:colcon.colcon_core.package_identification:_identify(src/ThirdParty/ros2_controllers/forward_command_controller) by extension 'ros'
[0.486s] DEBUG:colcon.colcon_core.package_identification:Package 'src/ThirdParty/ros2_controllers/forward_command_controller' with type 'ros.ament_cmake' and name 'forward_command_controller'
[0.487s] Level 1:colcon.colcon_core.package_identification:_identify(src/ThirdParty/ros2_controllers/gripper_controllers) by extensions ['ignore', 'ignore_ament_install']
[0.488s] Level 1:colcon.colcon_core.package_identification:_identify(src/ThirdParty/ros2_controllers/gripper_controllers) by extension 'ignore'
[0.488s] Level 1:colcon.colcon_core.package_identification:_identify(src/ThirdParty/ros2_controllers/gripper_controllers) by extension 'ignore_ament_install'
[0.488s] Level 1:colcon.colcon_core.package_identification:_identify(src/ThirdParty/ros2_controllers/gripper_controllers) by extensions ['colcon_pkg']
[0.488s] Level 1:colcon.colcon_core.package_identification:_identify(src/ThirdParty/ros2_controllers/gripper_controllers) by extension 'colcon_pkg'
[0.488s] Level 1:colcon.colcon_core.package_identification:_identify(src/ThirdParty/ros2_controllers/gripper_controllers) by extensions ['colcon_meta']
[0.488s] Level 1:colcon.colcon_core.package_identification:_identify(src/ThirdParty/ros2_controllers/gripper_controllers) by extension 'colcon_meta'
[0.488s] Level 1:colcon.colcon_core.package_identification:_identify(src/ThirdParty/ros2_controllers/gripper_controllers) by extensions ['ros']
[0.488s] Level 1:colcon.colcon_core.package_identification:_identify(src/ThirdParty/ros2_controllers/gripper_controllers) by extension 'ros'
[0.490s] DEBUG:colcon.colcon_core.package_identification:Package 'src/ThirdParty/ros2_controllers/gripper_controllers' with type 'ros.ament_cmake' and name 'gripper_controllers'
[0.491s] Level 1:colcon.colcon_core.package_identification:_identify(src/ThirdParty/ros2_controllers/imu_sensor_broadcaster) by extensions ['ignore', 'ignore_ament_install']
[0.491s] Level 1:colcon.colcon_core.package_identification:_identify(src/ThirdParty/ros2_controllers/imu_sensor_broadcaster) by extension 'ignore'
[0.491s] Level 1:colcon.colcon_core.package_identification:_identify(src/ThirdParty/ros2_controllers/imu_sensor_broadcaster) by extension 'ignore_ament_install'
[0.491s] Level 1:colcon.colcon_core.package_identification:_identify(src/ThirdParty/ros2_controllers/imu_sensor_broadcaster) by extensions ['colcon_pkg']
[0.491s] Level 1:colcon.colcon_core.package_identification:_identify(src/ThirdParty/ros2_controllers/imu_sensor_broadcaster) by extension 'colcon_pkg'
[0.491s] Level 1:colcon.colcon_core.package_identification:_identify(src/ThirdParty/ros2_controllers/imu_sensor_broadcaster) by extensions ['colcon_meta']
[0.491s] Level 1:colcon.colcon_core.package_identification:_identify(src/ThirdParty/ros2_controllers/imu_sensor_broadcaster) by extension 'colcon_meta'
[0.491s] Level 1:colcon.colcon_core.package_identification:_identify(src/ThirdParty/ros2_controllers/imu_sensor_broadcaster) by extensions ['ros']
[0.491s] Level 1:colcon.colcon_core.package_identification:_identify(src/ThirdParty/ros2_controllers/imu_sensor_broadcaster) by extension 'ros'
[0.492s] DEBUG:colcon.colcon_core.package_identification:Package 'src/ThirdParty/ros2_controllers/imu_sensor_broadcaster' with type 'ros.ament_cmake' and name 'imu_sensor_broadcaster'
[0.493s] Level 1:colcon.colcon_core.package_identification:_identify(src/ThirdParty/ros2_controllers/joint_state_broadcaster) by extensions ['ignore', 'ignore_ament_install']
[0.493s] Level 1:colcon.colcon_core.package_identification:_identify(src/ThirdParty/ros2_controllers/joint_state_broadcaster) by extension 'ignore'
[0.493s] Level 1:colcon.colcon_core.package_identification:_identify(src/ThirdParty/ros2_controllers/joint_state_broadcaster) by extension 'ignore_ament_install'
[0.494s] Level 1:colcon.colcon_core.package_identification:_identify(src/ThirdParty/ros2_controllers/joint_state_broadcaster) by extensions ['colcon_pkg']
[0.494s] Level 1:colcon.colcon_core.package_identification:_identify(src/ThirdParty/ros2_controllers/joint_state_broadcaster) by extension 'colcon_pkg'
[0.494s] Level 1:colcon.colcon_core.package_identification:_identify(src/ThirdParty/ros2_controllers/joint_state_broadcaster) by extensions ['colcon_meta']
[0.494s] Level 1:colcon.colcon_core.package_identification:_identify(src/ThirdParty/ros2_controllers/joint_state_broadcaster) by extension 'colcon_meta'
[0.494s] Level 1:colcon.colcon_core.package_identification:_identify(src/ThirdParty/ros2_controllers/joint_state_broadcaster) by extensions ['ros']
[0.494s] Level 1:colcon.colcon_core.package_identification:_identify(src/ThirdParty/ros2_controllers/joint_state_broadcaster) by extension 'ros'
[0.496s] DEBUG:colcon.colcon_core.package_identification:Package 'src/ThirdParty/ros2_controllers/joint_state_broadcaster' with type 'ros.ament_cmake' and name 'joint_state_broadcaster'
[0.496s] Level 1:colcon.colcon_core.package_identification:_identify(src/ThirdParty/ros2_controllers/joint_state_controller) by extensions ['ignore', 'ignore_ament_install']
[0.496s] Level 1:colcon.colcon_core.package_identification:_identify(src/ThirdParty/ros2_controllers/joint_state_controller) by extension 'ignore'
[0.497s] Level 1:colcon.colcon_core.package_identification:_identify(src/ThirdParty/ros2_controllers/joint_state_controller) by extension 'ignore_ament_install'
[0.497s] Level 1:colcon.colcon_core.package_identification:_identify(src/ThirdParty/ros2_controllers/joint_state_controller) by extensions ['colcon_pkg']
[0.497s] Level 1:colcon.colcon_core.package_identification:_identify(src/ThirdParty/ros2_controllers/joint_state_controller) by extension 'colcon_pkg'
[0.497s] Level 1:colcon.colcon_core.package_identification:_identify(src/ThirdParty/ros2_controllers/joint_state_controller) by extensions ['colcon_meta']
[0.497s] Level 1:colcon.colcon_core.package_identification:_identify(src/ThirdParty/ros2_controllers/joint_state_controller) by extension 'colcon_meta'
[0.497s] Level 1:colcon.colcon_core.package_identification:_identify(src/ThirdParty/ros2_controllers/joint_state_controller) by extensions ['ros']
[0.497s] Level 1:colcon.colcon_core.package_identification:_identify(src/ThirdParty/ros2_controllers/joint_state_controller) by extension 'ros'
[0.498s] DEBUG:colcon.colcon_core.package_identification:Package 'src/ThirdParty/ros2_controllers/joint_state_controller' with type 'ros.ament_cmake' and name 'joint_state_controller'
[0.499s] Level 1:colcon.colcon_core.package_identification:_identify(src/ThirdParty/ros2_controllers/joint_trajectory_controller) by extensions ['ignore', 'ignore_ament_install']
[0.499s] Level 1:colcon.colcon_core.package_identification:_identify(src/ThirdParty/ros2_controllers/joint_trajectory_controller) by extension 'ignore'
[0.499s] Level 1:colcon.colcon_core.package_identification:_identify(src/ThirdParty/ros2_controllers/joint_trajectory_controller) by extension 'ignore_ament_install'
[0.500s] Level 1:colcon.colcon_core.package_identification:_identify(src/ThirdParty/ros2_controllers/joint_trajectory_controller) by extensions ['colcon_pkg']
[0.500s] Level 1:colcon.colcon_core.package_identification:_identify(src/ThirdParty/ros2_controllers/joint_trajectory_controller) by extension 'colcon_pkg'
[0.500s] Level 1:colcon.colcon_core.package_identification:_identify(src/ThirdParty/ros2_controllers/joint_trajectory_controller) by extensions ['colcon_meta']
[0.500s] Level 1:colcon.colcon_core.package_identification:_identify(src/ThirdParty/ros2_controllers/joint_trajectory_controller) by extension 'colcon_meta'
[0.500s] Level 1:colcon.colcon_core.package_identification:_identify(src/ThirdParty/ros2_controllers/joint_trajectory_controller) by extensions ['ros']
[0.500s] Level 1:colcon.colcon_core.package_identification:_identify(src/ThirdParty/ros2_controllers/joint_trajectory_controller) by extension 'ros'
[0.512s] DEBUG:colcon.colcon_core.package_identification:Package 'src/ThirdParty/ros2_controllers/joint_trajectory_controller' with type 'ros.ament_cmake' and name 'joint_trajectory_controller'
[0.512s] Level 1:colcon.colcon_core.package_identification:_identify(src/ThirdParty/ros2_controllers/position_controllers) by extensions ['ignore', 'ignore_ament_install']
[0.513s] Level 1:colcon.colcon_core.package_identification:_identify(src/ThirdParty/ros2_controllers/position_controllers) by extension 'ignore'
[0.513s] Level 1:colcon.colcon_core.package_identification:_identify(src/ThirdParty/ros2_controllers/position_controllers) by extension 'ignore_ament_install'
[0.513s] Level 1:colcon.colcon_core.package_identification:_identify(src/ThirdParty/ros2_controllers/position_controllers) by extensions ['colcon_pkg']
[0.513s] Level 1:colcon.colcon_core.package_identification:_identify(src/ThirdParty/ros2_controllers/position_controllers) by extension 'colcon_pkg'
[0.513s] Level 1:colcon.colcon_core.package_identification:_identify(src/ThirdParty/ros2_controllers/position_controllers) by extensions ['colcon_meta']
[0.513s] Level 1:colcon.colcon_core.package_identification:_identify(src/ThirdParty/ros2_controllers/position_controllers) by extension 'colcon_meta'
[0.513s] Level 1:colcon.colcon_core.package_identification:_identify(src/ThirdParty/ros2_controllers/position_controllers) by extensions ['ros']
[0.513s] Level 1:colcon.colcon_core.package_identification:_identify(src/ThirdParty/ros2_controllers/position_controllers) by extension 'ros'
[0.514s] DEBUG:colcon.colcon_core.package_identification:Package 'src/ThirdParty/ros2_controllers/position_controllers' with type 'ros.ament_cmake' and name 'position_controllers'
[0.514s] Level 1:colcon.colcon_core.package_identification:_identify(src/ThirdParty/ros2_controllers/ros2_controllers) by extensions ['ignore', 'ignore_ament_install']
[0.515s] Level 1:colcon.colcon_core.package_identification:_identify(src/ThirdParty/ros2_controllers/ros2_controllers) by extension 'ignore'
[0.515s] Level 1:colcon.colcon_core.package_identification:_identify(src/ThirdParty/ros2_controllers/ros2_controllers) by extension 'ignore_ament_install'
[0.515s] Level 1:colcon.colcon_core.package_identification:_identify(src/ThirdParty/ros2_controllers/ros2_controllers) by extensions ['colcon_pkg']
[0.515s] Level 1:colcon.colcon_core.package_identification:_identify(src/ThirdParty/ros2_controllers/ros2_controllers) by extension 'colcon_pkg'
[0.515s] Level 1:colcon.colcon_core.package_identification:_identify(src/ThirdParty/ros2_controllers/ros2_controllers) by extensions ['colcon_meta']
[0.515s] Level 1:colcon.colcon_core.package_identification:_identify(src/ThirdParty/ros2_controllers/ros2_controllers) by extension 'colcon_meta'
[0.515s] Level 1:colcon.colcon_core.package_identification:_identify(src/ThirdParty/ros2_controllers/ros2_controllers) by extensions ['ros']
[0.515s] Level 1:colcon.colcon_core.package_identification:_identify(src/ThirdParty/ros2_controllers/ros2_controllers) by extension 'ros'
[0.517s] DEBUG:colcon.colcon_core.package_identification:Package 'src/ThirdParty/ros2_controllers/ros2_controllers' with type 'ros.ament_cmake' and name 'ros2_controllers'
[0.517s] Level 1:colcon.colcon_core.package_identification:_identify(src/ThirdParty/ros2_controllers/velocity_controllers) by extensions ['ignore', 'ignore_ament_install']
[0.517s] Level 1:colcon.colcon_core.package_identification:_identify(src/ThirdParty/ros2_controllers/velocity_controllers) by extension 'ignore'
[0.517s] Level 1:colcon.colcon_core.package_identification:_identify(src/ThirdParty/ros2_controllers/velocity_controllers) by extension 'ignore_ament_install'
[0.517s] Level 1:colcon.colcon_core.package_identification:_identify(src/ThirdParty/ros2_controllers/velocity_controllers) by extensions ['colcon_pkg']
[0.517s] Level 1:colcon.colcon_core.package_identification:_identify(src/ThirdParty/ros2_controllers/velocity_controllers) by extension 'colcon_pkg'
[0.517s] Level 1:colcon.colcon_core.package_identification:_identify(src/ThirdParty/ros2_controllers/velocity_controllers) by extensions ['colcon_meta']
[0.517s] Level 1:colcon.colcon_core.package_identification:_identify(src/ThirdParty/ros2_controllers/velocity_controllers) by extension 'colcon_meta'
[0.517s] Level 1:colcon.colcon_core.package_identification:_identify(src/ThirdParty/ros2_controllers/velocity_controllers) by extensions ['ros']
[0.517s] Level 1:colcon.colcon_core.package_identification:_identify(src/ThirdParty/ros2_controllers/velocity_controllers) by extension 'ros'
[0.518s] DEBUG:colcon.colcon_core.package_identification:Package 'src/ThirdParty/ros2_controllers/velocity_controllers' with type 'ros.ament_cmake' and name 'velocity_controllers'
[0.519s] Level 1:colcon.colcon_core.package_identification:_identify(src/ThirdParty/tiago_description_calibration) by extensions ['ignore', 'ignore_ament_install']
[0.519s] Level 1:colcon.colcon_core.package_identification:_identify(src/ThirdParty/tiago_description_calibration) by extension 'ignore'
[0.519s] Level 1:colcon.colcon_core.package_identification:_identify(src/ThirdParty/tiago_description_calibration) by extension 'ignore_ament_install'
[0.519s] Level 1:colcon.colcon_core.package_identification:_identify(src/ThirdParty/tiago_description_calibration) by extensions ['colcon_pkg']
[0.519s] Level 1:colcon.colcon_core.package_identification:_identify(src/ThirdParty/tiago_description_calibration) by extension 'colcon_pkg'
[0.519s] Level 1:colcon.colcon_core.package_identification:_identify(src/ThirdParty/tiago_description_calibration) by extensions ['colcon_meta']
[0.519s] Level 1:colcon.colcon_core.package_identification:_identify(src/ThirdParty/tiago_description_calibration) by extension 'colcon_meta'
[0.519s] Level 1:colcon.colcon_core.package_identification:_identify(src/ThirdParty/tiago_description_calibration) by extensions ['ros']
[0.519s] Level 1:colcon.colcon_core.package_identification:_identify(src/ThirdParty/tiago_description_calibration) by extension 'ros'
[0.520s] DEBUG:colcon.colcon_core.package_identification:Package 'src/ThirdParty/tiago_description_calibration' with type 'ros.ament_cmake' and name 'tiago_description_calibration'
[0.520s] Level 1:colcon.colcon_core.package_identification:_identify(src/ThirdParty/tiago_robot) by extensions ['ignore', 'ignore_ament_install']
[0.521s] Level 1:colcon.colcon_core.package_identification:_identify(src/ThirdParty/tiago_robot) by extension 'ignore'
[0.521s] Level 1:colcon.colcon_core.package_identification:_identify(src/ThirdParty/tiago_robot) by extension 'ignore_ament_install'
[0.521s] Level 1:colcon.colcon_core.package_identification:_identify(src/ThirdParty/tiago_robot) by extensions ['colcon_pkg']
[0.521s] Level 1:colcon.colcon_core.package_identification:_identify(src/ThirdParty/tiago_robot) by extension 'colcon_pkg'
[0.521s] Level 1:colcon.colcon_core.package_identification:_identify(src/ThirdParty/tiago_robot) by extensions ['colcon_meta']
[0.521s] Level 1:colcon.colcon_core.package_identification:_identify(src/ThirdParty/tiago_robot) by extension 'colcon_meta'
[0.521s] Level 1:colcon.colcon_core.package_identification:_identify(src/ThirdParty/tiago_robot) by extensions ['ros']
[0.521s] Level 1:colcon.colcon_core.package_identification:_identify(src/ThirdParty/tiago_robot) by extension 'ros'
[0.521s] Level 1:colcon.colcon_core.package_identification:_identify(src/ThirdParty/tiago_robot) by extensions ['cmake', 'python']
[0.521s] Level 1:colcon.colcon_core.package_identification:_identify(src/ThirdParty/tiago_robot) by extension 'cmake'
[0.521s] Level 1:colcon.colcon_core.package_identification:_identify(src/ThirdParty/tiago_robot) by extension 'python'
[0.521s] Level 1:colcon.colcon_core.package_identification:_identify(src/ThirdParty/tiago_robot) by extensions ['python_setup_py']
[0.521s] Level 1:colcon.colcon_core.package_identification:_identify(src/ThirdParty/tiago_robot) by extension 'python_setup_py'
[0.521s] Level 1:colcon.colcon_core.package_identification:_identify(src/ThirdParty/tiago_robot/tiago_bringup) by extensions ['ignore', 'ignore_ament_install']
[0.521s] Level 1:colcon.colcon_core.package_identification:_identify(src/ThirdParty/tiago_robot/tiago_bringup) by extension 'ignore'
[0.522s] Level 1:colcon.colcon_core.package_identification:_identify(src/ThirdParty/tiago_robot/tiago_bringup) by extension 'ignore_ament_install'
[0.522s] Level 1:colcon.colcon_core.package_identification:_identify(src/ThirdParty/tiago_robot/tiago_bringup) by extensions ['colcon_pkg']
[0.522s] Level 1:colcon.colcon_core.package_identification:_identify(src/ThirdParty/tiago_robot/tiago_bringup) by extension 'colcon_pkg'
[0.522s] Level 1:colcon.colcon_core.package_identification:_identify(src/ThirdParty/tiago_robot/tiago_bringup) by extensions ['colcon_meta']
[0.522s] Level 1:colcon.colcon_core.package_identification:_identify(src/ThirdParty/tiago_robot/tiago_bringup) by extension 'colcon_meta'
[0.522s] Level 1:colcon.colcon_core.package_identification:_identify(src/ThirdParty/tiago_robot/tiago_bringup) by extensions ['ros']
[0.522s] Level 1:colcon.colcon_core.package_identification:_identify(src/ThirdParty/tiago_robot/tiago_bringup) by extension 'ros'
[0.523s] DEBUG:colcon.colcon_core.package_identification:Package 'src/ThirdParty/tiago_robot/tiago_bringup' with type 'ros.ament_cmake' and name 'tiago_bringup'
[0.523s] Level 1:colcon.colcon_core.package_identification:_identify(src/ThirdParty/tiago_robot/tiago_controller_configuration) by extensions ['ignore', 'ignore_ament_install']
[0.524s] Level 1:colcon.colcon_core.package_identification:_identify(src/ThirdParty/tiago_robot/tiago_controller_configuration) by extension 'ignore'
[0.524s] Level 1:colcon.colcon_core.package_identification:_identify(src/ThirdParty/tiago_robot/tiago_controller_configuration) by extension 'ignore_ament_install'
[0.524s] Level 1:colcon.colcon_core.package_identification:_identify(src/ThirdParty/tiago_robot/tiago_controller_configuration) by extensions ['colcon_pkg']
[0.524s] Level 1:colcon.colcon_core.package_identification:_identify(src/ThirdParty/tiago_robot/tiago_controller_configuration) by extension 'colcon_pkg'
[0.524s] Level 1:colcon.colcon_core.package_identification:_identify(src/ThirdParty/tiago_robot/tiago_controller_configuration) by extensions ['colcon_meta']
[0.524s] Level 1:colcon.colcon_core.package_identification:_identify(src/ThirdParty/tiago_robot/tiago_controller_configuration) by extension 'colcon_meta'
[0.524s] Level 1:colcon.colcon_core.package_identification:_identify(src/ThirdParty/tiago_robot/tiago_controller_configuration) by extensions ['ros']
[0.524s] Level 1:colcon.colcon_core.package_identification:_identify(src/ThirdParty/tiago_robot/tiago_controller_configuration) by extension 'ros'
[0.525s] DEBUG:colcon.colcon_core.package_identification:Package 'src/ThirdParty/tiago_robot/tiago_controller_configuration' with type 'ros.ament_cmake' and name 'tiago_controller_configuration'
[0.525s] Level 1:colcon.colcon_core.package_identification:_identify(src/ThirdParty/tiago_robot/tiago_description) by extensions ['ignore', 'ignore_ament_install']
[0.525s] Level 1:colcon.colcon_core.package_identification:_identify(src/ThirdParty/tiago_robot/tiago_description) by extension 'ignore'
[0.525s] Level 1:colcon.colcon_core.package_identification:_identify(src/ThirdParty/tiago_robot/tiago_description) by extension 'ignore_ament_install'
[0.525s] Level 1:colcon.colcon_core.package_identification:_identify(src/ThirdParty/tiago_robot/tiago_description) by extensions ['colcon_pkg']
[0.525s] Level 1:colcon.colcon_core.package_identification:_identify(src/ThirdParty/tiago_robot/tiago_description) by extension 'colcon_pkg'
[0.525s] Level 1:colcon.colcon_core.package_identification:_identify(src/ThirdParty/tiago_robot/tiago_description) by extensions ['colcon_meta']
[0.525s] Level 1:colcon.colcon_core.package_identification:_identify(src/ThirdParty/tiago_robot/tiago_description) by extension 'colcon_meta'
[0.525s] Level 1:colcon.colcon_core.package_identification:_identify(src/ThirdParty/tiago_robot/tiago_description) by extensions ['ros']
[0.526s] Level 1:colcon.colcon_core.package_identification:_identify(src/ThirdParty/tiago_robot/tiago_description) by extension 'ros'
[0.526s] DEBUG:colcon.colcon_core.package_identification:Package 'src/ThirdParty/tiago_robot/tiago_description' with type 'ros.ament_cmake' and name 'tiago_description'
[0.526s] Level 1:colcon.colcon_core.package_identification:_identify(src/ThirdParty/tiago_robot/tiago_robot) by extensions ['ignore', 'ignore_ament_install']
[0.526s] Level 1:colcon.colcon_core.package_identification:_identify(src/ThirdParty/tiago_robot/tiago_robot) by extension 'ignore'
[0.527s] Level 1:colcon.colcon_core.package_identification:_identify(src/ThirdParty/tiago_robot/tiago_robot) by extension 'ignore_ament_install'
[0.527s] Level 1:colcon.colcon_core.package_identification:_identify(src/ThirdParty/tiago_robot/tiago_robot) by extensions ['colcon_pkg']
[0.527s] Level 1:colcon.colcon_core.package_identification:_identify(src/ThirdParty/tiago_robot/tiago_robot) by extension 'colcon_pkg'
[0.527s] Level 1:colcon.colcon_core.package_identification:_identify(src/ThirdParty/tiago_robot/tiago_robot) by extensions ['colcon_meta']
[0.527s] Level 1:colcon.colcon_core.package_identification:_identify(src/ThirdParty/tiago_robot/tiago_robot) by extension 'colcon_meta'
[0.527s] Level 1:colcon.colcon_core.package_identification:_identify(src/ThirdParty/tiago_robot/tiago_robot) by extensions ['ros']
[0.527s] Level 1:colcon.colcon_core.package_identification:_identify(src/ThirdParty/tiago_robot/tiago_robot) by extension 'ros'
[0.528s] DEBUG:colcon.colcon_core.package_identification:Package 'src/ThirdParty/tiago_robot/tiago_robot' with type 'ros.ament_cmake' and name 'tiago_robot'
[0.529s] Level 1:colcon.colcon_core.package_identification:_identify(src/ThirdParty/tiago_simulation) by extensions ['ignore', 'ignore_ament_install']
[0.529s] Level 1:colcon.colcon_core.package_identification:_identify(src/ThirdParty/tiago_simulation) by extension 'ignore'
[0.529s] Level 1:colcon.colcon_core.package_identification:_identify(src/ThirdParty/tiago_simulation) by extension 'ignore_ament_install'
[0.529s] Level 1:colcon.colcon_core.package_identification:_identify(src/ThirdParty/tiago_simulation) by extensions ['colcon_pkg']
[0.529s] Level 1:colcon.colcon_core.package_identification:_identify(src/ThirdParty/tiago_simulation) by extension 'colcon_pkg'
[0.529s] Level 1:colcon.colcon_core.package_identification:_identify(src/ThirdParty/tiago_simulation) by extensions ['colcon_meta']
[0.529s] Level 1:colcon.colcon_core.package_identification:_identify(src/ThirdParty/tiago_simulation) by extension 'colcon_meta'
[0.529s] Level 1:colcon.colcon_core.package_identification:_identify(src/ThirdParty/tiago_simulation) by extensions ['ros']
[0.529s] Level 1:colcon.colcon_core.package_identification:_identify(src/ThirdParty/tiago_simulation) by extension 'ros'
[0.529s] Level 1:colcon.colcon_core.package_identification:_identify(src/ThirdParty/tiago_simulation) by extensions ['cmake', 'python']
[0.529s] Level 1:colcon.colcon_core.package_identification:_identify(src/ThirdParty/tiago_simulation) by extension 'cmake'
[0.529s] Level 1:colcon.colcon_core.package_identification:_identify(src/ThirdParty/tiago_simulation) by extension 'python'
[0.529s] Level 1:colcon.colcon_core.package_identification:_identify(src/ThirdParty/tiago_simulation) by extensions ['python_setup_py']
[0.529s] Level 1:colcon.colcon_core.package_identification:_identify(src/ThirdParty/tiago_simulation) by extension 'python_setup_py'
[0.530s] Level 1:colcon.colcon_core.package_identification:_identify(src/ThirdParty/tiago_simulation/tiago_2dnav_gazebo) by extensions ['ignore', 'ignore_ament_install']
[0.530s] Level 1:colcon.colcon_core.package_identification:_identify(src/ThirdParty/tiago_simulation/tiago_2dnav_gazebo) by extension 'ignore'
[0.530s] Level 1:colcon.colcon_core.package_identification:_identify(src/ThirdParty/tiago_simulation/tiago_2dnav_gazebo) by extension 'ignore_ament_install'
[0.530s] Level 1:colcon.colcon_core.package_identification:_identify(src/ThirdParty/tiago_simulation/tiago_2dnav_gazebo) by extensions ['colcon_pkg']
[0.530s] Level 1:colcon.colcon_core.package_identification:_identify(src/ThirdParty/tiago_simulation/tiago_2dnav_gazebo) by extension 'colcon_pkg'
[0.530s] Level 1:colcon.colcon_core.package_identification:_identify(src/ThirdParty/tiago_simulation/tiago_2dnav_gazebo) by extensions ['colcon_meta']
[0.530s] Level 1:colcon.colcon_core.package_identification:_identify(src/ThirdParty/tiago_simulation/tiago_2dnav_gazebo) by extension 'colcon_meta'
[0.530s] Level 1:colcon.colcon_core.package_identification:_identify(src/ThirdParty/tiago_simulation/tiago_2dnav_gazebo) by extensions ['ros']
[0.530s] Level 1:colcon.colcon_core.package_identification:_identify(src/ThirdParty/tiago_simulation/tiago_2dnav_gazebo) by extension 'ros'
[0.531s] DEBUG:colcon.colcon_core.package_identification:Package 'src/ThirdParty/tiago_simulation/tiago_2dnav_gazebo' with type 'ros.ament_cmake' and name 'tiago_2dnav_gazebo'
[0.531s] Level 1:colcon.colcon_core.package_identification:_identify(src/ThirdParty/tiago_simulation/tiago_controller_configuration_gazebo) by extensions ['ignore', 'ignore_ament_install']
[0.532s] Level 1:colcon.colcon_core.package_identification:_identify(src/ThirdParty/tiago_simulation/tiago_controller_configuration_gazebo) by extension 'ignore'
[0.532s] Level 1:colcon.colcon_core.package_identification:_identify(src/ThirdParty/tiago_simulation/tiago_controller_configuration_gazebo) ignored
[0.532s] Level 1:colcon.colcon_core.package_identification:_identify(src/ThirdParty/tiago_simulation/tiago_gazebo) by extensions ['ignore', 'ignore_ament_install']
[0.532s] Level 1:colcon.colcon_core.package_identification:_identify(src/ThirdParty/tiago_simulation/tiago_gazebo) by extension 'ignore'
[0.533s] Level 1:colcon.colcon_core.package_identification:_identify(src/ThirdParty/tiago_simulation/tiago_gazebo) by extension 'ignore_ament_install'
[0.533s] Level 1:colcon.colcon_core.package_identification:_identify(src/ThirdParty/tiago_simulation/tiago_gazebo) by extensions ['colcon_pkg']
[0.533s] Level 1:colcon.colcon_core.package_identification:_identify(src/ThirdParty/tiago_simulation/tiago_gazebo) by extension 'colcon_pkg'
[0.533s] Level 1:colcon.colcon_core.package_identification:_identify(src/ThirdParty/tiago_simulation/tiago_gazebo) by extensions ['colcon_meta']
[0.533s] Level 1:colcon.colcon_core.package_identification:_identify(src/ThirdParty/tiago_simulation/tiago_gazebo) by extension 'colcon_meta'
[0.533s] Level 1:colcon.colcon_core.package_identification:_identify(src/ThirdParty/tiago_simulation/tiago_gazebo) by extensions ['ros']
[0.533s] Level 1:colcon.colcon_core.package_identification:_identify(src/ThirdParty/tiago_simulation/tiago_gazebo) by extension 'ros'
[0.534s] DEBUG:colcon.colcon_core.package_identification:Package 'src/ThirdParty/tiago_simulation/tiago_gazebo' with type 'ros.ament_cmake' and name 'tiago_gazebo'
[0.534s] Level 1:colcon.colcon_core.package_identification:_identify(src/ThirdParty/tiago_simulation/tiago_multi) by extensions ['ignore', 'ignore_ament_install']
[0.534s] Level 1:colcon.colcon_core.package_identification:_identify(src/ThirdParty/tiago_simulation/tiago_multi) by extension 'ignore'
[0.535s] Level 1:colcon.colcon_core.package_identification:_identify(src/ThirdParty/tiago_simulation/tiago_multi) ignored
[0.535s] Level 1:colcon.colcon_core.package_identification:_identify(src/ThirdParty/tiago_simulation/tiago_simulation) by extensions ['ignore', 'ignore_ament_install']
[0.535s] Level 1:colcon.colcon_core.package_identification:_identify(src/ThirdParty/tiago_simulation/tiago_simulation) by extension 'ignore'
[0.535s] Level 1:colcon.colcon_core.package_identification:_identify(src/ThirdParty/tiago_simulation/tiago_simulation) by extension 'ignore_ament_install'
[0.535s] Level 1:colcon.colcon_core.package_identification:_identify(src/ThirdParty/tiago_simulation/tiago_simulation) by extensions ['colcon_pkg']
[0.535s] Level 1:colcon.colcon_core.package_identification:_identify(src/ThirdParty/tiago_simulation/tiago_simulation) by extension 'colcon_pkg'
[0.535s] Level 1:colcon.colcon_core.package_identification:_identify(src/ThirdParty/tiago_simulation/tiago_simulation) by extensions ['colcon_meta']
[0.535s] Level 1:colcon.colcon_core.package_identification:_identify(src/ThirdParty/tiago_simulation/tiago_simulation) by extension 'colcon_meta'
[0.535s] Level 1:colcon.colcon_core.package_identification:_identify(src/ThirdParty/tiago_simulation/tiago_simulation) by extensions ['ros']
[0.535s] Level 1:colcon.colcon_core.package_identification:_identify(src/ThirdParty/tiago_simulation/tiago_simulation) by extension 'ros'
[0.536s] DEBUG:colcon.colcon_core.package_identification:Package 'src/ThirdParty/tiago_simulation/tiago_simulation' with type 'ros.ament_cmake' and name 'tiago_simulation'
[0.536s] Level 1:colcon.colcon_core.package_identification:_identify(src/ThirdParty/twist_mux) by extensions ['ignore', 'ignore_ament_install']
[0.536s] Level 1:colcon.colcon_core.package_identification:_identify(src/ThirdParty/twist_mux) by extension 'ignore'
[0.536s] Level 1:colcon.colcon_core.package_identification:_identify(src/ThirdParty/twist_mux) by extension 'ignore_ament_install'
[0.536s] Level 1:colcon.colcon_core.package_identification:_identify(src/ThirdParty/twist_mux) by extensions ['colcon_pkg']
[0.536s] Level 1:colcon.colcon_core.package_identification:_identify(src/ThirdParty/twist_mux) by extension 'colcon_pkg'
[0.536s] Level 1:colcon.colcon_core.package_identification:_identify(src/ThirdParty/twist_mux) by extensions ['colcon_meta']
[0.536s] Level 1:colcon.colcon_core.package_identification:_identify(src/ThirdParty/twist_mux) by extension 'colcon_meta'
[0.537s] Level 1:colcon.colcon_core.package_identification:_identify(src/ThirdParty/twist_mux) by extensions ['ros']
[0.537s] Level 1:colcon.colcon_core.package_identification:_identify(src/ThirdParty/twist_mux) by extension 'ros'
[0.537s] DEBUG:colcon.colcon_core.package_identification:Package 'src/ThirdParty/twist_mux' with type 'ros.ament_cmake' and name 'twist_mux'
[0.538s] Level 1:colcon.colcon_core.package_identification:_identify(src/ThirdParty/urdf_test) by extensions ['ignore', 'ignore_ament_install']
[0.538s] Level 1:colcon.colcon_core.package_identification:_identify(src/ThirdParty/urdf_test) by extension 'ignore'
[0.538s] Level 1:colcon.colcon_core.package_identification:_identify(src/ThirdParty/urdf_test) by extension 'ignore_ament_install'
[0.538s] Level 1:colcon.colcon_core.package_identification:_identify(src/ThirdParty/urdf_test) by extensions ['colcon_pkg']
[0.538s] Level 1:colcon.colcon_core.package_identification:_identify(src/ThirdParty/urdf_test) by extension 'colcon_pkg'
[0.538s] Level 1:colcon.colcon_core.package_identification:_identify(src/ThirdParty/urdf_test) by extensions ['colcon_meta']
[0.538s] Level 1:colcon.colcon_core.package_identification:_identify(src/ThirdParty/urdf_test) by extension 'colcon_meta'
[0.538s] Level 1:colcon.colcon_core.package_identification:_identify(src/ThirdParty/urdf_test) by extensions ['ros']
[0.538s] Level 1:colcon.colcon_core.package_identification:_identify(src/ThirdParty/urdf_test) by extension 'ros'
[0.539s] DEBUG:colcon.colcon_core.package_identification:Package 'src/ThirdParty/urdf_test' with type 'ros.ament_cmake' and name 'urdf_test'
[0.539s] Level 1:colcon.colcon_core.package_identification:_identify(src/book_ros2) by extensions ['ignore', 'ignore_ament_install']
[0.539s] Level 1:colcon.colcon_core.package_identification:_identify(src/book_ros2) by extension 'ignore'
[0.539s] Level 1:colcon.colcon_core.package_identification:_identify(src/book_ros2) by extension 'ignore_ament_install'
[0.539s] Level 1:colcon.colcon_core.package_identification:_identify(src/book_ros2) by extensions ['colcon_pkg']
[0.539s] Level 1:colcon.colcon_core.package_identification:_identify(src/book_ros2) by extension 'colcon_pkg'
[0.539s] Level 1:colcon.colcon_core.package_identification:_identify(src/book_ros2) by extensions ['colcon_meta']
[0.539s] Level 1:colcon.colcon_core.package_identification:_identify(src/book_ros2) by extension 'colcon_meta'
[0.539s] Level 1:colcon.colcon_core.package_identification:_identify(src/book_ros2) by extensions ['ros']
[0.540s] Level 1:colcon.colcon_core.package_identification:_identify(src/book_ros2) by extension 'ros'
[0.540s] Level 1:colcon.colcon_core.package_identification:_identify(src/book_ros2) by extensions ['cmake', 'python']
[0.540s] Level 1:colcon.colcon_core.package_identification:_identify(src/book_ros2) by extension 'cmake'
[0.540s] Level 1:colcon.colcon_core.package_identification:_identify(src/book_ros2) by extension 'python'
[0.540s] Level 1:colcon.colcon_core.package_identification:_identify(src/book_ros2) by extensions ['python_setup_py']
[0.540s] Level 1:colcon.colcon_core.package_identification:_identify(src/book_ros2) by extension 'python_setup_py'
[0.540s] Level 1:colcon.colcon_core.package_identification:_identify(src/book_ros2/br2_basics) by extensions ['ignore', 'ignore_ament_install']
[0.540s] Level 1:colcon.colcon_core.package_identification:_identify(src/book_ros2/br2_basics) by extension 'ignore'
[0.540s] Level 1:colcon.colcon_core.package_identification:_identify(src/book_ros2/br2_basics) by extension 'ignore_ament_install'
[0.540s] Level 1:colcon.colcon_core.package_identification:_identify(src/book_ros2/br2_basics) by extensions ['colcon_pkg']
[0.540s] Level 1:colcon.colcon_core.package_identification:_identify(src/book_ros2/br2_basics) by extension 'colcon_pkg'
[0.540s] Level 1:colcon.colcon_core.package_identification:_identify(src/book_ros2/br2_basics) by extensions ['colcon_meta']
[0.540s] Level 1:colcon.colcon_core.package_identification:_identify(src/book_ros2/br2_basics) by extension 'colcon_meta'
[0.540s] Level 1:colcon.colcon_core.package_identification:_identify(src/book_ros2/br2_basics) by extensions ['ros']
[0.541s] Level 1:colcon.colcon_core.package_identification:_identify(src/book_ros2/br2_basics) by extension 'ros'
[0.541s] DEBUG:colcon.colcon_core.package_identification:Package 'src/book_ros2/br2_basics' with type 'ros.ament_cmake' and name 'br2_basics'
[0.542s] Level 1:colcon.colcon_core.package_identification:_identify(src/book_ros2/br2_bt_bumpgo) by extensions ['ignore', 'ignore_ament_install']
[0.542s] Level 1:colcon.colcon_core.package_identification:_identify(src/book_ros2/br2_bt_bumpgo) by extension 'ignore'
[0.542s] Level 1:colcon.colcon_core.package_identification:_identify(src/book_ros2/br2_bt_bumpgo) by extension 'ignore_ament_install'
[0.542s] Level 1:colcon.colcon_core.package_identification:_identify(src/book_ros2/br2_bt_bumpgo) by extensions ['colcon_pkg']
[0.542s] Level 1:colcon.colcon_core.package_identification:_identify(src/book_ros2/br2_bt_bumpgo) by extension 'colcon_pkg'
[0.542s] Level 1:colcon.colcon_core.package_identification:_identify(src/book_ros2/br2_bt_bumpgo) by extensions ['colcon_meta']
[0.542s] Level 1:colcon.colcon_core.package_identification:_identify(src/book_ros2/br2_bt_bumpgo) by extension 'colcon_meta'
[0.542s] Level 1:colcon.colcon_core.package_identification:_identify(src/book_ros2/br2_bt_bumpgo) by extensions ['ros']
[0.542s] Level 1:colcon.colcon_core.package_identification:_identify(src/book_ros2/br2_bt_bumpgo) by extension 'ros'
[0.543s] DEBUG:colcon.colcon_core.package_identification:Package 'src/book_ros2/br2_bt_bumpgo' with type 'ros.ament_cmake' and name 'br2_bt_bumpgo'
[0.544s] Level 1:colcon.colcon_core.package_identification:_identify(src/book_ros2/br2_bt_patrolling) by extensions ['ignore', 'ignore_ament_install']
[0.544s] Level 1:colcon.colcon_core.package_identification:_identify(src/book_ros2/br2_bt_patrolling) by extension 'ignore'
[0.544s] Level 1:colcon.colcon_core.package_identification:_identify(src/book_ros2/br2_bt_patrolling) by extension 'ignore_ament_install'
[0.544s] Level 1:colcon.colcon_core.package_identification:_identify(src/book_ros2/br2_bt_patrolling) by extensions ['colcon_pkg']
[0.544s] Level 1:colcon.colcon_core.package_identification:_identify(src/book_ros2/br2_bt_patrolling) by extension 'colcon_pkg'
[0.544s] Level 1:colcon.colcon_core.package_identification:_identify(src/book_ros2/br2_bt_patrolling) by extensions ['colcon_meta']
[0.544s] Level 1:colcon.colcon_core.package_identification:_identify(src/book_ros2/br2_bt_patrolling) by extension 'colcon_meta'
[0.544s] Level 1:colcon.colcon_core.package_identification:_identify(src/book_ros2/br2_bt_patrolling) by extensions ['ros']
[0.544s] Level 1:colcon.colcon_core.package_identification:_identify(src/book_ros2/br2_bt_patrolling) by extension 'ros'
[0.546s] DEBUG:colcon.colcon_core.package_identification:Package 'src/book_ros2/br2_bt_patrolling' with type 'ros.ament_cmake' and name 'br2_bt_patrolling'
[0.546s] Level 1:colcon.colcon_core.package_identification:_identify(src/book_ros2/br2_fsm_bumpgo_cpp) by extensions ['ignore', 'ignore_ament_install']
[0.546s] Level 1:colcon.colcon_core.package_identification:_identify(src/book_ros2/br2_fsm_bumpgo_cpp) by extension 'ignore'
[0.546s] Level 1:colcon.colcon_core.package_identification:_identify(src/book_ros2/br2_fsm_bumpgo_cpp) by extension 'ignore_ament_install'
[0.547s] Level 1:colcon.colcon_core.package_identification:_identify(src/book_ros2/br2_fsm_bumpgo_cpp) by extensions ['colcon_pkg']
[0.547s] Level 1:colcon.colcon_core.package_identification:_identify(src/book_ros2/br2_fsm_bumpgo_cpp) by extension 'colcon_pkg'
[0.547s] Level 1:colcon.colcon_core.package_identification:_identify(src/book_ros2/br2_fsm_bumpgo_cpp) by extensions ['colcon_meta']
[0.547s] Level 1:colcon.colcon_core.package_identification:_identify(src/book_ros2/br2_fsm_bumpgo_cpp) by extension 'colcon_meta'
[0.547s] Level 1:colcon.colcon_core.package_identification:_identify(src/book_ros2/br2_fsm_bumpgo_cpp) by extensions ['ros']
[0.547s] Level 1:colcon.colcon_core.package_identification:_identify(src/book_ros2/br2_fsm_bumpgo_cpp) by extension 'ros'
[0.548s] DEBUG:colcon.colcon_core.package_identification:Package 'src/book_ros2/br2_fsm_bumpgo_cpp' with type 'ros.ament_cmake' and name 'br2_fsm_bumpgo_cpp'
[0.548s] Level 1:colcon.colcon_core.package_identification:_identify(src/book_ros2/br2_fsm_bumpgo_py) by extensions ['ignore', 'ignore_ament_install']
[0.549s] Level 1:colcon.colcon_core.package_identification:_identify(src/book_ros2/br2_fsm_bumpgo_py) by extension 'ignore'
[0.549s] Level 1:colcon.colcon_core.package_identification:_identify(src/book_ros2/br2_fsm_bumpgo_py) by extension 'ignore_ament_install'
[0.549s] Level 1:colcon.colcon_core.package_identification:_identify(src/book_ros2/br2_fsm_bumpgo_py) by extensions ['colcon_pkg']
[0.549s] Level 1:colcon.colcon_core.package_identification:_identify(src/book_ros2/br2_fsm_bumpgo_py) by extension 'colcon_pkg'
[0.549s] Level 1:colcon.colcon_core.package_identification:_identify(src/book_ros2/br2_fsm_bumpgo_py) by extensions ['colcon_meta']
[0.549s] Level 1:colcon.colcon_core.package_identification:_identify(src/book_ros2/br2_fsm_bumpgo_py) by extension 'colcon_meta'
[0.549s] Level 1:colcon.colcon_core.package_identification:_identify(src/book_ros2/br2_fsm_bumpgo_py) by extensions ['ros']
[0.549s] Level 1:colcon.colcon_core.package_identification:_identify(src/book_ros2/br2_fsm_bumpgo_py) by extension 'ros'
[0.550s] DEBUG:colcon.colcon_core.package_identification:Package 'src/book_ros2/br2_fsm_bumpgo_py' with type 'ros.ament_python' and name 'br2_fsm_bumpgo_py'
[0.550s] Level 1:colcon.colcon_core.package_identification:_identify(src/book_ros2/br2_navigation) by extensions ['ignore', 'ignore_ament_install']
[0.550s] Level 1:colcon.colcon_core.package_identification:_identify(src/book_ros2/br2_navigation) by extension 'ignore'
[0.550s] Level 1:colcon.colcon_core.package_identification:_identify(src/book_ros2/br2_navigation) by extension 'ignore_ament_install'
[0.550s] Level 1:colcon.colcon_core.package_identification:_identify(src/book_ros2/br2_navigation) by extensions ['colcon_pkg']
[0.551s] Level 1:colcon.colcon_core.package_identification:_identify(src/book_ros2/br2_navigation) by extension 'colcon_pkg'
[0.551s] Level 1:colcon.colcon_core.package_identification:_identify(src/book_ros2/br2_navigation) by extensions ['colcon_meta']
[0.551s] Level 1:colcon.colcon_core.package_identification:_identify(src/book_ros2/br2_navigation) by extension 'colcon_meta'
[0.551s] Level 1:colcon.colcon_core.package_identification:_identify(src/book_ros2/br2_navigation) by extensions ['ros']
[0.551s] Level 1:colcon.colcon_core.package_identification:_identify(src/book_ros2/br2_navigation) by extension 'ros'
[0.552s] DEBUG:colcon.colcon_core.package_identification:Package 'src/book_ros2/br2_navigation' with type 'ros.ament_cmake' and name 'br2_navigation'
[0.552s] Level 1:colcon.colcon_core.package_identification:_identify(src/book_ros2/br2_tf2_detector) by extensions ['ignore', 'ignore_ament_install']
[0.552s] Level 1:colcon.colcon_core.package_identification:_identify(src/book_ros2/br2_tf2_detector) by extension 'ignore'
[0.552s] Level 1:colcon.colcon_core.package_identification:_identify(src/book_ros2/br2_tf2_detector) by extension 'ignore_ament_install'
[0.552s] Level 1:colcon.colcon_core.package_identification:_identify(src/book_ros2/br2_tf2_detector) by extensions ['colcon_pkg']
[0.552s] Level 1:colcon.colcon_core.package_identification:_identify(src/book_ros2/br2_tf2_detector) by extension 'colcon_pkg'
[0.552s] Level 1:colcon.colcon_core.package_identification:_identify(src/book_ros2/br2_tf2_detector) by extensions ['colcon_meta']
[0.552s] Level 1:colcon.colcon_core.package_identification:_identify(src/book_ros2/br2_tf2_detector) by extension 'colcon_meta'
[0.552s] Level 1:colcon.colcon_core.package_identification:_identify(src/book_ros2/br2_tf2_detector) by extensions ['ros']
[0.552s] Level 1:colcon.colcon_core.package_identification:_identify(src/book_ros2/br2_tf2_detector) by extension 'ros'
[0.553s] DEBUG:colcon.colcon_core.package_identification:Package 'src/book_ros2/br2_tf2_detector' with type 'ros.ament_cmake' and name 'br2_tf2_detector'
[0.554s] Level 1:colcon.colcon_core.package_identification:_identify(src/book_ros2/br2_tiago) by extensions ['ignore', 'ignore_ament_install']
[0.554s] Level 1:colcon.colcon_core.package_identification:_identify(src/book_ros2/br2_tiago) by extension 'ignore'
[0.554s] Level 1:colcon.colcon_core.package_identification:_identify(src/book_ros2/br2_tiago) by extension 'ignore_ament_install'
[0.554s] Level 1:colcon.colcon_core.package_identification:_identify(src/book_ros2/br2_tiago) by extensions ['colcon_pkg']
[0.554s] Level 1:colcon.colcon_core.package_identification:_identify(src/book_ros2/br2_tiago) by extension 'colcon_pkg'
[0.554s] Level 1:colcon.colcon_core.package_identification:_identify(src/book_ros2/br2_tiago) by extensions ['colcon_meta']
[0.554s] Level 1:colcon.colcon_core.package_identification:_identify(src/book_ros2/br2_tiago) by extension 'colcon_meta'
[0.554s] Level 1:colcon.colcon_core.package_identification:_identify(src/book_ros2/br2_tiago) by extensions ['ros']
[0.554s] Level 1:colcon.colcon_core.package_identification:_identify(src/book_ros2/br2_tiago) by extension 'ros'
[0.555s] DEBUG:colcon.colcon_core.package_identification:Package 'src/book_ros2/br2_tiago' with type 'ros.ament_cmake' and name 'br2_tiago'
[0.555s] Level 1:colcon.colcon_core.package_identification:_identify(src/book_ros2/br2_tracking) by extensions ['ignore', 'ignore_ament_install']
[0.555s] Level 1:colcon.colcon_core.package_identification:_identify(src/book_ros2/br2_tracking) by extension 'ignore'
[0.555s] Level 1:colcon.colcon_core.package_identification:_identify(src/book_ros2/br2_tracking) by extension 'ignore_ament_install'
[0.555s] Level 1:colcon.colcon_core.package_identification:_identify(src/book_ros2/br2_tracking) by extensions ['colcon_pkg']
[0.555s] Level 1:colcon.colcon_core.package_identification:_identify(src/book_ros2/br2_tracking) by extension 'colcon_pkg'
[0.555s] Level 1:colcon.colcon_core.package_identification:_identify(src/book_ros2/br2_tracking) by extensions ['colcon_meta']
[0.555s] Level 1:colcon.colcon_core.package_identification:_identify(src/book_ros2/br2_tracking) by extension 'colcon_meta'
[0.555s] Level 1:colcon.colcon_core.package_identification:_identify(src/book_ros2/br2_tracking) by extensions ['ros']
[0.555s] Level 1:colcon.colcon_core.package_identification:_identify(src/book_ros2/br2_tracking) by extension 'ros'
[0.556s] DEBUG:colcon.colcon_core.package_identification:Package 'src/book_ros2/br2_tracking' with type 'ros.ament_cmake' and name 'br2_tracking'
[0.557s] Level 1:colcon.colcon_core.package_identification:_identify(src/book_ros2/br2_tracking_msgs) by extensions ['ignore', 'ignore_ament_install']
[0.557s] Level 1:colcon.colcon_core.package_identification:_identify(src/book_ros2/br2_tracking_msgs) by extension 'ignore'
[0.557s] Level 1:colcon.colcon_core.package_identification:_identify(src/book_ros2/br2_tracking_msgs) by extension 'ignore_ament_install'
[0.557s] Level 1:colcon.colcon_core.package_identification:_identify(src/book_ros2/br2_tracking_msgs) by extensions ['colcon_pkg']
[0.557s] Level 1:colcon.colcon_core.package_identification:_identify(src/book_ros2/br2_tracking_msgs) by extension 'colcon_pkg'
[0.557s] Level 1:colcon.colcon_core.package_identification:_identify(src/book_ros2/br2_tracking_msgs) by extensions ['colcon_meta']
[0.557s] Level 1:colcon.colcon_core.package_identification:_identify(src/book_ros2/br2_tracking_msgs) by extension 'colcon_meta'
[0.557s] Level 1:colcon.colcon_core.package_identification:_identify(src/book_ros2/br2_tracking_msgs) by extensions ['ros']
[0.557s] Level 1:colcon.colcon_core.package_identification:_identify(src/book_ros2/br2_tracking_msgs) by extension 'ros'
[0.558s] DEBUG:colcon.colcon_core.package_identification:Package 'src/book_ros2/br2_tracking_msgs' with type 'ros.ament_cmake' and name 'br2_tracking_msgs'
[0.558s] Level 1:colcon.colcon_core.package_identification:_identify(src/book_ros2/br2_vff_avoidance) by extensions ['ignore', 'ignore_ament_install']
[0.558s] Level 1:colcon.colcon_core.package_identification:_identify(src/book_ros2/br2_vff_avoidance) by extension 'ignore'
[0.558s] Level 1:colcon.colcon_core.package_identification:_identify(src/book_ros2/br2_vff_avoidance) by extension 'ignore_ament_install'
[0.558s] Level 1:colcon.colcon_core.package_identification:_identify(src/book_ros2/br2_vff_avoidance) by extensions ['colcon_pkg']
[0.558s] Level 1:colcon.colcon_core.package_identification:_identify(src/book_ros2/br2_vff_avoidance) by extension 'colcon_pkg'
[0.558s] Level 1:colcon.colcon_core.package_identification:_identify(src/book_ros2/br2_vff_avoidance) by extensions ['colcon_meta']
[0.559s] Level 1:colcon.colcon_core.package_identification:_identify(src/book_ros2/br2_vff_avoidance) by extension 'colcon_meta'
[0.559s] Level 1:colcon.colcon_core.package_identification:_identify(src/book_ros2/br2_vff_avoidance) by extensions ['ros']
[0.559s] Level 1:colcon.colcon_core.package_identification:_identify(src/book_ros2/br2_vff_avoidance) by extension 'ros'
[0.559s] DEBUG:colcon.colcon_core.package_identification:Package 'src/book_ros2/br2_vff_avoidance' with type 'ros.ament_cmake' and name 'br2_vff_avoidance'
[0.560s] Level 1:colcon.colcon_core.package_identification:_identify(src/task1) by extensions ['ignore', 'ignore_ament_install']
[0.560s] Level 1:colcon.colcon_core.package_identification:_identify(src/task1) by extension 'ignore'
[0.561s] Level 1:colcon.colcon_core.package_identification:_identify(src/task1) by extension 'ignore_ament_install'
[0.561s] Level 1:colcon.colcon_core.package_identification:_identify(src/task1) by extensions ['colcon_pkg']
[0.561s] Level 1:colcon.colcon_core.package_identification:_identify(src/task1) by extension 'colcon_pkg'
[0.561s] Level 1:colcon.colcon_core.package_identification:_identify(src/task1) by extensions ['colcon_meta']
[0.561s] Level 1:colcon.colcon_core.package_identification:_identify(src/task1) by extension 'colcon_meta'
[0.561s] Level 1:colcon.colcon_core.package_identification:_identify(src/task1) by extensions ['ros']
[0.561s] Level 1:colcon.colcon_core.package_identification:_identify(src/task1) by extension 'ros'
[0.562s] DEBUG:colcon.colcon_core.package_identification:Package 'src/task1' with type 'ros.ament_cmake' and name 'task1'
[0.562s] Level 1:colcon.colcon_core.package_discovery:discover_packages(recursive) using defaults
[0.563s] Level 1:colcon.colcon_core.package_discovery:discover_packages(ignore) discover
[0.563s] Level 1:colcon.colcon_core.package_discovery:discover_packages(ignore) using defaults
[0.563s] Level 1:colcon.colcon_core.package_discovery:discover_packages(path) discover
[0.563s] Level 1:colcon.colcon_core.package_discovery:discover_packages(path) using defaults
[0.615s] Level 1:colcon.colcon_core.package_discovery:discover_packages(prefix_path) check parameters
[0.615s] Level 1:colcon.colcon_core.package_discovery:discover_packages(prefix_path) discover
[0.619s] DEBUG:colcon.colcon_installed_package_information.package_discovery:Found 274 installed packages in /opt/ros/foxy
[0.621s] Level 1:colcon.colcon_core.package_discovery:discover_packages(prefix_path) using defaults
[0.703s] Level 5:colcon.colcon_core.verb:set package 'br2_basics' build argument 'cmake_args' from command line to 'None'
[0.703s] Level 5:colcon.colcon_core.verb:set package 'br2_basics' build argument 'cmake_target' from command line to 'None'
[0.703s] Level 5:colcon.colcon_core.verb:set package 'br2_basics' build argument 'cmake_target_skip_unavailable' from command line to 'False'
[0.703s] Level 5:colcon.colcon_core.verb:set package 'br2_basics' build argument 'cmake_clean_cache' from command line to 'False'
[0.703s] Level 5:colcon.colcon_core.verb:set package 'br2_basics' build argument 'cmake_clean_first' from command line to 'False'
[0.703s] Level 5:colcon.colcon_core.verb:set package 'br2_basics' build argument 'cmake_force_configure' from command line to 'False'
[0.703s] Level 5:colcon.colcon_core.verb:set package 'br2_basics' build argument 'ament_cmake_args' from command line to 'None'
[0.704s] Level 5:colcon.colcon_core.verb:set package 'br2_basics' build argument 'catkin_cmake_args' from command line to 'None'
[0.704s] Level 5:colcon.colcon_core.verb:set package 'br2_basics' build argument 'catkin_skip_building_tests' from command line to 'False'
[0.704s] DEBUG:colcon.colcon_core.verb:Building package 'br2_basics' with the following arguments: {'ament_cmake_args': None, 'build_base': '/home/khaledob/bookros2_ws/build/br2_basics', 'catkin_cmake_args': None, 'catkin_skip_building_tests': False, 'cmake_args': None, 'cmake_clean_cache': False, 'cmake_clean_first': False, 'cmake_force_configure': False, 'cmake_target': None, 'cmake_target_skip_unavailable': False, 'install_base': '/home/khaledob/bookros2_ws/install/br2_basics', 'merge_install': False, 'path': '/home/khaledob/bookros2_ws/src/book_ros2/br2_basics', 'symlink_install': True, 'test_result_base': None}
[0.705s] Level 5:colcon.colcon_core.verb:set package 'br2_bt_bumpgo' build argument 'cmake_args' from command line to 'None'
[0.705s] Level 5:colcon.colcon_core.verb:set package 'br2_bt_bumpgo' build argument 'cmake_target' from command line to 'None'
[0.706s] Level 5:colcon.colcon_core.verb:set package 'br2_bt_bumpgo' build argument 'cmake_target_skip_unavailable' from command line to 'False'
[0.706s] Level 5:colcon.colcon_core.verb:set package 'br2_bt_bumpgo' build argument 'cmake_clean_cache' from command line to 'False'
[0.706s] Level 5:colcon.colcon_core.verb:set package 'br2_bt_bumpgo' build argument 'cmake_clean_first' from command line to 'False'
[0.706s] Level 5:colcon.colcon_core.verb:set package 'br2_bt_bumpgo' build argument 'cmake_force_configure' from command line to 'False'
[0.706s] Level 5:colcon.colcon_core.verb:set package 'br2_bt_bumpgo' build argument 'ament_cmake_args' from command line to 'None'
[0.706s] Level 5:colcon.colcon_core.verb:set package 'br2_bt_bumpgo' build argument 'catkin_cmake_args' from command line to 'None'
[0.706s] Level 5:colcon.colcon_core.verb:set package 'br2_bt_bumpgo' build argument 'catkin_skip_building_tests' from command line to 'False'
[0.706s] DEBUG:colcon.colcon_core.verb:Building package 'br2_bt_bumpgo' with the following arguments: {'ament_cmake_args': None, 'build_base': '/home/khaledob/bookros2_ws/build/br2_bt_bumpgo', 'catkin_cmake_args': None, 'catkin_skip_building_tests': False, 'cmake_args': None, 'cmake_clean_cache': False, 'cmake_clean_first': False, 'cmake_force_configure': False, 'cmake_target': None, 'cmake_target_skip_unavailable': False, 'install_base': '/home/khaledob/bookros2_ws/install/br2_bt_bumpgo', 'merge_install': False, 'path': '/home/khaledob/bookros2_ws/src/book_ros2/br2_bt_bumpgo', 'symlink_install': True, 'test_result_base': None}
[0.707s] Level 5:colcon.colcon_core.verb:set package 'br2_bt_patrolling' build argument 'cmake_args' from command line to 'None'
[0.708s] Level 5:colcon.colcon_core.verb:set package 'br2_bt_patrolling' build argument 'cmake_target' from command line to 'None'
[0.708s] Level 5:colcon.colcon_core.verb:set package 'br2_bt_patrolling' build argument 'cmake_target_skip_unavailable' from command line to 'False'
[0.708s] Level 5:colcon.colcon_core.verb:set package 'br2_bt_patrolling' build argument 'cmake_clean_cache' from command line to 'False'
[0.708s] Level 5:colcon.colcon_core.verb:set package 'br2_bt_patrolling' build argument 'cmake_clean_first' from command line to 'False'
[0.708s] Level 5:colcon.colcon_core.verb:set package 'br2_bt_patrolling' build argument 'cmake_force_configure' from command line to 'False'
[0.708s] Level 5:colcon.colcon_core.verb:set package 'br2_bt_patrolling' build argument 'ament_cmake_args' from command line to 'None'
[0.708s] Level 5:colcon.colcon_core.verb:set package 'br2_bt_patrolling' build argument 'catkin_cmake_args' from command line to 'None'
[0.708s] Level 5:colcon.colcon_core.verb:set package 'br2_bt_patrolling' build argument 'catkin_skip_building_tests' from command line to 'False'
[0.708s] DEBUG:colcon.colcon_core.verb:Building package 'br2_bt_patrolling' with the following arguments: {'ament_cmake_args': None, 'build_base': '/home/khaledob/bookros2_ws/build/br2_bt_patrolling', 'catkin_cmake_args': None, 'catkin_skip_building_tests': False, 'cmake_args': None, 'cmake_clean_cache': False, 'cmake_clean_first': False, 'cmake_force_configure': False, 'cmake_target': None, 'cmake_target_skip_unavailable': False, 'install_base': '/home/khaledob/bookros2_ws/install/br2_bt_patrolling', 'merge_install': False, 'path': '/home/khaledob/bookros2_ws/src/book_ros2/br2_bt_patrolling', 'symlink_install': True, 'test_result_base': None}
[0.708s] Level 5:colcon.colcon_core.verb:set package 'br2_fsm_bumpgo_cpp' build argument 'cmake_args' from command line to 'None'
[0.709s] Level 5:colcon.colcon_core.verb:set package 'br2_fsm_bumpgo_cpp' build argument 'cmake_target' from command line to 'None'
[0.709s] Level 5:colcon.colcon_core.verb:set package 'br2_fsm_bumpgo_cpp' build argument 'cmake_target_skip_unavailable' from command line to 'False'
[0.709s] Level 5:colcon.colcon_core.verb:set package 'br2_fsm_bumpgo_cpp' build argument 'cmake_clean_cache' from command line to 'False'
[0.709s] Level 5:colcon.colcon_core.verb:set package 'br2_fsm_bumpgo_cpp' build argument 'cmake_clean_first' from command line to 'False'
[0.709s] Level 5:colcon.colcon_core.verb:set package 'br2_fsm_bumpgo_cpp' build argument 'cmake_force_configure' from command line to 'False'
[0.709s] Level 5:colcon.colcon_core.verb:set package 'br2_fsm_bumpgo_cpp' build argument 'ament_cmake_args' from command line to 'None'
[0.709s] Level 5:colcon.colcon_core.verb:set package 'br2_fsm_bumpgo_cpp' build argument 'catkin_cmake_args' from command line to 'None'
[0.709s] Level 5:colcon.colcon_core.verb:set package 'br2_fsm_bumpgo_cpp' build argument 'catkin_skip_building_tests' from command line to 'False'
[0.709s] DEBUG:colcon.colcon_core.verb:Building package 'br2_fsm_bumpgo_cpp' with the following arguments: {'ament_cmake_args': None, 'build_base': '/home/khaledob/bookros2_ws/build/br2_fsm_bumpgo_cpp', 'catkin_cmake_args': None, 'catkin_skip_building_tests': False, 'cmake_args': None, 'cmake_clean_cache': False, 'cmake_clean_first': False, 'cmake_force_configure': False, 'cmake_target': None, 'cmake_target_skip_unavailable': False, 'install_base': '/home/khaledob/bookros2_ws/install/br2_fsm_bumpgo_cpp', 'merge_install': False, 'path': '/home/khaledob/bookros2_ws/src/book_ros2/br2_fsm_bumpgo_cpp', 'symlink_install': True, 'test_result_base': None}
[0.709s] Level 5:colcon.colcon_core.verb:set package 'br2_fsm_bumpgo_py' build argument 'cmake_args' from command line to 'None'
[0.709s] Level 5:colcon.colcon_core.verb:set package 'br2_fsm_bumpgo_py' build argument 'cmake_target' from command line to 'None'
[0.710s] Level 5:colcon.colcon_core.verb:set package 'br2_fsm_bumpgo_py' build argument 'cmake_target_skip_unavailable' from command line to 'False'
[0.710s] Level 5:colcon.colcon_core.verb:set package 'br2_fsm_bumpgo_py' build argument 'cmake_clean_cache' from command line to 'False'
[0.710s] Level 5:colcon.colcon_core.verb:set package 'br2_fsm_bumpgo_py' build argument 'cmake_clean_first' from command line to 'False'
[0.710s] Level 5:colcon.colcon_core.verb:set package 'br2_fsm_bumpgo_py' build argument 'cmake_force_configure' from command line to 'False'
[0.710s] Level 5:colcon.colcon_core.verb:set package 'br2_fsm_bumpgo_py' build argument 'ament_cmake_args' from command line to 'None'
[0.710s] Level 5:colcon.colcon_core.verb:set package 'br2_fsm_bumpgo_py' build argument 'catkin_cmake_args' from command line to 'None'
[0.710s] Level 5:colcon.colcon_core.verb:set package 'br2_fsm_bumpgo_py' build argument 'catkin_skip_building_tests' from command line to 'False'
[0.710s] DEBUG:colcon.colcon_core.verb:Building package 'br2_fsm_bumpgo_py' with the following arguments: {'ament_cmake_args': None, 'build_base': '/home/khaledob/bookros2_ws/build/br2_fsm_bumpgo_py', 'catkin_cmake_args': None, 'catkin_skip_building_tests': False, 'cmake_args': None, 'cmake_clean_cache': False, 'cmake_clean_first': False, 'cmake_force_configure': False, 'cmake_target': None, 'cmake_target_skip_unavailable': False, 'install_base': '/home/khaledob/bookros2_ws/install/br2_fsm_bumpgo_py', 'merge_install': False, 'path': '/home/khaledob/bookros2_ws/src/book_ros2/br2_fsm_bumpgo_py', 'symlink_install': True, 'test_result_base': None}
[0.711s] Level 5:colcon.colcon_core.verb:set package 'br2_navigation' build argument 'cmake_args' from command line to 'None'
[0.711s] Level 5:colcon.colcon_core.verb:set package 'br2_navigation' build argument 'cmake_target' from command line to 'None'
[0.711s] Level 5:colcon.colcon_core.verb:set package 'br2_navigation' build argument 'cmake_target_skip_unavailable' from command line to 'False'
[0.711s] Level 5:colcon.colcon_core.verb:set package 'br2_navigation' build argument 'cmake_clean_cache' from command line to 'False'
[0.711s] Level 5:colcon.colcon_core.verb:set package 'br2_navigation' build argument 'cmake_clean_first' from command line to 'False'
[0.711s] Level 5:colcon.colcon_core.verb:set package 'br2_navigation' build argument 'cmake_force_configure' from command line to 'False'
[0.712s] Level 5:colcon.colcon_core.verb:set package 'br2_navigation' build argument 'ament_cmake_args' from command line to 'None'
[0.712s] Level 5:colcon.colcon_core.verb:set package 'br2_navigation' build argument 'catkin_cmake_args' from command line to 'None'
[0.712s] Level 5:colcon.colcon_core.verb:set package 'br2_navigation' build argument 'catkin_skip_building_tests' from command line to 'False'
[0.712s] DEBUG:colcon.colcon_core.verb:Building package 'br2_navigation' with the following arguments: {'ament_cmake_args': None, 'build_base': '/home/khaledob/bookros2_ws/build/br2_navigation', 'catkin_cmake_args': None, 'catkin_skip_building_tests': False, 'cmake_args': None, 'cmake_clean_cache': False, 'cmake_clean_first': False, 'cmake_force_configure': False, 'cmake_target': None, 'cmake_target_skip_unavailable': False, 'install_base': '/home/khaledob/bookros2_ws/install/br2_navigation', 'merge_install': False, 'path': '/home/khaledob/bookros2_ws/src/book_ros2/br2_navigation', 'symlink_install': True, 'test_result_base': None}
[0.712s] Level 5:colcon.colcon_core.verb:set package 'br2_tf2_detector' build argument 'cmake_args' from command line to 'None'
[0.713s] Level 5:colcon.colcon_core.verb:set package 'br2_tf2_detector' build argument 'cmake_target' from command line to 'None'
[0.713s] Level 5:colcon.colcon_core.verb:set package 'br2_tf2_detector' build argument 'cmake_target_skip_unavailable' from command line to 'False'
[0.713s] Level 5:colcon.colcon_core.verb:set package 'br2_tf2_detector' build argument 'cmake_clean_cache' from command line to 'False'
[0.713s] Level 5:colcon.colcon_core.verb:set package 'br2_tf2_detector' build argument 'cmake_clean_first' from command line to 'False'
[0.713s] Level 5:colcon.colcon_core.verb:set package 'br2_tf2_detector' build argument 'cmake_force_configure' from command line to 'False'
[0.713s] Level 5:colcon.colcon_core.verb:set package 'br2_tf2_detector' build argument 'ament_cmake_args' from command line to 'None'
[0.713s] Level 5:colcon.colcon_core.verb:set package 'br2_tf2_detector' build argument 'catkin_cmake_args' from command line to 'None'
[0.713s] Level 5:colcon.colcon_core.verb:set package 'br2_tf2_detector' build argument 'catkin_skip_building_tests' from command line to 'False'
[0.713s] DEBUG:colcon.colcon_core.verb:Building package 'br2_tf2_detector' with the following arguments: {'ament_cmake_args': None, 'build_base': '/home/khaledob/bookros2_ws/build/br2_tf2_detector', 'catkin_cmake_args': None, 'catkin_skip_building_tests': False, 'cmake_args': None, 'cmake_clean_cache': False, 'cmake_clean_first': False, 'cmake_force_configure': False, 'cmake_target': None, 'cmake_target_skip_unavailable': False, 'install_base': '/home/khaledob/bookros2_ws/install/br2_tf2_detector', 'merge_install': False, 'path': '/home/khaledob/bookros2_ws/src/book_ros2/br2_tf2_detector', 'symlink_install': True, 'test_result_base': None}
[0.713s] Level 5:colcon.colcon_core.verb:set package 'br2_tiago' build argument 'cmake_args' from command line to 'None'
[0.713s] Level 5:colcon.colcon_core.verb:set package 'br2_tiago' build argument 'cmake_target' from command line to 'None'
[0.713s] Level 5:colcon.colcon_core.verb:set package 'br2_tiago' build argument 'cmake_target_skip_unavailable' from command line to 'False'
[0.713s] Level 5:colcon.colcon_core.verb:set package 'br2_tiago' build argument 'cmake_clean_cache' from command line to 'False'
[0.713s] Level 5:colcon.colcon_core.verb:set package 'br2_tiago' build argument 'cmake_clean_first' from command line to 'False'
[0.713s] Level 5:colcon.colcon_core.verb:set package 'br2_tiago' build argument 'cmake_force_configure' from command line to 'False'
[0.713s] Level 5:colcon.colcon_core.verb:set package 'br2_tiago' build argument 'ament_cmake_args' from command line to 'None'
[0.713s] Level 5:colcon.colcon_core.verb:set package 'br2_tiago' build argument 'catkin_cmake_args' from command line to 'None'
[0.713s] Level 5:colcon.colcon_core.verb:set package 'br2_tiago' build argument 'catkin_skip_building_tests' from command line to 'False'
[0.713s] DEBUG:colcon.colcon_core.verb:Building package 'br2_tiago' with the following arguments: {'ament_cmake_args': None, 'build_base': '/home/khaledob/bookros2_ws/build/br2_tiago', 'catkin_cmake_args': None, 'catkin_skip_building_tests': False, 'cmake_args': None, 'cmake_clean_cache': False, 'cmake_clean_first': False, 'cmake_force_configure': False, 'cmake_target': None, 'cmake_target_skip_unavailable': False, 'install_base': '/home/khaledob/bookros2_ws/install/br2_tiago', 'merge_install': False, 'path': '/home/khaledob/bookros2_ws/src/book_ros2/br2_tiago', 'symlink_install': True, 'test_result_base': None}
[0.714s] Level 5:colcon.colcon_core.verb:set package 'br2_tracking_msgs' build argument 'cmake_args' from command line to 'None'
[0.714s] Level 5:colcon.colcon_core.verb:set package 'br2_tracking_msgs' build argument 'cmake_target' from command line to 'None'
[0.714s] Level 5:colcon.colcon_core.verb:set package 'br2_tracking_msgs' build argument 'cmake_target_skip_unavailable' from command line to 'False'
[0.714s] Level 5:colcon.colcon_core.verb:set package 'br2_tracking_msgs' build argument 'cmake_clean_cache' from command line to 'False'
[0.714s] Level 5:colcon.colcon_core.verb:set package 'br2_tracking_msgs' build argument 'cmake_clean_first' from command line to 'False'
[0.714s] Level 5:colcon.colcon_core.verb:set package 'br2_tracking_msgs' build argument 'cmake_force_configure' from command line to 'False'
[0.714s] Level 5:colcon.colcon_core.verb:set package 'br2_tracking_msgs' build argument 'ament_cmake_args' from command line to 'None'
[0.714s] Level 5:colcon.colcon_core.verb:set package 'br2_tracking_msgs' build argument 'catkin_cmake_args' from command line to 'None'
[0.714s] Level 5:colcon.colcon_core.verb:set package 'br2_tracking_msgs' build argument 'catkin_skip_building_tests' from command line to 'False'
[0.714s] DEBUG:colcon.colcon_core.verb:Building package 'br2_tracking_msgs' with the following arguments: {'ament_cmake_args': None, 'build_base': '/home/khaledob/bookros2_ws/build/br2_tracking_msgs', 'catkin_cmake_args': None, 'catkin_skip_building_tests': False, 'cmake_args': None, 'cmake_clean_cache': False, 'cmake_clean_first': False, 'cmake_force_configure': False, 'cmake_target': None, 'cmake_target_skip_unavailable': False, 'install_base': '/home/khaledob/bookros2_ws/install/br2_tracking_msgs', 'merge_install': False, 'path': '/home/khaledob/bookros2_ws/src/book_ros2/br2_tracking_msgs', 'symlink_install': True, 'test_result_base': None}
[0.714s] Level 5:colcon.colcon_core.verb:set package 'br2_vff_avoidance' build argument 'cmake_args' from command line to 'None'
[0.715s] Level 5:colcon.colcon_core.verb:set package 'br2_vff_avoidance' build argument 'cmake_target' from command line to 'None'
[0.715s] Level 5:colcon.colcon_core.verb:set package 'br2_vff_avoidance' build argument 'cmake_target_skip_unavailable' from command line to 'False'
[0.715s] Level 5:colcon.colcon_core.verb:set package 'br2_vff_avoidance' build argument 'cmake_clean_cache' from command line to 'False'
[0.715s] Level 5:colcon.colcon_core.verb:set package 'br2_vff_avoidance' build argument 'cmake_clean_first' from command line to 'False'
[0.715s] Level 5:colcon.colcon_core.verb:set package 'br2_vff_avoidance' build argument 'cmake_force_configure' from command line to 'False'
[0.715s] Level 5:colcon.colcon_core.verb:set package 'br2_vff_avoidance' build argument 'ament_cmake_args' from command line to 'None'
[0.715s] Level 5:colcon.colcon_core.verb:set package 'br2_vff_avoidance' build argument 'catkin_cmake_args' from command line to 'None'
[0.715s] Level 5:colcon.colcon_core.verb:set package 'br2_vff_avoidance' build argument 'catkin_skip_building_tests' from command line to 'False'
[0.715s] DEBUG:colcon.colcon_core.verb:Building package 'br2_vff_avoidance' with the following arguments: {'ament_cmake_args': None, 'build_base': '/home/khaledob/bookros2_ws/build/br2_vff_avoidance', 'catkin_cmake_args': None, 'catkin_skip_building_tests': False, 'cmake_args': None, 'cmake_clean_cache': False, 'cmake_clean_first': False, 'cmake_force_configure': False, 'cmake_target': None, 'cmake_target_skip_unavailable': False, 'install_base': '/home/khaledob/bookros2_ws/install/br2_vff_avoidance', 'merge_install': False, 'path': '/home/khaledob/bookros2_ws/src/book_ros2/br2_vff_avoidance', 'symlink_install': True, 'test_result_base': None}
[0.715s] Level 5:colcon.colcon_core.verb:set package 'controller_manager_msgs' build argument 'cmake_args' from command line to 'None'
[0.716s] Level 5:colcon.colcon_core.verb:set package 'controller_manager_msgs' build argument 'cmake_target' from command line to 'None'
[0.716s] Level 5:colcon.colcon_core.verb:set package 'controller_manager_msgs' build argument 'cmake_target_skip_unavailable' from command line to 'False'
[0.716s] Level 5:colcon.colcon_core.verb:set package 'controller_manager_msgs' build argument 'cmake_clean_cache' from command line to 'False'
[0.716s] Level 5:colcon.colcon_core.verb:set package 'controller_manager_msgs' build argument 'cmake_clean_first' from command line to 'False'
[0.716s] Level 5:colcon.colcon_core.verb:set package 'controller_manager_msgs' build argument 'cmake_force_configure' from command line to 'False'
[0.716s] Level 5:colcon.colcon_core.verb:set package 'controller_manager_msgs' build argument 'ament_cmake_args' from command line to 'None'
[0.716s] Level 5:colcon.colcon_core.verb:set package 'controller_manager_msgs' build argument 'catkin_cmake_args' from command line to 'None'
[0.716s] Level 5:colcon.colcon_core.verb:set package 'controller_manager_msgs' build argument 'catkin_skip_building_tests' from command line to 'False'
[0.716s] DEBUG:colcon.colcon_core.verb:Building package 'controller_manager_msgs' with the following arguments: {'ament_cmake_args': None, 'build_base': '/home/khaledob/bookros2_ws/build/controller_manager_msgs', 'catkin_cmake_args': None, 'catkin_skip_building_tests': False, 'cmake_args': None, 'cmake_clean_cache': False, 'cmake_clean_first': False, 'cmake_force_configure': False, 'cmake_target': None, 'cmake_target_skip_unavailable': False, 'install_base': '/home/khaledob/bookros2_ws/install/controller_manager_msgs', 'merge_install': False, 'path': '/home/khaledob/bookros2_ws/src/ThirdParty/ros2_control/controller_manager_msgs', 'symlink_install': True, 'test_result_base': None}
[0.716s] Level 5:colcon.colcon_core.verb:set package 'groot' build argument 'cmake_args' from command line to 'None'
[0.716s] Level 5:colcon.colcon_core.verb:set package 'groot' build argument 'cmake_target' from command line to 'None'
[0.716s] Level 5:colcon.colcon_core.verb:set package 'groot' build argument 'cmake_target_skip_unavailable' from command line to 'False'
[0.716s] Level 5:colcon.colcon_core.verb:set package 'groot' build argument 'cmake_clean_cache' from command line to 'False'
[0.716s] Level 5:colcon.colcon_core.verb:set package 'groot' build argument 'cmake_clean_first' from command line to 'False'
[0.717s] Level 5:colcon.colcon_core.verb:set package 'groot' build argument 'cmake_force_configure' from command line to 'False'
[0.717s] Level 5:colcon.colcon_core.verb:set package 'groot' build argument 'ament_cmake_args' from command line to 'None'
[0.717s] Level 5:colcon.colcon_core.verb:set package 'groot' build argument 'catkin_cmake_args' from command line to 'None'
[0.717s] Level 5:colcon.colcon_core.verb:set package 'groot' build argument 'catkin_skip_building_tests' from command line to 'False'
[0.717s] DEBUG:colcon.colcon_core.verb:Building package 'groot' with the following arguments: {'ament_cmake_args': None, 'build_base': '/home/khaledob/bookros2_ws/build/groot', 'catkin_cmake_args': None, 'catkin_skip_building_tests': False, 'cmake_args': None, 'cmake_clean_cache': False, 'cmake_clean_first': False, 'cmake_force_configure': False, 'cmake_target': None, 'cmake_target_skip_unavailable': False, 'install_base': '/home/khaledob/bookros2_ws/install/groot', 'merge_install': False, 'path': '/home/khaledob/bookros2_ws/src/ThirdParty/Groot', 'symlink_install': True, 'test_result_base': None}
[0.717s] Level 5:colcon.colcon_core.verb:set package 'hey5_description' build argument 'cmake_args' from command line to 'None'
[0.717s] Level 5:colcon.colcon_core.verb:set package 'hey5_description' build argument 'cmake_target' from command line to 'None'
[0.717s] Level 5:colcon.colcon_core.verb:set package 'hey5_description' build argument 'cmake_target_skip_unavailable' from command line to 'False'
[0.717s] Level 5:colcon.colcon_core.verb:set package 'hey5_description' build argument 'cmake_clean_cache' from command line to 'False'
[0.717s] Level 5:colcon.colcon_core.verb:set package 'hey5_description' build argument 'cmake_clean_first' from command line to 'False'
[0.717s] Level 5:colcon.colcon_core.verb:set package 'hey5_description' build argument 'cmake_force_configure' from command line to 'False'
[0.717s] Level 5:colcon.colcon_core.verb:set package 'hey5_description' build argument 'ament_cmake_args' from command line to 'None'
[0.717s] Level 5:colcon.colcon_core.verb:set package 'hey5_description' build argument 'catkin_cmake_args' from command line to 'None'
[0.717s] Level 5:colcon.colcon_core.verb:set package 'hey5_description' build argument 'catkin_skip_building_tests' from command line to 'False'
[0.717s] DEBUG:colcon.colcon_core.verb:Building package 'hey5_description' with the following arguments: {'ament_cmake_args': None, 'build_base': '/home/khaledob/bookros2_ws/build/hey5_description', 'catkin_cmake_args': None, 'catkin_skip_building_tests': False, 'cmake_args': None, 'cmake_clean_cache': False, 'cmake_clean_first': False, 'cmake_force_configure': False, 'cmake_target': None, 'cmake_target_skip_unavailable': False, 'install_base': '/home/khaledob/bookros2_ws/install/hey5_description', 'merge_install': False, 'path': '/home/khaledob/bookros2_ws/src/ThirdParty/hey5_description', 'symlink_install': True, 'test_result_base': None}
[0.718s] Level 5:colcon.colcon_core.verb:set package 'launch_pal' build argument 'cmake_args' from command line to 'None'
[0.718s] Level 5:colcon.colcon_core.verb:set package 'launch_pal' build argument 'cmake_target' from command line to 'None'
[0.718s] Level 5:colcon.colcon_core.verb:set package 'launch_pal' build argument 'cmake_target_skip_unavailable' from command line to 'False'
[0.718s] Level 5:colcon.colcon_core.verb:set package 'launch_pal' build argument 'cmake_clean_cache' from command line to 'False'
[0.718s] Level 5:colcon.colcon_core.verb:set package 'launch_pal' build argument 'cmake_clean_first' from command line to 'False'
[0.718s] Level 5:colcon.colcon_core.verb:set package 'launch_pal' build argument 'cmake_force_configure' from command line to 'False'
[0.718s] Level 5:colcon.colcon_core.verb:set package 'launch_pal' build argument 'ament_cmake_args' from command line to 'None'
[0.718s] Level 5:colcon.colcon_core.verb:set package 'launch_pal' build argument 'catkin_cmake_args' from command line to 'None'
[0.719s] Level 5:colcon.colcon_core.verb:set package 'launch_pal' build argument 'catkin_skip_building_tests' from command line to 'False'
[0.719s] DEBUG:colcon.colcon_core.verb:Building package 'launch_pal' with the following arguments: {'ament_cmake_args': None, 'build_base': '/home/khaledob/bookros2_ws/build/launch_pal', 'catkin_cmake_args': None, 'catkin_skip_building_tests': False, 'cmake_args': None, 'cmake_clean_cache': False, 'cmake_clean_first': False, 'cmake_force_configure': False, 'cmake_target': None, 'cmake_target_skip_unavailable': False, 'install_base': '/home/khaledob/bookros2_ws/install/launch_pal', 'merge_install': False, 'path': '/home/khaledob/bookros2_ws/src/ThirdParty/launch_pal', 'symlink_install': True, 'test_result_base': None}
[0.720s] Level 5:colcon.colcon_core.verb:set package 'pal_gazebo_worlds' build argument 'cmake_args' from command line to 'None'
[0.720s] Level 5:colcon.colcon_core.verb:set package 'pal_gazebo_worlds' build argument 'cmake_target' from command line to 'None'
[0.720s] Level 5:colcon.colcon_core.verb:set package 'pal_gazebo_worlds' build argument 'cmake_target_skip_unavailable' from command line to 'False'
[0.720s] Level 5:colcon.colcon_core.verb:set package 'pal_gazebo_worlds' build argument 'cmake_clean_cache' from command line to 'False'
[0.720s] Level 5:colcon.colcon_core.verb:set package 'pal_gazebo_worlds' build argument 'cmake_clean_first' from command line to 'False'
[0.720s] Level 5:colcon.colcon_core.verb:set package 'pal_gazebo_worlds' build argument 'cmake_force_configure' from command line to 'False'
[0.720s] Level 5:colcon.colcon_core.verb:set package 'pal_gazebo_worlds' build argument 'ament_cmake_args' from command line to 'None'
[0.720s] Level 5:colcon.colcon_core.verb:set package 'pal_gazebo_worlds' build argument 'catkin_cmake_args' from command line to 'None'
[0.720s] Level 5:colcon.colcon_core.verb:set package 'pal_gazebo_worlds' build argument 'catkin_skip_building_tests' from command line to 'False'
[0.720s] DEBUG:colcon.colcon_core.verb:Building package 'pal_gazebo_worlds' with the following arguments: {'ament_cmake_args': None, 'build_base': '/home/khaledob/bookros2_ws/build/pal_gazebo_worlds', 'catkin_cmake_args': None, 'catkin_skip_building_tests': False, 'cmake_args': None, 'cmake_clean_cache': False, 'cmake_clean_first': False, 'cmake_force_configure': False, 'cmake_target': None, 'cmake_target_skip_unavailable': False, 'install_base': '/home/khaledob/bookros2_ws/install/pal_gazebo_worlds', 'merge_install': False, 'path': '/home/khaledob/bookros2_ws/src/ThirdParty/pal_gazebo_worlds', 'symlink_install': True, 'test_result_base': None}
[0.721s] Level 5:colcon.colcon_core.verb:set package 'pmb2_maps' build argument 'cmake_args' from command line to 'None'
[0.721s] Level 5:colcon.colcon_core.verb:set package 'pmb2_maps' build argument 'cmake_target' from command line to 'None'
[0.721s] Level 5:colcon.colcon_core.verb:set package 'pmb2_maps' build argument 'cmake_target_skip_unavailable' from command line to 'False'
[0.721s] Level 5:colcon.colcon_core.verb:set package 'pmb2_maps' build argument 'cmake_clean_cache' from command line to 'False'
[0.721s] Level 5:colcon.colcon_core.verb:set package 'pmb2_maps' build argument 'cmake_clean_first' from command line to 'False'
[0.721s] Level 5:colcon.colcon_core.verb:set package 'pmb2_maps' build argument 'cmake_force_configure' from command line to 'False'
[0.721s] Level 5:colcon.colcon_core.verb:set package 'pmb2_maps' build argument 'ament_cmake_args' from command line to 'None'
[0.721s] Level 5:colcon.colcon_core.verb:set package 'pmb2_maps' build argument 'catkin_cmake_args' from command line to 'None'
[0.721s] Level 5:colcon.colcon_core.verb:set package 'pmb2_maps' build argument 'catkin_skip_building_tests' from command line to 'False'
[0.721s] DEBUG:colcon.colcon_core.verb:Building package 'pmb2_maps' with the following arguments: {'ament_cmake_args': None, 'build_base': '/home/khaledob/bookros2_ws/build/pmb2_maps', 'catkin_cmake_args': None, 'catkin_skip_building_tests': False, 'cmake_args': None, 'cmake_clean_cache': False, 'cmake_clean_first': False, 'cmake_force_configure': False, 'cmake_target': None, 'cmake_target_skip_unavailable': False, 'install_base': '/home/khaledob/bookros2_ws/install/pmb2_maps', 'merge_install': False, 'path': '/home/khaledob/bookros2_ws/src/ThirdParty/pmb2_navigation/pmb2_maps', 'symlink_install': True, 'test_result_base': None}
[0.722s] Level 5:colcon.colcon_core.verb:set package 'ros2_control_test_assets' build argument 'cmake_args' from command line to 'None'
[0.722s] Level 5:colcon.colcon_core.verb:set package 'ros2_control_test_assets' build argument 'cmake_target' from command line to 'None'
[0.722s] Level 5:colcon.colcon_core.verb:set package 'ros2_control_test_assets' build argument 'cmake_target_skip_unavailable' from command line to 'False'
[0.722s] Level 5:colcon.colcon_core.verb:set package 'ros2_control_test_assets' build argument 'cmake_clean_cache' from command line to 'False'
[0.722s] Level 5:colcon.colcon_core.verb:set package 'ros2_control_test_assets' build argument 'cmake_clean_first' from command line to 'False'
[0.722s] Level 5:colcon.colcon_core.verb:set package 'ros2_control_test_assets' build argument 'cmake_force_configure' from command line to 'False'
[0.722s] Level 5:colcon.colcon_core.verb:set package 'ros2_control_test_assets' build argument 'ament_cmake_args' from command line to 'None'
[0.722s] Level 5:colcon.colcon_core.verb:set package 'ros2_control_test_assets' build argument 'catkin_cmake_args' from command line to 'None'
[0.722s] Level 5:colcon.colcon_core.verb:set package 'ros2_control_test_assets' build argument 'catkin_skip_building_tests' from command line to 'False'
[0.722s] DEBUG:colcon.colcon_core.verb:Building package 'ros2_control_test_assets' with the following arguments: {'ament_cmake_args': None, 'build_base': '/home/khaledob/bookros2_ws/build/ros2_control_test_assets', 'catkin_cmake_args': None, 'catkin_skip_building_tests': False, 'cmake_args': None, 'cmake_clean_cache': False, 'cmake_clean_first': False, 'cmake_force_configure': False, 'cmake_target': None, 'cmake_target_skip_unavailable': False, 'install_base': '/home/khaledob/bookros2_ws/install/ros2_control_test_assets', 'merge_install': False, 'path': '/home/khaledob/bookros2_ws/src/ThirdParty/ros2_control/ros2_control_test_assets', 'symlink_install': True, 'test_result_base': None}
[0.723s] Level 5:colcon.colcon_core.verb:set package 'task1' build argument 'cmake_args' from command line to 'None'
[0.723s] Level 5:colcon.colcon_core.verb:set package 'task1' build argument 'cmake_target' from command line to 'None'
[0.723s] Level 5:colcon.colcon_core.verb:set package 'task1' build argument 'cmake_target_skip_unavailable' from command line to 'False'
[0.723s] Level 5:colcon.colcon_core.verb:set package 'task1' build argument 'cmake_clean_cache' from command line to 'False'
[0.724s] Level 5:colcon.colcon_core.verb:set package 'task1' build argument 'cmake_clean_first' from command line to 'False'
[0.724s] Level 5:colcon.colcon_core.verb:set package 'task1' build argument 'cmake_force_configure' from command line to 'False'
[0.724s] Level 5:colcon.colcon_core.verb:set package 'task1' build argument 'ament_cmake_args' from command line to 'None'
[0.724s] Level 5:colcon.colcon_core.verb:set package 'task1' build argument 'catkin_cmake_args' from command line to 'None'
[0.724s] Level 5:colcon.colcon_core.verb:set package 'task1' build argument 'catkin_skip_building_tests' from command line to 'False'
[0.724s] DEBUG:colcon.colcon_core.verb:Building package 'task1' with the following arguments: {'ament_cmake_args': None, 'build_base': '/home/khaledob/bookros2_ws/build/task1', 'catkin_cmake_args': None, 'catkin_skip_building_tests': False, 'cmake_args': None, 'cmake_clean_cache': False, 'cmake_clean_first': False, 'cmake_force_configure': False, 'cmake_target': None, 'cmake_target_skip_unavailable': False, 'install_base': '/home/khaledob/bookros2_ws/install/task1', 'merge_install': False, 'path': '/home/khaledob/bookros2_ws/src/task1', 'symlink_install': True, 'test_result_base': None}
[0.724s] Level 5:colcon.colcon_core.verb:set package 'tiago_description_calibration' build argument 'cmake_args' from command line to 'None'
[0.725s] Level 5:colcon.colcon_core.verb:set package 'tiago_description_calibration' build argument 'cmake_target' from command line to 'None'
[0.725s] Level 5:colcon.colcon_core.verb:set package 'tiago_description_calibration' build argument 'cmake_target_skip_unavailable' from command line to 'False'
[0.725s] Level 5:colcon.colcon_core.verb:set package 'tiago_description_calibration' build argument 'cmake_clean_cache' from command line to 'False'
[0.725s] Level 5:colcon.colcon_core.verb:set package 'tiago_description_calibration' build argument 'cmake_clean_first' from command line to 'False'
[0.725s] Level 5:colcon.colcon_core.verb:set package 'tiago_description_calibration' build argument 'cmake_force_configure' from command line to 'False'
[0.725s] Level 5:colcon.colcon_core.verb:set package 'tiago_description_calibration' build argument 'ament_cmake_args' from command line to 'None'
[0.725s] Level 5:colcon.colcon_core.verb:set package 'tiago_description_calibration' build argument 'catkin_cmake_args' from command line to 'None'
[0.725s] Level 5:colcon.colcon_core.verb:set package 'tiago_description_calibration' build argument 'catkin_skip_building_tests' from command line to 'False'
[0.725s] DEBUG:colcon.colcon_core.verb:Building package 'tiago_description_calibration' with the following arguments: {'ament_cmake_args': None, 'build_base': '/home/khaledob/bookros2_ws/build/tiago_description_calibration', 'catkin_cmake_args': None, 'catkin_skip_building_tests': False, 'cmake_args': None, 'cmake_clean_cache': False, 'cmake_clean_first': False, 'cmake_force_configure': False, 'cmake_target': None, 'cmake_target_skip_unavailable': False, 'install_base': '/home/khaledob/bookros2_ws/install/tiago_description_calibration', 'merge_install': False, 'path': '/home/khaledob/bookros2_ws/src/ThirdParty/tiago_description_calibration', 'symlink_install': True, 'test_result_base': None}
[0.726s] Level 5:colcon.colcon_core.verb:set package 'twist_mux' build argument 'cmake_args' from command line to 'None'
[0.726s] Level 5:colcon.colcon_core.verb:set package 'twist_mux' build argument 'cmake_target' from command line to 'None'
[0.726s] Level 5:colcon.colcon_core.verb:set package 'twist_mux' build argument 'cmake_target_skip_unavailable' from command line to 'False'
[0.726s] Level 5:colcon.colcon_core.verb:set package 'twist_mux' build argument 'cmake_clean_cache' from command line to 'False'
[0.726s] Level 5:colcon.colcon_core.verb:set package 'twist_mux' build argument 'cmake_clean_first' from command line to 'False'
[0.726s] Level 5:colcon.colcon_core.verb:set package 'twist_mux' build argument 'cmake_force_configure' from command line to 'False'
[0.727s] Level 5:colcon.colcon_core.verb:set package 'twist_mux' build argument 'ament_cmake_args' from command line to 'None'
[0.727s] Level 5:colcon.colcon_core.verb:set package 'twist_mux' build argument 'catkin_cmake_args' from command line to 'None'
[0.727s] Level 5:colcon.colcon_core.verb:set package 'twist_mux' build argument 'catkin_skip_building_tests' from command line to 'False'
[0.727s] DEBUG:colcon.colcon_core.verb:Building package 'twist_mux' with the following arguments: {'ament_cmake_args': None, 'build_base': '/home/khaledob/bookros2_ws/build/twist_mux', 'catkin_cmake_args': None, 'catkin_skip_building_tests': False, 'cmake_args': None, 'cmake_clean_cache': False, 'cmake_clean_first': False, 'cmake_force_configure': False, 'cmake_target': None, 'cmake_target_skip_unavailable': False, 'install_base': '/home/khaledob/bookros2_ws/install/twist_mux', 'merge_install': False, 'path': '/home/khaledob/bookros2_ws/src/ThirdParty/twist_mux', 'symlink_install': True, 'test_result_base': None}
[0.728s] Level 5:colcon.colcon_core.verb:set package 'urdf_test' build argument 'cmake_args' from command line to 'None'
[0.728s] Level 5:colcon.colcon_core.verb:set package 'urdf_test' build argument 'cmake_target' from command line to 'None'
[0.729s] Level 5:colcon.colcon_core.verb:set package 'urdf_test' build argument 'cmake_target_skip_unavailable' from command line to 'False'
[0.729s] Level 5:colcon.colcon_core.verb:set package 'urdf_test' build argument 'cmake_clean_cache' from command line to 'False'
[0.729s] Level 5:colcon.colcon_core.verb:set package 'urdf_test' build argument 'cmake_clean_first' from command line to 'False'
[0.729s] Level 5:colcon.colcon_core.verb:set package 'urdf_test' build argument 'cmake_force_configure' from command line to 'False'
[0.729s] Level 5:colcon.colcon_core.verb:set package 'urdf_test' build argument 'ament_cmake_args' from command line to 'None'
[0.729s] Level 5:colcon.colcon_core.verb:set package 'urdf_test' build argument 'catkin_cmake_args' from command line to 'None'
[0.729s] Level 5:colcon.colcon_core.verb:set package 'urdf_test' build argument 'catkin_skip_building_tests' from command line to 'False'
[0.729s] DEBUG:colcon.colcon_core.verb:Building package 'urdf_test' with the following arguments: {'ament_cmake_args': None, 'build_base': '/home/khaledob/bookros2_ws/build/urdf_test', 'catkin_cmake_args': None, 'catkin_skip_building_tests': False, 'cmake_args': None, 'cmake_clean_cache': False, 'cmake_clean_first': False, 'cmake_force_configure': False, 'cmake_target': None, 'cmake_target_skip_unavailable': False, 'install_base': '/home/khaledob/bookros2_ws/install/urdf_test', 'merge_install': False, 'path': '/home/khaledob/bookros2_ws/src/ThirdParty/urdf_test', 'symlink_install': True, 'test_result_base': None}
[0.729s] Level 5:colcon.colcon_core.verb:set package 'br2_tracking' build argument 'cmake_args' from command line to 'None'
[0.729s] Level 5:colcon.colcon_core.verb:set package 'br2_tracking' build argument 'cmake_target' from command line to 'None'
[0.730s] Level 5:colcon.colcon_core.verb:set package 'br2_tracking' build argument 'cmake_target_skip_unavailable' from command line to 'False'
[0.730s] Level 5:colcon.colcon_core.verb:set package 'br2_tracking' build argument 'cmake_clean_cache' from command line to 'False'
[0.730s] Level 5:colcon.colcon_core.verb:set package 'br2_tracking' build argument 'cmake_clean_first' from command line to 'False'
[0.730s] Level 5:colcon.colcon_core.verb:set package 'br2_tracking' build argument 'cmake_force_configure' from command line to 'False'
[0.730s] Level 5:colcon.colcon_core.verb:set package 'br2_tracking' build argument 'ament_cmake_args' from command line to 'None'
[0.730s] Level 5:colcon.colcon_core.verb:set package 'br2_tracking' build argument 'catkin_cmake_args' from command line to 'None'
[0.730s] Level 5:colcon.colcon_core.verb:set package 'br2_tracking' build argument 'catkin_skip_building_tests' from command line to 'False'
[0.730s] DEBUG:colcon.colcon_core.verb:Building package 'br2_tracking' with the following arguments: {'ament_cmake_args': None, 'build_base': '/home/khaledob/bookros2_ws/build/br2_tracking', 'catkin_cmake_args': None, 'catkin_skip_building_tests': False, 'cmake_args': None, 'cmake_clean_cache': False, 'cmake_clean_first': False, 'cmake_force_configure': False, 'cmake_target': None, 'cmake_target_skip_unavailable': False, 'install_base': '/home/khaledob/bookros2_ws/install/br2_tracking', 'merge_install': False, 'path': '/home/khaledob/bookros2_ws/src/book_ros2/br2_tracking', 'symlink_install': True, 'test_result_base': None}
[0.730s] Level 5:colcon.colcon_core.verb:set package 'hardware_interface' build argument 'cmake_args' from command line to 'None'
[0.730s] Level 5:colcon.colcon_core.verb:set package 'hardware_interface' build argument 'cmake_target' from command line to 'None'
[0.730s] Level 5:colcon.colcon_core.verb:set package 'hardware_interface' build argument 'cmake_target_skip_unavailable' from command line to 'False'
[0.730s] Level 5:colcon.colcon_core.verb:set package 'hardware_interface' build argument 'cmake_clean_cache' from command line to 'False'
[0.731s] Level 5:colcon.colcon_core.verb:set package 'hardware_interface' build argument 'cmake_clean_first' from command line to 'False'
[0.731s] Level 5:colcon.colcon_core.verb:set package 'hardware_interface' build argument 'cmake_force_configure' from command line to 'False'
[0.731s] Level 5:colcon.colcon_core.verb:set package 'hardware_interface' build argument 'ament_cmake_args' from command line to 'None'
[0.731s] Level 5:colcon.colcon_core.verb:set package 'hardware_interface' build argument 'catkin_cmake_args' from command line to 'None'
[0.731s] Level 5:colcon.colcon_core.verb:set package 'hardware_interface' build argument 'catkin_skip_building_tests' from command line to 'False'
[0.731s] DEBUG:colcon.colcon_core.verb:Building package 'hardware_interface' with the following arguments: {'ament_cmake_args': None, 'build_base': '/home/khaledob/bookros2_ws/build/hardware_interface', 'catkin_cmake_args': None, 'catkin_skip_building_tests': False, 'cmake_args': None, 'cmake_clean_cache': False, 'cmake_clean_first': False, 'cmake_force_configure': False, 'cmake_target': None, 'cmake_target_skip_unavailable': False, 'install_base': '/home/khaledob/bookros2_ws/install/hardware_interface', 'merge_install': False, 'path': '/home/khaledob/bookros2_ws/src/ThirdParty/ros2_control/hardware_interface', 'symlink_install': True, 'test_result_base': None}
[0.731s] Level 5:colcon.colcon_core.verb:set package 'pal_gripper_description' build argument 'cmake_args' from command line to 'None'
[0.732s] Level 5:colcon.colcon_core.verb:set package 'pal_gripper_description' build argument 'cmake_target' from command line to 'None'
[0.732s] Level 5:colcon.colcon_core.verb:set package 'pal_gripper_description' build argument 'cmake_target_skip_unavailable' from command line to 'False'
[0.732s] Level 5:colcon.colcon_core.verb:set package 'pal_gripper_description' build argument 'cmake_clean_cache' from command line to 'False'
[0.732s] Level 5:colcon.colcon_core.verb:set package 'pal_gripper_description' build argument 'cmake_clean_first' from command line to 'False'
[0.732s] Level 5:colcon.colcon_core.verb:set package 'pal_gripper_description' build argument 'cmake_force_configure' from command line to 'False'
[0.732s] Level 5:colcon.colcon_core.verb:set package 'pal_gripper_description' build argument 'ament_cmake_args' from command line to 'None'
[0.732s] Level 5:colcon.colcon_core.verb:set package 'pal_gripper_description' build argument 'catkin_cmake_args' from command line to 'None'
[0.732s] Level 5:colcon.colcon_core.verb:set package 'pal_gripper_description' build argument 'catkin_skip_building_tests' from command line to 'False'
[0.732s] DEBUG:colcon.colcon_core.verb:Building package 'pal_gripper_description' with the following arguments: {'ament_cmake_args': None, 'build_base': '/home/khaledob/bookros2_ws/build/pal_gripper_description', 'catkin_cmake_args': None, 'catkin_skip_building_tests': False, 'cmake_args': None, 'cmake_clean_cache': False, 'cmake_clean_first': False, 'cmake_force_configure': False, 'cmake_target': None, 'cmake_target_skip_unavailable': False, 'install_base': '/home/khaledob/bookros2_ws/install/pal_gripper_description', 'merge_install': False, 'path': '/home/khaledob/bookros2_ws/src/ThirdParty/pal_gripper/pal_gripper_description', 'symlink_install': True, 'test_result_base': None}
[0.733s] Level 5:colcon.colcon_core.verb:set package 'pmb2_2dnav' build argument 'cmake_args' from command line to 'None'
[0.733s] Level 5:colcon.colcon_core.verb:set package 'pmb2_2dnav' build argument 'cmake_target' from command line to 'None'
[0.733s] Level 5:colcon.colcon_core.verb:set package 'pmb2_2dnav' build argument 'cmake_target_skip_unavailable' from command line to 'False'
[0.733s] Level 5:colcon.colcon_core.verb:set package 'pmb2_2dnav' build argument 'cmake_clean_cache' from command line to 'False'
[0.733s] Level 5:colcon.colcon_core.verb:set package 'pmb2_2dnav' build argument 'cmake_clean_first' from command line to 'False'
[0.733s] Level 5:colcon.colcon_core.verb:set package 'pmb2_2dnav' build argument 'cmake_force_configure' from command line to 'False'
[0.733s] Level 5:colcon.colcon_core.verb:set package 'pmb2_2dnav' build argument 'ament_cmake_args' from command line to 'None'
[0.733s] Level 5:colcon.colcon_core.verb:set package 'pmb2_2dnav' build argument 'catkin_cmake_args' from command line to 'None'
[0.733s] Level 5:colcon.colcon_core.verb:set package 'pmb2_2dnav' build argument 'catkin_skip_building_tests' from command line to 'False'
[0.733s] DEBUG:colcon.colcon_core.verb:Building package 'pmb2_2dnav' with the following arguments: {'ament_cmake_args': None, 'build_base': '/home/khaledob/bookros2_ws/build/pmb2_2dnav', 'catkin_cmake_args': None, 'catkin_skip_building_tests': False, 'cmake_args': None, 'cmake_clean_cache': False, 'cmake_clean_first': False, 'cmake_force_configure': False, 'cmake_target': None, 'cmake_target_skip_unavailable': False, 'install_base': '/home/khaledob/bookros2_ws/install/pmb2_2dnav', 'merge_install': False, 'path': '/home/khaledob/bookros2_ws/src/ThirdParty/pmb2_navigation/pmb2_2dnav', 'symlink_install': True, 'test_result_base': None}
[0.734s] Level 5:colcon.colcon_core.verb:set package 'controller_interface' build argument 'cmake_args' from command line to 'None'
[0.734s] Level 5:colcon.colcon_core.verb:set package 'controller_interface' build argument 'cmake_target' from command line to 'None'
[0.734s] Level 5:colcon.colcon_core.verb:set package 'controller_interface' build argument 'cmake_target_skip_unavailable' from command line to 'False'
[0.735s] Level 5:colcon.colcon_core.verb:set package 'controller_interface' build argument 'cmake_clean_cache' from command line to 'False'
[0.735s] Level 5:colcon.colcon_core.verb:set package 'controller_interface' build argument 'cmake_clean_first' from command line to 'False'
[0.735s] Level 5:colcon.colcon_core.verb:set package 'controller_interface' build argument 'cmake_force_configure' from command line to 'False'
[0.735s] Level 5:colcon.colcon_core.verb:set package 'controller_interface' build argument 'ament_cmake_args' from command line to 'None'
[0.735s] Level 5:colcon.colcon_core.verb:set package 'controller_interface' build argument 'catkin_cmake_args' from command line to 'None'
[0.735s] Level 5:colcon.colcon_core.verb:set package 'controller_interface' build argument 'catkin_skip_building_tests' from command line to 'False'
[0.735s] DEBUG:colcon.colcon_core.verb:Building package 'controller_interface' with the following arguments: {'ament_cmake_args': None, 'build_base': '/home/khaledob/bookros2_ws/build/controller_interface', 'catkin_cmake_args': None, 'catkin_skip_building_tests': False, 'cmake_args': None, 'cmake_clean_cache': False, 'cmake_clean_first': False, 'cmake_force_configure': False, 'cmake_target': None, 'cmake_target_skip_unavailable': False, 'install_base': '/home/khaledob/bookros2_ws/install/controller_interface', 'merge_install': False, 'path': '/home/khaledob/bookros2_ws/src/ThirdParty/ros2_control/controller_interface', 'symlink_install': True, 'test_result_base': None}
[0.736s] Level 5:colcon.colcon_core.verb:set package 'pmb2_navigation' build argument 'cmake_args' from command line to 'None'
[0.736s] Level 5:colcon.colcon_core.verb:set package 'pmb2_navigation' build argument 'cmake_target' from command line to 'None'
[0.737s] Level 5:colcon.colcon_core.verb:set package 'pmb2_navigation' build argument 'cmake_target_skip_unavailable' from command line to 'False'
[0.737s] Level 5:colcon.colcon_core.verb:set package 'pmb2_navigation' build argument 'cmake_clean_cache' from command line to 'False'
[0.737s] Level 5:colcon.colcon_core.verb:set package 'pmb2_navigation' build argument 'cmake_clean_first' from command line to 'False'
[0.737s] Level 5:colcon.colcon_core.verb:set package 'pmb2_navigation' build argument 'cmake_force_configure' from command line to 'False'
[0.737s] Level 5:colcon.colcon_core.verb:set package 'pmb2_navigation' build argument 'ament_cmake_args' from command line to 'None'
[0.737s] Level 5:colcon.colcon_core.verb:set package 'pmb2_navigation' build argument 'catkin_cmake_args' from command line to 'None'
[0.737s] Level 5:colcon.colcon_core.verb:set package 'pmb2_navigation' build argument 'catkin_skip_building_tests' from command line to 'False'
[0.737s] DEBUG:colcon.colcon_core.verb:Building package 'pmb2_navigation' with the following arguments: {'ament_cmake_args': None, 'build_base': '/home/khaledob/bookros2_ws/build/pmb2_navigation', 'catkin_cmake_args': None, 'catkin_skip_building_tests': False, 'cmake_args': None, 'cmake_clean_cache': False, 'cmake_clean_first': False, 'cmake_force_configure': False, 'cmake_target': None, 'cmake_target_skip_unavailable': False, 'install_base': '/home/khaledob/bookros2_ws/install/pmb2_navigation', 'merge_install': False, 'path': '/home/khaledob/bookros2_ws/src/ThirdParty/pmb2_navigation/pmb2_navigation', 'symlink_install': True, 'test_result_base': None}
[0.737s] Level 5:colcon.colcon_core.verb:set package 'transmission_interface' build argument 'cmake_args' from command line to 'None'
[0.737s] Level 5:colcon.colcon_core.verb:set package 'transmission_interface' build argument 'cmake_target' from command line to 'None'
[0.737s] Level 5:colcon.colcon_core.verb:set package 'transmission_interface' build argument 'cmake_target_skip_unavailable' from command line to 'False'
[0.737s] Level 5:colcon.colcon_core.verb:set package 'transmission_interface' build argument 'cmake_clean_cache' from command line to 'False'
[0.738s] Level 5:colcon.colcon_core.verb:set package 'transmission_interface' build argument 'cmake_clean_first' from command line to 'False'
[0.738s] Level 5:colcon.colcon_core.verb:set package 'transmission_interface' build argument 'cmake_force_configure' from command line to 'False'
[0.738s] Level 5:colcon.colcon_core.verb:set package 'transmission_interface' build argument 'ament_cmake_args' from command line to 'None'
[0.738s] Level 5:colcon.colcon_core.verb:set package 'transmission_interface' build argument 'catkin_cmake_args' from command line to 'None'
[0.738s] Level 5:colcon.colcon_core.verb:set package 'transmission_interface' build argument 'catkin_skip_building_tests' from command line to 'False'
[0.738s] DEBUG:colcon.colcon_core.verb:Building package 'transmission_interface' with the following arguments: {'ament_cmake_args': None, 'build_base': '/home/khaledob/bookros2_ws/build/transmission_interface', 'catkin_cmake_args': None, 'catkin_skip_building_tests': False, 'cmake_args': None, 'cmake_clean_cache': False, 'cmake_clean_first': False, 'cmake_force_configure': False, 'cmake_target': None, 'cmake_target_skip_unavailable': False, 'install_base': '/home/khaledob/bookros2_ws/install/transmission_interface', 'merge_install': False, 'path': '/home/khaledob/bookros2_ws/src/ThirdParty/ros2_control/transmission_interface', 'symlink_install': True, 'test_result_base': None}
[0.738s] Level 5:colcon.colcon_core.verb:set package 'controller_manager' build argument 'cmake_args' from command line to 'None'
[0.739s] Level 5:colcon.colcon_core.verb:set package 'controller_manager' build argument 'cmake_target' from command line to 'None'
[0.739s] Level 5:colcon.colcon_core.verb:set package 'controller_manager' build argument 'cmake_target_skip_unavailable' from command line to 'False'
[0.739s] Level 5:colcon.colcon_core.verb:set package 'controller_manager' build argument 'cmake_clean_cache' from command line to 'False'
[0.739s] Level 5:colcon.colcon_core.verb:set package 'controller_manager' build argument 'cmake_clean_first' from command line to 'False'
[0.739s] Level 5:colcon.colcon_core.verb:set package 'controller_manager' build argument 'cmake_force_configure' from command line to 'False'
[0.739s] Level 5:colcon.colcon_core.verb:set package 'controller_manager' build argument 'ament_cmake_args' from command line to 'None'
[0.739s] Level 5:colcon.colcon_core.verb:set package 'controller_manager' build argument 'catkin_cmake_args' from command line to 'None'
[0.739s] Level 5:colcon.colcon_core.verb:set package 'controller_manager' build argument 'catkin_skip_building_tests' from command line to 'False'
[0.739s] DEBUG:colcon.colcon_core.verb:Building package 'controller_manager' with the following arguments: {'ament_cmake_args': None, 'build_base': '/home/khaledob/bookros2_ws/build/controller_manager', 'catkin_cmake_args': None, 'catkin_skip_building_tests': False, 'cmake_args': None, 'cmake_clean_cache': False, 'cmake_clean_first': False, 'cmake_force_configure': False, 'cmake_target': None, 'cmake_target_skip_unavailable': False, 'install_base': '/home/khaledob/bookros2_ws/install/controller_manager', 'merge_install': False, 'path': '/home/khaledob/bookros2_ws/src/ThirdParty/ros2_control/controller_manager', 'symlink_install': True, 'test_result_base': None}
[0.739s] Level 5:colcon.colcon_core.verb:set package 'diff_drive_controller' build argument 'cmake_args' from command line to 'None'
[0.740s] Level 5:colcon.colcon_core.verb:set package 'diff_drive_controller' build argument 'cmake_target' from command line to 'None'
[0.740s] Level 5:colcon.colcon_core.verb:set package 'diff_drive_controller' build argument 'cmake_target_skip_unavailable' from command line to 'False'
[0.740s] Level 5:colcon.colcon_core.verb:set package 'diff_drive_controller' build argument 'cmake_clean_cache' from command line to 'False'
[0.740s] Level 5:colcon.colcon_core.verb:set package 'diff_drive_controller' build argument 'cmake_clean_first' from command line to 'False'
[0.740s] Level 5:colcon.colcon_core.verb:set package 'diff_drive_controller' build argument 'cmake_force_configure' from command line to 'False'
[0.740s] Level 5:colcon.colcon_core.verb:set package 'diff_drive_controller' build argument 'ament_cmake_args' from command line to 'None'
[0.740s] Level 5:colcon.colcon_core.verb:set package 'diff_drive_controller' build argument 'catkin_cmake_args' from command line to 'None'
[0.740s] Level 5:colcon.colcon_core.verb:set package 'diff_drive_controller' build argument 'catkin_skip_building_tests' from command line to 'False'
[0.740s] DEBUG:colcon.colcon_core.verb:Building package 'diff_drive_controller' with the following arguments: {'ament_cmake_args': None, 'build_base': '/home/khaledob/bookros2_ws/build/diff_drive_controller', 'catkin_cmake_args': None, 'catkin_skip_building_tests': False, 'cmake_args': None, 'cmake_clean_cache': False, 'cmake_clean_first': False, 'cmake_force_configure': False, 'cmake_target': None, 'cmake_target_skip_unavailable': False, 'install_base': '/home/khaledob/bookros2_ws/install/diff_drive_controller', 'merge_install': False, 'path': '/home/khaledob/bookros2_ws/src/ThirdParty/ros2_controllers/diff_drive_controller', 'symlink_install': True, 'test_result_base': None}
[0.741s] Level 5:colcon.colcon_core.verb:set package 'force_torque_sensor_broadcaster' build argument 'cmake_args' from command line to 'None'
[0.741s] Level 5:colcon.colcon_core.verb:set package 'force_torque_sensor_broadcaster' build argument 'cmake_target' from command line to 'None'
[0.741s] Level 5:colcon.colcon_core.verb:set package 'force_torque_sensor_broadcaster' build argument 'cmake_target_skip_unavailable' from command line to 'False'
[0.741s] Level 5:colcon.colcon_core.verb:set package 'force_torque_sensor_broadcaster' build argument 'cmake_clean_cache' from command line to 'False'
[0.741s] Level 5:colcon.colcon_core.verb:set package 'force_torque_sensor_broadcaster' build argument 'cmake_clean_first' from command line to 'False'
[0.741s] Level 5:colcon.colcon_core.verb:set package 'force_torque_sensor_broadcaster' build argument 'cmake_force_configure' from command line to 'False'
[0.741s] Level 5:colcon.colcon_core.verb:set package 'force_torque_sensor_broadcaster' build argument 'ament_cmake_args' from command line to 'None'
[0.741s] Level 5:colcon.colcon_core.verb:set package 'force_torque_sensor_broadcaster' build argument 'catkin_cmake_args' from command line to 'None'
[0.741s] Level 5:colcon.colcon_core.verb:set package 'force_torque_sensor_broadcaster' build argument 'catkin_skip_building_tests' from command line to 'False'
[0.741s] DEBUG:colcon.colcon_core.verb:Building package 'force_torque_sensor_broadcaster' with the following arguments: {'ament_cmake_args': None, 'build_base': '/home/khaledob/bookros2_ws/build/force_torque_sensor_broadcaster', 'catkin_cmake_args': None, 'catkin_skip_building_tests': False, 'cmake_args': None, 'cmake_clean_cache': False, 'cmake_clean_first': False, 'cmake_force_configure': False, 'cmake_target': None, 'cmake_target_skip_unavailable': False, 'install_base': '/home/khaledob/bookros2_ws/install/force_torque_sensor_broadcaster', 'merge_install': False, 'path': '/home/khaledob/bookros2_ws/src/ThirdParty/ros2_controllers/force_torque_sensor_broadcaster', 'symlink_install': True, 'test_result_base': None}
[0.741s] Level 5:colcon.colcon_core.verb:set package 'forward_command_controller' build argument 'cmake_args' from command line to 'None'
[0.742s] Level 5:colcon.colcon_core.verb:set package 'forward_command_controller' build argument 'cmake_target' from command line to 'None'
[0.742s] Level 5:colcon.colcon_core.verb:set package 'forward_command_controller' build argument 'cmake_target_skip_unavailable' from command line to 'False'
[0.742s] Level 5:colcon.colcon_core.verb:set package 'forward_command_controller' build argument 'cmake_clean_cache' from command line to 'False'
[0.742s] Level 5:colcon.colcon_core.verb:set package 'forward_command_controller' build argument 'cmake_clean_first' from command line to 'False'
[0.742s] Level 5:colcon.colcon_core.verb:set package 'forward_command_controller' build argument 'cmake_force_configure' from command line to 'False'
[0.742s] Level 5:colcon.colcon_core.verb:set package 'forward_command_controller' build argument 'ament_cmake_args' from command line to 'None'
[0.742s] Level 5:colcon.colcon_core.verb:set package 'forward_command_controller' build argument 'catkin_cmake_args' from command line to 'None'
[0.742s] Level 5:colcon.colcon_core.verb:set package 'forward_command_controller' build argument 'catkin_skip_building_tests' from command line to 'False'
[0.742s] DEBUG:colcon.colcon_core.verb:Building package 'forward_command_controller' with the following arguments: {'ament_cmake_args': None, 'build_base': '/home/khaledob/bookros2_ws/build/forward_command_controller', 'catkin_cmake_args': None, 'catkin_skip_building_tests': False, 'cmake_args': None, 'cmake_clean_cache': False, 'cmake_clean_first': False, 'cmake_force_configure': False, 'cmake_target': None, 'cmake_target_skip_unavailable': False, 'install_base': '/home/khaledob/bookros2_ws/install/forward_command_controller', 'merge_install': False, 'path': '/home/khaledob/bookros2_ws/src/ThirdParty/ros2_controllers/forward_command_controller', 'symlink_install': True, 'test_result_base': None}
[0.742s] Level 5:colcon.colcon_core.verb:set package 'gazebo_ros2_control' build argument 'cmake_args' from command line to 'None'
[0.742s] Level 5:colcon.colcon_core.verb:set package 'gazebo_ros2_control' build argument 'cmake_target' from command line to 'None'
[0.742s] Level 5:colcon.colcon_core.verb:set package 'gazebo_ros2_control' build argument 'cmake_target_skip_unavailable' from command line to 'False'
[0.742s] Level 5:colcon.colcon_core.verb:set package 'gazebo_ros2_control' build argument 'cmake_clean_cache' from command line to 'False'
[0.742s] Level 5:colcon.colcon_core.verb:set package 'gazebo_ros2_control' build argument 'cmake_clean_first' from command line to 'False'
[0.743s] Level 5:colcon.colcon_core.verb:set package 'gazebo_ros2_control' build argument 'cmake_force_configure' from command line to 'False'
[0.743s] Level 5:colcon.colcon_core.verb:set package 'gazebo_ros2_control' build argument 'ament_cmake_args' from command line to 'None'
[0.743s] Level 5:colcon.colcon_core.verb:set package 'gazebo_ros2_control' build argument 'catkin_cmake_args' from command line to 'None'
[0.743s] Level 5:colcon.colcon_core.verb:set package 'gazebo_ros2_control' build argument 'catkin_skip_building_tests' from command line to 'False'
[0.743s] DEBUG:colcon.colcon_core.verb:Building package 'gazebo_ros2_control' with the following arguments: {'ament_cmake_args': None, 'build_base': '/home/khaledob/bookros2_ws/build/gazebo_ros2_control', 'catkin_cmake_args': None, 'catkin_skip_building_tests': False, 'cmake_args': None, 'cmake_clean_cache': False, 'cmake_clean_first': False, 'cmake_force_configure': False, 'cmake_target': None, 'cmake_target_skip_unavailable': False, 'install_base': '/home/khaledob/bookros2_ws/install/gazebo_ros2_control', 'merge_install': False, 'path': '/home/khaledob/bookros2_ws/src/ThirdParty/gazebo_ros2_control/gazebo_ros2_control', 'symlink_install': True, 'test_result_base': None}
[0.743s] Level 5:colcon.colcon_core.verb:set package 'gripper_controllers' build argument 'cmake_args' from command line to 'None'
[0.743s] Level 5:colcon.colcon_core.verb:set package 'gripper_controllers' build argument 'cmake_target' from command line to 'None'
[0.743s] Level 5:colcon.colcon_core.verb:set package 'gripper_controllers' build argument 'cmake_target_skip_unavailable' from command line to 'False'
[0.743s] Level 5:colcon.colcon_core.verb:set package 'gripper_controllers' build argument 'cmake_clean_cache' from command line to 'False'
[0.744s] Level 5:colcon.colcon_core.verb:set package 'gripper_controllers' build argument 'cmake_clean_first' from command line to 'False'
[0.744s] Level 5:colcon.colcon_core.verb:set package 'gripper_controllers' build argument 'cmake_force_configure' from command line to 'False'
[0.744s] Level 5:colcon.colcon_core.verb:set package 'gripper_controllers' build argument 'ament_cmake_args' from command line to 'None'
[0.744s] Level 5:colcon.colcon_core.verb:set package 'gripper_controllers' build argument 'catkin_cmake_args' from command line to 'None'
[0.744s] Level 5:colcon.colcon_core.verb:set package 'gripper_controllers' build argument 'catkin_skip_building_tests' from command line to 'False'
[0.744s] DEBUG:colcon.colcon_core.verb:Building package 'gripper_controllers' with the following arguments: {'ament_cmake_args': None, 'build_base': '/home/khaledob/bookros2_ws/build/gripper_controllers', 'catkin_cmake_args': None, 'catkin_skip_building_tests': False, 'cmake_args': None, 'cmake_clean_cache': False, 'cmake_clean_first': False, 'cmake_force_configure': False, 'cmake_target': None, 'cmake_target_skip_unavailable': False, 'install_base': '/home/khaledob/bookros2_ws/install/gripper_controllers', 'merge_install': False, 'path': '/home/khaledob/bookros2_ws/src/ThirdParty/ros2_controllers/gripper_controllers', 'symlink_install': True, 'test_result_base': None}
[0.744s] Level 5:colcon.colcon_core.verb:set package 'imu_sensor_broadcaster' build argument 'cmake_args' from command line to 'None'
[0.745s] Level 5:colcon.colcon_core.verb:set package 'imu_sensor_broadcaster' build argument 'cmake_target' from command line to 'None'
[0.745s] Level 5:colcon.colcon_core.verb:set package 'imu_sensor_broadcaster' build argument 'cmake_target_skip_unavailable' from command line to 'False'
[0.745s] Level 5:colcon.colcon_core.verb:set package 'imu_sensor_broadcaster' build argument 'cmake_clean_cache' from command line to 'False'
[0.745s] Level 5:colcon.colcon_core.verb:set package 'imu_sensor_broadcaster' build argument 'cmake_clean_first' from command line to 'False'
[0.745s] Level 5:colcon.colcon_core.verb:set package 'imu_sensor_broadcaster' build argument 'cmake_force_configure' from command line to 'False'
[0.745s] Level 5:colcon.colcon_core.verb:set package 'imu_sensor_broadcaster' build argument 'ament_cmake_args' from command line to 'None'
[0.745s] Level 5:colcon.colcon_core.verb:set package 'imu_sensor_broadcaster' build argument 'catkin_cmake_args' from command line to 'None'
[0.745s] Level 5:colcon.colcon_core.verb:set package 'imu_sensor_broadcaster' build argument 'catkin_skip_building_tests' from command line to 'False'
[0.745s] DEBUG:colcon.colcon_core.verb:Building package 'imu_sensor_broadcaster' with the following arguments: {'ament_cmake_args': None, 'build_base': '/home/khaledob/bookros2_ws/build/imu_sensor_broadcaster', 'catkin_cmake_args': None, 'catkin_skip_building_tests': False, 'cmake_args': None, 'cmake_clean_cache': False, 'cmake_clean_first': False, 'cmake_force_configure': False, 'cmake_target': None, 'cmake_target_skip_unavailable': False, 'install_base': '/home/khaledob/bookros2_ws/install/imu_sensor_broadcaster', 'merge_install': False, 'path': '/home/khaledob/bookros2_ws/src/ThirdParty/ros2_controllers/imu_sensor_broadcaster', 'symlink_install': True, 'test_result_base': None}
[0.745s] Level 5:colcon.colcon_core.verb:set package 'joint_state_broadcaster' build argument 'cmake_args' from command line to 'None'
[0.745s] Level 5:colcon.colcon_core.verb:set package 'joint_state_broadcaster' build argument 'cmake_target' from command line to 'None'
[0.746s] Level 5:colcon.colcon_core.verb:set package 'joint_state_broadcaster' build argument 'cmake_target_skip_unavailable' from command line to 'False'
[0.746s] Level 5:colcon.colcon_core.verb:set package 'joint_state_broadcaster' build argument 'cmake_clean_cache' from command line to 'False'
[0.746s] Level 5:colcon.colcon_core.verb:set package 'joint_state_broadcaster' build argument 'cmake_clean_first' from command line to 'False'
[0.746s] Level 5:colcon.colcon_core.verb:set package 'joint_state_broadcaster' build argument 'cmake_force_configure' from command line to 'False'
[0.746s] Level 5:colcon.colcon_core.verb:set package 'joint_state_broadcaster' build argument 'ament_cmake_args' from command line to 'None'
[0.746s] Level 5:colcon.colcon_core.verb:set package 'joint_state_broadcaster' build argument 'catkin_cmake_args' from command line to 'None'
[0.746s] Level 5:colcon.colcon_core.verb:set package 'joint_state_broadcaster' build argument 'catkin_skip_building_tests' from command line to 'False'
[0.746s] DEBUG:colcon.colcon_core.verb:Building package 'joint_state_broadcaster' with the following arguments: {'ament_cmake_args': None, 'build_base': '/home/khaledob/bookros2_ws/build/joint_state_broadcaster', 'catkin_cmake_args': None, 'catkin_skip_building_tests': False, 'cmake_args': None, 'cmake_clean_cache': False, 'cmake_clean_first': False, 'cmake_force_configure': False, 'cmake_target': None, 'cmake_target_skip_unavailable': False, 'install_base': '/home/khaledob/bookros2_ws/install/joint_state_broadcaster', 'merge_install': False, 'path': '/home/khaledob/bookros2_ws/src/ThirdParty/ros2_controllers/joint_state_broadcaster', 'symlink_install': True, 'test_result_base': None}
[0.746s] Level 5:colcon.colcon_core.verb:set package 'joint_trajectory_controller' build argument 'cmake_args' from command line to 'None'
[0.746s] Level 5:colcon.colcon_core.verb:set package 'joint_trajectory_controller' build argument 'cmake_target' from command line to 'None'
[0.746s] Level 5:colcon.colcon_core.verb:set package 'joint_trajectory_controller' build argument 'cmake_target_skip_unavailable' from command line to 'False'
[0.746s] Level 5:colcon.colcon_core.verb:set package 'joint_trajectory_controller' build argument 'cmake_clean_cache' from command line to 'False'
[0.746s] Level 5:colcon.colcon_core.verb:set package 'joint_trajectory_controller' build argument 'cmake_clean_first' from command line to 'False'
[0.746s] Level 5:colcon.colcon_core.verb:set package 'joint_trajectory_controller' build argument 'cmake_force_configure' from command line to 'False'
[0.746s] Level 5:colcon.colcon_core.verb:set package 'joint_trajectory_controller' build argument 'ament_cmake_args' from command line to 'None'
[0.746s] Level 5:colcon.colcon_core.verb:set package 'joint_trajectory_controller' build argument 'catkin_cmake_args' from command line to 'None'
[0.746s] Level 5:colcon.colcon_core.verb:set package 'joint_trajectory_controller' build argument 'catkin_skip_building_tests' from command line to 'False'
[0.746s] DEBUG:colcon.colcon_core.verb:Building package 'joint_trajectory_controller' with the following arguments: {'ament_cmake_args': None, 'build_base': '/home/khaledob/bookros2_ws/build/joint_trajectory_controller', 'catkin_cmake_args': None, 'catkin_skip_building_tests': False, 'cmake_args': None, 'cmake_clean_cache': False, 'cmake_clean_first': False, 'cmake_force_configure': False, 'cmake_target': None, 'cmake_target_skip_unavailable': False, 'install_base': '/home/khaledob/bookros2_ws/install/joint_trajectory_controller', 'merge_install': False, 'path': '/home/khaledob/bookros2_ws/src/ThirdParty/ros2_controllers/joint_trajectory_controller', 'symlink_install': True, 'test_result_base': None}
[0.747s] Level 5:colcon.colcon_core.verb:set package 'ros2controlcli' build argument 'cmake_args' from command line to 'None'
[0.748s] Level 5:colcon.colcon_core.verb:set package 'ros2controlcli' build argument 'cmake_target' from command line to 'None'
[0.748s] Level 5:colcon.colcon_core.verb:set package 'ros2controlcli' build argument 'cmake_target_skip_unavailable' from command line to 'False'
[0.748s] Level 5:colcon.colcon_core.verb:set package 'ros2controlcli' build argument 'cmake_clean_cache' from command line to 'False'
[0.748s] Level 5:colcon.colcon_core.verb:set package 'ros2controlcli' build argument 'cmake_clean_first' from command line to 'False'
[0.748s] Level 5:colcon.colcon_core.verb:set package 'ros2controlcli' build argument 'cmake_force_configure' from command line to 'False'
[0.748s] Level 5:colcon.colcon_core.verb:set package 'ros2controlcli' build argument 'ament_cmake_args' from command line to 'None'
[0.748s] Level 5:colcon.colcon_core.verb:set package 'ros2controlcli' build argument 'catkin_cmake_args' from command line to 'None'
[0.748s] Level 5:colcon.colcon_core.verb:set package 'ros2controlcli' build argument 'catkin_skip_building_tests' from command line to 'False'
[0.748s] DEBUG:colcon.colcon_core.verb:Building package 'ros2controlcli' with the following arguments: {'ament_cmake_args': None, 'build_base': '/home/khaledob/bookros2_ws/build/ros2controlcli', 'catkin_cmake_args': None, 'catkin_skip_building_tests': False, 'cmake_args': None, 'cmake_clean_cache': False, 'cmake_clean_first': False, 'cmake_force_configure': False, 'cmake_target': None, 'cmake_target_skip_unavailable': False, 'install_base': '/home/khaledob/bookros2_ws/install/ros2controlcli', 'merge_install': False, 'path': '/home/khaledob/bookros2_ws/src/ThirdParty/ros2_control/ros2controlcli', 'symlink_install': True, 'test_result_base': None}
[0.748s] Level 5:colcon.colcon_core.verb:set package 'effort_controllers' build argument 'cmake_args' from command line to 'None'
[0.749s] Level 5:colcon.colcon_core.verb:set package 'effort_controllers' build argument 'cmake_target' from command line to 'None'
[0.749s] Level 5:colcon.colcon_core.verb:set package 'effort_controllers' build argument 'cmake_target_skip_unavailable' from command line to 'False'
[0.749s] Level 5:colcon.colcon_core.verb:set package 'effort_controllers' build argument 'cmake_clean_cache' from command line to 'False'
[0.749s] Level 5:colcon.colcon_core.verb:set package 'effort_controllers' build argument 'cmake_clean_first' from command line to 'False'
[0.749s] Level 5:colcon.colcon_core.verb:set package 'effort_controllers' build argument 'cmake_force_configure' from command line to 'False'
[0.749s] Level 5:colcon.colcon_core.verb:set package 'effort_controllers' build argument 'ament_cmake_args' from command line to 'None'
[0.749s] Level 5:colcon.colcon_core.verb:set package 'effort_controllers' build argument 'catkin_cmake_args' from command line to 'None'
[0.749s] Level 5:colcon.colcon_core.verb:set package 'effort_controllers' build argument 'catkin_skip_building_tests' from command line to 'False'
[0.749s] DEBUG:colcon.colcon_core.verb:Building package 'effort_controllers' with the following arguments: {'ament_cmake_args': None, 'build_base': '/home/khaledob/bookros2_ws/build/effort_controllers', 'catkin_cmake_args': None, 'catkin_skip_building_tests': False, 'cmake_args': None, 'cmake_clean_cache': False, 'cmake_clean_first': False, 'cmake_force_configure': False, 'cmake_target': None, 'cmake_target_skip_unavailable': False, 'install_base': '/home/khaledob/bookros2_ws/install/effort_controllers', 'merge_install': False, 'path': '/home/khaledob/bookros2_ws/src/ThirdParty/ros2_controllers/effort_controllers', 'symlink_install': True, 'test_result_base': None}
[0.750s] Level 5:colcon.colcon_core.verb:set package 'joint_state_controller' build argument 'cmake_args' from command line to 'None'
[0.750s] Level 5:colcon.colcon_core.verb:set package 'joint_state_controller' build argument 'cmake_target' from command line to 'None'
[0.750s] Level 5:colcon.colcon_core.verb:set package 'joint_state_controller' build argument 'cmake_target_skip_unavailable' from command line to 'False'
[0.750s] Level 5:colcon.colcon_core.verb:set package 'joint_state_controller' build argument 'cmake_clean_cache' from command line to 'False'
[0.750s] Level 5:colcon.colcon_core.verb:set package 'joint_state_controller' build argument 'cmake_clean_first' from command line to 'False'
[0.750s] Level 5:colcon.colcon_core.verb:set package 'joint_state_controller' build argument 'cmake_force_configure' from command line to 'False'
[0.750s] Level 5:colcon.colcon_core.verb:set package 'joint_state_controller' build argument 'ament_cmake_args' from command line to 'None'
[0.750s] Level 5:colcon.colcon_core.verb:set package 'joint_state_controller' build argument 'catkin_cmake_args' from command line to 'None'
[0.750s] Level 5:colcon.colcon_core.verb:set package 'joint_state_controller' build argument 'catkin_skip_building_tests' from command line to 'False'
[0.750s] DEBUG:colcon.colcon_core.verb:Building package 'joint_state_controller' with the following arguments: {'ament_cmake_args': None, 'build_base': '/home/khaledob/bookros2_ws/build/joint_state_controller', 'catkin_cmake_args': None, 'catkin_skip_building_tests': False, 'cmake_args': None, 'cmake_clean_cache': False, 'cmake_clean_first': False, 'cmake_force_configure': False, 'cmake_target': None, 'cmake_target_skip_unavailable': False, 'install_base': '/home/khaledob/bookros2_ws/install/joint_state_controller', 'merge_install': False, 'path': '/home/khaledob/bookros2_ws/src/ThirdParty/ros2_controllers/joint_state_controller', 'symlink_install': True, 'test_result_base': None}
[0.751s] Level 5:colcon.colcon_core.verb:set package 'position_controllers' build argument 'cmake_args' from command line to 'None'
[0.751s] Level 5:colcon.colcon_core.verb:set package 'position_controllers' build argument 'cmake_target' from command line to 'None'
[0.751s] Level 5:colcon.colcon_core.verb:set package 'position_controllers' build argument 'cmake_target_skip_unavailable' from command line to 'False'
[0.751s] Level 5:colcon.colcon_core.verb:set package 'position_controllers' build argument 'cmake_clean_cache' from command line to 'False'
[0.751s] Level 5:colcon.colcon_core.verb:set package 'position_controllers' build argument 'cmake_clean_first' from command line to 'False'
[0.751s] Level 5:colcon.colcon_core.verb:set package 'position_controllers' build argument 'cmake_force_configure' from command line to 'False'
[0.751s] Level 5:colcon.colcon_core.verb:set package 'position_controllers' build argument 'ament_cmake_args' from command line to 'None'
[0.751s] Level 5:colcon.colcon_core.verb:set package 'position_controllers' build argument 'catkin_cmake_args' from command line to 'None'
[0.751s] Level 5:colcon.colcon_core.verb:set package 'position_controllers' build argument 'catkin_skip_building_tests' from command line to 'False'
[0.751s] DEBUG:colcon.colcon_core.verb:Building package 'position_controllers' with the following arguments: {'ament_cmake_args': None, 'build_base': '/home/khaledob/bookros2_ws/build/position_controllers', 'catkin_cmake_args': None, 'catkin_skip_building_tests': False, 'cmake_args': None, 'cmake_clean_cache': False, 'cmake_clean_first': False, 'cmake_force_configure': False, 'cmake_target': None, 'cmake_target_skip_unavailable': False, 'install_base': '/home/khaledob/bookros2_ws/install/position_controllers', 'merge_install': False, 'path': '/home/khaledob/bookros2_ws/src/ThirdParty/ros2_controllers/position_controllers', 'symlink_install': True, 'test_result_base': None}
[0.752s] Level 5:colcon.colcon_core.verb:set package 'ros2_control' build argument 'cmake_args' from command line to 'None'
[0.752s] Level 5:colcon.colcon_core.verb:set package 'ros2_control' build argument 'cmake_target' from command line to 'None'
[0.752s] Level 5:colcon.colcon_core.verb:set package 'ros2_control' build argument 'cmake_target_skip_unavailable' from command line to 'False'
[0.752s] Level 5:colcon.colcon_core.verb:set package 'ros2_control' build argument 'cmake_clean_cache' from command line to 'False'
[0.752s] Level 5:colcon.colcon_core.verb:set package 'ros2_control' build argument 'cmake_clean_first' from command line to 'False'
[0.752s] Level 5:colcon.colcon_core.verb:set package 'ros2_control' build argument 'cmake_force_configure' from command line to 'False'
[0.752s] Level 5:colcon.colcon_core.verb:set package 'ros2_control' build argument 'ament_cmake_args' from command line to 'None'
[0.752s] Level 5:colcon.colcon_core.verb:set package 'ros2_control' build argument 'catkin_cmake_args' from command line to 'None'
[0.752s] Level 5:colcon.colcon_core.verb:set package 'ros2_control' build argument 'catkin_skip_building_tests' from command line to 'False'
[0.752s] DEBUG:colcon.colcon_core.verb:Building package 'ros2_control' with the following arguments: {'ament_cmake_args': None, 'build_base': '/home/khaledob/bookros2_ws/build/ros2_control', 'catkin_cmake_args': None, 'catkin_skip_building_tests': False, 'cmake_args': None, 'cmake_clean_cache': False, 'cmake_clean_first': False, 'cmake_force_configure': False, 'cmake_target': None, 'cmake_target_skip_unavailable': False, 'install_base': '/home/khaledob/bookros2_ws/install/ros2_control', 'merge_install': False, 'path': '/home/khaledob/bookros2_ws/src/ThirdParty/ros2_control/ros2_control', 'symlink_install': True, 'test_result_base': None}
[0.753s] Level 5:colcon.colcon_core.verb:set package 'velocity_controllers' build argument 'cmake_args' from command line to 'None'
[0.753s] Level 5:colcon.colcon_core.verb:set package 'velocity_controllers' build argument 'cmake_target' from command line to 'None'
[0.754s] Level 5:colcon.colcon_core.verb:set package 'velocity_controllers' build argument 'cmake_target_skip_unavailable' from command line to 'False'
[0.754s] Level 5:colcon.colcon_core.verb:set package 'velocity_controllers' build argument 'cmake_clean_cache' from command line to 'False'
[0.754s] Level 5:colcon.colcon_core.verb:set package 'velocity_controllers' build argument 'cmake_clean_first' from command line to 'False'
[0.754s] Level 5:colcon.colcon_core.verb:set package 'velocity_controllers' build argument 'cmake_force_configure' from command line to 'False'
[0.754s] Level 5:colcon.colcon_core.verb:set package 'velocity_controllers' build argument 'ament_cmake_args' from command line to 'None'
[0.754s] Level 5:colcon.colcon_core.verb:set package 'velocity_controllers' build argument 'catkin_cmake_args' from command line to 'None'
[0.754s] Level 5:colcon.colcon_core.verb:set package 'velocity_controllers' build argument 'catkin_skip_building_tests' from command line to 'False'
[0.754s] DEBUG:colcon.colcon_core.verb:Building package 'velocity_controllers' with the following arguments: {'ament_cmake_args': None, 'build_base': '/home/khaledob/bookros2_ws/build/velocity_controllers', 'catkin_cmake_args': None, 'catkin_skip_building_tests': False, 'cmake_args': None, 'cmake_clean_cache': False, 'cmake_clean_first': False, 'cmake_force_configure': False, 'cmake_target': None, 'cmake_target_skip_unavailable': False, 'install_base': '/home/khaledob/bookros2_ws/install/velocity_controllers', 'merge_install': False, 'path': '/home/khaledob/bookros2_ws/src/ThirdParty/ros2_controllers/velocity_controllers', 'symlink_install': True, 'test_result_base': None}
[0.754s] Level 5:colcon.colcon_core.verb:set package 'pal_gripper_controller_configuration' build argument 'cmake_args' from command line to 'None'
[0.755s] Level 5:colcon.colcon_core.verb:set package 'pal_gripper_controller_configuration' build argument 'cmake_target' from command line to 'None'
[0.755s] Level 5:colcon.colcon_core.verb:set package 'pal_gripper_controller_configuration' build argument 'cmake_target_skip_unavailable' from command line to 'False'
[0.755s] Level 5:colcon.colcon_core.verb:set package 'pal_gripper_controller_configuration' build argument 'cmake_clean_cache' from command line to 'False'
[0.755s] Level 5:colcon.colcon_core.verb:set package 'pal_gripper_controller_configuration' build argument 'cmake_clean_first' from command line to 'False'
[0.755s] Level 5:colcon.colcon_core.verb:set package 'pal_gripper_controller_configuration' build argument 'cmake_force_configure' from command line to 'False'
[0.755s] Level 5:colcon.colcon_core.verb:set package 'pal_gripper_controller_configuration' build argument 'ament_cmake_args' from command line to 'None'
[0.755s] Level 5:colcon.colcon_core.verb:set package 'pal_gripper_controller_configuration' build argument 'catkin_cmake_args' from command line to 'None'
[0.755s] Level 5:colcon.colcon_core.verb:set package 'pal_gripper_controller_configuration' build argument 'catkin_skip_building_tests' from command line to 'False'
[0.755s] DEBUG:colcon.colcon_core.verb:Building package 'pal_gripper_controller_configuration' with the following arguments: {'ament_cmake_args': None, 'build_base': '/home/khaledob/bookros2_ws/build/pal_gripper_controller_configuration', 'catkin_cmake_args': None, 'catkin_skip_building_tests': False, 'cmake_args': None, 'cmake_clean_cache': False, 'cmake_clean_first': False, 'cmake_force_configure': False, 'cmake_target': None, 'cmake_target_skip_unavailable': False, 'install_base': '/home/khaledob/bookros2_ws/install/pal_gripper_controller_configuration', 'merge_install': False, 'path': '/home/khaledob/bookros2_ws/src/ThirdParty/pal_gripper/pal_gripper_controller_configuration', 'symlink_install': True, 'test_result_base': None}
[0.756s] Level 5:colcon.colcon_core.verb:set package 'pmb2_controller_configuration' build argument 'cmake_args' from command line to 'None'
[0.756s] Level 5:colcon.colcon_core.verb:set package 'pmb2_controller_configuration' build argument 'cmake_target' from command line to 'None'
[0.756s] Level 5:colcon.colcon_core.verb:set package 'pmb2_controller_configuration' build argument 'cmake_target_skip_unavailable' from command line to 'False'
[0.756s] Level 5:colcon.colcon_core.verb:set package 'pmb2_controller_configuration' build argument 'cmake_clean_cache' from command line to 'False'
[0.756s] Level 5:colcon.colcon_core.verb:set package 'pmb2_controller_configuration' build argument 'cmake_clean_first' from command line to 'False'
[0.756s] Level 5:colcon.colcon_core.verb:set package 'pmb2_controller_configuration' build argument 'cmake_force_configure' from command line to 'False'
[0.756s] Level 5:colcon.colcon_core.verb:set package 'pmb2_controller_configuration' build argument 'ament_cmake_args' from command line to 'None'
[0.756s] Level 5:colcon.colcon_core.verb:set package 'pmb2_controller_configuration' build argument 'catkin_cmake_args' from command line to 'None'
[0.756s] Level 5:colcon.colcon_core.verb:set package 'pmb2_controller_configuration' build argument 'catkin_skip_building_tests' from command line to 'False'
[0.756s] DEBUG:colcon.colcon_core.verb:Building package 'pmb2_controller_configuration' with the following arguments: {'ament_cmake_args': None, 'build_base': '/home/khaledob/bookros2_ws/build/pmb2_controller_configuration', 'catkin_cmake_args': None, 'catkin_skip_building_tests': False, 'cmake_args': None, 'cmake_clean_cache': False, 'cmake_clean_first': False, 'cmake_force_configure': False, 'cmake_target': None, 'cmake_target_skip_unavailable': False, 'install_base': '/home/khaledob/bookros2_ws/install/pmb2_controller_configuration', 'merge_install': False, 'path': '/home/khaledob/bookros2_ws/src/ThirdParty/pmb2_robot/pmb2_controller_configuration', 'symlink_install': True, 'test_result_base': None}
[0.757s] Level 5:colcon.colcon_core.verb:set package 'ros2_controllers' build argument 'cmake_args' from command line to 'None'
[0.757s] Level 5:colcon.colcon_core.verb:set package 'ros2_controllers' build argument 'cmake_target' from command line to 'None'
[0.757s] Level 5:colcon.colcon_core.verb:set package 'ros2_controllers' build argument 'cmake_target_skip_unavailable' from command line to 'False'
[0.757s] Level 5:colcon.colcon_core.verb:set package 'ros2_controllers' build argument 'cmake_clean_cache' from command line to 'False'
[0.757s] Level 5:colcon.colcon_core.verb:set package 'ros2_controllers' build argument 'cmake_clean_first' from command line to 'False'
[0.757s] Level 5:colcon.colcon_core.verb:set package 'ros2_controllers' build argument 'cmake_force_configure' from command line to 'False'
[0.757s] Level 5:colcon.colcon_core.verb:set package 'ros2_controllers' build argument 'ament_cmake_args' from command line to 'None'
[0.757s] Level 5:colcon.colcon_core.verb:set package 'ros2_controllers' build argument 'catkin_cmake_args' from command line to 'None'
[0.757s] Level 5:colcon.colcon_core.verb:set package 'ros2_controllers' build argument 'catkin_skip_building_tests' from command line to 'False'
[0.757s] DEBUG:colcon.colcon_core.verb:Building package 'ros2_controllers' with the following arguments: {'ament_cmake_args': None, 'build_base': '/home/khaledob/bookros2_ws/build/ros2_controllers', 'catkin_cmake_args': None, 'catkin_skip_building_tests': False, 'cmake_args': None, 'cmake_clean_cache': False, 'cmake_clean_first': False, 'cmake_force_configure': False, 'cmake_target': None, 'cmake_target_skip_unavailable': False, 'install_base': '/home/khaledob/bookros2_ws/install/ros2_controllers', 'merge_install': False, 'path': '/home/khaledob/bookros2_ws/src/ThirdParty/ros2_controllers/ros2_controllers', 'symlink_install': True, 'test_result_base': None}
[0.758s] Level 5:colcon.colcon_core.verb:set package 'gazebo_ros2_control_demos' build argument 'cmake_args' from command line to 'None'
[0.758s] Level 5:colcon.colcon_core.verb:set package 'gazebo_ros2_control_demos' build argument 'cmake_target' from command line to 'None'
[0.758s] Level 5:colcon.colcon_core.verb:set package 'gazebo_ros2_control_demos' build argument 'cmake_target_skip_unavailable' from command line to 'False'
[0.758s] Level 5:colcon.colcon_core.verb:set package 'gazebo_ros2_control_demos' build argument 'cmake_clean_cache' from command line to 'False'
[0.758s] Level 5:colcon.colcon_core.verb:set package 'gazebo_ros2_control_demos' build argument 'cmake_clean_first' from command line to 'False'
[0.758s] Level 5:colcon.colcon_core.verb:set package 'gazebo_ros2_control_demos' build argument 'cmake_force_configure' from command line to 'False'
[0.758s] Level 5:colcon.colcon_core.verb:set package 'gazebo_ros2_control_demos' build argument 'ament_cmake_args' from command line to 'None'
[0.759s] Level 5:colcon.colcon_core.verb:set package 'gazebo_ros2_control_demos' build argument 'catkin_cmake_args' from command line to 'None'
[0.759s] Level 5:colcon.colcon_core.verb:set package 'gazebo_ros2_control_demos' build argument 'catkin_skip_building_tests' from command line to 'False'
[0.759s] DEBUG:colcon.colcon_core.verb:Building package 'gazebo_ros2_control_demos' with the following arguments: {'ament_cmake_args': None, 'build_base': '/home/khaledob/bookros2_ws/build/gazebo_ros2_control_demos', 'catkin_cmake_args': None, 'catkin_skip_building_tests': False, 'cmake_args': None, 'cmake_clean_cache': False, 'cmake_clean_first': False, 'cmake_force_configure': False, 'cmake_target': None, 'cmake_target_skip_unavailable': False, 'install_base': '/home/khaledob/bookros2_ws/install/gazebo_ros2_control_demos', 'merge_install': False, 'path': '/home/khaledob/bookros2_ws/src/ThirdParty/gazebo_ros2_control/gazebo_ros2_control_demos', 'symlink_install': True, 'test_result_base': None}
[0.759s] Level 5:colcon.colcon_core.verb:set package 'pal_gripper' build argument 'cmake_args' from command line to 'None'
[0.759s] Level 5:colcon.colcon_core.verb:set package 'pal_gripper' build argument 'cmake_target' from command line to 'None'
[0.760s] Level 5:colcon.colcon_core.verb:set package 'pal_gripper' build argument 'cmake_target_skip_unavailable' from command line to 'False'
[0.760s] Level 5:colcon.colcon_core.verb:set package 'pal_gripper' build argument 'cmake_clean_cache' from command line to 'False'
[0.760s] Level 5:colcon.colcon_core.verb:set package 'pal_gripper' build argument 'cmake_clean_first' from command line to 'False'
[0.760s] Level 5:colcon.colcon_core.verb:set package 'pal_gripper' build argument 'cmake_force_configure' from command line to 'False'
[0.760s] Level 5:colcon.colcon_core.verb:set package 'pal_gripper' build argument 'ament_cmake_args' from command line to 'None'
[0.760s] Level 5:colcon.colcon_core.verb:set package 'pal_gripper' build argument 'catkin_cmake_args' from command line to 'None'
[0.760s] Level 5:colcon.colcon_core.verb:set package 'pal_gripper' build argument 'catkin_skip_building_tests' from command line to 'False'
[0.760s] DEBUG:colcon.colcon_core.verb:Building package 'pal_gripper' with the following arguments: {'ament_cmake_args': None, 'build_base': '/home/khaledob/bookros2_ws/build/pal_gripper', 'catkin_cmake_args': None, 'catkin_skip_building_tests': False, 'cmake_args': None, 'cmake_clean_cache': False, 'cmake_clean_first': False, 'cmake_force_configure': False, 'cmake_target': None, 'cmake_target_skip_unavailable': False, 'install_base': '/home/khaledob/bookros2_ws/install/pal_gripper', 'merge_install': False, 'path': '/home/khaledob/bookros2_ws/src/ThirdParty/pal_gripper/pal_gripper', 'symlink_install': True, 'test_result_base': None}
[0.760s] Level 5:colcon.colcon_core.verb:set package 'pmb2_description' build argument 'cmake_args' from command line to 'None'
[0.761s] Level 5:colcon.colcon_core.verb:set package 'pmb2_description' build argument 'cmake_target' from command line to 'None'
[0.761s] Level 5:colcon.colcon_core.verb:set package 'pmb2_description' build argument 'cmake_target_skip_unavailable' from command line to 'False'
[0.761s] Level 5:colcon.colcon_core.verb:set package 'pmb2_description' build argument 'cmake_clean_cache' from command line to 'False'
[0.761s] Level 5:colcon.colcon_core.verb:set package 'pmb2_description' build argument 'cmake_clean_first' from command line to 'False'
[0.761s] Level 5:colcon.colcon_core.verb:set package 'pmb2_description' build argument 'cmake_force_configure' from command line to 'False'
[0.761s] Level 5:colcon.colcon_core.verb:set package 'pmb2_description' build argument 'ament_cmake_args' from command line to 'None'
[0.761s] Level 5:colcon.colcon_core.verb:set package 'pmb2_description' build argument 'catkin_cmake_args' from command line to 'None'
[0.761s] Level 5:colcon.colcon_core.verb:set package 'pmb2_description' build argument 'catkin_skip_building_tests' from command line to 'False'
[0.761s] DEBUG:colcon.colcon_core.verb:Building package 'pmb2_description' with the following arguments: {'ament_cmake_args': None, 'build_base': '/home/khaledob/bookros2_ws/build/pmb2_description', 'catkin_cmake_args': None, 'catkin_skip_building_tests': False, 'cmake_args': None, 'cmake_clean_cache': False, 'cmake_clean_first': False, 'cmake_force_configure': False, 'cmake_target': None, 'cmake_target_skip_unavailable': False, 'install_base': '/home/khaledob/bookros2_ws/install/pmb2_description', 'merge_install': False, 'path': '/home/khaledob/bookros2_ws/src/ThirdParty/pmb2_robot/pmb2_description', 'symlink_install': True, 'test_result_base': None}
[0.762s] Level 5:colcon.colcon_core.verb:set package 'tiago_controller_configuration' build argument 'cmake_args' from command line to 'None'
[0.762s] Level 5:colcon.colcon_core.verb:set package 'tiago_controller_configuration' build argument 'cmake_target' from command line to 'None'
[0.762s] Level 5:colcon.colcon_core.verb:set package 'tiago_controller_configuration' build argument 'cmake_target_skip_unavailable' from command line to 'False'
[0.762s] Level 5:colcon.colcon_core.verb:set package 'tiago_controller_configuration' build argument 'cmake_clean_cache' from command line to 'False'
[0.762s] Level 5:colcon.colcon_core.verb:set package 'tiago_controller_configuration' build argument 'cmake_clean_first' from command line to 'False'
[0.762s] Level 5:colcon.colcon_core.verb:set package 'tiago_controller_configuration' build argument 'cmake_force_configure' from command line to 'False'
[0.762s] Level 5:colcon.colcon_core.verb:set package 'tiago_controller_configuration' build argument 'ament_cmake_args' from command line to 'None'
[0.762s] Level 5:colcon.colcon_core.verb:set package 'tiago_controller_configuration' build argument 'catkin_cmake_args' from command line to 'None'
[0.762s] Level 5:colcon.colcon_core.verb:set package 'tiago_controller_configuration' build argument 'catkin_skip_building_tests' from command line to 'False'
[0.762s] DEBUG:colcon.colcon_core.verb:Building package 'tiago_controller_configuration' with the following arguments: {'ament_cmake_args': None, 'build_base': '/home/khaledob/bookros2_ws/build/tiago_controller_configuration', 'catkin_cmake_args': None, 'catkin_skip_building_tests': False, 'cmake_args': None, 'cmake_clean_cache': False, 'cmake_clean_first': False, 'cmake_force_configure': False, 'cmake_target': None, 'cmake_target_skip_unavailable': False, 'install_base': '/home/khaledob/bookros2_ws/install/tiago_controller_configuration', 'merge_install': False, 'path': '/home/khaledob/bookros2_ws/src/ThirdParty/tiago_robot/tiago_controller_configuration', 'symlink_install': True, 'test_result_base': None}
[0.763s] Level 5:colcon.colcon_core.verb:set package 'pmb2_bringup' build argument 'cmake_args' from command line to 'None'
[0.763s] Level 5:colcon.colcon_core.verb:set package 'pmb2_bringup' build argument 'cmake_target' from command line to 'None'
[0.764s] Level 5:colcon.colcon_core.verb:set package 'pmb2_bringup' build argument 'cmake_target_skip_unavailable' from command line to 'False'
[0.764s] Level 5:colcon.colcon_core.verb:set package 'pmb2_bringup' build argument 'cmake_clean_cache' from command line to 'False'
[0.764s] Level 5:colcon.colcon_core.verb:set package 'pmb2_bringup' build argument 'cmake_clean_first' from command line to 'False'
[0.764s] Level 5:colcon.colcon_core.verb:set package 'pmb2_bringup' build argument 'cmake_force_configure' from command line to 'False'
[0.764s] Level 5:colcon.colcon_core.verb:set package 'pmb2_bringup' build argument 'ament_cmake_args' from command line to 'None'
[0.764s] Level 5:colcon.colcon_core.verb:set package 'pmb2_bringup' build argument 'catkin_cmake_args' from command line to 'None'
[0.764s] Level 5:colcon.colcon_core.verb:set package 'pmb2_bringup' build argument 'catkin_skip_building_tests' from command line to 'False'
[0.764s] DEBUG:colcon.colcon_core.verb:Building package 'pmb2_bringup' with the following arguments: {'ament_cmake_args': None, 'build_base': '/home/khaledob/bookros2_ws/build/pmb2_bringup', 'catkin_cmake_args': None, 'catkin_skip_building_tests': False, 'cmake_args': None, 'cmake_clean_cache': False, 'cmake_clean_first': False, 'cmake_force_configure': False, 'cmake_target': None, 'cmake_target_skip_unavailable': False, 'install_base': '/home/khaledob/bookros2_ws/install/pmb2_bringup', 'merge_install': False, 'path': '/home/khaledob/bookros2_ws/src/ThirdParty/pmb2_robot/pmb2_bringup', 'symlink_install': True, 'test_result_base': None}
[0.764s] Level 5:colcon.colcon_core.verb:set package 'tiago_description' build argument 'cmake_args' from command line to 'None'
[0.764s] Level 5:colcon.colcon_core.verb:set package 'tiago_description' build argument 'cmake_target' from command line to 'None'
[0.764s] Level 5:colcon.colcon_core.verb:set package 'tiago_description' build argument 'cmake_target_skip_unavailable' from command line to 'False'
[0.764s] Level 5:colcon.colcon_core.verb:set package 'tiago_description' build argument 'cmake_clean_cache' from command line to 'False'
[0.765s] Level 5:colcon.colcon_core.verb:set package 'tiago_description' build argument 'cmake_clean_first' from command line to 'False'
[0.765s] Level 5:colcon.colcon_core.verb:set package 'tiago_description' build argument 'cmake_force_configure' from command line to 'False'
[0.765s] Level 5:colcon.colcon_core.verb:set package 'tiago_description' build argument 'ament_cmake_args' from command line to 'None'
[0.765s] Level 5:colcon.colcon_core.verb:set package 'tiago_description' build argument 'catkin_cmake_args' from command line to 'None'
[0.765s] Level 5:colcon.colcon_core.verb:set package 'tiago_description' build argument 'catkin_skip_building_tests' from command line to 'False'
[0.765s] DEBUG:colcon.colcon_core.verb:Building package 'tiago_description' with the following arguments: {'ament_cmake_args': None, 'build_base': '/home/khaledob/bookros2_ws/build/tiago_description', 'catkin_cmake_args': None, 'catkin_skip_building_tests': False, 'cmake_args': None, 'cmake_clean_cache': False, 'cmake_clean_first': False, 'cmake_force_configure': False, 'cmake_target': None, 'cmake_target_skip_unavailable': False, 'install_base': '/home/khaledob/bookros2_ws/install/tiago_description', 'merge_install': False, 'path': '/home/khaledob/bookros2_ws/src/ThirdParty/tiago_robot/tiago_description', 'symlink_install': True, 'test_result_base': None}
[0.765s] Level 5:colcon.colcon_core.verb:set package 'pmb2_robot' build argument 'cmake_args' from command line to 'None'
[0.765s] Level 5:colcon.colcon_core.verb:set package 'pmb2_robot' build argument 'cmake_target' from command line to 'None'
[0.765s] Level 5:colcon.colcon_core.verb:set package 'pmb2_robot' build argument 'cmake_target_skip_unavailable' from command line to 'False'
[0.765s] Level 5:colcon.colcon_core.verb:set package 'pmb2_robot' build argument 'cmake_clean_cache' from command line to 'False'
[0.765s] Level 5:colcon.colcon_core.verb:set package 'pmb2_robot' build argument 'cmake_clean_first' from command line to 'False'
[0.765s] Level 5:colcon.colcon_core.verb:set package 'pmb2_robot' build argument 'cmake_force_configure' from command line to 'False'
[0.765s] Level 5:colcon.colcon_core.verb:set package 'pmb2_robot' build argument 'ament_cmake_args' from command line to 'None'
[0.765s] Level 5:colcon.colcon_core.verb:set package 'pmb2_robot' build argument 'catkin_cmake_args' from command line to 'None'
[0.765s] Level 5:colcon.colcon_core.verb:set package 'pmb2_robot' build argument 'catkin_skip_building_tests' from command line to 'False'
[0.766s] DEBUG:colcon.colcon_core.verb:Building package 'pmb2_robot' with the following arguments: {'ament_cmake_args': None, 'build_base': '/home/khaledob/bookros2_ws/build/pmb2_robot', 'catkin_cmake_args': None, 'catkin_skip_building_tests': False, 'cmake_args': None, 'cmake_clean_cache': False, 'cmake_clean_first': False, 'cmake_force_configure': False, 'cmake_target': None, 'cmake_target_skip_unavailable': False, 'install_base': '/home/khaledob/bookros2_ws/install/pmb2_robot', 'merge_install': False, 'path': '/home/khaledob/bookros2_ws/src/ThirdParty/pmb2_robot/pmb2_robot', 'symlink_install': True, 'test_result_base': None}
[0.766s] Level 5:colcon.colcon_core.verb:set package 'tiago_bringup' build argument 'cmake_args' from command line to 'None'
[0.766s] Level 5:colcon.colcon_core.verb:set package 'tiago_bringup' build argument 'cmake_target' from command line to 'None'
[0.766s] Level 5:colcon.colcon_core.verb:set package 'tiago_bringup' build argument 'cmake_target_skip_unavailable' from command line to 'False'
[0.766s] Level 5:colcon.colcon_core.verb:set package 'tiago_bringup' build argument 'cmake_clean_cache' from command line to 'False'
[0.766s] Level 5:colcon.colcon_core.verb:set package 'tiago_bringup' build argument 'cmake_clean_first' from command line to 'False'
[0.766s] Level 5:colcon.colcon_core.verb:set package 'tiago_bringup' build argument 'cmake_force_configure' from command line to 'False'
[0.766s] Level 5:colcon.colcon_core.verb:set package 'tiago_bringup' build argument 'ament_cmake_args' from command line to 'None'
[0.766s] Level 5:colcon.colcon_core.verb:set package 'tiago_bringup' build argument 'catkin_cmake_args' from command line to 'None'
[0.766s] Level 5:colcon.colcon_core.verb:set package 'tiago_bringup' build argument 'catkin_skip_building_tests' from command line to 'False'
[0.766s] DEBUG:colcon.colcon_core.verb:Building package 'tiago_bringup' with the following arguments: {'ament_cmake_args': None, 'build_base': '/home/khaledob/bookros2_ws/build/tiago_bringup', 'catkin_cmake_args': None, 'catkin_skip_building_tests': False, 'cmake_args': None, 'cmake_clean_cache': False, 'cmake_clean_first': False, 'cmake_force_configure': False, 'cmake_target': None, 'cmake_target_skip_unavailable': False, 'install_base': '/home/khaledob/bookros2_ws/install/tiago_bringup', 'merge_install': False, 'path': '/home/khaledob/bookros2_ws/src/ThirdParty/tiago_robot/tiago_bringup', 'symlink_install': True, 'test_result_base': None}
[0.767s] Level 5:colcon.colcon_core.verb:set package 'tiago_gazebo' build argument 'cmake_args' from command line to 'None'
[0.767s] Level 5:colcon.colcon_core.verb:set package 'tiago_gazebo' build argument 'cmake_target' from command line to 'None'
[0.767s] Level 5:colcon.colcon_core.verb:set package 'tiago_gazebo' build argument 'cmake_target_skip_unavailable' from command line to 'False'
[0.767s] Level 5:colcon.colcon_core.verb:set package 'tiago_gazebo' build argument 'cmake_clean_cache' from command line to 'False'
[0.767s] Level 5:colcon.colcon_core.verb:set package 'tiago_gazebo' build argument 'cmake_clean_first' from command line to 'False'
[0.768s] Level 5:colcon.colcon_core.verb:set package 'tiago_gazebo' build argument 'cmake_force_configure' from command line to 'False'
[0.768s] Level 5:colcon.colcon_core.verb:set package 'tiago_gazebo' build argument 'ament_cmake_args' from command line to 'None'
[0.768s] Level 5:colcon.colcon_core.verb:set package 'tiago_gazebo' build argument 'catkin_cmake_args' from command line to 'None'
[0.768s] Level 5:colcon.colcon_core.verb:set package 'tiago_gazebo' build argument 'catkin_skip_building_tests' from command line to 'False'
[0.768s] DEBUG:colcon.colcon_core.verb:Building package 'tiago_gazebo' with the following arguments: {'ament_cmake_args': None, 'build_base': '/home/khaledob/bookros2_ws/build/tiago_gazebo', 'catkin_cmake_args': None, 'catkin_skip_building_tests': False, 'cmake_args': None, 'cmake_clean_cache': False, 'cmake_clean_first': False, 'cmake_force_configure': False, 'cmake_target': None, 'cmake_target_skip_unavailable': False, 'install_base': '/home/khaledob/bookros2_ws/install/tiago_gazebo', 'merge_install': False, 'path': '/home/khaledob/bookros2_ws/src/ThirdParty/tiago_simulation/tiago_gazebo', 'symlink_install': True, 'test_result_base': None}
[0.769s] Level 5:colcon.colcon_core.verb:set package 'tiago_robot' build argument 'cmake_args' from command line to 'None'
[0.769s] Level 5:colcon.colcon_core.verb:set package 'tiago_robot' build argument 'cmake_target' from command line to 'None'
[0.769s] Level 5:colcon.colcon_core.verb:set package 'tiago_robot' build argument 'cmake_target_skip_unavailable' from command line to 'False'
[0.769s] Level 5:colcon.colcon_core.verb:set package 'tiago_robot' build argument 'cmake_clean_cache' from command line to 'False'
[0.769s] Level 5:colcon.colcon_core.verb:set package 'tiago_robot' build argument 'cmake_clean_first' from command line to 'False'
[0.769s] Level 5:colcon.colcon_core.verb:set package 'tiago_robot' build argument 'cmake_force_configure' from command line to 'False'
[0.769s] Level 5:colcon.colcon_core.verb:set package 'tiago_robot' build argument 'ament_cmake_args' from command line to 'None'
[0.769s] Level 5:colcon.colcon_core.verb:set package 'tiago_robot' build argument 'catkin_cmake_args' from command line to 'None'
[0.769s] Level 5:colcon.colcon_core.verb:set package 'tiago_robot' build argument 'catkin_skip_building_tests' from command line to 'False'
[0.769s] DEBUG:colcon.colcon_core.verb:Building package 'tiago_robot' with the following arguments: {'ament_cmake_args': None, 'build_base': '/home/khaledob/bookros2_ws/build/tiago_robot', 'catkin_cmake_args': None, 'catkin_skip_building_tests': False, 'cmake_args': None, 'cmake_clean_cache': False, 'cmake_clean_first': False, 'cmake_force_configure': False, 'cmake_target': None, 'cmake_target_skip_unavailable': False, 'install_base': '/home/khaledob/bookros2_ws/install/tiago_robot', 'merge_install': False, 'path': '/home/khaledob/bookros2_ws/src/ThirdParty/tiago_robot/tiago_robot', 'symlink_install': True, 'test_result_base': None}
[0.770s] Level 5:colcon.colcon_core.verb:set package 'tiago_2dnav_gazebo' build argument 'cmake_args' from command line to 'None'
[0.770s] Level 5:colcon.colcon_core.verb:set package 'tiago_2dnav_gazebo' build argument 'cmake_target' from command line to 'None'
[0.770s] Level 5:colcon.colcon_core.verb:set package 'tiago_2dnav_gazebo' build argument 'cmake_target_skip_unavailable' from command line to 'False'
[0.770s] Level 5:colcon.colcon_core.verb:set package 'tiago_2dnav_gazebo' build argument 'cmake_clean_cache' from command line to 'False'
[0.770s] Level 5:colcon.colcon_core.verb:set package 'tiago_2dnav_gazebo' build argument 'cmake_clean_first' from command line to 'False'
[0.770s] Level 5:colcon.colcon_core.verb:set package 'tiago_2dnav_gazebo' build argument 'cmake_force_configure' from command line to 'False'
[0.770s] Level 5:colcon.colcon_core.verb:set package 'tiago_2dnav_gazebo' build argument 'ament_cmake_args' from command line to 'None'
[0.770s] Level 5:colcon.colcon_core.verb:set package 'tiago_2dnav_gazebo' build argument 'catkin_cmake_args' from command line to 'None'
[0.770s] Level 5:colcon.colcon_core.verb:set package 'tiago_2dnav_gazebo' build argument 'catkin_skip_building_tests' from command line to 'False'
[0.770s] DEBUG:colcon.colcon_core.verb:Building package 'tiago_2dnav_gazebo' with the following arguments: {'ament_cmake_args': None, 'build_base': '/home/khaledob/bookros2_ws/build/tiago_2dnav_gazebo', 'catkin_cmake_args': None, 'catkin_skip_building_tests': False, 'cmake_args': None, 'cmake_clean_cache': False, 'cmake_clean_first': False, 'cmake_force_configure': False, 'cmake_target': None, 'cmake_target_skip_unavailable': False, 'install_base': '/home/khaledob/bookros2_ws/install/tiago_2dnav_gazebo', 'merge_install': False, 'path': '/home/khaledob/bookros2_ws/src/ThirdParty/tiago_simulation/tiago_2dnav_gazebo', 'symlink_install': True, 'test_result_base': None}
[0.771s] Level 5:colcon.colcon_core.verb:set package 'tiago_simulation' build argument 'cmake_args' from command line to 'None'
[0.771s] Level 5:colcon.colcon_core.verb:set package 'tiago_simulation' build argument 'cmake_target' from command line to 'None'
[0.771s] Level 5:colcon.colcon_core.verb:set package 'tiago_simulation' build argument 'cmake_target_skip_unavailable' from command line to 'False'
[0.771s] Level 5:colcon.colcon_core.verb:set package 'tiago_simulation' build argument 'cmake_clean_cache' from command line to 'False'
[0.771s] Level 5:colcon.colcon_core.verb:set package 'tiago_simulation' build argument 'cmake_clean_first' from command line to 'False'
[0.771s] Level 5:colcon.colcon_core.verb:set package 'tiago_simulation' build argument 'cmake_force_configure' from command line to 'False'
[0.771s] Level 5:colcon.colcon_core.verb:set package 'tiago_simulation' build argument 'ament_cmake_args' from command line to 'None'
[0.771s] Level 5:colcon.colcon_core.verb:set package 'tiago_simulation' build argument 'catkin_cmake_args' from command line to 'None'
[0.771s] Level 5:colcon.colcon_core.verb:set package 'tiago_simulation' build argument 'catkin_skip_building_tests' from command line to 'False'
[0.771s] DEBUG:colcon.colcon_core.verb:Building package 'tiago_simulation' with the following arguments: {'ament_cmake_args': None, 'build_base': '/home/khaledob/bookros2_ws/build/tiago_simulation', 'catkin_cmake_args': None, 'catkin_skip_building_tests': False, 'cmake_args': None, 'cmake_clean_cache': False, 'cmake_clean_first': False, 'cmake_force_configure': False, 'cmake_target': None, 'cmake_target_skip_unavailable': False, 'install_base': '/home/khaledob/bookros2_ws/install/tiago_simulation', 'merge_install': False, 'path': '/home/khaledob/bookros2_ws/src/ThirdParty/tiago_simulation/tiago_simulation', 'symlink_install': True, 'test_result_base': None}
[0.771s] INFO:colcon.colcon_core.executor:Executing jobs using 'parallel' executor
[0.773s] DEBUG:colcon.colcon_parallel_executor.executor.parallel:run_until_complete
[0.776s] INFO:colcon.colcon_ros.task.ament_cmake.build:Building ROS package in '/home/khaledob/bookros2_ws/src/ThirdParty/ros2_control/ros2_control_test_assets' with build type 'ament_cmake'
[0.776s] INFO:colcon.colcon_cmake.task.cmake.build:Building CMake package in '/home/khaledob/bookros2_ws/src/ThirdParty/ros2_control/ros2_control_test_assets'
[0.788s] INFO:colcon.colcon_core.plugin_system:Skipping extension 'colcon_core.shell.bat': Not used on non-Windows systems
[0.788s] INFO:colcon.colcon_core.shell:Skip shell extension 'powershell' for command environment: Not usable outside of PowerShell
[0.789s] DEBUG:colcon.colcon_core.shell:Skip shell extension 'dsv' for command environment
[0.819s] INFO:colcon.colcon_ros.task.ament_cmake.build:Building ROS package in '/home/khaledob/bookros2_ws/src/ThirdParty/ros2_control/controller_manager_msgs' with build type 'ament_cmake'
[0.822s] INFO:colcon.colcon_cmake.task.cmake.build:Building CMake package in '/home/khaledob/bookros2_ws/src/ThirdParty/ros2_control/controller_manager_msgs'
[0.822s] INFO:colcon.colcon_core.shell:Skip shell extension 'powershell' for command environment: Not usable outside of PowerShell
[0.833s] DEBUG:colcon.colcon_core.shell:Skip shell extension 'dsv' for command environment
[0.845s] INFO:colcon.colcon_ros.task.ament_cmake.build:Building ROS package in '/home/khaledob/bookros2_ws/src/ThirdParty/urdf_test' with build type 'ament_cmake'
[0.846s] INFO:colcon.colcon_cmake.task.cmake.build:Building CMake package in '/home/khaledob/bookros2_ws/src/ThirdParty/urdf_test'
[0.847s] INFO:colcon.colcon_core.shell:Skip shell extension 'powershell' for command environment: Not usable outside of PowerShell
[0.848s] DEBUG:colcon.colcon_core.shell:Skip shell extension 'dsv' for command environment
[0.860s] INFO:colcon.colcon_ros.task.ament_python.build:Building ROS package in '/home/khaledob/bookros2_ws/src/ThirdParty/launch_pal' with build type 'ament_python'
[0.861s] Level 1:colcon.colcon_core.shell:create_environment_hook('launch_pal', 'ament_prefix_path')
[0.863s] INFO:colcon.colcon_core.shell:Creating environment hook '/home/khaledob/bookros2_ws/install/launch_pal/share/launch_pal/hook/ament_prefix_path.ps1'
[0.866s] INFO:colcon.colcon_core.shell:Creating environment descriptor '/home/khaledob/bookros2_ws/install/launch_pal/share/launch_pal/hook/ament_prefix_path.dsv'
[0.871s] INFO:colcon.colcon_core.shell:Creating environment hook '/home/khaledob/bookros2_ws/install/launch_pal/share/launch_pal/hook/ament_prefix_path.sh'
[0.875s] INFO:colcon.colcon_core.shell:Skip shell extension 'powershell' for command environment: Not usable outside of PowerShell
[0.875s] DEBUG:colcon.colcon_core.shell:Skip shell extension 'dsv' for command environment
[0.884s] INFO:colcon.colcon_ros.task.ament_cmake.build:Building ROS package in '/home/khaledob/bookros2_ws/src/ThirdParty/twist_mux' with build type 'ament_cmake'
[0.884s] INFO:colcon.colcon_cmake.task.cmake.build:Building CMake package in '/home/khaledob/bookros2_ws/src/ThirdParty/twist_mux'
[0.885s] INFO:colcon.colcon_core.shell:Skip shell extension 'powershell' for command environment: Not usable outside of PowerShell
[0.889s] DEBUG:colcon.colcon_core.shell:Skip shell extension 'dsv' for command environment
[0.920s] INFO:colcon.colcon_ros.task.ament_cmake.build:Building ROS package in '/home/khaledob/bookros2_ws/src/ThirdParty/hey5_description' with build type 'ament_cmake'
[0.921s] INFO:colcon.colcon_cmake.task.cmake.build:Building CMake package in '/home/khaledob/bookros2_ws/src/ThirdParty/hey5_description'
[0.923s] INFO:colcon.colcon_core.shell:Skip shell extension 'powershell' for command environment: Not usable outside of PowerShell
[0.923s] DEBUG:colcon.colcon_core.shell:Skip shell extension 'dsv' for command environment
[0.937s] INFO:colcon.colcon_ros.task.ament_cmake.build:Building ROS package in '/home/khaledob/bookros2_ws/src/ThirdParty/tiago_description_calibration' with build type 'ament_cmake'
[0.938s] INFO:colcon.colcon_cmake.task.cmake.build:Building CMake package in '/home/khaledob/bookros2_ws/src/ThirdParty/tiago_description_calibration'
[0.939s] INFO:colcon.colcon_core.shell:Skip shell extension 'powershell' for command environment: Not usable outside of PowerShell
[0.939s] DEBUG:colcon.colcon_core.shell:Skip shell extension 'dsv' for command environment
[0.986s] DEBUG:colcon.colcon_core.event_handler.log_command:Invoking command in '/home/khaledob/bookros2_ws/build/ros2_control_test_assets': CMAKE_PREFIX_PATH=/opt/ros/foxy /usr/bin/cmake --build /home/khaledob/bookros2_ws/build/ros2_control_test_assets -- -j7 -l7
[1.000s] DEBUG:colcon.colcon_core.event_handler.log_command:Invoking command in '/home/khaledob/bookros2_ws/build/controller_manager_msgs': CMAKE_PREFIX_PATH=/opt/ros/foxy /usr/bin/cmake --build /home/khaledob/bookros2_ws/build/controller_manager_msgs -- -j7 -l7
[1.041s] DEBUG:colcon.colcon_core.event_handler.log_command:Invoking command in '/home/khaledob/bookros2_ws/build/urdf_test': CMAKE_PREFIX_PATH=/opt/ros/foxy /usr/bin/cmake --build /home/khaledob/bookros2_ws/build/urdf_test -- -j7 -l7
[1.406s] INFO:colcon.colcon_core.task.python.build:Building Python package in '/home/khaledob/bookros2_ws/src/ThirdParty/launch_pal'
[1.407s] INFO:colcon.colcon_core.shell:Skip shell extension 'powershell' for command environment: Not usable outside of PowerShell
[1.407s] DEBUG:colcon.colcon_core.shell:Skip shell extension 'dsv' for command environment
[1.444s] DEBUG:colcon.colcon_core.event_handler.log_command:Invoking command in '/home/khaledob/bookros2_ws/build/twist_mux': CMAKE_PREFIX_PATH=/opt/ros/foxy /usr/bin/cmake --build /home/khaledob/bookros2_ws/build/twist_mux -- -j7 -l7
[1.445s] DEBUG:colcon.colcon_core.event_handler.log_command:Invoking command in '/home/khaledob/bookros2_ws/build/hey5_description': CMAKE_PREFIX_PATH=/opt/ros/foxy /usr/bin/cmake --build /home/khaledob/bookros2_ws/build/hey5_description -- -j7 -l7
[1.447s] DEBUG:colcon.colcon_core.event_handler.log_command:Invoking command in '/home/khaledob/bookros2_ws/build/tiago_description_calibration': CMAKE_PREFIX_PATH=/opt/ros/foxy /usr/bin/cmake --build /home/khaledob/bookros2_ws/build/tiago_description_calibration -- -j7 -l7
[1.484s] DEBUG:colcon.colcon_core.event_handler.log_command:Invoked command in '/home/khaledob/bookros2_ws/build/ros2_control_test_assets' returned '0': CMAKE_PREFIX_PATH=/opt/ros/foxy /usr/bin/cmake --build /home/khaledob/bookros2_ws/build/ros2_control_test_assets -- -j7 -l7
[1.518s] DEBUG:colcon.colcon_core.event_handler.log_command:Invoking command in '/home/khaledob/bookros2_ws/build/ros2_control_test_assets': CMAKE_PREFIX_PATH=/opt/ros/foxy /usr/bin/cmake --install /home/khaledob/bookros2_ws/build/ros2_control_test_assets
[1.532s] DEBUG:colcon.colcon_core.event_handler.log_command:Invoked command in '/home/khaledob/bookros2_ws/build/urdf_test' returned '0': CMAKE_PREFIX_PATH=/opt/ros/foxy /usr/bin/cmake --build /home/khaledob/bookros2_ws/build/urdf_test -- -j7 -l7
[1.533s] DEBUG:colcon.colcon_core.event_handler.log_command:Invoking command in '/home/khaledob/bookros2_ws/build/urdf_test': CMAKE_PREFIX_PATH=/opt/ros/foxy /usr/bin/cmake --install /home/khaledob/bookros2_ws/build/urdf_test
[1.606s] DEBUG:colcon.colcon_core.event_handler.log_command:Invoked command in '/home/khaledob/bookros2_ws/build/controller_manager_msgs' returned '0': CMAKE_PREFIX_PATH=/opt/ros/foxy /usr/bin/cmake --build /home/khaledob/bookros2_ws/build/controller_manager_msgs -- -j7 -l7
[1.608s] DEBUG:colcon.colcon_core.event_handler.log_command:Invoking command in '/home/khaledob/bookros2_ws/build/controller_manager_msgs': CMAKE_PREFIX_PATH=/opt/ros/foxy /usr/bin/cmake --install /home/khaledob/bookros2_ws/build/controller_manager_msgs
[1.618s] DEBUG:colcon.colcon_core.event_handler.log_command:Invoked command in '/home/khaledob/bookros2_ws/build/tiago_description_calibration' returned '0': CMAKE_PREFIX_PATH=/opt/ros/foxy /usr/bin/cmake --build /home/khaledob/bookros2_ws/build/tiago_description_calibration -- -j7 -l7
[1.627s] DEBUG:colcon.colcon_core.event_handler.log_command:Invoking command in '/home/khaledob/bookros2_ws/build/tiago_description_calibration': CMAKE_PREFIX_PATH=/opt/ros/foxy /usr/bin/cmake --install /home/khaledob/bookros2_ws/build/tiago_description_calibration
[1.653s] DEBUG:colcon.colcon_core.event_handler.log_command:Invoked command in '/home/khaledob/bookros2_ws/build/hey5_description' returned '0': CMAKE_PREFIX_PATH=/opt/ros/foxy /usr/bin/cmake --build /home/khaledob/bookros2_ws/build/hey5_description -- -j7 -l7
[1.685s] Level 1:colcon.colcon_core.environment:create_environment_scripts_only(ros2_control_test_assets)
[1.792s] Level 1:colcon.colcon_core.environment:checking '/home/khaledob/bookros2_ws/install/ros2_control_test_assets' for CMake module files
[1.794s] Level 1:colcon.colcon_core.environment:checking '/home/khaledob/bookros2_ws/install/ros2_control_test_assets' for CMake config files
[1.796s] Level 1:colcon.colcon_core.shell:create_environment_hook('ros2_control_test_assets', 'cmake_prefix_path')
[1.797s] INFO:colcon.colcon_core.shell:Creating environment hook '/home/khaledob/bookros2_ws/install/ros2_control_test_assets/share/ros2_control_test_assets/hook/cmake_prefix_path.ps1'
[1.812s] INFO:colcon.colcon_core.shell:Creating environment descriptor '/home/khaledob/bookros2_ws/install/ros2_control_test_assets/share/ros2_control_test_assets/hook/cmake_prefix_path.dsv'
[1.818s] DEBUG:colcon.colcon_core.event_handler.log_command:Invoking command in '/home/khaledob/bookros2_ws/build/hey5_description': CMAKE_PREFIX_PATH=/opt/ros/foxy /usr/bin/cmake --install /home/khaledob/bookros2_ws/build/hey5_description
[1.826s] INFO:colcon.colcon_core.shell:Creating environment hook '/home/khaledob/bookros2_ws/install/ros2_control_test_assets/share/ros2_control_test_assets/hook/cmake_prefix_path.sh'
[1.831s] Level 1:colcon.colcon_core.environment:checking '/home/khaledob/bookros2_ws/install/ros2_control_test_assets/bin'
[1.831s] Level 1:colcon.colcon_core.environment:checking '/home/khaledob/bookros2_ws/install/ros2_control_test_assets/lib/pkgconfig/ros2_control_test_assets.pc'
[1.831s] Level 1:colcon.colcon_core.environment:checking '/home/khaledob/bookros2_ws/install/ros2_control_test_assets/lib/python3.8/site-packages'
[1.832s] Level 1:colcon.colcon_core.environment:checking '/home/khaledob/bookros2_ws/install/ros2_control_test_assets/bin'
[1.832s] INFO:colcon.colcon_core.shell:Creating package script '/home/khaledob/bookros2_ws/install/ros2_control_test_assets/share/ros2_control_test_assets/package.ps1'
[1.838s] INFO:colcon.colcon_core.shell:Creating package descriptor '/home/khaledob/bookros2_ws/install/ros2_control_test_assets/share/ros2_control_test_assets/package.dsv'
[1.839s] DEBUG:colcon.colcon_core.event_handler.log_command:Invoked command in '/home/khaledob/bookros2_ws/build/ros2_control_test_assets' returned '0': CMAKE_PREFIX_PATH=/opt/ros/foxy /usr/bin/cmake --install /home/khaledob/bookros2_ws/build/ros2_control_test_assets
[1.844s] INFO:colcon.colcon_core.shell:Creating package script '/home/khaledob/bookros2_ws/install/ros2_control_test_assets/share/ros2_control_test_assets/package.sh'
[1.849s] INFO:colcon.colcon_core.shell:Creating package script '/home/khaledob/bookros2_ws/install/ros2_control_test_assets/share/ros2_control_test_assets/package.bash'
[1.858s] INFO:colcon.colcon_core.shell:Creating package script '/home/khaledob/bookros2_ws/install/ros2_control_test_assets/share/ros2_control_test_assets/package.zsh'
[1.863s] Level 1:colcon.colcon_core.environment:create_file_with_runtime_dependencies(/home/khaledob/bookros2_ws/install/ros2_control_test_assets/share/colcon-core/packages/ros2_control_test_assets)
[1.866s] Level 1:colcon.colcon_core.environment:create_environment_scripts_only(ros2_control_test_assets)
[1.867s] Level 1:colcon.colcon_core.environment:checking '/home/khaledob/bookros2_ws/install/ros2_control_test_assets' for CMake module files
[1.869s] Level 1:colcon.colcon_core.environment:checking '/home/khaledob/bookros2_ws/install/ros2_control_test_assets' for CMake config files
[1.870s] Level 1:colcon.colcon_core.shell:create_environment_hook('ros2_control_test_assets', 'cmake_prefix_path')
[1.870s] INFO:colcon.colcon_core.shell:Creating environment hook '/home/khaledob/bookros2_ws/install/ros2_control_test_assets/share/ros2_control_test_assets/hook/cmake_prefix_path.ps1'
[1.881s] INFO:colcon.colcon_core.shell:Creating environment descriptor '/home/khaledob/bookros2_ws/install/ros2_control_test_assets/share/ros2_control_test_assets/hook/cmake_prefix_path.dsv'
[1.884s] INFO:colcon.colcon_core.shell:Creating environment hook '/home/khaledob/bookros2_ws/install/ros2_control_test_assets/share/ros2_control_test_assets/hook/cmake_prefix_path.sh'
[1.891s] Level 1:colcon.colcon_core.environment:checking '/home/khaledob/bookros2_ws/install/ros2_control_test_assets/bin'
[1.891s] Level 1:colcon.colcon_core.environment:checking '/home/khaledob/bookros2_ws/install/ros2_control_test_assets/lib/pkgconfig/ros2_control_test_assets.pc'
[1.891s] Level 1:colcon.colcon_core.environment:checking '/home/khaledob/bookros2_ws/install/ros2_control_test_assets/lib/python3.8/site-packages'
[1.893s] Level 1:colcon.colcon_core.environment:checking '/home/khaledob/bookros2_ws/install/ros2_control_test_assets/bin'
[1.893s] INFO:colcon.colcon_core.shell:Creating package script '/home/khaledob/bookros2_ws/install/ros2_control_test_assets/share/ros2_control_test_assets/package.ps1'
[1.898s] INFO:colcon.colcon_core.shell:Creating package descriptor '/home/khaledob/bookros2_ws/install/ros2_control_test_assets/share/ros2_control_test_assets/package.dsv'
[1.905s] INFO:colcon.colcon_core.shell:Creating package script '/home/khaledob/bookros2_ws/install/ros2_control_test_assets/share/ros2_control_test_assets/package.sh'
[1.908s] INFO:colcon.colcon_core.shell:Creating package script '/home/khaledob/bookros2_ws/install/ros2_control_test_assets/share/ros2_control_test_assets/package.bash'
[1.911s] INFO:colcon.colcon_core.shell:Creating package script '/home/khaledob/bookros2_ws/install/ros2_control_test_assets/share/ros2_control_test_assets/package.zsh'
[1.913s] Level 1:colcon.colcon_core.environment:create_file_with_runtime_dependencies(/home/khaledob/bookros2_ws/install/ros2_control_test_assets/share/colcon-core/packages/ros2_control_test_assets)
[1.921s] INFO:colcon.colcon_ros.task.ament_cmake.build:Building ROS package in '/home/khaledob/bookros2_ws/src/ThirdParty/ros2_control/hardware_interface' with build type 'ament_cmake'
[1.922s] INFO:colcon.colcon_cmake.task.cmake.build:Building CMake package in '/home/khaledob/bookros2_ws/src/ThirdParty/ros2_control/hardware_interface'
[1.922s] INFO:colcon.colcon_core.shell:Skip shell extension 'powershell' for command environment: Not usable outside of PowerShell
[1.922s] DEBUG:colcon.colcon_core.shell:Skip shell extension 'dsv' for command environment
[1.963s] Level 1:colcon.colcon_core.environment:create_environment_scripts_only(tiago_description_calibration)
[1.965s] Level 1:colcon.colcon_core.environment:checking '/home/khaledob/bookros2_ws/install/tiago_description_calibration' for CMake module files
[1.980s] Level 1:colcon.colcon_core.environment:checking '/home/khaledob/bookros2_ws/install/tiago_description_calibration' for CMake config files
[1.981s] Level 1:colcon.colcon_core.shell:create_environment_hook('tiago_description_calibration', 'cmake_prefix_path')
[1.982s] INFO:colcon.colcon_core.shell:Creating environment hook '/home/khaledob/bookros2_ws/install/tiago_description_calibration/share/tiago_description_calibration/hook/cmake_prefix_path.ps1'
[1.987s] INFO:colcon.colcon_core.shell:Creating environment descriptor '/home/khaledob/bookros2_ws/install/tiago_description_calibration/share/tiago_description_calibration/hook/cmake_prefix_path.dsv'
[2.014s] INFO:colcon.colcon_core.shell:Creating environment hook '/home/khaledob/bookros2_ws/install/tiago_description_calibration/share/tiago_description_calibration/hook/cmake_prefix_path.sh'
[2.016s] Level 1:colcon.colcon_core.environment:checking '/home/khaledob/bookros2_ws/install/tiago_description_calibration/bin'
[2.016s] Level 1:colcon.colcon_core.environment:checking '/home/khaledob/bookros2_ws/install/tiago_description_calibration/lib/pkgconfig/tiago_description_calibration.pc'
[2.017s] Level 1:colcon.colcon_core.environment:checking '/home/khaledob/bookros2_ws/install/tiago_description_calibration/lib/python3.8/site-packages'
[2.017s] Level 1:colcon.colcon_core.environment:checking '/home/khaledob/bookros2_ws/install/tiago_description_calibration/bin'
[2.018s] INFO:colcon.colcon_core.shell:Creating package script '/home/khaledob/bookros2_ws/install/tiago_description_calibration/share/tiago_description_calibration/package.ps1'
[2.020s] INFO:colcon.colcon_core.shell:Creating package descriptor '/home/khaledob/bookros2_ws/install/tiago_description_calibration/share/tiago_description_calibration/package.dsv'
[2.023s] INFO:colcon.colcon_core.shell:Creating package script '/home/khaledob/bookros2_ws/install/tiago_description_calibration/share/tiago_description_calibration/package.sh'
[2.026s] INFO:colcon.colcon_core.shell:Creating package script '/home/khaledob/bookros2_ws/install/tiago_description_calibration/share/tiago_description_calibration/package.bash'
[2.037s] INFO:colcon.colcon_core.shell:Creating package script '/home/khaledob/bookros2_ws/install/tiago_description_calibration/share/tiago_description_calibration/package.zsh'
[2.041s] Level 1:colcon.colcon_core.environment:create_file_with_runtime_dependencies(/home/khaledob/bookros2_ws/install/tiago_description_calibration/share/colcon-core/packages/tiago_description_calibration)
[2.046s] Level 1:colcon.colcon_core.environment:create_environment_scripts_only(tiago_description_calibration)
[2.046s] Level 1:colcon.colcon_core.environment:checking '/home/khaledob/bookros2_ws/install/tiago_description_calibration' for CMake module files
[2.051s] Level 1:colcon.colcon_core.environment:checking '/home/khaledob/bookros2_ws/install/tiago_description_calibration' for CMake config files
[2.054s] Level 1:colcon.colcon_core.shell:create_environment_hook('tiago_description_calibration', 'cmake_prefix_path')
[2.055s] INFO:colcon.colcon_core.shell:Creating environment hook '/home/khaledob/bookros2_ws/install/tiago_description_calibration/share/tiago_description_calibration/hook/cmake_prefix_path.ps1'
[2.065s] DEBUG:colcon.colcon_core.event_handler.log_command:Invoked command in '/home/khaledob/bookros2_ws/build/twist_mux' returned '0': CMAKE_PREFIX_PATH=/opt/ros/foxy /usr/bin/cmake --build /home/khaledob/bookros2_ws/build/twist_mux -- -j7 -l7
[2.066s] INFO:colcon.colcon_core.shell:Creating environment descriptor '/home/khaledob/bookros2_ws/install/tiago_description_calibration/share/tiago_description_calibration/hook/cmake_prefix_path.dsv'
[2.068s] DEBUG:colcon.colcon_core.event_handler.log_command:Invoking command in '/home/khaledob/bookros2_ws/build/twist_mux': CMAKE_PREFIX_PATH=/opt/ros/foxy /usr/bin/cmake --install /home/khaledob/bookros2_ws/build/twist_mux
[2.069s] DEBUG:colcon.colcon_core.event_handler.log_command:Invoked command in '/home/khaledob/bookros2_ws/build/tiago_description_calibration' returned '0': CMAKE_PREFIX_PATH=/opt/ros/foxy /usr/bin/cmake --install /home/khaledob/bookros2_ws/build/tiago_description_calibration
[2.070s] INFO:colcon.colcon_core.shell:Creating environment hook '/home/khaledob/bookros2_ws/install/tiago_description_calibration/share/tiago_description_calibration/hook/cmake_prefix_path.sh'
[2.074s] Level 1:colcon.colcon_core.environment:checking '/home/khaledob/bookros2_ws/install/tiago_description_calibration/bin'
[2.075s] Level 1:colcon.colcon_core.environment:checking '/home/khaledob/bookros2_ws/install/tiago_description_calibration/lib/pkgconfig/tiago_description_calibration.pc'
[2.075s] Level 1:colcon.colcon_core.environment:checking '/home/khaledob/bookros2_ws/install/tiago_description_calibration/lib/python3.8/site-packages'
[2.075s] Level 1:colcon.colcon_core.environment:checking '/home/khaledob/bookros2_ws/install/tiago_description_calibration/bin'
[2.076s] INFO:colcon.colcon_core.shell:Creating package script '/home/khaledob/bookros2_ws/install/tiago_description_calibration/share/tiago_description_calibration/package.ps1'
[2.080s] INFO:colcon.colcon_core.shell:Creating package descriptor '/home/khaledob/bookros2_ws/install/tiago_description_calibration/share/tiago_description_calibration/package.dsv'
[2.083s] INFO:colcon.colcon_core.shell:Creating package script '/home/khaledob/bookros2_ws/install/tiago_description_calibration/share/tiago_description_calibration/package.sh'
[2.086s] INFO:colcon.colcon_core.shell:Creating package script '/home/khaledob/bookros2_ws/install/tiago_description_calibration/share/tiago_description_calibration/package.bash'
[2.087s] INFO:colcon.colcon_core.shell:Creating package script '/home/khaledob/bookros2_ws/install/tiago_description_calibration/share/tiago_description_calibration/package.zsh'
[2.088s] Level 1:colcon.colcon_core.environment:create_file_with_runtime_dependencies(/home/khaledob/bookros2_ws/install/tiago_description_calibration/share/colcon-core/packages/tiago_description_calibration)
[2.089s] Level 1:colcon.colcon_core.environment:create_environment_scripts_only(urdf_test)
[2.089s] Level 1:colcon.colcon_core.environment:checking '/home/khaledob/bookros2_ws/install/urdf_test' for CMake module files
[2.093s] Level 1:colcon.colcon_core.environment:checking '/home/khaledob/bookros2_ws/install/urdf_test' for CMake config files
[2.095s] DEBUG:colcon.colcon_core.event_handler.log_command:Invoked command in '/home/khaledob/bookros2_ws/build/urdf_test' returned '0': CMAKE_PREFIX_PATH=/opt/ros/foxy /usr/bin/cmake --install /home/khaledob/bookros2_ws/build/urdf_test
[2.096s] Level 1:colcon.colcon_core.shell:create_environment_hook('urdf_test', 'cmake_prefix_path')
[2.097s] INFO:colcon.colcon_core.shell:Creating environment hook '/home/khaledob/bookros2_ws/install/urdf_test/share/urdf_test/hook/cmake_prefix_path.ps1'
[2.098s] INFO:colcon.colcon_core.shell:Creating environment descriptor '/home/khaledob/bookros2_ws/install/urdf_test/share/urdf_test/hook/cmake_prefix_path.dsv'
[2.100s] INFO:colcon.colcon_core.shell:Creating environment hook '/home/khaledob/bookros2_ws/install/urdf_test/share/urdf_test/hook/cmake_prefix_path.sh'
[2.102s] Level 1:colcon.colcon_core.environment:checking '/home/khaledob/bookros2_ws/install/urdf_test/lib'
[2.102s] Level 1:colcon.colcon_core.environment:checking '/home/khaledob/bookros2_ws/install/urdf_test/bin'
[2.102s] Level 1:colcon.colcon_core.environment:checking '/home/khaledob/bookros2_ws/install/urdf_test/lib/pkgconfig/urdf_test.pc'
[2.103s] Level 1:colcon.colcon_core.environment:checking '/home/khaledob/bookros2_ws/install/urdf_test/lib/python3.8/site-packages'
[2.103s] Level 1:colcon.colcon_core.shell:create_environment_hook('urdf_test', 'pythonpath')
[2.103s] INFO:colcon.colcon_core.shell:Creating environment hook '/home/khaledob/bookros2_ws/install/urdf_test/share/urdf_test/hook/pythonpath.ps1'
[2.105s] INFO:colcon.colcon_core.shell:Creating environment descriptor '/home/khaledob/bookros2_ws/install/urdf_test/share/urdf_test/hook/pythonpath.dsv'
[2.108s] INFO:colcon.colcon_core.shell:Creating environment hook '/home/khaledob/bookros2_ws/install/urdf_test/share/urdf_test/hook/pythonpath.sh'
[2.110s] Level 1:colcon.colcon_core.environment:checking '/home/khaledob/bookros2_ws/install/urdf_test/bin'
[2.110s] INFO:colcon.colcon_core.shell:Creating package script '/home/khaledob/bookros2_ws/install/urdf_test/share/urdf_test/package.ps1'
[2.113s] INFO:colcon.colcon_core.shell:Creating package descriptor '/home/khaledob/bookros2_ws/install/urdf_test/share/urdf_test/package.dsv'
[2.114s] INFO:colcon.colcon_core.shell:Creating package script '/home/khaledob/bookros2_ws/install/urdf_test/share/urdf_test/package.sh'
[2.115s] INFO:colcon.colcon_core.shell:Creating package script '/home/khaledob/bookros2_ws/install/urdf_test/share/urdf_test/package.bash'
[2.122s] INFO:colcon.colcon_core.shell:Creating package script '/home/khaledob/bookros2_ws/install/urdf_test/share/urdf_test/package.zsh'
[2.126s] Level 1:colcon.colcon_core.environment:create_file_with_runtime_dependencies(/home/khaledob/bookros2_ws/install/urdf_test/share/colcon-core/packages/urdf_test)
[2.129s] Level 1:colcon.colcon_core.environment:create_environment_scripts_only(urdf_test)
[2.130s] Level 1:colcon.colcon_core.environment:checking '/home/khaledob/bookros2_ws/install/urdf_test' for CMake module files
[2.131s] Level 1:colcon.colcon_core.environment:checking '/home/khaledob/bookros2_ws/install/urdf_test' for CMake config files
[2.131s] Level 1:colcon.colcon_core.shell:create_environment_hook('urdf_test', 'cmake_prefix_path')
[2.132s] INFO:colcon.colcon_core.shell:Creating environment hook '/home/khaledob/bookros2_ws/install/urdf_test/share/urdf_test/hook/cmake_prefix_path.ps1'
[2.134s] INFO:colcon.colcon_core.shell:Creating environment descriptor '/home/khaledob/bookros2_ws/install/urdf_test/share/urdf_test/hook/cmake_prefix_path.dsv'
[2.136s] INFO:colcon.colcon_core.shell:Creating environment hook '/home/khaledob/bookros2_ws/install/urdf_test/share/urdf_test/hook/cmake_prefix_path.sh'
[2.137s] Level 1:colcon.colcon_core.environment:checking '/home/khaledob/bookros2_ws/install/urdf_test/lib'
[2.137s] Level 1:colcon.colcon_core.environment:checking '/home/khaledob/bookros2_ws/install/urdf_test/bin'
[2.137s] Level 1:colcon.colcon_core.environment:checking '/home/khaledob/bookros2_ws/install/urdf_test/lib/pkgconfig/urdf_test.pc'
[2.138s] Level 1:colcon.colcon_core.environment:checking '/home/khaledob/bookros2_ws/install/urdf_test/lib/python3.8/site-packages'
[2.138s] Level 1:colcon.colcon_core.shell:create_environment_hook('urdf_test', 'pythonpath')
[2.138s] INFO:colcon.colcon_core.shell:Creating environment hook '/home/khaledob/bookros2_ws/install/urdf_test/share/urdf_test/hook/pythonpath.ps1'
[2.140s] INFO:colcon.colcon_core.shell:Creating environment descriptor '/home/khaledob/bookros2_ws/install/urdf_test/share/urdf_test/hook/pythonpath.dsv'
[2.141s] INFO:colcon.colcon_core.shell:Creating environment hook '/home/khaledob/bookros2_ws/install/urdf_test/share/urdf_test/hook/pythonpath.sh'
[2.142s] Level 1:colcon.colcon_core.environment:checking '/home/khaledob/bookros2_ws/install/urdf_test/bin'
[2.143s] INFO:colcon.colcon_core.shell:Creating package script '/home/khaledob/bookros2_ws/install/urdf_test/share/urdf_test/package.ps1'
[2.148s] INFO:colcon.colcon_core.shell:Creating package descriptor '/home/khaledob/bookros2_ws/install/urdf_test/share/urdf_test/package.dsv'
[2.150s] INFO:colcon.colcon_core.shell:Creating package script '/home/khaledob/bookros2_ws/install/urdf_test/share/urdf_test/package.sh'
[2.152s] INFO:colcon.colcon_core.shell:Creating package script '/home/khaledob/bookros2_ws/install/urdf_test/share/urdf_test/package.bash'
[2.153s] INFO:colcon.colcon_core.shell:Creating package script '/home/khaledob/bookros2_ws/install/urdf_test/share/urdf_test/package.zsh'
[2.155s] Level 1:colcon.colcon_core.environment:create_file_with_runtime_dependencies(/home/khaledob/bookros2_ws/install/urdf_test/share/colcon-core/packages/urdf_test)
[2.156s] Level 1:colcon.colcon_core.environment:create_environment_scripts_only(hey5_description)
[2.157s] Level 1:colcon.colcon_core.environment:checking '/home/khaledob/bookros2_ws/install/hey5_description' for CMake module files
[2.158s] Level 1:colcon.colcon_core.environment:checking '/home/khaledob/bookros2_ws/install/hey5_description' for CMake config files
[2.160s] Level 1:colcon.colcon_core.shell:create_environment_hook('hey5_description', 'cmake_prefix_path')
[2.163s] INFO:colcon.colcon_core.shell:Creating environment hook '/home/khaledob/bookros2_ws/install/hey5_description/share/hey5_description/hook/cmake_prefix_path.ps1'
[2.164s] DEBUG:colcon.colcon_core.event_handler.log_command:Invoked command in '/home/khaledob/bookros2_ws/build/hey5_description' returned '0': CMAKE_PREFIX_PATH=/opt/ros/foxy /usr/bin/cmake --install /home/khaledob/bookros2_ws/build/hey5_description
[2.166s] INFO:colcon.colcon_core.shell:Creating environment descriptor '/home/khaledob/bookros2_ws/install/hey5_description/share/hey5_description/hook/cmake_prefix_path.dsv'
[2.167s] INFO:colcon.colcon_core.shell:Creating environment hook '/home/khaledob/bookros2_ws/install/hey5_description/share/hey5_description/hook/cmake_prefix_path.sh'
[2.169s] Level 1:colcon.colcon_core.environment:checking '/home/khaledob/bookros2_ws/install/hey5_description/bin'
[2.169s] Level 1:colcon.colcon_core.environment:checking '/home/khaledob/bookros2_ws/install/hey5_description/lib/pkgconfig/hey5_description.pc'
[2.170s] Level 1:colcon.colcon_core.environment:checking '/home/khaledob/bookros2_ws/install/hey5_description/lib/python3.8/site-packages'
[2.170s] Level 1:colcon.colcon_core.environment:checking '/home/khaledob/bookros2_ws/install/hey5_description/bin'
[2.171s] INFO:colcon.colcon_core.shell:Creating package script '/home/khaledob/bookros2_ws/install/hey5_description/share/hey5_description/package.ps1'
[2.172s] INFO:colcon.colcon_core.shell:Creating package descriptor '/home/khaledob/bookros2_ws/install/hey5_description/share/hey5_description/package.dsv'
[2.174s] INFO:colcon.colcon_core.shell:Creating package script '/home/khaledob/bookros2_ws/install/hey5_description/share/hey5_description/package.sh'
[2.175s] INFO:colcon.colcon_core.shell:Creating package script '/home/khaledob/bookros2_ws/install/hey5_description/share/hey5_description/package.bash'
[2.177s] INFO:colcon.colcon_core.shell:Creating package script '/home/khaledob/bookros2_ws/install/hey5_description/share/hey5_description/package.zsh'
[2.179s] Level 1:colcon.colcon_core.environment:create_file_with_runtime_dependencies(/home/khaledob/bookros2_ws/install/hey5_description/share/colcon-core/packages/hey5_description)
[2.185s] Level 1:colcon.colcon_core.environment:create_environment_scripts_only(hey5_description)
[2.185s] Level 1:colcon.colcon_core.environment:checking '/home/khaledob/bookros2_ws/install/hey5_description' for CMake module files
[2.186s] Level 1:colcon.colcon_core.environment:checking '/home/khaledob/bookros2_ws/install/hey5_description' for CMake config files
[2.186s] Level 1:colcon.colcon_core.shell:create_environment_hook('hey5_description', 'cmake_prefix_path')
[2.187s] INFO:colcon.colcon_core.shell:Creating environment hook '/home/khaledob/bookros2_ws/install/hey5_description/share/hey5_description/hook/cmake_prefix_path.ps1'
[2.191s] INFO:colcon.colcon_core.shell:Creating environment descriptor '/home/khaledob/bookros2_ws/install/hey5_description/share/hey5_description/hook/cmake_prefix_path.dsv'
[2.193s] INFO:colcon.colcon_core.shell:Creating environment hook '/home/khaledob/bookros2_ws/install/hey5_description/share/hey5_description/hook/cmake_prefix_path.sh'
[2.195s] Level 1:colcon.colcon_core.environment:checking '/home/khaledob/bookros2_ws/install/hey5_description/bin'
[2.195s] Level 1:colcon.colcon_core.environment:checking '/home/khaledob/bookros2_ws/install/hey5_description/lib/pkgconfig/hey5_description.pc'
[2.196s] Level 1:colcon.colcon_core.environment:checking '/home/khaledob/bookros2_ws/install/hey5_description/lib/python3.8/site-packages'
[2.196s] Level 1:colcon.colcon_core.environment:checking '/home/khaledob/bookros2_ws/install/hey5_description/bin'
[2.196s] INFO:colcon.colcon_core.shell:Creating package script '/home/khaledob/bookros2_ws/install/hey5_description/share/hey5_description/package.ps1'
[2.198s] INFO:colcon.colcon_core.shell:Creating package descriptor '/home/khaledob/bookros2_ws/install/hey5_description/share/hey5_description/package.dsv'
[2.199s] INFO:colcon.colcon_core.shell:Creating package script '/home/khaledob/bookros2_ws/install/hey5_description/share/hey5_description/package.sh'
[2.203s] INFO:colcon.colcon_core.shell:Creating package script '/home/khaledob/bookros2_ws/install/hey5_description/share/hey5_description/package.bash'
[2.205s] INFO:colcon.colcon_core.shell:Creating package script '/home/khaledob/bookros2_ws/install/hey5_description/share/hey5_description/package.zsh'
[2.207s] Level 1:colcon.colcon_core.environment:create_file_with_runtime_dependencies(/home/khaledob/bookros2_ws/install/hey5_description/share/colcon-core/packages/hey5_description)
[2.216s] INFO:colcon.colcon_ros.task.ament_cmake.build:Building ROS package in '/home/khaledob/bookros2_ws/src/ThirdParty/pal_gripper/pal_gripper_description' with build type 'ament_cmake'
[2.216s] INFO:colcon.colcon_cmake.task.cmake.build:Building CMake package in '/home/khaledob/bookros2_ws/src/ThirdParty/pal_gripper/pal_gripper_description'
[2.217s] INFO:colcon.colcon_core.shell:Skip shell extension 'powershell' for command environment: Not usable outside of PowerShell
[2.217s] DEBUG:colcon.colcon_core.shell:Skip shell extension 'dsv' for command environment
[2.233s] INFO:colcon.colcon_ros.task.ament_cmake.build:Building ROS package in '/home/khaledob/bookros2_ws/src/ThirdParty/pal_gazebo_worlds' with build type 'ament_cmake'
[2.234s] INFO:colcon.colcon_cmake.task.cmake.build:Building CMake package in '/home/khaledob/bookros2_ws/src/ThirdParty/pal_gazebo_worlds'
[2.235s] INFO:colcon.colcon_core.shell:Skip shell extension 'powershell' for command environment: Not usable outside of PowerShell
[2.235s] DEBUG:colcon.colcon_core.shell:Skip shell extension 'dsv' for command environment
[2.255s] INFO:colcon.colcon_ros.task.ament_cmake.build:Building ROS package in '/home/khaledob/bookros2_ws/src/ThirdParty/pmb2_navigation/pmb2_maps' with build type 'ament_cmake'
[2.256s] INFO:colcon.colcon_cmake.task.cmake.build:Building CMake package in '/home/khaledob/bookros2_ws/src/ThirdParty/pmb2_navigation/pmb2_maps'
[2.257s] INFO:colcon.colcon_core.shell:Skip shell extension 'powershell' for command environment: Not usable outside of PowerShell
[2.257s] DEBUG:colcon.colcon_core.shell:Skip shell extension 'dsv' for command environment
[2.273s] Level 1:colcon.colcon_core.environment:create_environment_scripts_only(controller_manager_msgs)
[2.274s] Level 1:colcon.colcon_core.environment:checking '/home/khaledob/bookros2_ws/install/controller_manager_msgs' for CMake module files
[2.275s] DEBUG:colcon.colcon_core.event_handler.log_command:Invoked command in '/home/khaledob/bookros2_ws/build/controller_manager_msgs' returned '0': CMAKE_PREFIX_PATH=/opt/ros/foxy /usr/bin/cmake --install /home/khaledob/bookros2_ws/build/controller_manager_msgs
[2.279s] Level 1:colcon.colcon_core.environment:checking '/home/khaledob/bookros2_ws/install/controller_manager_msgs' for CMake config files
[2.281s] Level 1:colcon.colcon_core.shell:create_environment_hook('controller_manager_msgs', 'cmake_prefix_path')
[2.281s] INFO:colcon.colcon_core.shell:Creating environment hook '/home/khaledob/bookros2_ws/install/controller_manager_msgs/share/controller_manager_msgs/hook/cmake_prefix_path.ps1'
[2.283s] INFO:colcon.colcon_core.shell:Creating environment descriptor '/home/khaledob/bookros2_ws/install/controller_manager_msgs/share/controller_manager_msgs/hook/cmake_prefix_path.dsv'
[2.285s] INFO:colcon.colcon_core.shell:Creating environment hook '/home/khaledob/bookros2_ws/install/controller_manager_msgs/share/controller_manager_msgs/hook/cmake_prefix_path.sh'
[2.287s] Level 1:colcon.colcon_core.environment:checking '/home/khaledob/bookros2_ws/install/controller_manager_msgs/lib'
[2.287s] Level 1:colcon.colcon_core.shell:create_environment_hook('controller_manager_msgs', 'ld_library_path_lib')
[2.288s] INFO:colcon.colcon_core.shell:Creating environment hook '/home/khaledob/bookros2_ws/install/controller_manager_msgs/share/controller_manager_msgs/hook/ld_library_path_lib.ps1'
[2.290s] INFO:colcon.colcon_core.shell:Creating environment descriptor '/home/khaledob/bookros2_ws/install/controller_manager_msgs/share/controller_manager_msgs/hook/ld_library_path_lib.dsv'
[2.291s] INFO:colcon.colcon_core.shell:Creating environment hook '/home/khaledob/bookros2_ws/install/controller_manager_msgs/share/controller_manager_msgs/hook/ld_library_path_lib.sh'
[2.294s] Level 1:colcon.colcon_core.environment:checking '/home/khaledob/bookros2_ws/install/controller_manager_msgs/bin'
[2.294s] Level 1:colcon.colcon_core.environment:checking '/home/khaledob/bookros2_ws/install/controller_manager_msgs/lib/pkgconfig/controller_manager_msgs.pc'
[2.294s] Level 1:colcon.colcon_core.environment:checking '/home/khaledob/bookros2_ws/install/controller_manager_msgs/lib/python3.8/site-packages'
[2.295s] Level 1:colcon.colcon_core.shell:create_environment_hook('controller_manager_msgs', 'pythonpath')
[2.296s] INFO:colcon.colcon_core.shell:Creating environment hook '/home/khaledob/bookros2_ws/install/controller_manager_msgs/share/controller_manager_msgs/hook/pythonpath.ps1'
[2.298s] INFO:colcon.colcon_core.shell:Creating environment descriptor '/home/khaledob/bookros2_ws/install/controller_manager_msgs/share/controller_manager_msgs/hook/pythonpath.dsv'
[2.304s] INFO:colcon.colcon_core.shell:Creating environment hook '/home/khaledob/bookros2_ws/install/controller_manager_msgs/share/controller_manager_msgs/hook/pythonpath.sh'
[2.305s] Level 1:colcon.colcon_core.environment:checking '/home/khaledob/bookros2_ws/install/controller_manager_msgs/bin'
[2.315s] INFO:colcon.colcon_core.shell:Creating package script '/home/khaledob/bookros2_ws/install/controller_manager_msgs/share/controller_manager_msgs/package.ps1'
[2.321s] INFO:colcon.colcon_core.shell:Creating package descriptor '/home/khaledob/bookros2_ws/install/controller_manager_msgs/share/controller_manager_msgs/package.dsv'
[2.322s] INFO:colcon.colcon_core.shell:Creating package script '/home/khaledob/bookros2_ws/install/controller_manager_msgs/share/controller_manager_msgs/package.sh'
[2.325s] INFO:colcon.colcon_core.shell:Creating package script '/home/khaledob/bookros2_ws/install/controller_manager_msgs/share/controller_manager_msgs/package.bash'
[2.326s] INFO:colcon.colcon_core.shell:Creating package script '/home/khaledob/bookros2_ws/install/controller_manager_msgs/share/controller_manager_msgs/package.zsh'
[2.330s] Level 1:colcon.colcon_core.environment:create_file_with_runtime_dependencies(/home/khaledob/bookros2_ws/install/controller_manager_msgs/share/colcon-core/packages/controller_manager_msgs)
[2.332s] Level 1:colcon.colcon_core.environment:create_environment_scripts_only(controller_manager_msgs)
[2.333s] Level 1:colcon.colcon_core.environment:checking '/home/khaledob/bookros2_ws/install/controller_manager_msgs' for CMake module files
[2.333s] Level 1:colcon.colcon_core.environment:checking '/home/khaledob/bookros2_ws/install/controller_manager_msgs' for CMake config files
[2.335s] Level 1:colcon.colcon_core.shell:create_environment_hook('controller_manager_msgs', 'cmake_prefix_path')
[2.336s] INFO:colcon.colcon_core.shell:Creating environment hook '/home/khaledob/bookros2_ws/install/controller_manager_msgs/share/controller_manager_msgs/hook/cmake_prefix_path.ps1'
[2.338s] INFO:colcon.colcon_core.shell:Creating environment descriptor '/home/khaledob/bookros2_ws/install/controller_manager_msgs/share/controller_manager_msgs/hook/cmake_prefix_path.dsv'
[2.342s] INFO:colcon.colcon_core.shell:Creating environment hook '/home/khaledob/bookros2_ws/install/controller_manager_msgs/share/controller_manager_msgs/hook/cmake_prefix_path.sh'
[2.357s] Level 1:colcon.colcon_core.environment:checking '/home/khaledob/bookros2_ws/install/controller_manager_msgs/lib'
[2.360s] Level 1:colcon.colcon_core.shell:create_environment_hook('controller_manager_msgs', 'ld_library_path_lib')
[2.361s] INFO:colcon.colcon_core.shell:Creating environment hook '/home/khaledob/bookros2_ws/install/controller_manager_msgs/share/controller_manager_msgs/hook/ld_library_path_lib.ps1'
[2.362s] INFO:colcon.colcon_core.shell:Creating environment descriptor '/home/khaledob/bookros2_ws/install/controller_manager_msgs/share/controller_manager_msgs/hook/ld_library_path_lib.dsv'
[2.372s] INFO:colcon.colcon_core.shell:Creating environment hook '/home/khaledob/bookros2_ws/install/controller_manager_msgs/share/controller_manager_msgs/hook/ld_library_path_lib.sh'
[2.378s] Level 1:colcon.colcon_core.environment:checking '/home/khaledob/bookros2_ws/install/controller_manager_msgs/bin'
[2.379s] Level 1:colcon.colcon_core.environment:checking '/home/khaledob/bookros2_ws/install/controller_manager_msgs/lib/pkgconfig/controller_manager_msgs.pc'
[2.380s] Level 1:colcon.colcon_core.environment:checking '/home/khaledob/bookros2_ws/install/controller_manager_msgs/lib/python3.8/site-packages'
[2.380s] Level 1:colcon.colcon_core.shell:create_environment_hook('controller_manager_msgs', 'pythonpath')
[2.380s] INFO:colcon.colcon_core.shell:Creating environment hook '/home/khaledob/bookros2_ws/install/controller_manager_msgs/share/controller_manager_msgs/hook/pythonpath.ps1'
[2.382s] INFO:colcon.colcon_core.shell:Creating environment descriptor '/home/khaledob/bookros2_ws/install/controller_manager_msgs/share/controller_manager_msgs/hook/pythonpath.dsv'
[2.384s] INFO:colcon.colcon_core.shell:Creating environment hook '/home/khaledob/bookros2_ws/install/controller_manager_msgs/share/controller_manager_msgs/hook/pythonpath.sh'
[2.386s] Level 1:colcon.colcon_core.environment:checking '/home/khaledob/bookros2_ws/install/controller_manager_msgs/bin'
[2.387s] INFO:colcon.colcon_core.shell:Creating package script '/home/khaledob/bookros2_ws/install/controller_manager_msgs/share/controller_manager_msgs/package.ps1'
[2.388s] INFO:colcon.colcon_core.shell:Creating package descriptor '/home/khaledob/bookros2_ws/install/controller_manager_msgs/share/controller_manager_msgs/package.dsv'
[2.390s] INFO:colcon.colcon_core.shell:Creating package script '/home/khaledob/bookros2_ws/install/controller_manager_msgs/share/controller_manager_msgs/package.sh'
[2.391s] INFO:colcon.colcon_core.shell:Creating package script '/home/khaledob/bookros2_ws/install/controller_manager_msgs/share/controller_manager_msgs/package.bash'
[2.392s] INFO:colcon.colcon_core.shell:Creating package script '/home/khaledob/bookros2_ws/install/controller_manager_msgs/share/controller_manager_msgs/package.zsh'
[2.394s] Level 1:colcon.colcon_core.environment:create_file_with_runtime_dependencies(/home/khaledob/bookros2_ws/install/controller_manager_msgs/share/colcon-core/packages/controller_manager_msgs)
[2.405s] INFO:colcon.colcon_ros.task.ament_cmake.build:Building ROS package in '/home/khaledob/bookros2_ws/src/book_ros2/br2_tracking_msgs' with build type 'ament_cmake'
[2.405s] INFO:colcon.colcon_cmake.task.cmake.build:Building CMake package in '/home/khaledob/bookros2_ws/src/book_ros2/br2_tracking_msgs'
[2.405s] INFO:colcon.colcon_core.shell:Skip shell extension 'powershell' for command environment: Not usable outside of PowerShell
[2.408s] DEBUG:colcon.colcon_core.shell:Skip shell extension 'dsv' for command environment
[2.433s] Level 1:colcon.colcon_core.environment:create_environment_scripts_only(twist_mux)
[2.433s] Level 1:colcon.colcon_core.environment:checking '/home/khaledob/bookros2_ws/install/twist_mux' for CMake module files
[2.436s] DEBUG:colcon.colcon_core.event_handler.log_command:Invoked command in '/home/khaledob/bookros2_ws/build/twist_mux' returned '0': CMAKE_PREFIX_PATH=/opt/ros/foxy /usr/bin/cmake --install /home/khaledob/bookros2_ws/build/twist_mux
[2.439s] Level 1:colcon.colcon_core.environment:checking '/home/khaledob/bookros2_ws/install/twist_mux' for CMake config files
[2.447s] Level 1:colcon.colcon_core.shell:create_environment_hook('twist_mux', 'cmake_prefix_path')
[2.449s] INFO:colcon.colcon_core.shell:Creating environment hook '/home/khaledob/bookros2_ws/install/twist_mux/share/twist_mux/hook/cmake_prefix_path.ps1'
[2.451s] INFO:colcon.colcon_core.shell:Creating environment descriptor '/home/khaledob/bookros2_ws/install/twist_mux/share/twist_mux/hook/cmake_prefix_path.dsv'
[2.457s] INFO:colcon.colcon_core.shell:Creating environment hook '/home/khaledob/bookros2_ws/install/twist_mux/share/twist_mux/hook/cmake_prefix_path.sh'
[2.464s] Level 1:colcon.colcon_core.environment:checking '/home/khaledob/bookros2_ws/install/twist_mux/lib'
[2.464s] Level 1:colcon.colcon_core.environment:checking '/home/khaledob/bookros2_ws/install/twist_mux/bin'
[2.464s] Level 1:colcon.colcon_core.environment:checking '/home/khaledob/bookros2_ws/install/twist_mux/lib/pkgconfig/twist_mux.pc'
[2.465s] Level 1:colcon.colcon_core.environment:checking '/home/khaledob/bookros2_ws/install/twist_mux/lib/python3.8/site-packages'
[2.465s] Level 1:colcon.colcon_core.environment:checking '/home/khaledob/bookros2_ws/install/twist_mux/bin'
[2.466s] INFO:colcon.colcon_core.shell:Creating package script '/home/khaledob/bookros2_ws/install/twist_mux/share/twist_mux/package.ps1'
[2.468s] INFO:colcon.colcon_core.shell:Creating package descriptor '/home/khaledob/bookros2_ws/install/twist_mux/share/twist_mux/package.dsv'
[2.470s] INFO:colcon.colcon_core.shell:Creating package script '/home/khaledob/bookros2_ws/install/twist_mux/share/twist_mux/package.sh'
[2.471s] INFO:colcon.colcon_core.shell:Creating package script '/home/khaledob/bookros2_ws/install/twist_mux/share/twist_mux/package.bash'
[2.473s] INFO:colcon.colcon_core.shell:Creating package script '/home/khaledob/bookros2_ws/install/twist_mux/share/twist_mux/package.zsh'
[2.474s] Level 1:colcon.colcon_core.environment:create_file_with_runtime_dependencies(/home/khaledob/bookros2_ws/install/twist_mux/share/colcon-core/packages/twist_mux)
[2.477s] Level 1:colcon.colcon_core.environment:create_environment_scripts_only(twist_mux)
[2.478s] Level 1:colcon.colcon_core.environment:checking '/home/khaledob/bookros2_ws/install/twist_mux' for CMake module files
[2.480s] Level 1:colcon.colcon_core.environment:checking '/home/khaledob/bookros2_ws/install/twist_mux' for CMake config files
[2.480s] Level 1:colcon.colcon_core.shell:create_environment_hook('twist_mux', 'cmake_prefix_path')
[2.480s] INFO:colcon.colcon_core.shell:Creating environment hook '/home/khaledob/bookros2_ws/install/twist_mux/share/twist_mux/hook/cmake_prefix_path.ps1'
[2.482s] INFO:colcon.colcon_core.shell:Creating environment descriptor '/home/khaledob/bookros2_ws/install/twist_mux/share/twist_mux/hook/cmake_prefix_path.dsv'
[2.483s] INFO:colcon.colcon_core.shell:Creating environment hook '/home/khaledob/bookros2_ws/install/twist_mux/share/twist_mux/hook/cmake_prefix_path.sh'
[2.486s] Level 1:colcon.colcon_core.environment:checking '/home/khaledob/bookros2_ws/install/twist_mux/lib'
[2.488s] Level 1:colcon.colcon_core.environment:checking '/home/khaledob/bookros2_ws/install/twist_mux/bin'
[2.489s] Level 1:colcon.colcon_core.environment:checking '/home/khaledob/bookros2_ws/install/twist_mux/lib/pkgconfig/twist_mux.pc'
[2.489s] Level 1:colcon.colcon_core.environment:checking '/home/khaledob/bookros2_ws/install/twist_mux/lib/python3.8/site-packages'
[2.489s] Level 1:colcon.colcon_core.environment:checking '/home/khaledob/bookros2_ws/install/twist_mux/bin'
[2.489s] INFO:colcon.colcon_core.shell:Creating package script '/home/khaledob/bookros2_ws/install/twist_mux/share/twist_mux/package.ps1'
[2.491s] INFO:colcon.colcon_core.shell:Creating package descriptor '/home/khaledob/bookros2_ws/install/twist_mux/share/twist_mux/package.dsv'
[2.501s] INFO:colcon.colcon_core.shell:Creating package script '/home/khaledob/bookros2_ws/install/twist_mux/share/twist_mux/package.sh'
[2.502s] INFO:colcon.colcon_core.shell:Creating package script '/home/khaledob/bookros2_ws/install/twist_mux/share/twist_mux/package.bash'
[2.509s] INFO:colcon.colcon_core.shell:Creating package script '/home/khaledob/bookros2_ws/install/twist_mux/share/twist_mux/package.zsh'
[2.513s] Level 1:colcon.colcon_core.environment:create_file_with_runtime_dependencies(/home/khaledob/bookros2_ws/install/twist_mux/share/colcon-core/packages/twist_mux)
[2.531s] DEBUG:colcon.colcon_core.event_handler.log_command:Invoking command in '/home/khaledob/bookros2_ws/build/hardware_interface': AMENT_PREFIX_PATH=/home/khaledob/bookros2_ws/install/ros2_control_test_assets:${AMENT_PREFIX_PATH} CMAKE_PREFIX_PATH=/home/khaledob/bookros2_ws/install/ros2_control_test_assets:/opt/ros/foxy /usr/bin/cmake --build /home/khaledob/bookros2_ws/build/hardware_interface -- -j7 -l7
[2.534s] INFO:colcon.colcon_ros.task.ament_cmake.build:Building ROS package in '/home/khaledob/bookros2_ws/src/book_ros2/br2_basics' with build type 'ament_cmake'
[2.535s] INFO:colcon.colcon_cmake.task.cmake.build:Building CMake package in '/home/khaledob/bookros2_ws/src/book_ros2/br2_basics'
[2.536s] INFO:colcon.colcon_core.shell:Skip shell extension 'powershell' for command environment: Not usable outside of PowerShell
[2.536s] DEBUG:colcon.colcon_core.shell:Skip shell extension 'dsv' for command environment
[2.595s] DEBUG:colcon.colcon_core.event_handler.log_command:Invoking command in '/home/khaledob/bookros2_ws/build/launch_pal': PYTHONPATH=/home/khaledob/bookros2_ws/build/launch_pal/prefix_override:/usr/lib/python3/dist-packages/colcon_core/task/python/colcon_distutils_commands:/home/khaledob/bookros2_ws/install/launch_pal/lib/python3.8/site-packages:${PYTHONPATH} /usr/bin/python3 -W ignore:setup.py install is deprecated -W ignore:easy_install command is deprecated setup.py develop --editable --build-directory /home/khaledob/bookros2_ws/build/launch_pal/build --no-deps symlink_data
[2.622s] DEBUG:colcon.colcon_core.event_handler.log_command:Invoking command in '/home/khaledob/bookros2_ws/build/pal_gripper_description': AMENT_PREFIX_PATH=/home/khaledob/bookros2_ws/install/urdf_test:${AMENT_PREFIX_PATH} CMAKE_PREFIX_PATH=/home/khaledob/bookros2_ws/install/urdf_test:/opt/ros/foxy PYTHONPATH=/home/khaledob/bookros2_ws/install/urdf_test/lib/python3.8/site-packages:${PYTHONPATH} /usr/bin/cmake --build /home/khaledob/bookros2_ws/build/pal_gripper_description -- -j7 -l7
[2.648s] DEBUG:colcon.colcon_core.event_handler.log_command:Invoking command in '/home/khaledob/bookros2_ws/build/pal_gazebo_worlds': CMAKE_PREFIX_PATH=/opt/ros/foxy /usr/bin/cmake --build /home/khaledob/bookros2_ws/build/pal_gazebo_worlds -- -j7 -l7
[2.675s] DEBUG:colcon.colcon_core.event_handler.log_command:Invoking command in '/home/khaledob/bookros2_ws/build/pmb2_maps': CMAKE_PREFIX_PATH=/opt/ros/foxy /usr/bin/cmake --build /home/khaledob/bookros2_ws/build/pmb2_maps -- -j7 -l7
[2.718s] DEBUG:colcon.colcon_core.event_handler.log_command:Invoking command in '/home/khaledob/bookros2_ws/build/br2_tracking_msgs': CMAKE_PREFIX_PATH=/opt/ros/foxy /usr/bin/cmake --build /home/khaledob/bookros2_ws/build/br2_tracking_msgs -- -j7 -l7
[2.759s] DEBUG:colcon.colcon_core.event_handler.log_command:Invoking command in '/home/khaledob/bookros2_ws/build/br2_basics': CMAKE_PREFIX_PATH=/opt/ros/foxy /usr/bin/cmake --build /home/khaledob/bookros2_ws/build/br2_basics -- -j7 -l7
[2.796s] DEBUG:colcon.colcon_core.event_handler.log_command:Invoked command in '/home/khaledob/bookros2_ws/build/pal_gazebo_worlds' returned '0': CMAKE_PREFIX_PATH=/opt/ros/foxy /usr/bin/cmake --build /home/khaledob/bookros2_ws/build/pal_gazebo_worlds -- -j7 -l7
[2.797s] DEBUG:colcon.colcon_core.event_handler.log_command:Invoking command in '/home/khaledob/bookros2_ws/build/pal_gazebo_worlds': CMAKE_PREFIX_PATH=/opt/ros/foxy /usr/bin/cmake --install /home/khaledob/bookros2_ws/build/pal_gazebo_worlds
[2.819s] DEBUG:colcon.colcon_core.event_handler.log_command:Invoked command in '/home/khaledob/bookros2_ws/build/pal_gripper_description' returned '0': AMENT_PREFIX_PATH=/home/khaledob/bookros2_ws/install/urdf_test:${AMENT_PREFIX_PATH} CMAKE_PREFIX_PATH=/home/khaledob/bookros2_ws/install/urdf_test:/opt/ros/foxy PYTHONPATH=/home/khaledob/bookros2_ws/install/urdf_test/lib/python3.8/site-packages:${PYTHONPATH} /usr/bin/cmake --build /home/khaledob/bookros2_ws/build/pal_gripper_description -- -j7 -l7
[2.822s] DEBUG:colcon.colcon_core.event_handler.log_command:Invoking command in '/home/khaledob/bookros2_ws/build/pal_gripper_description': AMENT_PREFIX_PATH=/home/khaledob/bookros2_ws/install/urdf_test:${AMENT_PREFIX_PATH} CMAKE_PREFIX_PATH=/home/khaledob/bookros2_ws/install/urdf_test:/opt/ros/foxy PYTHONPATH=/home/khaledob/bookros2_ws/install/urdf_test/lib/python3.8/site-packages:${PYTHONPATH} /usr/bin/cmake --install /home/khaledob/bookros2_ws/build/pal_gripper_description
[2.917s] DEBUG:colcon.colcon_core.event_handler.log_command:Invoked command in '/home/khaledob/bookros2_ws/build/pmb2_maps' returned '0': CMAKE_PREFIX_PATH=/opt/ros/foxy /usr/bin/cmake --build /home/khaledob/bookros2_ws/build/pmb2_maps -- -j7 -l7
[2.921s] DEBUG:colcon.colcon_core.event_handler.log_command:Invoking command in '/home/khaledob/bookros2_ws/build/pmb2_maps': CMAKE_PREFIX_PATH=/opt/ros/foxy /usr/bin/cmake --install /home/khaledob/bookros2_ws/build/pmb2_maps
[3.070s] Level 1:colcon.colcon_core.environment:create_environment_scripts_only(pal_gripper_description)
[3.071s] Level 1:colcon.colcon_core.environment:checking '/home/khaledob/bookros2_ws/install/pal_gripper_description' for CMake module files
[3.100s] Level 1:colcon.colcon_core.environment:checking '/home/khaledob/bookros2_ws/install/pal_gripper_description' for CMake config files
[3.101s] Level 1:colcon.colcon_core.shell:create_environment_hook('pal_gripper_description', 'cmake_prefix_path')
[3.101s] INFO:colcon.colcon_core.shell:Creating environment hook '/home/khaledob/bookros2_ws/install/pal_gripper_description/share/pal_gripper_description/hook/cmake_prefix_path.ps1'
[3.104s] INFO:colcon.colcon_core.shell:Creating environment descriptor '/home/khaledob/bookros2_ws/install/pal_gripper_description/share/pal_gripper_description/hook/cmake_prefix_path.dsv'
[3.106s] INFO:colcon.colcon_core.shell:Creating environment hook '/home/khaledob/bookros2_ws/install/pal_gripper_description/share/pal_gripper_description/hook/cmake_prefix_path.sh'
[3.108s] Level 1:colcon.colcon_core.environment:checking '/home/khaledob/bookros2_ws/install/pal_gripper_description/bin'
[3.108s] Level 1:colcon.colcon_core.environment:checking '/home/khaledob/bookros2_ws/install/pal_gripper_description/lib/pkgconfig/pal_gripper_description.pc'
[3.109s] Level 1:colcon.colcon_core.environment:checking '/home/khaledob/bookros2_ws/install/pal_gripper_description/lib/python3.8/site-packages'
[3.113s] Level 1:colcon.colcon_core.environment:checking '/home/khaledob/bookros2_ws/install/pal_gripper_description/bin'
[3.113s] INFO:colcon.colcon_core.shell:Creating package script '/home/khaledob/bookros2_ws/install/pal_gripper_description/share/pal_gripper_description/package.ps1'
[3.125s] INFO:colcon.colcon_core.shell:Creating package descriptor '/home/khaledob/bookros2_ws/install/pal_gripper_description/share/pal_gripper_description/package.dsv'
[3.148s] DEBUG:colcon.colcon_core.event_handler.log_command:Invoked command in '/home/khaledob/bookros2_ws/build/pal_gripper_description' returned '0': AMENT_PREFIX_PATH=/home/khaledob/bookros2_ws/install/urdf_test:${AMENT_PREFIX_PATH} CMAKE_PREFIX_PATH=/home/khaledob/bookros2_ws/install/urdf_test:/opt/ros/foxy PYTHONPATH=/home/khaledob/bookros2_ws/install/urdf_test/lib/python3.8/site-packages:${PYTHONPATH} /usr/bin/cmake --install /home/khaledob/bookros2_ws/build/pal_gripper_description
[3.165s] INFO:colcon.colcon_core.shell:Creating package script '/home/khaledob/bookros2_ws/install/pal_gripper_description/share/pal_gripper_description/package.sh'
[3.168s] INFO:colcon.colcon_core.shell:Creating package script '/home/khaledob/bookros2_ws/install/pal_gripper_description/share/pal_gripper_description/package.bash'
[3.173s] INFO:colcon.colcon_core.shell:Creating package script '/home/khaledob/bookros2_ws/install/pal_gripper_description/share/pal_gripper_description/package.zsh'
[3.185s] Level 1:colcon.colcon_core.environment:create_file_with_runtime_dependencies(/home/khaledob/bookros2_ws/install/pal_gripper_description/share/colcon-core/packages/pal_gripper_description)
[3.187s] Level 1:colcon.colcon_core.environment:create_environment_scripts_only(pal_gripper_description)
[3.188s] Level 1:colcon.colcon_core.environment:checking '/home/khaledob/bookros2_ws/install/pal_gripper_description' for CMake module files
[3.209s] Level 1:colcon.colcon_core.environment:checking '/home/khaledob/bookros2_ws/install/pal_gripper_description' for CMake config files
[3.218s] Level 1:colcon.colcon_core.shell:create_environment_hook('pal_gripper_description', 'cmake_prefix_path')
[3.219s] INFO:colcon.colcon_core.shell:Creating environment hook '/home/khaledob/bookros2_ws/install/pal_gripper_description/share/pal_gripper_description/hook/cmake_prefix_path.ps1'
[3.222s] INFO:colcon.colcon_core.shell:Creating environment descriptor '/home/khaledob/bookros2_ws/install/pal_gripper_description/share/pal_gripper_description/hook/cmake_prefix_path.dsv'
[3.225s] INFO:colcon.colcon_core.shell:Creating environment hook '/home/khaledob/bookros2_ws/install/pal_gripper_description/share/pal_gripper_description/hook/cmake_prefix_path.sh'
[3.228s] Level 1:colcon.colcon_core.environment:checking '/home/khaledob/bookros2_ws/install/pal_gripper_description/bin'
[3.229s] Level 1:colcon.colcon_core.environment:checking '/home/khaledob/bookros2_ws/install/pal_gripper_description/lib/pkgconfig/pal_gripper_description.pc'
[3.231s] Level 1:colcon.colcon_core.environment:checking '/home/khaledob/bookros2_ws/install/pal_gripper_description/lib/python3.8/site-packages'
[3.232s] Level 1:colcon.colcon_core.environment:checking '/home/khaledob/bookros2_ws/install/pal_gripper_description/bin'
[3.233s] INFO:colcon.colcon_core.shell:Creating package script '/home/khaledob/bookros2_ws/install/pal_gripper_description/share/pal_gripper_description/package.ps1'
[3.252s] INFO:colcon.colcon_core.shell:Creating package descriptor '/home/khaledob/bookros2_ws/install/pal_gripper_description/share/pal_gripper_description/package.dsv'
[3.265s] INFO:colcon.colcon_core.shell:Creating package script '/home/khaledob/bookros2_ws/install/pal_gripper_description/share/pal_gripper_description/package.sh'
[3.270s] INFO:colcon.colcon_core.shell:Creating package script '/home/khaledob/bookros2_ws/install/pal_gripper_description/share/pal_gripper_description/package.bash'
[3.283s] INFO:colcon.colcon_core.shell:Creating package script '/home/khaledob/bookros2_ws/install/pal_gripper_description/share/pal_gripper_description/package.zsh'
[3.289s] Level 1:colcon.colcon_core.environment:create_file_with_runtime_dependencies(/home/khaledob/bookros2_ws/install/pal_gripper_description/share/colcon-core/packages/pal_gripper_description)
[3.302s] INFO:colcon.colcon_ros.task.ament_cmake.build:Building ROS package in '/home/khaledob/bookros2_ws/src/book_ros2/br2_bt_bumpgo' with build type 'ament_cmake'
[3.303s] INFO:colcon.colcon_cmake.task.cmake.build:Building CMake package in '/home/khaledob/bookros2_ws/src/book_ros2/br2_bt_bumpgo'
[3.303s] INFO:colcon.colcon_core.shell:Skip shell extension 'powershell' for command environment: Not usable outside of PowerShell
[3.303s] DEBUG:colcon.colcon_core.shell:Skip shell extension 'dsv' for command environment
[3.338s] Level 1:colcon.colcon_core.environment:create_environment_scripts_only(pmb2_maps)
[3.339s] Level 1:colcon.colcon_core.environment:checking '/home/khaledob/bookros2_ws/install/pmb2_maps' for CMake module files
[3.341s] DEBUG:colcon.colcon_core.event_handler.log_command:Invoked command in '/home/khaledob/bookros2_ws/build/pmb2_maps' returned '0': CMAKE_PREFIX_PATH=/opt/ros/foxy /usr/bin/cmake --install /home/khaledob/bookros2_ws/build/pmb2_maps
[3.342s] Level 1:colcon.colcon_core.environment:checking '/home/khaledob/bookros2_ws/install/pmb2_maps' for CMake config files
[3.343s] Level 1:colcon.colcon_core.shell:create_environment_hook('pmb2_maps', 'cmake_prefix_path')
[3.343s] INFO:colcon.colcon_core.shell:Creating environment hook '/home/khaledob/bookros2_ws/install/pmb2_maps/share/pmb2_maps/hook/cmake_prefix_path.ps1'
[3.345s] INFO:colcon.colcon_core.shell:Creating environment descriptor '/home/khaledob/bookros2_ws/install/pmb2_maps/share/pmb2_maps/hook/cmake_prefix_path.dsv'
[3.348s] INFO:colcon.colcon_core.shell:Creating environment hook '/home/khaledob/bookros2_ws/install/pmb2_maps/share/pmb2_maps/hook/cmake_prefix_path.sh'
[3.350s] Level 1:colcon.colcon_core.environment:checking '/home/khaledob/bookros2_ws/install/pmb2_maps/bin'
[3.350s] Level 1:colcon.colcon_core.environment:checking '/home/khaledob/bookros2_ws/install/pmb2_maps/lib/pkgconfig/pmb2_maps.pc'
[3.350s] Level 1:colcon.colcon_core.environment:checking '/home/khaledob/bookros2_ws/install/pmb2_maps/lib/python3.8/site-packages'
[3.351s] Level 1:colcon.colcon_core.environment:checking '/home/khaledob/bookros2_ws/install/pmb2_maps/bin'
[3.352s] INFO:colcon.colcon_core.shell:Creating package script '/home/khaledob/bookros2_ws/install/pmb2_maps/share/pmb2_maps/package.ps1'
[3.353s] INFO:colcon.colcon_core.shell:Creating package descriptor '/home/khaledob/bookros2_ws/install/pmb2_maps/share/pmb2_maps/package.dsv'
[3.355s] INFO:colcon.colcon_core.shell:Creating package script '/home/khaledob/bookros2_ws/install/pmb2_maps/share/pmb2_maps/package.sh'
[3.357s] INFO:colcon.colcon_core.shell:Creating package script '/home/khaledob/bookros2_ws/install/pmb2_maps/share/pmb2_maps/package.bash'
[3.358s] INFO:colcon.colcon_core.shell:Creating package script '/home/khaledob/bookros2_ws/install/pmb2_maps/share/pmb2_maps/package.zsh'
[3.360s] Level 1:colcon.colcon_core.environment:create_file_with_runtime_dependencies(/home/khaledob/bookros2_ws/install/pmb2_maps/share/colcon-core/packages/pmb2_maps)
[3.362s] Level 1:colcon.colcon_core.environment:create_environment_scripts_only(pmb2_maps)
[3.362s] Level 1:colcon.colcon_core.environment:checking '/home/khaledob/bookros2_ws/install/pmb2_maps' for CMake module files
[3.363s] Level 1:colcon.colcon_core.environment:checking '/home/khaledob/bookros2_ws/install/pmb2_maps' for CMake config files
[3.365s] Level 1:colcon.colcon_core.shell:create_environment_hook('pmb2_maps', 'cmake_prefix_path')
[3.366s] INFO:colcon.colcon_core.shell:Creating environment hook '/home/khaledob/bookros2_ws/install/pmb2_maps/share/pmb2_maps/hook/cmake_prefix_path.ps1'
[3.367s] INFO:colcon.colcon_core.shell:Creating environment descriptor '/home/khaledob/bookros2_ws/install/pmb2_maps/share/pmb2_maps/hook/cmake_prefix_path.dsv'
[3.369s] INFO:colcon.colcon_core.shell:Creating environment hook '/home/khaledob/bookros2_ws/install/pmb2_maps/share/pmb2_maps/hook/cmake_prefix_path.sh'
[3.370s] Level 1:colcon.colcon_core.environment:checking '/home/khaledob/bookros2_ws/install/pmb2_maps/bin'
[3.370s] Level 1:colcon.colcon_core.environment:checking '/home/khaledob/bookros2_ws/install/pmb2_maps/lib/pkgconfig/pmb2_maps.pc'
[3.371s] Level 1:colcon.colcon_core.environment:checking '/home/khaledob/bookros2_ws/install/pmb2_maps/lib/python3.8/site-packages'
[3.371s] Level 1:colcon.colcon_core.environment:checking '/home/khaledob/bookros2_ws/install/pmb2_maps/bin'
[3.372s] INFO:colcon.colcon_core.shell:Creating package script '/home/khaledob/bookros2_ws/install/pmb2_maps/share/pmb2_maps/package.ps1'
[3.375s] INFO:colcon.colcon_core.shell:Creating package descriptor '/home/khaledob/bookros2_ws/install/pmb2_maps/share/pmb2_maps/package.dsv'
[3.376s] INFO:colcon.colcon_core.shell:Creating package script '/home/khaledob/bookros2_ws/install/pmb2_maps/share/pmb2_maps/package.sh'
[3.378s] INFO:colcon.colcon_core.shell:Creating package script '/home/khaledob/bookros2_ws/install/pmb2_maps/share/pmb2_maps/package.bash'
[3.379s] INFO:colcon.colcon_core.shell:Creating package script '/home/khaledob/bookros2_ws/install/pmb2_maps/share/pmb2_maps/package.zsh'
[3.382s] Level 1:colcon.colcon_core.environment:create_file_with_runtime_dependencies(/home/khaledob/bookros2_ws/install/pmb2_maps/share/colcon-core/packages/pmb2_maps)
[3.418s] INFO:colcon.colcon_ros.task.ament_cmake.build:Building ROS package in '/home/khaledob/bookros2_ws/src/ThirdParty/pmb2_navigation/pmb2_2dnav' with build type 'ament_cmake'
[3.420s] INFO:colcon.colcon_cmake.task.cmake.build:Building CMake package in '/home/khaledob/bookros2_ws/src/ThirdParty/pmb2_navigation/pmb2_2dnav'
[3.421s] INFO:colcon.colcon_core.shell:Skip shell extension 'powershell' for command environment: Not usable outside of PowerShell
[3.421s] DEBUG:colcon.colcon_core.shell:Skip shell extension 'dsv' for command environment
[3.443s] DEBUG:colcon.colcon_core.event_handler.log_command:Invoked command in '/home/khaledob/bookros2_ws/build/hardware_interface' returned '0': AMENT_PREFIX_PATH=/home/khaledob/bookros2_ws/install/ros2_control_test_assets:${AMENT_PREFIX_PATH} CMAKE_PREFIX_PATH=/home/khaledob/bookros2_ws/install/ros2_control_test_assets:/opt/ros/foxy /usr/bin/cmake --build /home/khaledob/bookros2_ws/build/hardware_interface -- -j7 -l7
[3.448s] DEBUG:colcon.colcon_core.event_handler.log_command:Invoking command in '/home/khaledob/bookros2_ws/build/hardware_interface': AMENT_PREFIX_PATH=/home/khaledob/bookros2_ws/install/ros2_control_test_assets:${AMENT_PREFIX_PATH} CMAKE_PREFIX_PATH=/home/khaledob/bookros2_ws/install/ros2_control_test_assets:/opt/ros/foxy /usr/bin/cmake --install /home/khaledob/bookros2_ws/build/hardware_interface
[3.459s] DEBUG:colcon.colcon_core.event_handler.log_command:Invoked command in '/home/khaledob/bookros2_ws/build/br2_basics' returned '0': CMAKE_PREFIX_PATH=/opt/ros/foxy /usr/bin/cmake --build /home/khaledob/bookros2_ws/build/br2_basics -- -j7 -l7
[3.473s] DEBUG:colcon.colcon_core.event_handler.log_command:Invoking command in '/home/khaledob/bookros2_ws/build/br2_basics': CMAKE_PREFIX_PATH=/opt/ros/foxy /usr/bin/cmake --install /home/khaledob/bookros2_ws/build/br2_basics
[3.498s] Level 1:colcon.colcon_core.environment:create_environment_scripts_only(pal_gazebo_worlds)
[3.500s] Level 1:colcon.colcon_core.environment:checking '/home/khaledob/bookros2_ws/install/pal_gazebo_worlds' for CMake module files
[3.502s] Level 1:colcon.colcon_core.environment:checking '/home/khaledob/bookros2_ws/install/pal_gazebo_worlds' for CMake config files
[3.513s] DEBUG:colcon.colcon_core.event_handler.log_command:Invoked command in '/home/khaledob/bookros2_ws/build/pal_gazebo_worlds' returned '0': CMAKE_PREFIX_PATH=/opt/ros/foxy /usr/bin/cmake --install /home/khaledob/bookros2_ws/build/pal_gazebo_worlds
[3.575s] Level 1:colcon.colcon_core.shell:create_environment_hook('pal_gazebo_worlds', 'cmake_prefix_path')
[3.578s] INFO:colcon.colcon_core.shell:Creating environment hook '/home/khaledob/bookros2_ws/install/pal_gazebo_worlds/share/pal_gazebo_worlds/hook/cmake_prefix_path.ps1'
[3.584s] INFO:colcon.colcon_core.shell:Creating environment descriptor '/home/khaledob/bookros2_ws/install/pal_gazebo_worlds/share/pal_gazebo_worlds/hook/cmake_prefix_path.dsv'
[3.587s] INFO:colcon.colcon_core.shell:Creating environment hook '/home/khaledob/bookros2_ws/install/pal_gazebo_worlds/share/pal_gazebo_worlds/hook/cmake_prefix_path.sh'
[3.595s] Level 1:colcon.colcon_core.environment:checking '/home/khaledob/bookros2_ws/install/pal_gazebo_worlds/bin'
[3.599s] Level 1:colcon.colcon_core.environment:checking '/home/khaledob/bookros2_ws/install/pal_gazebo_worlds/lib/pkgconfig/pal_gazebo_worlds.pc'
[3.600s] Level 1:colcon.colcon_core.environment:checking '/home/khaledob/bookros2_ws/install/pal_gazebo_worlds/lib/python3.8/site-packages'
[3.600s] Level 1:colcon.colcon_core.environment:checking '/home/khaledob/bookros2_ws/install/pal_gazebo_worlds/bin'
[3.604s] INFO:colcon.colcon_core.shell:Creating package script '/home/khaledob/bookros2_ws/install/pal_gazebo_worlds/share/pal_gazebo_worlds/package.ps1'
[3.618s] INFO:colcon.colcon_core.shell:Creating package descriptor '/home/khaledob/bookros2_ws/install/pal_gazebo_worlds/share/pal_gazebo_worlds/package.dsv'
[3.620s] INFO:colcon.colcon_core.shell:Creating package script '/home/khaledob/bookros2_ws/install/pal_gazebo_worlds/share/pal_gazebo_worlds/package.sh'
[3.623s] INFO:colcon.colcon_core.shell:Creating package script '/home/khaledob/bookros2_ws/install/pal_gazebo_worlds/share/pal_gazebo_worlds/package.bash'
[3.625s] INFO:colcon.colcon_core.shell:Creating package script '/home/khaledob/bookros2_ws/install/pal_gazebo_worlds/share/pal_gazebo_worlds/package.zsh'
[3.629s] Level 1:colcon.colcon_core.environment:create_file_with_runtime_dependencies(/home/khaledob/bookros2_ws/install/pal_gazebo_worlds/share/colcon-core/packages/pal_gazebo_worlds)
[3.633s] Level 1:colcon.colcon_core.environment:create_environment_scripts_only(pal_gazebo_worlds)
[3.634s] Level 1:colcon.colcon_core.environment:checking '/home/khaledob/bookros2_ws/install/pal_gazebo_worlds' for CMake module files
[3.636s] Level 1:colcon.colcon_core.environment:checking '/home/khaledob/bookros2_ws/install/pal_gazebo_worlds' for CMake config files
[3.652s] Level 1:colcon.colcon_core.shell:create_environment_hook('pal_gazebo_worlds', 'cmake_prefix_path')
[3.653s] INFO:colcon.colcon_core.shell:Creating environment hook '/home/khaledob/bookros2_ws/install/pal_gazebo_worlds/share/pal_gazebo_worlds/hook/cmake_prefix_path.ps1'
[3.654s] INFO:colcon.colcon_core.shell:Creating environment descriptor '/home/khaledob/bookros2_ws/install/pal_gazebo_worlds/share/pal_gazebo_worlds/hook/cmake_prefix_path.dsv'
[3.656s] INFO:colcon.colcon_core.shell:Creating environment hook '/home/khaledob/bookros2_ws/install/pal_gazebo_worlds/share/pal_gazebo_worlds/hook/cmake_prefix_path.sh'
[3.661s] Level 1:colcon.colcon_core.environment:checking '/home/khaledob/bookros2_ws/install/pal_gazebo_worlds/bin'
[3.661s] Level 1:colcon.colcon_core.environment:checking '/home/khaledob/bookros2_ws/install/pal_gazebo_worlds/lib/pkgconfig/pal_gazebo_worlds.pc'
[3.662s] Level 1:colcon.colcon_core.environment:checking '/home/khaledob/bookros2_ws/install/pal_gazebo_worlds/lib/python3.8/site-packages'
[3.662s] Level 1:colcon.colcon_core.environment:checking '/home/khaledob/bookros2_ws/install/pal_gazebo_worlds/bin'
[3.663s] INFO:colcon.colcon_core.shell:Creating package script '/home/khaledob/bookros2_ws/install/pal_gazebo_worlds/share/pal_gazebo_worlds/package.ps1'
[3.664s] INFO:colcon.colcon_core.shell:Creating package descriptor '/home/khaledob/bookros2_ws/install/pal_gazebo_worlds/share/pal_gazebo_worlds/package.dsv'
[3.666s] INFO:colcon.colcon_core.shell:Creating package script '/home/khaledob/bookros2_ws/install/pal_gazebo_worlds/share/pal_gazebo_worlds/package.sh'
[3.668s] INFO:colcon.colcon_core.shell:Creating package script '/home/khaledob/bookros2_ws/install/pal_gazebo_worlds/share/pal_gazebo_worlds/package.bash'
[3.672s] INFO:colcon.colcon_core.shell:Creating package script '/home/khaledob/bookros2_ws/install/pal_gazebo_worlds/share/pal_gazebo_worlds/package.zsh'
[3.674s] Level 1:colcon.colcon_core.environment:create_file_with_runtime_dependencies(/home/khaledob/bookros2_ws/install/pal_gazebo_worlds/share/colcon-core/packages/pal_gazebo_worlds)
[3.678s] INFO:colcon.colcon_ros.task.ament_cmake.build:Building ROS package in '/home/khaledob/bookros2_ws/src/book_ros2/br2_bt_patrolling' with build type 'ament_cmake'
[3.679s] INFO:colcon.colcon_cmake.task.cmake.build:Building CMake package in '/home/khaledob/bookros2_ws/src/book_ros2/br2_bt_patrolling'
[3.679s] INFO:colcon.colcon_core.shell:Skip shell extension 'powershell' for command environment: Not usable outside of PowerShell
[3.680s] DEBUG:colcon.colcon_core.shell:Skip shell extension 'dsv' for command environment
[3.726s] Level 1:colcon.colcon_core.environment:create_environment_scripts_only(hardware_interface)
[3.727s] Level 1:colcon.colcon_core.environment:checking '/home/khaledob/bookros2_ws/install/hardware_interface' for CMake module files
[3.729s] Level 1:colcon.colcon_core.environment:checking '/home/khaledob/bookros2_ws/install/hardware_interface' for CMake config files
[3.733s] Level 1:colcon.colcon_core.shell:create_environment_hook('hardware_interface', 'cmake_prefix_path')
[3.733s] INFO:colcon.colcon_core.shell:Creating environment hook '/home/khaledob/bookros2_ws/install/hardware_interface/share/hardware_interface/hook/cmake_prefix_path.ps1'
[3.736s] INFO:colcon.colcon_core.shell:Creating environment descriptor '/home/khaledob/bookros2_ws/install/hardware_interface/share/hardware_interface/hook/cmake_prefix_path.dsv'
[3.749s] INFO:colcon.colcon_core.shell:Creating environment hook '/home/khaledob/bookros2_ws/install/hardware_interface/share/hardware_interface/hook/cmake_prefix_path.sh'
[3.751s] Level 1:colcon.colcon_core.environment:checking '/home/khaledob/bookros2_ws/install/hardware_interface/lib'
[3.754s] Level 1:colcon.colcon_core.shell:create_environment_hook('hardware_interface', 'ld_library_path_lib')
[3.755s] INFO:colcon.colcon_core.shell:Creating environment hook '/home/khaledob/bookros2_ws/install/hardware_interface/share/hardware_interface/hook/ld_library_path_lib.ps1'
[3.757s] INFO:colcon.colcon_core.shell:Creating environment descriptor '/home/khaledob/bookros2_ws/install/hardware_interface/share/hardware_interface/hook/ld_library_path_lib.dsv'
[3.758s] INFO:colcon.colcon_core.shell:Creating environment hook '/home/khaledob/bookros2_ws/install/hardware_interface/share/hardware_interface/hook/ld_library_path_lib.sh'
[3.759s] Level 1:colcon.colcon_core.environment:checking '/home/khaledob/bookros2_ws/install/hardware_interface/bin'
[3.759s] Level 1:colcon.colcon_core.environment:checking '/home/khaledob/bookros2_ws/install/hardware_interface/lib/pkgconfig/hardware_interface.pc'
[3.760s] Level 1:colcon.colcon_core.environment:checking '/home/khaledob/bookros2_ws/install/hardware_interface/lib/python3.8/site-packages'
[3.760s] Level 1:colcon.colcon_core.environment:checking '/home/khaledob/bookros2_ws/install/hardware_interface/bin'
[3.761s] INFO:colcon.colcon_core.shell:Creating package script '/home/khaledob/bookros2_ws/install/hardware_interface/share/hardware_interface/package.ps1'
[3.763s] INFO:colcon.colcon_core.shell:Creating package descriptor '/home/khaledob/bookros2_ws/install/hardware_interface/share/hardware_interface/package.dsv'
[3.782s] INFO:colcon.colcon_core.shell:Creating package script '/home/khaledob/bookros2_ws/install/hardware_interface/share/hardware_interface/package.sh'
[3.786s] DEBUG:colcon.colcon_core.event_handler.log_command:Invoking command in '/home/khaledob/bookros2_ws/build/br2_bt_bumpgo': CMAKE_PREFIX_PATH=/opt/ros/foxy /usr/bin/cmake --build /home/khaledob/bookros2_ws/build/br2_bt_bumpgo -- -j7 -l7
[3.786s] DEBUG:colcon.colcon_core.event_handler.log_command:Invoked command in '/home/khaledob/bookros2_ws/build/hardware_interface' returned '0': AMENT_PREFIX_PATH=/home/khaledob/bookros2_ws/install/ros2_control_test_assets:${AMENT_PREFIX_PATH} CMAKE_PREFIX_PATH=/home/khaledob/bookros2_ws/install/ros2_control_test_assets:/opt/ros/foxy /usr/bin/cmake --install /home/khaledob/bookros2_ws/build/hardware_interface
[3.791s] INFO:colcon.colcon_core.shell:Creating package script '/home/khaledob/bookros2_ws/install/hardware_interface/share/hardware_interface/package.bash'
[3.799s] INFO:colcon.colcon_core.shell:Creating package script '/home/khaledob/bookros2_ws/install/hardware_interface/share/hardware_interface/package.zsh'
[3.802s] Level 1:colcon.colcon_core.environment:create_file_with_runtime_dependencies(/home/khaledob/bookros2_ws/install/hardware_interface/share/colcon-core/packages/hardware_interface)
[3.805s] Level 1:colcon.colcon_core.environment:create_environment_scripts_only(hardware_interface)
[3.805s] Level 1:colcon.colcon_core.environment:checking '/home/khaledob/bookros2_ws/install/hardware_interface' for CMake module files
[3.806s] Level 1:colcon.colcon_core.environment:checking '/home/khaledob/bookros2_ws/install/hardware_interface' for CMake config files
[3.808s] Level 1:colcon.colcon_core.shell:create_environment_hook('hardware_interface', 'cmake_prefix_path')
[3.809s] INFO:colcon.colcon_core.shell:Creating environment hook '/home/khaledob/bookros2_ws/install/hardware_interface/share/hardware_interface/hook/cmake_prefix_path.ps1'
[3.810s] INFO:colcon.colcon_core.shell:Creating environment descriptor '/home/khaledob/bookros2_ws/install/hardware_interface/share/hardware_interface/hook/cmake_prefix_path.dsv'
[3.813s] INFO:colcon.colcon_core.shell:Creating environment hook '/home/khaledob/bookros2_ws/install/hardware_interface/share/hardware_interface/hook/cmake_prefix_path.sh'
[3.816s] Level 1:colcon.colcon_core.environment:checking '/home/khaledob/bookros2_ws/install/hardware_interface/lib'
[3.817s] Level 1:colcon.colcon_core.shell:create_environment_hook('hardware_interface', 'ld_library_path_lib')
[3.817s] INFO:colcon.colcon_core.shell:Creating environment hook '/home/khaledob/bookros2_ws/install/hardware_interface/share/hardware_interface/hook/ld_library_path_lib.ps1'
[3.818s] INFO:colcon.colcon_core.shell:Creating environment descriptor '/home/khaledob/bookros2_ws/install/hardware_interface/share/hardware_interface/hook/ld_library_path_lib.dsv'
[3.820s] INFO:colcon.colcon_core.shell:Creating environment hook '/home/khaledob/bookros2_ws/install/hardware_interface/share/hardware_interface/hook/ld_library_path_lib.sh'
[3.822s] Level 1:colcon.colcon_core.environment:checking '/home/khaledob/bookros2_ws/install/hardware_interface/bin'
[3.822s] Level 1:colcon.colcon_core.environment:checking '/home/khaledob/bookros2_ws/install/hardware_interface/lib/pkgconfig/hardware_interface.pc'
[3.822s] Level 1:colcon.colcon_core.environment:checking '/home/khaledob/bookros2_ws/install/hardware_interface/lib/python3.8/site-packages'
[3.823s] Level 1:colcon.colcon_core.environment:checking '/home/khaledob/bookros2_ws/install/hardware_interface/bin'
[3.823s] INFO:colcon.colcon_core.shell:Creating package script '/home/khaledob/bookros2_ws/install/hardware_interface/share/hardware_interface/package.ps1'
[3.824s] INFO:colcon.colcon_core.shell:Creating package descriptor '/home/khaledob/bookros2_ws/install/hardware_interface/share/hardware_interface/package.dsv'
[3.825s] INFO:colcon.colcon_core.shell:Creating package script '/home/khaledob/bookros2_ws/install/hardware_interface/share/hardware_interface/package.sh'
[3.827s] INFO:colcon.colcon_core.shell:Creating package script '/home/khaledob/bookros2_ws/install/hardware_interface/share/hardware_interface/package.bash'
[3.843s] INFO:colcon.colcon_core.shell:Creating package script '/home/khaledob/bookros2_ws/install/hardware_interface/share/hardware_interface/package.zsh'
[3.847s] Level 1:colcon.colcon_core.environment:create_file_with_runtime_dependencies(/home/khaledob/bookros2_ws/install/hardware_interface/share/colcon-core/packages/hardware_interface)
[3.850s] Level 1:colcon.colcon_core.environment:create_environment_scripts_only(br2_basics)
[3.852s] Level 1:colcon.colcon_core.environment:checking '/home/khaledob/bookros2_ws/install/br2_basics' for CMake module files
[3.853s] Level 1:colcon.colcon_core.environment:checking '/home/khaledob/bookros2_ws/install/br2_basics' for CMake config files
[3.859s] DEBUG:colcon.colcon_core.event_handler.log_command:Invoked command in '/home/khaledob/bookros2_ws/build/br2_basics' returned '0': CMAKE_PREFIX_PATH=/opt/ros/foxy /usr/bin/cmake --install /home/khaledob/bookros2_ws/build/br2_basics
[3.860s] Level 1:colcon.colcon_core.shell:create_environment_hook('br2_basics', 'cmake_prefix_path')
[3.860s] INFO:colcon.colcon_core.shell:Creating environment hook '/home/khaledob/bookros2_ws/install/br2_basics/share/br2_basics/hook/cmake_prefix_path.ps1'
[3.862s] INFO:colcon.colcon_core.shell:Creating environment descriptor '/home/khaledob/bookros2_ws/install/br2_basics/share/br2_basics/hook/cmake_prefix_path.dsv'
[3.864s] INFO:colcon.colcon_core.shell:Creating environment hook '/home/khaledob/bookros2_ws/install/br2_basics/share/br2_basics/hook/cmake_prefix_path.sh'
[3.865s] Level 1:colcon.colcon_core.environment:checking '/home/khaledob/bookros2_ws/install/br2_basics/lib'
[3.866s] Level 1:colcon.colcon_core.environment:checking '/home/khaledob/bookros2_ws/install/br2_basics/bin'
[3.866s] Level 1:colcon.colcon_core.environment:checking '/home/khaledob/bookros2_ws/install/br2_basics/lib/pkgconfig/br2_basics.pc'
[3.866s] Level 1:colcon.colcon_core.environment:checking '/home/khaledob/bookros2_ws/install/br2_basics/lib/python3.8/site-packages'
[3.866s] Level 1:colcon.colcon_core.environment:checking '/home/khaledob/bookros2_ws/install/br2_basics/bin'
[3.867s] INFO:colcon.colcon_core.shell:Creating package script '/home/khaledob/bookros2_ws/install/br2_basics/share/br2_basics/package.ps1'
[3.867s] INFO:colcon.colcon_core.shell:Creating package descriptor '/home/khaledob/bookros2_ws/install/br2_basics/share/br2_basics/package.dsv'
[3.870s] INFO:colcon.colcon_core.shell:Creating package script '/home/khaledob/bookros2_ws/install/br2_basics/share/br2_basics/package.sh'
[3.900s] INFO:colcon.colcon_core.shell:Creating package script '/home/khaledob/bookros2_ws/install/br2_basics/share/br2_basics/package.bash'
[3.902s] INFO:colcon.colcon_core.shell:Creating package script '/home/khaledob/bookros2_ws/install/br2_basics/share/br2_basics/package.zsh'
[3.904s] Level 1:colcon.colcon_core.environment:create_file_with_runtime_dependencies(/home/khaledob/bookros2_ws/install/br2_basics/share/colcon-core/packages/br2_basics)
[3.909s] Level 1:colcon.colcon_core.environment:create_environment_scripts_only(br2_basics)
[3.910s] Level 1:colcon.colcon_core.environment:checking '/home/khaledob/bookros2_ws/install/br2_basics' for CMake module files
[3.911s] Level 1:colcon.colcon_core.environment:checking '/home/khaledob/bookros2_ws/install/br2_basics' for CMake config files
[3.914s] Level 1:colcon.colcon_core.shell:create_environment_hook('br2_basics', 'cmake_prefix_path')
[3.915s] INFO:colcon.colcon_core.shell:Creating environment hook '/home/khaledob/bookros2_ws/install/br2_basics/share/br2_basics/hook/cmake_prefix_path.ps1'
[3.917s] INFO:colcon.colcon_core.shell:Creating environment descriptor '/home/khaledob/bookros2_ws/install/br2_basics/share/br2_basics/hook/cmake_prefix_path.dsv'
[3.918s] INFO:colcon.colcon_core.shell:Creating environment hook '/home/khaledob/bookros2_ws/install/br2_basics/share/br2_basics/hook/cmake_prefix_path.sh'
[3.921s] Level 1:colcon.colcon_core.environment:checking '/home/khaledob/bookros2_ws/install/br2_basics/lib'
[3.922s] Level 1:colcon.colcon_core.environment:checking '/home/khaledob/bookros2_ws/install/br2_basics/bin'
[3.922s] Level 1:colcon.colcon_core.environment:checking '/home/khaledob/bookros2_ws/install/br2_basics/lib/pkgconfig/br2_basics.pc'
[3.923s] Level 1:colcon.colcon_core.environment:checking '/home/khaledob/bookros2_ws/install/br2_basics/lib/python3.8/site-packages'
[3.923s] Level 1:colcon.colcon_core.environment:checking '/home/khaledob/bookros2_ws/install/br2_basics/bin'
[3.924s] INFO:colcon.colcon_core.shell:Creating package script '/home/khaledob/bookros2_ws/install/br2_basics/share/br2_basics/package.ps1'
[3.926s] INFO:colcon.colcon_core.shell:Creating package descriptor '/home/khaledob/bookros2_ws/install/br2_basics/share/br2_basics/package.dsv'
[3.928s] INFO:colcon.colcon_core.shell:Creating package script '/home/khaledob/bookros2_ws/install/br2_basics/share/br2_basics/package.sh'
[3.930s] INFO:colcon.colcon_core.shell:Creating package script '/home/khaledob/bookros2_ws/install/br2_basics/share/br2_basics/package.bash'
[3.933s] INFO:colcon.colcon_core.shell:Creating package script '/home/khaledob/bookros2_ws/install/br2_basics/share/br2_basics/package.zsh'
[3.936s] Level 1:colcon.colcon_core.environment:create_file_with_runtime_dependencies(/home/khaledob/bookros2_ws/install/br2_basics/share/colcon-core/packages/br2_basics)
[4.019s] DEBUG:colcon.colcon_core.event_handler.log_command:Invoking command in '/home/khaledob/bookros2_ws/build/pmb2_2dnav': AMENT_PREFIX_PATH=/home/khaledob/bookros2_ws/install/pmb2_maps:${AMENT_PREFIX_PATH} CMAKE_PREFIX_PATH=/home/khaledob/bookros2_ws/install/pmb2_maps:/opt/ros/foxy /usr/bin/cmake --build /home/khaledob/bookros2_ws/build/pmb2_2dnav -- -j7 -l7
[4.037s] INFO:colcon.colcon_ros.task.ament_cmake.build:Building ROS package in '/home/khaledob/bookros2_ws/src/ThirdParty/ros2_control/controller_interface' with build type 'ament_cmake'
[4.037s] INFO:colcon.colcon_cmake.task.cmake.build:Building CMake package in '/home/khaledob/bookros2_ws/src/ThirdParty/ros2_control/controller_interface'
[4.041s] INFO:colcon.colcon_core.shell:Skip shell extension 'powershell' for command environment: Not usable outside of PowerShell
[4.043s] DEBUG:colcon.colcon_core.shell:Skip shell extension 'dsv' for command environment
[4.086s] INFO:colcon.colcon_ros.task.ament_cmake.build:Building ROS package in '/home/khaledob/bookros2_ws/src/book_ros2/br2_fsm_bumpgo_cpp' with build type 'ament_cmake'
[4.087s] INFO:colcon.colcon_cmake.task.cmake.build:Building CMake package in '/home/khaledob/bookros2_ws/src/book_ros2/br2_fsm_bumpgo_cpp'
[4.089s] INFO:colcon.colcon_core.shell:Skip shell extension 'powershell' for command environment: Not usable outside of PowerShell
[4.090s] DEBUG:colcon.colcon_core.shell:Skip shell extension 'dsv' for command environment
[4.141s] DEBUG:colcon.colcon_core.event_handler.log_command:Invoked command in '/home/khaledob/bookros2_ws/build/br2_tracking_msgs' returned '0': CMAKE_PREFIX_PATH=/opt/ros/foxy /usr/bin/cmake --build /home/khaledob/bookros2_ws/build/br2_tracking_msgs -- -j7 -l7
[4.154s] DEBUG:colcon.colcon_core.event_handler.log_command:Invoking command in '/home/khaledob/bookros2_ws/build/br2_tracking_msgs': CMAKE_PREFIX_PATH=/opt/ros/foxy /usr/bin/cmake --install /home/khaledob/bookros2_ws/build/br2_tracking_msgs
[4.193s] DEBUG:colcon.colcon_core.event_handler.log_command:Invoking command in '/home/khaledob/bookros2_ws/build/br2_bt_patrolling': CMAKE_PREFIX_PATH=/opt/ros/foxy /usr/bin/cmake --build /home/khaledob/bookros2_ws/build/br2_bt_patrolling -- -j7 -l7
[4.208s] Level 1:colcon.colcon_core.shell:create_environment_hook('launch_pal', 'pythonpath_develop')
[4.213s] INFO:colcon.colcon_core.shell:Creating environment hook '/home/khaledob/bookros2_ws/build/launch_pal/share/launch_pal/hook/pythonpath_develop.ps1'
[4.221s] INFO:colcon.colcon_core.shell:Creating environment descriptor '/home/khaledob/bookros2_ws/build/launch_pal/share/launch_pal/hook/pythonpath_develop.dsv'
[4.225s] DEBUG:colcon.colcon_core.event_handler.log_command:Invoked command in '/home/khaledob/bookros2_ws/build/launch_pal' returned '0': PYTHONPATH=/home/khaledob/bookros2_ws/build/launch_pal/prefix_override:/usr/lib/python3/dist-packages/colcon_core/task/python/colcon_distutils_commands:/home/khaledob/bookros2_ws/install/launch_pal/lib/python3.8/site-packages:${PYTHONPATH} /usr/bin/python3 -W ignore:setup.py install is deprecated -W ignore:easy_install command is deprecated setup.py develop --editable --build-directory /home/khaledob/bookros2_ws/build/launch_pal/build --no-deps symlink_data
[4.226s] INFO:colcon.colcon_core.shell:Creating environment hook '/home/khaledob/bookros2_ws/build/launch_pal/share/launch_pal/hook/pythonpath_develop.sh'
[4.239s] Level 1:colcon.colcon_core.environment:checking '/home/khaledob/bookros2_ws/install/launch_pal' for CMake module files
[4.256s] Level 1:colcon.colcon_core.environment:checking '/home/khaledob/bookros2_ws/install/launch_pal' for CMake config files
[4.260s] Level 1:colcon.colcon_core.environment:checking '/home/khaledob/bookros2_ws/install/launch_pal/lib'
[4.260s] Level 1:colcon.colcon_core.environment:checking '/home/khaledob/bookros2_ws/install/launch_pal/bin'
[4.260s] Level 1:colcon.colcon_core.environment:checking '/home/khaledob/bookros2_ws/install/launch_pal/lib/pkgconfig/launch_pal.pc'
[4.262s] Level 1:colcon.colcon_core.environment:checking '/home/khaledob/bookros2_ws/install/launch_pal/lib/python3.8/site-packages'
[4.266s] Level 1:colcon.colcon_core.shell:create_environment_hook('launch_pal', 'pythonpath')
[4.267s] INFO:colcon.colcon_core.shell:Creating environment hook '/home/khaledob/bookros2_ws/install/launch_pal/share/launch_pal/hook/pythonpath.ps1'
[4.268s] INFO:colcon.colcon_core.shell:Creating environment descriptor '/home/khaledob/bookros2_ws/install/launch_pal/share/launch_pal/hook/pythonpath.dsv'
[4.271s] INFO:colcon.colcon_core.shell:Creating environment hook '/home/khaledob/bookros2_ws/install/launch_pal/share/launch_pal/hook/pythonpath.sh'
[4.281s] Level 1:colcon.colcon_core.environment:checking '/home/khaledob/bookros2_ws/install/launch_pal/bin'
[4.281s] Level 1:colcon.colcon_core.environment:create_environment_scripts_only(launch_pal)
[4.282s] INFO:colcon.colcon_core.shell:Creating package script '/home/khaledob/bookros2_ws/install/launch_pal/share/launch_pal/package.ps1'
[4.298s] INFO:colcon.colcon_core.shell:Creating package descriptor '/home/khaledob/bookros2_ws/install/launch_pal/share/launch_pal/package.dsv'
[4.301s] INFO:colcon.colcon_core.shell:Creating package script '/home/khaledob/bookros2_ws/install/launch_pal/share/launch_pal/package.sh'
[4.304s] INFO:colcon.colcon_core.shell:Creating package script '/home/khaledob/bookros2_ws/install/launch_pal/share/launch_pal/package.bash'
[4.306s] INFO:colcon.colcon_core.shell:Creating package script '/home/khaledob/bookros2_ws/install/launch_pal/share/launch_pal/package.zsh'
[4.308s] Level 1:colcon.colcon_core.environment:create_file_with_runtime_dependencies(/home/khaledob/bookros2_ws/install/launch_pal/share/colcon-core/packages/launch_pal)
[4.333s] INFO:colcon.colcon_ros.task.ament_python.build:Building ROS package in '/home/khaledob/bookros2_ws/src/book_ros2/br2_fsm_bumpgo_py' with build type 'ament_python'
[4.334s] Level 1:colcon.colcon_core.shell:create_environment_hook('br2_fsm_bumpgo_py', 'ament_prefix_path')
[4.334s] INFO:colcon.colcon_core.shell:Creating environment hook '/home/khaledob/bookros2_ws/install/br2_fsm_bumpgo_py/share/br2_fsm_bumpgo_py/hook/ament_prefix_path.ps1'
[4.346s] INFO:colcon.colcon_core.shell:Creating environment descriptor '/home/khaledob/bookros2_ws/install/br2_fsm_bumpgo_py/share/br2_fsm_bumpgo_py/hook/ament_prefix_path.dsv'
[4.354s] INFO:colcon.colcon_core.shell:Creating environment hook '/home/khaledob/bookros2_ws/install/br2_fsm_bumpgo_py/share/br2_fsm_bumpgo_py/hook/ament_prefix_path.sh'
[4.359s] INFO:colcon.colcon_core.shell:Skip shell extension 'powershell' for command environment: Not usable outside of PowerShell
[4.359s] DEBUG:colcon.colcon_core.shell:Skip shell extension 'dsv' for command environment
[4.486s] DEBUG:colcon.colcon_core.event_handler.log_command:Invoking command in '/home/khaledob/bookros2_ws/build/controller_interface': AMENT_PREFIX_PATH=/home/khaledob/bookros2_ws/install/hardware_interface:/home/khaledob/bookros2_ws/install/ros2_control_test_assets:${AMENT_PREFIX_PATH} CMAKE_PREFIX_PATH=/home/khaledob/bookros2_ws/install/hardware_interface:/home/khaledob/bookros2_ws/install/ros2_control_test_assets:/opt/ros/foxy LD_LIBRARY_PATH=/home/khaledob/bookros2_ws/install/hardware_interface/lib:${LD_LIBRARY_PATH} /usr/bin/cmake --build /home/khaledob/bookros2_ws/build/controller_interface -- -j7 -l7
[4.508s] DEBUG:colcon.colcon_core.event_handler.log_command:Invoking command in '/home/khaledob/bookros2_ws/build/br2_fsm_bumpgo_cpp': CMAKE_PREFIX_PATH=/opt/ros/foxy /usr/bin/cmake --build /home/khaledob/bookros2_ws/build/br2_fsm_bumpgo_cpp -- -j7 -l7
[4.523s] DEBUG:colcon.colcon_core.event_handler.log_command:Invoked command in '/home/khaledob/bookros2_ws/build/pmb2_2dnav' returned '0': AMENT_PREFIX_PATH=/home/khaledob/bookros2_ws/install/pmb2_maps:${AMENT_PREFIX_PATH} CMAKE_PREFIX_PATH=/home/khaledob/bookros2_ws/install/pmb2_maps:/opt/ros/foxy /usr/bin/cmake --build /home/khaledob/bookros2_ws/build/pmb2_2dnav -- -j7 -l7
[4.525s] DEBUG:colcon.colcon_core.event_handler.log_command:Invoking command in '/home/khaledob/bookros2_ws/build/pmb2_2dnav': AMENT_PREFIX_PATH=/home/khaledob/bookros2_ws/install/pmb2_maps:${AMENT_PREFIX_PATH} CMAKE_PREFIX_PATH=/home/khaledob/bookros2_ws/install/pmb2_maps:/opt/ros/foxy /usr/bin/cmake --install /home/khaledob/bookros2_ws/build/pmb2_2dnav
[4.539s] DEBUG:colcon.colcon_core.event_handler.log_command:Invoked command in '/home/khaledob/bookros2_ws/build/br2_bt_bumpgo' returned '0': CMAKE_PREFIX_PATH=/opt/ros/foxy /usr/bin/cmake --build /home/khaledob/bookros2_ws/build/br2_bt_bumpgo -- -j7 -l7
[4.541s] DEBUG:colcon.colcon_core.event_handler.log_command:Invoking command in '/home/khaledob/bookros2_ws/build/br2_bt_bumpgo': CMAKE_PREFIX_PATH=/opt/ros/foxy /usr/bin/cmake --install /home/khaledob/bookros2_ws/build/br2_bt_bumpgo
[4.973s] INFO:colcon.colcon_core.task.python.build:Building Python package in '/home/khaledob/bookros2_ws/src/book_ros2/br2_fsm_bumpgo_py'
[4.974s] INFO:colcon.colcon_core.shell:Skip shell extension 'powershell' for command environment: Not usable outside of PowerShell
[4.974s] DEBUG:colcon.colcon_core.shell:Skip shell extension 'dsv' for command environment
[4.989s] Level 1:colcon.colcon_core.environment:create_environment_scripts_only(br2_tracking_msgs)
[4.990s] Level 1:colcon.colcon_core.environment:checking '/home/khaledob/bookros2_ws/install/br2_tracking_msgs' for CMake module files
[4.994s] DEBUG:colcon.colcon_core.event_handler.log_command:Invoked command in '/home/khaledob/bookros2_ws/build/br2_tracking_msgs' returned '0': CMAKE_PREFIX_PATH=/opt/ros/foxy /usr/bin/cmake --install /home/khaledob/bookros2_ws/build/br2_tracking_msgs
[4.996s] Level 1:colcon.colcon_core.environment:checking '/home/khaledob/bookros2_ws/install/br2_tracking_msgs' for CMake config files
[4.998s] Level 1:colcon.colcon_core.shell:create_environment_hook('br2_tracking_msgs', 'cmake_prefix_path')
[4.999s] INFO:colcon.colcon_core.shell:Creating environment hook '/home/khaledob/bookros2_ws/install/br2_tracking_msgs/share/br2_tracking_msgs/hook/cmake_prefix_path.ps1'
[5.000s] INFO:colcon.colcon_core.shell:Creating environment descriptor '/home/khaledob/bookros2_ws/install/br2_tracking_msgs/share/br2_tracking_msgs/hook/cmake_prefix_path.dsv'
[5.002s] INFO:colcon.colcon_core.shell:Creating environment hook '/home/khaledob/bookros2_ws/install/br2_tracking_msgs/share/br2_tracking_msgs/hook/cmake_prefix_path.sh'
[5.004s] Level 1:colcon.colcon_core.environment:checking '/home/khaledob/bookros2_ws/install/br2_tracking_msgs/lib'
[5.004s] Level 1:colcon.colcon_core.shell:create_environment_hook('br2_tracking_msgs', 'ld_library_path_lib')
[5.004s] INFO:colcon.colcon_core.shell:Creating environment hook '/home/khaledob/bookros2_ws/install/br2_tracking_msgs/share/br2_tracking_msgs/hook/ld_library_path_lib.ps1'
[5.006s] INFO:colcon.colcon_core.shell:Creating environment descriptor '/home/khaledob/bookros2_ws/install/br2_tracking_msgs/share/br2_tracking_msgs/hook/ld_library_path_lib.dsv'
[5.007s] INFO:colcon.colcon_core.shell:Creating environment hook '/home/khaledob/bookros2_ws/install/br2_tracking_msgs/share/br2_tracking_msgs/hook/ld_library_path_lib.sh'
[5.008s] Level 1:colcon.colcon_core.environment:checking '/home/khaledob/bookros2_ws/install/br2_tracking_msgs/bin'
[5.009s] Level 1:colcon.colcon_core.environment:checking '/home/khaledob/bookros2_ws/install/br2_tracking_msgs/lib/pkgconfig/br2_tracking_msgs.pc'
[5.009s] Level 1:colcon.colcon_core.environment:checking '/home/khaledob/bookros2_ws/install/br2_tracking_msgs/lib/python3.8/site-packages'
[5.009s] Level 1:colcon.colcon_core.shell:create_environment_hook('br2_tracking_msgs', 'pythonpath')
[5.010s] INFO:colcon.colcon_core.shell:Creating environment hook '/home/khaledob/bookros2_ws/install/br2_tracking_msgs/share/br2_tracking_msgs/hook/pythonpath.ps1'
[5.011s] INFO:colcon.colcon_core.shell:Creating environment descriptor '/home/khaledob/bookros2_ws/install/br2_tracking_msgs/share/br2_tracking_msgs/hook/pythonpath.dsv'
[5.012s] INFO:colcon.colcon_core.shell:Creating environment hook '/home/khaledob/bookros2_ws/install/br2_tracking_msgs/share/br2_tracking_msgs/hook/pythonpath.sh'
[5.014s] Level 1:colcon.colcon_core.environment:checking '/home/khaledob/bookros2_ws/install/br2_tracking_msgs/bin'
[5.015s] INFO:colcon.colcon_core.shell:Creating package script '/home/khaledob/bookros2_ws/install/br2_tracking_msgs/share/br2_tracking_msgs/package.ps1'
[5.016s] INFO:colcon.colcon_core.shell:Creating package descriptor '/home/khaledob/bookros2_ws/install/br2_tracking_msgs/share/br2_tracking_msgs/package.dsv'
[5.017s] INFO:colcon.colcon_core.shell:Creating package script '/home/khaledob/bookros2_ws/install/br2_tracking_msgs/share/br2_tracking_msgs/package.sh'
[5.019s] INFO:colcon.colcon_core.shell:Creating package script '/home/khaledob/bookros2_ws/install/br2_tracking_msgs/share/br2_tracking_msgs/package.bash'
[5.021s] INFO:colcon.colcon_core.shell:Creating package script '/home/khaledob/bookros2_ws/install/br2_tracking_msgs/share/br2_tracking_msgs/package.zsh'
[5.024s] Level 1:colcon.colcon_core.environment:create_file_with_runtime_dependencies(/home/khaledob/bookros2_ws/install/br2_tracking_msgs/share/colcon-core/packages/br2_tracking_msgs)
[5.026s] Level 1:colcon.colcon_core.environment:create_environment_scripts_only(br2_tracking_msgs)
[5.026s] Level 1:colcon.colcon_core.environment:checking '/home/khaledob/bookros2_ws/install/br2_tracking_msgs' for CMake module files
[5.027s] Level 1:colcon.colcon_core.environment:checking '/home/khaledob/bookros2_ws/install/br2_tracking_msgs' for CMake config files
[5.027s] Level 1:colcon.colcon_core.shell:create_environment_hook('br2_tracking_msgs', 'cmake_prefix_path')
[5.028s] INFO:colcon.colcon_core.shell:Creating environment hook '/home/khaledob/bookros2_ws/install/br2_tracking_msgs/share/br2_tracking_msgs/hook/cmake_prefix_path.ps1'
[5.029s] INFO:colcon.colcon_core.shell:Creating environment descriptor '/home/khaledob/bookros2_ws/install/br2_tracking_msgs/share/br2_tracking_msgs/hook/cmake_prefix_path.dsv'
[5.030s] INFO:colcon.colcon_core.shell:Creating environment hook '/home/khaledob/bookros2_ws/install/br2_tracking_msgs/share/br2_tracking_msgs/hook/cmake_prefix_path.sh'
[5.032s] Level 1:colcon.colcon_core.environment:checking '/home/khaledob/bookros2_ws/install/br2_tracking_msgs/lib'
[5.032s] Level 1:colcon.colcon_core.shell:create_environment_hook('br2_tracking_msgs', 'ld_library_path_lib')
[5.032s] INFO:colcon.colcon_core.shell:Creating environment hook '/home/khaledob/bookros2_ws/install/br2_tracking_msgs/share/br2_tracking_msgs/hook/ld_library_path_lib.ps1'
[5.034s] INFO:colcon.colcon_core.shell:Creating environment descriptor '/home/khaledob/bookros2_ws/install/br2_tracking_msgs/share/br2_tracking_msgs/hook/ld_library_path_lib.dsv'
[5.035s] INFO:colcon.colcon_core.shell:Creating environment hook '/home/khaledob/bookros2_ws/install/br2_tracking_msgs/share/br2_tracking_msgs/hook/ld_library_path_lib.sh'
[5.036s] Level 1:colcon.colcon_core.environment:checking '/home/khaledob/bookros2_ws/install/br2_tracking_msgs/bin'
[5.036s] Level 1:colcon.colcon_core.environment:checking '/home/khaledob/bookros2_ws/install/br2_tracking_msgs/lib/pkgconfig/br2_tracking_msgs.pc'
[5.037s] Level 1:colcon.colcon_core.environment:checking '/home/khaledob/bookros2_ws/install/br2_tracking_msgs/lib/python3.8/site-packages'
[5.037s] Level 1:colcon.colcon_core.shell:create_environment_hook('br2_tracking_msgs', 'pythonpath')
[5.037s] INFO:colcon.colcon_core.shell:Creating environment hook '/home/khaledob/bookros2_ws/install/br2_tracking_msgs/share/br2_tracking_msgs/hook/pythonpath.ps1'
[5.038s] INFO:colcon.colcon_core.shell:Creating environment descriptor '/home/khaledob/bookros2_ws/install/br2_tracking_msgs/share/br2_tracking_msgs/hook/pythonpath.dsv'
[5.039s] INFO:colcon.colcon_core.shell:Creating environment hook '/home/khaledob/bookros2_ws/install/br2_tracking_msgs/share/br2_tracking_msgs/hook/pythonpath.sh'
[5.041s] Level 1:colcon.colcon_core.environment:checking '/home/khaledob/bookros2_ws/install/br2_tracking_msgs/bin'
[5.041s] INFO:colcon.colcon_core.shell:Creating package script '/home/khaledob/bookros2_ws/install/br2_tracking_msgs/share/br2_tracking_msgs/package.ps1'
[5.042s] INFO:colcon.colcon_core.shell:Creating package descriptor '/home/khaledob/bookros2_ws/install/br2_tracking_msgs/share/br2_tracking_msgs/package.dsv'
[5.044s] INFO:colcon.colcon_core.shell:Creating package script '/home/khaledob/bookros2_ws/install/br2_tracking_msgs/share/br2_tracking_msgs/package.sh'
[5.046s] INFO:colcon.colcon_core.shell:Creating package script '/home/khaledob/bookros2_ws/install/br2_tracking_msgs/share/br2_tracking_msgs/package.bash'
[5.047s] INFO:colcon.colcon_core.shell:Creating package script '/home/khaledob/bookros2_ws/install/br2_tracking_msgs/share/br2_tracking_msgs/package.zsh'
[5.049s] Level 1:colcon.colcon_core.environment:create_file_with_runtime_dependencies(/home/khaledob/bookros2_ws/install/br2_tracking_msgs/share/colcon-core/packages/br2_tracking_msgs)
[5.052s] INFO:colcon.colcon_ros.task.ament_cmake.build:Building ROS package in '/home/khaledob/bookros2_ws/src/book_ros2/br2_navigation' with build type 'ament_cmake'
[5.052s] INFO:colcon.colcon_cmake.task.cmake.build:Building CMake package in '/home/khaledob/bookros2_ws/src/book_ros2/br2_navigation'
[5.052s] INFO:colcon.colcon_core.shell:Skip shell extension 'powershell' for command environment: Not usable outside of PowerShell
[5.053s] DEBUG:colcon.colcon_core.shell:Skip shell extension 'dsv' for command environment
[5.063s] Level 1:colcon.colcon_core.environment:create_environment_scripts_only(pmb2_2dnav)
[5.065s] Level 1:colcon.colcon_core.environment:checking '/home/khaledob/bookros2_ws/install/pmb2_2dnav' for CMake module files
[5.066s] DEBUG:colcon.colcon_core.event_handler.log_command:Invoked command in '/home/khaledob/bookros2_ws/build/pmb2_2dnav' returned '0': AMENT_PREFIX_PATH=/home/khaledob/bookros2_ws/install/pmb2_maps:${AMENT_PREFIX_PATH} CMAKE_PREFIX_PATH=/home/khaledob/bookros2_ws/install/pmb2_maps:/opt/ros/foxy /usr/bin/cmake --install /home/khaledob/bookros2_ws/build/pmb2_2dnav
[5.070s] Level 1:colcon.colcon_core.environment:checking '/home/khaledob/bookros2_ws/install/pmb2_2dnav' for CMake config files
[5.072s] Level 1:colcon.colcon_core.shell:create_environment_hook('pmb2_2dnav', 'cmake_prefix_path')
[5.073s] INFO:colcon.colcon_core.shell:Creating environment hook '/home/khaledob/bookros2_ws/install/pmb2_2dnav/share/pmb2_2dnav/hook/cmake_prefix_path.ps1'
[5.077s] INFO:colcon.colcon_core.shell:Creating environment descriptor '/home/khaledob/bookros2_ws/install/pmb2_2dnav/share/pmb2_2dnav/hook/cmake_prefix_path.dsv'
[5.080s] INFO:colcon.colcon_core.shell:Creating environment hook '/home/khaledob/bookros2_ws/install/pmb2_2dnav/share/pmb2_2dnav/hook/cmake_prefix_path.sh'
[5.085s] Level 1:colcon.colcon_core.environment:checking '/home/khaledob/bookros2_ws/install/pmb2_2dnav/lib'
[5.086s] Level 1:colcon.colcon_core.environment:checking '/home/khaledob/bookros2_ws/install/pmb2_2dnav/bin'
[5.086s] Level 1:colcon.colcon_core.environment:checking '/home/khaledob/bookros2_ws/install/pmb2_2dnav/lib/pkgconfig/pmb2_2dnav.pc'
[5.086s] Level 1:colcon.colcon_core.environment:checking '/home/khaledob/bookros2_ws/install/pmb2_2dnav/lib/python3.8/site-packages'
[5.087s] Level 1:colcon.colcon_core.environment:checking '/home/khaledob/bookros2_ws/install/pmb2_2dnav/bin'
[5.089s] INFO:colcon.colcon_core.shell:Creating package script '/home/khaledob/bookros2_ws/install/pmb2_2dnav/share/pmb2_2dnav/package.ps1'
[5.090s] INFO:colcon.colcon_core.shell:Creating package descriptor '/home/khaledob/bookros2_ws/install/pmb2_2dnav/share/pmb2_2dnav/package.dsv'
[5.090s] INFO:colcon.colcon_core.shell:Creating package script '/home/khaledob/bookros2_ws/install/pmb2_2dnav/share/pmb2_2dnav/package.sh'
[5.092s] INFO:colcon.colcon_core.shell:Creating package script '/home/khaledob/bookros2_ws/install/pmb2_2dnav/share/pmb2_2dnav/package.bash'
[5.093s] INFO:colcon.colcon_core.shell:Creating package script '/home/khaledob/bookros2_ws/install/pmb2_2dnav/share/pmb2_2dnav/package.zsh'
[5.094s] Level 1:colcon.colcon_core.environment:create_file_with_runtime_dependencies(/home/khaledob/bookros2_ws/install/pmb2_2dnav/share/colcon-core/packages/pmb2_2dnav)
[5.095s] Level 1:colcon.colcon_core.environment:create_environment_scripts_only(pmb2_2dnav)
[5.095s] Level 1:colcon.colcon_core.environment:checking '/home/khaledob/bookros2_ws/install/pmb2_2dnav' for CMake module files
[5.097s] Level 1:colcon.colcon_core.environment:checking '/home/khaledob/bookros2_ws/install/pmb2_2dnav' for CMake config files
[5.098s] Level 1:colcon.colcon_core.shell:create_environment_hook('pmb2_2dnav', 'cmake_prefix_path')
[5.098s] INFO:colcon.colcon_core.shell:Creating environment hook '/home/khaledob/bookros2_ws/install/pmb2_2dnav/share/pmb2_2dnav/hook/cmake_prefix_path.ps1'
[5.099s] INFO:colcon.colcon_core.shell:Creating environment descriptor '/home/khaledob/bookros2_ws/install/pmb2_2dnav/share/pmb2_2dnav/hook/cmake_prefix_path.dsv'
[5.100s] INFO:colcon.colcon_core.shell:Creating environment hook '/home/khaledob/bookros2_ws/install/pmb2_2dnav/share/pmb2_2dnav/hook/cmake_prefix_path.sh'
[5.101s] Level 1:colcon.colcon_core.environment:checking '/home/khaledob/bookros2_ws/install/pmb2_2dnav/lib'
[5.101s] Level 1:colcon.colcon_core.environment:checking '/home/khaledob/bookros2_ws/install/pmb2_2dnav/bin'
[5.102s] Level 1:colcon.colcon_core.environment:checking '/home/khaledob/bookros2_ws/install/pmb2_2dnav/lib/pkgconfig/pmb2_2dnav.pc'
[5.102s] Level 1:colcon.colcon_core.environment:checking '/home/khaledob/bookros2_ws/install/pmb2_2dnav/lib/python3.8/site-packages'
[5.102s] Level 1:colcon.colcon_core.environment:checking '/home/khaledob/bookros2_ws/install/pmb2_2dnav/bin'
[5.103s] INFO:colcon.colcon_core.shell:Creating package script '/home/khaledob/bookros2_ws/install/pmb2_2dnav/share/pmb2_2dnav/package.ps1'
[5.141s] INFO:colcon.colcon_core.shell:Creating package descriptor '/home/khaledob/bookros2_ws/install/pmb2_2dnav/share/pmb2_2dnav/package.dsv'
[5.142s] INFO:colcon.colcon_core.shell:Creating package script '/home/khaledob/bookros2_ws/install/pmb2_2dnav/share/pmb2_2dnav/package.sh'
[5.144s] INFO:colcon.colcon_core.shell:Creating package script '/home/khaledob/bookros2_ws/install/pmb2_2dnav/share/pmb2_2dnav/package.bash'
[5.146s] INFO:colcon.colcon_core.shell:Creating package script '/home/khaledob/bookros2_ws/install/pmb2_2dnav/share/pmb2_2dnav/package.zsh'
[5.148s] Level 1:colcon.colcon_core.environment:create_file_with_runtime_dependencies(/home/khaledob/bookros2_ws/install/pmb2_2dnav/share/colcon-core/packages/pmb2_2dnav)
[5.150s] Level 1:colcon.colcon_core.environment:create_environment_scripts_only(br2_bt_bumpgo)
[5.151s] Level 1:colcon.colcon_core.environment:checking '/home/khaledob/bookros2_ws/install/br2_bt_bumpgo' for CMake module files
[5.155s] DEBUG:colcon.colcon_core.event_handler.log_command:Invoked command in '/home/khaledob/bookros2_ws/build/br2_bt_bumpgo' returned '0': CMAKE_PREFIX_PATH=/opt/ros/foxy /usr/bin/cmake --install /home/khaledob/bookros2_ws/build/br2_bt_bumpgo
[5.155s] Level 1:colcon.colcon_core.environment:checking '/home/khaledob/bookros2_ws/install/br2_bt_bumpgo' for CMake config files
[5.156s] Level 1:colcon.colcon_core.shell:create_environment_hook('br2_bt_bumpgo', 'cmake_prefix_path')
[5.157s] INFO:colcon.colcon_core.shell:Creating environment hook '/home/khaledob/bookros2_ws/install/br2_bt_bumpgo/share/br2_bt_bumpgo/hook/cmake_prefix_path.ps1'
[5.159s] INFO:colcon.colcon_core.shell:Creating environment descriptor '/home/khaledob/bookros2_ws/install/br2_bt_bumpgo/share/br2_bt_bumpgo/hook/cmake_prefix_path.dsv'
[5.162s] INFO:colcon.colcon_core.shell:Creating environment hook '/home/khaledob/bookros2_ws/install/br2_bt_bumpgo/share/br2_bt_bumpgo/hook/cmake_prefix_path.sh'
[5.167s] Level 1:colcon.colcon_core.environment:checking '/home/khaledob/bookros2_ws/install/br2_bt_bumpgo/lib'
[5.169s] Level 1:colcon.colcon_core.shell:create_environment_hook('br2_bt_bumpgo', 'ld_library_path_lib')
[5.170s] INFO:colcon.colcon_core.shell:Creating environment hook '/home/khaledob/bookros2_ws/install/br2_bt_bumpgo/share/br2_bt_bumpgo/hook/ld_library_path_lib.ps1'
[5.171s] INFO:colcon.colcon_core.shell:Creating environment descriptor '/home/khaledob/bookros2_ws/install/br2_bt_bumpgo/share/br2_bt_bumpgo/hook/ld_library_path_lib.dsv'
[5.184s] INFO:colcon.colcon_core.shell:Creating environment hook '/home/khaledob/bookros2_ws/install/br2_bt_bumpgo/share/br2_bt_bumpgo/hook/ld_library_path_lib.sh'
[5.194s] Level 1:colcon.colcon_core.environment:checking '/home/khaledob/bookros2_ws/install/br2_bt_bumpgo/bin'
[5.194s] Level 1:colcon.colcon_core.environment:checking '/home/khaledob/bookros2_ws/install/br2_bt_bumpgo/lib/pkgconfig/br2_bt_bumpgo.pc'
[5.200s] Level 1:colcon.colcon_core.environment:checking '/home/khaledob/bookros2_ws/install/br2_bt_bumpgo/lib/python3.8/site-packages'
[5.201s] Level 1:colcon.colcon_core.environment:checking '/home/khaledob/bookros2_ws/install/br2_bt_bumpgo/bin'
[5.201s] INFO:colcon.colcon_core.shell:Creating package script '/home/khaledob/bookros2_ws/install/br2_bt_bumpgo/share/br2_bt_bumpgo/package.ps1'
[5.210s] INFO:colcon.colcon_core.shell:Creating package descriptor '/home/khaledob/bookros2_ws/install/br2_bt_bumpgo/share/br2_bt_bumpgo/package.dsv'
[5.211s] INFO:colcon.colcon_core.shell:Creating package script '/home/khaledob/bookros2_ws/install/br2_bt_bumpgo/share/br2_bt_bumpgo/package.sh'
[5.213s] INFO:colcon.colcon_core.shell:Creating package script '/home/khaledob/bookros2_ws/install/br2_bt_bumpgo/share/br2_bt_bumpgo/package.bash'
[5.214s] INFO:colcon.colcon_core.shell:Creating package script '/home/khaledob/bookros2_ws/install/br2_bt_bumpgo/share/br2_bt_bumpgo/package.zsh'
[5.217s] Level 1:colcon.colcon_core.environment:create_file_with_runtime_dependencies(/home/khaledob/bookros2_ws/install/br2_bt_bumpgo/share/colcon-core/packages/br2_bt_bumpgo)
[5.219s] Level 1:colcon.colcon_core.environment:create_environment_scripts_only(br2_bt_bumpgo)
[5.221s] Level 1:colcon.colcon_core.environment:checking '/home/khaledob/bookros2_ws/install/br2_bt_bumpgo' for CMake module files
[5.222s] Level 1:colcon.colcon_core.environment:checking '/home/khaledob/bookros2_ws/install/br2_bt_bumpgo' for CMake config files
[5.224s] Level 1:colcon.colcon_core.shell:create_environment_hook('br2_bt_bumpgo', 'cmake_prefix_path')
[5.224s] INFO:colcon.colcon_core.shell:Creating environment hook '/home/khaledob/bookros2_ws/install/br2_bt_bumpgo/share/br2_bt_bumpgo/hook/cmake_prefix_path.ps1'
[5.227s] INFO:colcon.colcon_core.shell:Creating environment descriptor '/home/khaledob/bookros2_ws/install/br2_bt_bumpgo/share/br2_bt_bumpgo/hook/cmake_prefix_path.dsv'
[5.230s] INFO:colcon.colcon_core.shell:Creating environment hook '/home/khaledob/bookros2_ws/install/br2_bt_bumpgo/share/br2_bt_bumpgo/hook/cmake_prefix_path.sh'
[5.233s] Level 1:colcon.colcon_core.environment:checking '/home/khaledob/bookros2_ws/install/br2_bt_bumpgo/lib'
[5.233s] Level 1:colcon.colcon_core.shell:create_environment_hook('br2_bt_bumpgo', 'ld_library_path_lib')
[5.234s] INFO:colcon.colcon_core.shell:Creating environment hook '/home/khaledob/bookros2_ws/install/br2_bt_bumpgo/share/br2_bt_bumpgo/hook/ld_library_path_lib.ps1'
[5.235s] INFO:colcon.colcon_core.shell:Creating environment descriptor '/home/khaledob/bookros2_ws/install/br2_bt_bumpgo/share/br2_bt_bumpgo/hook/ld_library_path_lib.dsv'
[5.237s] INFO:colcon.colcon_core.shell:Creating environment hook '/home/khaledob/bookros2_ws/install/br2_bt_bumpgo/share/br2_bt_bumpgo/hook/ld_library_path_lib.sh'
[5.244s] Level 1:colcon.colcon_core.environment:checking '/home/khaledob/bookros2_ws/install/br2_bt_bumpgo/bin'
[5.245s] Level 1:colcon.colcon_core.environment:checking '/home/khaledob/bookros2_ws/install/br2_bt_bumpgo/lib/pkgconfig/br2_bt_bumpgo.pc'
[5.246s] Level 1:colcon.colcon_core.environment:checking '/home/khaledob/bookros2_ws/install/br2_bt_bumpgo/lib/python3.8/site-packages'
[5.246s] Level 1:colcon.colcon_core.environment:checking '/home/khaledob/bookros2_ws/install/br2_bt_bumpgo/bin'
[5.247s] INFO:colcon.colcon_core.shell:Creating package script '/home/khaledob/bookros2_ws/install/br2_bt_bumpgo/share/br2_bt_bumpgo/package.ps1'
[5.250s] INFO:colcon.colcon_core.shell:Creating package descriptor '/home/khaledob/bookros2_ws/install/br2_bt_bumpgo/share/br2_bt_bumpgo/package.dsv'
[5.253s] INFO:colcon.colcon_core.shell:Creating package script '/home/khaledob/bookros2_ws/install/br2_bt_bumpgo/share/br2_bt_bumpgo/package.sh'
[5.256s] INFO:colcon.colcon_core.shell:Creating package script '/home/khaledob/bookros2_ws/install/br2_bt_bumpgo/share/br2_bt_bumpgo/package.bash'
[5.258s] INFO:colcon.colcon_core.shell:Creating package script '/home/khaledob/bookros2_ws/install/br2_bt_bumpgo/share/br2_bt_bumpgo/package.zsh'
[5.260s] Level 1:colcon.colcon_core.environment:create_file_with_runtime_dependencies(/home/khaledob/bookros2_ws/install/br2_bt_bumpgo/share/colcon-core/packages/br2_bt_bumpgo)
[5.282s] DEBUG:colcon.colcon_core.event_handler.log_command:Invoked command in '/home/khaledob/bookros2_ws/build/br2_bt_patrolling' returned '0': CMAKE_PREFIX_PATH=/opt/ros/foxy /usr/bin/cmake --build /home/khaledob/bookros2_ws/build/br2_bt_patrolling -- -j7 -l7
[5.293s] DEBUG:colcon.colcon_core.event_handler.log_command:Invoking command in '/home/khaledob/bookros2_ws/build/br2_bt_patrolling': CMAKE_PREFIX_PATH=/opt/ros/foxy /usr/bin/cmake --install /home/khaledob/bookros2_ws/build/br2_bt_patrolling
[5.330s] DEBUG:colcon.colcon_core.event_handler.log_command:Invoked command in '/home/khaledob/bookros2_ws/build/controller_interface' returned '0': AMENT_PREFIX_PATH=/home/khaledob/bookros2_ws/install/hardware_interface:/home/khaledob/bookros2_ws/install/ros2_control_test_assets:${AMENT_PREFIX_PATH} CMAKE_PREFIX_PATH=/home/khaledob/bookros2_ws/install/hardware_interface:/home/khaledob/bookros2_ws/install/ros2_control_test_assets:/opt/ros/foxy LD_LIBRARY_PATH=/home/khaledob/bookros2_ws/install/hardware_interface/lib:${LD_LIBRARY_PATH} /usr/bin/cmake --build /home/khaledob/bookros2_ws/build/controller_interface -- -j7 -l7
[5.331s] DEBUG:colcon.colcon_core.event_handler.log_command:Invoking command in '/home/khaledob/bookros2_ws/build/controller_interface': AMENT_PREFIX_PATH=/home/khaledob/bookros2_ws/install/hardware_interface:/home/khaledob/bookros2_ws/install/ros2_control_test_assets:${AMENT_PREFIX_PATH} CMAKE_PREFIX_PATH=/home/khaledob/bookros2_ws/install/hardware_interface:/home/khaledob/bookros2_ws/install/ros2_control_test_assets:/opt/ros/foxy LD_LIBRARY_PATH=/home/khaledob/bookros2_ws/install/hardware_interface/lib:${LD_LIBRARY_PATH} /usr/bin/cmake --install /home/khaledob/bookros2_ws/build/controller_interface
[5.332s] DEBUG:colcon.colcon_core.event_handler.log_command:Invoked command in '/home/khaledob/bookros2_ws/build/br2_fsm_bumpgo_cpp' returned '0': CMAKE_PREFIX_PATH=/opt/ros/foxy /usr/bin/cmake --build /home/khaledob/bookros2_ws/build/br2_fsm_bumpgo_cpp -- -j7 -l7
[5.333s] DEBUG:colcon.colcon_core.event_handler.log_command:Invoking command in '/home/khaledob/bookros2_ws/build/br2_fsm_bumpgo_cpp': CMAKE_PREFIX_PATH=/opt/ros/foxy /usr/bin/cmake --install /home/khaledob/bookros2_ws/build/br2_fsm_bumpgo_cpp
[5.342s] INFO:colcon.colcon_ros.task.ament_cmake.build:Building ROS package in '/home/khaledob/bookros2_ws/src/book_ros2/br2_tf2_detector' with build type 'ament_cmake'
[5.343s] INFO:colcon.colcon_cmake.task.cmake.build:Building CMake package in '/home/khaledob/bookros2_ws/src/book_ros2/br2_tf2_detector'
[5.344s] INFO:colcon.colcon_core.shell:Skip shell extension 'powershell' for command environment: Not usable outside of PowerShell
[5.344s] DEBUG:colcon.colcon_core.shell:Skip shell extension 'dsv' for command environment
[5.388s] INFO:colcon.colcon_ros.task.ament_cmake.build:Building ROS package in '/home/khaledob/bookros2_ws/src/book_ros2/br2_tiago' with build type 'ament_cmake'
[5.388s] INFO:colcon.colcon_cmake.task.cmake.build:Building CMake package in '/home/khaledob/bookros2_ws/src/book_ros2/br2_tiago'
[5.389s] INFO:colcon.colcon_core.shell:Skip shell extension 'powershell' for command environment: Not usable outside of PowerShell
[5.389s] DEBUG:colcon.colcon_core.shell:Skip shell extension 'dsv' for command environment
[5.558s] DEBUG:colcon.colcon_core.event_handler.log_command:Invoking command in '/home/khaledob/bookros2_ws/build/br2_navigation': CMAKE_PREFIX_PATH=/opt/ros/foxy /usr/bin/cmake --build /home/khaledob/bookros2_ws/build/br2_navigation -- -j7 -l7
[5.594s] DEBUG:colcon.colcon_core.event_handler.log_command:Invoking command in '/home/khaledob/bookros2_ws/build/br2_tf2_detector': CMAKE_PREFIX_PATH=/opt/ros/foxy /usr/bin/cmake --build /home/khaledob/bookros2_ws/build/br2_tf2_detector -- -j7 -l7
[5.619s] DEBUG:colcon.colcon_core.event_handler.log_command:Invoking command in '/home/khaledob/bookros2_ws/build/br2_tiago': CMAKE_PREFIX_PATH=/opt/ros/foxy /usr/bin/cmake --build /home/khaledob/bookros2_ws/build/br2_tiago -- -j7 -l7
[5.633s] Level 1:colcon.colcon_core.environment:create_environment_scripts_only(br2_fsm_bumpgo_cpp)
[5.635s] Level 1:colcon.colcon_core.environment:checking '/home/khaledob/bookros2_ws/install/br2_fsm_bumpgo_cpp' for CMake module files
[5.637s] Level 1:colcon.colcon_core.environment:checking '/home/khaledob/bookros2_ws/install/br2_fsm_bumpgo_cpp' for CMake config files
[5.638s] DEBUG:colcon.colcon_core.event_handler.log_command:Invoked command in '/home/khaledob/bookros2_ws/build/br2_fsm_bumpgo_cpp' returned '0': CMAKE_PREFIX_PATH=/opt/ros/foxy /usr/bin/cmake --install /home/khaledob/bookros2_ws/build/br2_fsm_bumpgo_cpp
[5.639s] Level 1:colcon.colcon_core.shell:create_environment_hook('br2_fsm_bumpgo_cpp', 'cmake_prefix_path')
[5.639s] INFO:colcon.colcon_core.shell:Creating environment hook '/home/khaledob/bookros2_ws/install/br2_fsm_bumpgo_cpp/share/br2_fsm_bumpgo_cpp/hook/cmake_prefix_path.ps1'
[5.641s] INFO:colcon.colcon_core.shell:Creating environment descriptor '/home/khaledob/bookros2_ws/install/br2_fsm_bumpgo_cpp/share/br2_fsm_bumpgo_cpp/hook/cmake_prefix_path.dsv'
[5.643s] INFO:colcon.colcon_core.shell:Creating environment hook '/home/khaledob/bookros2_ws/install/br2_fsm_bumpgo_cpp/share/br2_fsm_bumpgo_cpp/hook/cmake_prefix_path.sh'
[5.646s] Level 1:colcon.colcon_core.environment:checking '/home/khaledob/bookros2_ws/install/br2_fsm_bumpgo_cpp/lib'
[5.647s] Level 1:colcon.colcon_core.environment:checking '/home/khaledob/bookros2_ws/install/br2_fsm_bumpgo_cpp/bin'
[5.647s] Level 1:colcon.colcon_core.environment:checking '/home/khaledob/bookros2_ws/install/br2_fsm_bumpgo_cpp/lib/pkgconfig/br2_fsm_bumpgo_cpp.pc'
[5.648s] Level 1:colcon.colcon_core.environment:checking '/home/khaledob/bookros2_ws/install/br2_fsm_bumpgo_cpp/lib/python3.8/site-packages'
[5.648s] Level 1:colcon.colcon_core.environment:checking '/home/khaledob/bookros2_ws/install/br2_fsm_bumpgo_cpp/bin'
[5.649s] INFO:colcon.colcon_core.shell:Creating package script '/home/khaledob/bookros2_ws/install/br2_fsm_bumpgo_cpp/share/br2_fsm_bumpgo_cpp/package.ps1'
[5.651s] INFO:colcon.colcon_core.shell:Creating package descriptor '/home/khaledob/bookros2_ws/install/br2_fsm_bumpgo_cpp/share/br2_fsm_bumpgo_cpp/package.dsv'
[5.652s] INFO:colcon.colcon_core.shell:Creating package script '/home/khaledob/bookros2_ws/install/br2_fsm_bumpgo_cpp/share/br2_fsm_bumpgo_cpp/package.sh'
[5.653s] INFO:colcon.colcon_core.shell:Creating package script '/home/khaledob/bookros2_ws/install/br2_fsm_bumpgo_cpp/share/br2_fsm_bumpgo_cpp/package.bash'
[5.683s] INFO:colcon.colcon_core.shell:Creating package script '/home/khaledob/bookros2_ws/install/br2_fsm_bumpgo_cpp/share/br2_fsm_bumpgo_cpp/package.zsh'
[5.686s] Level 1:colcon.colcon_core.environment:create_file_with_runtime_dependencies(/home/khaledob/bookros2_ws/install/br2_fsm_bumpgo_cpp/share/colcon-core/packages/br2_fsm_bumpgo_cpp)
[5.688s] Level 1:colcon.colcon_core.environment:create_environment_scripts_only(br2_fsm_bumpgo_cpp)
[5.689s] Level 1:colcon.colcon_core.environment:checking '/home/khaledob/bookros2_ws/install/br2_fsm_bumpgo_cpp' for CMake module files
[5.691s] Level 1:colcon.colcon_core.environment:checking '/home/khaledob/bookros2_ws/install/br2_fsm_bumpgo_cpp' for CMake config files
[5.691s] Level 1:colcon.colcon_core.shell:create_environment_hook('br2_fsm_bumpgo_cpp', 'cmake_prefix_path')
[5.692s] INFO:colcon.colcon_core.shell:Creating environment hook '/home/khaledob/bookros2_ws/install/br2_fsm_bumpgo_cpp/share/br2_fsm_bumpgo_cpp/hook/cmake_prefix_path.ps1'
[5.693s] INFO:colcon.colcon_core.shell:Creating environment descriptor '/home/khaledob/bookros2_ws/install/br2_fsm_bumpgo_cpp/share/br2_fsm_bumpgo_cpp/hook/cmake_prefix_path.dsv'
[5.695s] INFO:colcon.colcon_core.shell:Creating environment hook '/home/khaledob/bookros2_ws/install/br2_fsm_bumpgo_cpp/share/br2_fsm_bumpgo_cpp/hook/cmake_prefix_path.sh'
[5.697s] Level 1:colcon.colcon_core.environment:checking '/home/khaledob/bookros2_ws/install/br2_fsm_bumpgo_cpp/lib'
[5.697s] Level 1:colcon.colcon_core.environment:checking '/home/khaledob/bookros2_ws/install/br2_fsm_bumpgo_cpp/bin'
[5.698s] Level 1:colcon.colcon_core.environment:checking '/home/khaledob/bookros2_ws/install/br2_fsm_bumpgo_cpp/lib/pkgconfig/br2_fsm_bumpgo_cpp.pc'
[5.698s] Level 1:colcon.colcon_core.environment:checking '/home/khaledob/bookros2_ws/install/br2_fsm_bumpgo_cpp/lib/python3.8/site-packages'
[5.699s] Level 1:colcon.colcon_core.environment:checking '/home/khaledob/bookros2_ws/install/br2_fsm_bumpgo_cpp/bin'
[5.699s] INFO:colcon.colcon_core.shell:Creating package script '/home/khaledob/bookros2_ws/install/br2_fsm_bumpgo_cpp/share/br2_fsm_bumpgo_cpp/package.ps1'
[5.701s] INFO:colcon.colcon_core.shell:Creating package descriptor '/home/khaledob/bookros2_ws/install/br2_fsm_bumpgo_cpp/share/br2_fsm_bumpgo_cpp/package.dsv'
[5.703s] INFO:colcon.colcon_core.shell:Creating package script '/home/khaledob/bookros2_ws/install/br2_fsm_bumpgo_cpp/share/br2_fsm_bumpgo_cpp/package.sh'
[5.704s] INFO:colcon.colcon_core.shell:Creating package script '/home/khaledob/bookros2_ws/install/br2_fsm_bumpgo_cpp/share/br2_fsm_bumpgo_cpp/package.bash'
[5.706s] INFO:colcon.colcon_core.shell:Creating package script '/home/khaledob/bookros2_ws/install/br2_fsm_bumpgo_cpp/share/br2_fsm_bumpgo_cpp/package.zsh'
[5.707s] Level 1:colcon.colcon_core.environment:create_file_with_runtime_dependencies(/home/khaledob/bookros2_ws/install/br2_fsm_bumpgo_cpp/share/colcon-core/packages/br2_fsm_bumpgo_cpp)
[5.709s] Level 1:colcon.colcon_core.environment:create_environment_scripts_only(br2_bt_patrolling)
[5.711s] Level 1:colcon.colcon_core.environment:checking '/home/khaledob/bookros2_ws/install/br2_bt_patrolling' for CMake module files
[5.713s] Level 1:colcon.colcon_core.environment:checking '/home/khaledob/bookros2_ws/install/br2_bt_patrolling' for CMake config files
[5.716s] Level 1:colcon.colcon_core.shell:create_environment_hook('br2_bt_patrolling', 'cmake_prefix_path')
[5.717s] INFO:colcon.colcon_core.shell:Creating environment hook '/home/khaledob/bookros2_ws/install/br2_bt_patrolling/share/br2_bt_patrolling/hook/cmake_prefix_path.ps1'
[5.718s] DEBUG:colcon.colcon_core.event_handler.log_command:Invoked command in '/home/khaledob/bookros2_ws/build/br2_bt_patrolling' returned '0': CMAKE_PREFIX_PATH=/opt/ros/foxy /usr/bin/cmake --install /home/khaledob/bookros2_ws/build/br2_bt_patrolling
[5.721s] INFO:colcon.colcon_core.shell:Creating environment descriptor '/home/khaledob/bookros2_ws/install/br2_bt_patrolling/share/br2_bt_patrolling/hook/cmake_prefix_path.dsv'
[5.724s] INFO:colcon.colcon_core.shell:Creating environment hook '/home/khaledob/bookros2_ws/install/br2_bt_patrolling/share/br2_bt_patrolling/hook/cmake_prefix_path.sh'
[5.727s] Level 1:colcon.colcon_core.environment:checking '/home/khaledob/bookros2_ws/install/br2_bt_patrolling/lib'
[5.727s] Level 1:colcon.colcon_core.shell:create_environment_hook('br2_bt_patrolling', 'ld_library_path_lib')
[5.728s] INFO:colcon.colcon_core.shell:Creating environment hook '/home/khaledob/bookros2_ws/install/br2_bt_patrolling/share/br2_bt_patrolling/hook/ld_library_path_lib.ps1'
[5.729s] INFO:colcon.colcon_core.shell:Creating environment descriptor '/home/khaledob/bookros2_ws/install/br2_bt_patrolling/share/br2_bt_patrolling/hook/ld_library_path_lib.dsv'
[5.731s] INFO:colcon.colcon_core.shell:Creating environment hook '/home/khaledob/bookros2_ws/install/br2_bt_patrolling/share/br2_bt_patrolling/hook/ld_library_path_lib.sh'
[5.732s] Level 1:colcon.colcon_core.environment:checking '/home/khaledob/bookros2_ws/install/br2_bt_patrolling/bin'
[5.733s] Level 1:colcon.colcon_core.environment:checking '/home/khaledob/bookros2_ws/install/br2_bt_patrolling/lib/pkgconfig/br2_bt_patrolling.pc'
[5.733s] Level 1:colcon.colcon_core.environment:checking '/home/khaledob/bookros2_ws/install/br2_bt_patrolling/lib/python3.8/site-packages'
[5.733s] Level 1:colcon.colcon_core.environment:checking '/home/khaledob/bookros2_ws/install/br2_bt_patrolling/bin'
[5.734s] INFO:colcon.colcon_core.shell:Creating package script '/home/khaledob/bookros2_ws/install/br2_bt_patrolling/share/br2_bt_patrolling/package.ps1'
[5.736s] INFO:colcon.colcon_core.shell:Creating package descriptor '/home/khaledob/bookros2_ws/install/br2_bt_patrolling/share/br2_bt_patrolling/package.dsv'
[5.737s] INFO:colcon.colcon_core.shell:Creating package script '/home/khaledob/bookros2_ws/install/br2_bt_patrolling/share/br2_bt_patrolling/package.sh'
[5.738s] INFO:colcon.colcon_core.shell:Creating package script '/home/khaledob/bookros2_ws/install/br2_bt_patrolling/share/br2_bt_patrolling/package.bash'
[5.740s] INFO:colcon.colcon_core.shell:Creating package script '/home/khaledob/bookros2_ws/install/br2_bt_patrolling/share/br2_bt_patrolling/package.zsh'
[5.741s] Level 1:colcon.colcon_core.environment:create_file_with_runtime_dependencies(/home/khaledob/bookros2_ws/install/br2_bt_patrolling/share/colcon-core/packages/br2_bt_patrolling)
[5.743s] Level 1:colcon.colcon_core.environment:create_environment_scripts_only(br2_bt_patrolling)
[5.743s] Level 1:colcon.colcon_core.environment:checking '/home/khaledob/bookros2_ws/install/br2_bt_patrolling' for CMake module files
[5.744s] Level 1:colcon.colcon_core.environment:checking '/home/khaledob/bookros2_ws/install/br2_bt_patrolling' for CMake config files
[5.745s] Level 1:colcon.colcon_core.shell:create_environment_hook('br2_bt_patrolling', 'cmake_prefix_path')
[5.746s] INFO:colcon.colcon_core.shell:Creating environment hook '/home/khaledob/bookros2_ws/install/br2_bt_patrolling/share/br2_bt_patrolling/hook/cmake_prefix_path.ps1'
[5.747s] INFO:colcon.colcon_core.shell:Creating environment descriptor '/home/khaledob/bookros2_ws/install/br2_bt_patrolling/share/br2_bt_patrolling/hook/cmake_prefix_path.dsv'
[5.748s] INFO:colcon.colcon_core.shell:Creating environment hook '/home/khaledob/bookros2_ws/install/br2_bt_patrolling/share/br2_bt_patrolling/hook/cmake_prefix_path.sh'
[5.750s] Level 1:colcon.colcon_core.environment:checking '/home/khaledob/bookros2_ws/install/br2_bt_patrolling/lib'
[5.750s] Level 1:colcon.colcon_core.shell:create_environment_hook('br2_bt_patrolling', 'ld_library_path_lib')
[5.751s] INFO:colcon.colcon_core.shell:Creating environment hook '/home/khaledob/bookros2_ws/install/br2_bt_patrolling/share/br2_bt_patrolling/hook/ld_library_path_lib.ps1'
[5.752s] INFO:colcon.colcon_core.shell:Creating environment descriptor '/home/khaledob/bookros2_ws/install/br2_bt_patrolling/share/br2_bt_patrolling/hook/ld_library_path_lib.dsv'
[5.753s] INFO:colcon.colcon_core.shell:Creating environment hook '/home/khaledob/bookros2_ws/install/br2_bt_patrolling/share/br2_bt_patrolling/hook/ld_library_path_lib.sh'
[5.755s] Level 1:colcon.colcon_core.environment:checking '/home/khaledob/bookros2_ws/install/br2_bt_patrolling/bin'
[5.755s] Level 1:colcon.colcon_core.environment:checking '/home/khaledob/bookros2_ws/install/br2_bt_patrolling/lib/pkgconfig/br2_bt_patrolling.pc'
[5.756s] Level 1:colcon.colcon_core.environment:checking '/home/khaledob/bookros2_ws/install/br2_bt_patrolling/lib/python3.8/site-packages'
[5.756s] Level 1:colcon.colcon_core.environment:checking '/home/khaledob/bookros2_ws/install/br2_bt_patrolling/bin'
[5.757s] INFO:colcon.colcon_core.shell:Creating package script '/home/khaledob/bookros2_ws/install/br2_bt_patrolling/share/br2_bt_patrolling/package.ps1'
[5.758s] INFO:colcon.colcon_core.shell:Creating package descriptor '/home/khaledob/bookros2_ws/install/br2_bt_patrolling/share/br2_bt_patrolling/package.dsv'
[5.760s] INFO:colcon.colcon_core.shell:Creating package script '/home/khaledob/bookros2_ws/install/br2_bt_patrolling/share/br2_bt_patrolling/package.sh'
[5.761s] INFO:colcon.colcon_core.shell:Creating package script '/home/khaledob/bookros2_ws/install/br2_bt_patrolling/share/br2_bt_patrolling/package.bash'
[5.763s] INFO:colcon.colcon_core.shell:Creating package script '/home/khaledob/bookros2_ws/install/br2_bt_patrolling/share/br2_bt_patrolling/package.zsh'
[5.764s] Level 1:colcon.colcon_core.environment:create_file_with_runtime_dependencies(/home/khaledob/bookros2_ws/install/br2_bt_patrolling/share/colcon-core/packages/br2_bt_patrolling)
[5.765s] Level 1:colcon.colcon_core.environment:create_environment_scripts_only(controller_interface)
[5.767s] Level 1:colcon.colcon_core.environment:checking '/home/khaledob/bookros2_ws/install/controller_interface' for CMake module files
[5.768s] Level 1:colcon.colcon_core.environment:checking '/home/khaledob/bookros2_ws/install/controller_interface' for CMake config files
[5.769s] Level 1:colcon.colcon_core.shell:create_environment_hook('controller_interface', 'cmake_prefix_path')
[5.770s] INFO:colcon.colcon_core.shell:Creating environment hook '/home/khaledob/bookros2_ws/install/controller_interface/share/controller_interface/hook/cmake_prefix_path.ps1'
[5.772s] DEBUG:colcon.colcon_core.event_handler.log_command:Invoked command in '/home/khaledob/bookros2_ws/build/controller_interface' returned '0': AMENT_PREFIX_PATH=/home/khaledob/bookros2_ws/install/hardware_interface:/home/khaledob/bookros2_ws/install/ros2_control_test_assets:${AMENT_PREFIX_PATH} CMAKE_PREFIX_PATH=/home/khaledob/bookros2_ws/install/hardware_interface:/home/khaledob/bookros2_ws/install/ros2_control_test_assets:/opt/ros/foxy LD_LIBRARY_PATH=/home/khaledob/bookros2_ws/install/hardware_interface/lib:${LD_LIBRARY_PATH} /usr/bin/cmake --install /home/khaledob/bookros2_ws/build/controller_interface
[5.773s] INFO:colcon.colcon_core.shell:Creating environment descriptor '/home/khaledob/bookros2_ws/install/controller_interface/share/controller_interface/hook/cmake_prefix_path.dsv'
[5.774s] INFO:colcon.colcon_core.shell:Creating environment hook '/home/khaledob/bookros2_ws/install/controller_interface/share/controller_interface/hook/cmake_prefix_path.sh'
[5.777s] Level 1:colcon.colcon_core.environment:checking '/home/khaledob/bookros2_ws/install/controller_interface/lib'
[5.777s] Level 1:colcon.colcon_core.shell:create_environment_hook('controller_interface', 'ld_library_path_lib')
[5.777s] INFO:colcon.colcon_core.shell:Creating environment hook '/home/khaledob/bookros2_ws/install/controller_interface/share/controller_interface/hook/ld_library_path_lib.ps1'
[5.779s] INFO:colcon.colcon_core.shell:Creating environment descriptor '/home/khaledob/bookros2_ws/install/controller_interface/share/controller_interface/hook/ld_library_path_lib.dsv'
[5.780s] INFO:colcon.colcon_core.shell:Creating environment hook '/home/khaledob/bookros2_ws/install/controller_interface/share/controller_interface/hook/ld_library_path_lib.sh'
[5.781s] Level 1:colcon.colcon_core.environment:checking '/home/khaledob/bookros2_ws/install/controller_interface/bin'
[5.781s] Level 1:colcon.colcon_core.environment:checking '/home/khaledob/bookros2_ws/install/controller_interface/lib/pkgconfig/controller_interface.pc'
[5.781s] Level 1:colcon.colcon_core.environment:checking '/home/khaledob/bookros2_ws/install/controller_interface/lib/python3.8/site-packages'
[5.782s] Level 1:colcon.colcon_core.environment:checking '/home/khaledob/bookros2_ws/install/controller_interface/bin'
[5.782s] INFO:colcon.colcon_core.shell:Creating package script '/home/khaledob/bookros2_ws/install/controller_interface/share/controller_interface/package.ps1'
[5.783s] INFO:colcon.colcon_core.shell:Creating package descriptor '/home/khaledob/bookros2_ws/install/controller_interface/share/controller_interface/package.dsv'
[5.784s] INFO:colcon.colcon_core.shell:Creating package script '/home/khaledob/bookros2_ws/install/controller_interface/share/controller_interface/package.sh'
[5.785s] INFO:colcon.colcon_core.shell:Creating package script '/home/khaledob/bookros2_ws/install/controller_interface/share/controller_interface/package.bash'
[5.786s] INFO:colcon.colcon_core.shell:Creating package script '/home/khaledob/bookros2_ws/install/controller_interface/share/controller_interface/package.zsh'
[5.788s] Level 1:colcon.colcon_core.environment:create_file_with_runtime_dependencies(/home/khaledob/bookros2_ws/install/controller_interface/share/colcon-core/packages/controller_interface)
[5.792s] Level 1:colcon.colcon_core.environment:create_environment_scripts_only(controller_interface)
[5.792s] Level 1:colcon.colcon_core.environment:checking '/home/khaledob/bookros2_ws/install/controller_interface' for CMake module files
[5.796s] Level 1:colcon.colcon_core.environment:checking '/home/khaledob/bookros2_ws/install/controller_interface' for CMake config files
[5.799s] Level 1:colcon.colcon_core.shell:create_environment_hook('controller_interface', 'cmake_prefix_path')
[5.800s] INFO:colcon.colcon_core.shell:Creating environment hook '/home/khaledob/bookros2_ws/install/controller_interface/share/controller_interface/hook/cmake_prefix_path.ps1'
[5.805s] INFO:colcon.colcon_core.shell:Creating environment descriptor '/home/khaledob/bookros2_ws/install/controller_interface/share/controller_interface/hook/cmake_prefix_path.dsv'
[5.822s] INFO:colcon.colcon_core.shell:Creating environment hook '/home/khaledob/bookros2_ws/install/controller_interface/share/controller_interface/hook/cmake_prefix_path.sh'
[5.825s] Level 1:colcon.colcon_core.environment:checking '/home/khaledob/bookros2_ws/install/controller_interface/lib'
[5.826s] Level 1:colcon.colcon_core.shell:create_environment_hook('controller_interface', 'ld_library_path_lib')
[5.827s] INFO:colcon.colcon_core.shell:Creating environment hook '/home/khaledob/bookros2_ws/install/controller_interface/share/controller_interface/hook/ld_library_path_lib.ps1'
[5.829s] INFO:colcon.colcon_core.shell:Creating environment descriptor '/home/khaledob/bookros2_ws/install/controller_interface/share/controller_interface/hook/ld_library_path_lib.dsv'
[5.830s] INFO:colcon.colcon_core.shell:Creating environment hook '/home/khaledob/bookros2_ws/install/controller_interface/share/controller_interface/hook/ld_library_path_lib.sh'
[5.835s] Level 1:colcon.colcon_core.environment:checking '/home/khaledob/bookros2_ws/install/controller_interface/bin'
[5.836s] Level 1:colcon.colcon_core.environment:checking '/home/khaledob/bookros2_ws/install/controller_interface/lib/pkgconfig/controller_interface.pc'
[5.837s] Level 1:colcon.colcon_core.environment:checking '/home/khaledob/bookros2_ws/install/controller_interface/lib/python3.8/site-packages'
[5.838s] Level 1:colcon.colcon_core.environment:checking '/home/khaledob/bookros2_ws/install/controller_interface/bin'
[5.838s] INFO:colcon.colcon_core.shell:Creating package script '/home/khaledob/bookros2_ws/install/controller_interface/share/controller_interface/package.ps1'
[5.840s] INFO:colcon.colcon_core.shell:Creating package descriptor '/home/khaledob/bookros2_ws/install/controller_interface/share/controller_interface/package.dsv'
[5.842s] INFO:colcon.colcon_core.shell:Creating package script '/home/khaledob/bookros2_ws/install/controller_interface/share/controller_interface/package.sh'
[5.844s] INFO:colcon.colcon_core.shell:Creating package script '/home/khaledob/bookros2_ws/install/controller_interface/share/controller_interface/package.bash'
[5.847s] INFO:colcon.colcon_core.shell:Creating package script '/home/khaledob/bookros2_ws/install/controller_interface/share/controller_interface/package.zsh'
[5.849s] Level 1:colcon.colcon_core.environment:create_file_with_runtime_dependencies(/home/khaledob/bookros2_ws/install/controller_interface/share/colcon-core/packages/controller_interface)
[5.866s] INFO:colcon.colcon_ros.task.ament_cmake.build:Building ROS package in '/home/khaledob/bookros2_ws/src/ThirdParty/ros2_control/controller_manager' with build type 'ament_cmake'
[5.866s] INFO:colcon.colcon_cmake.task.cmake.build:Building CMake package in '/home/khaledob/bookros2_ws/src/ThirdParty/ros2_control/controller_manager'
[5.871s] INFO:colcon.colcon_core.shell:Skip shell extension 'powershell' for command environment: Not usable outside of PowerShell
[5.872s] DEBUG:colcon.colcon_core.shell:Skip shell extension 'dsv' for command environment
[5.909s] INFO:colcon.colcon_ros.task.ament_cmake.build:Building ROS package in '/home/khaledob/bookros2_ws/src/book_ros2/br2_vff_avoidance' with build type 'ament_cmake'
[5.912s] INFO:colcon.colcon_cmake.task.cmake.build:Building CMake package in '/home/khaledob/bookros2_ws/src/book_ros2/br2_vff_avoidance'
[5.913s] INFO:colcon.colcon_core.shell:Skip shell extension 'powershell' for command environment: Not usable outside of PowerShell
[5.913s] DEBUG:colcon.colcon_core.shell:Skip shell extension 'dsv' for command environment
[5.926s] INFO:colcon.colcon_ros.task.ament_cmake.build:Building ROS package in '/home/khaledob/bookros2_ws/src/ThirdParty/Groot' with build type 'ament_cmake'
[5.926s] INFO:colcon.colcon_cmake.task.cmake.build:Building CMake package in '/home/khaledob/bookros2_ws/src/ThirdParty/Groot'
[5.927s] INFO:colcon.colcon_core.shell:Skip shell extension 'powershell' for command environment: Not usable outside of PowerShell
[5.928s] DEBUG:colcon.colcon_core.shell:Skip shell extension 'dsv' for command environment
[5.953s] DEBUG:colcon.colcon_core.event_handler.log_command:Invoked command in '/home/khaledob/bookros2_ws/build/br2_navigation' returned '0': CMAKE_PREFIX_PATH=/opt/ros/foxy /usr/bin/cmake --build /home/khaledob/bookros2_ws/build/br2_navigation -- -j7 -l7
[5.956s] DEBUG:colcon.colcon_core.event_handler.log_command:Invoking command in '/home/khaledob/bookros2_ws/build/br2_navigation': CMAKE_PREFIX_PATH=/opt/ros/foxy /usr/bin/cmake --install /home/khaledob/bookros2_ws/build/br2_navigation
[5.967s] DEBUG:colcon.colcon_core.event_handler.log_command:Invoked command in '/home/khaledob/bookros2_ws/build/br2_tiago' returned '0': CMAKE_PREFIX_PATH=/opt/ros/foxy /usr/bin/cmake --build /home/khaledob/bookros2_ws/build/br2_tiago -- -j7 -l7
[5.969s] DEBUG:colcon.colcon_core.event_handler.log_command:Invoking command in '/home/khaledob/bookros2_ws/build/br2_tiago': CMAKE_PREFIX_PATH=/opt/ros/foxy /usr/bin/cmake --install /home/khaledob/bookros2_ws/build/br2_tiago
[5.991s] DEBUG:colcon.colcon_core.event_handler.log_command:Invoked command in '/home/khaledob/bookros2_ws/build/br2_tf2_detector' returned '0': CMAKE_PREFIX_PATH=/opt/ros/foxy /usr/bin/cmake --build /home/khaledob/bookros2_ws/build/br2_tf2_detector -- -j7 -l7
[5.992s] DEBUG:colcon.colcon_core.event_handler.log_command:Invoking command in '/home/khaledob/bookros2_ws/build/br2_tf2_detector': CMAKE_PREFIX_PATH=/opt/ros/foxy /usr/bin/cmake --install /home/khaledob/bookros2_ws/build/br2_tf2_detector
[6.035s] DEBUG:colcon.colcon_core.event_handler.log_command:Invoking command in '/home/khaledob/bookros2_ws/build/controller_manager': AMENT_PREFIX_PATH=/home/khaledob/bookros2_ws/install/controller_interface:/home/khaledob/bookros2_ws/install/hardware_interface:/home/khaledob/bookros2_ws/install/ros2_control_test_assets:/home/khaledob/bookros2_ws/install/controller_manager_msgs:${AMENT_PREFIX_PATH} CMAKE_PREFIX_PATH=/home/khaledob/bookros2_ws/install/controller_interface:/home/khaledob/bookros2_ws/install/hardware_interface:/home/khaledob/bookros2_ws/install/ros2_control_test_assets:/home/khaledob/bookros2_ws/install/controller_manager_msgs:/opt/ros/foxy LD_LIBRARY_PATH=/home/khaledob/bookros2_ws/install/controller_interface/lib:/home/khaledob/bookros2_ws/install/hardware_interface/lib:/home/khaledob/bookros2_ws/install/controller_manager_msgs/lib:${LD_LIBRARY_PATH} PYTHONPATH=/home/khaledob/bookros2_ws/install/controller_manager_msgs/lib/python3.8/site-packages:${PYTHONPATH} /usr/bin/cmake --build /home/khaledob/bookros2_ws/build/controller_manager -- -j7 -l7
[6.053s] DEBUG:colcon.colcon_core.event_handler.log_command:Invoking command in '/home/khaledob/bookros2_ws/build/br2_vff_avoidance': CMAKE_PREFIX_PATH=/opt/ros/foxy /usr/bin/cmake --build /home/khaledob/bookros2_ws/build/br2_vff_avoidance -- -j7 -l7
[6.062s] DEBUG:colcon.colcon_core.event_handler.log_command:Invoking command in '/home/khaledob/bookros2_ws/build/groot': CMAKE_PREFIX_PATH=/opt/ros/foxy /usr/bin/cmake --build /home/khaledob/bookros2_ws/build/groot -- -j7 -l7
[6.067s] Level 1:colcon.colcon_core.environment:create_environment_scripts_only(br2_navigation)
[6.067s] Level 1:colcon.colcon_core.environment:checking '/home/khaledob/bookros2_ws/install/br2_navigation' for CMake module files
[6.072s] DEBUG:colcon.colcon_core.event_handler.log_command:Invoked command in '/home/khaledob/bookros2_ws/build/br2_navigation' returned '0': CMAKE_PREFIX_PATH=/opt/ros/foxy /usr/bin/cmake --install /home/khaledob/bookros2_ws/build/br2_navigation
[6.072s] Level 1:colcon.colcon_core.environment:checking '/home/khaledob/bookros2_ws/install/br2_navigation' for CMake config files
[6.073s] Level 1:colcon.colcon_core.shell:create_environment_hook('br2_navigation', 'cmake_prefix_path')
[6.073s] INFO:colcon.colcon_core.shell:Creating environment hook '/home/khaledob/bookros2_ws/install/br2_navigation/share/br2_navigation/hook/cmake_prefix_path.ps1'
[6.075s] INFO:colcon.colcon_core.shell:Creating environment descriptor '/home/khaledob/bookros2_ws/install/br2_navigation/share/br2_navigation/hook/cmake_prefix_path.dsv'
[6.076s] INFO:colcon.colcon_core.shell:Creating environment hook '/home/khaledob/bookros2_ws/install/br2_navigation/share/br2_navigation/hook/cmake_prefix_path.sh'
[6.078s] Level 1:colcon.colcon_core.environment:checking '/home/khaledob/bookros2_ws/install/br2_navigation/bin'
[6.078s] Level 1:colcon.colcon_core.environment:checking '/home/khaledob/bookros2_ws/install/br2_navigation/lib/pkgconfig/br2_navigation.pc'
[6.079s] Level 1:colcon.colcon_core.environment:checking '/home/khaledob/bookros2_ws/install/br2_navigation/lib/python3.8/site-packages'
[6.079s] Level 1:colcon.colcon_core.environment:checking '/home/khaledob/bookros2_ws/install/br2_navigation/bin'
[6.080s] INFO:colcon.colcon_core.shell:Creating package script '/home/khaledob/bookros2_ws/install/br2_navigation/share/br2_navigation/package.ps1'
[6.081s] INFO:colcon.colcon_core.shell:Creating package descriptor '/home/khaledob/bookros2_ws/install/br2_navigation/share/br2_navigation/package.dsv'
[6.083s] INFO:colcon.colcon_core.shell:Creating package script '/home/khaledob/bookros2_ws/install/br2_navigation/share/br2_navigation/package.sh'
[6.084s] INFO:colcon.colcon_core.shell:Creating package script '/home/khaledob/bookros2_ws/install/br2_navigation/share/br2_navigation/package.bash'
[6.085s] INFO:colcon.colcon_core.shell:Creating package script '/home/khaledob/bookros2_ws/install/br2_navigation/share/br2_navigation/package.zsh'
[6.087s] Level 1:colcon.colcon_core.environment:create_file_with_runtime_dependencies(/home/khaledob/bookros2_ws/install/br2_navigation/share/colcon-core/packages/br2_navigation)
[6.088s] Level 1:colcon.colcon_core.environment:create_environment_scripts_only(br2_navigation)
[6.089s] Level 1:colcon.colcon_core.environment:checking '/home/khaledob/bookros2_ws/install/br2_navigation' for CMake module files
[6.090s] Level 1:colcon.colcon_core.environment:checking '/home/khaledob/bookros2_ws/install/br2_navigation' for CMake config files
[6.091s] Level 1:colcon.colcon_core.shell:create_environment_hook('br2_navigation', 'cmake_prefix_path')
[6.091s] INFO:colcon.colcon_core.shell:Creating environment hook '/home/khaledob/bookros2_ws/install/br2_navigation/share/br2_navigation/hook/cmake_prefix_path.ps1'
[6.093s] INFO:colcon.colcon_core.shell:Creating environment descriptor '/home/khaledob/bookros2_ws/install/br2_navigation/share/br2_navigation/hook/cmake_prefix_path.dsv'
[6.095s] INFO:colcon.colcon_core.shell:Creating environment hook '/home/khaledob/bookros2_ws/install/br2_navigation/share/br2_navigation/hook/cmake_prefix_path.sh'
[6.097s] Level 1:colcon.colcon_core.environment:checking '/home/khaledob/bookros2_ws/install/br2_navigation/bin'
[6.098s] Level 1:colcon.colcon_core.environment:checking '/home/khaledob/bookros2_ws/install/br2_navigation/lib/pkgconfig/br2_navigation.pc'
[6.098s] Level 1:colcon.colcon_core.environment:checking '/home/khaledob/bookros2_ws/install/br2_navigation/lib/python3.8/site-packages'
[6.099s] Level 1:colcon.colcon_core.environment:checking '/home/khaledob/bookros2_ws/install/br2_navigation/bin'
[6.099s] INFO:colcon.colcon_core.shell:Creating package script '/home/khaledob/bookros2_ws/install/br2_navigation/share/br2_navigation/package.ps1'
[6.101s] INFO:colcon.colcon_core.shell:Creating package descriptor '/home/khaledob/bookros2_ws/install/br2_navigation/share/br2_navigation/package.dsv'
[6.103s] INFO:colcon.colcon_core.shell:Creating package script '/home/khaledob/bookros2_ws/install/br2_navigation/share/br2_navigation/package.sh'
[6.105s] INFO:colcon.colcon_core.shell:Creating package script '/home/khaledob/bookros2_ws/install/br2_navigation/share/br2_navigation/package.bash'
[6.106s] INFO:colcon.colcon_core.shell:Creating package script '/home/khaledob/bookros2_ws/install/br2_navigation/share/br2_navigation/package.zsh'
[6.108s] Level 1:colcon.colcon_core.environment:create_file_with_runtime_dependencies(/home/khaledob/bookros2_ws/install/br2_navigation/share/colcon-core/packages/br2_navigation)
[6.112s] INFO:colcon.colcon_ros.task.ament_cmake.build:Building ROS package in '/home/khaledob/bookros2_ws/src/task1' with build type 'ament_cmake'
[6.113s] INFO:colcon.colcon_cmake.task.cmake.build:Building CMake package in '/home/khaledob/bookros2_ws/src/task1'
[6.114s] INFO:colcon.colcon_core.shell:Skip shell extension 'powershell' for command environment: Not usable outside of PowerShell
[6.114s] DEBUG:colcon.colcon_core.shell:Skip shell extension 'dsv' for command environment
[6.123s] Level 1:colcon.colcon_core.environment:create_environment_scripts_only(br2_tiago)
[6.124s] Level 1:colcon.colcon_core.environment:checking '/home/khaledob/bookros2_ws/install/br2_tiago' for CMake module files
[6.125s] Level 1:colcon.colcon_core.environment:checking '/home/khaledob/bookros2_ws/install/br2_tiago' for CMake config files
[6.125s] Level 1:colcon.colcon_core.shell:create_environment_hook('br2_tiago', 'cmake_prefix_path')
[6.125s] INFO:colcon.colcon_core.shell:Creating environment hook '/home/khaledob/bookros2_ws/install/br2_tiago/share/br2_tiago/hook/cmake_prefix_path.ps1'
[6.126s] INFO:colcon.colcon_core.shell:Creating environment descriptor '/home/khaledob/bookros2_ws/install/br2_tiago/share/br2_tiago/hook/cmake_prefix_path.dsv'
[6.127s] DEBUG:colcon.colcon_core.event_handler.log_command:Invoked command in '/home/khaledob/bookros2_ws/build/br2_tiago' returned '0': CMAKE_PREFIX_PATH=/opt/ros/foxy /usr/bin/cmake --install /home/khaledob/bookros2_ws/build/br2_tiago
[6.128s] INFO:colcon.colcon_core.shell:Creating environment hook '/home/khaledob/bookros2_ws/install/br2_tiago/share/br2_tiago/hook/cmake_prefix_path.sh'
[6.130s] Level 1:colcon.colcon_core.environment:checking '/home/khaledob/bookros2_ws/install/br2_tiago/bin'
[6.130s] Level 1:colcon.colcon_core.environment:checking '/home/khaledob/bookros2_ws/install/br2_tiago/lib/pkgconfig/br2_tiago.pc'
[6.131s] Level 1:colcon.colcon_core.environment:checking '/home/khaledob/bookros2_ws/install/br2_tiago/lib/python3.8/site-packages'
[6.131s] Level 1:colcon.colcon_core.environment:checking '/home/khaledob/bookros2_ws/install/br2_tiago/bin'
[6.131s] INFO:colcon.colcon_core.shell:Creating package script '/home/khaledob/bookros2_ws/install/br2_tiago/share/br2_tiago/package.ps1'
[6.132s] INFO:colcon.colcon_core.shell:Creating package descriptor '/home/khaledob/bookros2_ws/install/br2_tiago/share/br2_tiago/package.dsv'
[6.134s] INFO:colcon.colcon_core.shell:Creating package script '/home/khaledob/bookros2_ws/install/br2_tiago/share/br2_tiago/package.sh'
[6.136s] INFO:colcon.colcon_core.shell:Creating package script '/home/khaledob/bookros2_ws/install/br2_tiago/share/br2_tiago/package.bash'
[6.137s] INFO:colcon.colcon_core.shell:Creating package script '/home/khaledob/bookros2_ws/install/br2_tiago/share/br2_tiago/package.zsh'
[6.140s] Level 1:colcon.colcon_core.environment:create_file_with_runtime_dependencies(/home/khaledob/bookros2_ws/install/br2_tiago/share/colcon-core/packages/br2_tiago)
[6.141s] Level 1:colcon.colcon_core.environment:create_environment_scripts_only(br2_tiago)
[6.142s] Level 1:colcon.colcon_core.environment:checking '/home/khaledob/bookros2_ws/install/br2_tiago' for CMake module files
[6.143s] Level 1:colcon.colcon_core.environment:checking '/home/khaledob/bookros2_ws/install/br2_tiago' for CMake config files
[6.144s] Level 1:colcon.colcon_core.shell:create_environment_hook('br2_tiago', 'cmake_prefix_path')
[6.145s] INFO:colcon.colcon_core.shell:Creating environment hook '/home/khaledob/bookros2_ws/install/br2_tiago/share/br2_tiago/hook/cmake_prefix_path.ps1'
[6.146s] INFO:colcon.colcon_core.shell:Creating environment descriptor '/home/khaledob/bookros2_ws/install/br2_tiago/share/br2_tiago/hook/cmake_prefix_path.dsv'
[6.148s] INFO:colcon.colcon_core.shell:Creating environment hook '/home/khaledob/bookros2_ws/install/br2_tiago/share/br2_tiago/hook/cmake_prefix_path.sh'
[6.150s] Level 1:colcon.colcon_core.environment:checking '/home/khaledob/bookros2_ws/install/br2_tiago/bin'
[6.150s] Level 1:colcon.colcon_core.environment:checking '/home/khaledob/bookros2_ws/install/br2_tiago/lib/pkgconfig/br2_tiago.pc'
[6.151s] Level 1:colcon.colcon_core.environment:checking '/home/khaledob/bookros2_ws/install/br2_tiago/lib/python3.8/site-packages'
[6.151s] Level 1:colcon.colcon_core.environment:checking '/home/khaledob/bookros2_ws/install/br2_tiago/bin'
[6.152s] INFO:colcon.colcon_core.shell:Creating package script '/home/khaledob/bookros2_ws/install/br2_tiago/share/br2_tiago/package.ps1'
[6.154s] INFO:colcon.colcon_core.shell:Creating package descriptor '/home/khaledob/bookros2_ws/install/br2_tiago/share/br2_tiago/package.dsv'
[6.158s] INFO:colcon.colcon_core.shell:Creating package script '/home/khaledob/bookros2_ws/install/br2_tiago/share/br2_tiago/package.sh'
[6.160s] INFO:colcon.colcon_core.shell:Creating package script '/home/khaledob/bookros2_ws/install/br2_tiago/share/br2_tiago/package.bash'
[6.161s] INFO:colcon.colcon_core.shell:Creating package script '/home/khaledob/bookros2_ws/install/br2_tiago/share/br2_tiago/package.zsh'
[6.163s] Level 1:colcon.colcon_core.environment:create_file_with_runtime_dependencies(/home/khaledob/bookros2_ws/install/br2_tiago/share/colcon-core/packages/br2_tiago)
[6.166s] Level 1:colcon.colcon_core.environment:create_environment_scripts_only(br2_tf2_detector)
[6.166s] DEBUG:colcon.colcon_core.event_handler.log_command:Invoked command in '/home/khaledob/bookros2_ws/build/br2_tf2_detector' returned '0': CMAKE_PREFIX_PATH=/opt/ros/foxy /usr/bin/cmake --install /home/khaledob/bookros2_ws/build/br2_tf2_detector
[6.167s] Level 1:colcon.colcon_core.environment:checking '/home/khaledob/bookros2_ws/install/br2_tf2_detector' for CMake module files
[6.168s] Level 1:colcon.colcon_core.environment:checking '/home/khaledob/bookros2_ws/install/br2_tf2_detector' for CMake config files
[6.169s] Level 1:colcon.colcon_core.shell:create_environment_hook('br2_tf2_detector', 'cmake_prefix_path')
[6.170s] INFO:colcon.colcon_core.shell:Creating environment hook '/home/khaledob/bookros2_ws/install/br2_tf2_detector/share/br2_tf2_detector/hook/cmake_prefix_path.ps1'
[6.172s] INFO:colcon.colcon_core.shell:Creating environment descriptor '/home/khaledob/bookros2_ws/install/br2_tf2_detector/share/br2_tf2_detector/hook/cmake_prefix_path.dsv'
[6.174s] INFO:colcon.colcon_core.shell:Creating environment hook '/home/khaledob/bookros2_ws/install/br2_tf2_detector/share/br2_tf2_detector/hook/cmake_prefix_path.sh'
[6.176s] Level 1:colcon.colcon_core.environment:checking '/home/khaledob/bookros2_ws/install/br2_tf2_detector/lib'
[6.176s] Level 1:colcon.colcon_core.shell:create_environment_hook('br2_tf2_detector', 'ld_library_path_lib')
[6.177s] INFO:colcon.colcon_core.shell:Creating environment hook '/home/khaledob/bookros2_ws/install/br2_tf2_detector/share/br2_tf2_detector/hook/ld_library_path_lib.ps1'
[6.179s] INFO:colcon.colcon_core.shell:Creating environment descriptor '/home/khaledob/bookros2_ws/install/br2_tf2_detector/share/br2_tf2_detector/hook/ld_library_path_lib.dsv'
[6.182s] INFO:colcon.colcon_core.shell:Creating environment hook '/home/khaledob/bookros2_ws/install/br2_tf2_detector/share/br2_tf2_detector/hook/ld_library_path_lib.sh'
[6.184s] Level 1:colcon.colcon_core.environment:checking '/home/khaledob/bookros2_ws/install/br2_tf2_detector/bin'
[6.185s] Level 1:colcon.colcon_core.environment:checking '/home/khaledob/bookros2_ws/install/br2_tf2_detector/lib/pkgconfig/br2_tf2_detector.pc'
[6.185s] Level 1:colcon.colcon_core.environment:checking '/home/khaledob/bookros2_ws/install/br2_tf2_detector/lib/python3.8/site-packages'
[6.186s] Level 1:colcon.colcon_core.environment:checking '/home/khaledob/bookros2_ws/install/br2_tf2_detector/bin'
[6.187s] INFO:colcon.colcon_core.shell:Creating package script '/home/khaledob/bookros2_ws/install/br2_tf2_detector/share/br2_tf2_detector/package.ps1'
[6.188s] INFO:colcon.colcon_core.shell:Creating package descriptor '/home/khaledob/bookros2_ws/install/br2_tf2_detector/share/br2_tf2_detector/package.dsv'
[6.190s] INFO:colcon.colcon_core.shell:Creating package script '/home/khaledob/bookros2_ws/install/br2_tf2_detector/share/br2_tf2_detector/package.sh'
[6.191s] INFO:colcon.colcon_core.shell:Creating package script '/home/khaledob/bookros2_ws/install/br2_tf2_detector/share/br2_tf2_detector/package.bash'
[6.193s] INFO:colcon.colcon_core.shell:Creating package script '/home/khaledob/bookros2_ws/install/br2_tf2_detector/share/br2_tf2_detector/package.zsh'
[6.195s] Level 1:colcon.colcon_core.environment:create_file_with_runtime_dependencies(/home/khaledob/bookros2_ws/install/br2_tf2_detector/share/colcon-core/packages/br2_tf2_detector)
[6.208s] Level 1:colcon.colcon_core.environment:create_environment_scripts_only(br2_tf2_detector)
[6.214s] Level 1:colcon.colcon_core.environment:checking '/home/khaledob/bookros2_ws/install/br2_tf2_detector' for CMake module files
[6.222s] Level 1:colcon.colcon_core.environment:checking '/home/khaledob/bookros2_ws/install/br2_tf2_detector' for CMake config files
[6.240s] Level 1:colcon.colcon_core.shell:create_environment_hook('br2_tf2_detector', 'cmake_prefix_path')
[6.242s] INFO:colcon.colcon_core.shell:Creating environment hook '/home/khaledob/bookros2_ws/install/br2_tf2_detector/share/br2_tf2_detector/hook/cmake_prefix_path.ps1'
[6.245s] INFO:colcon.colcon_core.shell:Creating environment descriptor '/home/khaledob/bookros2_ws/install/br2_tf2_detector/share/br2_tf2_detector/hook/cmake_prefix_path.dsv'
[6.249s] INFO:colcon.colcon_core.shell:Creating environment hook '/home/khaledob/bookros2_ws/install/br2_tf2_detector/share/br2_tf2_detector/hook/cmake_prefix_path.sh'
[6.254s] Level 1:colcon.colcon_core.environment:checking '/home/khaledob/bookros2_ws/install/br2_tf2_detector/lib'
[6.256s] Level 1:colcon.colcon_core.shell:create_environment_hook('br2_tf2_detector', 'ld_library_path_lib')
[6.256s] INFO:colcon.colcon_core.shell:Creating environment hook '/home/khaledob/bookros2_ws/install/br2_tf2_detector/share/br2_tf2_detector/hook/ld_library_path_lib.ps1'
[6.257s] INFO:colcon.colcon_core.shell:Creating environment descriptor '/home/khaledob/bookros2_ws/install/br2_tf2_detector/share/br2_tf2_detector/hook/ld_library_path_lib.dsv'
[6.260s] INFO:colcon.colcon_core.shell:Creating environment hook '/home/khaledob/bookros2_ws/install/br2_tf2_detector/share/br2_tf2_detector/hook/ld_library_path_lib.sh'
[6.263s] Level 1:colcon.colcon_core.environment:checking '/home/khaledob/bookros2_ws/install/br2_tf2_detector/bin'
[6.263s] Level 1:colcon.colcon_core.environment:checking '/home/khaledob/bookros2_ws/install/br2_tf2_detector/lib/pkgconfig/br2_tf2_detector.pc'
[6.263s] Level 1:colcon.colcon_core.environment:checking '/home/khaledob/bookros2_ws/install/br2_tf2_detector/lib/python3.8/site-packages'
[6.264s] Level 1:colcon.colcon_core.environment:checking '/home/khaledob/bookros2_ws/install/br2_tf2_detector/bin'
[6.266s] INFO:colcon.colcon_core.shell:Creating package script '/home/khaledob/bookros2_ws/install/br2_tf2_detector/share/br2_tf2_detector/package.ps1'
[6.268s] INFO:colcon.colcon_core.shell:Creating package descriptor '/home/khaledob/bookros2_ws/install/br2_tf2_detector/share/br2_tf2_detector/package.dsv'
[6.270s] INFO:colcon.colcon_core.shell:Creating package script '/home/khaledob/bookros2_ws/install/br2_tf2_detector/share/br2_tf2_detector/package.sh'
[6.273s] INFO:colcon.colcon_core.shell:Creating package script '/home/khaledob/bookros2_ws/install/br2_tf2_detector/share/br2_tf2_detector/package.bash'
[6.275s] INFO:colcon.colcon_core.shell:Creating package script '/home/khaledob/bookros2_ws/install/br2_tf2_detector/share/br2_tf2_detector/package.zsh'
[6.276s] Level 1:colcon.colcon_core.environment:create_file_with_runtime_dependencies(/home/khaledob/bookros2_ws/install/br2_tf2_detector/share/colcon-core/packages/br2_tf2_detector)
[6.286s] INFO:colcon.colcon_ros.task.ament_cmake.build:Building ROS package in '/home/khaledob/bookros2_ws/src/book_ros2/br2_tracking' with build type 'ament_cmake'
[6.288s] INFO:colcon.colcon_cmake.task.cmake.build:Building CMake package in '/home/khaledob/bookros2_ws/src/book_ros2/br2_tracking'
[6.289s] INFO:colcon.colcon_core.shell:Skip shell extension 'powershell' for command environment: Not usable outside of PowerShell
[6.289s] DEBUG:colcon.colcon_core.shell:Skip shell extension 'dsv' for command environment
[6.302s] INFO:colcon.colcon_ros.task.ament_cmake.build:Building ROS package in '/home/khaledob/bookros2_ws/src/ThirdParty/pmb2_navigation/pmb2_navigation' with build type 'ament_cmake'
[6.302s] INFO:colcon.colcon_cmake.task.cmake.build:Building CMake package in '/home/khaledob/bookros2_ws/src/ThirdParty/pmb2_navigation/pmb2_navigation'
[6.305s] INFO:colcon.colcon_core.shell:Skip shell extension 'powershell' for command environment: Not usable outside of PowerShell
[6.305s] DEBUG:colcon.colcon_core.shell:Skip shell extension 'dsv' for command environment
[6.352s] DEBUG:colcon.colcon_core.event_handler.log_command:Invoking command in '/home/khaledob/bookros2_ws/build/br2_fsm_bumpgo_py': PYTHONPATH=/home/khaledob/bookros2_ws/build/br2_fsm_bumpgo_py/prefix_override:/usr/lib/python3/dist-packages/colcon_core/task/python/colcon_distutils_commands:/home/khaledob/bookros2_ws/install/br2_fsm_bumpgo_py/lib/python3.8/site-packages:${PYTHONPATH} /usr/bin/python3 -W ignore:setup.py install is deprecated -W ignore:easy_install command is deprecated setup.py develop --editable --build-directory /home/khaledob/bookros2_ws/build/br2_fsm_bumpgo_py/build --no-deps symlink_data
[6.381s] DEBUG:colcon.colcon_core.event_handler.log_command:Invoking command in '/home/khaledob/bookros2_ws/build/task1': CMAKE_PREFIX_PATH=/opt/ros/foxy /usr/bin/cmake --build /home/khaledob/bookros2_ws/build/task1 -- -j7 -l7
[6.412s] DEBUG:colcon.colcon_core.event_handler.log_command:Invoking command in '/home/khaledob/bookros2_ws/build/br2_tracking': AMENT_PREFIX_PATH=/home/khaledob/bookros2_ws/install/br2_tracking_msgs:${AMENT_PREFIX_PATH} CMAKE_PREFIX_PATH=/home/khaledob/bookros2_ws/install/br2_tracking_msgs:/opt/ros/foxy LD_LIBRARY_PATH=/home/khaledob/bookros2_ws/install/br2_tracking_msgs/lib:${LD_LIBRARY_PATH} PYTHONPATH=/home/khaledob/bookros2_ws/install/br2_tracking_msgs/lib/python3.8/site-packages:${PYTHONPATH} /usr/bin/cmake --build /home/khaledob/bookros2_ws/build/br2_tracking -- -j7 -l7
[6.426s] DEBUG:colcon.colcon_core.event_handler.log_command:Invoking command in '/home/khaledob/bookros2_ws/build/pmb2_navigation': AMENT_PREFIX_PATH=/home/khaledob/bookros2_ws/install/pmb2_2dnav:/home/khaledob/bookros2_ws/install/pmb2_maps:${AMENT_PREFIX_PATH} CMAKE_PREFIX_PATH=/home/khaledob/bookros2_ws/install/pmb2_2dnav:/home/khaledob/bookros2_ws/install/pmb2_maps:/opt/ros/foxy /usr/bin/cmake --build /home/khaledob/bookros2_ws/build/pmb2_navigation -- -j7 -l7
[6.519s] DEBUG:colcon.colcon_core.event_handler.log_command:Invoked command in '/home/khaledob/bookros2_ws/build/br2_vff_avoidance' returned '0': CMAKE_PREFIX_PATH=/opt/ros/foxy /usr/bin/cmake --build /home/khaledob/bookros2_ws/build/br2_vff_avoidance -- -j7 -l7
[6.532s] DEBUG:colcon.colcon_core.event_handler.log_command:Invoking command in '/home/khaledob/bookros2_ws/build/br2_vff_avoidance': CMAKE_PREFIX_PATH=/opt/ros/foxy /usr/bin/cmake --install /home/khaledob/bookros2_ws/build/br2_vff_avoidance
[6.678s] DEBUG:colcon.colcon_core.event_handler.log_command:Invoked command in '/home/khaledob/bookros2_ws/build/pmb2_navigation' returned '0': AMENT_PREFIX_PATH=/home/khaledob/bookros2_ws/install/pmb2_2dnav:/home/khaledob/bookros2_ws/install/pmb2_maps:${AMENT_PREFIX_PATH} CMAKE_PREFIX_PATH=/home/khaledob/bookros2_ws/install/pmb2_2dnav:/home/khaledob/bookros2_ws/install/pmb2_maps:/opt/ros/foxy /usr/bin/cmake --build /home/khaledob/bookros2_ws/build/pmb2_navigation -- -j7 -l7
[6.680s] DEBUG:colcon.colcon_core.event_handler.log_command:Invoking command in '/home/khaledob/bookros2_ws/build/pmb2_navigation': AMENT_PREFIX_PATH=/home/khaledob/bookros2_ws/install/pmb2_2dnav:/home/khaledob/bookros2_ws/install/pmb2_maps:${AMENT_PREFIX_PATH} CMAKE_PREFIX_PATH=/home/khaledob/bookros2_ws/install/pmb2_2dnav:/home/khaledob/bookros2_ws/install/pmb2_maps:/opt/ros/foxy /usr/bin/cmake --install /home/khaledob/bookros2_ws/build/pmb2_navigation
[6.729s] Level 1:colcon.colcon_core.environment:create_environment_scripts_only(br2_vff_avoidance)
[6.730s] Level 1:colcon.colcon_core.environment:checking '/home/khaledob/bookros2_ws/install/br2_vff_avoidance' for CMake module files
[6.731s] Level 1:colcon.colcon_core.environment:checking '/home/khaledob/bookros2_ws/install/br2_vff_avoidance' for CMake config files
[6.731s] Level 1:colcon.colcon_core.shell:create_environment_hook('br2_vff_avoidance', 'cmake_prefix_path')
[6.732s] INFO:colcon.colcon_core.shell:Creating environment hook '/home/khaledob/bookros2_ws/install/br2_vff_avoidance/share/br2_vff_avoidance/hook/cmake_prefix_path.ps1'
[6.733s] INFO:colcon.colcon_core.shell:Creating environment descriptor '/home/khaledob/bookros2_ws/install/br2_vff_avoidance/share/br2_vff_avoidance/hook/cmake_prefix_path.dsv'
[6.744s] DEBUG:colcon.colcon_core.event_handler.log_command:Invoked command in '/home/khaledob/bookros2_ws/build/br2_vff_avoidance' returned '0': CMAKE_PREFIX_PATH=/opt/ros/foxy /usr/bin/cmake --install /home/khaledob/bookros2_ws/build/br2_vff_avoidance
[6.746s] INFO:colcon.colcon_core.shell:Creating environment hook '/home/khaledob/bookros2_ws/install/br2_vff_avoidance/share/br2_vff_avoidance/hook/cmake_prefix_path.sh'
[6.749s] Level 1:colcon.colcon_core.environment:checking '/home/khaledob/bookros2_ws/install/br2_vff_avoidance/lib'
[6.749s] Level 1:colcon.colcon_core.shell:create_environment_hook('br2_vff_avoidance', 'ld_library_path_lib')
[6.750s] INFO:colcon.colcon_core.shell:Creating environment hook '/home/khaledob/bookros2_ws/install/br2_vff_avoidance/share/br2_vff_avoidance/hook/ld_library_path_lib.ps1'
[6.751s] INFO:colcon.colcon_core.shell:Creating environment descriptor '/home/khaledob/bookros2_ws/install/br2_vff_avoidance/share/br2_vff_avoidance/hook/ld_library_path_lib.dsv'
[6.753s] INFO:colcon.colcon_core.shell:Creating environment hook '/home/khaledob/bookros2_ws/install/br2_vff_avoidance/share/br2_vff_avoidance/hook/ld_library_path_lib.sh'
[6.755s] Level 1:colcon.colcon_core.environment:checking '/home/khaledob/bookros2_ws/install/br2_vff_avoidance/bin'
[6.757s] Level 1:colcon.colcon_core.environment:checking '/home/khaledob/bookros2_ws/install/br2_vff_avoidance/lib/pkgconfig/br2_vff_avoidance.pc'
[6.771s] Level 1:colcon.colcon_core.environment:checking '/home/khaledob/bookros2_ws/install/br2_vff_avoidance/lib/python3.8/site-packages'
[6.771s] Level 1:colcon.colcon_core.environment:checking '/home/khaledob/bookros2_ws/install/br2_vff_avoidance/bin'
[6.773s] INFO:colcon.colcon_core.shell:Creating package script '/home/khaledob/bookros2_ws/install/br2_vff_avoidance/share/br2_vff_avoidance/package.ps1'
[6.775s] INFO:colcon.colcon_core.shell:Creating package descriptor '/home/khaledob/bookros2_ws/install/br2_vff_avoidance/share/br2_vff_avoidance/package.dsv'
[6.778s] INFO:colcon.colcon_core.shell:Creating package script '/home/khaledob/bookros2_ws/install/br2_vff_avoidance/share/br2_vff_avoidance/package.sh'
[6.780s] INFO:colcon.colcon_core.shell:Creating package script '/home/khaledob/bookros2_ws/install/br2_vff_avoidance/share/br2_vff_avoidance/package.bash'
[6.782s] INFO:colcon.colcon_core.shell:Creating package script '/home/khaledob/bookros2_ws/install/br2_vff_avoidance/share/br2_vff_avoidance/package.zsh'
[6.788s] Level 1:colcon.colcon_core.environment:create_file_with_runtime_dependencies(/home/khaledob/bookros2_ws/install/br2_vff_avoidance/share/colcon-core/packages/br2_vff_avoidance)
[6.793s] Level 1:colcon.colcon_core.environment:create_environment_scripts_only(br2_vff_avoidance)
[6.794s] Level 1:colcon.colcon_core.environment:checking '/home/khaledob/bookros2_ws/install/br2_vff_avoidance' for CMake module files
[6.794s] Level 1:colcon.colcon_core.environment:checking '/home/khaledob/bookros2_ws/install/br2_vff_avoidance' for CMake config files
[6.795s] Level 1:colcon.colcon_core.shell:create_environment_hook('br2_vff_avoidance', 'cmake_prefix_path')
[6.795s] INFO:colcon.colcon_core.shell:Creating environment hook '/home/khaledob/bookros2_ws/install/br2_vff_avoidance/share/br2_vff_avoidance/hook/cmake_prefix_path.ps1'
[6.796s] INFO:colcon.colcon_core.shell:Creating environment descriptor '/home/khaledob/bookros2_ws/install/br2_vff_avoidance/share/br2_vff_avoidance/hook/cmake_prefix_path.dsv'
[6.799s] INFO:colcon.colcon_core.shell:Creating environment hook '/home/khaledob/bookros2_ws/install/br2_vff_avoidance/share/br2_vff_avoidance/hook/cmake_prefix_path.sh'
[6.810s] Level 1:colcon.colcon_core.environment:checking '/home/khaledob/bookros2_ws/install/br2_vff_avoidance/lib'
[6.810s] Level 1:colcon.colcon_core.shell:create_environment_hook('br2_vff_avoidance', 'ld_library_path_lib')
[6.811s] INFO:colcon.colcon_core.shell:Creating environment hook '/home/khaledob/bookros2_ws/install/br2_vff_avoidance/share/br2_vff_avoidance/hook/ld_library_path_lib.ps1'
[6.812s] INFO:colcon.colcon_core.shell:Creating environment descriptor '/home/khaledob/bookros2_ws/install/br2_vff_avoidance/share/br2_vff_avoidance/hook/ld_library_path_lib.dsv'
[6.813s] INFO:colcon.colcon_core.shell:Creating environment hook '/home/khaledob/bookros2_ws/install/br2_vff_avoidance/share/br2_vff_avoidance/hook/ld_library_path_lib.sh'
[6.814s] Level 1:colcon.colcon_core.environment:checking '/home/khaledob/bookros2_ws/install/br2_vff_avoidance/bin'
[6.814s] Level 1:colcon.colcon_core.environment:checking '/home/khaledob/bookros2_ws/install/br2_vff_avoidance/lib/pkgconfig/br2_vff_avoidance.pc'
[6.815s] Level 1:colcon.colcon_core.environment:checking '/home/khaledob/bookros2_ws/install/br2_vff_avoidance/lib/python3.8/site-packages'
[6.815s] Level 1:colcon.colcon_core.environment:checking '/home/khaledob/bookros2_ws/install/br2_vff_avoidance/bin'
[6.816s] INFO:colcon.colcon_core.shell:Creating package script '/home/khaledob/bookros2_ws/install/br2_vff_avoidance/share/br2_vff_avoidance/package.ps1'
[6.817s] INFO:colcon.colcon_core.shell:Creating package descriptor '/home/khaledob/bookros2_ws/install/br2_vff_avoidance/share/br2_vff_avoidance/package.dsv'
[6.818s] INFO:colcon.colcon_core.shell:Creating package script '/home/khaledob/bookros2_ws/install/br2_vff_avoidance/share/br2_vff_avoidance/package.sh'
[6.824s] INFO:colcon.colcon_core.shell:Creating package script '/home/khaledob/bookros2_ws/install/br2_vff_avoidance/share/br2_vff_avoidance/package.bash'
[6.827s] INFO:colcon.colcon_core.shell:Creating package script '/home/khaledob/bookros2_ws/install/br2_vff_avoidance/share/br2_vff_avoidance/package.zsh'
[6.842s] Level 1:colcon.colcon_core.environment:create_file_with_runtime_dependencies(/home/khaledob/bookros2_ws/install/br2_vff_avoidance/share/colcon-core/packages/br2_vff_avoidance)
[6.856s] INFO:colcon.colcon_ros.task.ament_cmake.build:Building ROS package in '/home/khaledob/bookros2_ws/src/ThirdParty/ros2_control/transmission_interface' with build type 'ament_cmake'
[6.857s] INFO:colcon.colcon_cmake.task.cmake.build:Building CMake package in '/home/khaledob/bookros2_ws/src/ThirdParty/ros2_control/transmission_interface'
[6.858s] INFO:colcon.colcon_core.shell:Skip shell extension 'powershell' for command environment: Not usable outside of PowerShell
[6.859s] DEBUG:colcon.colcon_core.shell:Skip shell extension 'dsv' for command environment
[6.924s] Level 1:colcon.colcon_core.environment:create_environment_scripts_only(pmb2_navigation)
[6.925s] Level 1:colcon.colcon_core.environment:checking '/home/khaledob/bookros2_ws/install/pmb2_navigation' for CMake module files
[6.926s] Level 1:colcon.colcon_core.environment:checking '/home/khaledob/bookros2_ws/install/pmb2_navigation' for CMake config files
[6.927s] Level 1:colcon.colcon_core.shell:create_environment_hook('pmb2_navigation', 'cmake_prefix_path')
[6.928s] INFO:colcon.colcon_core.shell:Creating environment hook '/home/khaledob/bookros2_ws/install/pmb2_navigation/share/pmb2_navigation/hook/cmake_prefix_path.ps1'
[6.933s] DEBUG:colcon.colcon_core.event_handler.log_command:Invoked command in '/home/khaledob/bookros2_ws/build/pmb2_navigation' returned '0': AMENT_PREFIX_PATH=/home/khaledob/bookros2_ws/install/pmb2_2dnav:/home/khaledob/bookros2_ws/install/pmb2_maps:${AMENT_PREFIX_PATH} CMAKE_PREFIX_PATH=/home/khaledob/bookros2_ws/install/pmb2_2dnav:/home/khaledob/bookros2_ws/install/pmb2_maps:/opt/ros/foxy /usr/bin/cmake --install /home/khaledob/bookros2_ws/build/pmb2_navigation
[6.934s] INFO:colcon.colcon_core.shell:Creating environment descriptor '/home/khaledob/bookros2_ws/install/pmb2_navigation/share/pmb2_navigation/hook/cmake_prefix_path.dsv'
[6.937s] INFO:colcon.colcon_core.shell:Creating environment hook '/home/khaledob/bookros2_ws/install/pmb2_navigation/share/pmb2_navigation/hook/cmake_prefix_path.sh'
[6.944s] Level 1:colcon.colcon_core.environment:checking '/home/khaledob/bookros2_ws/install/pmb2_navigation/bin'
[6.949s] Level 1:colcon.colcon_core.environment:checking '/home/khaledob/bookros2_ws/install/pmb2_navigation/lib/pkgconfig/pmb2_navigation.pc'
[6.949s] Level 1:colcon.colcon_core.environment:checking '/home/khaledob/bookros2_ws/install/pmb2_navigation/lib/python3.8/site-packages'
[6.950s] Level 1:colcon.colcon_core.environment:checking '/home/khaledob/bookros2_ws/install/pmb2_navigation/bin'
[6.950s] INFO:colcon.colcon_core.shell:Creating package script '/home/khaledob/bookros2_ws/install/pmb2_navigation/share/pmb2_navigation/package.ps1'
[6.952s] INFO:colcon.colcon_core.shell:Creating package descriptor '/home/khaledob/bookros2_ws/install/pmb2_navigation/share/pmb2_navigation/package.dsv'
[6.954s] INFO:colcon.colcon_core.shell:Creating package script '/home/khaledob/bookros2_ws/install/pmb2_navigation/share/pmb2_navigation/package.sh'
[6.961s] INFO:colcon.colcon_core.shell:Creating package script '/home/khaledob/bookros2_ws/install/pmb2_navigation/share/pmb2_navigation/package.bash'
[6.963s] INFO:colcon.colcon_core.shell:Creating package script '/home/khaledob/bookros2_ws/install/pmb2_navigation/share/pmb2_navigation/package.zsh'
[6.965s] Level 1:colcon.colcon_core.environment:create_file_with_runtime_dependencies(/home/khaledob/bookros2_ws/install/pmb2_navigation/share/colcon-core/packages/pmb2_navigation)
[6.969s] Level 1:colcon.colcon_core.environment:create_environment_scripts_only(pmb2_navigation)
[6.969s] Level 1:colcon.colcon_core.environment:checking '/home/khaledob/bookros2_ws/install/pmb2_navigation' for CMake module files
[6.970s] Level 1:colcon.colcon_core.environment:checking '/home/khaledob/bookros2_ws/install/pmb2_navigation' for CMake config files
[6.971s] Level 1:colcon.colcon_core.shell:create_environment_hook('pmb2_navigation', 'cmake_prefix_path')
[6.971s] INFO:colcon.colcon_core.shell:Creating environment hook '/home/khaledob/bookros2_ws/install/pmb2_navigation/share/pmb2_navigation/hook/cmake_prefix_path.ps1'
[6.973s] INFO:colcon.colcon_core.shell:Creating environment descriptor '/home/khaledob/bookros2_ws/install/pmb2_navigation/share/pmb2_navigation/hook/cmake_prefix_path.dsv'
[6.975s] INFO:colcon.colcon_core.shell:Creating environment hook '/home/khaledob/bookros2_ws/install/pmb2_navigation/share/pmb2_navigation/hook/cmake_prefix_path.sh'
[6.977s] Level 1:colcon.colcon_core.environment:checking '/home/khaledob/bookros2_ws/install/pmb2_navigation/bin'
[6.978s] Level 1:colcon.colcon_core.environment:checking '/home/khaledob/bookros2_ws/install/pmb2_navigation/lib/pkgconfig/pmb2_navigation.pc'
[6.978s] Level 1:colcon.colcon_core.environment:checking '/home/khaledob/bookros2_ws/install/pmb2_navigation/lib/python3.8/site-packages'
[6.979s] Level 1:colcon.colcon_core.environment:checking '/home/khaledob/bookros2_ws/install/pmb2_navigation/bin'
[6.979s] INFO:colcon.colcon_core.shell:Creating package script '/home/khaledob/bookros2_ws/install/pmb2_navigation/share/pmb2_navigation/package.ps1'
[6.981s] INFO:colcon.colcon_core.shell:Creating package descriptor '/home/khaledob/bookros2_ws/install/pmb2_navigation/share/pmb2_navigation/package.dsv'
[6.985s] INFO:colcon.colcon_core.shell:Creating package script '/home/khaledob/bookros2_ws/install/pmb2_navigation/share/pmb2_navigation/package.sh'
[6.987s] INFO:colcon.colcon_core.shell:Creating package script '/home/khaledob/bookros2_ws/install/pmb2_navigation/share/pmb2_navigation/package.bash'
[6.994s] INFO:colcon.colcon_core.shell:Creating package script '/home/khaledob/bookros2_ws/install/pmb2_navigation/share/pmb2_navigation/package.zsh'
[6.996s] Level 1:colcon.colcon_core.environment:create_file_with_runtime_dependencies(/home/khaledob/bookros2_ws/install/pmb2_navigation/share/colcon-core/packages/pmb2_navigation)
[7.007s] DEBUG:colcon.colcon_core.event_handler.log_command:Invoking command in '/home/khaledob/bookros2_ws/build/transmission_interface': AMENT_PREFIX_PATH=/home/khaledob/bookros2_ws/install/hardware_interface:/home/khaledob/bookros2_ws/install/ros2_control_test_assets:${AMENT_PREFIX_PATH} CMAKE_PREFIX_PATH=/home/khaledob/bookros2_ws/install/hardware_interface:/home/khaledob/bookros2_ws/install/ros2_control_test_assets:/opt/ros/foxy LD_LIBRARY_PATH=/home/khaledob/bookros2_ws/install/hardware_interface/lib:${LD_LIBRARY_PATH} /usr/bin/cmake --build /home/khaledob/bookros2_ws/build/transmission_interface -- -j7 -l7
[7.118s] DEBUG:colcon.colcon_core.event_handler.log_command:Invoked command in '/home/khaledob/bookros2_ws/build/controller_manager' returned '0': AMENT_PREFIX_PATH=/home/khaledob/bookros2_ws/install/controller_interface:/home/khaledob/bookros2_ws/install/hardware_interface:/home/khaledob/bookros2_ws/install/ros2_control_test_assets:/home/khaledob/bookros2_ws/install/controller_manager_msgs:${AMENT_PREFIX_PATH} CMAKE_PREFIX_PATH=/home/khaledob/bookros2_ws/install/controller_interface:/home/khaledob/bookros2_ws/install/hardware_interface:/home/khaledob/bookros2_ws/install/ros2_control_test_assets:/home/khaledob/bookros2_ws/install/controller_manager_msgs:/opt/ros/foxy LD_LIBRARY_PATH=/home/khaledob/bookros2_ws/install/controller_interface/lib:/home/khaledob/bookros2_ws/install/hardware_interface/lib:/home/khaledob/bookros2_ws/install/controller_manager_msgs/lib:${LD_LIBRARY_PATH} PYTHONPATH=/home/khaledob/bookros2_ws/install/controller_manager_msgs/lib/python3.8/site-packages:${PYTHONPATH} /usr/bin/cmake --build /home/khaledob/bookros2_ws/build/controller_manager -- -j7 -l7
[7.160s] DEBUG:colcon.colcon_core.event_handler.log_command:Invoking command in '/home/khaledob/bookros2_ws/build/controller_manager': AMENT_PREFIX_PATH=/home/khaledob/bookros2_ws/install/controller_interface:/home/khaledob/bookros2_ws/install/hardware_interface:/home/khaledob/bookros2_ws/install/ros2_control_test_assets:/home/khaledob/bookros2_ws/install/controller_manager_msgs:${AMENT_PREFIX_PATH} CMAKE_PREFIX_PATH=/home/khaledob/bookros2_ws/install/controller_interface:/home/khaledob/bookros2_ws/install/hardware_interface:/home/khaledob/bookros2_ws/install/ros2_control_test_assets:/home/khaledob/bookros2_ws/install/controller_manager_msgs:/opt/ros/foxy LD_LIBRARY_PATH=/home/khaledob/bookros2_ws/install/controller_interface/lib:/home/khaledob/bookros2_ws/install/hardware_interface/lib:/home/khaledob/bookros2_ws/install/controller_manager_msgs/lib:${LD_LIBRARY_PATH} PYTHONPATH=/home/khaledob/bookros2_ws/install/controller_manager_msgs/lib/python3.8/site-packages:${PYTHONPATH} /usr/bin/cmake --install /home/khaledob/bookros2_ws/build/controller_manager
[7.197s] DEBUG:colcon.colcon_core.event_handler.log_command:Invoked command in '/home/khaledob/bookros2_ws/build/br2_tracking' returned '0': AMENT_PREFIX_PATH=/home/khaledob/bookros2_ws/install/br2_tracking_msgs:${AMENT_PREFIX_PATH} CMAKE_PREFIX_PATH=/home/khaledob/bookros2_ws/install/br2_tracking_msgs:/opt/ros/foxy LD_LIBRARY_PATH=/home/khaledob/bookros2_ws/install/br2_tracking_msgs/lib:${LD_LIBRARY_PATH} PYTHONPATH=/home/khaledob/bookros2_ws/install/br2_tracking_msgs/lib/python3.8/site-packages:${PYTHONPATH} /usr/bin/cmake --build /home/khaledob/bookros2_ws/build/br2_tracking -- -j7 -l7
[7.200s] DEBUG:colcon.colcon_core.event_handler.log_command:Invoking command in '/home/khaledob/bookros2_ws/build/br2_tracking': AMENT_PREFIX_PATH=/home/khaledob/bookros2_ws/install/br2_tracking_msgs:${AMENT_PREFIX_PATH} CMAKE_PREFIX_PATH=/home/khaledob/bookros2_ws/install/br2_tracking_msgs:/opt/ros/foxy LD_LIBRARY_PATH=/home/khaledob/bookros2_ws/install/br2_tracking_msgs/lib:${LD_LIBRARY_PATH} PYTHONPATH=/home/khaledob/bookros2_ws/install/br2_tracking_msgs/lib/python3.8/site-packages:${PYTHONPATH} /usr/bin/cmake --install /home/khaledob/bookros2_ws/build/br2_tracking
[7.413s] Level 1:colcon.colcon_core.environment:create_environment_scripts_only(br2_tracking)
[7.414s] DEBUG:colcon.colcon_core.event_handler.log_command:Invoked command in '/home/khaledob/bookros2_ws/build/br2_tracking' returned '0': AMENT_PREFIX_PATH=/home/khaledob/bookros2_ws/install/br2_tracking_msgs:${AMENT_PREFIX_PATH} CMAKE_PREFIX_PATH=/home/khaledob/bookros2_ws/install/br2_tracking_msgs:/opt/ros/foxy LD_LIBRARY_PATH=/home/khaledob/bookros2_ws/install/br2_tracking_msgs/lib:${LD_LIBRARY_PATH} PYTHONPATH=/home/khaledob/bookros2_ws/install/br2_tracking_msgs/lib/python3.8/site-packages:${PYTHONPATH} /usr/bin/cmake --install /home/khaledob/bookros2_ws/build/br2_tracking
[7.415s] Level 1:colcon.colcon_core.environment:checking '/home/khaledob/bookros2_ws/install/br2_tracking' for CMake module files
[7.417s] Level 1:colcon.colcon_core.environment:checking '/home/khaledob/bookros2_ws/install/br2_tracking' for CMake config files
[7.417s] Level 1:colcon.colcon_core.shell:create_environment_hook('br2_tracking', 'cmake_prefix_path')
[7.418s] INFO:colcon.colcon_core.shell:Creating environment hook '/home/khaledob/bookros2_ws/install/br2_tracking/share/br2_tracking/hook/cmake_prefix_path.ps1'
[7.419s] INFO:colcon.colcon_core.shell:Creating environment descriptor '/home/khaledob/bookros2_ws/install/br2_tracking/share/br2_tracking/hook/cmake_prefix_path.dsv'
[7.420s] INFO:colcon.colcon_core.shell:Creating environment hook '/home/khaledob/bookros2_ws/install/br2_tracking/share/br2_tracking/hook/cmake_prefix_path.sh'
[7.426s] Level 1:colcon.colcon_core.environment:checking '/home/khaledob/bookros2_ws/install/br2_tracking/lib'
[7.426s] Level 1:colcon.colcon_core.shell:create_environment_hook('br2_tracking', 'ld_library_path_lib')
[7.427s] INFO:colcon.colcon_core.shell:Creating environment hook '/home/khaledob/bookros2_ws/install/br2_tracking/share/br2_tracking/hook/ld_library_path_lib.ps1'
[7.444s] INFO:colcon.colcon_core.shell:Creating environment descriptor '/home/khaledob/bookros2_ws/install/br2_tracking/share/br2_tracking/hook/ld_library_path_lib.dsv'
[7.446s] INFO:colcon.colcon_core.shell:Creating environment hook '/home/khaledob/bookros2_ws/install/br2_tracking/share/br2_tracking/hook/ld_library_path_lib.sh'
[7.449s] Level 1:colcon.colcon_core.environment:checking '/home/khaledob/bookros2_ws/install/br2_tracking/bin'
[7.454s] Level 1:colcon.colcon_core.environment:checking '/home/khaledob/bookros2_ws/install/br2_tracking/lib/pkgconfig/br2_tracking.pc'
[7.455s] Level 1:colcon.colcon_core.environment:checking '/home/khaledob/bookros2_ws/install/br2_tracking/lib/python3.8/site-packages'
[7.455s] Level 1:colcon.colcon_core.environment:checking '/home/khaledob/bookros2_ws/install/br2_tracking/bin'
[7.456s] INFO:colcon.colcon_core.shell:Creating package script '/home/khaledob/bookros2_ws/install/br2_tracking/share/br2_tracking/package.ps1'
[7.487s] INFO:colcon.colcon_core.shell:Creating package descriptor '/home/khaledob/bookros2_ws/install/br2_tracking/share/br2_tracking/package.dsv'
[7.488s] INFO:colcon.colcon_core.shell:Creating package script '/home/khaledob/bookros2_ws/install/br2_tracking/share/br2_tracking/package.sh'
[7.490s] INFO:colcon.colcon_core.shell:Creating package script '/home/khaledob/bookros2_ws/install/br2_tracking/share/br2_tracking/package.bash'
[7.492s] INFO:colcon.colcon_core.shell:Creating package script '/home/khaledob/bookros2_ws/install/br2_tracking/share/br2_tracking/package.zsh'
[7.498s] Level 1:colcon.colcon_core.environment:create_file_with_runtime_dependencies(/home/khaledob/bookros2_ws/install/br2_tracking/share/colcon-core/packages/br2_tracking)
[7.501s] Level 1:colcon.colcon_core.environment:create_environment_scripts_only(br2_tracking)
[7.501s] Level 1:colcon.colcon_core.environment:checking '/home/khaledob/bookros2_ws/install/br2_tracking' for CMake module files
[7.502s] Level 1:colcon.colcon_core.environment:checking '/home/khaledob/bookros2_ws/install/br2_tracking' for CMake config files
[7.502s] Level 1:colcon.colcon_core.shell:create_environment_hook('br2_tracking', 'cmake_prefix_path')
[7.503s] INFO:colcon.colcon_core.shell:Creating environment hook '/home/khaledob/bookros2_ws/install/br2_tracking/share/br2_tracking/hook/cmake_prefix_path.ps1'
[7.504s] INFO:colcon.colcon_core.shell:Creating environment descriptor '/home/khaledob/bookros2_ws/install/br2_tracking/share/br2_tracking/hook/cmake_prefix_path.dsv'
[7.506s] INFO:colcon.colcon_core.shell:Creating environment hook '/home/khaledob/bookros2_ws/install/br2_tracking/share/br2_tracking/hook/cmake_prefix_path.sh'
[7.508s] Level 1:colcon.colcon_core.environment:checking '/home/khaledob/bookros2_ws/install/br2_tracking/lib'
[7.509s] Level 1:colcon.colcon_core.shell:create_environment_hook('br2_tracking', 'ld_library_path_lib')
[7.509s] INFO:colcon.colcon_core.shell:Creating environment hook '/home/khaledob/bookros2_ws/install/br2_tracking/share/br2_tracking/hook/ld_library_path_lib.ps1'
[7.511s] INFO:colcon.colcon_core.shell:Creating environment descriptor '/home/khaledob/bookros2_ws/install/br2_tracking/share/br2_tracking/hook/ld_library_path_lib.dsv'
[7.514s] INFO:colcon.colcon_core.shell:Creating environment hook '/home/khaledob/bookros2_ws/install/br2_tracking/share/br2_tracking/hook/ld_library_path_lib.sh'
[7.517s] Level 1:colcon.colcon_core.environment:checking '/home/khaledob/bookros2_ws/install/br2_tracking/bin'
[7.517s] Level 1:colcon.colcon_core.environment:checking '/home/khaledob/bookros2_ws/install/br2_tracking/lib/pkgconfig/br2_tracking.pc'
[7.518s] Level 1:colcon.colcon_core.environment:checking '/home/khaledob/bookros2_ws/install/br2_tracking/lib/python3.8/site-packages'
[7.518s] Level 1:colcon.colcon_core.environment:checking '/home/khaledob/bookros2_ws/install/br2_tracking/bin'
[7.519s] INFO:colcon.colcon_core.shell:Creating package script '/home/khaledob/bookros2_ws/install/br2_tracking/share/br2_tracking/package.ps1'
[7.521s] INFO:colcon.colcon_core.shell:Creating package descriptor '/home/khaledob/bookros2_ws/install/br2_tracking/share/br2_tracking/package.dsv'
[7.527s] INFO:colcon.colcon_core.shell:Creating package script '/home/khaledob/bookros2_ws/install/br2_tracking/share/br2_tracking/package.sh'
[7.529s] INFO:colcon.colcon_core.shell:Creating package script '/home/khaledob/bookros2_ws/install/br2_tracking/share/br2_tracking/package.bash'
[7.532s] INFO:colcon.colcon_core.shell:Creating package script '/home/khaledob/bookros2_ws/install/br2_tracking/share/br2_tracking/package.zsh'
[7.534s] Level 1:colcon.colcon_core.environment:create_file_with_runtime_dependencies(/home/khaledob/bookros2_ws/install/br2_tracking/share/colcon-core/packages/br2_tracking)
[7.544s] Level 1:colcon.colcon_core.environment:create_environment_scripts_only(controller_manager)
[7.545s] Level 1:colcon.colcon_core.environment:checking '/home/khaledob/bookros2_ws/install/controller_manager' for CMake module files
[7.546s] Level 1:colcon.colcon_core.environment:checking '/home/khaledob/bookros2_ws/install/controller_manager' for CMake config files
[7.547s] Level 1:colcon.colcon_core.shell:create_environment_hook('controller_manager', 'cmake_prefix_path')
[7.548s] INFO:colcon.colcon_core.shell:Creating environment hook '/home/khaledob/bookros2_ws/install/controller_manager/share/controller_manager/hook/cmake_prefix_path.ps1'
[7.549s] INFO:colcon.colcon_core.shell:Creating environment descriptor '/home/khaledob/bookros2_ws/install/controller_manager/share/controller_manager/hook/cmake_prefix_path.dsv'
[7.551s] INFO:colcon.colcon_core.shell:Creating environment hook '/home/khaledob/bookros2_ws/install/controller_manager/share/controller_manager/hook/cmake_prefix_path.sh'
[7.552s] DEBUG:colcon.colcon_core.event_handler.log_command:Invoked command in '/home/khaledob/bookros2_ws/build/controller_manager' returned '0': AMENT_PREFIX_PATH=/home/khaledob/bookros2_ws/install/controller_interface:/home/khaledob/bookros2_ws/install/hardware_interface:/home/khaledob/bookros2_ws/install/ros2_control_test_assets:/home/khaledob/bookros2_ws/install/controller_manager_msgs:${AMENT_PREFIX_PATH} CMAKE_PREFIX_PATH=/home/khaledob/bookros2_ws/install/controller_interface:/home/khaledob/bookros2_ws/install/hardware_interface:/home/khaledob/bookros2_ws/install/ros2_control_test_assets:/home/khaledob/bookros2_ws/install/controller_manager_msgs:/opt/ros/foxy LD_LIBRARY_PATH=/home/khaledob/bookros2_ws/install/controller_interface/lib:/home/khaledob/bookros2_ws/install/hardware_interface/lib:/home/khaledob/bookros2_ws/install/controller_manager_msgs/lib:${LD_LIBRARY_PATH} PYTHONPATH=/home/khaledob/bookros2_ws/install/controller_manager_msgs/lib/python3.8/site-packages:${PYTHONPATH} /usr/bin/cmake --install /home/khaledob/bookros2_ws/build/controller_manager
[7.557s] Level 1:colcon.colcon_core.environment:checking '/home/khaledob/bookros2_ws/install/controller_manager/lib'
[7.557s] Level 1:colcon.colcon_core.shell:create_environment_hook('controller_manager', 'ld_library_path_lib')
[7.557s] INFO:colcon.colcon_core.shell:Creating environment hook '/home/khaledob/bookros2_ws/install/controller_manager/share/controller_manager/hook/ld_library_path_lib.ps1'
[7.559s] INFO:colcon.colcon_core.shell:Creating environment descriptor '/home/khaledob/bookros2_ws/install/controller_manager/share/controller_manager/hook/ld_library_path_lib.dsv'
[7.562s] INFO:colcon.colcon_core.shell:Creating environment hook '/home/khaledob/bookros2_ws/install/controller_manager/share/controller_manager/hook/ld_library_path_lib.sh'
[7.564s] Level 1:colcon.colcon_core.environment:checking '/home/khaledob/bookros2_ws/install/controller_manager/bin'
[7.570s] Level 1:colcon.colcon_core.environment:checking '/home/khaledob/bookros2_ws/install/controller_manager/lib/pkgconfig/controller_manager.pc'
[7.571s] Level 1:colcon.colcon_core.environment:checking '/home/khaledob/bookros2_ws/install/controller_manager/lib/python3.8/site-packages'
[7.571s] Level 1:colcon.colcon_core.shell:create_environment_hook('controller_manager', 'pythonpath')
[7.571s] INFO:colcon.colcon_core.shell:Creating environment hook '/home/khaledob/bookros2_ws/install/controller_manager/share/controller_manager/hook/pythonpath.ps1'
[7.574s] INFO:colcon.colcon_core.shell:Creating environment descriptor '/home/khaledob/bookros2_ws/install/controller_manager/share/controller_manager/hook/pythonpath.dsv'
[7.590s] INFO:colcon.colcon_core.shell:Creating environment hook '/home/khaledob/bookros2_ws/install/controller_manager/share/controller_manager/hook/pythonpath.sh'
[7.593s] Level 1:colcon.colcon_core.environment:checking '/home/khaledob/bookros2_ws/install/controller_manager/bin'
[7.594s] INFO:colcon.colcon_core.shell:Creating package script '/home/khaledob/bookros2_ws/install/controller_manager/share/controller_manager/package.ps1'
[7.596s] INFO:colcon.colcon_core.shell:Creating package descriptor '/home/khaledob/bookros2_ws/install/controller_manager/share/controller_manager/package.dsv'
[7.598s] INFO:colcon.colcon_core.shell:Creating package script '/home/khaledob/bookros2_ws/install/controller_manager/share/controller_manager/package.sh'
[7.602s] INFO:colcon.colcon_core.shell:Creating package script '/home/khaledob/bookros2_ws/install/controller_manager/share/controller_manager/package.bash'
[7.604s] INFO:colcon.colcon_core.shell:Creating package script '/home/khaledob/bookros2_ws/install/controller_manager/share/controller_manager/package.zsh'
[7.617s] Level 1:colcon.colcon_core.environment:create_file_with_runtime_dependencies(/home/khaledob/bookros2_ws/install/controller_manager/share/colcon-core/packages/controller_manager)
[7.620s] Level 1:colcon.colcon_core.environment:create_environment_scripts_only(controller_manager)
[7.620s] Level 1:colcon.colcon_core.environment:checking '/home/khaledob/bookros2_ws/install/controller_manager' for CMake module files
[7.621s] Level 1:colcon.colcon_core.environment:checking '/home/khaledob/bookros2_ws/install/controller_manager' for CMake config files
[7.623s] Level 1:colcon.colcon_core.shell:create_environment_hook('controller_manager', 'cmake_prefix_path')
[7.623s] INFO:colcon.colcon_core.shell:Creating environment hook '/home/khaledob/bookros2_ws/install/controller_manager/share/controller_manager/hook/cmake_prefix_path.ps1'
[7.624s] INFO:colcon.colcon_core.shell:Creating environment descriptor '/home/khaledob/bookros2_ws/install/controller_manager/share/controller_manager/hook/cmake_prefix_path.dsv'
[7.631s] INFO:colcon.colcon_core.shell:Creating environment hook '/home/khaledob/bookros2_ws/install/controller_manager/share/controller_manager/hook/cmake_prefix_path.sh'
[7.636s] Level 1:colcon.colcon_core.environment:checking '/home/khaledob/bookros2_ws/install/controller_manager/lib'
[7.636s] Level 1:colcon.colcon_core.shell:create_environment_hook('controller_manager', 'ld_library_path_lib')
[7.637s] INFO:colcon.colcon_core.shell:Creating environment hook '/home/khaledob/bookros2_ws/install/controller_manager/share/controller_manager/hook/ld_library_path_lib.ps1'
[7.643s] INFO:colcon.colcon_core.shell:Creating environment descriptor '/home/khaledob/bookros2_ws/install/controller_manager/share/controller_manager/hook/ld_library_path_lib.dsv'
[7.648s] INFO:colcon.colcon_core.shell:Creating environment hook '/home/khaledob/bookros2_ws/install/controller_manager/share/controller_manager/hook/ld_library_path_lib.sh'
[7.649s] Level 1:colcon.colcon_core.environment:checking '/home/khaledob/bookros2_ws/install/controller_manager/bin'
[7.649s] Level 1:colcon.colcon_core.environment:checking '/home/khaledob/bookros2_ws/install/controller_manager/lib/pkgconfig/controller_manager.pc'
[7.649s] Level 1:colcon.colcon_core.environment:checking '/home/khaledob/bookros2_ws/install/controller_manager/lib/python3.8/site-packages'
[7.650s] Level 1:colcon.colcon_core.shell:create_environment_hook('controller_manager', 'pythonpath')
[7.650s] INFO:colcon.colcon_core.shell:Creating environment hook '/home/khaledob/bookros2_ws/install/controller_manager/share/controller_manager/hook/pythonpath.ps1'
[7.651s] INFO:colcon.colcon_core.shell:Creating environment descriptor '/home/khaledob/bookros2_ws/install/controller_manager/share/controller_manager/hook/pythonpath.dsv'
[7.653s] INFO:colcon.colcon_core.shell:Creating environment hook '/home/khaledob/bookros2_ws/install/controller_manager/share/controller_manager/hook/pythonpath.sh'
[7.654s] Level 1:colcon.colcon_core.environment:checking '/home/khaledob/bookros2_ws/install/controller_manager/bin'
[7.655s] INFO:colcon.colcon_core.shell:Creating package script '/home/khaledob/bookros2_ws/install/controller_manager/share/controller_manager/package.ps1'
[7.664s] INFO:colcon.colcon_core.shell:Creating package descriptor '/home/khaledob/bookros2_ws/install/controller_manager/share/controller_manager/package.dsv'
[7.669s] INFO:colcon.colcon_core.shell:Creating package script '/home/khaledob/bookros2_ws/install/controller_manager/share/controller_manager/package.sh'
[7.671s] INFO:colcon.colcon_core.shell:Creating package script '/home/khaledob/bookros2_ws/install/controller_manager/share/controller_manager/package.bash'
[7.673s] INFO:colcon.colcon_core.shell:Creating package script '/home/khaledob/bookros2_ws/install/controller_manager/share/controller_manager/package.zsh'
[7.675s] Level 1:colcon.colcon_core.environment:create_file_with_runtime_dependencies(/home/khaledob/bookros2_ws/install/controller_manager/share/colcon-core/packages/controller_manager)
[7.714s] INFO:colcon.colcon_ros.task.ament_cmake.build:Building ROS package in '/home/khaledob/bookros2_ws/src/ThirdParty/ros2_controllers/forward_command_controller' with build type 'ament_cmake'
[7.715s] INFO:colcon.colcon_cmake.task.cmake.build:Building CMake package in '/home/khaledob/bookros2_ws/src/ThirdParty/ros2_controllers/forward_command_controller'
[7.715s] INFO:colcon.colcon_core.shell:Skip shell extension 'powershell' for command environment: Not usable outside of PowerShell
[7.715s] DEBUG:colcon.colcon_core.shell:Skip shell extension 'dsv' for command environment
[7.756s] INFO:colcon.colcon_ros.task.ament_cmake.build:Building ROS package in '/home/khaledob/bookros2_ws/src/ThirdParty/ros2_controllers/joint_state_broadcaster' with build type 'ament_cmake'
[7.756s] INFO:colcon.colcon_cmake.task.cmake.build:Building CMake package in '/home/khaledob/bookros2_ws/src/ThirdParty/ros2_controllers/joint_state_broadcaster'
[7.758s] INFO:colcon.colcon_core.shell:Skip shell extension 'powershell' for command environment: Not usable outside of PowerShell
[7.758s] DEBUG:colcon.colcon_core.shell:Skip shell extension 'dsv' for command environment
[7.785s] INFO:colcon.colcon_ros.task.ament_cmake.build:Building ROS package in '/home/khaledob/bookros2_ws/src/ThirdParty/ros2_controllers/diff_drive_controller' with build type 'ament_cmake'
[7.785s] INFO:colcon.colcon_cmake.task.cmake.build:Building CMake package in '/home/khaledob/bookros2_ws/src/ThirdParty/ros2_controllers/diff_drive_controller'
[7.786s] INFO:colcon.colcon_core.shell:Skip shell extension 'powershell' for command environment: Not usable outside of PowerShell
[7.786s] DEBUG:colcon.colcon_core.shell:Skip shell extension 'dsv' for command environment
[7.865s] DEBUG:colcon.colcon_core.event_handler.log_command:Invoked command in '/home/khaledob/bookros2_ws/build/groot' returned '0': CMAKE_PREFIX_PATH=/opt/ros/foxy /usr/bin/cmake --build /home/khaledob/bookros2_ws/build/groot -- -j7 -l7
[7.868s] DEBUG:colcon.colcon_core.event_handler.log_command:Invoking command in '/home/khaledob/bookros2_ws/build/groot': CMAKE_PREFIX_PATH=/opt/ros/foxy /usr/bin/cmake --install /home/khaledob/bookros2_ws/build/groot
[7.936s] DEBUG:colcon.colcon_core.event_handler.log_command:Invoked command in '/home/khaledob/bookros2_ws/build/transmission_interface' returned '0': AMENT_PREFIX_PATH=/home/khaledob/bookros2_ws/install/hardware_interface:/home/khaledob/bookros2_ws/install/ros2_control_test_assets:${AMENT_PREFIX_PATH} CMAKE_PREFIX_PATH=/home/khaledob/bookros2_ws/install/hardware_interface:/home/khaledob/bookros2_ws/install/ros2_control_test_assets:/opt/ros/foxy LD_LIBRARY_PATH=/home/khaledob/bookros2_ws/install/hardware_interface/lib:${LD_LIBRARY_PATH} /usr/bin/cmake --build /home/khaledob/bookros2_ws/build/transmission_interface -- -j7 -l7
[7.945s] DEBUG:colcon.colcon_core.event_handler.log_command:Invoking command in '/home/khaledob/bookros2_ws/build/transmission_interface': AMENT_PREFIX_PATH=/home/khaledob/bookros2_ws/install/hardware_interface:/home/khaledob/bookros2_ws/install/ros2_control_test_assets:${AMENT_PREFIX_PATH} CMAKE_PREFIX_PATH=/home/khaledob/bookros2_ws/install/hardware_interface:/home/khaledob/bookros2_ws/install/ros2_control_test_assets:/opt/ros/foxy LD_LIBRARY_PATH=/home/khaledob/bookros2_ws/install/hardware_interface/lib:${LD_LIBRARY_PATH} /usr/bin/cmake --install /home/khaledob/bookros2_ws/build/transmission_interface
[8.031s] DEBUG:colcon.colcon_core.event_handler.log_command:Invoking command in '/home/khaledob/bookros2_ws/build/joint_state_broadcaster': AMENT_PREFIX_PATH=/home/khaledob/bookros2_ws/install/controller_manager:/home/khaledob/bookros2_ws/install/controller_interface:/home/khaledob/bookros2_ws/install/hardware_interface:/home/khaledob/bookros2_ws/install/ros2_control_test_assets:/home/khaledob/bookros2_ws/install/controller_manager_msgs:${AMENT_PREFIX_PATH} CMAKE_PREFIX_PATH=/home/khaledob/bookros2_ws/install/controller_manager:/home/khaledob/bookros2_ws/install/controller_interface:/home/khaledob/bookros2_ws/install/hardware_interface:/home/khaledob/bookros2_ws/install/ros2_control_test_assets:/home/khaledob/bookros2_ws/install/controller_manager_msgs:/opt/ros/foxy LD_LIBRARY_PATH=/home/khaledob/bookros2_ws/install/controller_manager/lib:/home/khaledob/bookros2_ws/install/controller_interface/lib:/home/khaledob/bookros2_ws/install/hardware_interface/lib:/home/khaledob/bookros2_ws/install/controller_manager_msgs/lib:${LD_LIBRARY_PATH} PYTHONPATH=/home/khaledob/bookros2_ws/install/controller_manager/lib/python3.8/site-packages:/home/khaledob/bookros2_ws/install/controller_manager_msgs/lib/python3.8/site-packages:${PYTHONPATH} /usr/bin/cmake --build /home/khaledob/bookros2_ws/build/joint_state_broadcaster -- -j7 -l7
[8.044s] Level 1:colcon.colcon_core.environment:create_environment_scripts_only(groot)
[8.045s] Level 1:colcon.colcon_core.environment:checking '/home/khaledob/bookros2_ws/install/groot' for CMake module files
[8.048s] Level 1:colcon.colcon_core.environment:checking '/home/khaledob/bookros2_ws/install/groot' for CMake config files
[8.049s] DEBUG:colcon.colcon_core.event_handler.log_command:Invoking command in '/home/khaledob/bookros2_ws/build/diff_drive_controller': AMENT_PREFIX_PATH=/home/khaledob/bookros2_ws/install/controller_manager:/home/khaledob/bookros2_ws/install/controller_interface:/home/khaledob/bookros2_ws/install/hardware_interface:/home/khaledob/bookros2_ws/install/ros2_control_test_assets:/home/khaledob/bookros2_ws/install/controller_manager_msgs:${AMENT_PREFIX_PATH} CMAKE_PREFIX_PATH=/home/khaledob/bookros2_ws/install/controller_manager:/home/khaledob/bookros2_ws/install/controller_interface:/home/khaledob/bookros2_ws/install/hardware_interface:/home/khaledob/bookros2_ws/install/ros2_control_test_assets:/home/khaledob/bookros2_ws/install/controller_manager_msgs:/opt/ros/foxy LD_LIBRARY_PATH=/home/khaledob/bookros2_ws/install/controller_manager/lib:/home/khaledob/bookros2_ws/install/controller_interface/lib:/home/khaledob/bookros2_ws/install/hardware_interface/lib:/home/khaledob/bookros2_ws/install/controller_manager_msgs/lib:${LD_LIBRARY_PATH} PYTHONPATH=/home/khaledob/bookros2_ws/install/controller_manager/lib/python3.8/site-packages:/home/khaledob/bookros2_ws/install/controller_manager_msgs/lib/python3.8/site-packages:${PYTHONPATH} /usr/bin/cmake --build /home/khaledob/bookros2_ws/build/diff_drive_controller -- -j7 -l7
[8.056s] DEBUG:colcon.colcon_core.event_handler.log_command:Invoked command in '/home/khaledob/bookros2_ws/build/groot' returned '0': CMAKE_PREFIX_PATH=/opt/ros/foxy /usr/bin/cmake --install /home/khaledob/bookros2_ws/build/groot
[8.059s] Level 1:colcon.colcon_core.shell:create_environment_hook('groot', 'cmake_prefix_path')
[8.060s] INFO:colcon.colcon_core.shell:Creating environment hook '/home/khaledob/bookros2_ws/install/groot/share/groot/hook/cmake_prefix_path.ps1'
[8.064s] INFO:colcon.colcon_core.shell:Creating environment descriptor '/home/khaledob/bookros2_ws/install/groot/share/groot/hook/cmake_prefix_path.dsv'
[8.069s] INFO:colcon.colcon_core.shell:Creating environment hook '/home/khaledob/bookros2_ws/install/groot/share/groot/hook/cmake_prefix_path.sh'
[8.073s] Level 1:colcon.colcon_core.environment:checking '/home/khaledob/bookros2_ws/install/groot/lib'
[8.074s] Level 1:colcon.colcon_core.shell:create_environment_hook('groot', 'ld_library_path_lib')
[8.074s] INFO:colcon.colcon_core.shell:Creating environment hook '/home/khaledob/bookros2_ws/install/groot/share/groot/hook/ld_library_path_lib.ps1'
[8.076s] INFO:colcon.colcon_core.shell:Creating environment descriptor '/home/khaledob/bookros2_ws/install/groot/share/groot/hook/ld_library_path_lib.dsv'
[8.077s] INFO:colcon.colcon_core.shell:Creating environment hook '/home/khaledob/bookros2_ws/install/groot/share/groot/hook/ld_library_path_lib.sh'
[8.079s] Level 1:colcon.colcon_core.environment:checking '/home/khaledob/bookros2_ws/install/groot/bin'
[8.080s] Level 1:colcon.colcon_core.environment:checking '/home/khaledob/bookros2_ws/install/groot/lib/pkgconfig/groot.pc'
[8.080s] Level 1:colcon.colcon_core.environment:checking '/home/khaledob/bookros2_ws/install/groot/lib/python3.8/site-packages'
[8.081s] Level 1:colcon.colcon_core.environment:checking '/home/khaledob/bookros2_ws/install/groot/bin'
[8.081s] INFO:colcon.colcon_core.shell:Creating package script '/home/khaledob/bookros2_ws/install/groot/share/groot/package.ps1'
[8.083s] INFO:colcon.colcon_core.shell:Creating package descriptor '/home/khaledob/bookros2_ws/install/groot/share/groot/package.dsv'
[8.084s] INFO:colcon.colcon_core.shell:Creating package script '/home/khaledob/bookros2_ws/install/groot/share/groot/package.sh'
[8.086s] INFO:colcon.colcon_core.shell:Creating package script '/home/khaledob/bookros2_ws/install/groot/share/groot/package.bash'
[8.088s] INFO:colcon.colcon_core.shell:Creating package script '/home/khaledob/bookros2_ws/install/groot/share/groot/package.zsh'
[8.090s] Level 1:colcon.colcon_core.environment:create_file_with_runtime_dependencies(/home/khaledob/bookros2_ws/install/groot/share/colcon-core/packages/groot)
[8.092s] Level 1:colcon.colcon_core.environment:create_environment_scripts_only(groot)
[8.094s] Level 1:colcon.colcon_core.environment:checking '/home/khaledob/bookros2_ws/install/groot' for CMake module files
[8.095s] Level 1:colcon.colcon_core.environment:checking '/home/khaledob/bookros2_ws/install/groot' for CMake config files
[8.097s] Level 1:colcon.colcon_core.shell:create_environment_hook('groot', 'cmake_prefix_path')
[8.099s] INFO:colcon.colcon_core.shell:Creating environment hook '/home/khaledob/bookros2_ws/install/groot/share/groot/hook/cmake_prefix_path.ps1'
[8.101s] INFO:colcon.colcon_core.shell:Creating environment descriptor '/home/khaledob/bookros2_ws/install/groot/share/groot/hook/cmake_prefix_path.dsv'
[8.106s] INFO:colcon.colcon_core.shell:Creating environment hook '/home/khaledob/bookros2_ws/install/groot/share/groot/hook/cmake_prefix_path.sh'
[8.109s] Level 1:colcon.colcon_core.environment:checking '/home/khaledob/bookros2_ws/install/groot/lib'
[8.109s] Level 1:colcon.colcon_core.shell:create_environment_hook('groot', 'ld_library_path_lib')
[8.110s] INFO:colcon.colcon_core.shell:Creating environment hook '/home/khaledob/bookros2_ws/install/groot/share/groot/hook/ld_library_path_lib.ps1'
[8.111s] INFO:colcon.colcon_core.shell:Creating environment descriptor '/home/khaledob/bookros2_ws/install/groot/share/groot/hook/ld_library_path_lib.dsv'
[8.113s] INFO:colcon.colcon_core.shell:Creating environment hook '/home/khaledob/bookros2_ws/install/groot/share/groot/hook/ld_library_path_lib.sh'
[8.114s] Level 1:colcon.colcon_core.environment:checking '/home/khaledob/bookros2_ws/install/groot/bin'
[8.115s] Level 1:colcon.colcon_core.environment:checking '/home/khaledob/bookros2_ws/install/groot/lib/pkgconfig/groot.pc'
[8.115s] Level 1:colcon.colcon_core.environment:checking '/home/khaledob/bookros2_ws/install/groot/lib/python3.8/site-packages'
[8.116s] Level 1:colcon.colcon_core.environment:checking '/home/khaledob/bookros2_ws/install/groot/bin'
[8.117s] INFO:colcon.colcon_core.shell:Creating package script '/home/khaledob/bookros2_ws/install/groot/share/groot/package.ps1'
[8.120s] INFO:colcon.colcon_core.shell:Creating package descriptor '/home/khaledob/bookros2_ws/install/groot/share/groot/package.dsv'
[8.122s] INFO:colcon.colcon_core.shell:Creating package script '/home/khaledob/bookros2_ws/install/groot/share/groot/package.sh'
[8.125s] INFO:colcon.colcon_core.shell:Creating package script '/home/khaledob/bookros2_ws/install/groot/share/groot/package.bash'
[8.126s] INFO:colcon.colcon_core.shell:Creating package script '/home/khaledob/bookros2_ws/install/groot/share/groot/package.zsh'
[8.129s] Level 1:colcon.colcon_core.environment:create_file_with_runtime_dependencies(/home/khaledob/bookros2_ws/install/groot/share/colcon-core/packages/groot)
[8.154s] DEBUG:colcon.colcon_core.event_handler.log_command:Invoking command in '/home/khaledob/bookros2_ws/build/forward_command_controller': AMENT_PREFIX_PATH=/home/khaledob/bookros2_ws/install/controller_manager:/home/khaledob/bookros2_ws/install/controller_interface:/home/khaledob/bookros2_ws/install/hardware_interface:/home/khaledob/bookros2_ws/install/ros2_control_test_assets:/home/khaledob/bookros2_ws/install/controller_manager_msgs:${AMENT_PREFIX_PATH} CMAKE_PREFIX_PATH=/home/khaledob/bookros2_ws/install/controller_manager:/home/khaledob/bookros2_ws/install/controller_interface:/home/khaledob/bookros2_ws/install/hardware_interface:/home/khaledob/bookros2_ws/install/ros2_control_test_assets:/home/khaledob/bookros2_ws/install/controller_manager_msgs:/opt/ros/foxy LD_LIBRARY_PATH=/home/khaledob/bookros2_ws/install/controller_manager/lib:/home/khaledob/bookros2_ws/install/controller_interface/lib:/home/khaledob/bookros2_ws/install/hardware_interface/lib:/home/khaledob/bookros2_ws/install/controller_manager_msgs/lib:${LD_LIBRARY_PATH} PYTHONPATH=/home/khaledob/bookros2_ws/install/controller_manager/lib/python3.8/site-packages:/home/khaledob/bookros2_ws/install/controller_manager_msgs/lib/python3.8/site-packages:${PYTHONPATH} /usr/bin/cmake --build /home/khaledob/bookros2_ws/build/forward_command_controller -- -j7 -l7
[8.168s] INFO:colcon.colcon_ros.task.ament_cmake.build:Building ROS package in '/home/khaledob/bookros2_ws/src/ThirdParty/ros2_controllers/imu_sensor_broadcaster' with build type 'ament_cmake'
[8.169s] INFO:colcon.colcon_cmake.task.cmake.build:Building CMake package in '/home/khaledob/bookros2_ws/src/ThirdParty/ros2_controllers/imu_sensor_broadcaster'
[8.170s] INFO:colcon.colcon_core.shell:Skip shell extension 'powershell' for command environment: Not usable outside of PowerShell
[8.170s] DEBUG:colcon.colcon_core.shell:Skip shell extension 'dsv' for command environment
[8.221s] Level 1:colcon.colcon_core.environment:create_environment_scripts_only(transmission_interface)
[8.222s] Level 1:colcon.colcon_core.environment:checking '/home/khaledob/bookros2_ws/install/transmission_interface' for CMake module files
[8.224s] Level 1:colcon.colcon_core.environment:checking '/home/khaledob/bookros2_ws/install/transmission_interface' for CMake config files
[8.226s] DEBUG:colcon.colcon_core.event_handler.log_command:Invoked command in '/home/khaledob/bookros2_ws/build/transmission_interface' returned '0': AMENT_PREFIX_PATH=/home/khaledob/bookros2_ws/install/hardware_interface:/home/khaledob/bookros2_ws/install/ros2_control_test_assets:${AMENT_PREFIX_PATH} CMAKE_PREFIX_PATH=/home/khaledob/bookros2_ws/install/hardware_interface:/home/khaledob/bookros2_ws/install/ros2_control_test_assets:/opt/ros/foxy LD_LIBRARY_PATH=/home/khaledob/bookros2_ws/install/hardware_interface/lib:${LD_LIBRARY_PATH} /usr/bin/cmake --install /home/khaledob/bookros2_ws/build/transmission_interface
[8.236s] Level 1:colcon.colcon_core.shell:create_environment_hook('transmission_interface', 'cmake_prefix_path')
[8.236s] INFO:colcon.colcon_core.shell:Creating environment hook '/home/khaledob/bookros2_ws/install/transmission_interface/share/transmission_interface/hook/cmake_prefix_path.ps1'
[8.238s] INFO:colcon.colcon_core.shell:Creating environment descriptor '/home/khaledob/bookros2_ws/install/transmission_interface/share/transmission_interface/hook/cmake_prefix_path.dsv'
[8.241s] INFO:colcon.colcon_core.shell:Creating environment hook '/home/khaledob/bookros2_ws/install/transmission_interface/share/transmission_interface/hook/cmake_prefix_path.sh'
[8.244s] Level 1:colcon.colcon_core.environment:checking '/home/khaledob/bookros2_ws/install/transmission_interface/bin'
[8.245s] Level 1:colcon.colcon_core.environment:checking '/home/khaledob/bookros2_ws/install/transmission_interface/lib/pkgconfig/transmission_interface.pc'
[8.246s] Level 1:colcon.colcon_core.environment:checking '/home/khaledob/bookros2_ws/install/transmission_interface/lib/python3.8/site-packages'
[8.247s] Level 1:colcon.colcon_core.environment:checking '/home/khaledob/bookros2_ws/install/transmission_interface/bin'
[8.248s] INFO:colcon.colcon_core.shell:Creating package script '/home/khaledob/bookros2_ws/install/transmission_interface/share/transmission_interface/package.ps1'
[8.250s] INFO:colcon.colcon_core.shell:Creating package descriptor '/home/khaledob/bookros2_ws/install/transmission_interface/share/transmission_interface/package.dsv'
[8.252s] INFO:colcon.colcon_core.shell:Creating package script '/home/khaledob/bookros2_ws/install/transmission_interface/share/transmission_interface/package.sh'
[8.254s] INFO:colcon.colcon_core.shell:Creating package script '/home/khaledob/bookros2_ws/install/transmission_interface/share/transmission_interface/package.bash'
[8.259s] INFO:colcon.colcon_core.shell:Creating package script '/home/khaledob/bookros2_ws/install/transmission_interface/share/transmission_interface/package.zsh'
[8.276s] Level 1:colcon.colcon_core.environment:create_file_with_runtime_dependencies(/home/khaledob/bookros2_ws/install/transmission_interface/share/colcon-core/packages/transmission_interface)
[8.281s] Level 1:colcon.colcon_core.environment:create_environment_scripts_only(transmission_interface)
[8.282s] Level 1:colcon.colcon_core.environment:checking '/home/khaledob/bookros2_ws/install/transmission_interface' for CMake module files
[8.283s] Level 1:colcon.colcon_core.environment:checking '/home/khaledob/bookros2_ws/install/transmission_interface' for CMake config files
[8.284s] Level 1:colcon.colcon_core.shell:create_environment_hook('transmission_interface', 'cmake_prefix_path')
[8.284s] INFO:colcon.colcon_core.shell:Creating environment hook '/home/khaledob/bookros2_ws/install/transmission_interface/share/transmission_interface/hook/cmake_prefix_path.ps1'
[8.286s] INFO:colcon.colcon_core.shell:Creating environment descriptor '/home/khaledob/bookros2_ws/install/transmission_interface/share/transmission_interface/hook/cmake_prefix_path.dsv'
[8.288s] INFO:colcon.colcon_core.shell:Creating environment hook '/home/khaledob/bookros2_ws/install/transmission_interface/share/transmission_interface/hook/cmake_prefix_path.sh'
[8.291s] Level 1:colcon.colcon_core.environment:checking '/home/khaledob/bookros2_ws/install/transmission_interface/bin'
[8.296s] Level 1:colcon.colcon_core.environment:checking '/home/khaledob/bookros2_ws/install/transmission_interface/lib/pkgconfig/transmission_interface.pc'
[8.297s] Level 1:colcon.colcon_core.environment:checking '/home/khaledob/bookros2_ws/install/transmission_interface/lib/python3.8/site-packages'
[8.298s] Level 1:colcon.colcon_core.environment:checking '/home/khaledob/bookros2_ws/install/transmission_interface/bin'
[8.299s] INFO:colcon.colcon_core.shell:Creating package script '/home/khaledob/bookros2_ws/install/transmission_interface/share/transmission_interface/package.ps1'
[8.301s] INFO:colcon.colcon_core.shell:Creating package descriptor '/home/khaledob/bookros2_ws/install/transmission_interface/share/transmission_interface/package.dsv'
[8.307s] INFO:colcon.colcon_core.shell:Creating package script '/home/khaledob/bookros2_ws/install/transmission_interface/share/transmission_interface/package.sh'
[8.329s] INFO:colcon.colcon_core.shell:Creating package script '/home/khaledob/bookros2_ws/install/transmission_interface/share/transmission_interface/package.bash'
[8.338s] INFO:colcon.colcon_core.shell:Creating package script '/home/khaledob/bookros2_ws/install/transmission_interface/share/transmission_interface/package.zsh'
[8.341s] Level 1:colcon.colcon_core.environment:create_file_with_runtime_dependencies(/home/khaledob/bookros2_ws/install/transmission_interface/share/colcon-core/packages/transmission_interface)
[8.378s] INFO:colcon.colcon_ros.task.ament_cmake.build:Building ROS package in '/home/khaledob/bookros2_ws/src/ThirdParty/ros2_controllers/joint_trajectory_controller' with build type 'ament_cmake'
[8.379s] INFO:colcon.colcon_cmake.task.cmake.build:Building CMake package in '/home/khaledob/bookros2_ws/src/ThirdParty/ros2_controllers/joint_trajectory_controller'
[8.379s] INFO:colcon.colcon_core.shell:Skip shell extension 'powershell' for command environment: Not usable outside of PowerShell
[8.380s] DEBUG:colcon.colcon_core.shell:Skip shell extension 'dsv' for command environment
[8.415s] Level 1:colcon.colcon_core.shell:create_environment_hook('br2_fsm_bumpgo_py', 'pythonpath_develop')
[8.416s] INFO:colcon.colcon_core.shell:Creating environment hook '/home/khaledob/bookros2_ws/build/br2_fsm_bumpgo_py/share/br2_fsm_bumpgo_py/hook/pythonpath_develop.ps1'
[8.417s] DEBUG:colcon.colcon_core.event_handler.log_command:Invoked command in '/home/khaledob/bookros2_ws/build/br2_fsm_bumpgo_py' returned '0': PYTHONPATH=/home/khaledob/bookros2_ws/build/br2_fsm_bumpgo_py/prefix_override:/usr/lib/python3/dist-packages/colcon_core/task/python/colcon_distutils_commands:/home/khaledob/bookros2_ws/install/br2_fsm_bumpgo_py/lib/python3.8/site-packages:${PYTHONPATH} /usr/bin/python3 -W ignore:setup.py install is deprecated -W ignore:easy_install command is deprecated setup.py develop --editable --build-directory /home/khaledob/bookros2_ws/build/br2_fsm_bumpgo_py/build --no-deps symlink_data
[8.420s] INFO:colcon.colcon_core.shell:Creating environment descriptor '/home/khaledob/bookros2_ws/build/br2_fsm_bumpgo_py/share/br2_fsm_bumpgo_py/hook/pythonpath_develop.dsv'
[8.422s] INFO:colcon.colcon_core.shell:Creating environment hook '/home/khaledob/bookros2_ws/build/br2_fsm_bumpgo_py/share/br2_fsm_bumpgo_py/hook/pythonpath_develop.sh'
[8.425s] Level 1:colcon.colcon_core.environment:checking '/home/khaledob/bookros2_ws/install/br2_fsm_bumpgo_py' for CMake module files
[8.434s] Level 1:colcon.colcon_core.environment:checking '/home/khaledob/bookros2_ws/install/br2_fsm_bumpgo_py' for CMake config files
[8.435s] Level 1:colcon.colcon_core.environment:checking '/home/khaledob/bookros2_ws/install/br2_fsm_bumpgo_py/lib'
[8.435s] Level 1:colcon.colcon_core.environment:checking '/home/khaledob/bookros2_ws/install/br2_fsm_bumpgo_py/bin'
[8.436s] Level 1:colcon.colcon_core.environment:checking '/home/khaledob/bookros2_ws/install/br2_fsm_bumpgo_py/lib/pkgconfig/br2_fsm_bumpgo_py.pc'
[8.436s] Level 1:colcon.colcon_core.environment:checking '/home/khaledob/bookros2_ws/install/br2_fsm_bumpgo_py/lib/python3.8/site-packages'
[8.436s] Level 1:colcon.colcon_core.shell:create_environment_hook('br2_fsm_bumpgo_py', 'pythonpath')
[8.437s] INFO:colcon.colcon_core.shell:Creating environment hook '/home/khaledob/bookros2_ws/install/br2_fsm_bumpgo_py/share/br2_fsm_bumpgo_py/hook/pythonpath.ps1'
[8.438s] INFO:colcon.colcon_core.shell:Creating environment descriptor '/home/khaledob/bookros2_ws/install/br2_fsm_bumpgo_py/share/br2_fsm_bumpgo_py/hook/pythonpath.dsv'
[8.445s] INFO:colcon.colcon_core.shell:Creating environment hook '/home/khaledob/bookros2_ws/install/br2_fsm_bumpgo_py/share/br2_fsm_bumpgo_py/hook/pythonpath.sh'
[8.447s] Level 1:colcon.colcon_core.environment:checking '/home/khaledob/bookros2_ws/install/br2_fsm_bumpgo_py/bin'
[8.447s] Level 1:colcon.colcon_core.environment:create_environment_scripts_only(br2_fsm_bumpgo_py)
[8.448s] INFO:colcon.colcon_core.shell:Creating package script '/home/khaledob/bookros2_ws/install/br2_fsm_bumpgo_py/share/br2_fsm_bumpgo_py/package.ps1'
[8.486s] INFO:colcon.colcon_core.shell:Creating package descriptor '/home/khaledob/bookros2_ws/install/br2_fsm_bumpgo_py/share/br2_fsm_bumpgo_py/package.dsv'
[8.488s] INFO:colcon.colcon_core.shell:Creating package script '/home/khaledob/bookros2_ws/install/br2_fsm_bumpgo_py/share/br2_fsm_bumpgo_py/package.sh'
[8.490s] INFO:colcon.colcon_core.shell:Creating package script '/home/khaledob/bookros2_ws/install/br2_fsm_bumpgo_py/share/br2_fsm_bumpgo_py/package.bash'
[8.496s] INFO:colcon.colcon_core.shell:Creating package script '/home/khaledob/bookros2_ws/install/br2_fsm_bumpgo_py/share/br2_fsm_bumpgo_py/package.zsh'
[8.498s] Level 1:colcon.colcon_core.environment:create_file_with_runtime_dependencies(/home/khaledob/bookros2_ws/install/br2_fsm_bumpgo_py/share/colcon-core/packages/br2_fsm_bumpgo_py)
[8.522s] INFO:colcon.colcon_ros.task.ament_cmake.build:Building ROS package in '/home/khaledob/bookros2_ws/src/ThirdParty/ros2_controllers/force_torque_sensor_broadcaster' with build type 'ament_cmake'
[8.523s] INFO:colcon.colcon_cmake.task.cmake.build:Building CMake package in '/home/khaledob/bookros2_ws/src/ThirdParty/ros2_controllers/force_torque_sensor_broadcaster'
[8.523s] INFO:colcon.colcon_core.shell:Skip shell extension 'powershell' for command environment: Not usable outside of PowerShell
[8.523s] DEBUG:colcon.colcon_core.shell:Skip shell extension 'dsv' for command environment
[8.589s] DEBUG:colcon.colcon_core.event_handler.log_command:Invoking command in '/home/khaledob/bookros2_ws/build/imu_sensor_broadcaster': AMENT_PREFIX_PATH=/home/khaledob/bookros2_ws/install/controller_manager:/home/khaledob/bookros2_ws/install/controller_interface:/home/khaledob/bookros2_ws/install/hardware_interface:/home/khaledob/bookros2_ws/install/ros2_control_test_assets:/home/khaledob/bookros2_ws/install/controller_manager_msgs:${AMENT_PREFIX_PATH} CMAKE_PREFIX_PATH=/home/khaledob/bookros2_ws/install/controller_manager:/home/khaledob/bookros2_ws/install/controller_interface:/home/khaledob/bookros2_ws/install/hardware_interface:/home/khaledob/bookros2_ws/install/ros2_control_test_assets:/home/khaledob/bookros2_ws/install/controller_manager_msgs:/opt/ros/foxy LD_LIBRARY_PATH=/home/khaledob/bookros2_ws/install/controller_manager/lib:/home/khaledob/bookros2_ws/install/controller_interface/lib:/home/khaledob/bookros2_ws/install/hardware_interface/lib:/home/khaledob/bookros2_ws/install/controller_manager_msgs/lib:${LD_LIBRARY_PATH} PYTHONPATH=/home/khaledob/bookros2_ws/install/controller_manager/lib/python3.8/site-packages:/home/khaledob/bookros2_ws/install/controller_manager_msgs/lib/python3.8/site-packages:${PYTHONPATH} /usr/bin/cmake --build /home/khaledob/bookros2_ws/build/imu_sensor_broadcaster -- -j7 -l7
[8.641s] DEBUG:colcon.colcon_core.event_handler.log_command:Invoking command in '/home/khaledob/bookros2_ws/build/joint_trajectory_controller': AMENT_PREFIX_PATH=/home/khaledob/bookros2_ws/install/controller_manager:/home/khaledob/bookros2_ws/install/controller_interface:/home/khaledob/bookros2_ws/install/hardware_interface:/home/khaledob/bookros2_ws/install/ros2_control_test_assets:/home/khaledob/bookros2_ws/install/controller_manager_msgs:${AMENT_PREFIX_PATH} CMAKE_PREFIX_PATH=/home/khaledob/bookros2_ws/install/controller_manager:/home/khaledob/bookros2_ws/install/controller_interface:/home/khaledob/bookros2_ws/install/hardware_interface:/home/khaledob/bookros2_ws/install/ros2_control_test_assets:/home/khaledob/bookros2_ws/install/controller_manager_msgs:/opt/ros/foxy LD_LIBRARY_PATH=/home/khaledob/bookros2_ws/install/controller_manager/lib:/home/khaledob/bookros2_ws/install/controller_interface/lib:/home/khaledob/bookros2_ws/install/hardware_interface/lib:/home/khaledob/bookros2_ws/install/controller_manager_msgs/lib:${LD_LIBRARY_PATH} PYTHONPATH=/home/khaledob/bookros2_ws/install/controller_manager/lib/python3.8/site-packages:/home/khaledob/bookros2_ws/install/controller_manager_msgs/lib/python3.8/site-packages:${PYTHONPATH} /usr/bin/cmake --build /home/khaledob/bookros2_ws/build/joint_trajectory_controller -- -j7 -l7
[8.669s] DEBUG:colcon.colcon_core.event_handler.log_command:Invoked command in '/home/khaledob/bookros2_ws/build/diff_drive_controller' returned '0': AMENT_PREFIX_PATH=/home/khaledob/bookros2_ws/install/controller_manager:/home/khaledob/bookros2_ws/install/controller_interface:/home/khaledob/bookros2_ws/install/hardware_interface:/home/khaledob/bookros2_ws/install/ros2_control_test_assets:/home/khaledob/bookros2_ws/install/controller_manager_msgs:${AMENT_PREFIX_PATH} CMAKE_PREFIX_PATH=/home/khaledob/bookros2_ws/install/controller_manager:/home/khaledob/bookros2_ws/install/controller_interface:/home/khaledob/bookros2_ws/install/hardware_interface:/home/khaledob/bookros2_ws/install/ros2_control_test_assets:/home/khaledob/bookros2_ws/install/controller_manager_msgs:/opt/ros/foxy LD_LIBRARY_PATH=/home/khaledob/bookros2_ws/install/controller_manager/lib:/home/khaledob/bookros2_ws/install/controller_interface/lib:/home/khaledob/bookros2_ws/install/hardware_interface/lib:/home/khaledob/bookros2_ws/install/controller_manager_msgs/lib:${LD_LIBRARY_PATH} PYTHONPATH=/home/khaledob/bookros2_ws/install/controller_manager/lib/python3.8/site-packages:/home/khaledob/bookros2_ws/install/controller_manager_msgs/lib/python3.8/site-packages:${PYTHONPATH} /usr/bin/cmake --build /home/khaledob/bookros2_ws/build/diff_drive_controller -- -j7 -l7
[8.675s] DEBUG:colcon.colcon_core.event_handler.log_command:Invoking command in '/home/khaledob/bookros2_ws/build/diff_drive_controller': AMENT_PREFIX_PATH=/home/khaledob/bookros2_ws/install/controller_manager:/home/khaledob/bookros2_ws/install/controller_interface:/home/khaledob/bookros2_ws/install/hardware_interface:/home/khaledob/bookros2_ws/install/ros2_control_test_assets:/home/khaledob/bookros2_ws/install/controller_manager_msgs:${AMENT_PREFIX_PATH} CMAKE_PREFIX_PATH=/home/khaledob/bookros2_ws/install/controller_manager:/home/khaledob/bookros2_ws/install/controller_interface:/home/khaledob/bookros2_ws/install/hardware_interface:/home/khaledob/bookros2_ws/install/ros2_control_test_assets:/home/khaledob/bookros2_ws/install/controller_manager_msgs:/opt/ros/foxy LD_LIBRARY_PATH=/home/khaledob/bookros2_ws/install/controller_manager/lib:/home/khaledob/bookros2_ws/install/controller_interface/lib:/home/khaledob/bookros2_ws/install/hardware_interface/lib:/home/khaledob/bookros2_ws/install/controller_manager_msgs/lib:${LD_LIBRARY_PATH} PYTHONPATH=/home/khaledob/bookros2_ws/install/controller_manager/lib/python3.8/site-packages:/home/khaledob/bookros2_ws/install/controller_manager_msgs/lib/python3.8/site-packages:${PYTHONPATH} /usr/bin/cmake --install /home/khaledob/bookros2_ws/build/diff_drive_controller
[8.705s] DEBUG:colcon.colcon_core.event_handler.log_command:Invoking command in '/home/khaledob/bookros2_ws/build/force_torque_sensor_broadcaster': AMENT_PREFIX_PATH=/home/khaledob/bookros2_ws/install/controller_manager:/home/khaledob/bookros2_ws/install/controller_interface:/home/khaledob/bookros2_ws/install/hardware_interface:/home/khaledob/bookros2_ws/install/ros2_control_test_assets:/home/khaledob/bookros2_ws/install/controller_manager_msgs:${AMENT_PREFIX_PATH} CMAKE_PREFIX_PATH=/home/khaledob/bookros2_ws/install/controller_manager:/home/khaledob/bookros2_ws/install/controller_interface:/home/khaledob/bookros2_ws/install/hardware_interface:/home/khaledob/bookros2_ws/install/ros2_control_test_assets:/home/khaledob/bookros2_ws/install/controller_manager_msgs:/opt/ros/foxy LD_LIBRARY_PATH=/home/khaledob/bookros2_ws/install/controller_manager/lib:/home/khaledob/bookros2_ws/install/controller_interface/lib:/home/khaledob/bookros2_ws/install/hardware_interface/lib:/home/khaledob/bookros2_ws/install/controller_manager_msgs/lib:${LD_LIBRARY_PATH} PYTHONPATH=/home/khaledob/bookros2_ws/install/controller_manager/lib/python3.8/site-packages:/home/khaledob/bookros2_ws/install/controller_manager_msgs/lib/python3.8/site-packages:${PYTHONPATH} /usr/bin/cmake --build /home/khaledob/bookros2_ws/build/force_torque_sensor_broadcaster -- -j7 -l7
[8.742s] DEBUG:colcon.colcon_core.event_handler.log_command:Invoked command in '/home/khaledob/bookros2_ws/build/joint_state_broadcaster' returned '0': AMENT_PREFIX_PATH=/home/khaledob/bookros2_ws/install/controller_manager:/home/khaledob/bookros2_ws/install/controller_interface:/home/khaledob/bookros2_ws/install/hardware_interface:/home/khaledob/bookros2_ws/install/ros2_control_test_assets:/home/khaledob/bookros2_ws/install/controller_manager_msgs:${AMENT_PREFIX_PATH} CMAKE_PREFIX_PATH=/home/khaledob/bookros2_ws/install/controller_manager:/home/khaledob/bookros2_ws/install/controller_interface:/home/khaledob/bookros2_ws/install/hardware_interface:/home/khaledob/bookros2_ws/install/ros2_control_test_assets:/home/khaledob/bookros2_ws/install/controller_manager_msgs:/opt/ros/foxy LD_LIBRARY_PATH=/home/khaledob/bookros2_ws/install/controller_manager/lib:/home/khaledob/bookros2_ws/install/controller_interface/lib:/home/khaledob/bookros2_ws/install/hardware_interface/lib:/home/khaledob/bookros2_ws/install/controller_manager_msgs/lib:${LD_LIBRARY_PATH} PYTHONPATH=/home/khaledob/bookros2_ws/install/controller_manager/lib/python3.8/site-packages:/home/khaledob/bookros2_ws/install/controller_manager_msgs/lib/python3.8/site-packages:${PYTHONPATH} /usr/bin/cmake --build /home/khaledob/bookros2_ws/build/joint_state_broadcaster -- -j7 -l7
[8.750s] DEBUG:colcon.colcon_core.event_handler.log_command:Invoking command in '/home/khaledob/bookros2_ws/build/joint_state_broadcaster': AMENT_PREFIX_PATH=/home/khaledob/bookros2_ws/install/controller_manager:/home/khaledob/bookros2_ws/install/controller_interface:/home/khaledob/bookros2_ws/install/hardware_interface:/home/khaledob/bookros2_ws/install/ros2_control_test_assets:/home/khaledob/bookros2_ws/install/controller_manager_msgs:${AMENT_PREFIX_PATH} CMAKE_PREFIX_PATH=/home/khaledob/bookros2_ws/install/controller_manager:/home/khaledob/bookros2_ws/install/controller_interface:/home/khaledob/bookros2_ws/install/hardware_interface:/home/khaledob/bookros2_ws/install/ros2_control_test_assets:/home/khaledob/bookros2_ws/install/controller_manager_msgs:/opt/ros/foxy LD_LIBRARY_PATH=/home/khaledob/bookros2_ws/install/controller_manager/lib:/home/khaledob/bookros2_ws/install/controller_interface/lib:/home/khaledob/bookros2_ws/install/hardware_interface/lib:/home/khaledob/bookros2_ws/install/controller_manager_msgs/lib:${LD_LIBRARY_PATH} PYTHONPATH=/home/khaledob/bookros2_ws/install/controller_manager/lib/python3.8/site-packages:/home/khaledob/bookros2_ws/install/controller_manager_msgs/lib/python3.8/site-packages:${PYTHONPATH} /usr/bin/cmake --install /home/khaledob/bookros2_ws/build/joint_state_broadcaster
[8.789s] Level 1:colcon.colcon_core.environment:create_environment_scripts_only(diff_drive_controller)
[8.791s] Level 1:colcon.colcon_core.environment:checking '/home/khaledob/bookros2_ws/install/diff_drive_controller' for CMake module files
[8.793s] DEBUG:colcon.colcon_core.event_handler.log_command:Invoked command in '/home/khaledob/bookros2_ws/build/diff_drive_controller' returned '0': AMENT_PREFIX_PATH=/home/khaledob/bookros2_ws/install/controller_manager:/home/khaledob/bookros2_ws/install/controller_interface:/home/khaledob/bookros2_ws/install/hardware_interface:/home/khaledob/bookros2_ws/install/ros2_control_test_assets:/home/khaledob/bookros2_ws/install/controller_manager_msgs:${AMENT_PREFIX_PATH} CMAKE_PREFIX_PATH=/home/khaledob/bookros2_ws/install/controller_manager:/home/khaledob/bookros2_ws/install/controller_interface:/home/khaledob/bookros2_ws/install/hardware_interface:/home/khaledob/bookros2_ws/install/ros2_control_test_assets:/home/khaledob/bookros2_ws/install/controller_manager_msgs:/opt/ros/foxy LD_LIBRARY_PATH=/home/khaledob/bookros2_ws/install/controller_manager/lib:/home/khaledob/bookros2_ws/install/controller_interface/lib:/home/khaledob/bookros2_ws/install/hardware_interface/lib:/home/khaledob/bookros2_ws/install/controller_manager_msgs/lib:${LD_LIBRARY_PATH} PYTHONPATH=/home/khaledob/bookros2_ws/install/controller_manager/lib/python3.8/site-packages:/home/khaledob/bookros2_ws/install/controller_manager_msgs/lib/python3.8/site-packages:${PYTHONPATH} /usr/bin/cmake --install /home/khaledob/bookros2_ws/build/diff_drive_controller
[8.796s] Level 1:colcon.colcon_core.environment:checking '/home/khaledob/bookros2_ws/install/diff_drive_controller' for CMake config files
[8.799s] Level 1:colcon.colcon_core.shell:create_environment_hook('diff_drive_controller', 'cmake_prefix_path')
[8.800s] INFO:colcon.colcon_core.shell:Creating environment hook '/home/khaledob/bookros2_ws/install/diff_drive_controller/share/diff_drive_controller/hook/cmake_prefix_path.ps1'
[8.806s] INFO:colcon.colcon_core.shell:Creating environment descriptor '/home/khaledob/bookros2_ws/install/diff_drive_controller/share/diff_drive_controller/hook/cmake_prefix_path.dsv'
[8.808s] INFO:colcon.colcon_core.shell:Creating environment hook '/home/khaledob/bookros2_ws/install/diff_drive_controller/share/diff_drive_controller/hook/cmake_prefix_path.sh'
[8.816s] Level 1:colcon.colcon_core.environment:checking '/home/khaledob/bookros2_ws/install/diff_drive_controller/lib'
[8.817s] Level 1:colcon.colcon_core.shell:create_environment_hook('diff_drive_controller', 'ld_library_path_lib')
[8.817s] INFO:colcon.colcon_core.shell:Creating environment hook '/home/khaledob/bookros2_ws/install/diff_drive_controller/share/diff_drive_controller/hook/ld_library_path_lib.ps1'
[8.818s] INFO:colcon.colcon_core.shell:Creating environment descriptor '/home/khaledob/bookros2_ws/install/diff_drive_controller/share/diff_drive_controller/hook/ld_library_path_lib.dsv'
[8.821s] INFO:colcon.colcon_core.shell:Creating environment hook '/home/khaledob/bookros2_ws/install/diff_drive_controller/share/diff_drive_controller/hook/ld_library_path_lib.sh'
[8.823s] Level 1:colcon.colcon_core.environment:checking '/home/khaledob/bookros2_ws/install/diff_drive_controller/bin'
[8.823s] Level 1:colcon.colcon_core.environment:checking '/home/khaledob/bookros2_ws/install/diff_drive_controller/lib/pkgconfig/diff_drive_controller.pc'
[8.824s] Level 1:colcon.colcon_core.environment:checking '/home/khaledob/bookros2_ws/install/diff_drive_controller/lib/python3.8/site-packages'
[8.825s] Level 1:colcon.colcon_core.environment:checking '/home/khaledob/bookros2_ws/install/diff_drive_controller/bin'
[8.826s] INFO:colcon.colcon_core.shell:Creating package script '/home/khaledob/bookros2_ws/install/diff_drive_controller/share/diff_drive_controller/package.ps1'
[8.843s] INFO:colcon.colcon_core.shell:Creating package descriptor '/home/khaledob/bookros2_ws/install/diff_drive_controller/share/diff_drive_controller/package.dsv'
[8.844s] INFO:colcon.colcon_core.shell:Creating package script '/home/khaledob/bookros2_ws/install/diff_drive_controller/share/diff_drive_controller/package.sh'
[8.847s] INFO:colcon.colcon_core.shell:Creating package script '/home/khaledob/bookros2_ws/install/diff_drive_controller/share/diff_drive_controller/package.bash'
[8.849s] INFO:colcon.colcon_core.shell:Creating package script '/home/khaledob/bookros2_ws/install/diff_drive_controller/share/diff_drive_controller/package.zsh'
[8.851s] Level 1:colcon.colcon_core.environment:create_file_with_runtime_dependencies(/home/khaledob/bookros2_ws/install/diff_drive_controller/share/colcon-core/packages/diff_drive_controller)
[8.867s] Level 1:colcon.colcon_core.environment:create_environment_scripts_only(diff_drive_controller)
[8.868s] Level 1:colcon.colcon_core.environment:checking '/home/khaledob/bookros2_ws/install/diff_drive_controller' for CMake module files
[8.870s] Level 1:colcon.colcon_core.environment:checking '/home/khaledob/bookros2_ws/install/diff_drive_controller' for CMake config files
[8.877s] Level 1:colcon.colcon_core.shell:create_environment_hook('diff_drive_controller', 'cmake_prefix_path')
[8.878s] INFO:colcon.colcon_core.shell:Creating environment hook '/home/khaledob/bookros2_ws/install/diff_drive_controller/share/diff_drive_controller/hook/cmake_prefix_path.ps1'
[8.880s] INFO:colcon.colcon_core.shell:Creating environment descriptor '/home/khaledob/bookros2_ws/install/diff_drive_controller/share/diff_drive_controller/hook/cmake_prefix_path.dsv'
[8.881s] INFO:colcon.colcon_core.shell:Creating environment hook '/home/khaledob/bookros2_ws/install/diff_drive_controller/share/diff_drive_controller/hook/cmake_prefix_path.sh'
[8.884s] Level 1:colcon.colcon_core.environment:checking '/home/khaledob/bookros2_ws/install/diff_drive_controller/lib'
[8.884s] Level 1:colcon.colcon_core.shell:create_environment_hook('diff_drive_controller', 'ld_library_path_lib')
[8.885s] INFO:colcon.colcon_core.shell:Creating environment hook '/home/khaledob/bookros2_ws/install/diff_drive_controller/share/diff_drive_controller/hook/ld_library_path_lib.ps1'
[8.886s] INFO:colcon.colcon_core.shell:Creating environment descriptor '/home/khaledob/bookros2_ws/install/diff_drive_controller/share/diff_drive_controller/hook/ld_library_path_lib.dsv'
[8.888s] INFO:colcon.colcon_core.shell:Creating environment hook '/home/khaledob/bookros2_ws/install/diff_drive_controller/share/diff_drive_controller/hook/ld_library_path_lib.sh'
[8.890s] Level 1:colcon.colcon_core.environment:checking '/home/khaledob/bookros2_ws/install/diff_drive_controller/bin'
[8.890s] Level 1:colcon.colcon_core.environment:checking '/home/khaledob/bookros2_ws/install/diff_drive_controller/lib/pkgconfig/diff_drive_controller.pc'
[8.891s] Level 1:colcon.colcon_core.environment:checking '/home/khaledob/bookros2_ws/install/diff_drive_controller/lib/python3.8/site-packages'
[8.892s] Level 1:colcon.colcon_core.environment:checking '/home/khaledob/bookros2_ws/install/diff_drive_controller/bin'
[8.893s] INFO:colcon.colcon_core.shell:Creating package script '/home/khaledob/bookros2_ws/install/diff_drive_controller/share/diff_drive_controller/package.ps1'
[8.895s] INFO:colcon.colcon_core.shell:Creating package descriptor '/home/khaledob/bookros2_ws/install/diff_drive_controller/share/diff_drive_controller/package.dsv'
[8.898s] INFO:colcon.colcon_core.shell:Creating package script '/home/khaledob/bookros2_ws/install/diff_drive_controller/share/diff_drive_controller/package.sh'
[8.904s] INFO:colcon.colcon_core.shell:Creating package script '/home/khaledob/bookros2_ws/install/diff_drive_controller/share/diff_drive_controller/package.bash'
[8.906s] INFO:colcon.colcon_core.shell:Creating package script '/home/khaledob/bookros2_ws/install/diff_drive_controller/share/diff_drive_controller/package.zsh'
[8.909s] Level 1:colcon.colcon_core.environment:create_file_with_runtime_dependencies(/home/khaledob/bookros2_ws/install/diff_drive_controller/share/colcon-core/packages/diff_drive_controller)
[8.915s] INFO:colcon.colcon_ros.task.ament_python.build:Building ROS package in '/home/khaledob/bookros2_ws/src/ThirdParty/ros2_control/ros2controlcli' with build type 'ament_python'
[8.916s] Level 1:colcon.colcon_core.shell:create_environment_hook('ros2controlcli', 'ament_prefix_path')
[8.917s] INFO:colcon.colcon_core.shell:Creating environment hook '/home/khaledob/bookros2_ws/install/ros2controlcli/share/ros2controlcli/hook/ament_prefix_path.ps1'
[8.918s] INFO:colcon.colcon_core.shell:Creating environment descriptor '/home/khaledob/bookros2_ws/install/ros2controlcli/share/ros2controlcli/hook/ament_prefix_path.dsv'
[8.922s] INFO:colcon.colcon_core.shell:Creating environment hook '/home/khaledob/bookros2_ws/install/ros2controlcli/share/ros2controlcli/hook/ament_prefix_path.sh'
[8.925s] INFO:colcon.colcon_core.shell:Skip shell extension 'powershell' for command environment: Not usable outside of PowerShell
[8.925s] DEBUG:colcon.colcon_core.shell:Skip shell extension 'dsv' for command environment
[8.957s] DEBUG:colcon.colcon_core.event_handler.log_command:Invoked command in '/home/khaledob/bookros2_ws/build/forward_command_controller' returned '0': AMENT_PREFIX_PATH=/home/khaledob/bookros2_ws/install/controller_manager:/home/khaledob/bookros2_ws/install/controller_interface:/home/khaledob/bookros2_ws/install/hardware_interface:/home/khaledob/bookros2_ws/install/ros2_control_test_assets:/home/khaledob/bookros2_ws/install/controller_manager_msgs:${AMENT_PREFIX_PATH} CMAKE_PREFIX_PATH=/home/khaledob/bookros2_ws/install/controller_manager:/home/khaledob/bookros2_ws/install/controller_interface:/home/khaledob/bookros2_ws/install/hardware_interface:/home/khaledob/bookros2_ws/install/ros2_control_test_assets:/home/khaledob/bookros2_ws/install/controller_manager_msgs:/opt/ros/foxy LD_LIBRARY_PATH=/home/khaledob/bookros2_ws/install/controller_manager/lib:/home/khaledob/bookros2_ws/install/controller_interface/lib:/home/khaledob/bookros2_ws/install/hardware_interface/lib:/home/khaledob/bookros2_ws/install/controller_manager_msgs/lib:${LD_LIBRARY_PATH} PYTHONPATH=/home/khaledob/bookros2_ws/install/controller_manager/lib/python3.8/site-packages:/home/khaledob/bookros2_ws/install/controller_manager_msgs/lib/python3.8/site-packages:${PYTHONPATH} /usr/bin/cmake --build /home/khaledob/bookros2_ws/build/forward_command_controller -- -j7 -l7
[8.959s] DEBUG:colcon.colcon_core.event_handler.log_command:Invoking command in '/home/khaledob/bookros2_ws/build/forward_command_controller': AMENT_PREFIX_PATH=/home/khaledob/bookros2_ws/install/controller_manager:/home/khaledob/bookros2_ws/install/controller_interface:/home/khaledob/bookros2_ws/install/hardware_interface:/home/khaledob/bookros2_ws/install/ros2_control_test_assets:/home/khaledob/bookros2_ws/install/controller_manager_msgs:${AMENT_PREFIX_PATH} CMAKE_PREFIX_PATH=/home/khaledob/bookros2_ws/install/controller_manager:/home/khaledob/bookros2_ws/install/controller_interface:/home/khaledob/bookros2_ws/install/hardware_interface:/home/khaledob/bookros2_ws/install/ros2_control_test_assets:/home/khaledob/bookros2_ws/install/controller_manager_msgs:/opt/ros/foxy LD_LIBRARY_PATH=/home/khaledob/bookros2_ws/install/controller_manager/lib:/home/khaledob/bookros2_ws/install/controller_interface/lib:/home/khaledob/bookros2_ws/install/hardware_interface/lib:/home/khaledob/bookros2_ws/install/controller_manager_msgs/lib:${LD_LIBRARY_PATH} PYTHONPATH=/home/khaledob/bookros2_ws/install/controller_manager/lib/python3.8/site-packages:/home/khaledob/bookros2_ws/install/controller_manager_msgs/lib/python3.8/site-packages:${PYTHONPATH} /usr/bin/cmake --install /home/khaledob/bookros2_ws/build/forward_command_controller
[8.973s] Level 1:colcon.colcon_core.environment:create_environment_scripts_only(joint_state_broadcaster)
[8.974s] Level 1:colcon.colcon_core.environment:checking '/home/khaledob/bookros2_ws/install/joint_state_broadcaster' for CMake module files
[8.975s] Level 1:colcon.colcon_core.environment:checking '/home/khaledob/bookros2_ws/install/joint_state_broadcaster' for CMake config files
[8.976s] Level 1:colcon.colcon_core.shell:create_environment_hook('joint_state_broadcaster', 'cmake_prefix_path')
[8.977s] INFO:colcon.colcon_core.shell:Creating environment hook '/home/khaledob/bookros2_ws/install/joint_state_broadcaster/share/joint_state_broadcaster/hook/cmake_prefix_path.ps1'
[8.973s] DEBUG:colcon.colcon_core.event_handler.log_command:Invoked command in '/home/khaledob/bookros2_ws/build/joint_state_broadcaster' returned '0': AMENT_PREFIX_PATH=/home/khaledob/bookros2_ws/install/controller_manager:/home/khaledob/bookros2_ws/install/controller_interface:/home/khaledob/bookros2_ws/install/hardware_interface:/home/khaledob/bookros2_ws/install/ros2_control_test_assets:/home/khaledob/bookros2_ws/install/controller_manager_msgs:${AMENT_PREFIX_PATH} CMAKE_PREFIX_PATH=/home/khaledob/bookros2_ws/install/controller_manager:/home/khaledob/bookros2_ws/install/controller_interface:/home/khaledob/bookros2_ws/install/hardware_interface:/home/khaledob/bookros2_ws/install/ros2_control_test_assets:/home/khaledob/bookros2_ws/install/controller_manager_msgs:/opt/ros/foxy LD_LIBRARY_PATH=/home/khaledob/bookros2_ws/install/controller_manager/lib:/home/khaledob/bookros2_ws/install/controller_interface/lib:/home/khaledob/bookros2_ws/install/hardware_interface/lib:/home/khaledob/bookros2_ws/install/controller_manager_msgs/lib:${LD_LIBRARY_PATH} PYTHONPATH=/home/khaledob/bookros2_ws/install/controller_manager/lib/python3.8/site-packages:/home/khaledob/bookros2_ws/install/controller_manager_msgs/lib/python3.8/site-packages:${PYTHONPATH} /usr/bin/cmake --install /home/khaledob/bookros2_ws/build/joint_state_broadcaster
[8.988s] INFO:colcon.colcon_core.shell:Creating environment descriptor '/home/khaledob/bookros2_ws/install/joint_state_broadcaster/share/joint_state_broadcaster/hook/cmake_prefix_path.dsv'
[8.996s] INFO:colcon.colcon_core.shell:Creating environment hook '/home/khaledob/bookros2_ws/install/joint_state_broadcaster/share/joint_state_broadcaster/hook/cmake_prefix_path.sh'
[9.003s] Level 1:colcon.colcon_core.environment:checking '/home/khaledob/bookros2_ws/install/joint_state_broadcaster/lib'
[9.003s] Level 1:colcon.colcon_core.shell:create_environment_hook('joint_state_broadcaster', 'ld_library_path_lib')
[9.003s] INFO:colcon.colcon_core.shell:Creating environment hook '/home/khaledob/bookros2_ws/install/joint_state_broadcaster/share/joint_state_broadcaster/hook/ld_library_path_lib.ps1'
[9.004s] INFO:colcon.colcon_core.shell:Creating environment descriptor '/home/khaledob/bookros2_ws/install/joint_state_broadcaster/share/joint_state_broadcaster/hook/ld_library_path_lib.dsv'
[9.005s] INFO:colcon.colcon_core.shell:Creating environment hook '/home/khaledob/bookros2_ws/install/joint_state_broadcaster/share/joint_state_broadcaster/hook/ld_library_path_lib.sh'
[9.007s] Level 1:colcon.colcon_core.environment:checking '/home/khaledob/bookros2_ws/install/joint_state_broadcaster/bin'
[9.007s] Level 1:colcon.colcon_core.environment:checking '/home/khaledob/bookros2_ws/install/joint_state_broadcaster/lib/pkgconfig/joint_state_broadcaster.pc'
[9.008s] Level 1:colcon.colcon_core.environment:checking '/home/khaledob/bookros2_ws/install/joint_state_broadcaster/lib/python3.8/site-packages'
[9.008s] Level 1:colcon.colcon_core.environment:checking '/home/khaledob/bookros2_ws/install/joint_state_broadcaster/bin'
[9.009s] INFO:colcon.colcon_core.shell:Creating package script '/home/khaledob/bookros2_ws/install/joint_state_broadcaster/share/joint_state_broadcaster/package.ps1'
[9.011s] INFO:colcon.colcon_core.shell:Creating package descriptor '/home/khaledob/bookros2_ws/install/joint_state_broadcaster/share/joint_state_broadcaster/package.dsv'
[9.012s] INFO:colcon.colcon_core.shell:Creating package script '/home/khaledob/bookros2_ws/install/joint_state_broadcaster/share/joint_state_broadcaster/package.sh'
[9.013s] INFO:colcon.colcon_core.shell:Creating package script '/home/khaledob/bookros2_ws/install/joint_state_broadcaster/share/joint_state_broadcaster/package.bash'
[9.015s] INFO:colcon.colcon_core.shell:Creating package script '/home/khaledob/bookros2_ws/install/joint_state_broadcaster/share/joint_state_broadcaster/package.zsh'
[9.018s] Level 1:colcon.colcon_core.environment:create_file_with_runtime_dependencies(/home/khaledob/bookros2_ws/install/joint_state_broadcaster/share/colcon-core/packages/joint_state_broadcaster)
[9.020s] Level 1:colcon.colcon_core.environment:create_environment_scripts_only(joint_state_broadcaster)
[9.021s] Level 1:colcon.colcon_core.environment:checking '/home/khaledob/bookros2_ws/install/joint_state_broadcaster' for CMake module files
[9.021s] Level 1:colcon.colcon_core.environment:checking '/home/khaledob/bookros2_ws/install/joint_state_broadcaster' for CMake config files
[9.022s] Level 1:colcon.colcon_core.shell:create_environment_hook('joint_state_broadcaster', 'cmake_prefix_path')
[9.023s] INFO:colcon.colcon_core.shell:Creating environment hook '/home/khaledob/bookros2_ws/install/joint_state_broadcaster/share/joint_state_broadcaster/hook/cmake_prefix_path.ps1'
[9.025s] INFO:colcon.colcon_core.shell:Creating environment descriptor '/home/khaledob/bookros2_ws/install/joint_state_broadcaster/share/joint_state_broadcaster/hook/cmake_prefix_path.dsv'
[9.029s] INFO:colcon.colcon_core.shell:Creating environment hook '/home/khaledob/bookros2_ws/install/joint_state_broadcaster/share/joint_state_broadcaster/hook/cmake_prefix_path.sh'
[9.041s] Level 1:colcon.colcon_core.environment:checking '/home/khaledob/bookros2_ws/install/joint_state_broadcaster/lib'
[9.041s] Level 1:colcon.colcon_core.shell:create_environment_hook('joint_state_broadcaster', 'ld_library_path_lib')
[9.042s] INFO:colcon.colcon_core.shell:Creating environment hook '/home/khaledob/bookros2_ws/install/joint_state_broadcaster/share/joint_state_broadcaster/hook/ld_library_path_lib.ps1'
[9.043s] INFO:colcon.colcon_core.shell:Creating environment descriptor '/home/khaledob/bookros2_ws/install/joint_state_broadcaster/share/joint_state_broadcaster/hook/ld_library_path_lib.dsv'
[9.046s] INFO:colcon.colcon_core.shell:Creating environment hook '/home/khaledob/bookros2_ws/install/joint_state_broadcaster/share/joint_state_broadcaster/hook/ld_library_path_lib.sh'
[9.050s] Level 1:colcon.colcon_core.environment:checking '/home/khaledob/bookros2_ws/install/joint_state_broadcaster/bin'
[9.051s] Level 1:colcon.colcon_core.environment:checking '/home/khaledob/bookros2_ws/install/joint_state_broadcaster/lib/pkgconfig/joint_state_broadcaster.pc'
[9.051s] Level 1:colcon.colcon_core.environment:checking '/home/khaledob/bookros2_ws/install/joint_state_broadcaster/lib/python3.8/site-packages'
[9.053s] Level 1:colcon.colcon_core.environment:checking '/home/khaledob/bookros2_ws/install/joint_state_broadcaster/bin'
[9.054s] INFO:colcon.colcon_core.shell:Creating package script '/home/khaledob/bookros2_ws/install/joint_state_broadcaster/share/joint_state_broadcaster/package.ps1'
[9.055s] INFO:colcon.colcon_core.shell:Creating package descriptor '/home/khaledob/bookros2_ws/install/joint_state_broadcaster/share/joint_state_broadcaster/package.dsv'
[9.059s] INFO:colcon.colcon_core.shell:Creating package script '/home/khaledob/bookros2_ws/install/joint_state_broadcaster/share/joint_state_broadcaster/package.sh'
[9.061s] INFO:colcon.colcon_core.shell:Creating package script '/home/khaledob/bookros2_ws/install/joint_state_broadcaster/share/joint_state_broadcaster/package.bash'
[9.062s] INFO:colcon.colcon_core.shell:Creating package script '/home/khaledob/bookros2_ws/install/joint_state_broadcaster/share/joint_state_broadcaster/package.zsh'
[9.070s] Level 1:colcon.colcon_core.environment:create_file_with_runtime_dependencies(/home/khaledob/bookros2_ws/install/joint_state_broadcaster/share/colcon-core/packages/joint_state_broadcaster)
[9.086s] INFO:colcon.colcon_ros.task.ament_cmake.build:Building ROS package in '/home/khaledob/bookros2_ws/src/ThirdParty/ros2_controllers/joint_state_controller' with build type 'ament_cmake'
[9.087s] INFO:colcon.colcon_cmake.task.cmake.build:Building CMake package in '/home/khaledob/bookros2_ws/src/ThirdParty/ros2_controllers/joint_state_controller'
[9.087s] INFO:colcon.colcon_core.shell:Skip shell extension 'powershell' for command environment: Not usable outside of PowerShell
[9.088s] DEBUG:colcon.colcon_core.shell:Skip shell extension 'dsv' for command environment
[9.136s] Level 1:colcon.colcon_core.environment:create_environment_scripts_only(forward_command_controller)
[9.137s] DEBUG:colcon.colcon_core.event_handler.log_command:Invoked command in '/home/khaledob/bookros2_ws/build/forward_command_controller' returned '0': AMENT_PREFIX_PATH=/home/khaledob/bookros2_ws/install/controller_manager:/home/khaledob/bookros2_ws/install/controller_interface:/home/khaledob/bookros2_ws/install/hardware_interface:/home/khaledob/bookros2_ws/install/ros2_control_test_assets:/home/khaledob/bookros2_ws/install/controller_manager_msgs:${AMENT_PREFIX_PATH} CMAKE_PREFIX_PATH=/home/khaledob/bookros2_ws/install/controller_manager:/home/khaledob/bookros2_ws/install/controller_interface:/home/khaledob/bookros2_ws/install/hardware_interface:/home/khaledob/bookros2_ws/install/ros2_control_test_assets:/home/khaledob/bookros2_ws/install/controller_manager_msgs:/opt/ros/foxy LD_LIBRARY_PATH=/home/khaledob/bookros2_ws/install/controller_manager/lib:/home/khaledob/bookros2_ws/install/controller_interface/lib:/home/khaledob/bookros2_ws/install/hardware_interface/lib:/home/khaledob/bookros2_ws/install/controller_manager_msgs/lib:${LD_LIBRARY_PATH} PYTHONPATH=/home/khaledob/bookros2_ws/install/controller_manager/lib/python3.8/site-packages:/home/khaledob/bookros2_ws/install/controller_manager_msgs/lib/python3.8/site-packages:${PYTHONPATH} /usr/bin/cmake --install /home/khaledob/bookros2_ws/build/forward_command_controller
[9.140s] Level 1:colcon.colcon_core.environment:checking '/home/khaledob/bookros2_ws/install/forward_command_controller' for CMake module files
[9.145s] Level 1:colcon.colcon_core.environment:checking '/home/khaledob/bookros2_ws/install/forward_command_controller' for CMake config files
[9.147s] Level 1:colcon.colcon_core.shell:create_environment_hook('forward_command_controller', 'cmake_prefix_path')
[9.148s] INFO:colcon.colcon_core.shell:Creating environment hook '/home/khaledob/bookros2_ws/install/forward_command_controller/share/forward_command_controller/hook/cmake_prefix_path.ps1'
[9.151s] INFO:colcon.colcon_core.shell:Creating environment descriptor '/home/khaledob/bookros2_ws/install/forward_command_controller/share/forward_command_controller/hook/cmake_prefix_path.dsv'
[9.154s] INFO:colcon.colcon_core.shell:Creating environment hook '/home/khaledob/bookros2_ws/install/forward_command_controller/share/forward_command_controller/hook/cmake_prefix_path.sh'
[9.157s] Level 1:colcon.colcon_core.environment:checking '/home/khaledob/bookros2_ws/install/forward_command_controller/lib'
[9.157s] Level 1:colcon.colcon_core.shell:create_environment_hook('forward_command_controller', 'ld_library_path_lib')
[9.158s] INFO:colcon.colcon_core.shell:Creating environment hook '/home/khaledob/bookros2_ws/install/forward_command_controller/share/forward_command_controller/hook/ld_library_path_lib.ps1'
[9.159s] INFO:colcon.colcon_core.shell:Creating environment descriptor '/home/khaledob/bookros2_ws/install/forward_command_controller/share/forward_command_controller/hook/ld_library_path_lib.dsv'
[9.162s] INFO:colcon.colcon_core.shell:Creating environment hook '/home/khaledob/bookros2_ws/install/forward_command_controller/share/forward_command_controller/hook/ld_library_path_lib.sh'
[9.164s] Level 1:colcon.colcon_core.environment:checking '/home/khaledob/bookros2_ws/install/forward_command_controller/bin'
[9.164s] Level 1:colcon.colcon_core.environment:checking '/home/khaledob/bookros2_ws/install/forward_command_controller/lib/pkgconfig/forward_command_controller.pc'
[9.165s] Level 1:colcon.colcon_core.environment:checking '/home/khaledob/bookros2_ws/install/forward_command_controller/lib/python3.8/site-packages'
[9.165s] Level 1:colcon.colcon_core.environment:checking '/home/khaledob/bookros2_ws/install/forward_command_controller/bin'
[9.165s] INFO:colcon.colcon_core.shell:Creating package script '/home/khaledob/bookros2_ws/install/forward_command_controller/share/forward_command_controller/package.ps1'
[9.167s] INFO:colcon.colcon_core.shell:Creating package descriptor '/home/khaledob/bookros2_ws/install/forward_command_controller/share/forward_command_controller/package.dsv'
[9.168s] INFO:colcon.colcon_core.shell:Creating package script '/home/khaledob/bookros2_ws/install/forward_command_controller/share/forward_command_controller/package.sh'
[9.169s] INFO:colcon.colcon_core.shell:Creating package script '/home/khaledob/bookros2_ws/install/forward_command_controller/share/forward_command_controller/package.bash'
[9.170s] INFO:colcon.colcon_core.shell:Creating package script '/home/khaledob/bookros2_ws/install/forward_command_controller/share/forward_command_controller/package.zsh'
[9.187s] Level 1:colcon.colcon_core.environment:create_file_with_runtime_dependencies(/home/khaledob/bookros2_ws/install/forward_command_controller/share/colcon-core/packages/forward_command_controller)
[9.198s] Level 1:colcon.colcon_core.environment:create_environment_scripts_only(forward_command_controller)
[9.202s] Level 1:colcon.colcon_core.environment:checking '/home/khaledob/bookros2_ws/install/forward_command_controller' for CMake module files
[9.203s] Level 1:colcon.colcon_core.environment:checking '/home/khaledob/bookros2_ws/install/forward_command_controller' for CMake config files
[9.207s] Level 1:colcon.colcon_core.shell:create_environment_hook('forward_command_controller', 'cmake_prefix_path')
[9.207s] INFO:colcon.colcon_core.shell:Creating environment hook '/home/khaledob/bookros2_ws/install/forward_command_controller/share/forward_command_controller/hook/cmake_prefix_path.ps1'
[9.209s] INFO:colcon.colcon_core.shell:Creating environment descriptor '/home/khaledob/bookros2_ws/install/forward_command_controller/share/forward_command_controller/hook/cmake_prefix_path.dsv'
[9.217s] INFO:colcon.colcon_core.shell:Creating environment hook '/home/khaledob/bookros2_ws/install/forward_command_controller/share/forward_command_controller/hook/cmake_prefix_path.sh'
[9.219s] Level 1:colcon.colcon_core.environment:checking '/home/khaledob/bookros2_ws/install/forward_command_controller/lib'
[9.219s] Level 1:colcon.colcon_core.shell:create_environment_hook('forward_command_controller', 'ld_library_path_lib')
[9.220s] INFO:colcon.colcon_core.shell:Creating environment hook '/home/khaledob/bookros2_ws/install/forward_command_controller/share/forward_command_controller/hook/ld_library_path_lib.ps1'
[9.222s] INFO:colcon.colcon_core.shell:Creating environment descriptor '/home/khaledob/bookros2_ws/install/forward_command_controller/share/forward_command_controller/hook/ld_library_path_lib.dsv'
[9.223s] INFO:colcon.colcon_core.shell:Creating environment hook '/home/khaledob/bookros2_ws/install/forward_command_controller/share/forward_command_controller/hook/ld_library_path_lib.sh'
[9.225s] Level 1:colcon.colcon_core.environment:checking '/home/khaledob/bookros2_ws/install/forward_command_controller/bin'
[9.225s] Level 1:colcon.colcon_core.environment:checking '/home/khaledob/bookros2_ws/install/forward_command_controller/lib/pkgconfig/forward_command_controller.pc'
[9.225s] Level 1:colcon.colcon_core.environment:checking '/home/khaledob/bookros2_ws/install/forward_command_controller/lib/python3.8/site-packages'
[9.226s] Level 1:colcon.colcon_core.environment:checking '/home/khaledob/bookros2_ws/install/forward_command_controller/bin'
[9.226s] INFO:colcon.colcon_core.shell:Creating package script '/home/khaledob/bookros2_ws/install/forward_command_controller/share/forward_command_controller/package.ps1'
[9.228s] INFO:colcon.colcon_core.shell:Creating package descriptor '/home/khaledob/bookros2_ws/install/forward_command_controller/share/forward_command_controller/package.dsv'
[9.229s] INFO:colcon.colcon_core.shell:Creating package script '/home/khaledob/bookros2_ws/install/forward_command_controller/share/forward_command_controller/package.sh'
[9.233s] INFO:colcon.colcon_core.shell:Creating package script '/home/khaledob/bookros2_ws/install/forward_command_controller/share/forward_command_controller/package.bash'
[9.234s] INFO:colcon.colcon_core.shell:Creating package script '/home/khaledob/bookros2_ws/install/forward_command_controller/share/forward_command_controller/package.zsh'
[9.236s] Level 1:colcon.colcon_core.environment:create_file_with_runtime_dependencies(/home/khaledob/bookros2_ws/install/forward_command_controller/share/colcon-core/packages/forward_command_controller)
[9.241s] INFO:colcon.colcon_ros.task.ament_cmake.build:Building ROS package in '/home/khaledob/bookros2_ws/src/ThirdParty/ros2_controllers/position_controllers' with build type 'ament_cmake'
[9.242s] INFO:colcon.colcon_cmake.task.cmake.build:Building CMake package in '/home/khaledob/bookros2_ws/src/ThirdParty/ros2_controllers/position_controllers'
[9.242s] INFO:colcon.colcon_core.shell:Skip shell extension 'powershell' for command environment: Not usable outside of PowerShell
[9.242s] DEBUG:colcon.colcon_core.shell:Skip shell extension 'dsv' for command environment
[9.287s] DEBUG:colcon.colcon_core.event_handler.log_command:Invoked command in '/home/khaledob/bookros2_ws/build/imu_sensor_broadcaster' returned '0': AMENT_PREFIX_PATH=/home/khaledob/bookros2_ws/install/controller_manager:/home/khaledob/bookros2_ws/install/controller_interface:/home/khaledob/bookros2_ws/install/hardware_interface:/home/khaledob/bookros2_ws/install/ros2_control_test_assets:/home/khaledob/bookros2_ws/install/controller_manager_msgs:${AMENT_PREFIX_PATH} CMAKE_PREFIX_PATH=/home/khaledob/bookros2_ws/install/controller_manager:/home/khaledob/bookros2_ws/install/controller_interface:/home/khaledob/bookros2_ws/install/hardware_interface:/home/khaledob/bookros2_ws/install/ros2_control_test_assets:/home/khaledob/bookros2_ws/install/controller_manager_msgs:/opt/ros/foxy LD_LIBRARY_PATH=/home/khaledob/bookros2_ws/install/controller_manager/lib:/home/khaledob/bookros2_ws/install/controller_interface/lib:/home/khaledob/bookros2_ws/install/hardware_interface/lib:/home/khaledob/bookros2_ws/install/controller_manager_msgs/lib:${LD_LIBRARY_PATH} PYTHONPATH=/home/khaledob/bookros2_ws/install/controller_manager/lib/python3.8/site-packages:/home/khaledob/bookros2_ws/install/controller_manager_msgs/lib/python3.8/site-packages:${PYTHONPATH} /usr/bin/cmake --build /home/khaledob/bookros2_ws/build/imu_sensor_broadcaster -- -j7 -l7
[9.304s] DEBUG:colcon.colcon_core.event_handler.log_command:Invoking command in '/home/khaledob/bookros2_ws/build/imu_sensor_broadcaster': AMENT_PREFIX_PATH=/home/khaledob/bookros2_ws/install/controller_manager:/home/khaledob/bookros2_ws/install/controller_interface:/home/khaledob/bookros2_ws/install/hardware_interface:/home/khaledob/bookros2_ws/install/ros2_control_test_assets:/home/khaledob/bookros2_ws/install/controller_manager_msgs:${AMENT_PREFIX_PATH} CMAKE_PREFIX_PATH=/home/khaledob/bookros2_ws/install/controller_manager:/home/khaledob/bookros2_ws/install/controller_interface:/home/khaledob/bookros2_ws/install/hardware_interface:/home/khaledob/bookros2_ws/install/ros2_control_test_assets:/home/khaledob/bookros2_ws/install/controller_manager_msgs:/opt/ros/foxy LD_LIBRARY_PATH=/home/khaledob/bookros2_ws/install/controller_manager/lib:/home/khaledob/bookros2_ws/install/controller_interface/lib:/home/khaledob/bookros2_ws/install/hardware_interface/lib:/home/khaledob/bookros2_ws/install/controller_manager_msgs/lib:${LD_LIBRARY_PATH} PYTHONPATH=/home/khaledob/bookros2_ws/install/controller_manager/lib/python3.8/site-packages:/home/khaledob/bookros2_ws/install/controller_manager_msgs/lib/python3.8/site-packages:${PYTHONPATH} /usr/bin/cmake --install /home/khaledob/bookros2_ws/build/imu_sensor_broadcaster
[9.362s] DEBUG:colcon.colcon_core.event_handler.log_command:Invoked command in '/home/khaledob/bookros2_ws/build/joint_trajectory_controller' returned '0': AMENT_PREFIX_PATH=/home/khaledob/bookros2_ws/install/controller_manager:/home/khaledob/bookros2_ws/install/controller_interface:/home/khaledob/bookros2_ws/install/hardware_interface:/home/khaledob/bookros2_ws/install/ros2_control_test_assets:/home/khaledob/bookros2_ws/install/controller_manager_msgs:${AMENT_PREFIX_PATH} CMAKE_PREFIX_PATH=/home/khaledob/bookros2_ws/install/controller_manager:/home/khaledob/bookros2_ws/install/controller_interface:/home/khaledob/bookros2_ws/install/hardware_interface:/home/khaledob/bookros2_ws/install/ros2_control_test_assets:/home/khaledob/bookros2_ws/install/controller_manager_msgs:/opt/ros/foxy LD_LIBRARY_PATH=/home/khaledob/bookros2_ws/install/controller_manager/lib:/home/khaledob/bookros2_ws/install/controller_interface/lib:/home/khaledob/bookros2_ws/install/hardware_interface/lib:/home/khaledob/bookros2_ws/install/controller_manager_msgs/lib:${LD_LIBRARY_PATH} PYTHONPATH=/home/khaledob/bookros2_ws/install/controller_manager/lib/python3.8/site-packages:/home/khaledob/bookros2_ws/install/controller_manager_msgs/lib/python3.8/site-packages:${PYTHONPATH} /usr/bin/cmake --build /home/khaledob/bookros2_ws/build/joint_trajectory_controller -- -j7 -l7
[9.364s] DEBUG:colcon.colcon_core.event_handler.log_command:Invoking command in '/home/khaledob/bookros2_ws/build/joint_trajectory_controller': AMENT_PREFIX_PATH=/home/khaledob/bookros2_ws/install/controller_manager:/home/khaledob/bookros2_ws/install/controller_interface:/home/khaledob/bookros2_ws/install/hardware_interface:/home/khaledob/bookros2_ws/install/ros2_control_test_assets:/home/khaledob/bookros2_ws/install/controller_manager_msgs:${AMENT_PREFIX_PATH} CMAKE_PREFIX_PATH=/home/khaledob/bookros2_ws/install/controller_manager:/home/khaledob/bookros2_ws/install/controller_interface:/home/khaledob/bookros2_ws/install/hardware_interface:/home/khaledob/bookros2_ws/install/ros2_control_test_assets:/home/khaledob/bookros2_ws/install/controller_manager_msgs:/opt/ros/foxy LD_LIBRARY_PATH=/home/khaledob/bookros2_ws/install/controller_manager/lib:/home/khaledob/bookros2_ws/install/controller_interface/lib:/home/khaledob/bookros2_ws/install/hardware_interface/lib:/home/khaledob/bookros2_ws/install/controller_manager_msgs/lib:${LD_LIBRARY_PATH} PYTHONPATH=/home/khaledob/bookros2_ws/install/controller_manager/lib/python3.8/site-packages:/home/khaledob/bookros2_ws/install/controller_manager_msgs/lib/python3.8/site-packages:${PYTHONPATH} /usr/bin/cmake --install /home/khaledob/bookros2_ws/build/joint_trajectory_controller
[9.736s] INFO:colcon.colcon_core.task.python.build:Building Python package in '/home/khaledob/bookros2_ws/src/ThirdParty/ros2_control/ros2controlcli'
[9.737s] INFO:colcon.colcon_core.shell:Skip shell extension 'powershell' for command environment: Not usable outside of PowerShell
[9.737s] DEBUG:colcon.colcon_core.shell:Skip shell extension 'dsv' for command environment
[9.804s] Level 1:colcon.colcon_core.environment:create_environment_scripts_only(joint_trajectory_controller)
[9.806s] Level 1:colcon.colcon_core.environment:checking '/home/khaledob/bookros2_ws/install/joint_trajectory_controller' for CMake module files
[9.814s] Level 1:colcon.colcon_core.environment:checking '/home/khaledob/bookros2_ws/install/joint_trajectory_controller' for CMake config files
[9.817s] DEBUG:colcon.colcon_core.event_handler.log_command:Invoking command in '/home/khaledob/bookros2_ws/build/joint_state_controller': AMENT_PREFIX_PATH=/home/khaledob/bookros2_ws/install/joint_state_broadcaster:/home/khaledob/bookros2_ws/install/controller_manager:/home/khaledob/bookros2_ws/install/controller_interface:/home/khaledob/bookros2_ws/install/hardware_interface:/home/khaledob/bookros2_ws/install/ros2_control_test_assets:/home/khaledob/bookros2_ws/install/controller_manager_msgs:${AMENT_PREFIX_PATH} CMAKE_PREFIX_PATH=/home/khaledob/bookros2_ws/install/joint_state_broadcaster:/home/khaledob/bookros2_ws/install/controller_manager:/home/khaledob/bookros2_ws/install/controller_interface:/home/khaledob/bookros2_ws/install/hardware_interface:/home/khaledob/bookros2_ws/install/ros2_control_test_assets:/home/khaledob/bookros2_ws/install/controller_manager_msgs:/opt/ros/foxy LD_LIBRARY_PATH=/home/khaledob/bookros2_ws/install/joint_state_broadcaster/lib:/home/khaledob/bookros2_ws/install/controller_manager/lib:/home/khaledob/bookros2_ws/install/controller_interface/lib:/home/khaledob/bookros2_ws/install/hardware_interface/lib:/home/khaledob/bookros2_ws/install/controller_manager_msgs/lib:${LD_LIBRARY_PATH} PYTHONPATH=/home/khaledob/bookros2_ws/install/controller_manager/lib/python3.8/site-packages:/home/khaledob/bookros2_ws/install/controller_manager_msgs/lib/python3.8/site-packages:${PYTHONPATH} /usr/bin/cmake --build /home/khaledob/bookros2_ws/build/joint_state_controller -- -j7 -l7
[9.818s] DEBUG:colcon.colcon_core.event_handler.log_command:Invoked command in '/home/khaledob/bookros2_ws/build/force_torque_sensor_broadcaster' returned '0': AMENT_PREFIX_PATH=/home/khaledob/bookros2_ws/install/controller_manager:/home/khaledob/bookros2_ws/install/controller_interface:/home/khaledob/bookros2_ws/install/hardware_interface:/home/khaledob/bookros2_ws/install/ros2_control_test_assets:/home/khaledob/bookros2_ws/install/controller_manager_msgs:${AMENT_PREFIX_PATH} CMAKE_PREFIX_PATH=/home/khaledob/bookros2_ws/install/controller_manager:/home/khaledob/bookros2_ws/install/controller_interface:/home/khaledob/bookros2_ws/install/hardware_interface:/home/khaledob/bookros2_ws/install/ros2_control_test_assets:/home/khaledob/bookros2_ws/install/controller_manager_msgs:/opt/ros/foxy LD_LIBRARY_PATH=/home/khaledob/bookros2_ws/install/controller_manager/lib:/home/khaledob/bookros2_ws/install/controller_interface/lib:/home/khaledob/bookros2_ws/install/hardware_interface/lib:/home/khaledob/bookros2_ws/install/controller_manager_msgs/lib:${LD_LIBRARY_PATH} PYTHONPATH=/home/khaledob/bookros2_ws/install/controller_manager/lib/python3.8/site-packages:/home/khaledob/bookros2_ws/install/controller_manager_msgs/lib/python3.8/site-packages:${PYTHONPATH} /usr/bin/cmake --build /home/khaledob/bookros2_ws/build/force_torque_sensor_broadcaster -- -j7 -l7
[9.821s] DEBUG:colcon.colcon_core.event_handler.log_command:Invoking command in '/home/khaledob/bookros2_ws/build/force_torque_sensor_broadcaster': AMENT_PREFIX_PATH=/home/khaledob/bookros2_ws/install/controller_manager:/home/khaledob/bookros2_ws/install/controller_interface:/home/khaledob/bookros2_ws/install/hardware_interface:/home/khaledob/bookros2_ws/install/ros2_control_test_assets:/home/khaledob/bookros2_ws/install/controller_manager_msgs:${AMENT_PREFIX_PATH} CMAKE_PREFIX_PATH=/home/khaledob/bookros2_ws/install/controller_manager:/home/khaledob/bookros2_ws/install/controller_interface:/home/khaledob/bookros2_ws/install/hardware_interface:/home/khaledob/bookros2_ws/install/ros2_control_test_assets:/home/khaledob/bookros2_ws/install/controller_manager_msgs:/opt/ros/foxy LD_LIBRARY_PATH=/home/khaledob/bookros2_ws/install/controller_manager/lib:/home/khaledob/bookros2_ws/install/controller_interface/lib:/home/khaledob/bookros2_ws/install/hardware_interface/lib:/home/khaledob/bookros2_ws/install/controller_manager_msgs/lib:${LD_LIBRARY_PATH} PYTHONPATH=/home/khaledob/bookros2_ws/install/controller_manager/lib/python3.8/site-packages:/home/khaledob/bookros2_ws/install/controller_manager_msgs/lib/python3.8/site-packages:${PYTHONPATH} /usr/bin/cmake --install /home/khaledob/bookros2_ws/build/force_torque_sensor_broadcaster
[9.822s] DEBUG:colcon.colcon_core.event_handler.log_command:Invoked command in '/home/khaledob/bookros2_ws/build/joint_trajectory_controller' returned '0': AMENT_PREFIX_PATH=/home/khaledob/bookros2_ws/install/controller_manager:/home/khaledob/bookros2_ws/install/controller_interface:/home/khaledob/bookros2_ws/install/hardware_interface:/home/khaledob/bookros2_ws/install/ros2_control_test_assets:/home/khaledob/bookros2_ws/install/controller_manager_msgs:${AMENT_PREFIX_PATH} CMAKE_PREFIX_PATH=/home/khaledob/bookros2_ws/install/controller_manager:/home/khaledob/bookros2_ws/install/controller_interface:/home/khaledob/bookros2_ws/install/hardware_interface:/home/khaledob/bookros2_ws/install/ros2_control_test_assets:/home/khaledob/bookros2_ws/install/controller_manager_msgs:/opt/ros/foxy LD_LIBRARY_PATH=/home/khaledob/bookros2_ws/install/controller_manager/lib:/home/khaledob/bookros2_ws/install/controller_interface/lib:/home/khaledob/bookros2_ws/install/hardware_interface/lib:/home/khaledob/bookros2_ws/install/controller_manager_msgs/lib:${LD_LIBRARY_PATH} PYTHONPATH=/home/khaledob/bookros2_ws/install/controller_manager/lib/python3.8/site-packages:/home/khaledob/bookros2_ws/install/controller_manager_msgs/lib/python3.8/site-packages:${PYTHONPATH} /usr/bin/cmake --install /home/khaledob/bookros2_ws/build/joint_trajectory_controller
[9.823s] Level 1:colcon.colcon_core.shell:create_environment_hook('joint_trajectory_controller', 'cmake_prefix_path')
[9.824s] INFO:colcon.colcon_core.shell:Creating environment hook '/home/khaledob/bookros2_ws/install/joint_trajectory_controller/share/joint_trajectory_controller/hook/cmake_prefix_path.ps1'
[9.825s] INFO:colcon.colcon_core.shell:Creating environment descriptor '/home/khaledob/bookros2_ws/install/joint_trajectory_controller/share/joint_trajectory_controller/hook/cmake_prefix_path.dsv'
[9.827s] INFO:colcon.colcon_core.shell:Creating environment hook '/home/khaledob/bookros2_ws/install/joint_trajectory_controller/share/joint_trajectory_controller/hook/cmake_prefix_path.sh'
[9.833s] Level 1:colcon.colcon_core.environment:checking '/home/khaledob/bookros2_ws/install/joint_trajectory_controller/lib'
[9.834s] Level 1:colcon.colcon_core.shell:create_environment_hook('joint_trajectory_controller', 'ld_library_path_lib')
[9.836s] INFO:colcon.colcon_core.shell:Creating environment hook '/home/khaledob/bookros2_ws/install/joint_trajectory_controller/share/joint_trajectory_controller/hook/ld_library_path_lib.ps1'
[9.840s] INFO:colcon.colcon_core.shell:Creating environment descriptor '/home/khaledob/bookros2_ws/install/joint_trajectory_controller/share/joint_trajectory_controller/hook/ld_library_path_lib.dsv'
[9.841s] INFO:colcon.colcon_core.shell:Creating environment hook '/home/khaledob/bookros2_ws/install/joint_trajectory_controller/share/joint_trajectory_controller/hook/ld_library_path_lib.sh'
[9.843s] Level 1:colcon.colcon_core.environment:checking '/home/khaledob/bookros2_ws/install/joint_trajectory_controller/bin'
[9.844s] Level 1:colcon.colcon_core.environment:checking '/home/khaledob/bookros2_ws/install/joint_trajectory_controller/lib/pkgconfig/joint_trajectory_controller.pc'
[9.845s] Level 1:colcon.colcon_core.environment:checking '/home/khaledob/bookros2_ws/install/joint_trajectory_controller/lib/python3.8/site-packages'
[9.846s] Level 1:colcon.colcon_core.environment:checking '/home/khaledob/bookros2_ws/install/joint_trajectory_controller/bin'
[9.847s] INFO:colcon.colcon_core.shell:Creating package script '/home/khaledob/bookros2_ws/install/joint_trajectory_controller/share/joint_trajectory_controller/package.ps1'
[9.851s] INFO:colcon.colcon_core.shell:Creating package descriptor '/home/khaledob/bookros2_ws/install/joint_trajectory_controller/share/joint_trajectory_controller/package.dsv'
[9.854s] INFO:colcon.colcon_core.shell:Creating package script '/home/khaledob/bookros2_ws/install/joint_trajectory_controller/share/joint_trajectory_controller/package.sh'
[9.856s] INFO:colcon.colcon_core.shell:Creating package script '/home/khaledob/bookros2_ws/install/joint_trajectory_controller/share/joint_trajectory_controller/package.bash'
[9.857s] INFO:colcon.colcon_core.shell:Creating package script '/home/khaledob/bookros2_ws/install/joint_trajectory_controller/share/joint_trajectory_controller/package.zsh'
[9.859s] Level 1:colcon.colcon_core.environment:create_file_with_runtime_dependencies(/home/khaledob/bookros2_ws/install/joint_trajectory_controller/share/colcon-core/packages/joint_trajectory_controller)
[9.861s] Level 1:colcon.colcon_core.environment:create_environment_scripts_only(joint_trajectory_controller)
[9.863s] Level 1:colcon.colcon_core.environment:checking '/home/khaledob/bookros2_ws/install/joint_trajectory_controller' for CMake module files
[9.864s] Level 1:colcon.colcon_core.environment:checking '/home/khaledob/bookros2_ws/install/joint_trajectory_controller' for CMake config files
[9.865s] Level 1:colcon.colcon_core.shell:create_environment_hook('joint_trajectory_controller', 'cmake_prefix_path')
[9.866s] INFO:colcon.colcon_core.shell:Creating environment hook '/home/khaledob/bookros2_ws/install/joint_trajectory_controller/share/joint_trajectory_controller/hook/cmake_prefix_path.ps1'
[9.876s] INFO:colcon.colcon_core.shell:Creating environment descriptor '/home/khaledob/bookros2_ws/install/joint_trajectory_controller/share/joint_trajectory_controller/hook/cmake_prefix_path.dsv'
[9.880s] INFO:colcon.colcon_core.shell:Creating environment hook '/home/khaledob/bookros2_ws/install/joint_trajectory_controller/share/joint_trajectory_controller/hook/cmake_prefix_path.sh'
[9.886s] Level 1:colcon.colcon_core.environment:checking '/home/khaledob/bookros2_ws/install/joint_trajectory_controller/lib'
[9.887s] Level 1:colcon.colcon_core.shell:create_environment_hook('joint_trajectory_controller', 'ld_library_path_lib')
[9.888s] INFO:colcon.colcon_core.shell:Creating environment hook '/home/khaledob/bookros2_ws/install/joint_trajectory_controller/share/joint_trajectory_controller/hook/ld_library_path_lib.ps1'
[9.890s] INFO:colcon.colcon_core.shell:Creating environment descriptor '/home/khaledob/bookros2_ws/install/joint_trajectory_controller/share/joint_trajectory_controller/hook/ld_library_path_lib.dsv'
[9.892s] INFO:colcon.colcon_core.shell:Creating environment hook '/home/khaledob/bookros2_ws/install/joint_trajectory_controller/share/joint_trajectory_controller/hook/ld_library_path_lib.sh'
[9.893s] Level 1:colcon.colcon_core.environment:checking '/home/khaledob/bookros2_ws/install/joint_trajectory_controller/bin'
[9.893s] Level 1:colcon.colcon_core.environment:checking '/home/khaledob/bookros2_ws/install/joint_trajectory_controller/lib/pkgconfig/joint_trajectory_controller.pc'
[9.894s] Level 1:colcon.colcon_core.environment:checking '/home/khaledob/bookros2_ws/install/joint_trajectory_controller/lib/python3.8/site-packages'
[9.894s] Level 1:colcon.colcon_core.environment:checking '/home/khaledob/bookros2_ws/install/joint_trajectory_controller/bin'
[9.896s] INFO:colcon.colcon_core.shell:Creating package script '/home/khaledob/bookros2_ws/install/joint_trajectory_controller/share/joint_trajectory_controller/package.ps1'
[9.898s] INFO:colcon.colcon_core.shell:Creating package descriptor '/home/khaledob/bookros2_ws/install/joint_trajectory_controller/share/joint_trajectory_controller/package.dsv'
[9.905s] INFO:colcon.colcon_core.shell:Creating package script '/home/khaledob/bookros2_ws/install/joint_trajectory_controller/share/joint_trajectory_controller/package.sh'
[9.909s] INFO:colcon.colcon_core.shell:Creating package script '/home/khaledob/bookros2_ws/install/joint_trajectory_controller/share/joint_trajectory_controller/package.bash'
[9.910s] INFO:colcon.colcon_core.shell:Creating package script '/home/khaledob/bookros2_ws/install/joint_trajectory_controller/share/joint_trajectory_controller/package.zsh'
[9.913s] Level 1:colcon.colcon_core.environment:create_file_with_runtime_dependencies(/home/khaledob/bookros2_ws/install/joint_trajectory_controller/share/colcon-core/packages/joint_trajectory_controller)
[9.917s] Level 1:colcon.colcon_core.environment:create_environment_scripts_only(imu_sensor_broadcaster)
[9.917s] Level 1:colcon.colcon_core.environment:checking '/home/khaledob/bookros2_ws/install/imu_sensor_broadcaster' for CMake module files
[9.923s] Level 1:colcon.colcon_core.environment:checking '/home/khaledob/bookros2_ws/install/imu_sensor_broadcaster' for CMake config files
[9.925s] DEBUG:colcon.colcon_core.event_handler.log_command:Invoked command in '/home/khaledob/bookros2_ws/build/imu_sensor_broadcaster' returned '0': AMENT_PREFIX_PATH=/home/khaledob/bookros2_ws/install/controller_manager:/home/khaledob/bookros2_ws/install/controller_interface:/home/khaledob/bookros2_ws/install/hardware_interface:/home/khaledob/bookros2_ws/install/ros2_control_test_assets:/home/khaledob/bookros2_ws/install/controller_manager_msgs:${AMENT_PREFIX_PATH} CMAKE_PREFIX_PATH=/home/khaledob/bookros2_ws/install/controller_manager:/home/khaledob/bookros2_ws/install/controller_interface:/home/khaledob/bookros2_ws/install/hardware_interface:/home/khaledob/bookros2_ws/install/ros2_control_test_assets:/home/khaledob/bookros2_ws/install/controller_manager_msgs:/opt/ros/foxy LD_LIBRARY_PATH=/home/khaledob/bookros2_ws/install/controller_manager/lib:/home/khaledob/bookros2_ws/install/controller_interface/lib:/home/khaledob/bookros2_ws/install/hardware_interface/lib:/home/khaledob/bookros2_ws/install/controller_manager_msgs/lib:${LD_LIBRARY_PATH} PYTHONPATH=/home/khaledob/bookros2_ws/install/controller_manager/lib/python3.8/site-packages:/home/khaledob/bookros2_ws/install/controller_manager_msgs/lib/python3.8/site-packages:${PYTHONPATH} /usr/bin/cmake --install /home/khaledob/bookros2_ws/build/imu_sensor_broadcaster
[9.926s] Level 1:colcon.colcon_core.shell:create_environment_hook('imu_sensor_broadcaster', 'cmake_prefix_path')
[9.927s] INFO:colcon.colcon_core.shell:Creating environment hook '/home/khaledob/bookros2_ws/install/imu_sensor_broadcaster/share/imu_sensor_broadcaster/hook/cmake_prefix_path.ps1'
[9.929s] INFO:colcon.colcon_core.shell:Creating environment descriptor '/home/khaledob/bookros2_ws/install/imu_sensor_broadcaster/share/imu_sensor_broadcaster/hook/cmake_prefix_path.dsv'
[9.932s] INFO:colcon.colcon_core.shell:Creating environment hook '/home/khaledob/bookros2_ws/install/imu_sensor_broadcaster/share/imu_sensor_broadcaster/hook/cmake_prefix_path.sh'
[9.936s] Level 1:colcon.colcon_core.environment:checking '/home/khaledob/bookros2_ws/install/imu_sensor_broadcaster/lib'
[9.936s] Level 1:colcon.colcon_core.shell:create_environment_hook('imu_sensor_broadcaster', 'ld_library_path_lib')
[9.936s] INFO:colcon.colcon_core.shell:Creating environment hook '/home/khaledob/bookros2_ws/install/imu_sensor_broadcaster/share/imu_sensor_broadcaster/hook/ld_library_path_lib.ps1'
[9.937s] INFO:colcon.colcon_core.shell:Creating environment descriptor '/home/khaledob/bookros2_ws/install/imu_sensor_broadcaster/share/imu_sensor_broadcaster/hook/ld_library_path_lib.dsv'
[9.944s] INFO:colcon.colcon_core.shell:Creating environment hook '/home/khaledob/bookros2_ws/install/imu_sensor_broadcaster/share/imu_sensor_broadcaster/hook/ld_library_path_lib.sh'
[9.948s] Level 1:colcon.colcon_core.environment:checking '/home/khaledob/bookros2_ws/install/imu_sensor_broadcaster/bin'
[9.949s] Level 1:colcon.colcon_core.environment:checking '/home/khaledob/bookros2_ws/install/imu_sensor_broadcaster/lib/pkgconfig/imu_sensor_broadcaster.pc'
[9.949s] Level 1:colcon.colcon_core.environment:checking '/home/khaledob/bookros2_ws/install/imu_sensor_broadcaster/lib/python3.8/site-packages'
[9.951s] Level 1:colcon.colcon_core.environment:checking '/home/khaledob/bookros2_ws/install/imu_sensor_broadcaster/bin'
[9.954s] INFO:colcon.colcon_core.shell:Creating package script '/home/khaledob/bookros2_ws/install/imu_sensor_broadcaster/share/imu_sensor_broadcaster/package.ps1'
[9.966s] INFO:colcon.colcon_core.shell:Creating package descriptor '/home/khaledob/bookros2_ws/install/imu_sensor_broadcaster/share/imu_sensor_broadcaster/package.dsv'
[9.967s] INFO:colcon.colcon_core.shell:Creating package script '/home/khaledob/bookros2_ws/install/imu_sensor_broadcaster/share/imu_sensor_broadcaster/package.sh'
[9.968s] INFO:colcon.colcon_core.shell:Creating package script '/home/khaledob/bookros2_ws/install/imu_sensor_broadcaster/share/imu_sensor_broadcaster/package.bash'
[9.971s] INFO:colcon.colcon_core.shell:Creating package script '/home/khaledob/bookros2_ws/install/imu_sensor_broadcaster/share/imu_sensor_broadcaster/package.zsh'
[9.974s] Level 1:colcon.colcon_core.environment:create_file_with_runtime_dependencies(/home/khaledob/bookros2_ws/install/imu_sensor_broadcaster/share/colcon-core/packages/imu_sensor_broadcaster)
[9.982s] Level 1:colcon.colcon_core.environment:create_environment_scripts_only(imu_sensor_broadcaster)
[9.982s] Level 1:colcon.colcon_core.environment:checking '/home/khaledob/bookros2_ws/install/imu_sensor_broadcaster' for CMake module files
[9.983s] Level 1:colcon.colcon_core.environment:checking '/home/khaledob/bookros2_ws/install/imu_sensor_broadcaster' for CMake config files
[9.989s] Level 1:colcon.colcon_core.shell:create_environment_hook('imu_sensor_broadcaster', 'cmake_prefix_path')
[9.989s] INFO:colcon.colcon_core.shell:Creating environment hook '/home/khaledob/bookros2_ws/install/imu_sensor_broadcaster/share/imu_sensor_broadcaster/hook/cmake_prefix_path.ps1'
[9.991s] INFO:colcon.colcon_core.shell:Creating environment descriptor '/home/khaledob/bookros2_ws/install/imu_sensor_broadcaster/share/imu_sensor_broadcaster/hook/cmake_prefix_path.dsv'
[9.993s] INFO:colcon.colcon_core.shell:Creating environment hook '/home/khaledob/bookros2_ws/install/imu_sensor_broadcaster/share/imu_sensor_broadcaster/hook/cmake_prefix_path.sh'
[9.997s] Level 1:colcon.colcon_core.environment:checking '/home/khaledob/bookros2_ws/install/imu_sensor_broadcaster/lib'
[9.997s] Level 1:colcon.colcon_core.shell:create_environment_hook('imu_sensor_broadcaster', 'ld_library_path_lib')
[9.998s] INFO:colcon.colcon_core.shell:Creating environment hook '/home/khaledob/bookros2_ws/install/imu_sensor_broadcaster/share/imu_sensor_broadcaster/hook/ld_library_path_lib.ps1'
[10.000s] INFO:colcon.colcon_core.shell:Creating environment descriptor '/home/khaledob/bookros2_ws/install/imu_sensor_broadcaster/share/imu_sensor_broadcaster/hook/ld_library_path_lib.dsv'
[10.001s] INFO:colcon.colcon_core.shell:Creating environment hook '/home/khaledob/bookros2_ws/install/imu_sensor_broadcaster/share/imu_sensor_broadcaster/hook/ld_library_path_lib.sh'
[10.003s] Level 1:colcon.colcon_core.environment:checking '/home/khaledob/bookros2_ws/install/imu_sensor_broadcaster/bin'
[10.004s] Level 1:colcon.colcon_core.environment:checking '/home/khaledob/bookros2_ws/install/imu_sensor_broadcaster/lib/pkgconfig/imu_sensor_broadcaster.pc'
[10.005s] Level 1:colcon.colcon_core.environment:checking '/home/khaledob/bookros2_ws/install/imu_sensor_broadcaster/lib/python3.8/site-packages'
[10.006s] Level 1:colcon.colcon_core.environment:checking '/home/khaledob/bookros2_ws/install/imu_sensor_broadcaster/bin'
[10.006s] INFO:colcon.colcon_core.shell:Creating package script '/home/khaledob/bookros2_ws/install/imu_sensor_broadcaster/share/imu_sensor_broadcaster/package.ps1'
[10.008s] INFO:colcon.colcon_core.shell:Creating package descriptor '/home/khaledob/bookros2_ws/install/imu_sensor_broadcaster/share/imu_sensor_broadcaster/package.dsv'
[10.011s] INFO:colcon.colcon_core.shell:Creating package script '/home/khaledob/bookros2_ws/install/imu_sensor_broadcaster/share/imu_sensor_broadcaster/package.sh'
[10.014s] INFO:colcon.colcon_core.shell:Creating package script '/home/khaledob/bookros2_ws/install/imu_sensor_broadcaster/share/imu_sensor_broadcaster/package.bash'
[10.017s] INFO:colcon.colcon_core.shell:Creating package script '/home/khaledob/bookros2_ws/install/imu_sensor_broadcaster/share/imu_sensor_broadcaster/package.zsh'
[10.020s] Level 1:colcon.colcon_core.environment:create_file_with_runtime_dependencies(/home/khaledob/bookros2_ws/install/imu_sensor_broadcaster/share/colcon-core/packages/imu_sensor_broadcaster)
[10.036s] INFO:colcon.colcon_ros.task.ament_cmake.build:Building ROS package in '/home/khaledob/bookros2_ws/src/ThirdParty/ros2_controllers/effort_controllers' with build type 'ament_cmake'
[10.037s] INFO:colcon.colcon_cmake.task.cmake.build:Building CMake package in '/home/khaledob/bookros2_ws/src/ThirdParty/ros2_controllers/effort_controllers'
[10.048s] INFO:colcon.colcon_core.shell:Skip shell extension 'powershell' for command environment: Not usable outside of PowerShell
[10.049s] DEBUG:colcon.colcon_core.shell:Skip shell extension 'dsv' for command environment
[10.064s] DEBUG:colcon.colcon_core.event_handler.log_command:Invoking command in '/home/khaledob/bookros2_ws/build/position_controllers': AMENT_PREFIX_PATH=/home/khaledob/bookros2_ws/install/forward_command_controller:/home/khaledob/bookros2_ws/install/controller_manager:/home/khaledob/bookros2_ws/install/controller_interface:/home/khaledob/bookros2_ws/install/hardware_interface:/home/khaledob/bookros2_ws/install/ros2_control_test_assets:/home/khaledob/bookros2_ws/install/controller_manager_msgs:${AMENT_PREFIX_PATH} CMAKE_PREFIX_PATH=/home/khaledob/bookros2_ws/install/forward_command_controller:/home/khaledob/bookros2_ws/install/controller_manager:/home/khaledob/bookros2_ws/install/controller_interface:/home/khaledob/bookros2_ws/install/hardware_interface:/home/khaledob/bookros2_ws/install/ros2_control_test_assets:/home/khaledob/bookros2_ws/install/controller_manager_msgs:/opt/ros/foxy LD_LIBRARY_PATH=/home/khaledob/bookros2_ws/install/forward_command_controller/lib:/home/khaledob/bookros2_ws/install/controller_manager/lib:/home/khaledob/bookros2_ws/install/controller_interface/lib:/home/khaledob/bookros2_ws/install/hardware_interface/lib:/home/khaledob/bookros2_ws/install/controller_manager_msgs/lib:${LD_LIBRARY_PATH} PYTHONPATH=/home/khaledob/bookros2_ws/install/controller_manager/lib/python3.8/site-packages:/home/khaledob/bookros2_ws/install/controller_manager_msgs/lib/python3.8/site-packages:${PYTHONPATH} /usr/bin/cmake --build /home/khaledob/bookros2_ws/build/position_controllers -- -j7 -l7
[10.070s] INFO:colcon.colcon_ros.task.ament_cmake.build:Building ROS package in '/home/khaledob/bookros2_ws/src/ThirdParty/ros2_controllers/velocity_controllers' with build type 'ament_cmake'
[10.071s] INFO:colcon.colcon_cmake.task.cmake.build:Building CMake package in '/home/khaledob/bookros2_ws/src/ThirdParty/ros2_controllers/velocity_controllers'
[10.071s] INFO:colcon.colcon_core.shell:Skip shell extension 'powershell' for command environment: Not usable outside of PowerShell
[10.072s] DEBUG:colcon.colcon_core.shell:Skip shell extension 'dsv' for command environment
[10.135s] Level 1:colcon.colcon_core.environment:create_environment_scripts_only(force_torque_sensor_broadcaster)
[10.135s] Level 1:colcon.colcon_core.environment:checking '/home/khaledob/bookros2_ws/install/force_torque_sensor_broadcaster' for CMake module files
[10.137s] DEBUG:colcon.colcon_core.event_handler.log_command:Invoked command in '/home/khaledob/bookros2_ws/build/force_torque_sensor_broadcaster' returned '0': AMENT_PREFIX_PATH=/home/khaledob/bookros2_ws/install/controller_manager:/home/khaledob/bookros2_ws/install/controller_interface:/home/khaledob/bookros2_ws/install/hardware_interface:/home/khaledob/bookros2_ws/install/ros2_control_test_assets:/home/khaledob/bookros2_ws/install/controller_manager_msgs:${AMENT_PREFIX_PATH} CMAKE_PREFIX_PATH=/home/khaledob/bookros2_ws/install/controller_manager:/home/khaledob/bookros2_ws/install/controller_interface:/home/khaledob/bookros2_ws/install/hardware_interface:/home/khaledob/bookros2_ws/install/ros2_control_test_assets:/home/khaledob/bookros2_ws/install/controller_manager_msgs:/opt/ros/foxy LD_LIBRARY_PATH=/home/khaledob/bookros2_ws/install/controller_manager/lib:/home/khaledob/bookros2_ws/install/controller_interface/lib:/home/khaledob/bookros2_ws/install/hardware_interface/lib:/home/khaledob/bookros2_ws/install/controller_manager_msgs/lib:${LD_LIBRARY_PATH} PYTHONPATH=/home/khaledob/bookros2_ws/install/controller_manager/lib/python3.8/site-packages:/home/khaledob/bookros2_ws/install/controller_manager_msgs/lib/python3.8/site-packages:${PYTHONPATH} /usr/bin/cmake --install /home/khaledob/bookros2_ws/build/force_torque_sensor_broadcaster
[10.138s] Level 1:colcon.colcon_core.environment:checking '/home/khaledob/bookros2_ws/install/force_torque_sensor_broadcaster' for CMake config files
[10.140s] Level 1:colcon.colcon_core.shell:create_environment_hook('force_torque_sensor_broadcaster', 'cmake_prefix_path')
[10.140s] INFO:colcon.colcon_core.shell:Creating environment hook '/home/khaledob/bookros2_ws/install/force_torque_sensor_broadcaster/share/force_torque_sensor_broadcaster/hook/cmake_prefix_path.ps1'
[10.142s] INFO:colcon.colcon_core.shell:Creating environment descriptor '/home/khaledob/bookros2_ws/install/force_torque_sensor_broadcaster/share/force_torque_sensor_broadcaster/hook/cmake_prefix_path.dsv'
[10.142s] INFO:colcon.colcon_core.shell:Creating environment hook '/home/khaledob/bookros2_ws/install/force_torque_sensor_broadcaster/share/force_torque_sensor_broadcaster/hook/cmake_prefix_path.sh'
[10.143s] Level 1:colcon.colcon_core.environment:checking '/home/khaledob/bookros2_ws/install/force_torque_sensor_broadcaster/lib'
[10.143s] Level 1:colcon.colcon_core.shell:create_environment_hook('force_torque_sensor_broadcaster', 'ld_library_path_lib')
[10.144s] INFO:colcon.colcon_core.shell:Creating environment hook '/home/khaledob/bookros2_ws/install/force_torque_sensor_broadcaster/share/force_torque_sensor_broadcaster/hook/ld_library_path_lib.ps1'
[10.148s] INFO:colcon.colcon_core.shell:Creating environment descriptor '/home/khaledob/bookros2_ws/install/force_torque_sensor_broadcaster/share/force_torque_sensor_broadcaster/hook/ld_library_path_lib.dsv'
[10.149s] INFO:colcon.colcon_core.shell:Creating environment hook '/home/khaledob/bookros2_ws/install/force_torque_sensor_broadcaster/share/force_torque_sensor_broadcaster/hook/ld_library_path_lib.sh'
[10.150s] Level 1:colcon.colcon_core.environment:checking '/home/khaledob/bookros2_ws/install/force_torque_sensor_broadcaster/bin'
[10.150s] Level 1:colcon.colcon_core.environment:checking '/home/khaledob/bookros2_ws/install/force_torque_sensor_broadcaster/lib/pkgconfig/force_torque_sensor_broadcaster.pc'
[10.150s] Level 1:colcon.colcon_core.environment:checking '/home/khaledob/bookros2_ws/install/force_torque_sensor_broadcaster/lib/python3.8/site-packages'
[10.152s] Level 1:colcon.colcon_core.environment:checking '/home/khaledob/bookros2_ws/install/force_torque_sensor_broadcaster/bin'
[10.153s] INFO:colcon.colcon_core.shell:Creating package script '/home/khaledob/bookros2_ws/install/force_torque_sensor_broadcaster/share/force_torque_sensor_broadcaster/package.ps1'
[10.155s] INFO:colcon.colcon_core.shell:Creating package descriptor '/home/khaledob/bookros2_ws/install/force_torque_sensor_broadcaster/share/force_torque_sensor_broadcaster/package.dsv'
[10.156s] INFO:colcon.colcon_core.shell:Creating package script '/home/khaledob/bookros2_ws/install/force_torque_sensor_broadcaster/share/force_torque_sensor_broadcaster/package.sh'
[10.157s] INFO:colcon.colcon_core.shell:Creating package script '/home/khaledob/bookros2_ws/install/force_torque_sensor_broadcaster/share/force_torque_sensor_broadcaster/package.bash'
[10.159s] INFO:colcon.colcon_core.shell:Creating package script '/home/khaledob/bookros2_ws/install/force_torque_sensor_broadcaster/share/force_torque_sensor_broadcaster/package.zsh'
[10.162s] Level 1:colcon.colcon_core.environment:create_file_with_runtime_dependencies(/home/khaledob/bookros2_ws/install/force_torque_sensor_broadcaster/share/colcon-core/packages/force_torque_sensor_broadcaster)
[10.164s] Level 1:colcon.colcon_core.environment:create_environment_scripts_only(force_torque_sensor_broadcaster)
[10.165s] Level 1:colcon.colcon_core.environment:checking '/home/khaledob/bookros2_ws/install/force_torque_sensor_broadcaster' for CMake module files
[10.166s] Level 1:colcon.colcon_core.environment:checking '/home/khaledob/bookros2_ws/install/force_torque_sensor_broadcaster' for CMake config files
[10.166s] Level 1:colcon.colcon_core.shell:create_environment_hook('force_torque_sensor_broadcaster', 'cmake_prefix_path')
[10.167s] INFO:colcon.colcon_core.shell:Creating environment hook '/home/khaledob/bookros2_ws/install/force_torque_sensor_broadcaster/share/force_torque_sensor_broadcaster/hook/cmake_prefix_path.ps1'
[10.168s] INFO:colcon.colcon_core.shell:Creating environment descriptor '/home/khaledob/bookros2_ws/install/force_torque_sensor_broadcaster/share/force_torque_sensor_broadcaster/hook/cmake_prefix_path.dsv'
[10.170s] INFO:colcon.colcon_core.shell:Creating environment hook '/home/khaledob/bookros2_ws/install/force_torque_sensor_broadcaster/share/force_torque_sensor_broadcaster/hook/cmake_prefix_path.sh'
[10.172s] Level 1:colcon.colcon_core.environment:checking '/home/khaledob/bookros2_ws/install/force_torque_sensor_broadcaster/lib'
[10.173s] Level 1:colcon.colcon_core.shell:create_environment_hook('force_torque_sensor_broadcaster', 'ld_library_path_lib')
[10.175s] INFO:colcon.colcon_core.shell:Creating environment hook '/home/khaledob/bookros2_ws/install/force_torque_sensor_broadcaster/share/force_torque_sensor_broadcaster/hook/ld_library_path_lib.ps1'
[10.177s] INFO:colcon.colcon_core.shell:Creating environment descriptor '/home/khaledob/bookros2_ws/install/force_torque_sensor_broadcaster/share/force_torque_sensor_broadcaster/hook/ld_library_path_lib.dsv'
[10.179s] INFO:colcon.colcon_core.shell:Creating environment hook '/home/khaledob/bookros2_ws/install/force_torque_sensor_broadcaster/share/force_torque_sensor_broadcaster/hook/ld_library_path_lib.sh'
[10.182s] Level 1:colcon.colcon_core.environment:checking '/home/khaledob/bookros2_ws/install/force_torque_sensor_broadcaster/bin'
[10.182s] Level 1:colcon.colcon_core.environment:checking '/home/khaledob/bookros2_ws/install/force_torque_sensor_broadcaster/lib/pkgconfig/force_torque_sensor_broadcaster.pc'
[10.183s] Level 1:colcon.colcon_core.environment:checking '/home/khaledob/bookros2_ws/install/force_torque_sensor_broadcaster/lib/python3.8/site-packages'
[10.183s] Level 1:colcon.colcon_core.environment:checking '/home/khaledob/bookros2_ws/install/force_torque_sensor_broadcaster/bin'
[10.184s] INFO:colcon.colcon_core.shell:Creating package script '/home/khaledob/bookros2_ws/install/force_torque_sensor_broadcaster/share/force_torque_sensor_broadcaster/package.ps1'
[10.186s] INFO:colcon.colcon_core.shell:Creating package descriptor '/home/khaledob/bookros2_ws/install/force_torque_sensor_broadcaster/share/force_torque_sensor_broadcaster/package.dsv'
[10.188s] INFO:colcon.colcon_core.shell:Creating package script '/home/khaledob/bookros2_ws/install/force_torque_sensor_broadcaster/share/force_torque_sensor_broadcaster/package.sh'
[10.190s] INFO:colcon.colcon_core.shell:Creating package script '/home/khaledob/bookros2_ws/install/force_torque_sensor_broadcaster/share/force_torque_sensor_broadcaster/package.bash'
[10.192s] INFO:colcon.colcon_core.shell:Creating package script '/home/khaledob/bookros2_ws/install/force_torque_sensor_broadcaster/share/force_torque_sensor_broadcaster/package.zsh'
[10.193s] Level 1:colcon.colcon_core.environment:create_file_with_runtime_dependencies(/home/khaledob/bookros2_ws/install/force_torque_sensor_broadcaster/share/colcon-core/packages/force_torque_sensor_broadcaster)
[10.195s] INFO:colcon.colcon_ros.task.ament_cmake.build:Building ROS package in '/home/khaledob/bookros2_ws/src/ThirdParty/gazebo_ros2_control/gazebo_ros2_control' with build type 'ament_cmake'
[10.196s] INFO:colcon.colcon_cmake.task.cmake.build:Building CMake package in '/home/khaledob/bookros2_ws/src/ThirdParty/gazebo_ros2_control/gazebo_ros2_control'
[10.196s] INFO:colcon.colcon_core.shell:Skip shell extension 'powershell' for command environment: Not usable outside of PowerShell
[10.197s] DEBUG:colcon.colcon_core.shell:Skip shell extension 'dsv' for command environment
[10.246s] DEBUG:colcon.colcon_core.event_handler.log_command:Invoked command in '/home/khaledob/bookros2_ws/build/joint_state_controller' returned '0': AMENT_PREFIX_PATH=/home/khaledob/bookros2_ws/install/joint_state_broadcaster:/home/khaledob/bookros2_ws/install/controller_manager:/home/khaledob/bookros2_ws/install/controller_interface:/home/khaledob/bookros2_ws/install/hardware_interface:/home/khaledob/bookros2_ws/install/ros2_control_test_assets:/home/khaledob/bookros2_ws/install/controller_manager_msgs:${AMENT_PREFIX_PATH} CMAKE_PREFIX_PATH=/home/khaledob/bookros2_ws/install/joint_state_broadcaster:/home/khaledob/bookros2_ws/install/controller_manager:/home/khaledob/bookros2_ws/install/controller_interface:/home/khaledob/bookros2_ws/install/hardware_interface:/home/khaledob/bookros2_ws/install/ros2_control_test_assets:/home/khaledob/bookros2_ws/install/controller_manager_msgs:/opt/ros/foxy LD_LIBRARY_PATH=/home/khaledob/bookros2_ws/install/joint_state_broadcaster/lib:/home/khaledob/bookros2_ws/install/controller_manager/lib:/home/khaledob/bookros2_ws/install/controller_interface/lib:/home/khaledob/bookros2_ws/install/hardware_interface/lib:/home/khaledob/bookros2_ws/install/controller_manager_msgs/lib:${LD_LIBRARY_PATH} PYTHONPATH=/home/khaledob/bookros2_ws/install/controller_manager/lib/python3.8/site-packages:/home/khaledob/bookros2_ws/install/controller_manager_msgs/lib/python3.8/site-packages:${PYTHONPATH} /usr/bin/cmake --build /home/khaledob/bookros2_ws/build/joint_state_controller -- -j7 -l7
[10.254s] DEBUG:colcon.colcon_core.event_handler.log_command:Invoking command in '/home/khaledob/bookros2_ws/build/joint_state_controller': AMENT_PREFIX_PATH=/home/khaledob/bookros2_ws/install/joint_state_broadcaster:/home/khaledob/bookros2_ws/install/controller_manager:/home/khaledob/bookros2_ws/install/controller_interface:/home/khaledob/bookros2_ws/install/hardware_interface:/home/khaledob/bookros2_ws/install/ros2_control_test_assets:/home/khaledob/bookros2_ws/install/controller_manager_msgs:${AMENT_PREFIX_PATH} CMAKE_PREFIX_PATH=/home/khaledob/bookros2_ws/install/joint_state_broadcaster:/home/khaledob/bookros2_ws/install/controller_manager:/home/khaledob/bookros2_ws/install/controller_interface:/home/khaledob/bookros2_ws/install/hardware_interface:/home/khaledob/bookros2_ws/install/ros2_control_test_assets:/home/khaledob/bookros2_ws/install/controller_manager_msgs:/opt/ros/foxy LD_LIBRARY_PATH=/home/khaledob/bookros2_ws/install/joint_state_broadcaster/lib:/home/khaledob/bookros2_ws/install/controller_manager/lib:/home/khaledob/bookros2_ws/install/controller_interface/lib:/home/khaledob/bookros2_ws/install/hardware_interface/lib:/home/khaledob/bookros2_ws/install/controller_manager_msgs/lib:${LD_LIBRARY_PATH} PYTHONPATH=/home/khaledob/bookros2_ws/install/controller_manager/lib/python3.8/site-packages:/home/khaledob/bookros2_ws/install/controller_manager_msgs/lib/python3.8/site-packages:${PYTHONPATH} /usr/bin/cmake --install /home/khaledob/bookros2_ws/build/joint_state_controller
[10.285s] DEBUG:colcon.colcon_core.event_handler.log_command:Invoking command in '/home/khaledob/bookros2_ws/build/effort_controllers': AMENT_PREFIX_PATH=/home/khaledob/bookros2_ws/install/forward_command_controller:/home/khaledob/bookros2_ws/install/controller_manager:/home/khaledob/bookros2_ws/install/controller_interface:/home/khaledob/bookros2_ws/install/hardware_interface:/home/khaledob/bookros2_ws/install/ros2_control_test_assets:/home/khaledob/bookros2_ws/install/controller_manager_msgs:${AMENT_PREFIX_PATH} CMAKE_PREFIX_PATH=/home/khaledob/bookros2_ws/install/forward_command_controller:/home/khaledob/bookros2_ws/install/controller_manager:/home/khaledob/bookros2_ws/install/controller_interface:/home/khaledob/bookros2_ws/install/hardware_interface:/home/khaledob/bookros2_ws/install/ros2_control_test_assets:/home/khaledob/bookros2_ws/install/controller_manager_msgs:/opt/ros/foxy LD_LIBRARY_PATH=/home/khaledob/bookros2_ws/install/forward_command_controller/lib:/home/khaledob/bookros2_ws/install/controller_manager/lib:/home/khaledob/bookros2_ws/install/controller_interface/lib:/home/khaledob/bookros2_ws/install/hardware_interface/lib:/home/khaledob/bookros2_ws/install/controller_manager_msgs/lib:${LD_LIBRARY_PATH} PYTHONPATH=/home/khaledob/bookros2_ws/install/controller_manager/lib/python3.8/site-packages:/home/khaledob/bookros2_ws/install/controller_manager_msgs/lib/python3.8/site-packages:${PYTHONPATH} /usr/bin/cmake --build /home/khaledob/bookros2_ws/build/effort_controllers -- -j7 -l7
[10.400s] DEBUG:colcon.colcon_core.event_handler.log_command:Invoking command in '/home/khaledob/bookros2_ws/build/velocity_controllers': AMENT_PREFIX_PATH=/home/khaledob/bookros2_ws/install/forward_command_controller:/home/khaledob/bookros2_ws/install/controller_manager:/home/khaledob/bookros2_ws/install/controller_interface:/home/khaledob/bookros2_ws/install/hardware_interface:/home/khaledob/bookros2_ws/install/ros2_control_test_assets:/home/khaledob/bookros2_ws/install/controller_manager_msgs:${AMENT_PREFIX_PATH} CMAKE_PREFIX_PATH=/home/khaledob/bookros2_ws/install/forward_command_controller:/home/khaledob/bookros2_ws/install/controller_manager:/home/khaledob/bookros2_ws/install/controller_interface:/home/khaledob/bookros2_ws/install/hardware_interface:/home/khaledob/bookros2_ws/install/ros2_control_test_assets:/home/khaledob/bookros2_ws/install/controller_manager_msgs:/opt/ros/foxy LD_LIBRARY_PATH=/home/khaledob/bookros2_ws/install/forward_command_controller/lib:/home/khaledob/bookros2_ws/install/controller_manager/lib:/home/khaledob/bookros2_ws/install/controller_interface/lib:/home/khaledob/bookros2_ws/install/hardware_interface/lib:/home/khaledob/bookros2_ws/install/controller_manager_msgs/lib:${LD_LIBRARY_PATH} PYTHONPATH=/home/khaledob/bookros2_ws/install/controller_manager/lib/python3.8/site-packages:/home/khaledob/bookros2_ws/install/controller_manager_msgs/lib/python3.8/site-packages:${PYTHONPATH} /usr/bin/cmake --build /home/khaledob/bookros2_ws/build/velocity_controllers -- -j7 -l7
[10.428s] DEBUG:colcon.colcon_core.event_handler.log_command:Invoking command in '/home/khaledob/bookros2_ws/build/gazebo_ros2_control': AMENT_PREFIX_PATH=/home/khaledob/bookros2_ws/install/controller_manager:/home/khaledob/bookros2_ws/install/controller_interface:/home/khaledob/bookros2_ws/install/hardware_interface:/home/khaledob/bookros2_ws/install/ros2_control_test_assets:/home/khaledob/bookros2_ws/install/controller_manager_msgs:${AMENT_PREFIX_PATH} CMAKE_PREFIX_PATH=/home/khaledob/bookros2_ws/install/controller_manager:/home/khaledob/bookros2_ws/install/controller_interface:/home/khaledob/bookros2_ws/install/hardware_interface:/home/khaledob/bookros2_ws/install/ros2_control_test_assets:/home/khaledob/bookros2_ws/install/controller_manager_msgs:/opt/ros/foxy LD_LIBRARY_PATH=/home/khaledob/bookros2_ws/install/controller_manager/lib:/home/khaledob/bookros2_ws/install/controller_interface/lib:/home/khaledob/bookros2_ws/install/hardware_interface/lib:/home/khaledob/bookros2_ws/install/controller_manager_msgs/lib:${LD_LIBRARY_PATH} PYTHONPATH=/home/khaledob/bookros2_ws/install/controller_manager/lib/python3.8/site-packages:/home/khaledob/bookros2_ws/install/controller_manager_msgs/lib/python3.8/site-packages:${PYTHONPATH} /usr/bin/cmake --build /home/khaledob/bookros2_ws/build/gazebo_ros2_control -- -j7 -l7
[10.458s] Level 1:colcon.colcon_core.environment:create_environment_scripts_only(joint_state_controller)
[10.459s] Level 1:colcon.colcon_core.environment:checking '/home/khaledob/bookros2_ws/install/joint_state_controller' for CMake module files
[10.465s] DEBUG:colcon.colcon_core.event_handler.log_command:Invoked command in '/home/khaledob/bookros2_ws/build/joint_state_controller' returned '0': AMENT_PREFIX_PATH=/home/khaledob/bookros2_ws/install/joint_state_broadcaster:/home/khaledob/bookros2_ws/install/controller_manager:/home/khaledob/bookros2_ws/install/controller_interface:/home/khaledob/bookros2_ws/install/hardware_interface:/home/khaledob/bookros2_ws/install/ros2_control_test_assets:/home/khaledob/bookros2_ws/install/controller_manager_msgs:${AMENT_PREFIX_PATH} CMAKE_PREFIX_PATH=/home/khaledob/bookros2_ws/install/joint_state_broadcaster:/home/khaledob/bookros2_ws/install/controller_manager:/home/khaledob/bookros2_ws/install/controller_interface:/home/khaledob/bookros2_ws/install/hardware_interface:/home/khaledob/bookros2_ws/install/ros2_control_test_assets:/home/khaledob/bookros2_ws/install/controller_manager_msgs:/opt/ros/foxy LD_LIBRARY_PATH=/home/khaledob/bookros2_ws/install/joint_state_broadcaster/lib:/home/khaledob/bookros2_ws/install/controller_manager/lib:/home/khaledob/bookros2_ws/install/controller_interface/lib:/home/khaledob/bookros2_ws/install/hardware_interface/lib:/home/khaledob/bookros2_ws/install/controller_manager_msgs/lib:${LD_LIBRARY_PATH} PYTHONPATH=/home/khaledob/bookros2_ws/install/controller_manager/lib/python3.8/site-packages:/home/khaledob/bookros2_ws/install/controller_manager_msgs/lib/python3.8/site-packages:${PYTHONPATH} /usr/bin/cmake --install /home/khaledob/bookros2_ws/build/joint_state_controller
[10.466s] Level 1:colcon.colcon_core.environment:checking '/home/khaledob/bookros2_ws/install/joint_state_controller' for CMake config files
[10.467s] Level 1:colcon.colcon_core.shell:create_environment_hook('joint_state_controller', 'cmake_prefix_path')
[10.468s] INFO:colcon.colcon_core.shell:Creating environment hook '/home/khaledob/bookros2_ws/install/joint_state_controller/share/joint_state_controller/hook/cmake_prefix_path.ps1'
[10.469s] INFO:colcon.colcon_core.shell:Creating environment descriptor '/home/khaledob/bookros2_ws/install/joint_state_controller/share/joint_state_controller/hook/cmake_prefix_path.dsv'
[10.471s] INFO:colcon.colcon_core.shell:Creating environment hook '/home/khaledob/bookros2_ws/install/joint_state_controller/share/joint_state_controller/hook/cmake_prefix_path.sh'
[10.473s] Level 1:colcon.colcon_core.environment:checking '/home/khaledob/bookros2_ws/install/joint_state_controller/lib'
[10.474s] Level 1:colcon.colcon_core.shell:create_environment_hook('joint_state_controller', 'ld_library_path_lib')
[10.475s] INFO:colcon.colcon_core.shell:Creating environment hook '/home/khaledob/bookros2_ws/install/joint_state_controller/share/joint_state_controller/hook/ld_library_path_lib.ps1'
[10.476s] INFO:colcon.colcon_core.shell:Creating environment descriptor '/home/khaledob/bookros2_ws/install/joint_state_controller/share/joint_state_controller/hook/ld_library_path_lib.dsv'
[10.478s] INFO:colcon.colcon_core.shell:Creating environment hook '/home/khaledob/bookros2_ws/install/joint_state_controller/share/joint_state_controller/hook/ld_library_path_lib.sh'
[10.480s] Level 1:colcon.colcon_core.environment:checking '/home/khaledob/bookros2_ws/install/joint_state_controller/bin'
[10.480s] Level 1:colcon.colcon_core.environment:checking '/home/khaledob/bookros2_ws/install/joint_state_controller/lib/pkgconfig/joint_state_controller.pc'
[10.481s] Level 1:colcon.colcon_core.environment:checking '/home/khaledob/bookros2_ws/install/joint_state_controller/lib/python3.8/site-packages'
[10.481s] Level 1:colcon.colcon_core.environment:checking '/home/khaledob/bookros2_ws/install/joint_state_controller/bin'
[10.482s] INFO:colcon.colcon_core.shell:Creating package script '/home/khaledob/bookros2_ws/install/joint_state_controller/share/joint_state_controller/package.ps1'
[10.483s] INFO:colcon.colcon_core.shell:Creating package descriptor '/home/khaledob/bookros2_ws/install/joint_state_controller/share/joint_state_controller/package.dsv'
[10.485s] INFO:colcon.colcon_core.shell:Creating package script '/home/khaledob/bookros2_ws/install/joint_state_controller/share/joint_state_controller/package.sh'
[10.486s] INFO:colcon.colcon_core.shell:Creating package script '/home/khaledob/bookros2_ws/install/joint_state_controller/share/joint_state_controller/package.bash'
[10.488s] INFO:colcon.colcon_core.shell:Creating package script '/home/khaledob/bookros2_ws/install/joint_state_controller/share/joint_state_controller/package.zsh'
[10.490s] Level 1:colcon.colcon_core.environment:create_file_with_runtime_dependencies(/home/khaledob/bookros2_ws/install/joint_state_controller/share/colcon-core/packages/joint_state_controller)
[10.492s] Level 1:colcon.colcon_core.environment:create_environment_scripts_only(joint_state_controller)
[10.493s] Level 1:colcon.colcon_core.environment:checking '/home/khaledob/bookros2_ws/install/joint_state_controller' for CMake module files
[10.501s] Level 1:colcon.colcon_core.environment:checking '/home/khaledob/bookros2_ws/install/joint_state_controller' for CMake config files
[10.502s] Level 1:colcon.colcon_core.shell:create_environment_hook('joint_state_controller', 'cmake_prefix_path')
[10.502s] INFO:colcon.colcon_core.shell:Creating environment hook '/home/khaledob/bookros2_ws/install/joint_state_controller/share/joint_state_controller/hook/cmake_prefix_path.ps1'
[10.504s] INFO:colcon.colcon_core.shell:Creating environment descriptor '/home/khaledob/bookros2_ws/install/joint_state_controller/share/joint_state_controller/hook/cmake_prefix_path.dsv'
[10.506s] INFO:colcon.colcon_core.shell:Creating environment hook '/home/khaledob/bookros2_ws/install/joint_state_controller/share/joint_state_controller/hook/cmake_prefix_path.sh'
[10.508s] Level 1:colcon.colcon_core.environment:checking '/home/khaledob/bookros2_ws/install/joint_state_controller/lib'
[10.509s] Level 1:colcon.colcon_core.shell:create_environment_hook('joint_state_controller', 'ld_library_path_lib')
[10.509s] INFO:colcon.colcon_core.shell:Creating environment hook '/home/khaledob/bookros2_ws/install/joint_state_controller/share/joint_state_controller/hook/ld_library_path_lib.ps1'
[10.511s] INFO:colcon.colcon_core.shell:Creating environment descriptor '/home/khaledob/bookros2_ws/install/joint_state_controller/share/joint_state_controller/hook/ld_library_path_lib.dsv'
[10.512s] INFO:colcon.colcon_core.shell:Creating environment hook '/home/khaledob/bookros2_ws/install/joint_state_controller/share/joint_state_controller/hook/ld_library_path_lib.sh'
[10.514s] Level 1:colcon.colcon_core.environment:checking '/home/khaledob/bookros2_ws/install/joint_state_controller/bin'
[10.514s] Level 1:colcon.colcon_core.environment:checking '/home/khaledob/bookros2_ws/install/joint_state_controller/lib/pkgconfig/joint_state_controller.pc'
[10.515s] Level 1:colcon.colcon_core.environment:checking '/home/khaledob/bookros2_ws/install/joint_state_controller/lib/python3.8/site-packages'
[10.515s] Level 1:colcon.colcon_core.environment:checking '/home/khaledob/bookros2_ws/install/joint_state_controller/bin'
[10.516s] INFO:colcon.colcon_core.shell:Creating package script '/home/khaledob/bookros2_ws/install/joint_state_controller/share/joint_state_controller/package.ps1'
[10.518s] INFO:colcon.colcon_core.shell:Creating package descriptor '/home/khaledob/bookros2_ws/install/joint_state_controller/share/joint_state_controller/package.dsv'
[10.520s] INFO:colcon.colcon_core.shell:Creating package script '/home/khaledob/bookros2_ws/install/joint_state_controller/share/joint_state_controller/package.sh'
[10.522s] INFO:colcon.colcon_core.shell:Creating package script '/home/khaledob/bookros2_ws/install/joint_state_controller/share/joint_state_controller/package.bash'
[10.523s] INFO:colcon.colcon_core.shell:Creating package script '/home/khaledob/bookros2_ws/install/joint_state_controller/share/joint_state_controller/package.zsh'
[10.525s] Level 1:colcon.colcon_core.environment:create_file_with_runtime_dependencies(/home/khaledob/bookros2_ws/install/joint_state_controller/share/colcon-core/packages/joint_state_controller)
[10.527s] INFO:colcon.colcon_ros.task.ament_cmake.build:Building ROS package in '/home/khaledob/bookros2_ws/src/ThirdParty/pmb2_robot/pmb2_controller_configuration' with build type 'ament_cmake'
[10.530s] INFO:colcon.colcon_cmake.task.cmake.build:Building CMake package in '/home/khaledob/bookros2_ws/src/ThirdParty/pmb2_robot/pmb2_controller_configuration'
[10.530s] INFO:colcon.colcon_core.shell:Skip shell extension 'powershell' for command environment: Not usable outside of PowerShell
[10.530s] DEBUG:colcon.colcon_core.shell:Skip shell extension 'dsv' for command environment
[10.597s] DEBUG:colcon.colcon_core.event_handler.log_command:Invoked command in '/home/khaledob/bookros2_ws/build/position_controllers' returned '0': AMENT_PREFIX_PATH=/home/khaledob/bookros2_ws/install/forward_command_controller:/home/khaledob/bookros2_ws/install/controller_manager:/home/khaledob/bookros2_ws/install/controller_interface:/home/khaledob/bookros2_ws/install/hardware_interface:/home/khaledob/bookros2_ws/install/ros2_control_test_assets:/home/khaledob/bookros2_ws/install/controller_manager_msgs:${AMENT_PREFIX_PATH} CMAKE_PREFIX_PATH=/home/khaledob/bookros2_ws/install/forward_command_controller:/home/khaledob/bookros2_ws/install/controller_manager:/home/khaledob/bookros2_ws/install/controller_interface:/home/khaledob/bookros2_ws/install/hardware_interface:/home/khaledob/bookros2_ws/install/ros2_control_test_assets:/home/khaledob/bookros2_ws/install/controller_manager_msgs:/opt/ros/foxy LD_LIBRARY_PATH=/home/khaledob/bookros2_ws/install/forward_command_controller/lib:/home/khaledob/bookros2_ws/install/controller_manager/lib:/home/khaledob/bookros2_ws/install/controller_interface/lib:/home/khaledob/bookros2_ws/install/hardware_interface/lib:/home/khaledob/bookros2_ws/install/controller_manager_msgs/lib:${LD_LIBRARY_PATH} PYTHONPATH=/home/khaledob/bookros2_ws/install/controller_manager/lib/python3.8/site-packages:/home/khaledob/bookros2_ws/install/controller_manager_msgs/lib/python3.8/site-packages:${PYTHONPATH} /usr/bin/cmake --build /home/khaledob/bookros2_ws/build/position_controllers -- -j7 -l7
[10.599s] DEBUG:colcon.colcon_core.event_handler.log_command:Invoking command in '/home/khaledob/bookros2_ws/build/position_controllers': AMENT_PREFIX_PATH=/home/khaledob/bookros2_ws/install/forward_command_controller:/home/khaledob/bookros2_ws/install/controller_manager:/home/khaledob/bookros2_ws/install/controller_interface:/home/khaledob/bookros2_ws/install/hardware_interface:/home/khaledob/bookros2_ws/install/ros2_control_test_assets:/home/khaledob/bookros2_ws/install/controller_manager_msgs:${AMENT_PREFIX_PATH} CMAKE_PREFIX_PATH=/home/khaledob/bookros2_ws/install/forward_command_controller:/home/khaledob/bookros2_ws/install/controller_manager:/home/khaledob/bookros2_ws/install/controller_interface:/home/khaledob/bookros2_ws/install/hardware_interface:/home/khaledob/bookros2_ws/install/ros2_control_test_assets:/home/khaledob/bookros2_ws/install/controller_manager_msgs:/opt/ros/foxy LD_LIBRARY_PATH=/home/khaledob/bookros2_ws/install/forward_command_controller/lib:/home/khaledob/bookros2_ws/install/controller_manager/lib:/home/khaledob/bookros2_ws/install/controller_interface/lib:/home/khaledob/bookros2_ws/install/hardware_interface/lib:/home/khaledob/bookros2_ws/install/controller_manager_msgs/lib:${LD_LIBRARY_PATH} PYTHONPATH=/home/khaledob/bookros2_ws/install/controller_manager/lib/python3.8/site-packages:/home/khaledob/bookros2_ws/install/controller_manager_msgs/lib/python3.8/site-packages:${PYTHONPATH} /usr/bin/cmake --install /home/khaledob/bookros2_ws/build/position_controllers
[10.677s] Level 1:colcon.colcon_core.environment:create_environment_scripts_only(position_controllers)
[10.678s] Level 1:colcon.colcon_core.environment:checking '/home/khaledob/bookros2_ws/install/position_controllers' for CMake module files
[10.680s] DEBUG:colcon.colcon_core.event_handler.log_command:Invoked command in '/home/khaledob/bookros2_ws/build/position_controllers' returned '0': AMENT_PREFIX_PATH=/home/khaledob/bookros2_ws/install/forward_command_controller:/home/khaledob/bookros2_ws/install/controller_manager:/home/khaledob/bookros2_ws/install/controller_interface:/home/khaledob/bookros2_ws/install/hardware_interface:/home/khaledob/bookros2_ws/install/ros2_control_test_assets:/home/khaledob/bookros2_ws/install/controller_manager_msgs:${AMENT_PREFIX_PATH} CMAKE_PREFIX_PATH=/home/khaledob/bookros2_ws/install/forward_command_controller:/home/khaledob/bookros2_ws/install/controller_manager:/home/khaledob/bookros2_ws/install/controller_interface:/home/khaledob/bookros2_ws/install/hardware_interface:/home/khaledob/bookros2_ws/install/ros2_control_test_assets:/home/khaledob/bookros2_ws/install/controller_manager_msgs:/opt/ros/foxy LD_LIBRARY_PATH=/home/khaledob/bookros2_ws/install/forward_command_controller/lib:/home/khaledob/bookros2_ws/install/controller_manager/lib:/home/khaledob/bookros2_ws/install/controller_interface/lib:/home/khaledob/bookros2_ws/install/hardware_interface/lib:/home/khaledob/bookros2_ws/install/controller_manager_msgs/lib:${LD_LIBRARY_PATH} PYTHONPATH=/home/khaledob/bookros2_ws/install/controller_manager/lib/python3.8/site-packages:/home/khaledob/bookros2_ws/install/controller_manager_msgs/lib/python3.8/site-packages:${PYTHONPATH} /usr/bin/cmake --install /home/khaledob/bookros2_ws/build/position_controllers
[10.680s] Level 1:colcon.colcon_core.environment:checking '/home/khaledob/bookros2_ws/install/position_controllers' for CMake config files
[10.681s] Level 1:colcon.colcon_core.shell:create_environment_hook('position_controllers', 'cmake_prefix_path')
[10.681s] INFO:colcon.colcon_core.shell:Creating environment hook '/home/khaledob/bookros2_ws/install/position_controllers/share/position_controllers/hook/cmake_prefix_path.ps1'
[10.683s] INFO:colcon.colcon_core.shell:Creating environment descriptor '/home/khaledob/bookros2_ws/install/position_controllers/share/position_controllers/hook/cmake_prefix_path.dsv'
[10.684s] INFO:colcon.colcon_core.shell:Creating environment hook '/home/khaledob/bookros2_ws/install/position_controllers/share/position_controllers/hook/cmake_prefix_path.sh'
[10.685s] Level 1:colcon.colcon_core.environment:checking '/home/khaledob/bookros2_ws/install/position_controllers/lib'
[10.685s] Level 1:colcon.colcon_core.shell:create_environment_hook('position_controllers', 'ld_library_path_lib')
[10.686s] INFO:colcon.colcon_core.shell:Creating environment hook '/home/khaledob/bookros2_ws/install/position_controllers/share/position_controllers/hook/ld_library_path_lib.ps1'
[10.687s] INFO:colcon.colcon_core.shell:Creating environment descriptor '/home/khaledob/bookros2_ws/install/position_controllers/share/position_controllers/hook/ld_library_path_lib.dsv'
[10.688s] INFO:colcon.colcon_core.shell:Creating environment hook '/home/khaledob/bookros2_ws/install/position_controllers/share/position_controllers/hook/ld_library_path_lib.sh'
[10.690s] Level 1:colcon.colcon_core.environment:checking '/home/khaledob/bookros2_ws/install/position_controllers/bin'
[10.690s] Level 1:colcon.colcon_core.environment:checking '/home/khaledob/bookros2_ws/install/position_controllers/lib/pkgconfig/position_controllers.pc'
[10.691s] Level 1:colcon.colcon_core.environment:checking '/home/khaledob/bookros2_ws/install/position_controllers/lib/python3.8/site-packages'
[10.691s] Level 1:colcon.colcon_core.environment:checking '/home/khaledob/bookros2_ws/install/position_controllers/bin'
[10.692s] INFO:colcon.colcon_core.shell:Creating package script '/home/khaledob/bookros2_ws/install/position_controllers/share/position_controllers/package.ps1'
[10.693s] INFO:colcon.colcon_core.shell:Creating package descriptor '/home/khaledob/bookros2_ws/install/position_controllers/share/position_controllers/package.dsv'
[10.694s] INFO:colcon.colcon_core.shell:Creating package script '/home/khaledob/bookros2_ws/install/position_controllers/share/position_controllers/package.sh'
[10.695s] INFO:colcon.colcon_core.shell:Creating package script '/home/khaledob/bookros2_ws/install/position_controllers/share/position_controllers/package.bash'
[10.697s] INFO:colcon.colcon_core.shell:Creating package script '/home/khaledob/bookros2_ws/install/position_controllers/share/position_controllers/package.zsh'
[10.699s] Level 1:colcon.colcon_core.environment:create_file_with_runtime_dependencies(/home/khaledob/bookros2_ws/install/position_controllers/share/colcon-core/packages/position_controllers)
[10.701s] Level 1:colcon.colcon_core.environment:create_environment_scripts_only(position_controllers)
[10.717s] Level 1:colcon.colcon_core.environment:checking '/home/khaledob/bookros2_ws/install/position_controllers' for CMake module files
[10.719s] Level 1:colcon.colcon_core.environment:checking '/home/khaledob/bookros2_ws/install/position_controllers' for CMake config files
[10.719s] Level 1:colcon.colcon_core.shell:create_environment_hook('position_controllers', 'cmake_prefix_path')
[10.720s] INFO:colcon.colcon_core.shell:Creating environment hook '/home/khaledob/bookros2_ws/install/position_controllers/share/position_controllers/hook/cmake_prefix_path.ps1'
[10.721s] INFO:colcon.colcon_core.shell:Creating environment descriptor '/home/khaledob/bookros2_ws/install/position_controllers/share/position_controllers/hook/cmake_prefix_path.dsv'
[10.723s] INFO:colcon.colcon_core.shell:Creating environment hook '/home/khaledob/bookros2_ws/install/position_controllers/share/position_controllers/hook/cmake_prefix_path.sh'
[10.730s] Level 1:colcon.colcon_core.environment:checking '/home/khaledob/bookros2_ws/install/position_controllers/lib'
[10.730s] Level 1:colcon.colcon_core.shell:create_environment_hook('position_controllers', 'ld_library_path_lib')
[10.731s] INFO:colcon.colcon_core.shell:Creating environment hook '/home/khaledob/bookros2_ws/install/position_controllers/share/position_controllers/hook/ld_library_path_lib.ps1'
[10.735s] INFO:colcon.colcon_core.shell:Creating environment descriptor '/home/khaledob/bookros2_ws/install/position_controllers/share/position_controllers/hook/ld_library_path_lib.dsv'
[10.737s] INFO:colcon.colcon_core.shell:Creating environment hook '/home/khaledob/bookros2_ws/install/position_controllers/share/position_controllers/hook/ld_library_path_lib.sh'
[10.741s] Level 1:colcon.colcon_core.environment:checking '/home/khaledob/bookros2_ws/install/position_controllers/bin'
[10.742s] Level 1:colcon.colcon_core.environment:checking '/home/khaledob/bookros2_ws/install/position_controllers/lib/pkgconfig/position_controllers.pc'
[10.742s] Level 1:colcon.colcon_core.environment:checking '/home/khaledob/bookros2_ws/install/position_controllers/lib/python3.8/site-packages'
[10.742s] Level 1:colcon.colcon_core.environment:checking '/home/khaledob/bookros2_ws/install/position_controllers/bin'
[10.743s] INFO:colcon.colcon_core.shell:Creating package script '/home/khaledob/bookros2_ws/install/position_controllers/share/position_controllers/package.ps1'
[10.749s] INFO:colcon.colcon_core.shell:Creating package descriptor '/home/khaledob/bookros2_ws/install/position_controllers/share/position_controllers/package.dsv'
[10.751s] INFO:colcon.colcon_core.shell:Creating package script '/home/khaledob/bookros2_ws/install/position_controllers/share/position_controllers/package.sh'
[10.753s] INFO:colcon.colcon_core.shell:Creating package script '/home/khaledob/bookros2_ws/install/position_controllers/share/position_controllers/package.bash'
[10.755s] INFO:colcon.colcon_core.shell:Creating package script '/home/khaledob/bookros2_ws/install/position_controllers/share/position_controllers/package.zsh'
[10.757s] Level 1:colcon.colcon_core.environment:create_file_with_runtime_dependencies(/home/khaledob/bookros2_ws/install/position_controllers/share/colcon-core/packages/position_controllers)
[10.758s] INFO:colcon.colcon_ros.task.ament_cmake.build:Building ROS package in '/home/khaledob/bookros2_ws/src/ThirdParty/pal_gripper/pal_gripper_controller_configuration' with build type 'ament_cmake'
[10.759s] INFO:colcon.colcon_cmake.task.cmake.build:Building CMake package in '/home/khaledob/bookros2_ws/src/ThirdParty/pal_gripper/pal_gripper_controller_configuration'
[10.759s] INFO:colcon.colcon_core.shell:Skip shell extension 'powershell' for command environment: Not usable outside of PowerShell
[10.759s] DEBUG:colcon.colcon_core.shell:Skip shell extension 'dsv' for command environment
[10.873s] DEBUG:colcon.colcon_core.event_handler.log_command:Invoking command in '/home/khaledob/bookros2_ws/build/pmb2_controller_configuration': AMENT_PREFIX_PATH=/home/khaledob/bookros2_ws/install/joint_state_controller:/home/khaledob/bookros2_ws/install/joint_state_broadcaster:/home/khaledob/bookros2_ws/install/imu_sensor_broadcaster:/home/khaledob/bookros2_ws/install/diff_drive_controller:/home/khaledob/bookros2_ws/install/controller_manager:/home/khaledob/bookros2_ws/install/controller_interface:/home/khaledob/bookros2_ws/install/hardware_interface:/home/khaledob/bookros2_ws/install/ros2_control_test_assets:/home/khaledob/bookros2_ws/install/controller_manager_msgs:${AMENT_PREFIX_PATH} CMAKE_PREFIX_PATH=/home/khaledob/bookros2_ws/install/joint_state_controller:/home/khaledob/bookros2_ws/install/joint_state_broadcaster:/home/khaledob/bookros2_ws/install/imu_sensor_broadcaster:/home/khaledob/bookros2_ws/install/diff_drive_controller:/home/khaledob/bookros2_ws/install/controller_manager:/home/khaledob/bookros2_ws/install/controller_interface:/home/khaledob/bookros2_ws/install/hardware_interface:/home/khaledob/bookros2_ws/install/ros2_control_test_assets:/home/khaledob/bookros2_ws/install/controller_manager_msgs:/opt/ros/foxy LD_LIBRARY_PATH=/home/khaledob/bookros2_ws/install/joint_state_controller/lib:/home/khaledob/bookros2_ws/install/joint_state_broadcaster/lib:/home/khaledob/bookros2_ws/install/imu_sensor_broadcaster/lib:/home/khaledob/bookros2_ws/install/diff_drive_controller/lib:/home/khaledob/bookros2_ws/install/controller_manager/lib:/home/khaledob/bookros2_ws/install/controller_interface/lib:/home/khaledob/bookros2_ws/install/hardware_interface/lib:/home/khaledob/bookros2_ws/install/controller_manager_msgs/lib:${LD_LIBRARY_PATH} PYTHONPATH=/home/khaledob/bookros2_ws/install/controller_manager/lib/python3.8/site-packages:/home/khaledob/bookros2_ws/install/controller_manager_msgs/lib/python3.8/site-packages:${PYTHONPATH} /usr/bin/cmake --build /home/khaledob/bookros2_ws/build/pmb2_controller_configuration -- -j7 -l7
[10.969s] DEBUG:colcon.colcon_core.event_handler.log_command:Invoked command in '/home/khaledob/bookros2_ws/build/gazebo_ros2_control' returned '0': AMENT_PREFIX_PATH=/home/khaledob/bookros2_ws/install/controller_manager:/home/khaledob/bookros2_ws/install/controller_interface:/home/khaledob/bookros2_ws/install/hardware_interface:/home/khaledob/bookros2_ws/install/ros2_control_test_assets:/home/khaledob/bookros2_ws/install/controller_manager_msgs:${AMENT_PREFIX_PATH} CMAKE_PREFIX_PATH=/home/khaledob/bookros2_ws/install/controller_manager:/home/khaledob/bookros2_ws/install/controller_interface:/home/khaledob/bookros2_ws/install/hardware_interface:/home/khaledob/bookros2_ws/install/ros2_control_test_assets:/home/khaledob/bookros2_ws/install/controller_manager_msgs:/opt/ros/foxy LD_LIBRARY_PATH=/home/khaledob/bookros2_ws/install/controller_manager/lib:/home/khaledob/bookros2_ws/install/controller_interface/lib:/home/khaledob/bookros2_ws/install/hardware_interface/lib:/home/khaledob/bookros2_ws/install/controller_manager_msgs/lib:${LD_LIBRARY_PATH} PYTHONPATH=/home/khaledob/bookros2_ws/install/controller_manager/lib/python3.8/site-packages:/home/khaledob/bookros2_ws/install/controller_manager_msgs/lib/python3.8/site-packages:${PYTHONPATH} /usr/bin/cmake --build /home/khaledob/bookros2_ws/build/gazebo_ros2_control -- -j7 -l7
[10.972s] DEBUG:colcon.colcon_core.event_handler.log_command:Invoking command in '/home/khaledob/bookros2_ws/build/gazebo_ros2_control': AMENT_PREFIX_PATH=/home/khaledob/bookros2_ws/install/controller_manager:/home/khaledob/bookros2_ws/install/controller_interface:/home/khaledob/bookros2_ws/install/hardware_interface:/home/khaledob/bookros2_ws/install/ros2_control_test_assets:/home/khaledob/bookros2_ws/install/controller_manager_msgs:${AMENT_PREFIX_PATH} CMAKE_PREFIX_PATH=/home/khaledob/bookros2_ws/install/controller_manager:/home/khaledob/bookros2_ws/install/controller_interface:/home/khaledob/bookros2_ws/install/hardware_interface:/home/khaledob/bookros2_ws/install/ros2_control_test_assets:/home/khaledob/bookros2_ws/install/controller_manager_msgs:/opt/ros/foxy LD_LIBRARY_PATH=/home/khaledob/bookros2_ws/install/controller_manager/lib:/home/khaledob/bookros2_ws/install/controller_interface/lib:/home/khaledob/bookros2_ws/install/hardware_interface/lib:/home/khaledob/bookros2_ws/install/controller_manager_msgs/lib:${LD_LIBRARY_PATH} PYTHONPATH=/home/khaledob/bookros2_ws/install/controller_manager/lib/python3.8/site-packages:/home/khaledob/bookros2_ws/install/controller_manager_msgs/lib/python3.8/site-packages:${PYTHONPATH} /usr/bin/cmake --install /home/khaledob/bookros2_ws/build/gazebo_ros2_control
[10.997s] DEBUG:colcon.colcon_core.event_handler.log_command:Invoked command in '/home/khaledob/bookros2_ws/build/effort_controllers' returned '0': AMENT_PREFIX_PATH=/home/khaledob/bookros2_ws/install/forward_command_controller:/home/khaledob/bookros2_ws/install/controller_manager:/home/khaledob/bookros2_ws/install/controller_interface:/home/khaledob/bookros2_ws/install/hardware_interface:/home/khaledob/bookros2_ws/install/ros2_control_test_assets:/home/khaledob/bookros2_ws/install/controller_manager_msgs:${AMENT_PREFIX_PATH} CMAKE_PREFIX_PATH=/home/khaledob/bookros2_ws/install/forward_command_controller:/home/khaledob/bookros2_ws/install/controller_manager:/home/khaledob/bookros2_ws/install/controller_interface:/home/khaledob/bookros2_ws/install/hardware_interface:/home/khaledob/bookros2_ws/install/ros2_control_test_assets:/home/khaledob/bookros2_ws/install/controller_manager_msgs:/opt/ros/foxy LD_LIBRARY_PATH=/home/khaledob/bookros2_ws/install/forward_command_controller/lib:/home/khaledob/bookros2_ws/install/controller_manager/lib:/home/khaledob/bookros2_ws/install/controller_interface/lib:/home/khaledob/bookros2_ws/install/hardware_interface/lib:/home/khaledob/bookros2_ws/install/controller_manager_msgs/lib:${LD_LIBRARY_PATH} PYTHONPATH=/home/khaledob/bookros2_ws/install/controller_manager/lib/python3.8/site-packages:/home/khaledob/bookros2_ws/install/controller_manager_msgs/lib/python3.8/site-packages:${PYTHONPATH} /usr/bin/cmake --build /home/khaledob/bookros2_ws/build/effort_controllers -- -j7 -l7
[10.998s] DEBUG:colcon.colcon_core.event_handler.log_command:Invoking command in '/home/khaledob/bookros2_ws/build/effort_controllers': AMENT_PREFIX_PATH=/home/khaledob/bookros2_ws/install/forward_command_controller:/home/khaledob/bookros2_ws/install/controller_manager:/home/khaledob/bookros2_ws/install/controller_interface:/home/khaledob/bookros2_ws/install/hardware_interface:/home/khaledob/bookros2_ws/install/ros2_control_test_assets:/home/khaledob/bookros2_ws/install/controller_manager_msgs:${AMENT_PREFIX_PATH} CMAKE_PREFIX_PATH=/home/khaledob/bookros2_ws/install/forward_command_controller:/home/khaledob/bookros2_ws/install/controller_manager:/home/khaledob/bookros2_ws/install/controller_interface:/home/khaledob/bookros2_ws/install/hardware_interface:/home/khaledob/bookros2_ws/install/ros2_control_test_assets:/home/khaledob/bookros2_ws/install/controller_manager_msgs:/opt/ros/foxy LD_LIBRARY_PATH=/home/khaledob/bookros2_ws/install/forward_command_controller/lib:/home/khaledob/bookros2_ws/install/controller_manager/lib:/home/khaledob/bookros2_ws/install/controller_interface/lib:/home/khaledob/bookros2_ws/install/hardware_interface/lib:/home/khaledob/bookros2_ws/install/controller_manager_msgs/lib:${LD_LIBRARY_PATH} PYTHONPATH=/home/khaledob/bookros2_ws/install/controller_manager/lib/python3.8/site-packages:/home/khaledob/bookros2_ws/install/controller_manager_msgs/lib/python3.8/site-packages:${PYTHONPATH} /usr/bin/cmake --install /home/khaledob/bookros2_ws/build/effort_controllers
[11.082s] DEBUG:colcon.colcon_core.event_handler.log_command:Invoked command in '/home/khaledob/bookros2_ws/build/velocity_controllers' returned '0': AMENT_PREFIX_PATH=/home/khaledob/bookros2_ws/install/forward_command_controller:/home/khaledob/bookros2_ws/install/controller_manager:/home/khaledob/bookros2_ws/install/controller_interface:/home/khaledob/bookros2_ws/install/hardware_interface:/home/khaledob/bookros2_ws/install/ros2_control_test_assets:/home/khaledob/bookros2_ws/install/controller_manager_msgs:${AMENT_PREFIX_PATH} CMAKE_PREFIX_PATH=/home/khaledob/bookros2_ws/install/forward_command_controller:/home/khaledob/bookros2_ws/install/controller_manager:/home/khaledob/bookros2_ws/install/controller_interface:/home/khaledob/bookros2_ws/install/hardware_interface:/home/khaledob/bookros2_ws/install/ros2_control_test_assets:/home/khaledob/bookros2_ws/install/controller_manager_msgs:/opt/ros/foxy LD_LIBRARY_PATH=/home/khaledob/bookros2_ws/install/forward_command_controller/lib:/home/khaledob/bookros2_ws/install/controller_manager/lib:/home/khaledob/bookros2_ws/install/controller_interface/lib:/home/khaledob/bookros2_ws/install/hardware_interface/lib:/home/khaledob/bookros2_ws/install/controller_manager_msgs/lib:${LD_LIBRARY_PATH} PYTHONPATH=/home/khaledob/bookros2_ws/install/controller_manager/lib/python3.8/site-packages:/home/khaledob/bookros2_ws/install/controller_manager_msgs/lib/python3.8/site-packages:${PYTHONPATH} /usr/bin/cmake --build /home/khaledob/bookros2_ws/build/velocity_controllers -- -j7 -l7
[11.086s] DEBUG:colcon.colcon_core.event_handler.log_command:Invoking command in '/home/khaledob/bookros2_ws/build/velocity_controllers': AMENT_PREFIX_PATH=/home/khaledob/bookros2_ws/install/forward_command_controller:/home/khaledob/bookros2_ws/install/controller_manager:/home/khaledob/bookros2_ws/install/controller_interface:/home/khaledob/bookros2_ws/install/hardware_interface:/home/khaledob/bookros2_ws/install/ros2_control_test_assets:/home/khaledob/bookros2_ws/install/controller_manager_msgs:${AMENT_PREFIX_PATH} CMAKE_PREFIX_PATH=/home/khaledob/bookros2_ws/install/forward_command_controller:/home/khaledob/bookros2_ws/install/controller_manager:/home/khaledob/bookros2_ws/install/controller_interface:/home/khaledob/bookros2_ws/install/hardware_interface:/home/khaledob/bookros2_ws/install/ros2_control_test_assets:/home/khaledob/bookros2_ws/install/controller_manager_msgs:/opt/ros/foxy LD_LIBRARY_PATH=/home/khaledob/bookros2_ws/install/forward_command_controller/lib:/home/khaledob/bookros2_ws/install/controller_manager/lib:/home/khaledob/bookros2_ws/install/controller_interface/lib:/home/khaledob/bookros2_ws/install/hardware_interface/lib:/home/khaledob/bookros2_ws/install/controller_manager_msgs/lib:${LD_LIBRARY_PATH} PYTHONPATH=/home/khaledob/bookros2_ws/install/controller_manager/lib/python3.8/site-packages:/home/khaledob/bookros2_ws/install/controller_manager_msgs/lib/python3.8/site-packages:${PYTHONPATH} /usr/bin/cmake --install /home/khaledob/bookros2_ws/build/velocity_controllers
[11.153s] DEBUG:colcon.colcon_core.event_handler.log_command:Invoked command in '/home/khaledob/bookros2_ws/build/pmb2_controller_configuration' returned '0': AMENT_PREFIX_PATH=/home/khaledob/bookros2_ws/install/joint_state_controller:/home/khaledob/bookros2_ws/install/joint_state_broadcaster:/home/khaledob/bookros2_ws/install/imu_sensor_broadcaster:/home/khaledob/bookros2_ws/install/diff_drive_controller:/home/khaledob/bookros2_ws/install/controller_manager:/home/khaledob/bookros2_ws/install/controller_interface:/home/khaledob/bookros2_ws/install/hardware_interface:/home/khaledob/bookros2_ws/install/ros2_control_test_assets:/home/khaledob/bookros2_ws/install/controller_manager_msgs:${AMENT_PREFIX_PATH} CMAKE_PREFIX_PATH=/home/khaledob/bookros2_ws/install/joint_state_controller:/home/khaledob/bookros2_ws/install/joint_state_broadcaster:/home/khaledob/bookros2_ws/install/imu_sensor_broadcaster:/home/khaledob/bookros2_ws/install/diff_drive_controller:/home/khaledob/bookros2_ws/install/controller_manager:/home/khaledob/bookros2_ws/install/controller_interface:/home/khaledob/bookros2_ws/install/hardware_interface:/home/khaledob/bookros2_ws/install/ros2_control_test_assets:/home/khaledob/bookros2_ws/install/controller_manager_msgs:/opt/ros/foxy LD_LIBRARY_PATH=/home/khaledob/bookros2_ws/install/joint_state_controller/lib:/home/khaledob/bookros2_ws/install/joint_state_broadcaster/lib:/home/khaledob/bookros2_ws/install/imu_sensor_broadcaster/lib:/home/khaledob/bookros2_ws/install/diff_drive_controller/lib:/home/khaledob/bookros2_ws/install/controller_manager/lib:/home/khaledob/bookros2_ws/install/controller_interface/lib:/home/khaledob/bookros2_ws/install/hardware_interface/lib:/home/khaledob/bookros2_ws/install/controller_manager_msgs/lib:${LD_LIBRARY_PATH} PYTHONPATH=/home/khaledob/bookros2_ws/install/controller_manager/lib/python3.8/site-packages:/home/khaledob/bookros2_ws/install/controller_manager_msgs/lib/python3.8/site-packages:${PYTHONPATH} /usr/bin/cmake --build /home/khaledob/bookros2_ws/build/pmb2_controller_configuration -- -j7 -l7
[11.171s] Level 1:colcon.colcon_core.environment:create_environment_scripts_only(effort_controllers)
[11.172s] DEBUG:colcon.colcon_core.event_handler.log_command:Invoking command in '/home/khaledob/bookros2_ws/build/pmb2_controller_configuration': AMENT_PREFIX_PATH=/home/khaledob/bookros2_ws/install/joint_state_controller:/home/khaledob/bookros2_ws/install/joint_state_broadcaster:/home/khaledob/bookros2_ws/install/imu_sensor_broadcaster:/home/khaledob/bookros2_ws/install/diff_drive_controller:/home/khaledob/bookros2_ws/install/controller_manager:/home/khaledob/bookros2_ws/install/controller_interface:/home/khaledob/bookros2_ws/install/hardware_interface:/home/khaledob/bookros2_ws/install/ros2_control_test_assets:/home/khaledob/bookros2_ws/install/controller_manager_msgs:${AMENT_PREFIX_PATH} CMAKE_PREFIX_PATH=/home/khaledob/bookros2_ws/install/joint_state_controller:/home/khaledob/bookros2_ws/install/joint_state_broadcaster:/home/khaledob/bookros2_ws/install/imu_sensor_broadcaster:/home/khaledob/bookros2_ws/install/diff_drive_controller:/home/khaledob/bookros2_ws/install/controller_manager:/home/khaledob/bookros2_ws/install/controller_interface:/home/khaledob/bookros2_ws/install/hardware_interface:/home/khaledob/bookros2_ws/install/ros2_control_test_assets:/home/khaledob/bookros2_ws/install/controller_manager_msgs:/opt/ros/foxy LD_LIBRARY_PATH=/home/khaledob/bookros2_ws/install/joint_state_controller/lib:/home/khaledob/bookros2_ws/install/joint_state_broadcaster/lib:/home/khaledob/bookros2_ws/install/imu_sensor_broadcaster/lib:/home/khaledob/bookros2_ws/install/diff_drive_controller/lib:/home/khaledob/bookros2_ws/install/controller_manager/lib:/home/khaledob/bookros2_ws/install/controller_interface/lib:/home/khaledob/bookros2_ws/install/hardware_interface/lib:/home/khaledob/bookros2_ws/install/controller_manager_msgs/lib:${LD_LIBRARY_PATH} PYTHONPATH=/home/khaledob/bookros2_ws/install/controller_manager/lib/python3.8/site-packages:/home/khaledob/bookros2_ws/install/controller_manager_msgs/lib/python3.8/site-packages:${PYTHONPATH} /usr/bin/cmake --install /home/khaledob/bookros2_ws/build/pmb2_controller_configuration
[11.173s] Level 1:colcon.colcon_core.environment:checking '/home/khaledob/bookros2_ws/install/effort_controllers' for CMake module files
[11.176s] DEBUG:colcon.colcon_core.event_handler.log_command:Invoked command in '/home/khaledob/bookros2_ws/build/effort_controllers' returned '0': AMENT_PREFIX_PATH=/home/khaledob/bookros2_ws/install/forward_command_controller:/home/khaledob/bookros2_ws/install/controller_manager:/home/khaledob/bookros2_ws/install/controller_interface:/home/khaledob/bookros2_ws/install/hardware_interface:/home/khaledob/bookros2_ws/install/ros2_control_test_assets:/home/khaledob/bookros2_ws/install/controller_manager_msgs:${AMENT_PREFIX_PATH} CMAKE_PREFIX_PATH=/home/khaledob/bookros2_ws/install/forward_command_controller:/home/khaledob/bookros2_ws/install/controller_manager:/home/khaledob/bookros2_ws/install/controller_interface:/home/khaledob/bookros2_ws/install/hardware_interface:/home/khaledob/bookros2_ws/install/ros2_control_test_assets:/home/khaledob/bookros2_ws/install/controller_manager_msgs:/opt/ros/foxy LD_LIBRARY_PATH=/home/khaledob/bookros2_ws/install/forward_command_controller/lib:/home/khaledob/bookros2_ws/install/controller_manager/lib:/home/khaledob/bookros2_ws/install/controller_interface/lib:/home/khaledob/bookros2_ws/install/hardware_interface/lib:/home/khaledob/bookros2_ws/install/controller_manager_msgs/lib:${LD_LIBRARY_PATH} PYTHONPATH=/home/khaledob/bookros2_ws/install/controller_manager/lib/python3.8/site-packages:/home/khaledob/bookros2_ws/install/controller_manager_msgs/lib/python3.8/site-packages:${PYTHONPATH} /usr/bin/cmake --install /home/khaledob/bookros2_ws/build/effort_controllers
[11.178s] Level 1:colcon.colcon_core.environment:checking '/home/khaledob/bookros2_ws/install/effort_controllers' for CMake config files
[11.179s] Level 1:colcon.colcon_core.shell:create_environment_hook('effort_controllers', 'cmake_prefix_path')
[11.179s] INFO:colcon.colcon_core.shell:Creating environment hook '/home/khaledob/bookros2_ws/install/effort_controllers/share/effort_controllers/hook/cmake_prefix_path.ps1'
[11.180s] INFO:colcon.colcon_core.shell:Creating environment descriptor '/home/khaledob/bookros2_ws/install/effort_controllers/share/effort_controllers/hook/cmake_prefix_path.dsv'
[11.181s] INFO:colcon.colcon_core.shell:Creating environment hook '/home/khaledob/bookros2_ws/install/effort_controllers/share/effort_controllers/hook/cmake_prefix_path.sh'
[11.183s] Level 1:colcon.colcon_core.environment:checking '/home/khaledob/bookros2_ws/install/effort_controllers/lib'
[11.183s] Level 1:colcon.colcon_core.shell:create_environment_hook('effort_controllers', 'ld_library_path_lib')
[11.184s] INFO:colcon.colcon_core.shell:Creating environment hook '/home/khaledob/bookros2_ws/install/effort_controllers/share/effort_controllers/hook/ld_library_path_lib.ps1'
[11.189s] INFO:colcon.colcon_core.shell:Creating environment descriptor '/home/khaledob/bookros2_ws/install/effort_controllers/share/effort_controllers/hook/ld_library_path_lib.dsv'
[11.190s] INFO:colcon.colcon_core.shell:Creating environment hook '/home/khaledob/bookros2_ws/install/effort_controllers/share/effort_controllers/hook/ld_library_path_lib.sh'
[11.192s] Level 1:colcon.colcon_core.environment:checking '/home/khaledob/bookros2_ws/install/effort_controllers/bin'
[11.193s] Level 1:colcon.colcon_core.environment:checking '/home/khaledob/bookros2_ws/install/effort_controllers/lib/pkgconfig/effort_controllers.pc'
[11.193s] Level 1:colcon.colcon_core.environment:checking '/home/khaledob/bookros2_ws/install/effort_controllers/lib/python3.8/site-packages'
[11.194s] Level 1:colcon.colcon_core.environment:checking '/home/khaledob/bookros2_ws/install/effort_controllers/bin'
[11.195s] INFO:colcon.colcon_core.shell:Creating package script '/home/khaledob/bookros2_ws/install/effort_controllers/share/effort_controllers/package.ps1'
[11.198s] INFO:colcon.colcon_core.shell:Creating package descriptor '/home/khaledob/bookros2_ws/install/effort_controllers/share/effort_controllers/package.dsv'
[11.199s] INFO:colcon.colcon_core.shell:Creating package script '/home/khaledob/bookros2_ws/install/effort_controllers/share/effort_controllers/package.sh'
[11.202s] INFO:colcon.colcon_core.shell:Creating package script '/home/khaledob/bookros2_ws/install/effort_controllers/share/effort_controllers/package.bash'
[11.204s] INFO:colcon.colcon_core.shell:Creating package script '/home/khaledob/bookros2_ws/install/effort_controllers/share/effort_controllers/package.zsh'
[11.206s] Level 1:colcon.colcon_core.environment:create_file_with_runtime_dependencies(/home/khaledob/bookros2_ws/install/effort_controllers/share/colcon-core/packages/effort_controllers)
[11.210s] Level 1:colcon.colcon_core.environment:create_environment_scripts_only(effort_controllers)
[11.212s] Level 1:colcon.colcon_core.environment:checking '/home/khaledob/bookros2_ws/install/effort_controllers' for CMake module files
[11.214s] Level 1:colcon.colcon_core.environment:checking '/home/khaledob/bookros2_ws/install/effort_controllers' for CMake config files
[11.215s] Level 1:colcon.colcon_core.shell:create_environment_hook('effort_controllers', 'cmake_prefix_path')
[11.215s] INFO:colcon.colcon_core.shell:Creating environment hook '/home/khaledob/bookros2_ws/install/effort_controllers/share/effort_controllers/hook/cmake_prefix_path.ps1'
[11.217s] INFO:colcon.colcon_core.shell:Creating environment descriptor '/home/khaledob/bookros2_ws/install/effort_controllers/share/effort_controllers/hook/cmake_prefix_path.dsv'
[11.218s] INFO:colcon.colcon_core.shell:Creating environment hook '/home/khaledob/bookros2_ws/install/effort_controllers/share/effort_controllers/hook/cmake_prefix_path.sh'
[11.220s] Level 1:colcon.colcon_core.environment:checking '/home/khaledob/bookros2_ws/install/effort_controllers/lib'
[11.220s] Level 1:colcon.colcon_core.shell:create_environment_hook('effort_controllers', 'ld_library_path_lib')
[11.220s] INFO:colcon.colcon_core.shell:Creating environment hook '/home/khaledob/bookros2_ws/install/effort_controllers/share/effort_controllers/hook/ld_library_path_lib.ps1'
[11.221s] INFO:colcon.colcon_core.shell:Creating environment descriptor '/home/khaledob/bookros2_ws/install/effort_controllers/share/effort_controllers/hook/ld_library_path_lib.dsv'
[11.222s] INFO:colcon.colcon_core.shell:Creating environment hook '/home/khaledob/bookros2_ws/install/effort_controllers/share/effort_controllers/hook/ld_library_path_lib.sh'
[11.225s] Level 1:colcon.colcon_core.environment:checking '/home/khaledob/bookros2_ws/install/effort_controllers/bin'
[11.225s] Level 1:colcon.colcon_core.environment:checking '/home/khaledob/bookros2_ws/install/effort_controllers/lib/pkgconfig/effort_controllers.pc'
[11.227s] Level 1:colcon.colcon_core.environment:checking '/home/khaledob/bookros2_ws/install/effort_controllers/lib/python3.8/site-packages'
[11.233s] Level 1:colcon.colcon_core.environment:checking '/home/khaledob/bookros2_ws/install/effort_controllers/bin'
[11.234s] INFO:colcon.colcon_core.shell:Creating package script '/home/khaledob/bookros2_ws/install/effort_controllers/share/effort_controllers/package.ps1'
[11.238s] INFO:colcon.colcon_core.shell:Creating package descriptor '/home/khaledob/bookros2_ws/install/effort_controllers/share/effort_controllers/package.dsv'
[11.240s] INFO:colcon.colcon_core.shell:Creating package script '/home/khaledob/bookros2_ws/install/effort_controllers/share/effort_controllers/package.sh'
[11.241s] INFO:colcon.colcon_core.shell:Creating package script '/home/khaledob/bookros2_ws/install/effort_controllers/share/effort_controllers/package.bash'
[11.242s] INFO:colcon.colcon_core.shell:Creating package script '/home/khaledob/bookros2_ws/install/effort_controllers/share/effort_controllers/package.zsh'
[11.244s] Level 1:colcon.colcon_core.environment:create_file_with_runtime_dependencies(/home/khaledob/bookros2_ws/install/effort_controllers/share/colcon-core/packages/effort_controllers)
[11.265s] Level 1:colcon.colcon_core.environment:create_environment_scripts_only(gazebo_ros2_control)
[11.268s] Level 1:colcon.colcon_core.environment:checking '/home/khaledob/bookros2_ws/install/gazebo_ros2_control' for CMake module files
[11.277s] DEBUG:colcon.colcon_core.event_handler.log_command:Invoking command in '/home/khaledob/bookros2_ws/build/pal_gripper_controller_configuration': AMENT_PREFIX_PATH=/home/khaledob/bookros2_ws/install/position_controllers:/home/khaledob/bookros2_ws/install/joint_trajectory_controller:/home/khaledob/bookros2_ws/install/forward_command_controller:/home/khaledob/bookros2_ws/install/controller_manager:/home/khaledob/bookros2_ws/install/controller_interface:/home/khaledob/bookros2_ws/install/hardware_interface:/home/khaledob/bookros2_ws/install/ros2_control_test_assets:/home/khaledob/bookros2_ws/install/controller_manager_msgs:${AMENT_PREFIX_PATH} CMAKE_PREFIX_PATH=/home/khaledob/bookros2_ws/install/position_controllers:/home/khaledob/bookros2_ws/install/joint_trajectory_controller:/home/khaledob/bookros2_ws/install/forward_command_controller:/home/khaledob/bookros2_ws/install/controller_manager:/home/khaledob/bookros2_ws/install/controller_interface:/home/khaledob/bookros2_ws/install/hardware_interface:/home/khaledob/bookros2_ws/install/ros2_control_test_assets:/home/khaledob/bookros2_ws/install/controller_manager_msgs:/opt/ros/foxy LD_LIBRARY_PATH=/home/khaledob/bookros2_ws/install/position_controllers/lib:/home/khaledob/bookros2_ws/install/joint_trajectory_controller/lib:/home/khaledob/bookros2_ws/install/forward_command_controller/lib:/home/khaledob/bookros2_ws/install/controller_manager/lib:/home/khaledob/bookros2_ws/install/controller_interface/lib:/home/khaledob/bookros2_ws/install/hardware_interface/lib:/home/khaledob/bookros2_ws/install/controller_manager_msgs/lib:${LD_LIBRARY_PATH} PYTHONPATH=/home/khaledob/bookros2_ws/install/controller_manager/lib/python3.8/site-packages:/home/khaledob/bookros2_ws/install/controller_manager_msgs/lib/python3.8/site-packages:${PYTHONPATH} /usr/bin/cmake --build /home/khaledob/bookros2_ws/build/pal_gripper_controller_configuration -- -j7 -l7
[11.278s] DEBUG:colcon.colcon_core.event_handler.log_command:Invoked command in '/home/khaledob/bookros2_ws/build/gazebo_ros2_control' returned '0': AMENT_PREFIX_PATH=/home/khaledob/bookros2_ws/install/controller_manager:/home/khaledob/bookros2_ws/install/controller_interface:/home/khaledob/bookros2_ws/install/hardware_interface:/home/khaledob/bookros2_ws/install/ros2_control_test_assets:/home/khaledob/bookros2_ws/install/controller_manager_msgs:${AMENT_PREFIX_PATH} CMAKE_PREFIX_PATH=/home/khaledob/bookros2_ws/install/controller_manager:/home/khaledob/bookros2_ws/install/controller_interface:/home/khaledob/bookros2_ws/install/hardware_interface:/home/khaledob/bookros2_ws/install/ros2_control_test_assets:/home/khaledob/bookros2_ws/install/controller_manager_msgs:/opt/ros/foxy LD_LIBRARY_PATH=/home/khaledob/bookros2_ws/install/controller_manager/lib:/home/khaledob/bookros2_ws/install/controller_interface/lib:/home/khaledob/bookros2_ws/install/hardware_interface/lib:/home/khaledob/bookros2_ws/install/controller_manager_msgs/lib:${LD_LIBRARY_PATH} PYTHONPATH=/home/khaledob/bookros2_ws/install/controller_manager/lib/python3.8/site-packages:/home/khaledob/bookros2_ws/install/controller_manager_msgs/lib/python3.8/site-packages:${PYTHONPATH} /usr/bin/cmake --install /home/khaledob/bookros2_ws/build/gazebo_ros2_control
[11.281s] Level 1:colcon.colcon_core.environment:checking '/home/khaledob/bookros2_ws/install/gazebo_ros2_control' for CMake config files
[11.294s] Level 1:colcon.colcon_core.shell:create_environment_hook('gazebo_ros2_control', 'cmake_prefix_path')
[11.295s] INFO:colcon.colcon_core.shell:Creating environment hook '/home/khaledob/bookros2_ws/install/gazebo_ros2_control/share/gazebo_ros2_control/hook/cmake_prefix_path.ps1'
[11.298s] INFO:colcon.colcon_core.shell:Creating environment descriptor '/home/khaledob/bookros2_ws/install/gazebo_ros2_control/share/gazebo_ros2_control/hook/cmake_prefix_path.dsv'
[11.301s] INFO:colcon.colcon_core.shell:Creating environment hook '/home/khaledob/bookros2_ws/install/gazebo_ros2_control/share/gazebo_ros2_control/hook/cmake_prefix_path.sh'
[11.307s] Level 1:colcon.colcon_core.environment:checking '/home/khaledob/bookros2_ws/install/gazebo_ros2_control/lib'
[11.308s] Level 1:colcon.colcon_core.shell:create_environment_hook('gazebo_ros2_control', 'ld_library_path_lib')
[11.308s] INFO:colcon.colcon_core.shell:Creating environment hook '/home/khaledob/bookros2_ws/install/gazebo_ros2_control/share/gazebo_ros2_control/hook/ld_library_path_lib.ps1'
[11.314s] INFO:colcon.colcon_core.shell:Creating environment descriptor '/home/khaledob/bookros2_ws/install/gazebo_ros2_control/share/gazebo_ros2_control/hook/ld_library_path_lib.dsv'
[11.317s] INFO:colcon.colcon_core.shell:Creating environment hook '/home/khaledob/bookros2_ws/install/gazebo_ros2_control/share/gazebo_ros2_control/hook/ld_library_path_lib.sh'
[11.326s] Level 1:colcon.colcon_core.environment:checking '/home/khaledob/bookros2_ws/install/gazebo_ros2_control/bin'
[11.327s] Level 1:colcon.colcon_core.environment:checking '/home/khaledob/bookros2_ws/install/gazebo_ros2_control/lib/pkgconfig/gazebo_ros2_control.pc'
[11.329s] Level 1:colcon.colcon_core.environment:checking '/home/khaledob/bookros2_ws/install/gazebo_ros2_control/lib/python3.8/site-packages'
[11.329s] Level 1:colcon.colcon_core.environment:checking '/home/khaledob/bookros2_ws/install/gazebo_ros2_control/bin'
[11.330s] INFO:colcon.colcon_core.shell:Creating package script '/home/khaledob/bookros2_ws/install/gazebo_ros2_control/share/gazebo_ros2_control/package.ps1'
[11.333s] INFO:colcon.colcon_core.shell:Creating package descriptor '/home/khaledob/bookros2_ws/install/gazebo_ros2_control/share/gazebo_ros2_control/package.dsv'
[11.335s] INFO:colcon.colcon_core.shell:Creating package script '/home/khaledob/bookros2_ws/install/gazebo_ros2_control/share/gazebo_ros2_control/package.sh'
[11.337s] INFO:colcon.colcon_core.shell:Creating package script '/home/khaledob/bookros2_ws/install/gazebo_ros2_control/share/gazebo_ros2_control/package.bash'
[11.338s] INFO:colcon.colcon_core.shell:Creating package script '/home/khaledob/bookros2_ws/install/gazebo_ros2_control/share/gazebo_ros2_control/package.zsh'
[11.340s] Level 1:colcon.colcon_core.environment:create_file_with_runtime_dependencies(/home/khaledob/bookros2_ws/install/gazebo_ros2_control/share/colcon-core/packages/gazebo_ros2_control)
[11.343s] Level 1:colcon.colcon_core.environment:create_environment_scripts_only(gazebo_ros2_control)
[11.344s] Level 1:colcon.colcon_core.environment:checking '/home/khaledob/bookros2_ws/install/gazebo_ros2_control' for CMake module files
[11.345s] Level 1:colcon.colcon_core.environment:checking '/home/khaledob/bookros2_ws/install/gazebo_ros2_control' for CMake config files
[11.346s] Level 1:colcon.colcon_core.shell:create_environment_hook('gazebo_ros2_control', 'cmake_prefix_path')
[11.346s] INFO:colcon.colcon_core.shell:Creating environment hook '/home/khaledob/bookros2_ws/install/gazebo_ros2_control/share/gazebo_ros2_control/hook/cmake_prefix_path.ps1'
[11.347s] INFO:colcon.colcon_core.shell:Creating environment descriptor '/home/khaledob/bookros2_ws/install/gazebo_ros2_control/share/gazebo_ros2_control/hook/cmake_prefix_path.dsv'
[11.349s] INFO:colcon.colcon_core.shell:Creating environment hook '/home/khaledob/bookros2_ws/install/gazebo_ros2_control/share/gazebo_ros2_control/hook/cmake_prefix_path.sh'
[11.352s] Level 1:colcon.colcon_core.environment:checking '/home/khaledob/bookros2_ws/install/gazebo_ros2_control/lib'
[11.352s] Level 1:colcon.colcon_core.shell:create_environment_hook('gazebo_ros2_control', 'ld_library_path_lib')
[11.353s] INFO:colcon.colcon_core.shell:Creating environment hook '/home/khaledob/bookros2_ws/install/gazebo_ros2_control/share/gazebo_ros2_control/hook/ld_library_path_lib.ps1'
[11.354s] INFO:colcon.colcon_core.shell:Creating environment descriptor '/home/khaledob/bookros2_ws/install/gazebo_ros2_control/share/gazebo_ros2_control/hook/ld_library_path_lib.dsv'
[11.356s] INFO:colcon.colcon_core.shell:Creating environment hook '/home/khaledob/bookros2_ws/install/gazebo_ros2_control/share/gazebo_ros2_control/hook/ld_library_path_lib.sh'
[11.358s] Level 1:colcon.colcon_core.environment:checking '/home/khaledob/bookros2_ws/install/gazebo_ros2_control/bin'
[11.359s] Level 1:colcon.colcon_core.environment:checking '/home/khaledob/bookros2_ws/install/gazebo_ros2_control/lib/pkgconfig/gazebo_ros2_control.pc'
[11.359s] Level 1:colcon.colcon_core.environment:checking '/home/khaledob/bookros2_ws/install/gazebo_ros2_control/lib/python3.8/site-packages'
[11.360s] Level 1:colcon.colcon_core.environment:checking '/home/khaledob/bookros2_ws/install/gazebo_ros2_control/bin'
[11.361s] INFO:colcon.colcon_core.shell:Creating package script '/home/khaledob/bookros2_ws/install/gazebo_ros2_control/share/gazebo_ros2_control/package.ps1'
[11.363s] INFO:colcon.colcon_core.shell:Creating package descriptor '/home/khaledob/bookros2_ws/install/gazebo_ros2_control/share/gazebo_ros2_control/package.dsv'
[11.365s] INFO:colcon.colcon_core.shell:Creating package script '/home/khaledob/bookros2_ws/install/gazebo_ros2_control/share/gazebo_ros2_control/package.sh'
[11.367s] INFO:colcon.colcon_core.shell:Creating package script '/home/khaledob/bookros2_ws/install/gazebo_ros2_control/share/gazebo_ros2_control/package.bash'
[11.369s] INFO:colcon.colcon_core.shell:Creating package script '/home/khaledob/bookros2_ws/install/gazebo_ros2_control/share/gazebo_ros2_control/package.zsh'
[11.371s] Level 1:colcon.colcon_core.environment:create_file_with_runtime_dependencies(/home/khaledob/bookros2_ws/install/gazebo_ros2_control/share/colcon-core/packages/gazebo_ros2_control)
[11.378s] INFO:colcon.colcon_ros.task.ament_cmake.build:Building ROS package in '/home/khaledob/bookros2_ws/src/ThirdParty/ros2_controllers/gripper_controllers' with build type 'ament_cmake'
[11.378s] INFO:colcon.colcon_cmake.task.cmake.build:Building CMake package in '/home/khaledob/bookros2_ws/src/ThirdParty/ros2_controllers/gripper_controllers'
[11.379s] INFO:colcon.colcon_core.shell:Skip shell extension 'powershell' for command environment: Not usable outside of PowerShell
[11.380s] DEBUG:colcon.colcon_core.shell:Skip shell extension 'dsv' for command environment
[11.427s] Level 1:colcon.colcon_core.environment:create_environment_scripts_only(velocity_controllers)
[11.432s] Level 1:colcon.colcon_core.environment:checking '/home/khaledob/bookros2_ws/install/velocity_controllers' for CMake module files
[11.437s] Level 1:colcon.colcon_core.environment:checking '/home/khaledob/bookros2_ws/install/velocity_controllers' for CMake config files
[11.441s] Level 1:colcon.colcon_core.shell:create_environment_hook('velocity_controllers', 'cmake_prefix_path')
[11.442s] INFO:colcon.colcon_core.shell:Creating environment hook '/home/khaledob/bookros2_ws/install/velocity_controllers/share/velocity_controllers/hook/cmake_prefix_path.ps1'
[11.454s] DEBUG:colcon.colcon_core.event_handler.log_command:Invoked command in '/home/khaledob/bookros2_ws/build/velocity_controllers' returned '0': AMENT_PREFIX_PATH=/home/khaledob/bookros2_ws/install/forward_command_controller:/home/khaledob/bookros2_ws/install/controller_manager:/home/khaledob/bookros2_ws/install/controller_interface:/home/khaledob/bookros2_ws/install/hardware_interface:/home/khaledob/bookros2_ws/install/ros2_control_test_assets:/home/khaledob/bookros2_ws/install/controller_manager_msgs:${AMENT_PREFIX_PATH} CMAKE_PREFIX_PATH=/home/khaledob/bookros2_ws/install/forward_command_controller:/home/khaledob/bookros2_ws/install/controller_manager:/home/khaledob/bookros2_ws/install/controller_interface:/home/khaledob/bookros2_ws/install/hardware_interface:/home/khaledob/bookros2_ws/install/ros2_control_test_assets:/home/khaledob/bookros2_ws/install/controller_manager_msgs:/opt/ros/foxy LD_LIBRARY_PATH=/home/khaledob/bookros2_ws/install/forward_command_controller/lib:/home/khaledob/bookros2_ws/install/controller_manager/lib:/home/khaledob/bookros2_ws/install/controller_interface/lib:/home/khaledob/bookros2_ws/install/hardware_interface/lib:/home/khaledob/bookros2_ws/install/controller_manager_msgs/lib:${LD_LIBRARY_PATH} PYTHONPATH=/home/khaledob/bookros2_ws/install/controller_manager/lib/python3.8/site-packages:/home/khaledob/bookros2_ws/install/controller_manager_msgs/lib/python3.8/site-packages:${PYTHONPATH} /usr/bin/cmake --install /home/khaledob/bookros2_ws/build/velocity_controllers
[11.455s] INFO:colcon.colcon_core.shell:Creating environment descriptor '/home/khaledob/bookros2_ws/install/velocity_controllers/share/velocity_controllers/hook/cmake_prefix_path.dsv'
[11.457s] INFO:colcon.colcon_core.shell:Creating environment hook '/home/khaledob/bookros2_ws/install/velocity_controllers/share/velocity_controllers/hook/cmake_prefix_path.sh'
[11.464s] Level 1:colcon.colcon_core.environment:checking '/home/khaledob/bookros2_ws/install/velocity_controllers/lib'
[11.464s] Level 1:colcon.colcon_core.shell:create_environment_hook('velocity_controllers', 'ld_library_path_lib')
[11.466s] INFO:colcon.colcon_core.shell:Creating environment hook '/home/khaledob/bookros2_ws/install/velocity_controllers/share/velocity_controllers/hook/ld_library_path_lib.ps1'
[11.470s] INFO:colcon.colcon_core.shell:Creating environment descriptor '/home/khaledob/bookros2_ws/install/velocity_controllers/share/velocity_controllers/hook/ld_library_path_lib.dsv'
[11.473s] INFO:colcon.colcon_core.shell:Creating environment hook '/home/khaledob/bookros2_ws/install/velocity_controllers/share/velocity_controllers/hook/ld_library_path_lib.sh'
[11.479s] Level 1:colcon.colcon_core.environment:checking '/home/khaledob/bookros2_ws/install/velocity_controllers/bin'
[11.479s] Level 1:colcon.colcon_core.environment:checking '/home/khaledob/bookros2_ws/install/velocity_controllers/lib/pkgconfig/velocity_controllers.pc'
[11.479s] Level 1:colcon.colcon_core.environment:checking '/home/khaledob/bookros2_ws/install/velocity_controllers/lib/python3.8/site-packages'
[11.479s] Level 1:colcon.colcon_core.environment:checking '/home/khaledob/bookros2_ws/install/velocity_controllers/bin'
[11.484s] INFO:colcon.colcon_core.shell:Creating package script '/home/khaledob/bookros2_ws/install/velocity_controllers/share/velocity_controllers/package.ps1'
[11.486s] INFO:colcon.colcon_core.shell:Creating package descriptor '/home/khaledob/bookros2_ws/install/velocity_controllers/share/velocity_controllers/package.dsv'
[11.487s] INFO:colcon.colcon_core.shell:Creating package script '/home/khaledob/bookros2_ws/install/velocity_controllers/share/velocity_controllers/package.sh'
[11.495s] INFO:colcon.colcon_core.shell:Creating package script '/home/khaledob/bookros2_ws/install/velocity_controllers/share/velocity_controllers/package.bash'
[11.497s] INFO:colcon.colcon_core.shell:Creating package script '/home/khaledob/bookros2_ws/install/velocity_controllers/share/velocity_controllers/package.zsh'
[11.499s] Level 1:colcon.colcon_core.environment:create_file_with_runtime_dependencies(/home/khaledob/bookros2_ws/install/velocity_controllers/share/colcon-core/packages/velocity_controllers)
[11.501s] Level 1:colcon.colcon_core.environment:create_environment_scripts_only(velocity_controllers)
[11.504s] Level 1:colcon.colcon_core.environment:checking '/home/khaledob/bookros2_ws/install/velocity_controllers' for CMake module files
[11.506s] Level 1:colcon.colcon_core.environment:checking '/home/khaledob/bookros2_ws/install/velocity_controllers' for CMake config files
[11.507s] Level 1:colcon.colcon_core.shell:create_environment_hook('velocity_controllers', 'cmake_prefix_path')
[11.508s] INFO:colcon.colcon_core.shell:Creating environment hook '/home/khaledob/bookros2_ws/install/velocity_controllers/share/velocity_controllers/hook/cmake_prefix_path.ps1'
[11.511s] INFO:colcon.colcon_core.shell:Creating environment descriptor '/home/khaledob/bookros2_ws/install/velocity_controllers/share/velocity_controllers/hook/cmake_prefix_path.dsv'
[11.514s] INFO:colcon.colcon_core.shell:Creating environment hook '/home/khaledob/bookros2_ws/install/velocity_controllers/share/velocity_controllers/hook/cmake_prefix_path.sh'
[11.516s] Level 1:colcon.colcon_core.environment:checking '/home/khaledob/bookros2_ws/install/velocity_controllers/lib'
[11.517s] Level 1:colcon.colcon_core.shell:create_environment_hook('velocity_controllers', 'ld_library_path_lib')
[11.517s] INFO:colcon.colcon_core.shell:Creating environment hook '/home/khaledob/bookros2_ws/install/velocity_controllers/share/velocity_controllers/hook/ld_library_path_lib.ps1'
[11.519s] INFO:colcon.colcon_core.shell:Creating environment descriptor '/home/khaledob/bookros2_ws/install/velocity_controllers/share/velocity_controllers/hook/ld_library_path_lib.dsv'
[11.521s] INFO:colcon.colcon_core.shell:Creating environment hook '/home/khaledob/bookros2_ws/install/velocity_controllers/share/velocity_controllers/hook/ld_library_path_lib.sh'
[11.523s] Level 1:colcon.colcon_core.environment:checking '/home/khaledob/bookros2_ws/install/velocity_controllers/bin'
[11.524s] Level 1:colcon.colcon_core.environment:checking '/home/khaledob/bookros2_ws/install/velocity_controllers/lib/pkgconfig/velocity_controllers.pc'
[11.524s] Level 1:colcon.colcon_core.environment:checking '/home/khaledob/bookros2_ws/install/velocity_controllers/lib/python3.8/site-packages'
[11.524s] Level 1:colcon.colcon_core.environment:checking '/home/khaledob/bookros2_ws/install/velocity_controllers/bin'
[11.524s] INFO:colcon.colcon_core.shell:Creating package script '/home/khaledob/bookros2_ws/install/velocity_controllers/share/velocity_controllers/package.ps1'
[11.526s] INFO:colcon.colcon_core.shell:Creating package descriptor '/home/khaledob/bookros2_ws/install/velocity_controllers/share/velocity_controllers/package.dsv'
[11.527s] INFO:colcon.colcon_core.shell:Creating package script '/home/khaledob/bookros2_ws/install/velocity_controllers/share/velocity_controllers/package.sh'
[11.529s] INFO:colcon.colcon_core.shell:Creating package script '/home/khaledob/bookros2_ws/install/velocity_controllers/share/velocity_controllers/package.bash'
[11.530s] INFO:colcon.colcon_core.shell:Creating package script '/home/khaledob/bookros2_ws/install/velocity_controllers/share/velocity_controllers/package.zsh'
[11.531s] Level 1:colcon.colcon_core.environment:create_file_with_runtime_dependencies(/home/khaledob/bookros2_ws/install/velocity_controllers/share/colcon-core/packages/velocity_controllers)
[11.532s] Level 1:colcon.colcon_core.environment:create_environment_scripts_only(pmb2_controller_configuration)
[11.534s] DEBUG:colcon.colcon_core.event_handler.log_command:Invoked command in '/home/khaledob/bookros2_ws/build/pmb2_controller_configuration' returned '0': AMENT_PREFIX_PATH=/home/khaledob/bookros2_ws/install/joint_state_controller:/home/khaledob/bookros2_ws/install/joint_state_broadcaster:/home/khaledob/bookros2_ws/install/imu_sensor_broadcaster:/home/khaledob/bookros2_ws/install/diff_drive_controller:/home/khaledob/bookros2_ws/install/controller_manager:/home/khaledob/bookros2_ws/install/controller_interface:/home/khaledob/bookros2_ws/install/hardware_interface:/home/khaledob/bookros2_ws/install/ros2_control_test_assets:/home/khaledob/bookros2_ws/install/controller_manager_msgs:${AMENT_PREFIX_PATH} CMAKE_PREFIX_PATH=/home/khaledob/bookros2_ws/install/joint_state_controller:/home/khaledob/bookros2_ws/install/joint_state_broadcaster:/home/khaledob/bookros2_ws/install/imu_sensor_broadcaster:/home/khaledob/bookros2_ws/install/diff_drive_controller:/home/khaledob/bookros2_ws/install/controller_manager:/home/khaledob/bookros2_ws/install/controller_interface:/home/khaledob/bookros2_ws/install/hardware_interface:/home/khaledob/bookros2_ws/install/ros2_control_test_assets:/home/khaledob/bookros2_ws/install/controller_manager_msgs:/opt/ros/foxy LD_LIBRARY_PATH=/home/khaledob/bookros2_ws/install/joint_state_controller/lib:/home/khaledob/bookros2_ws/install/joint_state_broadcaster/lib:/home/khaledob/bookros2_ws/install/imu_sensor_broadcaster/lib:/home/khaledob/bookros2_ws/install/diff_drive_controller/lib:/home/khaledob/bookros2_ws/install/controller_manager/lib:/home/khaledob/bookros2_ws/install/controller_interface/lib:/home/khaledob/bookros2_ws/install/hardware_interface/lib:/home/khaledob/bookros2_ws/install/controller_manager_msgs/lib:${LD_LIBRARY_PATH} PYTHONPATH=/home/khaledob/bookros2_ws/install/controller_manager/lib/python3.8/site-packages:/home/khaledob/bookros2_ws/install/controller_manager_msgs/lib/python3.8/site-packages:${PYTHONPATH} /usr/bin/cmake --install /home/khaledob/bookros2_ws/build/pmb2_controller_configuration
[11.535s] Level 1:colcon.colcon_core.environment:checking '/home/khaledob/bookros2_ws/install/pmb2_controller_configuration' for CMake module files
[11.535s] Level 1:colcon.colcon_core.environment:checking '/home/khaledob/bookros2_ws/install/pmb2_controller_configuration' for CMake config files
[11.536s] Level 1:colcon.colcon_core.shell:create_environment_hook('pmb2_controller_configuration', 'cmake_prefix_path')
[11.537s] INFO:colcon.colcon_core.shell:Creating environment hook '/home/khaledob/bookros2_ws/install/pmb2_controller_configuration/share/pmb2_controller_configuration/hook/cmake_prefix_path.ps1'
[11.541s] INFO:colcon.colcon_core.shell:Creating environment descriptor '/home/khaledob/bookros2_ws/install/pmb2_controller_configuration/share/pmb2_controller_configuration/hook/cmake_prefix_path.dsv'
[11.542s] INFO:colcon.colcon_core.shell:Creating environment hook '/home/khaledob/bookros2_ws/install/pmb2_controller_configuration/share/pmb2_controller_configuration/hook/cmake_prefix_path.sh'
[11.544s] Level 1:colcon.colcon_core.environment:checking '/home/khaledob/bookros2_ws/install/pmb2_controller_configuration/bin'
[11.544s] Level 1:colcon.colcon_core.environment:checking '/home/khaledob/bookros2_ws/install/pmb2_controller_configuration/lib/pkgconfig/pmb2_controller_configuration.pc'
[11.545s] Level 1:colcon.colcon_core.environment:checking '/home/khaledob/bookros2_ws/install/pmb2_controller_configuration/lib/python3.8/site-packages'
[11.545s] Level 1:colcon.colcon_core.environment:checking '/home/khaledob/bookros2_ws/install/pmb2_controller_configuration/bin'
[11.546s] INFO:colcon.colcon_core.shell:Creating package script '/home/khaledob/bookros2_ws/install/pmb2_controller_configuration/share/pmb2_controller_configuration/package.ps1'
[11.547s] INFO:colcon.colcon_core.shell:Creating package descriptor '/home/khaledob/bookros2_ws/install/pmb2_controller_configuration/share/pmb2_controller_configuration/package.dsv'
[11.549s] INFO:colcon.colcon_core.shell:Creating package script '/home/khaledob/bookros2_ws/install/pmb2_controller_configuration/share/pmb2_controller_configuration/package.sh'
[11.549s] INFO:colcon.colcon_core.shell:Creating package script '/home/khaledob/bookros2_ws/install/pmb2_controller_configuration/share/pmb2_controller_configuration/package.bash'
[11.551s] INFO:colcon.colcon_core.shell:Creating package script '/home/khaledob/bookros2_ws/install/pmb2_controller_configuration/share/pmb2_controller_configuration/package.zsh'
[11.552s] Level 1:colcon.colcon_core.environment:create_file_with_runtime_dependencies(/home/khaledob/bookros2_ws/install/pmb2_controller_configuration/share/colcon-core/packages/pmb2_controller_configuration)
[11.555s] Level 1:colcon.colcon_core.environment:create_environment_scripts_only(pmb2_controller_configuration)
[11.556s] Level 1:colcon.colcon_core.environment:checking '/home/khaledob/bookros2_ws/install/pmb2_controller_configuration' for CMake module files
[11.556s] Level 1:colcon.colcon_core.environment:checking '/home/khaledob/bookros2_ws/install/pmb2_controller_configuration' for CMake config files
[11.557s] Level 1:colcon.colcon_core.shell:create_environment_hook('pmb2_controller_configuration', 'cmake_prefix_path')
[11.557s] INFO:colcon.colcon_core.shell:Creating environment hook '/home/khaledob/bookros2_ws/install/pmb2_controller_configuration/share/pmb2_controller_configuration/hook/cmake_prefix_path.ps1'
[11.558s] INFO:colcon.colcon_core.shell:Creating environment descriptor '/home/khaledob/bookros2_ws/install/pmb2_controller_configuration/share/pmb2_controller_configuration/hook/cmake_prefix_path.dsv'
[11.560s] INFO:colcon.colcon_core.shell:Creating environment hook '/home/khaledob/bookros2_ws/install/pmb2_controller_configuration/share/pmb2_controller_configuration/hook/cmake_prefix_path.sh'
[11.562s] Level 1:colcon.colcon_core.environment:checking '/home/khaledob/bookros2_ws/install/pmb2_controller_configuration/bin'
[11.562s] Level 1:colcon.colcon_core.environment:checking '/home/khaledob/bookros2_ws/install/pmb2_controller_configuration/lib/pkgconfig/pmb2_controller_configuration.pc'
[11.563s] Level 1:colcon.colcon_core.environment:checking '/home/khaledob/bookros2_ws/install/pmb2_controller_configuration/lib/python3.8/site-packages'
[11.567s] Level 1:colcon.colcon_core.environment:checking '/home/khaledob/bookros2_ws/install/pmb2_controller_configuration/bin'
[11.568s] INFO:colcon.colcon_core.shell:Creating package script '/home/khaledob/bookros2_ws/install/pmb2_controller_configuration/share/pmb2_controller_configuration/package.ps1'
[11.570s] INFO:colcon.colcon_core.shell:Creating package descriptor '/home/khaledob/bookros2_ws/install/pmb2_controller_configuration/share/pmb2_controller_configuration/package.dsv'
[11.572s] INFO:colcon.colcon_core.shell:Creating package script '/home/khaledob/bookros2_ws/install/pmb2_controller_configuration/share/pmb2_controller_configuration/package.sh'
[11.575s] INFO:colcon.colcon_core.shell:Creating package script '/home/khaledob/bookros2_ws/install/pmb2_controller_configuration/share/pmb2_controller_configuration/package.bash'
[11.583s] INFO:colcon.colcon_core.shell:Creating package script '/home/khaledob/bookros2_ws/install/pmb2_controller_configuration/share/pmb2_controller_configuration/package.zsh'
[11.585s] Level 1:colcon.colcon_core.environment:create_file_with_runtime_dependencies(/home/khaledob/bookros2_ws/install/pmb2_controller_configuration/share/colcon-core/packages/pmb2_controller_configuration)
[11.604s] INFO:colcon.colcon_ros.task.ament_cmake.build:Building ROS package in '/home/khaledob/bookros2_ws/src/ThirdParty/pmb2_robot/pmb2_description' with build type 'ament_cmake'
[11.606s] INFO:colcon.colcon_cmake.task.cmake.build:Building CMake package in '/home/khaledob/bookros2_ws/src/ThirdParty/pmb2_robot/pmb2_description'
[11.609s] INFO:colcon.colcon_core.shell:Skip shell extension 'powershell' for command environment: Not usable outside of PowerShell
[11.610s] DEBUG:colcon.colcon_core.shell:Skip shell extension 'dsv' for command environment
[11.616s] DEBUG:colcon.colcon_core.event_handler.log_command:Invoking command in '/home/khaledob/bookros2_ws/build/ros2controlcli': AMENT_PREFIX_PATH=/home/khaledob/bookros2_ws/install/controller_manager:/home/khaledob/bookros2_ws/install/controller_interface:/home/khaledob/bookros2_ws/install/hardware_interface:/home/khaledob/bookros2_ws/install/ros2_control_test_assets:/home/khaledob/bookros2_ws/install/controller_manager_msgs:${AMENT_PREFIX_PATH} CMAKE_PREFIX_PATH=/home/khaledob/bookros2_ws/install/controller_manager:/home/khaledob/bookros2_ws/install/controller_interface:/home/khaledob/bookros2_ws/install/hardware_interface:/home/khaledob/bookros2_ws/install/ros2_control_test_assets:/home/khaledob/bookros2_ws/install/controller_manager_msgs LD_LIBRARY_PATH=/home/khaledob/bookros2_ws/install/controller_manager/lib:/home/khaledob/bookros2_ws/install/controller_interface/lib:/home/khaledob/bookros2_ws/install/hardware_interface/lib:/home/khaledob/bookros2_ws/install/controller_manager_msgs/lib:${LD_LIBRARY_PATH} PYTHONPATH=/home/khaledob/bookros2_ws/build/ros2controlcli/prefix_override:/usr/lib/python3/dist-packages/colcon_core/task/python/colcon_distutils_commands:/home/khaledob/bookros2_ws/install/ros2controlcli/lib/python3.8/site-packages:/home/khaledob/bookros2_ws/install/controller_manager/lib/python3.8/site-packages:/home/khaledob/bookros2_ws/install/controller_manager_msgs/lib/python3.8/site-packages:${PYTHONPATH} /usr/bin/python3 -W ignore:setup.py install is deprecated -W ignore:easy_install command is deprecated setup.py develop --editable --build-directory /home/khaledob/bookros2_ws/build/ros2controlcli/build --no-deps symlink_data
[11.633s] INFO:colcon.colcon_ros.task.ament_cmake.build:Building ROS package in '/home/khaledob/bookros2_ws/src/ThirdParty/ros2_controllers/ros2_controllers' with build type 'ament_cmake'
[11.645s] INFO:colcon.colcon_cmake.task.cmake.build:Building CMake package in '/home/khaledob/bookros2_ws/src/ThirdParty/ros2_controllers/ros2_controllers'
[11.650s] INFO:colcon.colcon_core.shell:Skip shell extension 'powershell' for command environment: Not usable outside of PowerShell
[11.656s] DEBUG:colcon.colcon_core.shell:Skip shell extension 'dsv' for command environment
[11.694s] DEBUG:colcon.colcon_core.event_handler.log_command:Invoked command in '/home/khaledob/bookros2_ws/build/pal_gripper_controller_configuration' returned '0': AMENT_PREFIX_PATH=/home/khaledob/bookros2_ws/install/position_controllers:/home/khaledob/bookros2_ws/install/joint_trajectory_controller:/home/khaledob/bookros2_ws/install/forward_command_controller:/home/khaledob/bookros2_ws/install/controller_manager:/home/khaledob/bookros2_ws/install/controller_interface:/home/khaledob/bookros2_ws/install/hardware_interface:/home/khaledob/bookros2_ws/install/ros2_control_test_assets:/home/khaledob/bookros2_ws/install/controller_manager_msgs:${AMENT_PREFIX_PATH} CMAKE_PREFIX_PATH=/home/khaledob/bookros2_ws/install/position_controllers:/home/khaledob/bookros2_ws/install/joint_trajectory_controller:/home/khaledob/bookros2_ws/install/forward_command_controller:/home/khaledob/bookros2_ws/install/controller_manager:/home/khaledob/bookros2_ws/install/controller_interface:/home/khaledob/bookros2_ws/install/hardware_interface:/home/khaledob/bookros2_ws/install/ros2_control_test_assets:/home/khaledob/bookros2_ws/install/controller_manager_msgs:/opt/ros/foxy LD_LIBRARY_PATH=/home/khaledob/bookros2_ws/install/position_controllers/lib:/home/khaledob/bookros2_ws/install/joint_trajectory_controller/lib:/home/khaledob/bookros2_ws/install/forward_command_controller/lib:/home/khaledob/bookros2_ws/install/controller_manager/lib:/home/khaledob/bookros2_ws/install/controller_interface/lib:/home/khaledob/bookros2_ws/install/hardware_interface/lib:/home/khaledob/bookros2_ws/install/controller_manager_msgs/lib:${LD_LIBRARY_PATH} PYTHONPATH=/home/khaledob/bookros2_ws/install/controller_manager/lib/python3.8/site-packages:/home/khaledob/bookros2_ws/install/controller_manager_msgs/lib/python3.8/site-packages:${PYTHONPATH} /usr/bin/cmake --build /home/khaledob/bookros2_ws/build/pal_gripper_controller_configuration -- -j7 -l7
[11.714s] DEBUG:colcon.colcon_core.event_handler.log_command:Invoking command in '/home/khaledob/bookros2_ws/build/pal_gripper_controller_configuration': AMENT_PREFIX_PATH=/home/khaledob/bookros2_ws/install/position_controllers:/home/khaledob/bookros2_ws/install/joint_trajectory_controller:/home/khaledob/bookros2_ws/install/forward_command_controller:/home/khaledob/bookros2_ws/install/controller_manager:/home/khaledob/bookros2_ws/install/controller_interface:/home/khaledob/bookros2_ws/install/hardware_interface:/home/khaledob/bookros2_ws/install/ros2_control_test_assets:/home/khaledob/bookros2_ws/install/controller_manager_msgs:${AMENT_PREFIX_PATH} CMAKE_PREFIX_PATH=/home/khaledob/bookros2_ws/install/position_controllers:/home/khaledob/bookros2_ws/install/joint_trajectory_controller:/home/khaledob/bookros2_ws/install/forward_command_controller:/home/khaledob/bookros2_ws/install/controller_manager:/home/khaledob/bookros2_ws/install/controller_interface:/home/khaledob/bookros2_ws/install/hardware_interface:/home/khaledob/bookros2_ws/install/ros2_control_test_assets:/home/khaledob/bookros2_ws/install/controller_manager_msgs:/opt/ros/foxy LD_LIBRARY_PATH=/home/khaledob/bookros2_ws/install/position_controllers/lib:/home/khaledob/bookros2_ws/install/joint_trajectory_controller/lib:/home/khaledob/bookros2_ws/install/forward_command_controller/lib:/home/khaledob/bookros2_ws/install/controller_manager/lib:/home/khaledob/bookros2_ws/install/controller_interface/lib:/home/khaledob/bookros2_ws/install/hardware_interface/lib:/home/khaledob/bookros2_ws/install/controller_manager_msgs/lib:${LD_LIBRARY_PATH} PYTHONPATH=/home/khaledob/bookros2_ws/install/controller_manager/lib/python3.8/site-packages:/home/khaledob/bookros2_ws/install/controller_manager_msgs/lib/python3.8/site-packages:${PYTHONPATH} /usr/bin/cmake --install /home/khaledob/bookros2_ws/build/pal_gripper_controller_configuration
[11.757s] DEBUG:colcon.colcon_core.event_handler.log_command:Invoking command in '/home/khaledob/bookros2_ws/build/gripper_controllers': AMENT_PREFIX_PATH=/home/khaledob/bookros2_ws/install/controller_manager:/home/khaledob/bookros2_ws/install/controller_interface:/home/khaledob/bookros2_ws/install/hardware_interface:/home/khaledob/bookros2_ws/install/ros2_control_test_assets:/home/khaledob/bookros2_ws/install/controller_manager_msgs:${AMENT_PREFIX_PATH} CMAKE_PREFIX_PATH=/home/khaledob/bookros2_ws/install/controller_manager:/home/khaledob/bookros2_ws/install/controller_interface:/home/khaledob/bookros2_ws/install/hardware_interface:/home/khaledob/bookros2_ws/install/ros2_control_test_assets:/home/khaledob/bookros2_ws/install/controller_manager_msgs:/opt/ros/foxy LD_LIBRARY_PATH=/home/khaledob/bookros2_ws/install/controller_manager/lib:/home/khaledob/bookros2_ws/install/controller_interface/lib:/home/khaledob/bookros2_ws/install/hardware_interface/lib:/home/khaledob/bookros2_ws/install/controller_manager_msgs/lib:${LD_LIBRARY_PATH} PYTHONPATH=/home/khaledob/bookros2_ws/install/controller_manager/lib/python3.8/site-packages:/home/khaledob/bookros2_ws/install/controller_manager_msgs/lib/python3.8/site-packages:${PYTHONPATH} /usr/bin/cmake --build /home/khaledob/bookros2_ws/build/gripper_controllers -- -j7 -l7
[11.825s] DEBUG:colcon.colcon_core.event_handler.log_command:Invoking command in '/home/khaledob/bookros2_ws/build/pmb2_description': AMENT_PREFIX_PATH=/home/khaledob/bookros2_ws/install/pmb2_controller_configuration:/home/khaledob/bookros2_ws/install/joint_state_controller:/home/khaledob/bookros2_ws/install/joint_state_broadcaster:/home/khaledob/bookros2_ws/install/imu_sensor_broadcaster:/home/khaledob/bookros2_ws/install/diff_drive_controller:/home/khaledob/bookros2_ws/install/controller_manager:/home/khaledob/bookros2_ws/install/controller_interface:/home/khaledob/bookros2_ws/install/hardware_interface:/home/khaledob/bookros2_ws/install/urdf_test:/home/khaledob/bookros2_ws/install/ros2_control_test_assets:/home/khaledob/bookros2_ws/install/launch_pal:/home/khaledob/bookros2_ws/install/controller_manager_msgs:${AMENT_PREFIX_PATH} CMAKE_PREFIX_PATH=/home/khaledob/bookros2_ws/install/pmb2_controller_configuration:/home/khaledob/bookros2_ws/install/joint_state_controller:/home/khaledob/bookros2_ws/install/joint_state_broadcaster:/home/khaledob/bookros2_ws/install/imu_sensor_broadcaster:/home/khaledob/bookros2_ws/install/diff_drive_controller:/home/khaledob/bookros2_ws/install/controller_manager:/home/khaledob/bookros2_ws/install/controller_interface:/home/khaledob/bookros2_ws/install/hardware_interface:/home/khaledob/bookros2_ws/install/urdf_test:/home/khaledob/bookros2_ws/install/ros2_control_test_assets:/home/khaledob/bookros2_ws/install/controller_manager_msgs:/opt/ros/foxy LD_LIBRARY_PATH=/home/khaledob/bookros2_ws/install/joint_state_controller/lib:/home/khaledob/bookros2_ws/install/joint_state_broadcaster/lib:/home/khaledob/bookros2_ws/install/imu_sensor_broadcaster/lib:/home/khaledob/bookros2_ws/install/diff_drive_controller/lib:/home/khaledob/bookros2_ws/install/controller_manager/lib:/home/khaledob/bookros2_ws/install/controller_interface/lib:/home/khaledob/bookros2_ws/install/hardware_interface/lib:/home/khaledob/bookros2_ws/install/controller_manager_msgs/lib:${LD_LIBRARY_PATH} PYTHONPATH=/home/khaledob/bookros2_ws/install/controller_manager/lib/python3.8/site-packages:/home/khaledob/bookros2_ws/install/urdf_test/lib/python3.8/site-packages:/home/khaledob/bookros2_ws/build/launch_pal:/home/khaledob/bookros2_ws/install/launch_pal/lib/python3.8/site-packages:/home/khaledob/bookros2_ws/install/controller_manager_msgs/lib/python3.8/site-packages:${PYTHONPATH} /usr/bin/cmake --build /home/khaledob/bookros2_ws/build/pmb2_description -- -j7 -l7
[11.839s] Level 1:colcon.colcon_core.environment:create_environment_scripts_only(pal_gripper_controller_configuration)
[11.841s] DEBUG:colcon.colcon_core.event_handler.log_command:Invoked command in '/home/khaledob/bookros2_ws/build/pal_gripper_controller_configuration' returned '0': AMENT_PREFIX_PATH=/home/khaledob/bookros2_ws/install/position_controllers:/home/khaledob/bookros2_ws/install/joint_trajectory_controller:/home/khaledob/bookros2_ws/install/forward_command_controller:/home/khaledob/bookros2_ws/install/controller_manager:/home/khaledob/bookros2_ws/install/controller_interface:/home/khaledob/bookros2_ws/install/hardware_interface:/home/khaledob/bookros2_ws/install/ros2_control_test_assets:/home/khaledob/bookros2_ws/install/controller_manager_msgs:${AMENT_PREFIX_PATH} CMAKE_PREFIX_PATH=/home/khaledob/bookros2_ws/install/position_controllers:/home/khaledob/bookros2_ws/install/joint_trajectory_controller:/home/khaledob/bookros2_ws/install/forward_command_controller:/home/khaledob/bookros2_ws/install/controller_manager:/home/khaledob/bookros2_ws/install/controller_interface:/home/khaledob/bookros2_ws/install/hardware_interface:/home/khaledob/bookros2_ws/install/ros2_control_test_assets:/home/khaledob/bookros2_ws/install/controller_manager_msgs:/opt/ros/foxy LD_LIBRARY_PATH=/home/khaledob/bookros2_ws/install/position_controllers/lib:/home/khaledob/bookros2_ws/install/joint_trajectory_controller/lib:/home/khaledob/bookros2_ws/install/forward_command_controller/lib:/home/khaledob/bookros2_ws/install/controller_manager/lib:/home/khaledob/bookros2_ws/install/controller_interface/lib:/home/khaledob/bookros2_ws/install/hardware_interface/lib:/home/khaledob/bookros2_ws/install/controller_manager_msgs/lib:${LD_LIBRARY_PATH} PYTHONPATH=/home/khaledob/bookros2_ws/install/controller_manager/lib/python3.8/site-packages:/home/khaledob/bookros2_ws/install/controller_manager_msgs/lib/python3.8/site-packages:${PYTHONPATH} /usr/bin/cmake --install /home/khaledob/bookros2_ws/build/pal_gripper_controller_configuration
[11.842s] Level 1:colcon.colcon_core.environment:checking '/home/khaledob/bookros2_ws/install/pal_gripper_controller_configuration' for CMake module files
[11.843s] Level 1:colcon.colcon_core.environment:checking '/home/khaledob/bookros2_ws/install/pal_gripper_controller_configuration' for CMake config files
[11.845s] Level 1:colcon.colcon_core.shell:create_environment_hook('pal_gripper_controller_configuration', 'cmake_prefix_path')
[11.846s] INFO:colcon.colcon_core.shell:Creating environment hook '/home/khaledob/bookros2_ws/install/pal_gripper_controller_configuration/share/pal_gripper_controller_configuration/hook/cmake_prefix_path.ps1'
[11.848s] INFO:colcon.colcon_core.shell:Creating environment descriptor '/home/khaledob/bookros2_ws/install/pal_gripper_controller_configuration/share/pal_gripper_controller_configuration/hook/cmake_prefix_path.dsv'
[11.849s] INFO:colcon.colcon_core.shell:Creating environment hook '/home/khaledob/bookros2_ws/install/pal_gripper_controller_configuration/share/pal_gripper_controller_configuration/hook/cmake_prefix_path.sh'
[11.852s] Level 1:colcon.colcon_core.environment:checking '/home/khaledob/bookros2_ws/install/pal_gripper_controller_configuration/bin'
[11.852s] Level 1:colcon.colcon_core.environment:checking '/home/khaledob/bookros2_ws/install/pal_gripper_controller_configuration/lib/pkgconfig/pal_gripper_controller_configuration.pc'
[11.853s] Level 1:colcon.colcon_core.environment:checking '/home/khaledob/bookros2_ws/install/pal_gripper_controller_configuration/lib/python3.8/site-packages'
[11.853s] Level 1:colcon.colcon_core.environment:checking '/home/khaledob/bookros2_ws/install/pal_gripper_controller_configuration/bin'
[11.854s] INFO:colcon.colcon_core.shell:Creating package script '/home/khaledob/bookros2_ws/install/pal_gripper_controller_configuration/share/pal_gripper_controller_configuration/package.ps1'
[11.856s] INFO:colcon.colcon_core.shell:Creating package descriptor '/home/khaledob/bookros2_ws/install/pal_gripper_controller_configuration/share/pal_gripper_controller_configuration/package.dsv'
[11.868s] INFO:colcon.colcon_core.shell:Creating package script '/home/khaledob/bookros2_ws/install/pal_gripper_controller_configuration/share/pal_gripper_controller_configuration/package.sh'
[11.873s] INFO:colcon.colcon_core.shell:Creating package script '/home/khaledob/bookros2_ws/install/pal_gripper_controller_configuration/share/pal_gripper_controller_configuration/package.bash'
[11.874s] INFO:colcon.colcon_core.shell:Creating package script '/home/khaledob/bookros2_ws/install/pal_gripper_controller_configuration/share/pal_gripper_controller_configuration/package.zsh'
[11.876s] Level 1:colcon.colcon_core.environment:create_file_with_runtime_dependencies(/home/khaledob/bookros2_ws/install/pal_gripper_controller_configuration/share/colcon-core/packages/pal_gripper_controller_configuration)
[11.879s] Level 1:colcon.colcon_core.environment:create_environment_scripts_only(pal_gripper_controller_configuration)
[11.880s] Level 1:colcon.colcon_core.environment:checking '/home/khaledob/bookros2_ws/install/pal_gripper_controller_configuration' for CMake module files
[11.881s] Level 1:colcon.colcon_core.environment:checking '/home/khaledob/bookros2_ws/install/pal_gripper_controller_configuration' for CMake config files
[11.881s] Level 1:colcon.colcon_core.shell:create_environment_hook('pal_gripper_controller_configuration', 'cmake_prefix_path')
[11.882s] INFO:colcon.colcon_core.shell:Creating environment hook '/home/khaledob/bookros2_ws/install/pal_gripper_controller_configuration/share/pal_gripper_controller_configuration/hook/cmake_prefix_path.ps1'
[11.883s] INFO:colcon.colcon_core.shell:Creating environment descriptor '/home/khaledob/bookros2_ws/install/pal_gripper_controller_configuration/share/pal_gripper_controller_configuration/hook/cmake_prefix_path.dsv'
[11.884s] INFO:colcon.colcon_core.shell:Creating environment hook '/home/khaledob/bookros2_ws/install/pal_gripper_controller_configuration/share/pal_gripper_controller_configuration/hook/cmake_prefix_path.sh'
[11.887s] Level 1:colcon.colcon_core.environment:checking '/home/khaledob/bookros2_ws/install/pal_gripper_controller_configuration/bin'
[11.888s] Level 1:colcon.colcon_core.environment:checking '/home/khaledob/bookros2_ws/install/pal_gripper_controller_configuration/lib/pkgconfig/pal_gripper_controller_configuration.pc'
[11.888s] Level 1:colcon.colcon_core.environment:checking '/home/khaledob/bookros2_ws/install/pal_gripper_controller_configuration/lib/python3.8/site-packages'
[11.889s] Level 1:colcon.colcon_core.environment:checking '/home/khaledob/bookros2_ws/install/pal_gripper_controller_configuration/bin'
[11.889s] INFO:colcon.colcon_core.shell:Creating package script '/home/khaledob/bookros2_ws/install/pal_gripper_controller_configuration/share/pal_gripper_controller_configuration/package.ps1'
[11.892s] INFO:colcon.colcon_core.shell:Creating package descriptor '/home/khaledob/bookros2_ws/install/pal_gripper_controller_configuration/share/pal_gripper_controller_configuration/package.dsv'
[11.894s] INFO:colcon.colcon_core.shell:Creating package script '/home/khaledob/bookros2_ws/install/pal_gripper_controller_configuration/share/pal_gripper_controller_configuration/package.sh'
[11.897s] INFO:colcon.colcon_core.shell:Creating package script '/home/khaledob/bookros2_ws/install/pal_gripper_controller_configuration/share/pal_gripper_controller_configuration/package.bash'
[11.899s] INFO:colcon.colcon_core.shell:Creating package script '/home/khaledob/bookros2_ws/install/pal_gripper_controller_configuration/share/pal_gripper_controller_configuration/package.zsh'
[11.901s] Level 1:colcon.colcon_core.environment:create_file_with_runtime_dependencies(/home/khaledob/bookros2_ws/install/pal_gripper_controller_configuration/share/colcon-core/packages/pal_gripper_controller_configuration)
[11.903s] INFO:colcon.colcon_ros.task.ament_cmake.build:Building ROS package in '/home/khaledob/bookros2_ws/src/ThirdParty/tiago_robot/tiago_controller_configuration' with build type 'ament_cmake'
[11.904s] INFO:colcon.colcon_cmake.task.cmake.build:Building CMake package in '/home/khaledob/bookros2_ws/src/ThirdParty/tiago_robot/tiago_controller_configuration'
[11.904s] INFO:colcon.colcon_core.shell:Skip shell extension 'powershell' for command environment: Not usable outside of PowerShell
[11.904s] DEBUG:colcon.colcon_core.shell:Skip shell extension 'dsv' for command environment
[11.942s] INFO:colcon.colcon_ros.task.ament_cmake.build:Building ROS package in '/home/khaledob/bookros2_ws/src/ThirdParty/pal_gripper/pal_gripper' with build type 'ament_cmake'
[11.944s] INFO:colcon.colcon_cmake.task.cmake.build:Building CMake package in '/home/khaledob/bookros2_ws/src/ThirdParty/pal_gripper/pal_gripper'
[11.945s] INFO:colcon.colcon_core.shell:Skip shell extension 'powershell' for command environment: Not usable outside of PowerShell
[11.945s] DEBUG:colcon.colcon_core.shell:Skip shell extension 'dsv' for command environment
[12.017s] DEBUG:colcon.colcon_core.event_handler.log_command:Invoking command in '/home/khaledob/bookros2_ws/build/ros2_controllers': AMENT_PREFIX_PATH=/home/khaledob/bookros2_ws/install/velocity_controllers:/home/khaledob/bookros2_ws/install/position_controllers:/home/khaledob/bookros2_ws/install/joint_state_controller:/home/khaledob/bookros2_ws/install/effort_controllers:/home/khaledob/bookros2_ws/install/joint_trajectory_controller:/home/khaledob/bookros2_ws/install/joint_state_broadcaster:/home/khaledob/bookros2_ws/install/imu_sensor_broadcaster:/home/khaledob/bookros2_ws/install/forward_command_controller:/home/khaledob/bookros2_ws/install/force_torque_sensor_broadcaster:/home/khaledob/bookros2_ws/install/diff_drive_controller:/home/khaledob/bookros2_ws/install/controller_manager:/home/khaledob/bookros2_ws/install/controller_interface:/home/khaledob/bookros2_ws/install/hardware_interface:/home/khaledob/bookros2_ws/install/ros2_control_test_assets:/home/khaledob/bookros2_ws/install/controller_manager_msgs:${AMENT_PREFIX_PATH} CMAKE_PREFIX_PATH=/home/khaledob/bookros2_ws/install/velocity_controllers:/home/khaledob/bookros2_ws/install/position_controllers:/home/khaledob/bookros2_ws/install/joint_state_controller:/home/khaledob/bookros2_ws/install/effort_controllers:/home/khaledob/bookros2_ws/install/joint_trajectory_controller:/home/khaledob/bookros2_ws/install/joint_state_broadcaster:/home/khaledob/bookros2_ws/install/imu_sensor_broadcaster:/home/khaledob/bookros2_ws/install/forward_command_controller:/home/khaledob/bookros2_ws/install/force_torque_sensor_broadcaster:/home/khaledob/bookros2_ws/install/diff_drive_controller:/home/khaledob/bookros2_ws/install/controller_manager:/home/khaledob/bookros2_ws/install/controller_interface:/home/khaledob/bookros2_ws/install/hardware_interface:/home/khaledob/bookros2_ws/install/ros2_control_test_assets:/home/khaledob/bookros2_ws/install/controller_manager_msgs:/opt/ros/foxy LD_LIBRARY_PATH=/home/khaledob/bookros2_ws/install/velocity_controllers/lib:/home/khaledob/bookros2_ws/install/position_controllers/lib:/home/khaledob/bookros2_ws/install/joint_state_controller/lib:/home/khaledob/bookros2_ws/install/effort_controllers/lib:/home/khaledob/bookros2_ws/install/joint_trajectory_controller/lib:/home/khaledob/bookros2_ws/install/joint_state_broadcaster/lib:/home/khaledob/bookros2_ws/install/imu_sensor_broadcaster/lib:/home/khaledob/bookros2_ws/install/forward_command_controller/lib:/home/khaledob/bookros2_ws/install/force_torque_sensor_broadcaster/lib:/home/khaledob/bookros2_ws/install/diff_drive_controller/lib:/home/khaledob/bookros2_ws/install/controller_manager/lib:/home/khaledob/bookros2_ws/install/controller_interface/lib:/home/khaledob/bookros2_ws/install/hardware_interface/lib:/home/khaledob/bookros2_ws/install/controller_manager_msgs/lib:${LD_LIBRARY_PATH} PYTHONPATH=/home/khaledob/bookros2_ws/install/controller_manager/lib/python3.8/site-packages:/home/khaledob/bookros2_ws/install/controller_manager_msgs/lib/python3.8/site-packages:${PYTHONPATH} /usr/bin/cmake --build /home/khaledob/bookros2_ws/build/ros2_controllers -- -j7 -l7
[12.022s] Level 1:colcon.colcon_core.environment:create_environment_scripts_only(task1)
[12.023s] Level 1:colcon.colcon_core.environment:checking '/home/khaledob/bookros2_ws/install/task1' for CMake module files
[12.025s] Level 1:colcon.colcon_core.environment:checking '/home/khaledob/bookros2_ws/install/task1' for CMake config files
[12.026s] Level 1:colcon.colcon_core.environment:checking '/home/khaledob/bookros2_ws/install/task1/bin'
[12.029s] Level 1:colcon.colcon_core.environment:checking '/home/khaledob/bookros2_ws/install/task1/lib/pkgconfig/task1.pc'
[12.027s] DEBUG:colcon.colcon_core.event_handler.log_command:Invoked command in '/home/khaledob/bookros2_ws/build/task1' returned '2': CMAKE_PREFIX_PATH=/opt/ros/foxy /usr/bin/cmake --build /home/khaledob/bookros2_ws/build/task1 -- -j7 -l7
[12.030s] Level 1:colcon.colcon_core.environment:checking '/home/khaledob/bookros2_ws/install/task1/lib/python3.8/site-packages'
[12.031s] Level 1:colcon.colcon_core.environment:checking '/home/khaledob/bookros2_ws/install/task1/bin'
[12.032s] INFO:colcon.colcon_core.shell:Creating package script '/home/khaledob/bookros2_ws/install/task1/share/task1/package.ps1'
[12.033s] INFO:colcon.colcon_core.shell:Creating package descriptor '/home/khaledob/bookros2_ws/install/task1/share/task1/package.dsv'
[12.037s] INFO:colcon.colcon_core.shell:Creating package script '/home/khaledob/bookros2_ws/install/task1/share/task1/package.sh'
[12.038s] INFO:colcon.colcon_core.shell:Creating package script '/home/khaledob/bookros2_ws/install/task1/share/task1/package.bash'
[12.040s] INFO:colcon.colcon_core.shell:Creating package script '/home/khaledob/bookros2_ws/install/task1/share/task1/package.zsh'
[12.042s] Level 1:colcon.colcon_core.environment:create_file_with_runtime_dependencies(/home/khaledob/bookros2_ws/install/task1/share/colcon-core/packages/task1)
[12.592s] DEBUG:colcon.colcon_parallel_executor.executor.parallel:closing loop
[12.592s] DEBUG:colcon.colcon_parallel_executor.executor.parallel:loop closed
[12.592s] DEBUG:colcon.colcon_parallel_executor.executor.parallel:run_until_complete finished with '2'
[12.592s] DEBUG:colcon.colcon_core.event_reactor:joining thread
[12.609s] INFO:colcon.colcon_core.plugin_system:Skipping extension 'colcon_notification.desktop_notification.terminal_notifier': Not used on non-Darwin systems
[12.609s] INFO:colcon.colcon_core.plugin_system:Skipping extension 'colcon_notification.desktop_notification.win32': Not used on non-Windows systems
[12.609s] INFO:colcon.colcon_notification.desktop_notification:Sending desktop notification using 'notify2'
[12.644s] DEBUG:colcon.colcon_core.event_reactor:joined thread
[12.644s] INFO:colcon.colcon_core.shell:Creating prefix script '/home/khaledob/bookros2_ws/install/local_setup.ps1'
[12.646s] INFO:colcon.colcon_core.shell:Creating prefix util module '/home/khaledob/bookros2_ws/install/_local_setup_util_ps1.py'
[12.649s] INFO:colcon.colcon_core.shell:Creating prefix chain script '/home/khaledob/bookros2_ws/install/setup.ps1'
[12.652s] INFO:colcon.colcon_core.shell:Creating prefix script '/home/khaledob/bookros2_ws/install/local_setup.sh'
[12.654s] INFO:colcon.colcon_core.shell:Creating prefix util module '/home/khaledob/bookros2_ws/install/_local_setup_util_sh.py'
[12.656s] INFO:colcon.colcon_core.shell:Creating prefix chain script '/home/khaledob/bookros2_ws/install/setup.sh'
[12.658s] INFO:colcon.colcon_core.shell:Creating prefix script '/home/khaledob/bookros2_ws/install/local_setup.bash'
[12.660s] INFO:colcon.colcon_core.shell:Creating prefix chain script '/home/khaledob/bookros2_ws/install/setup.bash'
[12.662s] INFO:colcon.colcon_core.shell:Creating prefix script '/home/khaledob/bookros2_ws/install/local_setup.zsh'
[12.664s] INFO:colcon.colcon_core.shell:Creating prefix chain script '/home/khaledob/bookros2_ws/install/setup.zsh'
