[0.203s] DEBUG:colcon:Command line arguments: ['/usr/bin/colcon', 'build', '--symlink-install']
[0.203s] DEBUG:colcon:Parsed command line arguments: Namespace(allow_overriding=[], ament_cmake_args=None, base_paths=['.'], build_base='build', catkin_cmake_args=None, catkin_skip_building_tests=False, cmake_args=None, cmake_clean_cache=False, cmake_clean_first=False, cmake_force_configure=False, cmake_target=None, cmake_target_skip_unavailable=False, continue_on_error=False, event_handlers=None, executor='parallel', ignore_user_meta=False, install_base='install', log_base=None, log_level=None, main=<bound method BuildVerb.main of <colcon_core.verb.build.BuildVerb object at 0x7f30c512af40>>, merge_install=False, metas=['./colcon.meta'], mixin=None, mixin_files=None, mixin_verb=('build',), packages_above=None, packages_above_and_dependencies=None, packages_above_depth=None, packages_end=None, packages_ignore=None, packages_ignore_regex=None, packages_select=None, packages_select_build_failed=False, packages_select_by_dep=None, packages_select_regex=None, packages_select_test_failures=False, packages_skip=None, packages_skip_build_finished=False, packages_skip_by_dep=None, packages_skip_regex=None, packages_skip_test_passed=False, packages_skip_up_to=None, packages_start=None, packages_up_to=None, packages_up_to_regex=None, parallel_workers=7, paths=None, symlink_install=True, test_result_base=None, verb_extension=<colcon_core.verb.build.BuildVerb object at 0x7f30c512af40>, verb_name='build', verb_parser=<colcon_mixin.mixin.mixin_argument.MixinArgumentDecorator object at 0x7f30c500c550>)
[0.360s] Level 1:colcon.colcon_core.package_discovery:discover_packages(colcon_meta) check parameters
[0.360s] Level 1:colcon.colcon_core.package_discovery:discover_packages(recursive) check parameters
[0.360s] Level 1:colcon.colcon_core.package_discovery:discover_packages(ignore) check parameters
[0.360s] Level 1:colcon.colcon_core.package_discovery:discover_packages(path) check parameters
[0.360s] Level 1:colcon.colcon_core.package_discovery:discover_packages(colcon_meta) discover
[0.360s] Level 1:colcon.colcon_core.package_discovery:discover_packages(recursive) discover
[0.360s] INFO:colcon.colcon_core.package_discovery:Crawling recursively for packages in '/home/khaledob/bookros2_ws'
[0.361s] Level 1:colcon.colcon_core.package_identification:_identify(.) by extensions ['ignore', 'ignore_ament_install']
[0.361s] Level 1:colcon.colcon_core.package_identification:_identify(.) by extension 'ignore'
[0.361s] Level 1:colcon.colcon_core.package_identification:_identify(.) by extension 'ignore_ament_install'
[0.361s] Level 1:colcon.colcon_core.package_identification:_identify(.) by extensions ['colcon_pkg']
[0.361s] Level 1:colcon.colcon_core.package_identification:_identify(.) by extension 'colcon_pkg'
[0.361s] Level 1:colcon.colcon_core.package_identification:_identify(.) by extensions ['colcon_meta']
[0.361s] Level 1:colcon.colcon_core.package_identification:_identify(.) by extension 'colcon_meta'
[0.361s] Level 1:colcon.colcon_core.package_identification:_identify(.) by extensions ['ros']
[0.361s] Level 1:colcon.colcon_core.package_identification:_identify(.) by extension 'ros'
[0.374s] Level 1:colcon.colcon_core.package_identification:_identify(.) by extensions ['cmake', 'python']
[0.374s] Level 1:colcon.colcon_core.package_identification:_identify(.) by extension 'cmake'
[0.374s] Level 1:colcon.colcon_core.package_identification:_identify(.) by extension 'python'
[0.374s] Level 1:colcon.colcon_core.package_identification:_identify(.) by extensions ['python_setup_py']
[0.374s] Level 1:colcon.colcon_core.package_identification:_identify(.) by extension 'python_setup_py'
[0.374s] Level 1:colcon.colcon_core.package_identification:_identify(build) by extensions ['ignore', 'ignore_ament_install']
[0.375s] Level 1:colcon.colcon_core.package_identification:_identify(build) by extension 'ignore'
[0.375s] Level 1:colcon.colcon_core.package_identification:_identify(build) ignored
[0.375s] Level 1:colcon.colcon_core.package_identification:_identify(install) by extensions ['ignore', 'ignore_ament_install']
[0.375s] Level 1:colcon.colcon_core.package_identification:_identify(install) by extension 'ignore'
[0.375s] Level 1:colcon.colcon_core.package_identification:_identify(install) ignored
[0.375s] Level 1:colcon.colcon_core.package_identification:_identify(log) by extensions ['ignore', 'ignore_ament_install']
[0.376s] Level 1:colcon.colcon_core.package_identification:_identify(log) by extension 'ignore'
[0.376s] Level 1:colcon.colcon_core.package_identification:_identify(log) ignored
[0.376s] Level 1:colcon.colcon_core.package_identification:_identify(src) by extensions ['ignore', 'ignore_ament_install']
[0.376s] Level 1:colcon.colcon_core.package_identification:_identify(src) by extension 'ignore'
[0.376s] Level 1:colcon.colcon_core.package_identification:_identify(src) by extension 'ignore_ament_install'
[0.376s] Level 1:colcon.colcon_core.package_identification:_identify(src) by extensions ['colcon_pkg']
[0.376s] Level 1:colcon.colcon_core.package_identification:_identify(src) by extension 'colcon_pkg'
[0.376s] Level 1:colcon.colcon_core.package_identification:_identify(src) by extensions ['colcon_meta']
[0.376s] Level 1:colcon.colcon_core.package_identification:_identify(src) by extension 'colcon_meta'
[0.376s] Level 1:colcon.colcon_core.package_identification:_identify(src) by extensions ['ros']
[0.376s] Level 1:colcon.colcon_core.package_identification:_identify(src) by extension 'ros'
[0.376s] Level 1:colcon.colcon_core.package_identification:_identify(src) by extensions ['cmake', 'python']
[0.376s] Level 1:colcon.colcon_core.package_identification:_identify(src) by extension 'cmake'
[0.376s] Level 1:colcon.colcon_core.package_identification:_identify(src) by extension 'python'
[0.376s] Level 1:colcon.colcon_core.package_identification:_identify(src) by extensions ['python_setup_py']
[0.376s] Level 1:colcon.colcon_core.package_identification:_identify(src) by extension 'python_setup_py'
[0.377s] Level 1:colcon.colcon_core.package_identification:_identify(src/ThirdParty) by extensions ['ignore', 'ignore_ament_install']
[0.377s] Level 1:colcon.colcon_core.package_identification:_identify(src/ThirdParty) by extension 'ignore'
[0.377s] Level 1:colcon.colcon_core.package_identification:_identify(src/ThirdParty) by extension 'ignore_ament_install'
[0.377s] Level 1:colcon.colcon_core.package_identification:_identify(src/ThirdParty) by extensions ['colcon_pkg']
[0.377s] Level 1:colcon.colcon_core.package_identification:_identify(src/ThirdParty) by extension 'colcon_pkg'
[0.377s] Level 1:colcon.colcon_core.package_identification:_identify(src/ThirdParty) by extensions ['colcon_meta']
[0.377s] Level 1:colcon.colcon_core.package_identification:_identify(src/ThirdParty) by extension 'colcon_meta'
[0.377s] Level 1:colcon.colcon_core.package_identification:_identify(src/ThirdParty) by extensions ['ros']
[0.377s] Level 1:colcon.colcon_core.package_identification:_identify(src/ThirdParty) by extension 'ros'
[0.377s] Level 1:colcon.colcon_core.package_identification:_identify(src/ThirdParty) by extensions ['cmake', 'python']
[0.377s] Level 1:colcon.colcon_core.package_identification:_identify(src/ThirdParty) by extension 'cmake'
[0.377s] Level 1:colcon.colcon_core.package_identification:_identify(src/ThirdParty) by extension 'python'
[0.377s] Level 1:colcon.colcon_core.package_identification:_identify(src/ThirdParty) by extensions ['python_setup_py']
[0.377s] Level 1:colcon.colcon_core.package_identification:_identify(src/ThirdParty) by extension 'python_setup_py'
[0.377s] Level 1:colcon.colcon_core.package_identification:_identify(src/ThirdParty/Groot) by extensions ['ignore', 'ignore_ament_install']
[0.377s] Level 1:colcon.colcon_core.package_identification:_identify(src/ThirdParty/Groot) by extension 'ignore'
[0.378s] Level 1:colcon.colcon_core.package_identification:_identify(src/ThirdParty/Groot) by extension 'ignore_ament_install'
[0.378s] Level 1:colcon.colcon_core.package_identification:_identify(src/ThirdParty/Groot) by extensions ['colcon_pkg']
[0.378s] Level 1:colcon.colcon_core.package_identification:_identify(src/ThirdParty/Groot) by extension 'colcon_pkg'
[0.378s] Level 1:colcon.colcon_core.package_identification:_identify(src/ThirdParty/Groot) by extensions ['colcon_meta']
[0.378s] Level 1:colcon.colcon_core.package_identification:_identify(src/ThirdParty/Groot) by extension 'colcon_meta'
[0.378s] Level 1:colcon.colcon_core.package_identification:_identify(src/ThirdParty/Groot) by extensions ['ros']
[0.378s] Level 1:colcon.colcon_core.package_identification:_identify(src/ThirdParty/Groot) by extension 'ros'
[0.383s] DEBUG:colcon.colcon_core.package_identification:Package 'src/ThirdParty/Groot' with type 'ros.ament_cmake' and name 'groot'
[0.384s] Level 1:colcon.colcon_core.package_identification:_identify(src/ThirdParty/gazebo_ros2_control) by extensions ['ignore', 'ignore_ament_install']
[0.384s] Level 1:colcon.colcon_core.package_identification:_identify(src/ThirdParty/gazebo_ros2_control) by extension 'ignore'
[0.384s] Level 1:colcon.colcon_core.package_identification:_identify(src/ThirdParty/gazebo_ros2_control) by extension 'ignore_ament_install'
[0.384s] Level 1:colcon.colcon_core.package_identification:_identify(src/ThirdParty/gazebo_ros2_control) by extensions ['colcon_pkg']
[0.384s] Level 1:colcon.colcon_core.package_identification:_identify(src/ThirdParty/gazebo_ros2_control) by extension 'colcon_pkg'
[0.384s] Level 1:colcon.colcon_core.package_identification:_identify(src/ThirdParty/gazebo_ros2_control) by extensions ['colcon_meta']
[0.384s] Level 1:colcon.colcon_core.package_identification:_identify(src/ThirdParty/gazebo_ros2_control) by extension 'colcon_meta'
[0.384s] Level 1:colcon.colcon_core.package_identification:_identify(src/ThirdParty/gazebo_ros2_control) by extensions ['ros']
[0.384s] Level 1:colcon.colcon_core.package_identification:_identify(src/ThirdParty/gazebo_ros2_control) by extension 'ros'
[0.384s] Level 1:colcon.colcon_core.package_identification:_identify(src/ThirdParty/gazebo_ros2_control) by extensions ['cmake', 'python']
[0.384s] Level 1:colcon.colcon_core.package_identification:_identify(src/ThirdParty/gazebo_ros2_control) by extension 'cmake'
[0.384s] Level 1:colcon.colcon_core.package_identification:_identify(src/ThirdParty/gazebo_ros2_control) by extension 'python'
[0.384s] Level 1:colcon.colcon_core.package_identification:_identify(src/ThirdParty/gazebo_ros2_control) by extensions ['python_setup_py']
[0.384s] Level 1:colcon.colcon_core.package_identification:_identify(src/ThirdParty/gazebo_ros2_control) by extension 'python_setup_py'
[0.385s] Level 1:colcon.colcon_core.package_identification:_identify(src/ThirdParty/gazebo_ros2_control/Docker) by extensions ['ignore', 'ignore_ament_install']
[0.385s] Level 1:colcon.colcon_core.package_identification:_identify(src/ThirdParty/gazebo_ros2_control/Docker) by extension 'ignore'
[0.385s] Level 1:colcon.colcon_core.package_identification:_identify(src/ThirdParty/gazebo_ros2_control/Docker) by extension 'ignore_ament_install'
[0.385s] Level 1:colcon.colcon_core.package_identification:_identify(src/ThirdParty/gazebo_ros2_control/Docker) by extensions ['colcon_pkg']
[0.385s] Level 1:colcon.colcon_core.package_identification:_identify(src/ThirdParty/gazebo_ros2_control/Docker) by extension 'colcon_pkg'
[0.385s] Level 1:colcon.colcon_core.package_identification:_identify(src/ThirdParty/gazebo_ros2_control/Docker) by extensions ['colcon_meta']
[0.385s] Level 1:colcon.colcon_core.package_identification:_identify(src/ThirdParty/gazebo_ros2_control/Docker) by extension 'colcon_meta'
[0.385s] Level 1:colcon.colcon_core.package_identification:_identify(src/ThirdParty/gazebo_ros2_control/Docker) by extensions ['ros']
[0.385s] Level 1:colcon.colcon_core.package_identification:_identify(src/ThirdParty/gazebo_ros2_control/Docker) by extension 'ros'
[0.385s] Level 1:colcon.colcon_core.package_identification:_identify(src/ThirdParty/gazebo_ros2_control/Docker) by extensions ['cmake', 'python']
[0.385s] Level 1:colcon.colcon_core.package_identification:_identify(src/ThirdParty/gazebo_ros2_control/Docker) by extension 'cmake'
[0.385s] Level 1:colcon.colcon_core.package_identification:_identify(src/ThirdParty/gazebo_ros2_control/Docker) by extension 'python'
[0.385s] Level 1:colcon.colcon_core.package_identification:_identify(src/ThirdParty/gazebo_ros2_control/Docker) by extensions ['python_setup_py']
[0.385s] Level 1:colcon.colcon_core.package_identification:_identify(src/ThirdParty/gazebo_ros2_control/Docker) by extension 'python_setup_py'
[0.386s] Level 1:colcon.colcon_core.package_identification:_identify(src/ThirdParty/gazebo_ros2_control/gazebo_ros2_control) by extensions ['ignore', 'ignore_ament_install']
[0.386s] Level 1:colcon.colcon_core.package_identification:_identify(src/ThirdParty/gazebo_ros2_control/gazebo_ros2_control) by extension 'ignore'
[0.386s] Level 1:colcon.colcon_core.package_identification:_identify(src/ThirdParty/gazebo_ros2_control/gazebo_ros2_control) by extension 'ignore_ament_install'
[0.386s] Level 1:colcon.colcon_core.package_identification:_identify(src/ThirdParty/gazebo_ros2_control/gazebo_ros2_control) by extensions ['colcon_pkg']
[0.386s] Level 1:colcon.colcon_core.package_identification:_identify(src/ThirdParty/gazebo_ros2_control/gazebo_ros2_control) by extension 'colcon_pkg'
[0.386s] Level 1:colcon.colcon_core.package_identification:_identify(src/ThirdParty/gazebo_ros2_control/gazebo_ros2_control) by extensions ['colcon_meta']
[0.386s] Level 1:colcon.colcon_core.package_identification:_identify(src/ThirdParty/gazebo_ros2_control/gazebo_ros2_control) by extension 'colcon_meta'
[0.386s] Level 1:colcon.colcon_core.package_identification:_identify(src/ThirdParty/gazebo_ros2_control/gazebo_ros2_control) by extensions ['ros']
[0.386s] Level 1:colcon.colcon_core.package_identification:_identify(src/ThirdParty/gazebo_ros2_control/gazebo_ros2_control) by extension 'ros'
[0.388s] DEBUG:colcon.colcon_core.package_identification:Package 'src/ThirdParty/gazebo_ros2_control/gazebo_ros2_control' with type 'ros.ament_cmake' and name 'gazebo_ros2_control'
[0.388s] Level 1:colcon.colcon_core.package_identification:_identify(src/ThirdParty/gazebo_ros2_control/gazebo_ros2_control_demos) by extensions ['ignore', 'ignore_ament_install']
[0.388s] Level 1:colcon.colcon_core.package_identification:_identify(src/ThirdParty/gazebo_ros2_control/gazebo_ros2_control_demos) by extension 'ignore'
[0.388s] Level 1:colcon.colcon_core.package_identification:_identify(src/ThirdParty/gazebo_ros2_control/gazebo_ros2_control_demos) by extension 'ignore_ament_install'
[0.388s] Level 1:colcon.colcon_core.package_identification:_identify(src/ThirdParty/gazebo_ros2_control/gazebo_ros2_control_demos) by extensions ['colcon_pkg']
[0.388s] Level 1:colcon.colcon_core.package_identification:_identify(src/ThirdParty/gazebo_ros2_control/gazebo_ros2_control_demos) by extension 'colcon_pkg'
[0.388s] Level 1:colcon.colcon_core.package_identification:_identify(src/ThirdParty/gazebo_ros2_control/gazebo_ros2_control_demos) by extensions ['colcon_meta']
[0.388s] Level 1:colcon.colcon_core.package_identification:_identify(src/ThirdParty/gazebo_ros2_control/gazebo_ros2_control_demos) by extension 'colcon_meta'
[0.388s] Level 1:colcon.colcon_core.package_identification:_identify(src/ThirdParty/gazebo_ros2_control/gazebo_ros2_control_demos) by extensions ['ros']
[0.388s] Level 1:colcon.colcon_core.package_identification:_identify(src/ThirdParty/gazebo_ros2_control/gazebo_ros2_control_demos) by extension 'ros'
[0.389s] DEBUG:colcon.colcon_core.package_identification:Package 'src/ThirdParty/gazebo_ros2_control/gazebo_ros2_control_demos' with type 'ros.ament_cmake' and name 'gazebo_ros2_control_demos'
[0.390s] Level 1:colcon.colcon_core.package_identification:_identify(src/ThirdParty/gazebo_ros2_control/img) by extensions ['ignore', 'ignore_ament_install']
[0.390s] Level 1:colcon.colcon_core.package_identification:_identify(src/ThirdParty/gazebo_ros2_control/img) by extension 'ignore'
[0.390s] Level 1:colcon.colcon_core.package_identification:_identify(src/ThirdParty/gazebo_ros2_control/img) by extension 'ignore_ament_install'
[0.390s] Level 1:colcon.colcon_core.package_identification:_identify(src/ThirdParty/gazebo_ros2_control/img) by extensions ['colcon_pkg']
[0.390s] Level 1:colcon.colcon_core.package_identification:_identify(src/ThirdParty/gazebo_ros2_control/img) by extension 'colcon_pkg'
[0.390s] Level 1:colcon.colcon_core.package_identification:_identify(src/ThirdParty/gazebo_ros2_control/img) by extensions ['colcon_meta']
[0.390s] Level 1:colcon.colcon_core.package_identification:_identify(src/ThirdParty/gazebo_ros2_control/img) by extension 'colcon_meta'
[0.390s] Level 1:colcon.colcon_core.package_identification:_identify(src/ThirdParty/gazebo_ros2_control/img) by extensions ['ros']
[0.391s] Level 1:colcon.colcon_core.package_identification:_identify(src/ThirdParty/gazebo_ros2_control/img) by extension 'ros'
[0.391s] Level 1:colcon.colcon_core.package_identification:_identify(src/ThirdParty/gazebo_ros2_control/img) by extensions ['cmake', 'python']
[0.391s] Level 1:colcon.colcon_core.package_identification:_identify(src/ThirdParty/gazebo_ros2_control/img) by extension 'cmake'
[0.391s] Level 1:colcon.colcon_core.package_identification:_identify(src/ThirdParty/gazebo_ros2_control/img) by extension 'python'
[0.391s] Level 1:colcon.colcon_core.package_identification:_identify(src/ThirdParty/gazebo_ros2_control/img) by extensions ['python_setup_py']
[0.391s] Level 1:colcon.colcon_core.package_identification:_identify(src/ThirdParty/gazebo_ros2_control/img) by extension 'python_setup_py'
[0.391s] Level 1:colcon.colcon_core.package_identification:_identify(src/ThirdParty/hey5_description) by extensions ['ignore', 'ignore_ament_install']
[0.391s] Level 1:colcon.colcon_core.package_identification:_identify(src/ThirdParty/hey5_description) by extension 'ignore'
[0.391s] Level 1:colcon.colcon_core.package_identification:_identify(src/ThirdParty/hey5_description) by extension 'ignore_ament_install'
[0.391s] Level 1:colcon.colcon_core.package_identification:_identify(src/ThirdParty/hey5_description) by extensions ['colcon_pkg']
[0.391s] Level 1:colcon.colcon_core.package_identification:_identify(src/ThirdParty/hey5_description) by extension 'colcon_pkg'
[0.391s] Level 1:colcon.colcon_core.package_identification:_identify(src/ThirdParty/hey5_description) by extensions ['colcon_meta']
[0.391s] Level 1:colcon.colcon_core.package_identification:_identify(src/ThirdParty/hey5_description) by extension 'colcon_meta'
[0.391s] Level 1:colcon.colcon_core.package_identification:_identify(src/ThirdParty/hey5_description) by extensions ['ros']
[0.391s] Level 1:colcon.colcon_core.package_identification:_identify(src/ThirdParty/hey5_description) by extension 'ros'
[0.392s] DEBUG:colcon.colcon_core.package_identification:Package 'src/ThirdParty/hey5_description' with type 'ros.ament_cmake' and name 'hey5_description'
[0.392s] Level 1:colcon.colcon_core.package_identification:_identify(src/ThirdParty/launch_pal) by extensions ['ignore', 'ignore_ament_install']
[0.392s] Level 1:colcon.colcon_core.package_identification:_identify(src/ThirdParty/launch_pal) by extension 'ignore'
[0.392s] Level 1:colcon.colcon_core.package_identification:_identify(src/ThirdParty/launch_pal) by extension 'ignore_ament_install'
[0.392s] Level 1:colcon.colcon_core.package_identification:_identify(src/ThirdParty/launch_pal) by extensions ['colcon_pkg']
[0.392s] Level 1:colcon.colcon_core.package_identification:_identify(src/ThirdParty/launch_pal) by extension 'colcon_pkg'
[0.392s] Level 1:colcon.colcon_core.package_identification:_identify(src/ThirdParty/launch_pal) by extensions ['colcon_meta']
[0.392s] Level 1:colcon.colcon_core.package_identification:_identify(src/ThirdParty/launch_pal) by extension 'colcon_meta'
[0.392s] Level 1:colcon.colcon_core.package_identification:_identify(src/ThirdParty/launch_pal) by extensions ['ros']
[0.392s] Level 1:colcon.colcon_core.package_identification:_identify(src/ThirdParty/launch_pal) by extension 'ros'
[0.393s] DEBUG:colcon.colcon_core.package_identification:Package 'src/ThirdParty/launch_pal' with type 'ros.ament_python' and name 'launch_pal'
[0.393s] Level 1:colcon.colcon_core.package_identification:_identify(src/ThirdParty/pal_gazebo_worlds) by extensions ['ignore', 'ignore_ament_install']
[0.394s] Level 1:colcon.colcon_core.package_identification:_identify(src/ThirdParty/pal_gazebo_worlds) by extension 'ignore'
[0.394s] Level 1:colcon.colcon_core.package_identification:_identify(src/ThirdParty/pal_gazebo_worlds) by extension 'ignore_ament_install'
[0.394s] Level 1:colcon.colcon_core.package_identification:_identify(src/ThirdParty/pal_gazebo_worlds) by extensions ['colcon_pkg']
[0.394s] Level 1:colcon.colcon_core.package_identification:_identify(src/ThirdParty/pal_gazebo_worlds) by extension 'colcon_pkg'
[0.394s] Level 1:colcon.colcon_core.package_identification:_identify(src/ThirdParty/pal_gazebo_worlds) by extensions ['colcon_meta']
[0.394s] Level 1:colcon.colcon_core.package_identification:_identify(src/ThirdParty/pal_gazebo_worlds) by extension 'colcon_meta'
[0.394s] Level 1:colcon.colcon_core.package_identification:_identify(src/ThirdParty/pal_gazebo_worlds) by extensions ['ros']
[0.394s] Level 1:colcon.colcon_core.package_identification:_identify(src/ThirdParty/pal_gazebo_worlds) by extension 'ros'
[0.395s] DEBUG:colcon.colcon_core.package_identification:Package 'src/ThirdParty/pal_gazebo_worlds' with type 'ros.ament_cmake' and name 'pal_gazebo_worlds'
[0.395s] Level 1:colcon.colcon_core.package_identification:_identify(src/ThirdParty/pal_gripper) by extensions ['ignore', 'ignore_ament_install']
[0.395s] Level 1:colcon.colcon_core.package_identification:_identify(src/ThirdParty/pal_gripper) by extension 'ignore'
[0.395s] Level 1:colcon.colcon_core.package_identification:_identify(src/ThirdParty/pal_gripper) by extension 'ignore_ament_install'
[0.395s] Level 1:colcon.colcon_core.package_identification:_identify(src/ThirdParty/pal_gripper) by extensions ['colcon_pkg']
[0.395s] Level 1:colcon.colcon_core.package_identification:_identify(src/ThirdParty/pal_gripper) by extension 'colcon_pkg'
[0.395s] Level 1:colcon.colcon_core.package_identification:_identify(src/ThirdParty/pal_gripper) by extensions ['colcon_meta']
[0.396s] Level 1:colcon.colcon_core.package_identification:_identify(src/ThirdParty/pal_gripper) by extension 'colcon_meta'
[0.396s] Level 1:colcon.colcon_core.package_identification:_identify(src/ThirdParty/pal_gripper) by extensions ['ros']
[0.396s] Level 1:colcon.colcon_core.package_identification:_identify(src/ThirdParty/pal_gripper) by extension 'ros'
[0.396s] Level 1:colcon.colcon_core.package_identification:_identify(src/ThirdParty/pal_gripper) by extensions ['cmake', 'python']
[0.396s] Level 1:colcon.colcon_core.package_identification:_identify(src/ThirdParty/pal_gripper) by extension 'cmake'
[0.396s] Level 1:colcon.colcon_core.package_identification:_identify(src/ThirdParty/pal_gripper) by extension 'python'
[0.396s] Level 1:colcon.colcon_core.package_identification:_identify(src/ThirdParty/pal_gripper) by extensions ['python_setup_py']
[0.396s] Level 1:colcon.colcon_core.package_identification:_identify(src/ThirdParty/pal_gripper) by extension 'python_setup_py'
[0.396s] Level 1:colcon.colcon_core.package_identification:_identify(src/ThirdParty/pal_gripper/pal_gripper) by extensions ['ignore', 'ignore_ament_install']
[0.396s] Level 1:colcon.colcon_core.package_identification:_identify(src/ThirdParty/pal_gripper/pal_gripper) by extension 'ignore'
[0.396s] Level 1:colcon.colcon_core.package_identification:_identify(src/ThirdParty/pal_gripper/pal_gripper) by extension 'ignore_ament_install'
[0.396s] Level 1:colcon.colcon_core.package_identification:_identify(src/ThirdParty/pal_gripper/pal_gripper) by extensions ['colcon_pkg']
[0.396s] Level 1:colcon.colcon_core.package_identification:_identify(src/ThirdParty/pal_gripper/pal_gripper) by extension 'colcon_pkg'
[0.396s] Level 1:colcon.colcon_core.package_identification:_identify(src/ThirdParty/pal_gripper/pal_gripper) by extensions ['colcon_meta']
[0.396s] Level 1:colcon.colcon_core.package_identification:_identify(src/ThirdParty/pal_gripper/pal_gripper) by extension 'colcon_meta'
[0.396s] Level 1:colcon.colcon_core.package_identification:_identify(src/ThirdParty/pal_gripper/pal_gripper) by extensions ['ros']
[0.396s] Level 1:colcon.colcon_core.package_identification:_identify(src/ThirdParty/pal_gripper/pal_gripper) by extension 'ros'
[0.397s] DEBUG:colcon.colcon_core.package_identification:Package 'src/ThirdParty/pal_gripper/pal_gripper' with type 'ros.ament_cmake' and name 'pal_gripper'
[0.397s] Level 1:colcon.colcon_core.package_identification:_identify(src/ThirdParty/pal_gripper/pal_gripper_controller_configuration) by extensions ['ignore', 'ignore_ament_install']
[0.397s] Level 1:colcon.colcon_core.package_identification:_identify(src/ThirdParty/pal_gripper/pal_gripper_controller_configuration) by extension 'ignore'
[0.397s] Level 1:colcon.colcon_core.package_identification:_identify(src/ThirdParty/pal_gripper/pal_gripper_controller_configuration) by extension 'ignore_ament_install'
[0.397s] Level 1:colcon.colcon_core.package_identification:_identify(src/ThirdParty/pal_gripper/pal_gripper_controller_configuration) by extensions ['colcon_pkg']
[0.397s] Level 1:colcon.colcon_core.package_identification:_identify(src/ThirdParty/pal_gripper/pal_gripper_controller_configuration) by extension 'colcon_pkg'
[0.397s] Level 1:colcon.colcon_core.package_identification:_identify(src/ThirdParty/pal_gripper/pal_gripper_controller_configuration) by extensions ['colcon_meta']
[0.397s] Level 1:colcon.colcon_core.package_identification:_identify(src/ThirdParty/pal_gripper/pal_gripper_controller_configuration) by extension 'colcon_meta'
[0.398s] Level 1:colcon.colcon_core.package_identification:_identify(src/ThirdParty/pal_gripper/pal_gripper_controller_configuration) by extensions ['ros']
[0.398s] Level 1:colcon.colcon_core.package_identification:_identify(src/ThirdParty/pal_gripper/pal_gripper_controller_configuration) by extension 'ros'
[0.398s] DEBUG:colcon.colcon_core.package_identification:Package 'src/ThirdParty/pal_gripper/pal_gripper_controller_configuration' with type 'ros.ament_cmake' and name 'pal_gripper_controller_configuration'
[0.398s] Level 1:colcon.colcon_core.package_identification:_identify(src/ThirdParty/pal_gripper/pal_gripper_controller_configuration_gazebo) by extensions ['ignore', 'ignore_ament_install']
[0.398s] Level 1:colcon.colcon_core.package_identification:_identify(src/ThirdParty/pal_gripper/pal_gripper_controller_configuration_gazebo) by extension 'ignore'
[0.399s] Level 1:colcon.colcon_core.package_identification:_identify(src/ThirdParty/pal_gripper/pal_gripper_controller_configuration_gazebo) ignored
[0.399s] Level 1:colcon.colcon_core.package_identification:_identify(src/ThirdParty/pal_gripper/pal_gripper_description) by extensions ['ignore', 'ignore_ament_install']
[0.399s] Level 1:colcon.colcon_core.package_identification:_identify(src/ThirdParty/pal_gripper/pal_gripper_description) by extension 'ignore'
[0.399s] Level 1:colcon.colcon_core.package_identification:_identify(src/ThirdParty/pal_gripper/pal_gripper_description) by extension 'ignore_ament_install'
[0.399s] Level 1:colcon.colcon_core.package_identification:_identify(src/ThirdParty/pal_gripper/pal_gripper_description) by extensions ['colcon_pkg']
[0.399s] Level 1:colcon.colcon_core.package_identification:_identify(src/ThirdParty/pal_gripper/pal_gripper_description) by extension 'colcon_pkg'
[0.399s] Level 1:colcon.colcon_core.package_identification:_identify(src/ThirdParty/pal_gripper/pal_gripper_description) by extensions ['colcon_meta']
[0.399s] Level 1:colcon.colcon_core.package_identification:_identify(src/ThirdParty/pal_gripper/pal_gripper_description) by extension 'colcon_meta'
[0.399s] Level 1:colcon.colcon_core.package_identification:_identify(src/ThirdParty/pal_gripper/pal_gripper_description) by extensions ['ros']
[0.400s] Level 1:colcon.colcon_core.package_identification:_identify(src/ThirdParty/pal_gripper/pal_gripper_description) by extension 'ros'
[0.400s] DEBUG:colcon.colcon_core.package_identification:Package 'src/ThirdParty/pal_gripper/pal_gripper_description' with type 'ros.ament_cmake' and name 'pal_gripper_description'
[0.401s] Level 1:colcon.colcon_core.package_identification:_identify(src/ThirdParty/pal_gripper/pal_gripper_gazebo) by extensions ['ignore', 'ignore_ament_install']
[0.401s] Level 1:colcon.colcon_core.package_identification:_identify(src/ThirdParty/pal_gripper/pal_gripper_gazebo) by extension 'ignore'
[0.401s] Level 1:colcon.colcon_core.package_identification:_identify(src/ThirdParty/pal_gripper/pal_gripper_gazebo) ignored
[0.401s] Level 1:colcon.colcon_core.package_identification:_identify(src/ThirdParty/pal_gripper/pal_parallel_gripper_wrapper) by extensions ['ignore', 'ignore_ament_install']
[0.401s] Level 1:colcon.colcon_core.package_identification:_identify(src/ThirdParty/pal_gripper/pal_parallel_gripper_wrapper) by extension 'ignore'
[0.401s] Level 1:colcon.colcon_core.package_identification:_identify(src/ThirdParty/pal_gripper/pal_parallel_gripper_wrapper) ignored
[0.401s] Level 1:colcon.colcon_core.package_identification:_identify(src/ThirdParty/pmb2_navigation) by extensions ['ignore', 'ignore_ament_install']
[0.401s] Level 1:colcon.colcon_core.package_identification:_identify(src/ThirdParty/pmb2_navigation) by extension 'ignore'
[0.401s] Level 1:colcon.colcon_core.package_identification:_identify(src/ThirdParty/pmb2_navigation) by extension 'ignore_ament_install'
[0.401s] Level 1:colcon.colcon_core.package_identification:_identify(src/ThirdParty/pmb2_navigation) by extensions ['colcon_pkg']
[0.402s] Level 1:colcon.colcon_core.package_identification:_identify(src/ThirdParty/pmb2_navigation) by extension 'colcon_pkg'
[0.402s] Level 1:colcon.colcon_core.package_identification:_identify(src/ThirdParty/pmb2_navigation) by extensions ['colcon_meta']
[0.402s] Level 1:colcon.colcon_core.package_identification:_identify(src/ThirdParty/pmb2_navigation) by extension 'colcon_meta'
[0.402s] Level 1:colcon.colcon_core.package_identification:_identify(src/ThirdParty/pmb2_navigation) by extensions ['ros']
[0.402s] Level 1:colcon.colcon_core.package_identification:_identify(src/ThirdParty/pmb2_navigation) by extension 'ros'
[0.402s] Level 1:colcon.colcon_core.package_identification:_identify(src/ThirdParty/pmb2_navigation) by extensions ['cmake', 'python']
[0.402s] Level 1:colcon.colcon_core.package_identification:_identify(src/ThirdParty/pmb2_navigation) by extension 'cmake'
[0.402s] Level 1:colcon.colcon_core.package_identification:_identify(src/ThirdParty/pmb2_navigation) by extension 'python'
[0.402s] Level 1:colcon.colcon_core.package_identification:_identify(src/ThirdParty/pmb2_navigation) by extensions ['python_setup_py']
[0.402s] Level 1:colcon.colcon_core.package_identification:_identify(src/ThirdParty/pmb2_navigation) by extension 'python_setup_py'
[0.402s] Level 1:colcon.colcon_core.package_identification:_identify(src/ThirdParty/pmb2_navigation/pmb2_2dnav) by extensions ['ignore', 'ignore_ament_install']
[0.402s] Level 1:colcon.colcon_core.package_identification:_identify(src/ThirdParty/pmb2_navigation/pmb2_2dnav) by extension 'ignore'
[0.402s] Level 1:colcon.colcon_core.package_identification:_identify(src/ThirdParty/pmb2_navigation/pmb2_2dnav) by extension 'ignore_ament_install'
[0.402s] Level 1:colcon.colcon_core.package_identification:_identify(src/ThirdParty/pmb2_navigation/pmb2_2dnav) by extensions ['colcon_pkg']
[0.402s] Level 1:colcon.colcon_core.package_identification:_identify(src/ThirdParty/pmb2_navigation/pmb2_2dnav) by extension 'colcon_pkg'
[0.402s] Level 1:colcon.colcon_core.package_identification:_identify(src/ThirdParty/pmb2_navigation/pmb2_2dnav) by extensions ['colcon_meta']
[0.402s] Level 1:colcon.colcon_core.package_identification:_identify(src/ThirdParty/pmb2_navigation/pmb2_2dnav) by extension 'colcon_meta'
[0.402s] Level 1:colcon.colcon_core.package_identification:_identify(src/ThirdParty/pmb2_navigation/pmb2_2dnav) by extensions ['ros']
[0.403s] Level 1:colcon.colcon_core.package_identification:_identify(src/ThirdParty/pmb2_navigation/pmb2_2dnav) by extension 'ros'
[0.403s] DEBUG:colcon.colcon_core.package_identification:Package 'src/ThirdParty/pmb2_navigation/pmb2_2dnav' with type 'ros.ament_cmake' and name 'pmb2_2dnav'
[0.403s] Level 1:colcon.colcon_core.package_identification:_identify(src/ThirdParty/pmb2_navigation/pmb2_laser_sensors) by extensions ['ignore', 'ignore_ament_install']
[0.403s] Level 1:colcon.colcon_core.package_identification:_identify(src/ThirdParty/pmb2_navigation/pmb2_laser_sensors) by extension 'ignore'
[0.403s] Level 1:colcon.colcon_core.package_identification:_identify(src/ThirdParty/pmb2_navigation/pmb2_laser_sensors) ignored
[0.404s] Level 1:colcon.colcon_core.package_identification:_identify(src/ThirdParty/pmb2_navigation/pmb2_maps) by extensions ['ignore', 'ignore_ament_install']
[0.404s] Level 1:colcon.colcon_core.package_identification:_identify(src/ThirdParty/pmb2_navigation/pmb2_maps) by extension 'ignore'
[0.404s] Level 1:colcon.colcon_core.package_identification:_identify(src/ThirdParty/pmb2_navigation/pmb2_maps) by extension 'ignore_ament_install'
[0.404s] Level 1:colcon.colcon_core.package_identification:_identify(src/ThirdParty/pmb2_navigation/pmb2_maps) by extensions ['colcon_pkg']
[0.404s] Level 1:colcon.colcon_core.package_identification:_identify(src/ThirdParty/pmb2_navigation/pmb2_maps) by extension 'colcon_pkg'
[0.404s] Level 1:colcon.colcon_core.package_identification:_identify(src/ThirdParty/pmb2_navigation/pmb2_maps) by extensions ['colcon_meta']
[0.404s] Level 1:colcon.colcon_core.package_identification:_identify(src/ThirdParty/pmb2_navigation/pmb2_maps) by extension 'colcon_meta'
[0.404s] Level 1:colcon.colcon_core.package_identification:_identify(src/ThirdParty/pmb2_navigation/pmb2_maps) by extensions ['ros']
[0.404s] Level 1:colcon.colcon_core.package_identification:_identify(src/ThirdParty/pmb2_navigation/pmb2_maps) by extension 'ros'
[0.405s] DEBUG:colcon.colcon_core.package_identification:Package 'src/ThirdParty/pmb2_navigation/pmb2_maps' with type 'ros.ament_cmake' and name 'pmb2_maps'
[0.405s] Level 1:colcon.colcon_core.package_identification:_identify(src/ThirdParty/pmb2_navigation/pmb2_navigation) by extensions ['ignore', 'ignore_ament_install']
[0.405s] Level 1:colcon.colcon_core.package_identification:_identify(src/ThirdParty/pmb2_navigation/pmb2_navigation) by extension 'ignore'
[0.405s] Level 1:colcon.colcon_core.package_identification:_identify(src/ThirdParty/pmb2_navigation/pmb2_navigation) by extension 'ignore_ament_install'
[0.405s] Level 1:colcon.colcon_core.package_identification:_identify(src/ThirdParty/pmb2_navigation/pmb2_navigation) by extensions ['colcon_pkg']
[0.405s] Level 1:colcon.colcon_core.package_identification:_identify(src/ThirdParty/pmb2_navigation/pmb2_navigation) by extension 'colcon_pkg'
[0.405s] Level 1:colcon.colcon_core.package_identification:_identify(src/ThirdParty/pmb2_navigation/pmb2_navigation) by extensions ['colcon_meta']
[0.405s] Level 1:colcon.colcon_core.package_identification:_identify(src/ThirdParty/pmb2_navigation/pmb2_navigation) by extension 'colcon_meta'
[0.405s] Level 1:colcon.colcon_core.package_identification:_identify(src/ThirdParty/pmb2_navigation/pmb2_navigation) by extensions ['ros']
[0.405s] Level 1:colcon.colcon_core.package_identification:_identify(src/ThirdParty/pmb2_navigation/pmb2_navigation) by extension 'ros'
[0.406s] DEBUG:colcon.colcon_core.package_identification:Package 'src/ThirdParty/pmb2_navigation/pmb2_navigation' with type 'ros.ament_cmake' and name 'pmb2_navigation'
[0.406s] Level 1:colcon.colcon_core.package_identification:_identify(src/ThirdParty/pmb2_navigation/pmb2_rgbd_sensors) by extensions ['ignore', 'ignore_ament_install']
[0.406s] Level 1:colcon.colcon_core.package_identification:_identify(src/ThirdParty/pmb2_navigation/pmb2_rgbd_sensors) by extension 'ignore'
[0.406s] Level 1:colcon.colcon_core.package_identification:_identify(src/ThirdParty/pmb2_navigation/pmb2_rgbd_sensors) ignored
[0.406s] Level 1:colcon.colcon_core.package_identification:_identify(src/ThirdParty/pmb2_robot) by extensions ['ignore', 'ignore_ament_install']
[0.407s] Level 1:colcon.colcon_core.package_identification:_identify(src/ThirdParty/pmb2_robot) by extension 'ignore'
[0.407s] Level 1:colcon.colcon_core.package_identification:_identify(src/ThirdParty/pmb2_robot) by extension 'ignore_ament_install'
[0.407s] Level 1:colcon.colcon_core.package_identification:_identify(src/ThirdParty/pmb2_robot) by extensions ['colcon_pkg']
[0.407s] Level 1:colcon.colcon_core.package_identification:_identify(src/ThirdParty/pmb2_robot) by extension 'colcon_pkg'
[0.407s] Level 1:colcon.colcon_core.package_identification:_identify(src/ThirdParty/pmb2_robot) by extensions ['colcon_meta']
[0.407s] Level 1:colcon.colcon_core.package_identification:_identify(src/ThirdParty/pmb2_robot) by extension 'colcon_meta'
[0.407s] Level 1:colcon.colcon_core.package_identification:_identify(src/ThirdParty/pmb2_robot) by extensions ['ros']
[0.407s] Level 1:colcon.colcon_core.package_identification:_identify(src/ThirdParty/pmb2_robot) by extension 'ros'
[0.407s] Level 1:colcon.colcon_core.package_identification:_identify(src/ThirdParty/pmb2_robot) by extensions ['cmake', 'python']
[0.407s] Level 1:colcon.colcon_core.package_identification:_identify(src/ThirdParty/pmb2_robot) by extension 'cmake'
[0.407s] Level 1:colcon.colcon_core.package_identification:_identify(src/ThirdParty/pmb2_robot) by extension 'python'
[0.407s] Level 1:colcon.colcon_core.package_identification:_identify(src/ThirdParty/pmb2_robot) by extensions ['python_setup_py']
[0.407s] Level 1:colcon.colcon_core.package_identification:_identify(src/ThirdParty/pmb2_robot) by extension 'python_setup_py'
[0.407s] Level 1:colcon.colcon_core.package_identification:_identify(src/ThirdParty/pmb2_robot/pmb2_bringup) by extensions ['ignore', 'ignore_ament_install']
[0.407s] Level 1:colcon.colcon_core.package_identification:_identify(src/ThirdParty/pmb2_robot/pmb2_bringup) by extension 'ignore'
[0.407s] Level 1:colcon.colcon_core.package_identification:_identify(src/ThirdParty/pmb2_robot/pmb2_bringup) by extension 'ignore_ament_install'
[0.407s] Level 1:colcon.colcon_core.package_identification:_identify(src/ThirdParty/pmb2_robot/pmb2_bringup) by extensions ['colcon_pkg']
[0.407s] Level 1:colcon.colcon_core.package_identification:_identify(src/ThirdParty/pmb2_robot/pmb2_bringup) by extension 'colcon_pkg'
[0.408s] Level 1:colcon.colcon_core.package_identification:_identify(src/ThirdParty/pmb2_robot/pmb2_bringup) by extensions ['colcon_meta']
[0.408s] Level 1:colcon.colcon_core.package_identification:_identify(src/ThirdParty/pmb2_robot/pmb2_bringup) by extension 'colcon_meta'
[0.408s] Level 1:colcon.colcon_core.package_identification:_identify(src/ThirdParty/pmb2_robot/pmb2_bringup) by extensions ['ros']
[0.408s] Level 1:colcon.colcon_core.package_identification:_identify(src/ThirdParty/pmb2_robot/pmb2_bringup) by extension 'ros'
[0.408s] DEBUG:colcon.colcon_core.package_identification:Package 'src/ThirdParty/pmb2_robot/pmb2_bringup' with type 'ros.ament_cmake' and name 'pmb2_bringup'
[0.408s] Level 1:colcon.colcon_core.package_identification:_identify(src/ThirdParty/pmb2_robot/pmb2_controller_configuration) by extensions ['ignore', 'ignore_ament_install']
[0.408s] Level 1:colcon.colcon_core.package_identification:_identify(src/ThirdParty/pmb2_robot/pmb2_controller_configuration) by extension 'ignore'
[0.409s] Level 1:colcon.colcon_core.package_identification:_identify(src/ThirdParty/pmb2_robot/pmb2_controller_configuration) by extension 'ignore_ament_install'
[0.409s] Level 1:colcon.colcon_core.package_identification:_identify(src/ThirdParty/pmb2_robot/pmb2_controller_configuration) by extensions ['colcon_pkg']
[0.409s] Level 1:colcon.colcon_core.package_identification:_identify(src/ThirdParty/pmb2_robot/pmb2_controller_configuration) by extension 'colcon_pkg'
[0.409s] Level 1:colcon.colcon_core.package_identification:_identify(src/ThirdParty/pmb2_robot/pmb2_controller_configuration) by extensions ['colcon_meta']
[0.409s] Level 1:colcon.colcon_core.package_identification:_identify(src/ThirdParty/pmb2_robot/pmb2_controller_configuration) by extension 'colcon_meta'
[0.409s] Level 1:colcon.colcon_core.package_identification:_identify(src/ThirdParty/pmb2_robot/pmb2_controller_configuration) by extensions ['ros']
[0.409s] Level 1:colcon.colcon_core.package_identification:_identify(src/ThirdParty/pmb2_robot/pmb2_controller_configuration) by extension 'ros'
[0.410s] DEBUG:colcon.colcon_core.package_identification:Package 'src/ThirdParty/pmb2_robot/pmb2_controller_configuration' with type 'ros.ament_cmake' and name 'pmb2_controller_configuration'
[0.410s] Level 1:colcon.colcon_core.package_identification:_identify(src/ThirdParty/pmb2_robot/pmb2_description) by extensions ['ignore', 'ignore_ament_install']
[0.411s] Level 1:colcon.colcon_core.package_identification:_identify(src/ThirdParty/pmb2_robot/pmb2_description) by extension 'ignore'
[0.411s] Level 1:colcon.colcon_core.package_identification:_identify(src/ThirdParty/pmb2_robot/pmb2_description) by extension 'ignore_ament_install'
[0.411s] Level 1:colcon.colcon_core.package_identification:_identify(src/ThirdParty/pmb2_robot/pmb2_description) by extensions ['colcon_pkg']
[0.411s] Level 1:colcon.colcon_core.package_identification:_identify(src/ThirdParty/pmb2_robot/pmb2_description) by extension 'colcon_pkg'
[0.411s] Level 1:colcon.colcon_core.package_identification:_identify(src/ThirdParty/pmb2_robot/pmb2_description) by extensions ['colcon_meta']
[0.411s] Level 1:colcon.colcon_core.package_identification:_identify(src/ThirdParty/pmb2_robot/pmb2_description) by extension 'colcon_meta'
[0.411s] Level 1:colcon.colcon_core.package_identification:_identify(src/ThirdParty/pmb2_robot/pmb2_description) by extensions ['ros']
[0.411s] Level 1:colcon.colcon_core.package_identification:_identify(src/ThirdParty/pmb2_robot/pmb2_description) by extension 'ros'
[0.412s] DEBUG:colcon.colcon_core.package_identification:Package 'src/ThirdParty/pmb2_robot/pmb2_description' with type 'ros.ament_cmake' and name 'pmb2_description'
[0.412s] Level 1:colcon.colcon_core.package_identification:_identify(src/ThirdParty/pmb2_robot/pmb2_robot) by extensions ['ignore', 'ignore_ament_install']
[0.412s] Level 1:colcon.colcon_core.package_identification:_identify(src/ThirdParty/pmb2_robot/pmb2_robot) by extension 'ignore'
[0.412s] Level 1:colcon.colcon_core.package_identification:_identify(src/ThirdParty/pmb2_robot/pmb2_robot) by extension 'ignore_ament_install'
[0.412s] Level 1:colcon.colcon_core.package_identification:_identify(src/ThirdParty/pmb2_robot/pmb2_robot) by extensions ['colcon_pkg']
[0.414s] Level 1:colcon.colcon_core.package_identification:_identify(src/ThirdParty/pmb2_robot/pmb2_robot) by extension 'colcon_pkg'
[0.414s] Level 1:colcon.colcon_core.package_identification:_identify(src/ThirdParty/pmb2_robot/pmb2_robot) by extensions ['colcon_meta']
[0.414s] Level 1:colcon.colcon_core.package_identification:_identify(src/ThirdParty/pmb2_robot/pmb2_robot) by extension 'colcon_meta'
[0.414s] Level 1:colcon.colcon_core.package_identification:_identify(src/ThirdParty/pmb2_robot/pmb2_robot) by extensions ['ros']
[0.414s] Level 1:colcon.colcon_core.package_identification:_identify(src/ThirdParty/pmb2_robot/pmb2_robot) by extension 'ros'
[0.415s] DEBUG:colcon.colcon_core.package_identification:Package 'src/ThirdParty/pmb2_robot/pmb2_robot' with type 'ros.ament_cmake' and name 'pmb2_robot'
[0.415s] Level 1:colcon.colcon_core.package_identification:_identify(src/ThirdParty/ros2_control) by extensions ['ignore', 'ignore_ament_install']
[0.416s] Level 1:colcon.colcon_core.package_identification:_identify(src/ThirdParty/ros2_control) by extension 'ignore'
[0.416s] Level 1:colcon.colcon_core.package_identification:_identify(src/ThirdParty/ros2_control) by extension 'ignore_ament_install'
[0.416s] Level 1:colcon.colcon_core.package_identification:_identify(src/ThirdParty/ros2_control) by extensions ['colcon_pkg']
[0.416s] Level 1:colcon.colcon_core.package_identification:_identify(src/ThirdParty/ros2_control) by extension 'colcon_pkg'
[0.416s] Level 1:colcon.colcon_core.package_identification:_identify(src/ThirdParty/ros2_control) by extensions ['colcon_meta']
[0.416s] Level 1:colcon.colcon_core.package_identification:_identify(src/ThirdParty/ros2_control) by extension 'colcon_meta'
[0.416s] Level 1:colcon.colcon_core.package_identification:_identify(src/ThirdParty/ros2_control) by extensions ['ros']
[0.416s] Level 1:colcon.colcon_core.package_identification:_identify(src/ThirdParty/ros2_control) by extension 'ros'
[0.416s] Level 1:colcon.colcon_core.package_identification:_identify(src/ThirdParty/ros2_control) by extensions ['cmake', 'python']
[0.416s] Level 1:colcon.colcon_core.package_identification:_identify(src/ThirdParty/ros2_control) by extension 'cmake'
[0.416s] Level 1:colcon.colcon_core.package_identification:_identify(src/ThirdParty/ros2_control) by extension 'python'
[0.416s] Level 1:colcon.colcon_core.package_identification:_identify(src/ThirdParty/ros2_control) by extensions ['python_setup_py']
[0.416s] Level 1:colcon.colcon_core.package_identification:_identify(src/ThirdParty/ros2_control) by extension 'python_setup_py'
[0.416s] Level 1:colcon.colcon_core.package_identification:_identify(src/ThirdParty/ros2_control/controller_interface) by extensions ['ignore', 'ignore_ament_install']
[0.417s] Level 1:colcon.colcon_core.package_identification:_identify(src/ThirdParty/ros2_control/controller_interface) by extension 'ignore'
[0.417s] Level 1:colcon.colcon_core.package_identification:_identify(src/ThirdParty/ros2_control/controller_interface) by extension 'ignore_ament_install'
[0.417s] Level 1:colcon.colcon_core.package_identification:_identify(src/ThirdParty/ros2_control/controller_interface) by extensions ['colcon_pkg']
[0.417s] Level 1:colcon.colcon_core.package_identification:_identify(src/ThirdParty/ros2_control/controller_interface) by extension 'colcon_pkg'
[0.417s] Level 1:colcon.colcon_core.package_identification:_identify(src/ThirdParty/ros2_control/controller_interface) by extensions ['colcon_meta']
[0.417s] Level 1:colcon.colcon_core.package_identification:_identify(src/ThirdParty/ros2_control/controller_interface) by extension 'colcon_meta'
[0.417s] Level 1:colcon.colcon_core.package_identification:_identify(src/ThirdParty/ros2_control/controller_interface) by extensions ['ros']
[0.417s] Level 1:colcon.colcon_core.package_identification:_identify(src/ThirdParty/ros2_control/controller_interface) by extension 'ros'
[0.418s] DEBUG:colcon.colcon_core.package_identification:Package 'src/ThirdParty/ros2_control/controller_interface' with type 'ros.ament_cmake' and name 'controller_interface'
[0.418s] Level 1:colcon.colcon_core.package_identification:_identify(src/ThirdParty/ros2_control/controller_manager) by extensions ['ignore', 'ignore_ament_install']
[0.418s] Level 1:colcon.colcon_core.package_identification:_identify(src/ThirdParty/ros2_control/controller_manager) by extension 'ignore'
[0.419s] Level 1:colcon.colcon_core.package_identification:_identify(src/ThirdParty/ros2_control/controller_manager) by extension 'ignore_ament_install'
[0.419s] Level 1:colcon.colcon_core.package_identification:_identify(src/ThirdParty/ros2_control/controller_manager) by extensions ['colcon_pkg']
[0.419s] Level 1:colcon.colcon_core.package_identification:_identify(src/ThirdParty/ros2_control/controller_manager) by extension 'colcon_pkg'
[0.419s] Level 1:colcon.colcon_core.package_identification:_identify(src/ThirdParty/ros2_control/controller_manager) by extensions ['colcon_meta']
[0.419s] Level 1:colcon.colcon_core.package_identification:_identify(src/ThirdParty/ros2_control/controller_manager) by extension 'colcon_meta'
[0.419s] Level 1:colcon.colcon_core.package_identification:_identify(src/ThirdParty/ros2_control/controller_manager) by extensions ['ros']
[0.419s] Level 1:colcon.colcon_core.package_identification:_identify(src/ThirdParty/ros2_control/controller_manager) by extension 'ros'
[0.420s] DEBUG:colcon.colcon_core.package_identification:Package 'src/ThirdParty/ros2_control/controller_manager' with type 'ros.ament_cmake' and name 'controller_manager'
[0.421s] Level 1:colcon.colcon_core.package_identification:_identify(src/ThirdParty/ros2_control/controller_manager_msgs) by extensions ['ignore', 'ignore_ament_install']
[0.421s] Level 1:colcon.colcon_core.package_identification:_identify(src/ThirdParty/ros2_control/controller_manager_msgs) by extension 'ignore'
[0.421s] Level 1:colcon.colcon_core.package_identification:_identify(src/ThirdParty/ros2_control/controller_manager_msgs) by extension 'ignore_ament_install'
[0.421s] Level 1:colcon.colcon_core.package_identification:_identify(src/ThirdParty/ros2_control/controller_manager_msgs) by extensions ['colcon_pkg']
[0.421s] Level 1:colcon.colcon_core.package_identification:_identify(src/ThirdParty/ros2_control/controller_manager_msgs) by extension 'colcon_pkg'
[0.421s] Level 1:colcon.colcon_core.package_identification:_identify(src/ThirdParty/ros2_control/controller_manager_msgs) by extensions ['colcon_meta']
[0.421s] Level 1:colcon.colcon_core.package_identification:_identify(src/ThirdParty/ros2_control/controller_manager_msgs) by extension 'colcon_meta'
[0.421s] Level 1:colcon.colcon_core.package_identification:_identify(src/ThirdParty/ros2_control/controller_manager_msgs) by extensions ['ros']
[0.421s] Level 1:colcon.colcon_core.package_identification:_identify(src/ThirdParty/ros2_control/controller_manager_msgs) by extension 'ros'
[0.422s] DEBUG:colcon.colcon_core.package_identification:Package 'src/ThirdParty/ros2_control/controller_manager_msgs' with type 'ros.ament_cmake' and name 'controller_manager_msgs'
[0.422s] Level 1:colcon.colcon_core.package_identification:_identify(src/ThirdParty/ros2_control/hardware_interface) by extensions ['ignore', 'ignore_ament_install']
[0.422s] Level 1:colcon.colcon_core.package_identification:_identify(src/ThirdParty/ros2_control/hardware_interface) by extension 'ignore'
[0.422s] Level 1:colcon.colcon_core.package_identification:_identify(src/ThirdParty/ros2_control/hardware_interface) by extension 'ignore_ament_install'
[0.422s] Level 1:colcon.colcon_core.package_identification:_identify(src/ThirdParty/ros2_control/hardware_interface) by extensions ['colcon_pkg']
[0.422s] Level 1:colcon.colcon_core.package_identification:_identify(src/ThirdParty/ros2_control/hardware_interface) by extension 'colcon_pkg'
[0.422s] Level 1:colcon.colcon_core.package_identification:_identify(src/ThirdParty/ros2_control/hardware_interface) by extensions ['colcon_meta']
[0.422s] Level 1:colcon.colcon_core.package_identification:_identify(src/ThirdParty/ros2_control/hardware_interface) by extension 'colcon_meta'
[0.422s] Level 1:colcon.colcon_core.package_identification:_identify(src/ThirdParty/ros2_control/hardware_interface) by extensions ['ros']
[0.422s] Level 1:colcon.colcon_core.package_identification:_identify(src/ThirdParty/ros2_control/hardware_interface) by extension 'ros'
[0.424s] DEBUG:colcon.colcon_core.package_identification:Package 'src/ThirdParty/ros2_control/hardware_interface' with type 'ros.ament_cmake' and name 'hardware_interface'
[0.424s] Level 1:colcon.colcon_core.package_identification:_identify(src/ThirdParty/ros2_control/joint_limits_interface) by extensions ['ignore', 'ignore_ament_install']
[0.424s] Level 1:colcon.colcon_core.package_identification:_identify(src/ThirdParty/ros2_control/joint_limits_interface) by extension 'ignore'
[0.424s] Level 1:colcon.colcon_core.package_identification:_identify(src/ThirdParty/ros2_control/joint_limits_interface) ignored
[0.424s] Level 1:colcon.colcon_core.package_identification:_identify(src/ThirdParty/ros2_control/ros2_control) by extensions ['ignore', 'ignore_ament_install']
[0.425s] Level 1:colcon.colcon_core.package_identification:_identify(src/ThirdParty/ros2_control/ros2_control) by extension 'ignore'
[0.425s] Level 1:colcon.colcon_core.package_identification:_identify(src/ThirdParty/ros2_control/ros2_control) by extension 'ignore_ament_install'
[0.425s] Level 1:colcon.colcon_core.package_identification:_identify(src/ThirdParty/ros2_control/ros2_control) by extensions ['colcon_pkg']
[0.425s] Level 1:colcon.colcon_core.package_identification:_identify(src/ThirdParty/ros2_control/ros2_control) by extension 'colcon_pkg'
[0.425s] Level 1:colcon.colcon_core.package_identification:_identify(src/ThirdParty/ros2_control/ros2_control) by extensions ['colcon_meta']
[0.425s] Level 1:colcon.colcon_core.package_identification:_identify(src/ThirdParty/ros2_control/ros2_control) by extension 'colcon_meta'
[0.425s] Level 1:colcon.colcon_core.package_identification:_identify(src/ThirdParty/ros2_control/ros2_control) by extensions ['ros']
[0.425s] Level 1:colcon.colcon_core.package_identification:_identify(src/ThirdParty/ros2_control/ros2_control) by extension 'ros'
[0.426s] DEBUG:colcon.colcon_core.package_identification:Package 'src/ThirdParty/ros2_control/ros2_control' with type 'ros.ament_cmake' and name 'ros2_control'
[0.426s] Level 1:colcon.colcon_core.package_identification:_identify(src/ThirdParty/ros2_control/ros2_control_test_assets) by extensions ['ignore', 'ignore_ament_install']
[0.426s] Level 1:colcon.colcon_core.package_identification:_identify(src/ThirdParty/ros2_control/ros2_control_test_assets) by extension 'ignore'
[0.427s] Level 1:colcon.colcon_core.package_identification:_identify(src/ThirdParty/ros2_control/ros2_control_test_assets) by extension 'ignore_ament_install'
[0.427s] Level 1:colcon.colcon_core.package_identification:_identify(src/ThirdParty/ros2_control/ros2_control_test_assets) by extensions ['colcon_pkg']
[0.427s] Level 1:colcon.colcon_core.package_identification:_identify(src/ThirdParty/ros2_control/ros2_control_test_assets) by extension 'colcon_pkg'
[0.427s] Level 1:colcon.colcon_core.package_identification:_identify(src/ThirdParty/ros2_control/ros2_control_test_assets) by extensions ['colcon_meta']
[0.427s] Level 1:colcon.colcon_core.package_identification:_identify(src/ThirdParty/ros2_control/ros2_control_test_assets) by extension 'colcon_meta'
[0.427s] Level 1:colcon.colcon_core.package_identification:_identify(src/ThirdParty/ros2_control/ros2_control_test_assets) by extensions ['ros']
[0.427s] Level 1:colcon.colcon_core.package_identification:_identify(src/ThirdParty/ros2_control/ros2_control_test_assets) by extension 'ros'
[0.427s] DEBUG:colcon.colcon_core.package_identification:Package 'src/ThirdParty/ros2_control/ros2_control_test_assets' with type 'ros.ament_cmake' and name 'ros2_control_test_assets'
[0.428s] Level 1:colcon.colcon_core.package_identification:_identify(src/ThirdParty/ros2_control/ros2controlcli) by extensions ['ignore', 'ignore_ament_install']
[0.428s] Level 1:colcon.colcon_core.package_identification:_identify(src/ThirdParty/ros2_control/ros2controlcli) by extension 'ignore'
[0.428s] Level 1:colcon.colcon_core.package_identification:_identify(src/ThirdParty/ros2_control/ros2controlcli) by extension 'ignore_ament_install'
[0.428s] Level 1:colcon.colcon_core.package_identification:_identify(src/ThirdParty/ros2_control/ros2controlcli) by extensions ['colcon_pkg']
[0.428s] Level 1:colcon.colcon_core.package_identification:_identify(src/ThirdParty/ros2_control/ros2controlcli) by extension 'colcon_pkg'
[0.428s] Level 1:colcon.colcon_core.package_identification:_identify(src/ThirdParty/ros2_control/ros2controlcli) by extensions ['colcon_meta']
[0.428s] Level 1:colcon.colcon_core.package_identification:_identify(src/ThirdParty/ros2_control/ros2controlcli) by extension 'colcon_meta'
[0.428s] Level 1:colcon.colcon_core.package_identification:_identify(src/ThirdParty/ros2_control/ros2controlcli) by extensions ['ros']
[0.428s] Level 1:colcon.colcon_core.package_identification:_identify(src/ThirdParty/ros2_control/ros2controlcli) by extension 'ros'
[0.429s] DEBUG:colcon.colcon_core.package_identification:Package 'src/ThirdParty/ros2_control/ros2controlcli' with type 'ros.ament_python' and name 'ros2controlcli'
[0.429s] Level 1:colcon.colcon_core.package_identification:_identify(src/ThirdParty/ros2_control/transmission_interface) by extensions ['ignore', 'ignore_ament_install']
[0.429s] Level 1:colcon.colcon_core.package_identification:_identify(src/ThirdParty/ros2_control/transmission_interface) by extension 'ignore'
[0.429s] Level 1:colcon.colcon_core.package_identification:_identify(src/ThirdParty/ros2_control/transmission_interface) by extension 'ignore_ament_install'
[0.429s] Level 1:colcon.colcon_core.package_identification:_identify(src/ThirdParty/ros2_control/transmission_interface) by extensions ['colcon_pkg']
[0.430s] Level 1:colcon.colcon_core.package_identification:_identify(src/ThirdParty/ros2_control/transmission_interface) by extension 'colcon_pkg'
[0.430s] Level 1:colcon.colcon_core.package_identification:_identify(src/ThirdParty/ros2_control/transmission_interface) by extensions ['colcon_meta']
[0.430s] Level 1:colcon.colcon_core.package_identification:_identify(src/ThirdParty/ros2_control/transmission_interface) by extension 'colcon_meta'
[0.430s] Level 1:colcon.colcon_core.package_identification:_identify(src/ThirdParty/ros2_control/transmission_interface) by extensions ['ros']
[0.430s] Level 1:colcon.colcon_core.package_identification:_identify(src/ThirdParty/ros2_control/transmission_interface) by extension 'ros'
[0.431s] DEBUG:colcon.colcon_core.package_identification:Package 'src/ThirdParty/ros2_control/transmission_interface' with type 'ros.ament_cmake' and name 'transmission_interface'
[0.431s] Level 1:colcon.colcon_core.package_identification:_identify(src/ThirdParty/ros2_controllers) by extensions ['ignore', 'ignore_ament_install']
[0.431s] Level 1:colcon.colcon_core.package_identification:_identify(src/ThirdParty/ros2_controllers) by extension 'ignore'
[0.431s] Level 1:colcon.colcon_core.package_identification:_identify(src/ThirdParty/ros2_controllers) by extension 'ignore_ament_install'
[0.431s] Level 1:colcon.colcon_core.package_identification:_identify(src/ThirdParty/ros2_controllers) by extensions ['colcon_pkg']
[0.431s] Level 1:colcon.colcon_core.package_identification:_identify(src/ThirdParty/ros2_controllers) by extension 'colcon_pkg'
[0.431s] Level 1:colcon.colcon_core.package_identification:_identify(src/ThirdParty/ros2_controllers) by extensions ['colcon_meta']
[0.431s] Level 1:colcon.colcon_core.package_identification:_identify(src/ThirdParty/ros2_controllers) by extension 'colcon_meta'
[0.431s] Level 1:colcon.colcon_core.package_identification:_identify(src/ThirdParty/ros2_controllers) by extensions ['ros']
[0.431s] Level 1:colcon.colcon_core.package_identification:_identify(src/ThirdParty/ros2_controllers) by extension 'ros'
[0.431s] Level 1:colcon.colcon_core.package_identification:_identify(src/ThirdParty/ros2_controllers) by extensions ['cmake', 'python']
[0.431s] Level 1:colcon.colcon_core.package_identification:_identify(src/ThirdParty/ros2_controllers) by extension 'cmake'
[0.431s] Level 1:colcon.colcon_core.package_identification:_identify(src/ThirdParty/ros2_controllers) by extension 'python'
[0.432s] Level 1:colcon.colcon_core.package_identification:_identify(src/ThirdParty/ros2_controllers) by extensions ['python_setup_py']
[0.432s] Level 1:colcon.colcon_core.package_identification:_identify(src/ThirdParty/ros2_controllers) by extension 'python_setup_py'
[0.432s] Level 1:colcon.colcon_core.package_identification:_identify(src/ThirdParty/ros2_controllers/diff_drive_controller) by extensions ['ignore', 'ignore_ament_install']
[0.432s] Level 1:colcon.colcon_core.package_identification:_identify(src/ThirdParty/ros2_controllers/diff_drive_controller) by extension 'ignore'
[0.432s] Level 1:colcon.colcon_core.package_identification:_identify(src/ThirdParty/ros2_controllers/diff_drive_controller) by extension 'ignore_ament_install'
[0.432s] Level 1:colcon.colcon_core.package_identification:_identify(src/ThirdParty/ros2_controllers/diff_drive_controller) by extensions ['colcon_pkg']
[0.432s] Level 1:colcon.colcon_core.package_identification:_identify(src/ThirdParty/ros2_controllers/diff_drive_controller) by extension 'colcon_pkg'
[0.432s] Level 1:colcon.colcon_core.package_identification:_identify(src/ThirdParty/ros2_controllers/diff_drive_controller) by extensions ['colcon_meta']
[0.432s] Level 1:colcon.colcon_core.package_identification:_identify(src/ThirdParty/ros2_controllers/diff_drive_controller) by extension 'colcon_meta'
[0.432s] Level 1:colcon.colcon_core.package_identification:_identify(src/ThirdParty/ros2_controllers/diff_drive_controller) by extensions ['ros']
[0.432s] Level 1:colcon.colcon_core.package_identification:_identify(src/ThirdParty/ros2_controllers/diff_drive_controller) by extension 'ros'
[0.433s] DEBUG:colcon.colcon_core.package_identification:Package 'src/ThirdParty/ros2_controllers/diff_drive_controller' with type 'ros.ament_cmake' and name 'diff_drive_controller'
[0.434s] Level 1:colcon.colcon_core.package_identification:_identify(src/ThirdParty/ros2_controllers/doc) by extensions ['ignore', 'ignore_ament_install']
[0.434s] Level 1:colcon.colcon_core.package_identification:_identify(src/ThirdParty/ros2_controllers/doc) by extension 'ignore'
[0.434s] Level 1:colcon.colcon_core.package_identification:_identify(src/ThirdParty/ros2_controllers/doc) by extension 'ignore_ament_install'
[0.434s] Level 1:colcon.colcon_core.package_identification:_identify(src/ThirdParty/ros2_controllers/doc) by extensions ['colcon_pkg']
[0.434s] Level 1:colcon.colcon_core.package_identification:_identify(src/ThirdParty/ros2_controllers/doc) by extension 'colcon_pkg'
[0.434s] Level 1:colcon.colcon_core.package_identification:_identify(src/ThirdParty/ros2_controllers/doc) by extensions ['colcon_meta']
[0.434s] Level 1:colcon.colcon_core.package_identification:_identify(src/ThirdParty/ros2_controllers/doc) by extension 'colcon_meta'
[0.434s] Level 1:colcon.colcon_core.package_identification:_identify(src/ThirdParty/ros2_controllers/doc) by extensions ['ros']
[0.434s] Level 1:colcon.colcon_core.package_identification:_identify(src/ThirdParty/ros2_controllers/doc) by extension 'ros'
[0.434s] Level 1:colcon.colcon_core.package_identification:_identify(src/ThirdParty/ros2_controllers/doc) by extensions ['cmake', 'python']
[0.435s] Level 1:colcon.colcon_core.package_identification:_identify(src/ThirdParty/ros2_controllers/doc) by extension 'cmake'
[0.435s] Level 1:colcon.colcon_core.package_identification:_identify(src/ThirdParty/ros2_controllers/doc) by extension 'python'
[0.435s] Level 1:colcon.colcon_core.package_identification:_identify(src/ThirdParty/ros2_controllers/doc) by extensions ['python_setup_py']
[0.435s] Level 1:colcon.colcon_core.package_identification:_identify(src/ThirdParty/ros2_controllers/doc) by extension 'python_setup_py'
[0.435s] Level 1:colcon.colcon_core.package_identification:_identify(src/ThirdParty/ros2_controllers/effort_controllers) by extensions ['ignore', 'ignore_ament_install']
[0.435s] Level 1:colcon.colcon_core.package_identification:_identify(src/ThirdParty/ros2_controllers/effort_controllers) by extension 'ignore'
[0.435s] Level 1:colcon.colcon_core.package_identification:_identify(src/ThirdParty/ros2_controllers/effort_controllers) by extension 'ignore_ament_install'
[0.435s] Level 1:colcon.colcon_core.package_identification:_identify(src/ThirdParty/ros2_controllers/effort_controllers) by extensions ['colcon_pkg']
[0.435s] Level 1:colcon.colcon_core.package_identification:_identify(src/ThirdParty/ros2_controllers/effort_controllers) by extension 'colcon_pkg'
[0.435s] Level 1:colcon.colcon_core.package_identification:_identify(src/ThirdParty/ros2_controllers/effort_controllers) by extensions ['colcon_meta']
[0.435s] Level 1:colcon.colcon_core.package_identification:_identify(src/ThirdParty/ros2_controllers/effort_controllers) by extension 'colcon_meta'
[0.435s] Level 1:colcon.colcon_core.package_identification:_identify(src/ThirdParty/ros2_controllers/effort_controllers) by extensions ['ros']
[0.436s] Level 1:colcon.colcon_core.package_identification:_identify(src/ThirdParty/ros2_controllers/effort_controllers) by extension 'ros'
[0.436s] DEBUG:colcon.colcon_core.package_identification:Package 'src/ThirdParty/ros2_controllers/effort_controllers' with type 'ros.ament_cmake' and name 'effort_controllers'
[0.437s] Level 1:colcon.colcon_core.package_identification:_identify(src/ThirdParty/ros2_controllers/force_torque_sensor_broadcaster) by extensions ['ignore', 'ignore_ament_install']
[0.437s] Level 1:colcon.colcon_core.package_identification:_identify(src/ThirdParty/ros2_controllers/force_torque_sensor_broadcaster) by extension 'ignore'
[0.437s] Level 1:colcon.colcon_core.package_identification:_identify(src/ThirdParty/ros2_controllers/force_torque_sensor_broadcaster) by extension 'ignore_ament_install'
[0.437s] Level 1:colcon.colcon_core.package_identification:_identify(src/ThirdParty/ros2_controllers/force_torque_sensor_broadcaster) by extensions ['colcon_pkg']
[0.437s] Level 1:colcon.colcon_core.package_identification:_identify(src/ThirdParty/ros2_controllers/force_torque_sensor_broadcaster) by extension 'colcon_pkg'
[0.437s] Level 1:colcon.colcon_core.package_identification:_identify(src/ThirdParty/ros2_controllers/force_torque_sensor_broadcaster) by extensions ['colcon_meta']
[0.437s] Level 1:colcon.colcon_core.package_identification:_identify(src/ThirdParty/ros2_controllers/force_torque_sensor_broadcaster) by extension 'colcon_meta'
[0.437s] Level 1:colcon.colcon_core.package_identification:_identify(src/ThirdParty/ros2_controllers/force_torque_sensor_broadcaster) by extensions ['ros']
[0.437s] Level 1:colcon.colcon_core.package_identification:_identify(src/ThirdParty/ros2_controllers/force_torque_sensor_broadcaster) by extension 'ros'
[0.439s] DEBUG:colcon.colcon_core.package_identification:Package 'src/ThirdParty/ros2_controllers/force_torque_sensor_broadcaster' with type 'ros.ament_cmake' and name 'force_torque_sensor_broadcaster'
[0.439s] Level 1:colcon.colcon_core.package_identification:_identify(src/ThirdParty/ros2_controllers/forward_command_controller) by extensions ['ignore', 'ignore_ament_install']
[0.439s] Level 1:colcon.colcon_core.package_identification:_identify(src/ThirdParty/ros2_controllers/forward_command_controller) by extension 'ignore'
[0.439s] Level 1:colcon.colcon_core.package_identification:_identify(src/ThirdParty/ros2_controllers/forward_command_controller) by extension 'ignore_ament_install'
[0.439s] Level 1:colcon.colcon_core.package_identification:_identify(src/ThirdParty/ros2_controllers/forward_command_controller) by extensions ['colcon_pkg']
[0.439s] Level 1:colcon.colcon_core.package_identification:_identify(src/ThirdParty/ros2_controllers/forward_command_controller) by extension 'colcon_pkg'
[0.439s] Level 1:colcon.colcon_core.package_identification:_identify(src/ThirdParty/ros2_controllers/forward_command_controller) by extensions ['colcon_meta']
[0.439s] Level 1:colcon.colcon_core.package_identification:_identify(src/ThirdParty/ros2_controllers/forward_command_controller) by extension 'colcon_meta'
[0.440s] Level 1:colcon.colcon_core.package_identification:_identify(src/ThirdParty/ros2_controllers/forward_command_controller) by extensions ['ros']
[0.440s] Level 1:colcon.colcon_core.package_identification:_identify(src/ThirdParty/ros2_controllers/forward_command_controller) by extension 'ros'
[0.441s] DEBUG:colcon.colcon_core.package_identification:Package 'src/ThirdParty/ros2_controllers/forward_command_controller' with type 'ros.ament_cmake' and name 'forward_command_controller'
[0.441s] Level 1:colcon.colcon_core.package_identification:_identify(src/ThirdParty/ros2_controllers/gripper_controllers) by extensions ['ignore', 'ignore_ament_install']
[0.441s] Level 1:colcon.colcon_core.package_identification:_identify(src/ThirdParty/ros2_controllers/gripper_controllers) by extension 'ignore'
[0.441s] Level 1:colcon.colcon_core.package_identification:_identify(src/ThirdParty/ros2_controllers/gripper_controllers) by extension 'ignore_ament_install'
[0.441s] Level 1:colcon.colcon_core.package_identification:_identify(src/ThirdParty/ros2_controllers/gripper_controllers) by extensions ['colcon_pkg']
[0.441s] Level 1:colcon.colcon_core.package_identification:_identify(src/ThirdParty/ros2_controllers/gripper_controllers) by extension 'colcon_pkg'
[0.441s] Level 1:colcon.colcon_core.package_identification:_identify(src/ThirdParty/ros2_controllers/gripper_controllers) by extensions ['colcon_meta']
[0.441s] Level 1:colcon.colcon_core.package_identification:_identify(src/ThirdParty/ros2_controllers/gripper_controllers) by extension 'colcon_meta'
[0.442s] Level 1:colcon.colcon_core.package_identification:_identify(src/ThirdParty/ros2_controllers/gripper_controllers) by extensions ['ros']
[0.442s] Level 1:colcon.colcon_core.package_identification:_identify(src/ThirdParty/ros2_controllers/gripper_controllers) by extension 'ros'
[0.444s] DEBUG:colcon.colcon_core.package_identification:Package 'src/ThirdParty/ros2_controllers/gripper_controllers' with type 'ros.ament_cmake' and name 'gripper_controllers'
[0.444s] Level 1:colcon.colcon_core.package_identification:_identify(src/ThirdParty/ros2_controllers/imu_sensor_broadcaster) by extensions ['ignore', 'ignore_ament_install']
[0.444s] Level 1:colcon.colcon_core.package_identification:_identify(src/ThirdParty/ros2_controllers/imu_sensor_broadcaster) by extension 'ignore'
[0.444s] Level 1:colcon.colcon_core.package_identification:_identify(src/ThirdParty/ros2_controllers/imu_sensor_broadcaster) by extension 'ignore_ament_install'
[0.444s] Level 1:colcon.colcon_core.package_identification:_identify(src/ThirdParty/ros2_controllers/imu_sensor_broadcaster) by extensions ['colcon_pkg']
[0.445s] Level 1:colcon.colcon_core.package_identification:_identify(src/ThirdParty/ros2_controllers/imu_sensor_broadcaster) by extension 'colcon_pkg'
[0.445s] Level 1:colcon.colcon_core.package_identification:_identify(src/ThirdParty/ros2_controllers/imu_sensor_broadcaster) by extensions ['colcon_meta']
[0.445s] Level 1:colcon.colcon_core.package_identification:_identify(src/ThirdParty/ros2_controllers/imu_sensor_broadcaster) by extension 'colcon_meta'
[0.445s] Level 1:colcon.colcon_core.package_identification:_identify(src/ThirdParty/ros2_controllers/imu_sensor_broadcaster) by extensions ['ros']
[0.445s] Level 1:colcon.colcon_core.package_identification:_identify(src/ThirdParty/ros2_controllers/imu_sensor_broadcaster) by extension 'ros'
[0.446s] DEBUG:colcon.colcon_core.package_identification:Package 'src/ThirdParty/ros2_controllers/imu_sensor_broadcaster' with type 'ros.ament_cmake' and name 'imu_sensor_broadcaster'
[0.446s] Level 1:colcon.colcon_core.package_identification:_identify(src/ThirdParty/ros2_controllers/joint_state_broadcaster) by extensions ['ignore', 'ignore_ament_install']
[0.446s] Level 1:colcon.colcon_core.package_identification:_identify(src/ThirdParty/ros2_controllers/joint_state_broadcaster) by extension 'ignore'
[0.446s] Level 1:colcon.colcon_core.package_identification:_identify(src/ThirdParty/ros2_controllers/joint_state_broadcaster) by extension 'ignore_ament_install'
[0.446s] Level 1:colcon.colcon_core.package_identification:_identify(src/ThirdParty/ros2_controllers/joint_state_broadcaster) by extensions ['colcon_pkg']
[0.446s] Level 1:colcon.colcon_core.package_identification:_identify(src/ThirdParty/ros2_controllers/joint_state_broadcaster) by extension 'colcon_pkg'
[0.446s] Level 1:colcon.colcon_core.package_identification:_identify(src/ThirdParty/ros2_controllers/joint_state_broadcaster) by extensions ['colcon_meta']
[0.446s] Level 1:colcon.colcon_core.package_identification:_identify(src/ThirdParty/ros2_controllers/joint_state_broadcaster) by extension 'colcon_meta'
[0.447s] Level 1:colcon.colcon_core.package_identification:_identify(src/ThirdParty/ros2_controllers/joint_state_broadcaster) by extensions ['ros']
[0.447s] Level 1:colcon.colcon_core.package_identification:_identify(src/ThirdParty/ros2_controllers/joint_state_broadcaster) by extension 'ros'
[0.447s] DEBUG:colcon.colcon_core.package_identification:Package 'src/ThirdParty/ros2_controllers/joint_state_broadcaster' with type 'ros.ament_cmake' and name 'joint_state_broadcaster'
[0.448s] Level 1:colcon.colcon_core.package_identification:_identify(src/ThirdParty/ros2_controllers/joint_state_controller) by extensions ['ignore', 'ignore_ament_install']
[0.448s] Level 1:colcon.colcon_core.package_identification:_identify(src/ThirdParty/ros2_controllers/joint_state_controller) by extension 'ignore'
[0.448s] Level 1:colcon.colcon_core.package_identification:_identify(src/ThirdParty/ros2_controllers/joint_state_controller) by extension 'ignore_ament_install'
[0.448s] Level 1:colcon.colcon_core.package_identification:_identify(src/ThirdParty/ros2_controllers/joint_state_controller) by extensions ['colcon_pkg']
[0.448s] Level 1:colcon.colcon_core.package_identification:_identify(src/ThirdParty/ros2_controllers/joint_state_controller) by extension 'colcon_pkg'
[0.448s] Level 1:colcon.colcon_core.package_identification:_identify(src/ThirdParty/ros2_controllers/joint_state_controller) by extensions ['colcon_meta']
[0.448s] Level 1:colcon.colcon_core.package_identification:_identify(src/ThirdParty/ros2_controllers/joint_state_controller) by extension 'colcon_meta'
[0.448s] Level 1:colcon.colcon_core.package_identification:_identify(src/ThirdParty/ros2_controllers/joint_state_controller) by extensions ['ros']
[0.448s] Level 1:colcon.colcon_core.package_identification:_identify(src/ThirdParty/ros2_controllers/joint_state_controller) by extension 'ros'
[0.449s] DEBUG:colcon.colcon_core.package_identification:Package 'src/ThirdParty/ros2_controllers/joint_state_controller' with type 'ros.ament_cmake' and name 'joint_state_controller'
[0.449s] Level 1:colcon.colcon_core.package_identification:_identify(src/ThirdParty/ros2_controllers/joint_trajectory_controller) by extensions ['ignore', 'ignore_ament_install']
[0.449s] Level 1:colcon.colcon_core.package_identification:_identify(src/ThirdParty/ros2_controllers/joint_trajectory_controller) by extension 'ignore'
[0.449s] Level 1:colcon.colcon_core.package_identification:_identify(src/ThirdParty/ros2_controllers/joint_trajectory_controller) by extension 'ignore_ament_install'
[0.449s] Level 1:colcon.colcon_core.package_identification:_identify(src/ThirdParty/ros2_controllers/joint_trajectory_controller) by extensions ['colcon_pkg']
[0.450s] Level 1:colcon.colcon_core.package_identification:_identify(src/ThirdParty/ros2_controllers/joint_trajectory_controller) by extension 'colcon_pkg'
[0.450s] Level 1:colcon.colcon_core.package_identification:_identify(src/ThirdParty/ros2_controllers/joint_trajectory_controller) by extensions ['colcon_meta']
[0.450s] Level 1:colcon.colcon_core.package_identification:_identify(src/ThirdParty/ros2_controllers/joint_trajectory_controller) by extension 'colcon_meta'
[0.450s] Level 1:colcon.colcon_core.package_identification:_identify(src/ThirdParty/ros2_controllers/joint_trajectory_controller) by extensions ['ros']
[0.450s] Level 1:colcon.colcon_core.package_identification:_identify(src/ThirdParty/ros2_controllers/joint_trajectory_controller) by extension 'ros'
[0.460s] DEBUG:colcon.colcon_core.package_identification:Package 'src/ThirdParty/ros2_controllers/joint_trajectory_controller' with type 'ros.ament_cmake' and name 'joint_trajectory_controller'
[0.460s] Level 1:colcon.colcon_core.package_identification:_identify(src/ThirdParty/ros2_controllers/position_controllers) by extensions ['ignore', 'ignore_ament_install']
[0.460s] Level 1:colcon.colcon_core.package_identification:_identify(src/ThirdParty/ros2_controllers/position_controllers) by extension 'ignore'
[0.461s] Level 1:colcon.colcon_core.package_identification:_identify(src/ThirdParty/ros2_controllers/position_controllers) by extension 'ignore_ament_install'
[0.461s] Level 1:colcon.colcon_core.package_identification:_identify(src/ThirdParty/ros2_controllers/position_controllers) by extensions ['colcon_pkg']
[0.461s] Level 1:colcon.colcon_core.package_identification:_identify(src/ThirdParty/ros2_controllers/position_controllers) by extension 'colcon_pkg'
[0.461s] Level 1:colcon.colcon_core.package_identification:_identify(src/ThirdParty/ros2_controllers/position_controllers) by extensions ['colcon_meta']
[0.461s] Level 1:colcon.colcon_core.package_identification:_identify(src/ThirdParty/ros2_controllers/position_controllers) by extension 'colcon_meta'
[0.461s] Level 1:colcon.colcon_core.package_identification:_identify(src/ThirdParty/ros2_controllers/position_controllers) by extensions ['ros']
[0.461s] Level 1:colcon.colcon_core.package_identification:_identify(src/ThirdParty/ros2_controllers/position_controllers) by extension 'ros'
[0.462s] DEBUG:colcon.colcon_core.package_identification:Package 'src/ThirdParty/ros2_controllers/position_controllers' with type 'ros.ament_cmake' and name 'position_controllers'
[0.462s] Level 1:colcon.colcon_core.package_identification:_identify(src/ThirdParty/ros2_controllers/ros2_controllers) by extensions ['ignore', 'ignore_ament_install']
[0.462s] Level 1:colcon.colcon_core.package_identification:_identify(src/ThirdParty/ros2_controllers/ros2_controllers) by extension 'ignore'
[0.463s] Level 1:colcon.colcon_core.package_identification:_identify(src/ThirdParty/ros2_controllers/ros2_controllers) by extension 'ignore_ament_install'
[0.463s] Level 1:colcon.colcon_core.package_identification:_identify(src/ThirdParty/ros2_controllers/ros2_controllers) by extensions ['colcon_pkg']
[0.463s] Level 1:colcon.colcon_core.package_identification:_identify(src/ThirdParty/ros2_controllers/ros2_controllers) by extension 'colcon_pkg'
[0.463s] Level 1:colcon.colcon_core.package_identification:_identify(src/ThirdParty/ros2_controllers/ros2_controllers) by extensions ['colcon_meta']
[0.463s] Level 1:colcon.colcon_core.package_identification:_identify(src/ThirdParty/ros2_controllers/ros2_controllers) by extension 'colcon_meta'
[0.463s] Level 1:colcon.colcon_core.package_identification:_identify(src/ThirdParty/ros2_controllers/ros2_controllers) by extensions ['ros']
[0.463s] Level 1:colcon.colcon_core.package_identification:_identify(src/ThirdParty/ros2_controllers/ros2_controllers) by extension 'ros'
[0.464s] DEBUG:colcon.colcon_core.package_identification:Package 'src/ThirdParty/ros2_controllers/ros2_controllers' with type 'ros.ament_cmake' and name 'ros2_controllers'
[0.464s] Level 1:colcon.colcon_core.package_identification:_identify(src/ThirdParty/ros2_controllers/velocity_controllers) by extensions ['ignore', 'ignore_ament_install']
[0.465s] Level 1:colcon.colcon_core.package_identification:_identify(src/ThirdParty/ros2_controllers/velocity_controllers) by extension 'ignore'
[0.465s] Level 1:colcon.colcon_core.package_identification:_identify(src/ThirdParty/ros2_controllers/velocity_controllers) by extension 'ignore_ament_install'
[0.465s] Level 1:colcon.colcon_core.package_identification:_identify(src/ThirdParty/ros2_controllers/velocity_controllers) by extensions ['colcon_pkg']
[0.465s] Level 1:colcon.colcon_core.package_identification:_identify(src/ThirdParty/ros2_controllers/velocity_controllers) by extension 'colcon_pkg'
[0.465s] Level 1:colcon.colcon_core.package_identification:_identify(src/ThirdParty/ros2_controllers/velocity_controllers) by extensions ['colcon_meta']
[0.465s] Level 1:colcon.colcon_core.package_identification:_identify(src/ThirdParty/ros2_controllers/velocity_controllers) by extension 'colcon_meta'
[0.466s] Level 1:colcon.colcon_core.package_identification:_identify(src/ThirdParty/ros2_controllers/velocity_controllers) by extensions ['ros']
[0.466s] Level 1:colcon.colcon_core.package_identification:_identify(src/ThirdParty/ros2_controllers/velocity_controllers) by extension 'ros'
[0.467s] DEBUG:colcon.colcon_core.package_identification:Package 'src/ThirdParty/ros2_controllers/velocity_controllers' with type 'ros.ament_cmake' and name 'velocity_controllers'
[0.467s] Level 1:colcon.colcon_core.package_identification:_identify(src/ThirdParty/tiago_description_calibration) by extensions ['ignore', 'ignore_ament_install']
[0.467s] Level 1:colcon.colcon_core.package_identification:_identify(src/ThirdParty/tiago_description_calibration) by extension 'ignore'
[0.468s] Level 1:colcon.colcon_core.package_identification:_identify(src/ThirdParty/tiago_description_calibration) by extension 'ignore_ament_install'
[0.468s] Level 1:colcon.colcon_core.package_identification:_identify(src/ThirdParty/tiago_description_calibration) by extensions ['colcon_pkg']
[0.468s] Level 1:colcon.colcon_core.package_identification:_identify(src/ThirdParty/tiago_description_calibration) by extension 'colcon_pkg'
[0.468s] Level 1:colcon.colcon_core.package_identification:_identify(src/ThirdParty/tiago_description_calibration) by extensions ['colcon_meta']
[0.468s] Level 1:colcon.colcon_core.package_identification:_identify(src/ThirdParty/tiago_description_calibration) by extension 'colcon_meta'
[0.468s] Level 1:colcon.colcon_core.package_identification:_identify(src/ThirdParty/tiago_description_calibration) by extensions ['ros']
[0.468s] Level 1:colcon.colcon_core.package_identification:_identify(src/ThirdParty/tiago_description_calibration) by extension 'ros'
[0.468s] DEBUG:colcon.colcon_core.package_identification:Package 'src/ThirdParty/tiago_description_calibration' with type 'ros.ament_cmake' and name 'tiago_description_calibration'
[0.469s] Level 1:colcon.colcon_core.package_identification:_identify(src/ThirdParty/tiago_robot) by extensions ['ignore', 'ignore_ament_install']
[0.469s] Level 1:colcon.colcon_core.package_identification:_identify(src/ThirdParty/tiago_robot) by extension 'ignore'
[0.469s] Level 1:colcon.colcon_core.package_identification:_identify(src/ThirdParty/tiago_robot) by extension 'ignore_ament_install'
[0.469s] Level 1:colcon.colcon_core.package_identification:_identify(src/ThirdParty/tiago_robot) by extensions ['colcon_pkg']
[0.469s] Level 1:colcon.colcon_core.package_identification:_identify(src/ThirdParty/tiago_robot) by extension 'colcon_pkg'
[0.469s] Level 1:colcon.colcon_core.package_identification:_identify(src/ThirdParty/tiago_robot) by extensions ['colcon_meta']
[0.469s] Level 1:colcon.colcon_core.package_identification:_identify(src/ThirdParty/tiago_robot) by extension 'colcon_meta'
[0.469s] Level 1:colcon.colcon_core.package_identification:_identify(src/ThirdParty/tiago_robot) by extensions ['ros']
[0.469s] Level 1:colcon.colcon_core.package_identification:_identify(src/ThirdParty/tiago_robot) by extension 'ros'
[0.469s] Level 1:colcon.colcon_core.package_identification:_identify(src/ThirdParty/tiago_robot) by extensions ['cmake', 'python']
[0.469s] Level 1:colcon.colcon_core.package_identification:_identify(src/ThirdParty/tiago_robot) by extension 'cmake'
[0.469s] Level 1:colcon.colcon_core.package_identification:_identify(src/ThirdParty/tiago_robot) by extension 'python'
[0.469s] Level 1:colcon.colcon_core.package_identification:_identify(src/ThirdParty/tiago_robot) by extensions ['python_setup_py']
[0.469s] Level 1:colcon.colcon_core.package_identification:_identify(src/ThirdParty/tiago_robot) by extension 'python_setup_py'
[0.470s] Level 1:colcon.colcon_core.package_identification:_identify(src/ThirdParty/tiago_robot/tiago_bringup) by extensions ['ignore', 'ignore_ament_install']
[0.470s] Level 1:colcon.colcon_core.package_identification:_identify(src/ThirdParty/tiago_robot/tiago_bringup) by extension 'ignore'
[0.470s] Level 1:colcon.colcon_core.package_identification:_identify(src/ThirdParty/tiago_robot/tiago_bringup) by extension 'ignore_ament_install'
[0.470s] Level 1:colcon.colcon_core.package_identification:_identify(src/ThirdParty/tiago_robot/tiago_bringup) by extensions ['colcon_pkg']
[0.470s] Level 1:colcon.colcon_core.package_identification:_identify(src/ThirdParty/tiago_robot/tiago_bringup) by extension 'colcon_pkg'
[0.470s] Level 1:colcon.colcon_core.package_identification:_identify(src/ThirdParty/tiago_robot/tiago_bringup) by extensions ['colcon_meta']
[0.470s] Level 1:colcon.colcon_core.package_identification:_identify(src/ThirdParty/tiago_robot/tiago_bringup) by extension 'colcon_meta'
[0.470s] Level 1:colcon.colcon_core.package_identification:_identify(src/ThirdParty/tiago_robot/tiago_bringup) by extensions ['ros']
[0.470s] Level 1:colcon.colcon_core.package_identification:_identify(src/ThirdParty/tiago_robot/tiago_bringup) by extension 'ros'
[0.471s] DEBUG:colcon.colcon_core.package_identification:Package 'src/ThirdParty/tiago_robot/tiago_bringup' with type 'ros.ament_cmake' and name 'tiago_bringup'
[0.471s] Level 1:colcon.colcon_core.package_identification:_identify(src/ThirdParty/tiago_robot/tiago_controller_configuration) by extensions ['ignore', 'ignore_ament_install']
[0.471s] Level 1:colcon.colcon_core.package_identification:_identify(src/ThirdParty/tiago_robot/tiago_controller_configuration) by extension 'ignore'
[0.472s] Level 1:colcon.colcon_core.package_identification:_identify(src/ThirdParty/tiago_robot/tiago_controller_configuration) by extension 'ignore_ament_install'
[0.472s] Level 1:colcon.colcon_core.package_identification:_identify(src/ThirdParty/tiago_robot/tiago_controller_configuration) by extensions ['colcon_pkg']
[0.472s] Level 1:colcon.colcon_core.package_identification:_identify(src/ThirdParty/tiago_robot/tiago_controller_configuration) by extension 'colcon_pkg'
[0.472s] Level 1:colcon.colcon_core.package_identification:_identify(src/ThirdParty/tiago_robot/tiago_controller_configuration) by extensions ['colcon_meta']
[0.472s] Level 1:colcon.colcon_core.package_identification:_identify(src/ThirdParty/tiago_robot/tiago_controller_configuration) by extension 'colcon_meta'
[0.472s] Level 1:colcon.colcon_core.package_identification:_identify(src/ThirdParty/tiago_robot/tiago_controller_configuration) by extensions ['ros']
[0.472s] Level 1:colcon.colcon_core.package_identification:_identify(src/ThirdParty/tiago_robot/tiago_controller_configuration) by extension 'ros'
[0.472s] DEBUG:colcon.colcon_core.package_identification:Package 'src/ThirdParty/tiago_robot/tiago_controller_configuration' with type 'ros.ament_cmake' and name 'tiago_controller_configuration'
[0.473s] Level 1:colcon.colcon_core.package_identification:_identify(src/ThirdParty/tiago_robot/tiago_description) by extensions ['ignore', 'ignore_ament_install']
[0.473s] Level 1:colcon.colcon_core.package_identification:_identify(src/ThirdParty/tiago_robot/tiago_description) by extension 'ignore'
[0.473s] Level 1:colcon.colcon_core.package_identification:_identify(src/ThirdParty/tiago_robot/tiago_description) by extension 'ignore_ament_install'
[0.473s] Level 1:colcon.colcon_core.package_identification:_identify(src/ThirdParty/tiago_robot/tiago_description) by extensions ['colcon_pkg']
[0.473s] Level 1:colcon.colcon_core.package_identification:_identify(src/ThirdParty/tiago_robot/tiago_description) by extension 'colcon_pkg'
[0.473s] Level 1:colcon.colcon_core.package_identification:_identify(src/ThirdParty/tiago_robot/tiago_description) by extensions ['colcon_meta']
[0.473s] Level 1:colcon.colcon_core.package_identification:_identify(src/ThirdParty/tiago_robot/tiago_description) by extension 'colcon_meta'
[0.473s] Level 1:colcon.colcon_core.package_identification:_identify(src/ThirdParty/tiago_robot/tiago_description) by extensions ['ros']
[0.473s] Level 1:colcon.colcon_core.package_identification:_identify(src/ThirdParty/tiago_robot/tiago_description) by extension 'ros'
[0.474s] DEBUG:colcon.colcon_core.package_identification:Package 'src/ThirdParty/tiago_robot/tiago_description' with type 'ros.ament_cmake' and name 'tiago_description'
[0.474s] Level 1:colcon.colcon_core.package_identification:_identify(src/ThirdParty/tiago_robot/tiago_robot) by extensions ['ignore', 'ignore_ament_install']
[0.475s] Level 1:colcon.colcon_core.package_identification:_identify(src/ThirdParty/tiago_robot/tiago_robot) by extension 'ignore'
[0.475s] Level 1:colcon.colcon_core.package_identification:_identify(src/ThirdParty/tiago_robot/tiago_robot) by extension 'ignore_ament_install'
[0.475s] Level 1:colcon.colcon_core.package_identification:_identify(src/ThirdParty/tiago_robot/tiago_robot) by extensions ['colcon_pkg']
[0.475s] Level 1:colcon.colcon_core.package_identification:_identify(src/ThirdParty/tiago_robot/tiago_robot) by extension 'colcon_pkg'
[0.475s] Level 1:colcon.colcon_core.package_identification:_identify(src/ThirdParty/tiago_robot/tiago_robot) by extensions ['colcon_meta']
[0.475s] Level 1:colcon.colcon_core.package_identification:_identify(src/ThirdParty/tiago_robot/tiago_robot) by extension 'colcon_meta'
[0.475s] Level 1:colcon.colcon_core.package_identification:_identify(src/ThirdParty/tiago_robot/tiago_robot) by extensions ['ros']
[0.475s] Level 1:colcon.colcon_core.package_identification:_identify(src/ThirdParty/tiago_robot/tiago_robot) by extension 'ros'
[0.476s] DEBUG:colcon.colcon_core.package_identification:Package 'src/ThirdParty/tiago_robot/tiago_robot' with type 'ros.ament_cmake' and name 'tiago_robot'
[0.476s] Level 1:colcon.colcon_core.package_identification:_identify(src/ThirdParty/tiago_simulation) by extensions ['ignore', 'ignore_ament_install']
[0.476s] Level 1:colcon.colcon_core.package_identification:_identify(src/ThirdParty/tiago_simulation) by extension 'ignore'
[0.476s] Level 1:colcon.colcon_core.package_identification:_identify(src/ThirdParty/tiago_simulation) by extension 'ignore_ament_install'
[0.476s] Level 1:colcon.colcon_core.package_identification:_identify(src/ThirdParty/tiago_simulation) by extensions ['colcon_pkg']
[0.476s] Level 1:colcon.colcon_core.package_identification:_identify(src/ThirdParty/tiago_simulation) by extension 'colcon_pkg'
[0.477s] Level 1:colcon.colcon_core.package_identification:_identify(src/ThirdParty/tiago_simulation) by extensions ['colcon_meta']
[0.477s] Level 1:colcon.colcon_core.package_identification:_identify(src/ThirdParty/tiago_simulation) by extension 'colcon_meta'
[0.477s] Level 1:colcon.colcon_core.package_identification:_identify(src/ThirdParty/tiago_simulation) by extensions ['ros']
[0.477s] Level 1:colcon.colcon_core.package_identification:_identify(src/ThirdParty/tiago_simulation) by extension 'ros'
[0.477s] Level 1:colcon.colcon_core.package_identification:_identify(src/ThirdParty/tiago_simulation) by extensions ['cmake', 'python']
[0.477s] Level 1:colcon.colcon_core.package_identification:_identify(src/ThirdParty/tiago_simulation) by extension 'cmake'
[0.477s] Level 1:colcon.colcon_core.package_identification:_identify(src/ThirdParty/tiago_simulation) by extension 'python'
[0.477s] Level 1:colcon.colcon_core.package_identification:_identify(src/ThirdParty/tiago_simulation) by extensions ['python_setup_py']
[0.477s] Level 1:colcon.colcon_core.package_identification:_identify(src/ThirdParty/tiago_simulation) by extension 'python_setup_py'
[0.477s] Level 1:colcon.colcon_core.package_identification:_identify(src/ThirdParty/tiago_simulation/tiago_2dnav_gazebo) by extensions ['ignore', 'ignore_ament_install']
[0.477s] Level 1:colcon.colcon_core.package_identification:_identify(src/ThirdParty/tiago_simulation/tiago_2dnav_gazebo) by extension 'ignore'
[0.478s] Level 1:colcon.colcon_core.package_identification:_identify(src/ThirdParty/tiago_simulation/tiago_2dnav_gazebo) by extension 'ignore_ament_install'
[0.478s] Level 1:colcon.colcon_core.package_identification:_identify(src/ThirdParty/tiago_simulation/tiago_2dnav_gazebo) by extensions ['colcon_pkg']
[0.478s] Level 1:colcon.colcon_core.package_identification:_identify(src/ThirdParty/tiago_simulation/tiago_2dnav_gazebo) by extension 'colcon_pkg'
[0.478s] Level 1:colcon.colcon_core.package_identification:_identify(src/ThirdParty/tiago_simulation/tiago_2dnav_gazebo) by extensions ['colcon_meta']
[0.478s] Level 1:colcon.colcon_core.package_identification:_identify(src/ThirdParty/tiago_simulation/tiago_2dnav_gazebo) by extension 'colcon_meta'
[0.478s] Level 1:colcon.colcon_core.package_identification:_identify(src/ThirdParty/tiago_simulation/tiago_2dnav_gazebo) by extensions ['ros']
[0.478s] Level 1:colcon.colcon_core.package_identification:_identify(src/ThirdParty/tiago_simulation/tiago_2dnav_gazebo) by extension 'ros'
[0.478s] DEBUG:colcon.colcon_core.package_identification:Package 'src/ThirdParty/tiago_simulation/tiago_2dnav_gazebo' with type 'ros.ament_cmake' and name 'tiago_2dnav_gazebo'
[0.479s] Level 1:colcon.colcon_core.package_identification:_identify(src/ThirdParty/tiago_simulation/tiago_controller_configuration_gazebo) by extensions ['ignore', 'ignore_ament_install']
[0.479s] Level 1:colcon.colcon_core.package_identification:_identify(src/ThirdParty/tiago_simulation/tiago_controller_configuration_gazebo) by extension 'ignore'
[0.479s] Level 1:colcon.colcon_core.package_identification:_identify(src/ThirdParty/tiago_simulation/tiago_controller_configuration_gazebo) ignored
[0.479s] Level 1:colcon.colcon_core.package_identification:_identify(src/ThirdParty/tiago_simulation/tiago_gazebo) by extensions ['ignore', 'ignore_ament_install']
[0.479s] Level 1:colcon.colcon_core.package_identification:_identify(src/ThirdParty/tiago_simulation/tiago_gazebo) by extension 'ignore'
[0.479s] Level 1:colcon.colcon_core.package_identification:_identify(src/ThirdParty/tiago_simulation/tiago_gazebo) by extension 'ignore_ament_install'
[0.479s] Level 1:colcon.colcon_core.package_identification:_identify(src/ThirdParty/tiago_simulation/tiago_gazebo) by extensions ['colcon_pkg']
[0.480s] Level 1:colcon.colcon_core.package_identification:_identify(src/ThirdParty/tiago_simulation/tiago_gazebo) by extension 'colcon_pkg'
[0.480s] Level 1:colcon.colcon_core.package_identification:_identify(src/ThirdParty/tiago_simulation/tiago_gazebo) by extensions ['colcon_meta']
[0.480s] Level 1:colcon.colcon_core.package_identification:_identify(src/ThirdParty/tiago_simulation/tiago_gazebo) by extension 'colcon_meta'
[0.480s] Level 1:colcon.colcon_core.package_identification:_identify(src/ThirdParty/tiago_simulation/tiago_gazebo) by extensions ['ros']
[0.480s] Level 1:colcon.colcon_core.package_identification:_identify(src/ThirdParty/tiago_simulation/tiago_gazebo) by extension 'ros'
[0.480s] DEBUG:colcon.colcon_core.package_identification:Package 'src/ThirdParty/tiago_simulation/tiago_gazebo' with type 'ros.ament_cmake' and name 'tiago_gazebo'
[0.481s] Level 1:colcon.colcon_core.package_identification:_identify(src/ThirdParty/tiago_simulation/tiago_multi) by extensions ['ignore', 'ignore_ament_install']
[0.481s] Level 1:colcon.colcon_core.package_identification:_identify(src/ThirdParty/tiago_simulation/tiago_multi) by extension 'ignore'
[0.481s] Level 1:colcon.colcon_core.package_identification:_identify(src/ThirdParty/tiago_simulation/tiago_multi) ignored
[0.481s] Level 1:colcon.colcon_core.package_identification:_identify(src/ThirdParty/tiago_simulation/tiago_simulation) by extensions ['ignore', 'ignore_ament_install']
[0.481s] Level 1:colcon.colcon_core.package_identification:_identify(src/ThirdParty/tiago_simulation/tiago_simulation) by extension 'ignore'
[0.481s] Level 1:colcon.colcon_core.package_identification:_identify(src/ThirdParty/tiago_simulation/tiago_simulation) by extension 'ignore_ament_install'
[0.481s] Level 1:colcon.colcon_core.package_identification:_identify(src/ThirdParty/tiago_simulation/tiago_simulation) by extensions ['colcon_pkg']
[0.481s] Level 1:colcon.colcon_core.package_identification:_identify(src/ThirdParty/tiago_simulation/tiago_simulation) by extension 'colcon_pkg'
[0.481s] Level 1:colcon.colcon_core.package_identification:_identify(src/ThirdParty/tiago_simulation/tiago_simulation) by extensions ['colcon_meta']
[0.481s] Level 1:colcon.colcon_core.package_identification:_identify(src/ThirdParty/tiago_simulation/tiago_simulation) by extension 'colcon_meta'
[0.481s] Level 1:colcon.colcon_core.package_identification:_identify(src/ThirdParty/tiago_simulation/tiago_simulation) by extensions ['ros']
[0.481s] Level 1:colcon.colcon_core.package_identification:_identify(src/ThirdParty/tiago_simulation/tiago_simulation) by extension 'ros'
[0.482s] DEBUG:colcon.colcon_core.package_identification:Package 'src/ThirdParty/tiago_simulation/tiago_simulation' with type 'ros.ament_cmake' and name 'tiago_simulation'
[0.482s] Level 1:colcon.colcon_core.package_identification:_identify(src/ThirdParty/twist_mux) by extensions ['ignore', 'ignore_ament_install']
[0.483s] Level 1:colcon.colcon_core.package_identification:_identify(src/ThirdParty/twist_mux) by extension 'ignore'
[0.483s] Level 1:colcon.colcon_core.package_identification:_identify(src/ThirdParty/twist_mux) by extension 'ignore_ament_install'
[0.483s] Level 1:colcon.colcon_core.package_identification:_identify(src/ThirdParty/twist_mux) by extensions ['colcon_pkg']
[0.483s] Level 1:colcon.colcon_core.package_identification:_identify(src/ThirdParty/twist_mux) by extension 'colcon_pkg'
[0.483s] Level 1:colcon.colcon_core.package_identification:_identify(src/ThirdParty/twist_mux) by extensions ['colcon_meta']
[0.483s] Level 1:colcon.colcon_core.package_identification:_identify(src/ThirdParty/twist_mux) by extension 'colcon_meta'
[0.483s] Level 1:colcon.colcon_core.package_identification:_identify(src/ThirdParty/twist_mux) by extensions ['ros']
[0.483s] Level 1:colcon.colcon_core.package_identification:_identify(src/ThirdParty/twist_mux) by extension 'ros'
[0.484s] DEBUG:colcon.colcon_core.package_identification:Package 'src/ThirdParty/twist_mux' with type 'ros.ament_cmake' and name 'twist_mux'
[0.484s] Level 1:colcon.colcon_core.package_identification:_identify(src/ThirdParty/urdf_test) by extensions ['ignore', 'ignore_ament_install']
[0.484s] Level 1:colcon.colcon_core.package_identification:_identify(src/ThirdParty/urdf_test) by extension 'ignore'
[0.485s] Level 1:colcon.colcon_core.package_identification:_identify(src/ThirdParty/urdf_test) by extension 'ignore_ament_install'
[0.485s] Level 1:colcon.colcon_core.package_identification:_identify(src/ThirdParty/urdf_test) by extensions ['colcon_pkg']
[0.485s] Level 1:colcon.colcon_core.package_identification:_identify(src/ThirdParty/urdf_test) by extension 'colcon_pkg'
[0.485s] Level 1:colcon.colcon_core.package_identification:_identify(src/ThirdParty/urdf_test) by extensions ['colcon_meta']
[0.485s] Level 1:colcon.colcon_core.package_identification:_identify(src/ThirdParty/urdf_test) by extension 'colcon_meta'
[0.485s] Level 1:colcon.colcon_core.package_identification:_identify(src/ThirdParty/urdf_test) by extensions ['ros']
[0.485s] Level 1:colcon.colcon_core.package_identification:_identify(src/ThirdParty/urdf_test) by extension 'ros'
[0.486s] DEBUG:colcon.colcon_core.package_identification:Package 'src/ThirdParty/urdf_test' with type 'ros.ament_cmake' and name 'urdf_test'
[0.486s] Level 1:colcon.colcon_core.package_identification:_identify(src/book_ros2) by extensions ['ignore', 'ignore_ament_install']
[0.486s] Level 1:colcon.colcon_core.package_identification:_identify(src/book_ros2) by extension 'ignore'
[0.486s] Level 1:colcon.colcon_core.package_identification:_identify(src/book_ros2) by extension 'ignore_ament_install'
[0.486s] Level 1:colcon.colcon_core.package_identification:_identify(src/book_ros2) by extensions ['colcon_pkg']
[0.486s] Level 1:colcon.colcon_core.package_identification:_identify(src/book_ros2) by extension 'colcon_pkg'
[0.486s] Level 1:colcon.colcon_core.package_identification:_identify(src/book_ros2) by extensions ['colcon_meta']
[0.486s] Level 1:colcon.colcon_core.package_identification:_identify(src/book_ros2) by extension 'colcon_meta'
[0.486s] Level 1:colcon.colcon_core.package_identification:_identify(src/book_ros2) by extensions ['ros']
[0.486s] Level 1:colcon.colcon_core.package_identification:_identify(src/book_ros2) by extension 'ros'
[0.486s] Level 1:colcon.colcon_core.package_identification:_identify(src/book_ros2) by extensions ['cmake', 'python']
[0.486s] Level 1:colcon.colcon_core.package_identification:_identify(src/book_ros2) by extension 'cmake'
[0.486s] Level 1:colcon.colcon_core.package_identification:_identify(src/book_ros2) by extension 'python'
[0.486s] Level 1:colcon.colcon_core.package_identification:_identify(src/book_ros2) by extensions ['python_setup_py']
[0.486s] Level 1:colcon.colcon_core.package_identification:_identify(src/book_ros2) by extension 'python_setup_py'
[0.487s] Level 1:colcon.colcon_core.package_identification:_identify(src/book_ros2/br2_basics) by extensions ['ignore', 'ignore_ament_install']
[0.487s] Level 1:colcon.colcon_core.package_identification:_identify(src/book_ros2/br2_basics) by extension 'ignore'
[0.487s] Level 1:colcon.colcon_core.package_identification:_identify(src/book_ros2/br2_basics) by extension 'ignore_ament_install'
[0.487s] Level 1:colcon.colcon_core.package_identification:_identify(src/book_ros2/br2_basics) by extensions ['colcon_pkg']
[0.487s] Level 1:colcon.colcon_core.package_identification:_identify(src/book_ros2/br2_basics) by extension 'colcon_pkg'
[0.487s] Level 1:colcon.colcon_core.package_identification:_identify(src/book_ros2/br2_basics) by extensions ['colcon_meta']
[0.487s] Level 1:colcon.colcon_core.package_identification:_identify(src/book_ros2/br2_basics) by extension 'colcon_meta'
[0.487s] Level 1:colcon.colcon_core.package_identification:_identify(src/book_ros2/br2_basics) by extensions ['ros']
[0.487s] Level 1:colcon.colcon_core.package_identification:_identify(src/book_ros2/br2_basics) by extension 'ros'
[0.488s] DEBUG:colcon.colcon_core.package_identification:Package 'src/book_ros2/br2_basics' with type 'ros.ament_cmake' and name 'br2_basics'
[0.488s] Level 1:colcon.colcon_core.package_identification:_identify(src/book_ros2/br2_bt_bumpgo) by extensions ['ignore', 'ignore_ament_install']
[0.488s] Level 1:colcon.colcon_core.package_identification:_identify(src/book_ros2/br2_bt_bumpgo) by extension 'ignore'
[0.488s] Level 1:colcon.colcon_core.package_identification:_identify(src/book_ros2/br2_bt_bumpgo) by extension 'ignore_ament_install'
[0.488s] Level 1:colcon.colcon_core.package_identification:_identify(src/book_ros2/br2_bt_bumpgo) by extensions ['colcon_pkg']
[0.488s] Level 1:colcon.colcon_core.package_identification:_identify(src/book_ros2/br2_bt_bumpgo) by extension 'colcon_pkg'
[0.488s] Level 1:colcon.colcon_core.package_identification:_identify(src/book_ros2/br2_bt_bumpgo) by extensions ['colcon_meta']
[0.489s] Level 1:colcon.colcon_core.package_identification:_identify(src/book_ros2/br2_bt_bumpgo) by extension 'colcon_meta'
[0.489s] Level 1:colcon.colcon_core.package_identification:_identify(src/book_ros2/br2_bt_bumpgo) by extensions ['ros']
[0.489s] Level 1:colcon.colcon_core.package_identification:_identify(src/book_ros2/br2_bt_bumpgo) by extension 'ros'
[0.490s] DEBUG:colcon.colcon_core.package_identification:Package 'src/book_ros2/br2_bt_bumpgo' with type 'ros.ament_cmake' and name 'br2_bt_bumpgo'
[0.490s] Level 1:colcon.colcon_core.package_identification:_identify(src/book_ros2/br2_bt_patrolling) by extensions ['ignore', 'ignore_ament_install']
[0.490s] Level 1:colcon.colcon_core.package_identification:_identify(src/book_ros2/br2_bt_patrolling) by extension 'ignore'
[0.490s] Level 1:colcon.colcon_core.package_identification:_identify(src/book_ros2/br2_bt_patrolling) by extension 'ignore_ament_install'
[0.490s] Level 1:colcon.colcon_core.package_identification:_identify(src/book_ros2/br2_bt_patrolling) by extensions ['colcon_pkg']
[0.490s] Level 1:colcon.colcon_core.package_identification:_identify(src/book_ros2/br2_bt_patrolling) by extension 'colcon_pkg'
[0.490s] Level 1:colcon.colcon_core.package_identification:_identify(src/book_ros2/br2_bt_patrolling) by extensions ['colcon_meta']
[0.490s] Level 1:colcon.colcon_core.package_identification:_identify(src/book_ros2/br2_bt_patrolling) by extension 'colcon_meta'
[0.490s] Level 1:colcon.colcon_core.package_identification:_identify(src/book_ros2/br2_bt_patrolling) by extensions ['ros']
[0.490s] Level 1:colcon.colcon_core.package_identification:_identify(src/book_ros2/br2_bt_patrolling) by extension 'ros'
[0.491s] DEBUG:colcon.colcon_core.package_identification:Package 'src/book_ros2/br2_bt_patrolling' with type 'ros.ament_cmake' and name 'br2_bt_patrolling'
[0.492s] Level 1:colcon.colcon_core.package_identification:_identify(src/book_ros2/br2_fsm_bumpgo_cpp) by extensions ['ignore', 'ignore_ament_install']
[0.492s] Level 1:colcon.colcon_core.package_identification:_identify(src/book_ros2/br2_fsm_bumpgo_cpp) by extension 'ignore'
[0.492s] Level 1:colcon.colcon_core.package_identification:_identify(src/book_ros2/br2_fsm_bumpgo_cpp) by extension 'ignore_ament_install'
[0.492s] Level 1:colcon.colcon_core.package_identification:_identify(src/book_ros2/br2_fsm_bumpgo_cpp) by extensions ['colcon_pkg']
[0.492s] Level 1:colcon.colcon_core.package_identification:_identify(src/book_ros2/br2_fsm_bumpgo_cpp) by extension 'colcon_pkg'
[0.492s] Level 1:colcon.colcon_core.package_identification:_identify(src/book_ros2/br2_fsm_bumpgo_cpp) by extensions ['colcon_meta']
[0.492s] Level 1:colcon.colcon_core.package_identification:_identify(src/book_ros2/br2_fsm_bumpgo_cpp) by extension 'colcon_meta'
[0.492s] Level 1:colcon.colcon_core.package_identification:_identify(src/book_ros2/br2_fsm_bumpgo_cpp) by extensions ['ros']
[0.492s] Level 1:colcon.colcon_core.package_identification:_identify(src/book_ros2/br2_fsm_bumpgo_cpp) by extension 'ros'
[0.493s] DEBUG:colcon.colcon_core.package_identification:Package 'src/book_ros2/br2_fsm_bumpgo_cpp' with type 'ros.ament_cmake' and name 'br2_fsm_bumpgo_cpp'
[0.493s] Level 1:colcon.colcon_core.package_identification:_identify(src/book_ros2/br2_fsm_bumpgo_py) by extensions ['ignore', 'ignore_ament_install']
[0.493s] Level 1:colcon.colcon_core.package_identification:_identify(src/book_ros2/br2_fsm_bumpgo_py) by extension 'ignore'
[0.493s] Level 1:colcon.colcon_core.package_identification:_identify(src/book_ros2/br2_fsm_bumpgo_py) by extension 'ignore_ament_install'
[0.493s] Level 1:colcon.colcon_core.package_identification:_identify(src/book_ros2/br2_fsm_bumpgo_py) by extensions ['colcon_pkg']
[0.493s] Level 1:colcon.colcon_core.package_identification:_identify(src/book_ros2/br2_fsm_bumpgo_py) by extension 'colcon_pkg'
[0.493s] Level 1:colcon.colcon_core.package_identification:_identify(src/book_ros2/br2_fsm_bumpgo_py) by extensions ['colcon_meta']
[0.493s] Level 1:colcon.colcon_core.package_identification:_identify(src/book_ros2/br2_fsm_bumpgo_py) by extension 'colcon_meta'
[0.493s] Level 1:colcon.colcon_core.package_identification:_identify(src/book_ros2/br2_fsm_bumpgo_py) by extensions ['ros']
[0.493s] Level 1:colcon.colcon_core.package_identification:_identify(src/book_ros2/br2_fsm_bumpgo_py) by extension 'ros'
[0.494s] DEBUG:colcon.colcon_core.package_identification:Package 'src/book_ros2/br2_fsm_bumpgo_py' with type 'ros.ament_python' and name 'br2_fsm_bumpgo_py'
[0.494s] Level 1:colcon.colcon_core.package_identification:_identify(src/book_ros2/br2_navigation) by extensions ['ignore', 'ignore_ament_install']
[0.494s] Level 1:colcon.colcon_core.package_identification:_identify(src/book_ros2/br2_navigation) by extension 'ignore'
[0.494s] Level 1:colcon.colcon_core.package_identification:_identify(src/book_ros2/br2_navigation) by extension 'ignore_ament_install'
[0.495s] Level 1:colcon.colcon_core.package_identification:_identify(src/book_ros2/br2_navigation) by extensions ['colcon_pkg']
[0.495s] Level 1:colcon.colcon_core.package_identification:_identify(src/book_ros2/br2_navigation) by extension 'colcon_pkg'
[0.495s] Level 1:colcon.colcon_core.package_identification:_identify(src/book_ros2/br2_navigation) by extensions ['colcon_meta']
[0.495s] Level 1:colcon.colcon_core.package_identification:_identify(src/book_ros2/br2_navigation) by extension 'colcon_meta'
[0.495s] Level 1:colcon.colcon_core.package_identification:_identify(src/book_ros2/br2_navigation) by extensions ['ros']
[0.495s] Level 1:colcon.colcon_core.package_identification:_identify(src/book_ros2/br2_navigation) by extension 'ros'
[0.495s] DEBUG:colcon.colcon_core.package_identification:Package 'src/book_ros2/br2_navigation' with type 'ros.ament_cmake' and name 'br2_navigation'
[0.496s] Level 1:colcon.colcon_core.package_identification:_identify(src/book_ros2/br2_tf2_detector) by extensions ['ignore', 'ignore_ament_install']
[0.496s] Level 1:colcon.colcon_core.package_identification:_identify(src/book_ros2/br2_tf2_detector) by extension 'ignore'
[0.496s] Level 1:colcon.colcon_core.package_identification:_identify(src/book_ros2/br2_tf2_detector) by extension 'ignore_ament_install'
[0.496s] Level 1:colcon.colcon_core.package_identification:_identify(src/book_ros2/br2_tf2_detector) by extensions ['colcon_pkg']
[0.496s] Level 1:colcon.colcon_core.package_identification:_identify(src/book_ros2/br2_tf2_detector) by extension 'colcon_pkg'
[0.496s] Level 1:colcon.colcon_core.package_identification:_identify(src/book_ros2/br2_tf2_detector) by extensions ['colcon_meta']
[0.496s] Level 1:colcon.colcon_core.package_identification:_identify(src/book_ros2/br2_tf2_detector) by extension 'colcon_meta'
[0.496s] Level 1:colcon.colcon_core.package_identification:_identify(src/book_ros2/br2_tf2_detector) by extensions ['ros']
[0.496s] Level 1:colcon.colcon_core.package_identification:_identify(src/book_ros2/br2_tf2_detector) by extension 'ros'
[0.497s] DEBUG:colcon.colcon_core.package_identification:Package 'src/book_ros2/br2_tf2_detector' with type 'ros.ament_cmake' and name 'br2_tf2_detector'
[0.497s] Level 1:colcon.colcon_core.package_identification:_identify(src/book_ros2/br2_tiago) by extensions ['ignore', 'ignore_ament_install']
[0.497s] Level 1:colcon.colcon_core.package_identification:_identify(src/book_ros2/br2_tiago) by extension 'ignore'
[0.497s] Level 1:colcon.colcon_core.package_identification:_identify(src/book_ros2/br2_tiago) by extension 'ignore_ament_install'
[0.497s] Level 1:colcon.colcon_core.package_identification:_identify(src/book_ros2/br2_tiago) by extensions ['colcon_pkg']
[0.497s] Level 1:colcon.colcon_core.package_identification:_identify(src/book_ros2/br2_tiago) by extension 'colcon_pkg'
[0.497s] Level 1:colcon.colcon_core.package_identification:_identify(src/book_ros2/br2_tiago) by extensions ['colcon_meta']
[0.497s] Level 1:colcon.colcon_core.package_identification:_identify(src/book_ros2/br2_tiago) by extension 'colcon_meta'
[0.497s] Level 1:colcon.colcon_core.package_identification:_identify(src/book_ros2/br2_tiago) by extensions ['ros']
[0.497s] Level 1:colcon.colcon_core.package_identification:_identify(src/book_ros2/br2_tiago) by extension 'ros'
[0.498s] DEBUG:colcon.colcon_core.package_identification:Package 'src/book_ros2/br2_tiago' with type 'ros.ament_cmake' and name 'br2_tiago'
[0.498s] Level 1:colcon.colcon_core.package_identification:_identify(src/book_ros2/br2_tracking) by extensions ['ignore', 'ignore_ament_install']
[0.498s] Level 1:colcon.colcon_core.package_identification:_identify(src/book_ros2/br2_tracking) by extension 'ignore'
[0.498s] Level 1:colcon.colcon_core.package_identification:_identify(src/book_ros2/br2_tracking) by extension 'ignore_ament_install'
[0.498s] Level 1:colcon.colcon_core.package_identification:_identify(src/book_ros2/br2_tracking) by extensions ['colcon_pkg']
[0.498s] Level 1:colcon.colcon_core.package_identification:_identify(src/book_ros2/br2_tracking) by extension 'colcon_pkg'
[0.498s] Level 1:colcon.colcon_core.package_identification:_identify(src/book_ros2/br2_tracking) by extensions ['colcon_meta']
[0.498s] Level 1:colcon.colcon_core.package_identification:_identify(src/book_ros2/br2_tracking) by extension 'colcon_meta'
[0.499s] Level 1:colcon.colcon_core.package_identification:_identify(src/book_ros2/br2_tracking) by extensions ['ros']
[0.499s] Level 1:colcon.colcon_core.package_identification:_identify(src/book_ros2/br2_tracking) by extension 'ros'
[0.500s] DEBUG:colcon.colcon_core.package_identification:Package 'src/book_ros2/br2_tracking' with type 'ros.ament_cmake' and name 'br2_tracking'
[0.500s] Level 1:colcon.colcon_core.package_identification:_identify(src/book_ros2/br2_tracking_msgs) by extensions ['ignore', 'ignore_ament_install']
[0.500s] Level 1:colcon.colcon_core.package_identification:_identify(src/book_ros2/br2_tracking_msgs) by extension 'ignore'
[0.500s] Level 1:colcon.colcon_core.package_identification:_identify(src/book_ros2/br2_tracking_msgs) by extension 'ignore_ament_install'
[0.500s] Level 1:colcon.colcon_core.package_identification:_identify(src/book_ros2/br2_tracking_msgs) by extensions ['colcon_pkg']
[0.500s] Level 1:colcon.colcon_core.package_identification:_identify(src/book_ros2/br2_tracking_msgs) by extension 'colcon_pkg'
[0.500s] Level 1:colcon.colcon_core.package_identification:_identify(src/book_ros2/br2_tracking_msgs) by extensions ['colcon_meta']
[0.500s] Level 1:colcon.colcon_core.package_identification:_identify(src/book_ros2/br2_tracking_msgs) by extension 'colcon_meta'
[0.500s] Level 1:colcon.colcon_core.package_identification:_identify(src/book_ros2/br2_tracking_msgs) by extensions ['ros']
[0.500s] Level 1:colcon.colcon_core.package_identification:_identify(src/book_ros2/br2_tracking_msgs) by extension 'ros'
[0.501s] DEBUG:colcon.colcon_core.package_identification:Package 'src/book_ros2/br2_tracking_msgs' with type 'ros.ament_cmake' and name 'br2_tracking_msgs'
[0.501s] Level 1:colcon.colcon_core.package_identification:_identify(src/book_ros2/br2_vff_avoidance) by extensions ['ignore', 'ignore_ament_install']
[0.501s] Level 1:colcon.colcon_core.package_identification:_identify(src/book_ros2/br2_vff_avoidance) by extension 'ignore'
[0.501s] Level 1:colcon.colcon_core.package_identification:_identify(src/book_ros2/br2_vff_avoidance) by extension 'ignore_ament_install'
[0.501s] Level 1:colcon.colcon_core.package_identification:_identify(src/book_ros2/br2_vff_avoidance) by extensions ['colcon_pkg']
[0.501s] Level 1:colcon.colcon_core.package_identification:_identify(src/book_ros2/br2_vff_avoidance) by extension 'colcon_pkg'
[0.501s] Level 1:colcon.colcon_core.package_identification:_identify(src/book_ros2/br2_vff_avoidance) by extensions ['colcon_meta']
[0.501s] Level 1:colcon.colcon_core.package_identification:_identify(src/book_ros2/br2_vff_avoidance) by extension 'colcon_meta'
[0.501s] Level 1:colcon.colcon_core.package_identification:_identify(src/book_ros2/br2_vff_avoidance) by extensions ['ros']
[0.501s] Level 1:colcon.colcon_core.package_identification:_identify(src/book_ros2/br2_vff_avoidance) by extension 'ros'
[0.502s] DEBUG:colcon.colcon_core.package_identification:Package 'src/book_ros2/br2_vff_avoidance' with type 'ros.ament_cmake' and name 'br2_vff_avoidance'
[0.503s] Level 1:colcon.colcon_core.package_identification:_identify(src/task1) by extensions ['ignore', 'ignore_ament_install']
[0.503s] Level 1:colcon.colcon_core.package_identification:_identify(src/task1) by extension 'ignore'
[0.503s] Level 1:colcon.colcon_core.package_identification:_identify(src/task1) by extension 'ignore_ament_install'
[0.503s] Level 1:colcon.colcon_core.package_identification:_identify(src/task1) by extensions ['colcon_pkg']
[0.503s] Level 1:colcon.colcon_core.package_identification:_identify(src/task1) by extension 'colcon_pkg'
[0.503s] Level 1:colcon.colcon_core.package_identification:_identify(src/task1) by extensions ['colcon_meta']
[0.503s] Level 1:colcon.colcon_core.package_identification:_identify(src/task1) by extension 'colcon_meta'
[0.503s] Level 1:colcon.colcon_core.package_identification:_identify(src/task1) by extensions ['ros']
[0.503s] Level 1:colcon.colcon_core.package_identification:_identify(src/task1) by extension 'ros'
[0.504s] DEBUG:colcon.colcon_core.package_identification:Package 'src/task1' with type 'ros.ament_cmake' and name 'task1'
[0.504s] Level 1:colcon.colcon_core.package_discovery:discover_packages(recursive) using defaults
[0.504s] Level 1:colcon.colcon_core.package_discovery:discover_packages(ignore) discover
[0.504s] Level 1:colcon.colcon_core.package_discovery:discover_packages(ignore) using defaults
[0.504s] Level 1:colcon.colcon_core.package_discovery:discover_packages(path) discover
[0.504s] Level 1:colcon.colcon_core.package_discovery:discover_packages(path) using defaults
[0.549s] Level 1:colcon.colcon_core.package_discovery:discover_packages(prefix_path) check parameters
[0.549s] Level 1:colcon.colcon_core.package_discovery:discover_packages(prefix_path) discover
[0.552s] DEBUG:colcon.colcon_installed_package_information.package_discovery:Found 274 installed packages in /opt/ros/foxy
[0.553s] Level 1:colcon.colcon_core.package_discovery:discover_packages(prefix_path) using defaults
[0.619s] Level 5:colcon.colcon_core.verb:set package 'br2_basics' build argument 'cmake_args' from command line to 'None'
[0.619s] Level 5:colcon.colcon_core.verb:set package 'br2_basics' build argument 'cmake_target' from command line to 'None'
[0.619s] Level 5:colcon.colcon_core.verb:set package 'br2_basics' build argument 'cmake_target_skip_unavailable' from command line to 'False'
[0.619s] Level 5:colcon.colcon_core.verb:set package 'br2_basics' build argument 'cmake_clean_cache' from command line to 'False'
[0.619s] Level 5:colcon.colcon_core.verb:set package 'br2_basics' build argument 'cmake_clean_first' from command line to 'False'
[0.619s] Level 5:colcon.colcon_core.verb:set package 'br2_basics' build argument 'cmake_force_configure' from command line to 'False'
[0.619s] Level 5:colcon.colcon_core.verb:set package 'br2_basics' build argument 'ament_cmake_args' from command line to 'None'
[0.619s] Level 5:colcon.colcon_core.verb:set package 'br2_basics' build argument 'catkin_cmake_args' from command line to 'None'
[0.619s] Level 5:colcon.colcon_core.verb:set package 'br2_basics' build argument 'catkin_skip_building_tests' from command line to 'False'
[0.619s] DEBUG:colcon.colcon_core.verb:Building package 'br2_basics' with the following arguments: {'ament_cmake_args': None, 'build_base': '/home/khaledob/bookros2_ws/build/br2_basics', 'catkin_cmake_args': None, 'catkin_skip_building_tests': False, 'cmake_args': None, 'cmake_clean_cache': False, 'cmake_clean_first': False, 'cmake_force_configure': False, 'cmake_target': None, 'cmake_target_skip_unavailable': False, 'install_base': '/home/khaledob/bookros2_ws/install/br2_basics', 'merge_install': False, 'path': '/home/khaledob/bookros2_ws/src/book_ros2/br2_basics', 'symlink_install': True, 'test_result_base': None}
[0.620s] Level 5:colcon.colcon_core.verb:set package 'br2_bt_bumpgo' build argument 'cmake_args' from command line to 'None'
[0.620s] Level 5:colcon.colcon_core.verb:set package 'br2_bt_bumpgo' build argument 'cmake_target' from command line to 'None'
[0.620s] Level 5:colcon.colcon_core.verb:set package 'br2_bt_bumpgo' build argument 'cmake_target_skip_unavailable' from command line to 'False'
[0.620s] Level 5:colcon.colcon_core.verb:set package 'br2_bt_bumpgo' build argument 'cmake_clean_cache' from command line to 'False'
[0.620s] Level 5:colcon.colcon_core.verb:set package 'br2_bt_bumpgo' build argument 'cmake_clean_first' from command line to 'False'
[0.620s] Level 5:colcon.colcon_core.verb:set package 'br2_bt_bumpgo' build argument 'cmake_force_configure' from command line to 'False'
[0.620s] Level 5:colcon.colcon_core.verb:set package 'br2_bt_bumpgo' build argument 'ament_cmake_args' from command line to 'None'
[0.620s] Level 5:colcon.colcon_core.verb:set package 'br2_bt_bumpgo' build argument 'catkin_cmake_args' from command line to 'None'
[0.620s] Level 5:colcon.colcon_core.verb:set package 'br2_bt_bumpgo' build argument 'catkin_skip_building_tests' from command line to 'False'
[0.620s] DEBUG:colcon.colcon_core.verb:Building package 'br2_bt_bumpgo' with the following arguments: {'ament_cmake_args': None, 'build_base': '/home/khaledob/bookros2_ws/build/br2_bt_bumpgo', 'catkin_cmake_args': None, 'catkin_skip_building_tests': False, 'cmake_args': None, 'cmake_clean_cache': False, 'cmake_clean_first': False, 'cmake_force_configure': False, 'cmake_target': None, 'cmake_target_skip_unavailable': False, 'install_base': '/home/khaledob/bookros2_ws/install/br2_bt_bumpgo', 'merge_install': False, 'path': '/home/khaledob/bookros2_ws/src/book_ros2/br2_bt_bumpgo', 'symlink_install': True, 'test_result_base': None}
[0.620s] Level 5:colcon.colcon_core.verb:set package 'br2_bt_patrolling' build argument 'cmake_args' from command line to 'None'
[0.621s] Level 5:colcon.colcon_core.verb:set package 'br2_bt_patrolling' build argument 'cmake_target' from command line to 'None'
[0.621s] Level 5:colcon.colcon_core.verb:set package 'br2_bt_patrolling' build argument 'cmake_target_skip_unavailable' from command line to 'False'
[0.621s] Level 5:colcon.colcon_core.verb:set package 'br2_bt_patrolling' build argument 'cmake_clean_cache' from command line to 'False'
[0.621s] Level 5:colcon.colcon_core.verb:set package 'br2_bt_patrolling' build argument 'cmake_clean_first' from command line to 'False'
[0.621s] Level 5:colcon.colcon_core.verb:set package 'br2_bt_patrolling' build argument 'cmake_force_configure' from command line to 'False'
[0.621s] Level 5:colcon.colcon_core.verb:set package 'br2_bt_patrolling' build argument 'ament_cmake_args' from command line to 'None'
[0.621s] Level 5:colcon.colcon_core.verb:set package 'br2_bt_patrolling' build argument 'catkin_cmake_args' from command line to 'None'
[0.621s] Level 5:colcon.colcon_core.verb:set package 'br2_bt_patrolling' build argument 'catkin_skip_building_tests' from command line to 'False'
[0.621s] DEBUG:colcon.colcon_core.verb:Building package 'br2_bt_patrolling' with the following arguments: {'ament_cmake_args': None, 'build_base': '/home/khaledob/bookros2_ws/build/br2_bt_patrolling', 'catkin_cmake_args': None, 'catkin_skip_building_tests': False, 'cmake_args': None, 'cmake_clean_cache': False, 'cmake_clean_first': False, 'cmake_force_configure': False, 'cmake_target': None, 'cmake_target_skip_unavailable': False, 'install_base': '/home/khaledob/bookros2_ws/install/br2_bt_patrolling', 'merge_install': False, 'path': '/home/khaledob/bookros2_ws/src/book_ros2/br2_bt_patrolling', 'symlink_install': True, 'test_result_base': None}
[0.622s] Level 5:colcon.colcon_core.verb:set package 'br2_fsm_bumpgo_cpp' build argument 'cmake_args' from command line to 'None'
[0.622s] Level 5:colcon.colcon_core.verb:set package 'br2_fsm_bumpgo_cpp' build argument 'cmake_target' from command line to 'None'
[0.622s] Level 5:colcon.colcon_core.verb:set package 'br2_fsm_bumpgo_cpp' build argument 'cmake_target_skip_unavailable' from command line to 'False'
[0.622s] Level 5:colcon.colcon_core.verb:set package 'br2_fsm_bumpgo_cpp' build argument 'cmake_clean_cache' from command line to 'False'
[0.622s] Level 5:colcon.colcon_core.verb:set package 'br2_fsm_bumpgo_cpp' build argument 'cmake_clean_first' from command line to 'False'
[0.622s] Level 5:colcon.colcon_core.verb:set package 'br2_fsm_bumpgo_cpp' build argument 'cmake_force_configure' from command line to 'False'
[0.622s] Level 5:colcon.colcon_core.verb:set package 'br2_fsm_bumpgo_cpp' build argument 'ament_cmake_args' from command line to 'None'
[0.622s] Level 5:colcon.colcon_core.verb:set package 'br2_fsm_bumpgo_cpp' build argument 'catkin_cmake_args' from command line to 'None'
[0.622s] Level 5:colcon.colcon_core.verb:set package 'br2_fsm_bumpgo_cpp' build argument 'catkin_skip_building_tests' from command line to 'False'
[0.622s] DEBUG:colcon.colcon_core.verb:Building package 'br2_fsm_bumpgo_cpp' with the following arguments: {'ament_cmake_args': None, 'build_base': '/home/khaledob/bookros2_ws/build/br2_fsm_bumpgo_cpp', 'catkin_cmake_args': None, 'catkin_skip_building_tests': False, 'cmake_args': None, 'cmake_clean_cache': False, 'cmake_clean_first': False, 'cmake_force_configure': False, 'cmake_target': None, 'cmake_target_skip_unavailable': False, 'install_base': '/home/khaledob/bookros2_ws/install/br2_fsm_bumpgo_cpp', 'merge_install': False, 'path': '/home/khaledob/bookros2_ws/src/book_ros2/br2_fsm_bumpgo_cpp', 'symlink_install': True, 'test_result_base': None}
[0.623s] Level 5:colcon.colcon_core.verb:set package 'br2_fsm_bumpgo_py' build argument 'cmake_args' from command line to 'None'
[0.623s] Level 5:colcon.colcon_core.verb:set package 'br2_fsm_bumpgo_py' build argument 'cmake_target' from command line to 'None'
[0.623s] Level 5:colcon.colcon_core.verb:set package 'br2_fsm_bumpgo_py' build argument 'cmake_target_skip_unavailable' from command line to 'False'
[0.623s] Level 5:colcon.colcon_core.verb:set package 'br2_fsm_bumpgo_py' build argument 'cmake_clean_cache' from command line to 'False'
[0.623s] Level 5:colcon.colcon_core.verb:set package 'br2_fsm_bumpgo_py' build argument 'cmake_clean_first' from command line to 'False'
[0.623s] Level 5:colcon.colcon_core.verb:set package 'br2_fsm_bumpgo_py' build argument 'cmake_force_configure' from command line to 'False'
[0.623s] Level 5:colcon.colcon_core.verb:set package 'br2_fsm_bumpgo_py' build argument 'ament_cmake_args' from command line to 'None'
[0.623s] Level 5:colcon.colcon_core.verb:set package 'br2_fsm_bumpgo_py' build argument 'catkin_cmake_args' from command line to 'None'
[0.623s] Level 5:colcon.colcon_core.verb:set package 'br2_fsm_bumpgo_py' build argument 'catkin_skip_building_tests' from command line to 'False'
[0.623s] DEBUG:colcon.colcon_core.verb:Building package 'br2_fsm_bumpgo_py' with the following arguments: {'ament_cmake_args': None, 'build_base': '/home/khaledob/bookros2_ws/build/br2_fsm_bumpgo_py', 'catkin_cmake_args': None, 'catkin_skip_building_tests': False, 'cmake_args': None, 'cmake_clean_cache': False, 'cmake_clean_first': False, 'cmake_force_configure': False, 'cmake_target': None, 'cmake_target_skip_unavailable': False, 'install_base': '/home/khaledob/bookros2_ws/install/br2_fsm_bumpgo_py', 'merge_install': False, 'path': '/home/khaledob/bookros2_ws/src/book_ros2/br2_fsm_bumpgo_py', 'symlink_install': True, 'test_result_base': None}
[0.623s] Level 5:colcon.colcon_core.verb:set package 'br2_navigation' build argument 'cmake_args' from command line to 'None'
[0.624s] Level 5:colcon.colcon_core.verb:set package 'br2_navigation' build argument 'cmake_target' from command line to 'None'
[0.624s] Level 5:colcon.colcon_core.verb:set package 'br2_navigation' build argument 'cmake_target_skip_unavailable' from command line to 'False'
[0.624s] Level 5:colcon.colcon_core.verb:set package 'br2_navigation' build argument 'cmake_clean_cache' from command line to 'False'
[0.624s] Level 5:colcon.colcon_core.verb:set package 'br2_navigation' build argument 'cmake_clean_first' from command line to 'False'
[0.624s] Level 5:colcon.colcon_core.verb:set package 'br2_navigation' build argument 'cmake_force_configure' from command line to 'False'
[0.624s] Level 5:colcon.colcon_core.verb:set package 'br2_navigation' build argument 'ament_cmake_args' from command line to 'None'
[0.624s] Level 5:colcon.colcon_core.verb:set package 'br2_navigation' build argument 'catkin_cmake_args' from command line to 'None'
[0.624s] Level 5:colcon.colcon_core.verb:set package 'br2_navigation' build argument 'catkin_skip_building_tests' from command line to 'False'
[0.624s] DEBUG:colcon.colcon_core.verb:Building package 'br2_navigation' with the following arguments: {'ament_cmake_args': None, 'build_base': '/home/khaledob/bookros2_ws/build/br2_navigation', 'catkin_cmake_args': None, 'catkin_skip_building_tests': False, 'cmake_args': None, 'cmake_clean_cache': False, 'cmake_clean_first': False, 'cmake_force_configure': False, 'cmake_target': None, 'cmake_target_skip_unavailable': False, 'install_base': '/home/khaledob/bookros2_ws/install/br2_navigation', 'merge_install': False, 'path': '/home/khaledob/bookros2_ws/src/book_ros2/br2_navigation', 'symlink_install': True, 'test_result_base': None}
[0.624s] Level 5:colcon.colcon_core.verb:set package 'br2_tf2_detector' build argument 'cmake_args' from command line to 'None'
[0.624s] Level 5:colcon.colcon_core.verb:set package 'br2_tf2_detector' build argument 'cmake_target' from command line to 'None'
[0.624s] Level 5:colcon.colcon_core.verb:set package 'br2_tf2_detector' build argument 'cmake_target_skip_unavailable' from command line to 'False'
[0.624s] Level 5:colcon.colcon_core.verb:set package 'br2_tf2_detector' build argument 'cmake_clean_cache' from command line to 'False'
[0.624s] Level 5:colcon.colcon_core.verb:set package 'br2_tf2_detector' build argument 'cmake_clean_first' from command line to 'False'
[0.624s] Level 5:colcon.colcon_core.verb:set package 'br2_tf2_detector' build argument 'cmake_force_configure' from command line to 'False'
[0.624s] Level 5:colcon.colcon_core.verb:set package 'br2_tf2_detector' build argument 'ament_cmake_args' from command line to 'None'
[0.624s] Level 5:colcon.colcon_core.verb:set package 'br2_tf2_detector' build argument 'catkin_cmake_args' from command line to 'None'
[0.624s] Level 5:colcon.colcon_core.verb:set package 'br2_tf2_detector' build argument 'catkin_skip_building_tests' from command line to 'False'
[0.624s] DEBUG:colcon.colcon_core.verb:Building package 'br2_tf2_detector' with the following arguments: {'ament_cmake_args': None, 'build_base': '/home/khaledob/bookros2_ws/build/br2_tf2_detector', 'catkin_cmake_args': None, 'catkin_skip_building_tests': False, 'cmake_args': None, 'cmake_clean_cache': False, 'cmake_clean_first': False, 'cmake_force_configure': False, 'cmake_target': None, 'cmake_target_skip_unavailable': False, 'install_base': '/home/khaledob/bookros2_ws/install/br2_tf2_detector', 'merge_install': False, 'path': '/home/khaledob/bookros2_ws/src/book_ros2/br2_tf2_detector', 'symlink_install': True, 'test_result_base': None}
[0.625s] Level 5:colcon.colcon_core.verb:set package 'br2_tiago' build argument 'cmake_args' from command line to 'None'
[0.625s] Level 5:colcon.colcon_core.verb:set package 'br2_tiago' build argument 'cmake_target' from command line to 'None'
[0.625s] Level 5:colcon.colcon_core.verb:set package 'br2_tiago' build argument 'cmake_target_skip_unavailable' from command line to 'False'
[0.625s] Level 5:colcon.colcon_core.verb:set package 'br2_tiago' build argument 'cmake_clean_cache' from command line to 'False'
[0.625s] Level 5:colcon.colcon_core.verb:set package 'br2_tiago' build argument 'cmake_clean_first' from command line to 'False'
[0.625s] Level 5:colcon.colcon_core.verb:set package 'br2_tiago' build argument 'cmake_force_configure' from command line to 'False'
[0.625s] Level 5:colcon.colcon_core.verb:set package 'br2_tiago' build argument 'ament_cmake_args' from command line to 'None'
[0.625s] Level 5:colcon.colcon_core.verb:set package 'br2_tiago' build argument 'catkin_cmake_args' from command line to 'None'
[0.625s] Level 5:colcon.colcon_core.verb:set package 'br2_tiago' build argument 'catkin_skip_building_tests' from command line to 'False'
[0.625s] DEBUG:colcon.colcon_core.verb:Building package 'br2_tiago' with the following arguments: {'ament_cmake_args': None, 'build_base': '/home/khaledob/bookros2_ws/build/br2_tiago', 'catkin_cmake_args': None, 'catkin_skip_building_tests': False, 'cmake_args': None, 'cmake_clean_cache': False, 'cmake_clean_first': False, 'cmake_force_configure': False, 'cmake_target': None, 'cmake_target_skip_unavailable': False, 'install_base': '/home/khaledob/bookros2_ws/install/br2_tiago', 'merge_install': False, 'path': '/home/khaledob/bookros2_ws/src/book_ros2/br2_tiago', 'symlink_install': True, 'test_result_base': None}
[0.625s] Level 5:colcon.colcon_core.verb:set package 'br2_tracking_msgs' build argument 'cmake_args' from command line to 'None'
[0.625s] Level 5:colcon.colcon_core.verb:set package 'br2_tracking_msgs' build argument 'cmake_target' from command line to 'None'
[0.625s] Level 5:colcon.colcon_core.verb:set package 'br2_tracking_msgs' build argument 'cmake_target_skip_unavailable' from command line to 'False'
[0.625s] Level 5:colcon.colcon_core.verb:set package 'br2_tracking_msgs' build argument 'cmake_clean_cache' from command line to 'False'
[0.625s] Level 5:colcon.colcon_core.verb:set package 'br2_tracking_msgs' build argument 'cmake_clean_first' from command line to 'False'
[0.625s] Level 5:colcon.colcon_core.verb:set package 'br2_tracking_msgs' build argument 'cmake_force_configure' from command line to 'False'
[0.625s] Level 5:colcon.colcon_core.verb:set package 'br2_tracking_msgs' build argument 'ament_cmake_args' from command line to 'None'
[0.625s] Level 5:colcon.colcon_core.verb:set package 'br2_tracking_msgs' build argument 'catkin_cmake_args' from command line to 'None'
[0.625s] Level 5:colcon.colcon_core.verb:set package 'br2_tracking_msgs' build argument 'catkin_skip_building_tests' from command line to 'False'
[0.625s] DEBUG:colcon.colcon_core.verb:Building package 'br2_tracking_msgs' with the following arguments: {'ament_cmake_args': None, 'build_base': '/home/khaledob/bookros2_ws/build/br2_tracking_msgs', 'catkin_cmake_args': None, 'catkin_skip_building_tests': False, 'cmake_args': None, 'cmake_clean_cache': False, 'cmake_clean_first': False, 'cmake_force_configure': False, 'cmake_target': None, 'cmake_target_skip_unavailable': False, 'install_base': '/home/khaledob/bookros2_ws/install/br2_tracking_msgs', 'merge_install': False, 'path': '/home/khaledob/bookros2_ws/src/book_ros2/br2_tracking_msgs', 'symlink_install': True, 'test_result_base': None}
[0.626s] Level 5:colcon.colcon_core.verb:set package 'br2_vff_avoidance' build argument 'cmake_args' from command line to 'None'
[0.626s] Level 5:colcon.colcon_core.verb:set package 'br2_vff_avoidance' build argument 'cmake_target' from command line to 'None'
[0.626s] Level 5:colcon.colcon_core.verb:set package 'br2_vff_avoidance' build argument 'cmake_target_skip_unavailable' from command line to 'False'
[0.626s] Level 5:colcon.colcon_core.verb:set package 'br2_vff_avoidance' build argument 'cmake_clean_cache' from command line to 'False'
[0.626s] Level 5:colcon.colcon_core.verb:set package 'br2_vff_avoidance' build argument 'cmake_clean_first' from command line to 'False'
[0.626s] Level 5:colcon.colcon_core.verb:set package 'br2_vff_avoidance' build argument 'cmake_force_configure' from command line to 'False'
[0.626s] Level 5:colcon.colcon_core.verb:set package 'br2_vff_avoidance' build argument 'ament_cmake_args' from command line to 'None'
[0.626s] Level 5:colcon.colcon_core.verb:set package 'br2_vff_avoidance' build argument 'catkin_cmake_args' from command line to 'None'
[0.626s] Level 5:colcon.colcon_core.verb:set package 'br2_vff_avoidance' build argument 'catkin_skip_building_tests' from command line to 'False'
[0.627s] DEBUG:colcon.colcon_core.verb:Building package 'br2_vff_avoidance' with the following arguments: {'ament_cmake_args': None, 'build_base': '/home/khaledob/bookros2_ws/build/br2_vff_avoidance', 'catkin_cmake_args': None, 'catkin_skip_building_tests': False, 'cmake_args': None, 'cmake_clean_cache': False, 'cmake_clean_first': False, 'cmake_force_configure': False, 'cmake_target': None, 'cmake_target_skip_unavailable': False, 'install_base': '/home/khaledob/bookros2_ws/install/br2_vff_avoidance', 'merge_install': False, 'path': '/home/khaledob/bookros2_ws/src/book_ros2/br2_vff_avoidance', 'symlink_install': True, 'test_result_base': None}
[0.627s] Level 5:colcon.colcon_core.verb:set package 'controller_manager_msgs' build argument 'cmake_args' from command line to 'None'
[0.627s] Level 5:colcon.colcon_core.verb:set package 'controller_manager_msgs' build argument 'cmake_target' from command line to 'None'
[0.627s] Level 5:colcon.colcon_core.verb:set package 'controller_manager_msgs' build argument 'cmake_target_skip_unavailable' from command line to 'False'
[0.627s] Level 5:colcon.colcon_core.verb:set package 'controller_manager_msgs' build argument 'cmake_clean_cache' from command line to 'False'
[0.627s] Level 5:colcon.colcon_core.verb:set package 'controller_manager_msgs' build argument 'cmake_clean_first' from command line to 'False'
[0.627s] Level 5:colcon.colcon_core.verb:set package 'controller_manager_msgs' build argument 'cmake_force_configure' from command line to 'False'
[0.627s] Level 5:colcon.colcon_core.verb:set package 'controller_manager_msgs' build argument 'ament_cmake_args' from command line to 'None'
[0.627s] Level 5:colcon.colcon_core.verb:set package 'controller_manager_msgs' build argument 'catkin_cmake_args' from command line to 'None'
[0.627s] Level 5:colcon.colcon_core.verb:set package 'controller_manager_msgs' build argument 'catkin_skip_building_tests' from command line to 'False'
[0.627s] DEBUG:colcon.colcon_core.verb:Building package 'controller_manager_msgs' with the following arguments: {'ament_cmake_args': None, 'build_base': '/home/khaledob/bookros2_ws/build/controller_manager_msgs', 'catkin_cmake_args': None, 'catkin_skip_building_tests': False, 'cmake_args': None, 'cmake_clean_cache': False, 'cmake_clean_first': False, 'cmake_force_configure': False, 'cmake_target': None, 'cmake_target_skip_unavailable': False, 'install_base': '/home/khaledob/bookros2_ws/install/controller_manager_msgs', 'merge_install': False, 'path': '/home/khaledob/bookros2_ws/src/ThirdParty/ros2_control/controller_manager_msgs', 'symlink_install': True, 'test_result_base': None}
[0.628s] Level 5:colcon.colcon_core.verb:set package 'groot' build argument 'cmake_args' from command line to 'None'
[0.628s] Level 5:colcon.colcon_core.verb:set package 'groot' build argument 'cmake_target' from command line to 'None'
[0.628s] Level 5:colcon.colcon_core.verb:set package 'groot' build argument 'cmake_target_skip_unavailable' from command line to 'False'
[0.628s] Level 5:colcon.colcon_core.verb:set package 'groot' build argument 'cmake_clean_cache' from command line to 'False'
[0.628s] Level 5:colcon.colcon_core.verb:set package 'groot' build argument 'cmake_clean_first' from command line to 'False'
[0.628s] Level 5:colcon.colcon_core.verb:set package 'groot' build argument 'cmake_force_configure' from command line to 'False'
[0.628s] Level 5:colcon.colcon_core.verb:set package 'groot' build argument 'ament_cmake_args' from command line to 'None'
[0.628s] Level 5:colcon.colcon_core.verb:set package 'groot' build argument 'catkin_cmake_args' from command line to 'None'
[0.628s] Level 5:colcon.colcon_core.verb:set package 'groot' build argument 'catkin_skip_building_tests' from command line to 'False'
[0.628s] DEBUG:colcon.colcon_core.verb:Building package 'groot' with the following arguments: {'ament_cmake_args': None, 'build_base': '/home/khaledob/bookros2_ws/build/groot', 'catkin_cmake_args': None, 'catkin_skip_building_tests': False, 'cmake_args': None, 'cmake_clean_cache': False, 'cmake_clean_first': False, 'cmake_force_configure': False, 'cmake_target': None, 'cmake_target_skip_unavailable': False, 'install_base': '/home/khaledob/bookros2_ws/install/groot', 'merge_install': False, 'path': '/home/khaledob/bookros2_ws/src/ThirdParty/Groot', 'symlink_install': True, 'test_result_base': None}
[0.628s] Level 5:colcon.colcon_core.verb:set package 'hey5_description' build argument 'cmake_args' from command line to 'None'
[0.628s] Level 5:colcon.colcon_core.verb:set package 'hey5_description' build argument 'cmake_target' from command line to 'None'
[0.628s] Level 5:colcon.colcon_core.verb:set package 'hey5_description' build argument 'cmake_target_skip_unavailable' from command line to 'False'
[0.628s] Level 5:colcon.colcon_core.verb:set package 'hey5_description' build argument 'cmake_clean_cache' from command line to 'False'
[0.628s] Level 5:colcon.colcon_core.verb:set package 'hey5_description' build argument 'cmake_clean_first' from command line to 'False'
[0.628s] Level 5:colcon.colcon_core.verb:set package 'hey5_description' build argument 'cmake_force_configure' from command line to 'False'
[0.628s] Level 5:colcon.colcon_core.verb:set package 'hey5_description' build argument 'ament_cmake_args' from command line to 'None'
[0.628s] Level 5:colcon.colcon_core.verb:set package 'hey5_description' build argument 'catkin_cmake_args' from command line to 'None'
[0.628s] Level 5:colcon.colcon_core.verb:set package 'hey5_description' build argument 'catkin_skip_building_tests' from command line to 'False'
[0.628s] DEBUG:colcon.colcon_core.verb:Building package 'hey5_description' with the following arguments: {'ament_cmake_args': None, 'build_base': '/home/khaledob/bookros2_ws/build/hey5_description', 'catkin_cmake_args': None, 'catkin_skip_building_tests': False, 'cmake_args': None, 'cmake_clean_cache': False, 'cmake_clean_first': False, 'cmake_force_configure': False, 'cmake_target': None, 'cmake_target_skip_unavailable': False, 'install_base': '/home/khaledob/bookros2_ws/install/hey5_description', 'merge_install': False, 'path': '/home/khaledob/bookros2_ws/src/ThirdParty/hey5_description', 'symlink_install': True, 'test_result_base': None}
[0.629s] Level 5:colcon.colcon_core.verb:set package 'launch_pal' build argument 'cmake_args' from command line to 'None'
[0.629s] Level 5:colcon.colcon_core.verb:set package 'launch_pal' build argument 'cmake_target' from command line to 'None'
[0.629s] Level 5:colcon.colcon_core.verb:set package 'launch_pal' build argument 'cmake_target_skip_unavailable' from command line to 'False'
[0.629s] Level 5:colcon.colcon_core.verb:set package 'launch_pal' build argument 'cmake_clean_cache' from command line to 'False'
[0.629s] Level 5:colcon.colcon_core.verb:set package 'launch_pal' build argument 'cmake_clean_first' from command line to 'False'
[0.629s] Level 5:colcon.colcon_core.verb:set package 'launch_pal' build argument 'cmake_force_configure' from command line to 'False'
[0.629s] Level 5:colcon.colcon_core.verb:set package 'launch_pal' build argument 'ament_cmake_args' from command line to 'None'
[0.629s] Level 5:colcon.colcon_core.verb:set package 'launch_pal' build argument 'catkin_cmake_args' from command line to 'None'
[0.629s] Level 5:colcon.colcon_core.verb:set package 'launch_pal' build argument 'catkin_skip_building_tests' from command line to 'False'
[0.629s] DEBUG:colcon.colcon_core.verb:Building package 'launch_pal' with the following arguments: {'ament_cmake_args': None, 'build_base': '/home/khaledob/bookros2_ws/build/launch_pal', 'catkin_cmake_args': None, 'catkin_skip_building_tests': False, 'cmake_args': None, 'cmake_clean_cache': False, 'cmake_clean_first': False, 'cmake_force_configure': False, 'cmake_target': None, 'cmake_target_skip_unavailable': False, 'install_base': '/home/khaledob/bookros2_ws/install/launch_pal', 'merge_install': False, 'path': '/home/khaledob/bookros2_ws/src/ThirdParty/launch_pal', 'symlink_install': True, 'test_result_base': None}
[0.629s] Level 5:colcon.colcon_core.verb:set package 'pal_gazebo_worlds' build argument 'cmake_args' from command line to 'None'
[0.629s] Level 5:colcon.colcon_core.verb:set package 'pal_gazebo_worlds' build argument 'cmake_target' from command line to 'None'
[0.630s] Level 5:colcon.colcon_core.verb:set package 'pal_gazebo_worlds' build argument 'cmake_target_skip_unavailable' from command line to 'False'
[0.630s] Level 5:colcon.colcon_core.verb:set package 'pal_gazebo_worlds' build argument 'cmake_clean_cache' from command line to 'False'
[0.630s] Level 5:colcon.colcon_core.verb:set package 'pal_gazebo_worlds' build argument 'cmake_clean_first' from command line to 'False'
[0.630s] Level 5:colcon.colcon_core.verb:set package 'pal_gazebo_worlds' build argument 'cmake_force_configure' from command line to 'False'
[0.630s] Level 5:colcon.colcon_core.verb:set package 'pal_gazebo_worlds' build argument 'ament_cmake_args' from command line to 'None'
[0.630s] Level 5:colcon.colcon_core.verb:set package 'pal_gazebo_worlds' build argument 'catkin_cmake_args' from command line to 'None'
[0.630s] Level 5:colcon.colcon_core.verb:set package 'pal_gazebo_worlds' build argument 'catkin_skip_building_tests' from command line to 'False'
[0.630s] DEBUG:colcon.colcon_core.verb:Building package 'pal_gazebo_worlds' with the following arguments: {'ament_cmake_args': None, 'build_base': '/home/khaledob/bookros2_ws/build/pal_gazebo_worlds', 'catkin_cmake_args': None, 'catkin_skip_building_tests': False, 'cmake_args': None, 'cmake_clean_cache': False, 'cmake_clean_first': False, 'cmake_force_configure': False, 'cmake_target': None, 'cmake_target_skip_unavailable': False, 'install_base': '/home/khaledob/bookros2_ws/install/pal_gazebo_worlds', 'merge_install': False, 'path': '/home/khaledob/bookros2_ws/src/ThirdParty/pal_gazebo_worlds', 'symlink_install': True, 'test_result_base': None}
[0.630s] Level 5:colcon.colcon_core.verb:set package 'pmb2_maps' build argument 'cmake_args' from command line to 'None'
[0.630s] Level 5:colcon.colcon_core.verb:set package 'pmb2_maps' build argument 'cmake_target' from command line to 'None'
[0.630s] Level 5:colcon.colcon_core.verb:set package 'pmb2_maps' build argument 'cmake_target_skip_unavailable' from command line to 'False'
[0.630s] Level 5:colcon.colcon_core.verb:set package 'pmb2_maps' build argument 'cmake_clean_cache' from command line to 'False'
[0.630s] Level 5:colcon.colcon_core.verb:set package 'pmb2_maps' build argument 'cmake_clean_first' from command line to 'False'
[0.630s] Level 5:colcon.colcon_core.verb:set package 'pmb2_maps' build argument 'cmake_force_configure' from command line to 'False'
[0.630s] Level 5:colcon.colcon_core.verb:set package 'pmb2_maps' build argument 'ament_cmake_args' from command line to 'None'
[0.631s] Level 5:colcon.colcon_core.verb:set package 'pmb2_maps' build argument 'catkin_cmake_args' from command line to 'None'
[0.631s] Level 5:colcon.colcon_core.verb:set package 'pmb2_maps' build argument 'catkin_skip_building_tests' from command line to 'False'
[0.631s] DEBUG:colcon.colcon_core.verb:Building package 'pmb2_maps' with the following arguments: {'ament_cmake_args': None, 'build_base': '/home/khaledob/bookros2_ws/build/pmb2_maps', 'catkin_cmake_args': None, 'catkin_skip_building_tests': False, 'cmake_args': None, 'cmake_clean_cache': False, 'cmake_clean_first': False, 'cmake_force_configure': False, 'cmake_target': None, 'cmake_target_skip_unavailable': False, 'install_base': '/home/khaledob/bookros2_ws/install/pmb2_maps', 'merge_install': False, 'path': '/home/khaledob/bookros2_ws/src/ThirdParty/pmb2_navigation/pmb2_maps', 'symlink_install': True, 'test_result_base': None}
[0.631s] Level 5:colcon.colcon_core.verb:set package 'ros2_control_test_assets' build argument 'cmake_args' from command line to 'None'
[0.631s] Level 5:colcon.colcon_core.verb:set package 'ros2_control_test_assets' build argument 'cmake_target' from command line to 'None'
[0.631s] Level 5:colcon.colcon_core.verb:set package 'ros2_control_test_assets' build argument 'cmake_target_skip_unavailable' from command line to 'False'
[0.631s] Level 5:colcon.colcon_core.verb:set package 'ros2_control_test_assets' build argument 'cmake_clean_cache' from command line to 'False'
[0.631s] Level 5:colcon.colcon_core.verb:set package 'ros2_control_test_assets' build argument 'cmake_clean_first' from command line to 'False'
[0.631s] Level 5:colcon.colcon_core.verb:set package 'ros2_control_test_assets' build argument 'cmake_force_configure' from command line to 'False'
[0.631s] Level 5:colcon.colcon_core.verb:set package 'ros2_control_test_assets' build argument 'ament_cmake_args' from command line to 'None'
[0.631s] Level 5:colcon.colcon_core.verb:set package 'ros2_control_test_assets' build argument 'catkin_cmake_args' from command line to 'None'
[0.631s] Level 5:colcon.colcon_core.verb:set package 'ros2_control_test_assets' build argument 'catkin_skip_building_tests' from command line to 'False'
[0.631s] DEBUG:colcon.colcon_core.verb:Building package 'ros2_control_test_assets' with the following arguments: {'ament_cmake_args': None, 'build_base': '/home/khaledob/bookros2_ws/build/ros2_control_test_assets', 'catkin_cmake_args': None, 'catkin_skip_building_tests': False, 'cmake_args': None, 'cmake_clean_cache': False, 'cmake_clean_first': False, 'cmake_force_configure': False, 'cmake_target': None, 'cmake_target_skip_unavailable': False, 'install_base': '/home/khaledob/bookros2_ws/install/ros2_control_test_assets', 'merge_install': False, 'path': '/home/khaledob/bookros2_ws/src/ThirdParty/ros2_control/ros2_control_test_assets', 'symlink_install': True, 'test_result_base': None}
[0.632s] Level 5:colcon.colcon_core.verb:set package 'task1' build argument 'cmake_args' from command line to 'None'
[0.632s] Level 5:colcon.colcon_core.verb:set package 'task1' build argument 'cmake_target' from command line to 'None'
[0.632s] Level 5:colcon.colcon_core.verb:set package 'task1' build argument 'cmake_target_skip_unavailable' from command line to 'False'
[0.632s] Level 5:colcon.colcon_core.verb:set package 'task1' build argument 'cmake_clean_cache' from command line to 'False'
[0.632s] Level 5:colcon.colcon_core.verb:set package 'task1' build argument 'cmake_clean_first' from command line to 'False'
[0.632s] Level 5:colcon.colcon_core.verb:set package 'task1' build argument 'cmake_force_configure' from command line to 'False'
[0.632s] Level 5:colcon.colcon_core.verb:set package 'task1' build argument 'ament_cmake_args' from command line to 'None'
[0.632s] Level 5:colcon.colcon_core.verb:set package 'task1' build argument 'catkin_cmake_args' from command line to 'None'
[0.632s] Level 5:colcon.colcon_core.verb:set package 'task1' build argument 'catkin_skip_building_tests' from command line to 'False'
[0.632s] DEBUG:colcon.colcon_core.verb:Building package 'task1' with the following arguments: {'ament_cmake_args': None, 'build_base': '/home/khaledob/bookros2_ws/build/task1', 'catkin_cmake_args': None, 'catkin_skip_building_tests': False, 'cmake_args': None, 'cmake_clean_cache': False, 'cmake_clean_first': False, 'cmake_force_configure': False, 'cmake_target': None, 'cmake_target_skip_unavailable': False, 'install_base': '/home/khaledob/bookros2_ws/install/task1', 'merge_install': False, 'path': '/home/khaledob/bookros2_ws/src/task1', 'symlink_install': True, 'test_result_base': None}
[0.632s] Level 5:colcon.colcon_core.verb:set package 'tiago_description_calibration' build argument 'cmake_args' from command line to 'None'
[0.632s] Level 5:colcon.colcon_core.verb:set package 'tiago_description_calibration' build argument 'cmake_target' from command line to 'None'
[0.633s] Level 5:colcon.colcon_core.verb:set package 'tiago_description_calibration' build argument 'cmake_target_skip_unavailable' from command line to 'False'
[0.633s] Level 5:colcon.colcon_core.verb:set package 'tiago_description_calibration' build argument 'cmake_clean_cache' from command line to 'False'
[0.633s] Level 5:colcon.colcon_core.verb:set package 'tiago_description_calibration' build argument 'cmake_clean_first' from command line to 'False'
[0.633s] Level 5:colcon.colcon_core.verb:set package 'tiago_description_calibration' build argument 'cmake_force_configure' from command line to 'False'
[0.633s] Level 5:colcon.colcon_core.verb:set package 'tiago_description_calibration' build argument 'ament_cmake_args' from command line to 'None'
[0.633s] Level 5:colcon.colcon_core.verb:set package 'tiago_description_calibration' build argument 'catkin_cmake_args' from command line to 'None'
[0.633s] Level 5:colcon.colcon_core.verb:set package 'tiago_description_calibration' build argument 'catkin_skip_building_tests' from command line to 'False'
[0.633s] DEBUG:colcon.colcon_core.verb:Building package 'tiago_description_calibration' with the following arguments: {'ament_cmake_args': None, 'build_base': '/home/khaledob/bookros2_ws/build/tiago_description_calibration', 'catkin_cmake_args': None, 'catkin_skip_building_tests': False, 'cmake_args': None, 'cmake_clean_cache': False, 'cmake_clean_first': False, 'cmake_force_configure': False, 'cmake_target': None, 'cmake_target_skip_unavailable': False, 'install_base': '/home/khaledob/bookros2_ws/install/tiago_description_calibration', 'merge_install': False, 'path': '/home/khaledob/bookros2_ws/src/ThirdParty/tiago_description_calibration', 'symlink_install': True, 'test_result_base': None}
[0.633s] Level 5:colcon.colcon_core.verb:set package 'twist_mux' build argument 'cmake_args' from command line to 'None'
[0.633s] Level 5:colcon.colcon_core.verb:set package 'twist_mux' build argument 'cmake_target' from command line to 'None'
[0.633s] Level 5:colcon.colcon_core.verb:set package 'twist_mux' build argument 'cmake_target_skip_unavailable' from command line to 'False'
[0.633s] Level 5:colcon.colcon_core.verb:set package 'twist_mux' build argument 'cmake_clean_cache' from command line to 'False'
[0.633s] Level 5:colcon.colcon_core.verb:set package 'twist_mux' build argument 'cmake_clean_first' from command line to 'False'
[0.634s] Level 5:colcon.colcon_core.verb:set package 'twist_mux' build argument 'cmake_force_configure' from command line to 'False'
[0.634s] Level 5:colcon.colcon_core.verb:set package 'twist_mux' build argument 'ament_cmake_args' from command line to 'None'
[0.634s] Level 5:colcon.colcon_core.verb:set package 'twist_mux' build argument 'catkin_cmake_args' from command line to 'None'
[0.634s] Level 5:colcon.colcon_core.verb:set package 'twist_mux' build argument 'catkin_skip_building_tests' from command line to 'False'
[0.634s] DEBUG:colcon.colcon_core.verb:Building package 'twist_mux' with the following arguments: {'ament_cmake_args': None, 'build_base': '/home/khaledob/bookros2_ws/build/twist_mux', 'catkin_cmake_args': None, 'catkin_skip_building_tests': False, 'cmake_args': None, 'cmake_clean_cache': False, 'cmake_clean_first': False, 'cmake_force_configure': False, 'cmake_target': None, 'cmake_target_skip_unavailable': False, 'install_base': '/home/khaledob/bookros2_ws/install/twist_mux', 'merge_install': False, 'path': '/home/khaledob/bookros2_ws/src/ThirdParty/twist_mux', 'symlink_install': True, 'test_result_base': None}
[0.634s] Level 5:colcon.colcon_core.verb:set package 'urdf_test' build argument 'cmake_args' from command line to 'None'
[0.634s] Level 5:colcon.colcon_core.verb:set package 'urdf_test' build argument 'cmake_target' from command line to 'None'
[0.634s] Level 5:colcon.colcon_core.verb:set package 'urdf_test' build argument 'cmake_target_skip_unavailable' from command line to 'False'
[0.634s] Level 5:colcon.colcon_core.verb:set package 'urdf_test' build argument 'cmake_clean_cache' from command line to 'False'
[0.634s] Level 5:colcon.colcon_core.verb:set package 'urdf_test' build argument 'cmake_clean_first' from command line to 'False'
[0.634s] Level 5:colcon.colcon_core.verb:set package 'urdf_test' build argument 'cmake_force_configure' from command line to 'False'
[0.634s] Level 5:colcon.colcon_core.verb:set package 'urdf_test' build argument 'ament_cmake_args' from command line to 'None'
[0.634s] Level 5:colcon.colcon_core.verb:set package 'urdf_test' build argument 'catkin_cmake_args' from command line to 'None'
[0.634s] Level 5:colcon.colcon_core.verb:set package 'urdf_test' build argument 'catkin_skip_building_tests' from command line to 'False'
[0.634s] DEBUG:colcon.colcon_core.verb:Building package 'urdf_test' with the following arguments: {'ament_cmake_args': None, 'build_base': '/home/khaledob/bookros2_ws/build/urdf_test', 'catkin_cmake_args': None, 'catkin_skip_building_tests': False, 'cmake_args': None, 'cmake_clean_cache': False, 'cmake_clean_first': False, 'cmake_force_configure': False, 'cmake_target': None, 'cmake_target_skip_unavailable': False, 'install_base': '/home/khaledob/bookros2_ws/install/urdf_test', 'merge_install': False, 'path': '/home/khaledob/bookros2_ws/src/ThirdParty/urdf_test', 'symlink_install': True, 'test_result_base': None}
[0.635s] Level 5:colcon.colcon_core.verb:set package 'br2_tracking' build argument 'cmake_args' from command line to 'None'
[0.635s] Level 5:colcon.colcon_core.verb:set package 'br2_tracking' build argument 'cmake_target' from command line to 'None'
[0.635s] Level 5:colcon.colcon_core.verb:set package 'br2_tracking' build argument 'cmake_target_skip_unavailable' from command line to 'False'
[0.635s] Level 5:colcon.colcon_core.verb:set package 'br2_tracking' build argument 'cmake_clean_cache' from command line to 'False'
[0.635s] Level 5:colcon.colcon_core.verb:set package 'br2_tracking' build argument 'cmake_clean_first' from command line to 'False'
[0.635s] Level 5:colcon.colcon_core.verb:set package 'br2_tracking' build argument 'cmake_force_configure' from command line to 'False'
[0.635s] Level 5:colcon.colcon_core.verb:set package 'br2_tracking' build argument 'ament_cmake_args' from command line to 'None'
[0.635s] Level 5:colcon.colcon_core.verb:set package 'br2_tracking' build argument 'catkin_cmake_args' from command line to 'None'
[0.635s] Level 5:colcon.colcon_core.verb:set package 'br2_tracking' build argument 'catkin_skip_building_tests' from command line to 'False'
[0.635s] DEBUG:colcon.colcon_core.verb:Building package 'br2_tracking' with the following arguments: {'ament_cmake_args': None, 'build_base': '/home/khaledob/bookros2_ws/build/br2_tracking', 'catkin_cmake_args': None, 'catkin_skip_building_tests': False, 'cmake_args': None, 'cmake_clean_cache': False, 'cmake_clean_first': False, 'cmake_force_configure': False, 'cmake_target': None, 'cmake_target_skip_unavailable': False, 'install_base': '/home/khaledob/bookros2_ws/install/br2_tracking', 'merge_install': False, 'path': '/home/khaledob/bookros2_ws/src/book_ros2/br2_tracking', 'symlink_install': True, 'test_result_base': None}
[0.635s] Level 5:colcon.colcon_core.verb:set package 'hardware_interface' build argument 'cmake_args' from command line to 'None'
[0.635s] Level 5:colcon.colcon_core.verb:set package 'hardware_interface' build argument 'cmake_target' from command line to 'None'
[0.635s] Level 5:colcon.colcon_core.verb:set package 'hardware_interface' build argument 'cmake_target_skip_unavailable' from command line to 'False'
[0.635s] Level 5:colcon.colcon_core.verb:set package 'hardware_interface' build argument 'cmake_clean_cache' from command line to 'False'
[0.636s] Level 5:colcon.colcon_core.verb:set package 'hardware_interface' build argument 'cmake_clean_first' from command line to 'False'
[0.636s] Level 5:colcon.colcon_core.verb:set package 'hardware_interface' build argument 'cmake_force_configure' from command line to 'False'
[0.636s] Level 5:colcon.colcon_core.verb:set package 'hardware_interface' build argument 'ament_cmake_args' from command line to 'None'
[0.636s] Level 5:colcon.colcon_core.verb:set package 'hardware_interface' build argument 'catkin_cmake_args' from command line to 'None'
[0.636s] Level 5:colcon.colcon_core.verb:set package 'hardware_interface' build argument 'catkin_skip_building_tests' from command line to 'False'
[0.636s] DEBUG:colcon.colcon_core.verb:Building package 'hardware_interface' with the following arguments: {'ament_cmake_args': None, 'build_base': '/home/khaledob/bookros2_ws/build/hardware_interface', 'catkin_cmake_args': None, 'catkin_skip_building_tests': False, 'cmake_args': None, 'cmake_clean_cache': False, 'cmake_clean_first': False, 'cmake_force_configure': False, 'cmake_target': None, 'cmake_target_skip_unavailable': False, 'install_base': '/home/khaledob/bookros2_ws/install/hardware_interface', 'merge_install': False, 'path': '/home/khaledob/bookros2_ws/src/ThirdParty/ros2_control/hardware_interface', 'symlink_install': True, 'test_result_base': None}
[0.636s] Level 5:colcon.colcon_core.verb:set package 'pal_gripper_description' build argument 'cmake_args' from command line to 'None'
[0.636s] Level 5:colcon.colcon_core.verb:set package 'pal_gripper_description' build argument 'cmake_target' from command line to 'None'
[0.636s] Level 5:colcon.colcon_core.verb:set package 'pal_gripper_description' build argument 'cmake_target_skip_unavailable' from command line to 'False'
[0.636s] Level 5:colcon.colcon_core.verb:set package 'pal_gripper_description' build argument 'cmake_clean_cache' from command line to 'False'
[0.636s] Level 5:colcon.colcon_core.verb:set package 'pal_gripper_description' build argument 'cmake_clean_first' from command line to 'False'
[0.636s] Level 5:colcon.colcon_core.verb:set package 'pal_gripper_description' build argument 'cmake_force_configure' from command line to 'False'
[0.636s] Level 5:colcon.colcon_core.verb:set package 'pal_gripper_description' build argument 'ament_cmake_args' from command line to 'None'
[0.636s] Level 5:colcon.colcon_core.verb:set package 'pal_gripper_description' build argument 'catkin_cmake_args' from command line to 'None'
[0.636s] Level 5:colcon.colcon_core.verb:set package 'pal_gripper_description' build argument 'catkin_skip_building_tests' from command line to 'False'
[0.636s] DEBUG:colcon.colcon_core.verb:Building package 'pal_gripper_description' with the following arguments: {'ament_cmake_args': None, 'build_base': '/home/khaledob/bookros2_ws/build/pal_gripper_description', 'catkin_cmake_args': None, 'catkin_skip_building_tests': False, 'cmake_args': None, 'cmake_clean_cache': False, 'cmake_clean_first': False, 'cmake_force_configure': False, 'cmake_target': None, 'cmake_target_skip_unavailable': False, 'install_base': '/home/khaledob/bookros2_ws/install/pal_gripper_description', 'merge_install': False, 'path': '/home/khaledob/bookros2_ws/src/ThirdParty/pal_gripper/pal_gripper_description', 'symlink_install': True, 'test_result_base': None}
[0.637s] Level 5:colcon.colcon_core.verb:set package 'pmb2_2dnav' build argument 'cmake_args' from command line to 'None'
[0.637s] Level 5:colcon.colcon_core.verb:set package 'pmb2_2dnav' build argument 'cmake_target' from command line to 'None'
[0.637s] Level 5:colcon.colcon_core.verb:set package 'pmb2_2dnav' build argument 'cmake_target_skip_unavailable' from command line to 'False'
[0.637s] Level 5:colcon.colcon_core.verb:set package 'pmb2_2dnav' build argument 'cmake_clean_cache' from command line to 'False'
[0.637s] Level 5:colcon.colcon_core.verb:set package 'pmb2_2dnav' build argument 'cmake_clean_first' from command line to 'False'
[0.637s] Level 5:colcon.colcon_core.verb:set package 'pmb2_2dnav' build argument 'cmake_force_configure' from command line to 'False'
[0.637s] Level 5:colcon.colcon_core.verb:set package 'pmb2_2dnav' build argument 'ament_cmake_args' from command line to 'None'
[0.637s] Level 5:colcon.colcon_core.verb:set package 'pmb2_2dnav' build argument 'catkin_cmake_args' from command line to 'None'
[0.637s] Level 5:colcon.colcon_core.verb:set package 'pmb2_2dnav' build argument 'catkin_skip_building_tests' from command line to 'False'
[0.637s] DEBUG:colcon.colcon_core.verb:Building package 'pmb2_2dnav' with the following arguments: {'ament_cmake_args': None, 'build_base': '/home/khaledob/bookros2_ws/build/pmb2_2dnav', 'catkin_cmake_args': None, 'catkin_skip_building_tests': False, 'cmake_args': None, 'cmake_clean_cache': False, 'cmake_clean_first': False, 'cmake_force_configure': False, 'cmake_target': None, 'cmake_target_skip_unavailable': False, 'install_base': '/home/khaledob/bookros2_ws/install/pmb2_2dnav', 'merge_install': False, 'path': '/home/khaledob/bookros2_ws/src/ThirdParty/pmb2_navigation/pmb2_2dnav', 'symlink_install': True, 'test_result_base': None}
[0.637s] Level 5:colcon.colcon_core.verb:set package 'controller_interface' build argument 'cmake_args' from command line to 'None'
[0.638s] Level 5:colcon.colcon_core.verb:set package 'controller_interface' build argument 'cmake_target' from command line to 'None'
[0.638s] Level 5:colcon.colcon_core.verb:set package 'controller_interface' build argument 'cmake_target_skip_unavailable' from command line to 'False'
[0.638s] Level 5:colcon.colcon_core.verb:set package 'controller_interface' build argument 'cmake_clean_cache' from command line to 'False'
[0.638s] Level 5:colcon.colcon_core.verb:set package 'controller_interface' build argument 'cmake_clean_first' from command line to 'False'
[0.638s] Level 5:colcon.colcon_core.verb:set package 'controller_interface' build argument 'cmake_force_configure' from command line to 'False'
[0.638s] Level 5:colcon.colcon_core.verb:set package 'controller_interface' build argument 'ament_cmake_args' from command line to 'None'
[0.638s] Level 5:colcon.colcon_core.verb:set package 'controller_interface' build argument 'catkin_cmake_args' from command line to 'None'
[0.638s] Level 5:colcon.colcon_core.verb:set package 'controller_interface' build argument 'catkin_skip_building_tests' from command line to 'False'
[0.638s] DEBUG:colcon.colcon_core.verb:Building package 'controller_interface' with the following arguments: {'ament_cmake_args': None, 'build_base': '/home/khaledob/bookros2_ws/build/controller_interface', 'catkin_cmake_args': None, 'catkin_skip_building_tests': False, 'cmake_args': None, 'cmake_clean_cache': False, 'cmake_clean_first': False, 'cmake_force_configure': False, 'cmake_target': None, 'cmake_target_skip_unavailable': False, 'install_base': '/home/khaledob/bookros2_ws/install/controller_interface', 'merge_install': False, 'path': '/home/khaledob/bookros2_ws/src/ThirdParty/ros2_control/controller_interface', 'symlink_install': True, 'test_result_base': None}
[0.638s] Level 5:colcon.colcon_core.verb:set package 'pmb2_navigation' build argument 'cmake_args' from command line to 'None'
[0.638s] Level 5:colcon.colcon_core.verb:set package 'pmb2_navigation' build argument 'cmake_target' from command line to 'None'
[0.638s] Level 5:colcon.colcon_core.verb:set package 'pmb2_navigation' build argument 'cmake_target_skip_unavailable' from command line to 'False'
[0.638s] Level 5:colcon.colcon_core.verb:set package 'pmb2_navigation' build argument 'cmake_clean_cache' from command line to 'False'
[0.638s] Level 5:colcon.colcon_core.verb:set package 'pmb2_navigation' build argument 'cmake_clean_first' from command line to 'False'
[0.638s] Level 5:colcon.colcon_core.verb:set package 'pmb2_navigation' build argument 'cmake_force_configure' from command line to 'False'
[0.638s] Level 5:colcon.colcon_core.verb:set package 'pmb2_navigation' build argument 'ament_cmake_args' from command line to 'None'
[0.639s] Level 5:colcon.colcon_core.verb:set package 'pmb2_navigation' build argument 'catkin_cmake_args' from command line to 'None'
[0.639s] Level 5:colcon.colcon_core.verb:set package 'pmb2_navigation' build argument 'catkin_skip_building_tests' from command line to 'False'
[0.639s] DEBUG:colcon.colcon_core.verb:Building package 'pmb2_navigation' with the following arguments: {'ament_cmake_args': None, 'build_base': '/home/khaledob/bookros2_ws/build/pmb2_navigation', 'catkin_cmake_args': None, 'catkin_skip_building_tests': False, 'cmake_args': None, 'cmake_clean_cache': False, 'cmake_clean_first': False, 'cmake_force_configure': False, 'cmake_target': None, 'cmake_target_skip_unavailable': False, 'install_base': '/home/khaledob/bookros2_ws/install/pmb2_navigation', 'merge_install': False, 'path': '/home/khaledob/bookros2_ws/src/ThirdParty/pmb2_navigation/pmb2_navigation', 'symlink_install': True, 'test_result_base': None}
[0.639s] Level 5:colcon.colcon_core.verb:set package 'transmission_interface' build argument 'cmake_args' from command line to 'None'
[0.639s] Level 5:colcon.colcon_core.verb:set package 'transmission_interface' build argument 'cmake_target' from command line to 'None'
[0.639s] Level 5:colcon.colcon_core.verb:set package 'transmission_interface' build argument 'cmake_target_skip_unavailable' from command line to 'False'
[0.639s] Level 5:colcon.colcon_core.verb:set package 'transmission_interface' build argument 'cmake_clean_cache' from command line to 'False'
[0.639s] Level 5:colcon.colcon_core.verb:set package 'transmission_interface' build argument 'cmake_clean_first' from command line to 'False'
[0.639s] Level 5:colcon.colcon_core.verb:set package 'transmission_interface' build argument 'cmake_force_configure' from command line to 'False'
[0.639s] Level 5:colcon.colcon_core.verb:set package 'transmission_interface' build argument 'ament_cmake_args' from command line to 'None'
[0.639s] Level 5:colcon.colcon_core.verb:set package 'transmission_interface' build argument 'catkin_cmake_args' from command line to 'None'
[0.639s] Level 5:colcon.colcon_core.verb:set package 'transmission_interface' build argument 'catkin_skip_building_tests' from command line to 'False'
[0.639s] DEBUG:colcon.colcon_core.verb:Building package 'transmission_interface' with the following arguments: {'ament_cmake_args': None, 'build_base': '/home/khaledob/bookros2_ws/build/transmission_interface', 'catkin_cmake_args': None, 'catkin_skip_building_tests': False, 'cmake_args': None, 'cmake_clean_cache': False, 'cmake_clean_first': False, 'cmake_force_configure': False, 'cmake_target': None, 'cmake_target_skip_unavailable': False, 'install_base': '/home/khaledob/bookros2_ws/install/transmission_interface', 'merge_install': False, 'path': '/home/khaledob/bookros2_ws/src/ThirdParty/ros2_control/transmission_interface', 'symlink_install': True, 'test_result_base': None}
[0.640s] Level 5:colcon.colcon_core.verb:set package 'controller_manager' build argument 'cmake_args' from command line to 'None'
[0.640s] Level 5:colcon.colcon_core.verb:set package 'controller_manager' build argument 'cmake_target' from command line to 'None'
[0.640s] Level 5:colcon.colcon_core.verb:set package 'controller_manager' build argument 'cmake_target_skip_unavailable' from command line to 'False'
[0.640s] Level 5:colcon.colcon_core.verb:set package 'controller_manager' build argument 'cmake_clean_cache' from command line to 'False'
[0.640s] Level 5:colcon.colcon_core.verb:set package 'controller_manager' build argument 'cmake_clean_first' from command line to 'False'
[0.640s] Level 5:colcon.colcon_core.verb:set package 'controller_manager' build argument 'cmake_force_configure' from command line to 'False'
[0.640s] Level 5:colcon.colcon_core.verb:set package 'controller_manager' build argument 'ament_cmake_args' from command line to 'None'
[0.640s] Level 5:colcon.colcon_core.verb:set package 'controller_manager' build argument 'catkin_cmake_args' from command line to 'None'
[0.640s] Level 5:colcon.colcon_core.verb:set package 'controller_manager' build argument 'catkin_skip_building_tests' from command line to 'False'
[0.640s] DEBUG:colcon.colcon_core.verb:Building package 'controller_manager' with the following arguments: {'ament_cmake_args': None, 'build_base': '/home/khaledob/bookros2_ws/build/controller_manager', 'catkin_cmake_args': None, 'catkin_skip_building_tests': False, 'cmake_args': None, 'cmake_clean_cache': False, 'cmake_clean_first': False, 'cmake_force_configure': False, 'cmake_target': None, 'cmake_target_skip_unavailable': False, 'install_base': '/home/khaledob/bookros2_ws/install/controller_manager', 'merge_install': False, 'path': '/home/khaledob/bookros2_ws/src/ThirdParty/ros2_control/controller_manager', 'symlink_install': True, 'test_result_base': None}
[0.640s] Level 5:colcon.colcon_core.verb:set package 'diff_drive_controller' build argument 'cmake_args' from command line to 'None'
[0.640s] Level 5:colcon.colcon_core.verb:set package 'diff_drive_controller' build argument 'cmake_target' from command line to 'None'
[0.640s] Level 5:colcon.colcon_core.verb:set package 'diff_drive_controller' build argument 'cmake_target_skip_unavailable' from command line to 'False'
[0.640s] Level 5:colcon.colcon_core.verb:set package 'diff_drive_controller' build argument 'cmake_clean_cache' from command line to 'False'
[0.640s] Level 5:colcon.colcon_core.verb:set package 'diff_drive_controller' build argument 'cmake_clean_first' from command line to 'False'
[0.640s] Level 5:colcon.colcon_core.verb:set package 'diff_drive_controller' build argument 'cmake_force_configure' from command line to 'False'
[0.640s] Level 5:colcon.colcon_core.verb:set package 'diff_drive_controller' build argument 'ament_cmake_args' from command line to 'None'
[0.640s] Level 5:colcon.colcon_core.verb:set package 'diff_drive_controller' build argument 'catkin_cmake_args' from command line to 'None'
[0.640s] Level 5:colcon.colcon_core.verb:set package 'diff_drive_controller' build argument 'catkin_skip_building_tests' from command line to 'False'
[0.640s] DEBUG:colcon.colcon_core.verb:Building package 'diff_drive_controller' with the following arguments: {'ament_cmake_args': None, 'build_base': '/home/khaledob/bookros2_ws/build/diff_drive_controller', 'catkin_cmake_args': None, 'catkin_skip_building_tests': False, 'cmake_args': None, 'cmake_clean_cache': False, 'cmake_clean_first': False, 'cmake_force_configure': False, 'cmake_target': None, 'cmake_target_skip_unavailable': False, 'install_base': '/home/khaledob/bookros2_ws/install/diff_drive_controller', 'merge_install': False, 'path': '/home/khaledob/bookros2_ws/src/ThirdParty/ros2_controllers/diff_drive_controller', 'symlink_install': True, 'test_result_base': None}
[0.641s] Level 5:colcon.colcon_core.verb:set package 'force_torque_sensor_broadcaster' build argument 'cmake_args' from command line to 'None'
[0.641s] Level 5:colcon.colcon_core.verb:set package 'force_torque_sensor_broadcaster' build argument 'cmake_target' from command line to 'None'
[0.641s] Level 5:colcon.colcon_core.verb:set package 'force_torque_sensor_broadcaster' build argument 'cmake_target_skip_unavailable' from command line to 'False'
[0.641s] Level 5:colcon.colcon_core.verb:set package 'force_torque_sensor_broadcaster' build argument 'cmake_clean_cache' from command line to 'False'
[0.641s] Level 5:colcon.colcon_core.verb:set package 'force_torque_sensor_broadcaster' build argument 'cmake_clean_first' from command line to 'False'
[0.641s] Level 5:colcon.colcon_core.verb:set package 'force_torque_sensor_broadcaster' build argument 'cmake_force_configure' from command line to 'False'
[0.641s] Level 5:colcon.colcon_core.verb:set package 'force_torque_sensor_broadcaster' build argument 'ament_cmake_args' from command line to 'None'
[0.641s] Level 5:colcon.colcon_core.verb:set package 'force_torque_sensor_broadcaster' build argument 'catkin_cmake_args' from command line to 'None'
[0.641s] Level 5:colcon.colcon_core.verb:set package 'force_torque_sensor_broadcaster' build argument 'catkin_skip_building_tests' from command line to 'False'
[0.641s] DEBUG:colcon.colcon_core.verb:Building package 'force_torque_sensor_broadcaster' with the following arguments: {'ament_cmake_args': None, 'build_base': '/home/khaledob/bookros2_ws/build/force_torque_sensor_broadcaster', 'catkin_cmake_args': None, 'catkin_skip_building_tests': False, 'cmake_args': None, 'cmake_clean_cache': False, 'cmake_clean_first': False, 'cmake_force_configure': False, 'cmake_target': None, 'cmake_target_skip_unavailable': False, 'install_base': '/home/khaledob/bookros2_ws/install/force_torque_sensor_broadcaster', 'merge_install': False, 'path': '/home/khaledob/bookros2_ws/src/ThirdParty/ros2_controllers/force_torque_sensor_broadcaster', 'symlink_install': True, 'test_result_base': None}
[0.641s] Level 5:colcon.colcon_core.verb:set package 'forward_command_controller' build argument 'cmake_args' from command line to 'None'
[0.641s] Level 5:colcon.colcon_core.verb:set package 'forward_command_controller' build argument 'cmake_target' from command line to 'None'
[0.642s] Level 5:colcon.colcon_core.verb:set package 'forward_command_controller' build argument 'cmake_target_skip_unavailable' from command line to 'False'
[0.642s] Level 5:colcon.colcon_core.verb:set package 'forward_command_controller' build argument 'cmake_clean_cache' from command line to 'False'
[0.642s] Level 5:colcon.colcon_core.verb:set package 'forward_command_controller' build argument 'cmake_clean_first' from command line to 'False'
[0.642s] Level 5:colcon.colcon_core.verb:set package 'forward_command_controller' build argument 'cmake_force_configure' from command line to 'False'
[0.642s] Level 5:colcon.colcon_core.verb:set package 'forward_command_controller' build argument 'ament_cmake_args' from command line to 'None'
[0.642s] Level 5:colcon.colcon_core.verb:set package 'forward_command_controller' build argument 'catkin_cmake_args' from command line to 'None'
[0.642s] Level 5:colcon.colcon_core.verb:set package 'forward_command_controller' build argument 'catkin_skip_building_tests' from command line to 'False'
[0.642s] DEBUG:colcon.colcon_core.verb:Building package 'forward_command_controller' with the following arguments: {'ament_cmake_args': None, 'build_base': '/home/khaledob/bookros2_ws/build/forward_command_controller', 'catkin_cmake_args': None, 'catkin_skip_building_tests': False, 'cmake_args': None, 'cmake_clean_cache': False, 'cmake_clean_first': False, 'cmake_force_configure': False, 'cmake_target': None, 'cmake_target_skip_unavailable': False, 'install_base': '/home/khaledob/bookros2_ws/install/forward_command_controller', 'merge_install': False, 'path': '/home/khaledob/bookros2_ws/src/ThirdParty/ros2_controllers/forward_command_controller', 'symlink_install': True, 'test_result_base': None}
[0.642s] Level 5:colcon.colcon_core.verb:set package 'gazebo_ros2_control' build argument 'cmake_args' from command line to 'None'
[0.642s] Level 5:colcon.colcon_core.verb:set package 'gazebo_ros2_control' build argument 'cmake_target' from command line to 'None'
[0.642s] Level 5:colcon.colcon_core.verb:set package 'gazebo_ros2_control' build argument 'cmake_target_skip_unavailable' from command line to 'False'
[0.642s] Level 5:colcon.colcon_core.verb:set package 'gazebo_ros2_control' build argument 'cmake_clean_cache' from command line to 'False'
[0.642s] Level 5:colcon.colcon_core.verb:set package 'gazebo_ros2_control' build argument 'cmake_clean_first' from command line to 'False'
[0.642s] Level 5:colcon.colcon_core.verb:set package 'gazebo_ros2_control' build argument 'cmake_force_configure' from command line to 'False'
[0.642s] Level 5:colcon.colcon_core.verb:set package 'gazebo_ros2_control' build argument 'ament_cmake_args' from command line to 'None'
[0.643s] Level 5:colcon.colcon_core.verb:set package 'gazebo_ros2_control' build argument 'catkin_cmake_args' from command line to 'None'
[0.643s] Level 5:colcon.colcon_core.verb:set package 'gazebo_ros2_control' build argument 'catkin_skip_building_tests' from command line to 'False'
[0.643s] DEBUG:colcon.colcon_core.verb:Building package 'gazebo_ros2_control' with the following arguments: {'ament_cmake_args': None, 'build_base': '/home/khaledob/bookros2_ws/build/gazebo_ros2_control', 'catkin_cmake_args': None, 'catkin_skip_building_tests': False, 'cmake_args': None, 'cmake_clean_cache': False, 'cmake_clean_first': False, 'cmake_force_configure': False, 'cmake_target': None, 'cmake_target_skip_unavailable': False, 'install_base': '/home/khaledob/bookros2_ws/install/gazebo_ros2_control', 'merge_install': False, 'path': '/home/khaledob/bookros2_ws/src/ThirdParty/gazebo_ros2_control/gazebo_ros2_control', 'symlink_install': True, 'test_result_base': None}
[0.643s] Level 5:colcon.colcon_core.verb:set package 'gripper_controllers' build argument 'cmake_args' from command line to 'None'
[0.643s] Level 5:colcon.colcon_core.verb:set package 'gripper_controllers' build argument 'cmake_target' from command line to 'None'
[0.643s] Level 5:colcon.colcon_core.verb:set package 'gripper_controllers' build argument 'cmake_target_skip_unavailable' from command line to 'False'
[0.643s] Level 5:colcon.colcon_core.verb:set package 'gripper_controllers' build argument 'cmake_clean_cache' from command line to 'False'
[0.643s] Level 5:colcon.colcon_core.verb:set package 'gripper_controllers' build argument 'cmake_clean_first' from command line to 'False'
[0.643s] Level 5:colcon.colcon_core.verb:set package 'gripper_controllers' build argument 'cmake_force_configure' from command line to 'False'
[0.643s] Level 5:colcon.colcon_core.verb:set package 'gripper_controllers' build argument 'ament_cmake_args' from command line to 'None'
[0.643s] Level 5:colcon.colcon_core.verb:set package 'gripper_controllers' build argument 'catkin_cmake_args' from command line to 'None'
[0.643s] Level 5:colcon.colcon_core.verb:set package 'gripper_controllers' build argument 'catkin_skip_building_tests' from command line to 'False'
[0.643s] DEBUG:colcon.colcon_core.verb:Building package 'gripper_controllers' with the following arguments: {'ament_cmake_args': None, 'build_base': '/home/khaledob/bookros2_ws/build/gripper_controllers', 'catkin_cmake_args': None, 'catkin_skip_building_tests': False, 'cmake_args': None, 'cmake_clean_cache': False, 'cmake_clean_first': False, 'cmake_force_configure': False, 'cmake_target': None, 'cmake_target_skip_unavailable': False, 'install_base': '/home/khaledob/bookros2_ws/install/gripper_controllers', 'merge_install': False, 'path': '/home/khaledob/bookros2_ws/src/ThirdParty/ros2_controllers/gripper_controllers', 'symlink_install': True, 'test_result_base': None}
[0.643s] Level 5:colcon.colcon_core.verb:set package 'imu_sensor_broadcaster' build argument 'cmake_args' from command line to 'None'
[0.644s] Level 5:colcon.colcon_core.verb:set package 'imu_sensor_broadcaster' build argument 'cmake_target' from command line to 'None'
[0.644s] Level 5:colcon.colcon_core.verb:set package 'imu_sensor_broadcaster' build argument 'cmake_target_skip_unavailable' from command line to 'False'
[0.644s] Level 5:colcon.colcon_core.verb:set package 'imu_sensor_broadcaster' build argument 'cmake_clean_cache' from command line to 'False'
[0.644s] Level 5:colcon.colcon_core.verb:set package 'imu_sensor_broadcaster' build argument 'cmake_clean_first' from command line to 'False'
[0.644s] Level 5:colcon.colcon_core.verb:set package 'imu_sensor_broadcaster' build argument 'cmake_force_configure' from command line to 'False'
[0.644s] Level 5:colcon.colcon_core.verb:set package 'imu_sensor_broadcaster' build argument 'ament_cmake_args' from command line to 'None'
[0.644s] Level 5:colcon.colcon_core.verb:set package 'imu_sensor_broadcaster' build argument 'catkin_cmake_args' from command line to 'None'
[0.644s] Level 5:colcon.colcon_core.verb:set package 'imu_sensor_broadcaster' build argument 'catkin_skip_building_tests' from command line to 'False'
[0.644s] DEBUG:colcon.colcon_core.verb:Building package 'imu_sensor_broadcaster' with the following arguments: {'ament_cmake_args': None, 'build_base': '/home/khaledob/bookros2_ws/build/imu_sensor_broadcaster', 'catkin_cmake_args': None, 'catkin_skip_building_tests': False, 'cmake_args': None, 'cmake_clean_cache': False, 'cmake_clean_first': False, 'cmake_force_configure': False, 'cmake_target': None, 'cmake_target_skip_unavailable': False, 'install_base': '/home/khaledob/bookros2_ws/install/imu_sensor_broadcaster', 'merge_install': False, 'path': '/home/khaledob/bookros2_ws/src/ThirdParty/ros2_controllers/imu_sensor_broadcaster', 'symlink_install': True, 'test_result_base': None}
[0.644s] Level 5:colcon.colcon_core.verb:set package 'joint_state_broadcaster' build argument 'cmake_args' from command line to 'None'
[0.644s] Level 5:colcon.colcon_core.verb:set package 'joint_state_broadcaster' build argument 'cmake_target' from command line to 'None'
[0.644s] Level 5:colcon.colcon_core.verb:set package 'joint_state_broadcaster' build argument 'cmake_target_skip_unavailable' from command line to 'False'
[0.644s] Level 5:colcon.colcon_core.verb:set package 'joint_state_broadcaster' build argument 'cmake_clean_cache' from command line to 'False'
[0.644s] Level 5:colcon.colcon_core.verb:set package 'joint_state_broadcaster' build argument 'cmake_clean_first' from command line to 'False'
[0.644s] Level 5:colcon.colcon_core.verb:set package 'joint_state_broadcaster' build argument 'cmake_force_configure' from command line to 'False'
[0.644s] Level 5:colcon.colcon_core.verb:set package 'joint_state_broadcaster' build argument 'ament_cmake_args' from command line to 'None'
[0.644s] Level 5:colcon.colcon_core.verb:set package 'joint_state_broadcaster' build argument 'catkin_cmake_args' from command line to 'None'
[0.644s] Level 5:colcon.colcon_core.verb:set package 'joint_state_broadcaster' build argument 'catkin_skip_building_tests' from command line to 'False'
[0.644s] DEBUG:colcon.colcon_core.verb:Building package 'joint_state_broadcaster' with the following arguments: {'ament_cmake_args': None, 'build_base': '/home/khaledob/bookros2_ws/build/joint_state_broadcaster', 'catkin_cmake_args': None, 'catkin_skip_building_tests': False, 'cmake_args': None, 'cmake_clean_cache': False, 'cmake_clean_first': False, 'cmake_force_configure': False, 'cmake_target': None, 'cmake_target_skip_unavailable': False, 'install_base': '/home/khaledob/bookros2_ws/install/joint_state_broadcaster', 'merge_install': False, 'path': '/home/khaledob/bookros2_ws/src/ThirdParty/ros2_controllers/joint_state_broadcaster', 'symlink_install': True, 'test_result_base': None}
[0.645s] Level 5:colcon.colcon_core.verb:set package 'joint_trajectory_controller' build argument 'cmake_args' from command line to 'None'
[0.645s] Level 5:colcon.colcon_core.verb:set package 'joint_trajectory_controller' build argument 'cmake_target' from command line to 'None'
[0.645s] Level 5:colcon.colcon_core.verb:set package 'joint_trajectory_controller' build argument 'cmake_target_skip_unavailable' from command line to 'False'
[0.645s] Level 5:colcon.colcon_core.verb:set package 'joint_trajectory_controller' build argument 'cmake_clean_cache' from command line to 'False'
[0.645s] Level 5:colcon.colcon_core.verb:set package 'joint_trajectory_controller' build argument 'cmake_clean_first' from command line to 'False'
[0.645s] Level 5:colcon.colcon_core.verb:set package 'joint_trajectory_controller' build argument 'cmake_force_configure' from command line to 'False'
[0.645s] Level 5:colcon.colcon_core.verb:set package 'joint_trajectory_controller' build argument 'ament_cmake_args' from command line to 'None'
[0.645s] Level 5:colcon.colcon_core.verb:set package 'joint_trajectory_controller' build argument 'catkin_cmake_args' from command line to 'None'
[0.645s] Level 5:colcon.colcon_core.verb:set package 'joint_trajectory_controller' build argument 'catkin_skip_building_tests' from command line to 'False'
[0.645s] DEBUG:colcon.colcon_core.verb:Building package 'joint_trajectory_controller' with the following arguments: {'ament_cmake_args': None, 'build_base': '/home/khaledob/bookros2_ws/build/joint_trajectory_controller', 'catkin_cmake_args': None, 'catkin_skip_building_tests': False, 'cmake_args': None, 'cmake_clean_cache': False, 'cmake_clean_first': False, 'cmake_force_configure': False, 'cmake_target': None, 'cmake_target_skip_unavailable': False, 'install_base': '/home/khaledob/bookros2_ws/install/joint_trajectory_controller', 'merge_install': False, 'path': '/home/khaledob/bookros2_ws/src/ThirdParty/ros2_controllers/joint_trajectory_controller', 'symlink_install': True, 'test_result_base': None}
[0.645s] Level 5:colcon.colcon_core.verb:set package 'ros2controlcli' build argument 'cmake_args' from command line to 'None'
[0.645s] Level 5:colcon.colcon_core.verb:set package 'ros2controlcli' build argument 'cmake_target' from command line to 'None'
[0.646s] Level 5:colcon.colcon_core.verb:set package 'ros2controlcli' build argument 'cmake_target_skip_unavailable' from command line to 'False'
[0.646s] Level 5:colcon.colcon_core.verb:set package 'ros2controlcli' build argument 'cmake_clean_cache' from command line to 'False'
[0.646s] Level 5:colcon.colcon_core.verb:set package 'ros2controlcli' build argument 'cmake_clean_first' from command line to 'False'
[0.646s] Level 5:colcon.colcon_core.verb:set package 'ros2controlcli' build argument 'cmake_force_configure' from command line to 'False'
[0.646s] Level 5:colcon.colcon_core.verb:set package 'ros2controlcli' build argument 'ament_cmake_args' from command line to 'None'
[0.646s] Level 5:colcon.colcon_core.verb:set package 'ros2controlcli' build argument 'catkin_cmake_args' from command line to 'None'
[0.646s] Level 5:colcon.colcon_core.verb:set package 'ros2controlcli' build argument 'catkin_skip_building_tests' from command line to 'False'
[0.646s] DEBUG:colcon.colcon_core.verb:Building package 'ros2controlcli' with the following arguments: {'ament_cmake_args': None, 'build_base': '/home/khaledob/bookros2_ws/build/ros2controlcli', 'catkin_cmake_args': None, 'catkin_skip_building_tests': False, 'cmake_args': None, 'cmake_clean_cache': False, 'cmake_clean_first': False, 'cmake_force_configure': False, 'cmake_target': None, 'cmake_target_skip_unavailable': False, 'install_base': '/home/khaledob/bookros2_ws/install/ros2controlcli', 'merge_install': False, 'path': '/home/khaledob/bookros2_ws/src/ThirdParty/ros2_control/ros2controlcli', 'symlink_install': True, 'test_result_base': None}
[0.647s] Level 5:colcon.colcon_core.verb:set package 'effort_controllers' build argument 'cmake_args' from command line to 'None'
[0.647s] Level 5:colcon.colcon_core.verb:set package 'effort_controllers' build argument 'cmake_target' from command line to 'None'
[0.647s] Level 5:colcon.colcon_core.verb:set package 'effort_controllers' build argument 'cmake_target_skip_unavailable' from command line to 'False'
[0.647s] Level 5:colcon.colcon_core.verb:set package 'effort_controllers' build argument 'cmake_clean_cache' from command line to 'False'
[0.647s] Level 5:colcon.colcon_core.verb:set package 'effort_controllers' build argument 'cmake_clean_first' from command line to 'False'
[0.647s] Level 5:colcon.colcon_core.verb:set package 'effort_controllers' build argument 'cmake_force_configure' from command line to 'False'
[0.647s] Level 5:colcon.colcon_core.verb:set package 'effort_controllers' build argument 'ament_cmake_args' from command line to 'None'
[0.647s] Level 5:colcon.colcon_core.verb:set package 'effort_controllers' build argument 'catkin_cmake_args' from command line to 'None'
[0.647s] Level 5:colcon.colcon_core.verb:set package 'effort_controllers' build argument 'catkin_skip_building_tests' from command line to 'False'
[0.647s] DEBUG:colcon.colcon_core.verb:Building package 'effort_controllers' with the following arguments: {'ament_cmake_args': None, 'build_base': '/home/khaledob/bookros2_ws/build/effort_controllers', 'catkin_cmake_args': None, 'catkin_skip_building_tests': False, 'cmake_args': None, 'cmake_clean_cache': False, 'cmake_clean_first': False, 'cmake_force_configure': False, 'cmake_target': None, 'cmake_target_skip_unavailable': False, 'install_base': '/home/khaledob/bookros2_ws/install/effort_controllers', 'merge_install': False, 'path': '/home/khaledob/bookros2_ws/src/ThirdParty/ros2_controllers/effort_controllers', 'symlink_install': True, 'test_result_base': None}
[0.647s] Level 5:colcon.colcon_core.verb:set package 'joint_state_controller' build argument 'cmake_args' from command line to 'None'
[0.647s] Level 5:colcon.colcon_core.verb:set package 'joint_state_controller' build argument 'cmake_target' from command line to 'None'
[0.647s] Level 5:colcon.colcon_core.verb:set package 'joint_state_controller' build argument 'cmake_target_skip_unavailable' from command line to 'False'
[0.648s] Level 5:colcon.colcon_core.verb:set package 'joint_state_controller' build argument 'cmake_clean_cache' from command line to 'False'
[0.648s] Level 5:colcon.colcon_core.verb:set package 'joint_state_controller' build argument 'cmake_clean_first' from command line to 'False'
[0.648s] Level 5:colcon.colcon_core.verb:set package 'joint_state_controller' build argument 'cmake_force_configure' from command line to 'False'
[0.648s] Level 5:colcon.colcon_core.verb:set package 'joint_state_controller' build argument 'ament_cmake_args' from command line to 'None'
[0.648s] Level 5:colcon.colcon_core.verb:set package 'joint_state_controller' build argument 'catkin_cmake_args' from command line to 'None'
[0.648s] Level 5:colcon.colcon_core.verb:set package 'joint_state_controller' build argument 'catkin_skip_building_tests' from command line to 'False'
[0.648s] DEBUG:colcon.colcon_core.verb:Building package 'joint_state_controller' with the following arguments: {'ament_cmake_args': None, 'build_base': '/home/khaledob/bookros2_ws/build/joint_state_controller', 'catkin_cmake_args': None, 'catkin_skip_building_tests': False, 'cmake_args': None, 'cmake_clean_cache': False, 'cmake_clean_first': False, 'cmake_force_configure': False, 'cmake_target': None, 'cmake_target_skip_unavailable': False, 'install_base': '/home/khaledob/bookros2_ws/install/joint_state_controller', 'merge_install': False, 'path': '/home/khaledob/bookros2_ws/src/ThirdParty/ros2_controllers/joint_state_controller', 'symlink_install': True, 'test_result_base': None}
[0.648s] Level 5:colcon.colcon_core.verb:set package 'position_controllers' build argument 'cmake_args' from command line to 'None'
[0.648s] Level 5:colcon.colcon_core.verb:set package 'position_controllers' build argument 'cmake_target' from command line to 'None'
[0.648s] Level 5:colcon.colcon_core.verb:set package 'position_controllers' build argument 'cmake_target_skip_unavailable' from command line to 'False'
[0.648s] Level 5:colcon.colcon_core.verb:set package 'position_controllers' build argument 'cmake_clean_cache' from command line to 'False'
[0.648s] Level 5:colcon.colcon_core.verb:set package 'position_controllers' build argument 'cmake_clean_first' from command line to 'False'
[0.648s] Level 5:colcon.colcon_core.verb:set package 'position_controllers' build argument 'cmake_force_configure' from command line to 'False'
[0.648s] Level 5:colcon.colcon_core.verb:set package 'position_controllers' build argument 'ament_cmake_args' from command line to 'None'
[0.648s] Level 5:colcon.colcon_core.verb:set package 'position_controllers' build argument 'catkin_cmake_args' from command line to 'None'
[0.648s] Level 5:colcon.colcon_core.verb:set package 'position_controllers' build argument 'catkin_skip_building_tests' from command line to 'False'
[0.648s] DEBUG:colcon.colcon_core.verb:Building package 'position_controllers' with the following arguments: {'ament_cmake_args': None, 'build_base': '/home/khaledob/bookros2_ws/build/position_controllers', 'catkin_cmake_args': None, 'catkin_skip_building_tests': False, 'cmake_args': None, 'cmake_clean_cache': False, 'cmake_clean_first': False, 'cmake_force_configure': False, 'cmake_target': None, 'cmake_target_skip_unavailable': False, 'install_base': '/home/khaledob/bookros2_ws/install/position_controllers', 'merge_install': False, 'path': '/home/khaledob/bookros2_ws/src/ThirdParty/ros2_controllers/position_controllers', 'symlink_install': True, 'test_result_base': None}
[0.649s] Level 5:colcon.colcon_core.verb:set package 'ros2_control' build argument 'cmake_args' from command line to 'None'
[0.649s] Level 5:colcon.colcon_core.verb:set package 'ros2_control' build argument 'cmake_target' from command line to 'None'
[0.649s] Level 5:colcon.colcon_core.verb:set package 'ros2_control' build argument 'cmake_target_skip_unavailable' from command line to 'False'
[0.649s] Level 5:colcon.colcon_core.verb:set package 'ros2_control' build argument 'cmake_clean_cache' from command line to 'False'
[0.649s] Level 5:colcon.colcon_core.verb:set package 'ros2_control' build argument 'cmake_clean_first' from command line to 'False'
[0.649s] Level 5:colcon.colcon_core.verb:set package 'ros2_control' build argument 'cmake_force_configure' from command line to 'False'
[0.649s] Level 5:colcon.colcon_core.verb:set package 'ros2_control' build argument 'ament_cmake_args' from command line to 'None'
[0.649s] Level 5:colcon.colcon_core.verb:set package 'ros2_control' build argument 'catkin_cmake_args' from command line to 'None'
[0.649s] Level 5:colcon.colcon_core.verb:set package 'ros2_control' build argument 'catkin_skip_building_tests' from command line to 'False'
[0.649s] DEBUG:colcon.colcon_core.verb:Building package 'ros2_control' with the following arguments: {'ament_cmake_args': None, 'build_base': '/home/khaledob/bookros2_ws/build/ros2_control', 'catkin_cmake_args': None, 'catkin_skip_building_tests': False, 'cmake_args': None, 'cmake_clean_cache': False, 'cmake_clean_first': False, 'cmake_force_configure': False, 'cmake_target': None, 'cmake_target_skip_unavailable': False, 'install_base': '/home/khaledob/bookros2_ws/install/ros2_control', 'merge_install': False, 'path': '/home/khaledob/bookros2_ws/src/ThirdParty/ros2_control/ros2_control', 'symlink_install': True, 'test_result_base': None}
[0.649s] Level 5:colcon.colcon_core.verb:set package 'velocity_controllers' build argument 'cmake_args' from command line to 'None'
[0.650s] Level 5:colcon.colcon_core.verb:set package 'velocity_controllers' build argument 'cmake_target' from command line to 'None'
[0.650s] Level 5:colcon.colcon_core.verb:set package 'velocity_controllers' build argument 'cmake_target_skip_unavailable' from command line to 'False'
[0.650s] Level 5:colcon.colcon_core.verb:set package 'velocity_controllers' build argument 'cmake_clean_cache' from command line to 'False'
[0.650s] Level 5:colcon.colcon_core.verb:set package 'velocity_controllers' build argument 'cmake_clean_first' from command line to 'False'
[0.650s] Level 5:colcon.colcon_core.verb:set package 'velocity_controllers' build argument 'cmake_force_configure' from command line to 'False'
[0.650s] Level 5:colcon.colcon_core.verb:set package 'velocity_controllers' build argument 'ament_cmake_args' from command line to 'None'
[0.650s] Level 5:colcon.colcon_core.verb:set package 'velocity_controllers' build argument 'catkin_cmake_args' from command line to 'None'
[0.650s] Level 5:colcon.colcon_core.verb:set package 'velocity_controllers' build argument 'catkin_skip_building_tests' from command line to 'False'
[0.650s] DEBUG:colcon.colcon_core.verb:Building package 'velocity_controllers' with the following arguments: {'ament_cmake_args': None, 'build_base': '/home/khaledob/bookros2_ws/build/velocity_controllers', 'catkin_cmake_args': None, 'catkin_skip_building_tests': False, 'cmake_args': None, 'cmake_clean_cache': False, 'cmake_clean_first': False, 'cmake_force_configure': False, 'cmake_target': None, 'cmake_target_skip_unavailable': False, 'install_base': '/home/khaledob/bookros2_ws/install/velocity_controllers', 'merge_install': False, 'path': '/home/khaledob/bookros2_ws/src/ThirdParty/ros2_controllers/velocity_controllers', 'symlink_install': True, 'test_result_base': None}
[0.651s] Level 5:colcon.colcon_core.verb:set package 'pal_gripper_controller_configuration' build argument 'cmake_args' from command line to 'None'
[0.651s] Level 5:colcon.colcon_core.verb:set package 'pal_gripper_controller_configuration' build argument 'cmake_target' from command line to 'None'
[0.651s] Level 5:colcon.colcon_core.verb:set package 'pal_gripper_controller_configuration' build argument 'cmake_target_skip_unavailable' from command line to 'False'
[0.651s] Level 5:colcon.colcon_core.verb:set package 'pal_gripper_controller_configuration' build argument 'cmake_clean_cache' from command line to 'False'
[0.651s] Level 5:colcon.colcon_core.verb:set package 'pal_gripper_controller_configuration' build argument 'cmake_clean_first' from command line to 'False'
[0.651s] Level 5:colcon.colcon_core.verb:set package 'pal_gripper_controller_configuration' build argument 'cmake_force_configure' from command line to 'False'
[0.651s] Level 5:colcon.colcon_core.verb:set package 'pal_gripper_controller_configuration' build argument 'ament_cmake_args' from command line to 'None'
[0.651s] Level 5:colcon.colcon_core.verb:set package 'pal_gripper_controller_configuration' build argument 'catkin_cmake_args' from command line to 'None'
[0.651s] Level 5:colcon.colcon_core.verb:set package 'pal_gripper_controller_configuration' build argument 'catkin_skip_building_tests' from command line to 'False'
[0.651s] DEBUG:colcon.colcon_core.verb:Building package 'pal_gripper_controller_configuration' with the following arguments: {'ament_cmake_args': None, 'build_base': '/home/khaledob/bookros2_ws/build/pal_gripper_controller_configuration', 'catkin_cmake_args': None, 'catkin_skip_building_tests': False, 'cmake_args': None, 'cmake_clean_cache': False, 'cmake_clean_first': False, 'cmake_force_configure': False, 'cmake_target': None, 'cmake_target_skip_unavailable': False, 'install_base': '/home/khaledob/bookros2_ws/install/pal_gripper_controller_configuration', 'merge_install': False, 'path': '/home/khaledob/bookros2_ws/src/ThirdParty/pal_gripper/pal_gripper_controller_configuration', 'symlink_install': True, 'test_result_base': None}
[0.651s] Level 5:colcon.colcon_core.verb:set package 'pmb2_controller_configuration' build argument 'cmake_args' from command line to 'None'
[0.651s] Level 5:colcon.colcon_core.verb:set package 'pmb2_controller_configuration' build argument 'cmake_target' from command line to 'None'
[0.652s] Level 5:colcon.colcon_core.verb:set package 'pmb2_controller_configuration' build argument 'cmake_target_skip_unavailable' from command line to 'False'
[0.652s] Level 5:colcon.colcon_core.verb:set package 'pmb2_controller_configuration' build argument 'cmake_clean_cache' from command line to 'False'
[0.652s] Level 5:colcon.colcon_core.verb:set package 'pmb2_controller_configuration' build argument 'cmake_clean_first' from command line to 'False'
[0.652s] Level 5:colcon.colcon_core.verb:set package 'pmb2_controller_configuration' build argument 'cmake_force_configure' from command line to 'False'
[0.652s] Level 5:colcon.colcon_core.verb:set package 'pmb2_controller_configuration' build argument 'ament_cmake_args' from command line to 'None'
[0.652s] Level 5:colcon.colcon_core.verb:set package 'pmb2_controller_configuration' build argument 'catkin_cmake_args' from command line to 'None'
[0.652s] Level 5:colcon.colcon_core.verb:set package 'pmb2_controller_configuration' build argument 'catkin_skip_building_tests' from command line to 'False'
[0.652s] DEBUG:colcon.colcon_core.verb:Building package 'pmb2_controller_configuration' with the following arguments: {'ament_cmake_args': None, 'build_base': '/home/khaledob/bookros2_ws/build/pmb2_controller_configuration', 'catkin_cmake_args': None, 'catkin_skip_building_tests': False, 'cmake_args': None, 'cmake_clean_cache': False, 'cmake_clean_first': False, 'cmake_force_configure': False, 'cmake_target': None, 'cmake_target_skip_unavailable': False, 'install_base': '/home/khaledob/bookros2_ws/install/pmb2_controller_configuration', 'merge_install': False, 'path': '/home/khaledob/bookros2_ws/src/ThirdParty/pmb2_robot/pmb2_controller_configuration', 'symlink_install': True, 'test_result_base': None}
[0.652s] Level 5:colcon.colcon_core.verb:set package 'ros2_controllers' build argument 'cmake_args' from command line to 'None'
[0.652s] Level 5:colcon.colcon_core.verb:set package 'ros2_controllers' build argument 'cmake_target' from command line to 'None'
[0.652s] Level 5:colcon.colcon_core.verb:set package 'ros2_controllers' build argument 'cmake_target_skip_unavailable' from command line to 'False'
[0.652s] Level 5:colcon.colcon_core.verb:set package 'ros2_controllers' build argument 'cmake_clean_cache' from command line to 'False'
[0.652s] Level 5:colcon.colcon_core.verb:set package 'ros2_controllers' build argument 'cmake_clean_first' from command line to 'False'
[0.652s] Level 5:colcon.colcon_core.verb:set package 'ros2_controllers' build argument 'cmake_force_configure' from command line to 'False'
[0.652s] Level 5:colcon.colcon_core.verb:set package 'ros2_controllers' build argument 'ament_cmake_args' from command line to 'None'
[0.652s] Level 5:colcon.colcon_core.verb:set package 'ros2_controllers' build argument 'catkin_cmake_args' from command line to 'None'
[0.652s] Level 5:colcon.colcon_core.verb:set package 'ros2_controllers' build argument 'catkin_skip_building_tests' from command line to 'False'
[0.652s] DEBUG:colcon.colcon_core.verb:Building package 'ros2_controllers' with the following arguments: {'ament_cmake_args': None, 'build_base': '/home/khaledob/bookros2_ws/build/ros2_controllers', 'catkin_cmake_args': None, 'catkin_skip_building_tests': False, 'cmake_args': None, 'cmake_clean_cache': False, 'cmake_clean_first': False, 'cmake_force_configure': False, 'cmake_target': None, 'cmake_target_skip_unavailable': False, 'install_base': '/home/khaledob/bookros2_ws/install/ros2_controllers', 'merge_install': False, 'path': '/home/khaledob/bookros2_ws/src/ThirdParty/ros2_controllers/ros2_controllers', 'symlink_install': True, 'test_result_base': None}
[0.653s] Level 5:colcon.colcon_core.verb:set package 'gazebo_ros2_control_demos' build argument 'cmake_args' from command line to 'None'
[0.653s] Level 5:colcon.colcon_core.verb:set package 'gazebo_ros2_control_demos' build argument 'cmake_target' from command line to 'None'
[0.653s] Level 5:colcon.colcon_core.verb:set package 'gazebo_ros2_control_demos' build argument 'cmake_target_skip_unavailable' from command line to 'False'
[0.653s] Level 5:colcon.colcon_core.verb:set package 'gazebo_ros2_control_demos' build argument 'cmake_clean_cache' from command line to 'False'
[0.653s] Level 5:colcon.colcon_core.verb:set package 'gazebo_ros2_control_demos' build argument 'cmake_clean_first' from command line to 'False'
[0.653s] Level 5:colcon.colcon_core.verb:set package 'gazebo_ros2_control_demos' build argument 'cmake_force_configure' from command line to 'False'
[0.653s] Level 5:colcon.colcon_core.verb:set package 'gazebo_ros2_control_demos' build argument 'ament_cmake_args' from command line to 'None'
[0.653s] Level 5:colcon.colcon_core.verb:set package 'gazebo_ros2_control_demos' build argument 'catkin_cmake_args' from command line to 'None'
[0.653s] Level 5:colcon.colcon_core.verb:set package 'gazebo_ros2_control_demos' build argument 'catkin_skip_building_tests' from command line to 'False'
[0.653s] DEBUG:colcon.colcon_core.verb:Building package 'gazebo_ros2_control_demos' with the following arguments: {'ament_cmake_args': None, 'build_base': '/home/khaledob/bookros2_ws/build/gazebo_ros2_control_demos', 'catkin_cmake_args': None, 'catkin_skip_building_tests': False, 'cmake_args': None, 'cmake_clean_cache': False, 'cmake_clean_first': False, 'cmake_force_configure': False, 'cmake_target': None, 'cmake_target_skip_unavailable': False, 'install_base': '/home/khaledob/bookros2_ws/install/gazebo_ros2_control_demos', 'merge_install': False, 'path': '/home/khaledob/bookros2_ws/src/ThirdParty/gazebo_ros2_control/gazebo_ros2_control_demos', 'symlink_install': True, 'test_result_base': None}
[0.653s] Level 5:colcon.colcon_core.verb:set package 'pal_gripper' build argument 'cmake_args' from command line to 'None'
[0.653s] Level 5:colcon.colcon_core.verb:set package 'pal_gripper' build argument 'cmake_target' from command line to 'None'
[0.654s] Level 5:colcon.colcon_core.verb:set package 'pal_gripper' build argument 'cmake_target_skip_unavailable' from command line to 'False'
[0.654s] Level 5:colcon.colcon_core.verb:set package 'pal_gripper' build argument 'cmake_clean_cache' from command line to 'False'
[0.654s] Level 5:colcon.colcon_core.verb:set package 'pal_gripper' build argument 'cmake_clean_first' from command line to 'False'
[0.654s] Level 5:colcon.colcon_core.verb:set package 'pal_gripper' build argument 'cmake_force_configure' from command line to 'False'
[0.654s] Level 5:colcon.colcon_core.verb:set package 'pal_gripper' build argument 'ament_cmake_args' from command line to 'None'
[0.654s] Level 5:colcon.colcon_core.verb:set package 'pal_gripper' build argument 'catkin_cmake_args' from command line to 'None'
[0.654s] Level 5:colcon.colcon_core.verb:set package 'pal_gripper' build argument 'catkin_skip_building_tests' from command line to 'False'
[0.654s] DEBUG:colcon.colcon_core.verb:Building package 'pal_gripper' with the following arguments: {'ament_cmake_args': None, 'build_base': '/home/khaledob/bookros2_ws/build/pal_gripper', 'catkin_cmake_args': None, 'catkin_skip_building_tests': False, 'cmake_args': None, 'cmake_clean_cache': False, 'cmake_clean_first': False, 'cmake_force_configure': False, 'cmake_target': None, 'cmake_target_skip_unavailable': False, 'install_base': '/home/khaledob/bookros2_ws/install/pal_gripper', 'merge_install': False, 'path': '/home/khaledob/bookros2_ws/src/ThirdParty/pal_gripper/pal_gripper', 'symlink_install': True, 'test_result_base': None}
[0.654s] Level 5:colcon.colcon_core.verb:set package 'pmb2_description' build argument 'cmake_args' from command line to 'None'
[0.654s] Level 5:colcon.colcon_core.verb:set package 'pmb2_description' build argument 'cmake_target' from command line to 'None'
[0.654s] Level 5:colcon.colcon_core.verb:set package 'pmb2_description' build argument 'cmake_target_skip_unavailable' from command line to 'False'
[0.654s] Level 5:colcon.colcon_core.verb:set package 'pmb2_description' build argument 'cmake_clean_cache' from command line to 'False'
[0.654s] Level 5:colcon.colcon_core.verb:set package 'pmb2_description' build argument 'cmake_clean_first' from command line to 'False'
[0.654s] Level 5:colcon.colcon_core.verb:set package 'pmb2_description' build argument 'cmake_force_configure' from command line to 'False'
[0.654s] Level 5:colcon.colcon_core.verb:set package 'pmb2_description' build argument 'ament_cmake_args' from command line to 'None'
[0.655s] Level 5:colcon.colcon_core.verb:set package 'pmb2_description' build argument 'catkin_cmake_args' from command line to 'None'
[0.655s] Level 5:colcon.colcon_core.verb:set package 'pmb2_description' build argument 'catkin_skip_building_tests' from command line to 'False'
[0.655s] DEBUG:colcon.colcon_core.verb:Building package 'pmb2_description' with the following arguments: {'ament_cmake_args': None, 'build_base': '/home/khaledob/bookros2_ws/build/pmb2_description', 'catkin_cmake_args': None, 'catkin_skip_building_tests': False, 'cmake_args': None, 'cmake_clean_cache': False, 'cmake_clean_first': False, 'cmake_force_configure': False, 'cmake_target': None, 'cmake_target_skip_unavailable': False, 'install_base': '/home/khaledob/bookros2_ws/install/pmb2_description', 'merge_install': False, 'path': '/home/khaledob/bookros2_ws/src/ThirdParty/pmb2_robot/pmb2_description', 'symlink_install': True, 'test_result_base': None}
[0.655s] Level 5:colcon.colcon_core.verb:set package 'tiago_controller_configuration' build argument 'cmake_args' from command line to 'None'
[0.655s] Level 5:colcon.colcon_core.verb:set package 'tiago_controller_configuration' build argument 'cmake_target' from command line to 'None'
[0.655s] Level 5:colcon.colcon_core.verb:set package 'tiago_controller_configuration' build argument 'cmake_target_skip_unavailable' from command line to 'False'
[0.655s] Level 5:colcon.colcon_core.verb:set package 'tiago_controller_configuration' build argument 'cmake_clean_cache' from command line to 'False'
[0.655s] Level 5:colcon.colcon_core.verb:set package 'tiago_controller_configuration' build argument 'cmake_clean_first' from command line to 'False'
[0.655s] Level 5:colcon.colcon_core.verb:set package 'tiago_controller_configuration' build argument 'cmake_force_configure' from command line to 'False'
[0.655s] Level 5:colcon.colcon_core.verb:set package 'tiago_controller_configuration' build argument 'ament_cmake_args' from command line to 'None'
[0.655s] Level 5:colcon.colcon_core.verb:set package 'tiago_controller_configuration' build argument 'catkin_cmake_args' from command line to 'None'
[0.655s] Level 5:colcon.colcon_core.verb:set package 'tiago_controller_configuration' build argument 'catkin_skip_building_tests' from command line to 'False'
[0.655s] DEBUG:colcon.colcon_core.verb:Building package 'tiago_controller_configuration' with the following arguments: {'ament_cmake_args': None, 'build_base': '/home/khaledob/bookros2_ws/build/tiago_controller_configuration', 'catkin_cmake_args': None, 'catkin_skip_building_tests': False, 'cmake_args': None, 'cmake_clean_cache': False, 'cmake_clean_first': False, 'cmake_force_configure': False, 'cmake_target': None, 'cmake_target_skip_unavailable': False, 'install_base': '/home/khaledob/bookros2_ws/install/tiago_controller_configuration', 'merge_install': False, 'path': '/home/khaledob/bookros2_ws/src/ThirdParty/tiago_robot/tiago_controller_configuration', 'symlink_install': True, 'test_result_base': None}
[0.656s] Level 5:colcon.colcon_core.verb:set package 'pmb2_bringup' build argument 'cmake_args' from command line to 'None'
[0.656s] Level 5:colcon.colcon_core.verb:set package 'pmb2_bringup' build argument 'cmake_target' from command line to 'None'
[0.656s] Level 5:colcon.colcon_core.verb:set package 'pmb2_bringup' build argument 'cmake_target_skip_unavailable' from command line to 'False'
[0.656s] Level 5:colcon.colcon_core.verb:set package 'pmb2_bringup' build argument 'cmake_clean_cache' from command line to 'False'
[0.656s] Level 5:colcon.colcon_core.verb:set package 'pmb2_bringup' build argument 'cmake_clean_first' from command line to 'False'
[0.656s] Level 5:colcon.colcon_core.verb:set package 'pmb2_bringup' build argument 'cmake_force_configure' from command line to 'False'
[0.656s] Level 5:colcon.colcon_core.verb:set package 'pmb2_bringup' build argument 'ament_cmake_args' from command line to 'None'
[0.656s] Level 5:colcon.colcon_core.verb:set package 'pmb2_bringup' build argument 'catkin_cmake_args' from command line to 'None'
[0.656s] Level 5:colcon.colcon_core.verb:set package 'pmb2_bringup' build argument 'catkin_skip_building_tests' from command line to 'False'
[0.656s] DEBUG:colcon.colcon_core.verb:Building package 'pmb2_bringup' with the following arguments: {'ament_cmake_args': None, 'build_base': '/home/khaledob/bookros2_ws/build/pmb2_bringup', 'catkin_cmake_args': None, 'catkin_skip_building_tests': False, 'cmake_args': None, 'cmake_clean_cache': False, 'cmake_clean_first': False, 'cmake_force_configure': False, 'cmake_target': None, 'cmake_target_skip_unavailable': False, 'install_base': '/home/khaledob/bookros2_ws/install/pmb2_bringup', 'merge_install': False, 'path': '/home/khaledob/bookros2_ws/src/ThirdParty/pmb2_robot/pmb2_bringup', 'symlink_install': True, 'test_result_base': None}
[0.656s] Level 5:colcon.colcon_core.verb:set package 'tiago_description' build argument 'cmake_args' from command line to 'None'
[0.656s] Level 5:colcon.colcon_core.verb:set package 'tiago_description' build argument 'cmake_target' from command line to 'None'
[0.656s] Level 5:colcon.colcon_core.verb:set package 'tiago_description' build argument 'cmake_target_skip_unavailable' from command line to 'False'
[0.656s] Level 5:colcon.colcon_core.verb:set package 'tiago_description' build argument 'cmake_clean_cache' from command line to 'False'
[0.656s] Level 5:colcon.colcon_core.verb:set package 'tiago_description' build argument 'cmake_clean_first' from command line to 'False'
[0.656s] Level 5:colcon.colcon_core.verb:set package 'tiago_description' build argument 'cmake_force_configure' from command line to 'False'
[0.657s] Level 5:colcon.colcon_core.verb:set package 'tiago_description' build argument 'ament_cmake_args' from command line to 'None'
[0.657s] Level 5:colcon.colcon_core.verb:set package 'tiago_description' build argument 'catkin_cmake_args' from command line to 'None'
[0.657s] Level 5:colcon.colcon_core.verb:set package 'tiago_description' build argument 'catkin_skip_building_tests' from command line to 'False'
[0.657s] DEBUG:colcon.colcon_core.verb:Building package 'tiago_description' with the following arguments: {'ament_cmake_args': None, 'build_base': '/home/khaledob/bookros2_ws/build/tiago_description', 'catkin_cmake_args': None, 'catkin_skip_building_tests': False, 'cmake_args': None, 'cmake_clean_cache': False, 'cmake_clean_first': False, 'cmake_force_configure': False, 'cmake_target': None, 'cmake_target_skip_unavailable': False, 'install_base': '/home/khaledob/bookros2_ws/install/tiago_description', 'merge_install': False, 'path': '/home/khaledob/bookros2_ws/src/ThirdParty/tiago_robot/tiago_description', 'symlink_install': True, 'test_result_base': None}
[0.657s] Level 5:colcon.colcon_core.verb:set package 'pmb2_robot' build argument 'cmake_args' from command line to 'None'
[0.657s] Level 5:colcon.colcon_core.verb:set package 'pmb2_robot' build argument 'cmake_target' from command line to 'None'
[0.657s] Level 5:colcon.colcon_core.verb:set package 'pmb2_robot' build argument 'cmake_target_skip_unavailable' from command line to 'False'
[0.657s] Level 5:colcon.colcon_core.verb:set package 'pmb2_robot' build argument 'cmake_clean_cache' from command line to 'False'
[0.657s] Level 5:colcon.colcon_core.verb:set package 'pmb2_robot' build argument 'cmake_clean_first' from command line to 'False'
[0.657s] Level 5:colcon.colcon_core.verb:set package 'pmb2_robot' build argument 'cmake_force_configure' from command line to 'False'
[0.657s] Level 5:colcon.colcon_core.verb:set package 'pmb2_robot' build argument 'ament_cmake_args' from command line to 'None'
[0.657s] Level 5:colcon.colcon_core.verb:set package 'pmb2_robot' build argument 'catkin_cmake_args' from command line to 'None'
[0.657s] Level 5:colcon.colcon_core.verb:set package 'pmb2_robot' build argument 'catkin_skip_building_tests' from command line to 'False'
[0.657s] DEBUG:colcon.colcon_core.verb:Building package 'pmb2_robot' with the following arguments: {'ament_cmake_args': None, 'build_base': '/home/khaledob/bookros2_ws/build/pmb2_robot', 'catkin_cmake_args': None, 'catkin_skip_building_tests': False, 'cmake_args': None, 'cmake_clean_cache': False, 'cmake_clean_first': False, 'cmake_force_configure': False, 'cmake_target': None, 'cmake_target_skip_unavailable': False, 'install_base': '/home/khaledob/bookros2_ws/install/pmb2_robot', 'merge_install': False, 'path': '/home/khaledob/bookros2_ws/src/ThirdParty/pmb2_robot/pmb2_robot', 'symlink_install': True, 'test_result_base': None}
[0.658s] Level 5:colcon.colcon_core.verb:set package 'tiago_bringup' build argument 'cmake_args' from command line to 'None'
[0.658s] Level 5:colcon.colcon_core.verb:set package 'tiago_bringup' build argument 'cmake_target' from command line to 'None'
[0.658s] Level 5:colcon.colcon_core.verb:set package 'tiago_bringup' build argument 'cmake_target_skip_unavailable' from command line to 'False'
[0.658s] Level 5:colcon.colcon_core.verb:set package 'tiago_bringup' build argument 'cmake_clean_cache' from command line to 'False'
[0.658s] Level 5:colcon.colcon_core.verb:set package 'tiago_bringup' build argument 'cmake_clean_first' from command line to 'False'
[0.658s] Level 5:colcon.colcon_core.verb:set package 'tiago_bringup' build argument 'cmake_force_configure' from command line to 'False'
[0.658s] Level 5:colcon.colcon_core.verb:set package 'tiago_bringup' build argument 'ament_cmake_args' from command line to 'None'
[0.658s] Level 5:colcon.colcon_core.verb:set package 'tiago_bringup' build argument 'catkin_cmake_args' from command line to 'None'
[0.658s] Level 5:colcon.colcon_core.verb:set package 'tiago_bringup' build argument 'catkin_skip_building_tests' from command line to 'False'
[0.658s] DEBUG:colcon.colcon_core.verb:Building package 'tiago_bringup' with the following arguments: {'ament_cmake_args': None, 'build_base': '/home/khaledob/bookros2_ws/build/tiago_bringup', 'catkin_cmake_args': None, 'catkin_skip_building_tests': False, 'cmake_args': None, 'cmake_clean_cache': False, 'cmake_clean_first': False, 'cmake_force_configure': False, 'cmake_target': None, 'cmake_target_skip_unavailable': False, 'install_base': '/home/khaledob/bookros2_ws/install/tiago_bringup', 'merge_install': False, 'path': '/home/khaledob/bookros2_ws/src/ThirdParty/tiago_robot/tiago_bringup', 'symlink_install': True, 'test_result_base': None}
[0.659s] Level 5:colcon.colcon_core.verb:set package 'tiago_gazebo' build argument 'cmake_args' from command line to 'None'
[0.659s] Level 5:colcon.colcon_core.verb:set package 'tiago_gazebo' build argument 'cmake_target' from command line to 'None'
[0.659s] Level 5:colcon.colcon_core.verb:set package 'tiago_gazebo' build argument 'cmake_target_skip_unavailable' from command line to 'False'
[0.659s] Level 5:colcon.colcon_core.verb:set package 'tiago_gazebo' build argument 'cmake_clean_cache' from command line to 'False'
[0.659s] Level 5:colcon.colcon_core.verb:set package 'tiago_gazebo' build argument 'cmake_clean_first' from command line to 'False'
[0.659s] Level 5:colcon.colcon_core.verb:set package 'tiago_gazebo' build argument 'cmake_force_configure' from command line to 'False'
[0.659s] Level 5:colcon.colcon_core.verb:set package 'tiago_gazebo' build argument 'ament_cmake_args' from command line to 'None'
[0.659s] Level 5:colcon.colcon_core.verb:set package 'tiago_gazebo' build argument 'catkin_cmake_args' from command line to 'None'
[0.659s] Level 5:colcon.colcon_core.verb:set package 'tiago_gazebo' build argument 'catkin_skip_building_tests' from command line to 'False'
[0.659s] DEBUG:colcon.colcon_core.verb:Building package 'tiago_gazebo' with the following arguments: {'ament_cmake_args': None, 'build_base': '/home/khaledob/bookros2_ws/build/tiago_gazebo', 'catkin_cmake_args': None, 'catkin_skip_building_tests': False, 'cmake_args': None, 'cmake_clean_cache': False, 'cmake_clean_first': False, 'cmake_force_configure': False, 'cmake_target': None, 'cmake_target_skip_unavailable': False, 'install_base': '/home/khaledob/bookros2_ws/install/tiago_gazebo', 'merge_install': False, 'path': '/home/khaledob/bookros2_ws/src/ThirdParty/tiago_simulation/tiago_gazebo', 'symlink_install': True, 'test_result_base': None}
[0.659s] Level 5:colcon.colcon_core.verb:set package 'tiago_robot' build argument 'cmake_args' from command line to 'None'
[0.659s] Level 5:colcon.colcon_core.verb:set package 'tiago_robot' build argument 'cmake_target' from command line to 'None'
[0.659s] Level 5:colcon.colcon_core.verb:set package 'tiago_robot' build argument 'cmake_target_skip_unavailable' from command line to 'False'
[0.659s] Level 5:colcon.colcon_core.verb:set package 'tiago_robot' build argument 'cmake_clean_cache' from command line to 'False'
[0.659s] Level 5:colcon.colcon_core.verb:set package 'tiago_robot' build argument 'cmake_clean_first' from command line to 'False'
[0.659s] Level 5:colcon.colcon_core.verb:set package 'tiago_robot' build argument 'cmake_force_configure' from command line to 'False'
[0.659s] Level 5:colcon.colcon_core.verb:set package 'tiago_robot' build argument 'ament_cmake_args' from command line to 'None'
[0.659s] Level 5:colcon.colcon_core.verb:set package 'tiago_robot' build argument 'catkin_cmake_args' from command line to 'None'
[0.659s] Level 5:colcon.colcon_core.verb:set package 'tiago_robot' build argument 'catkin_skip_building_tests' from command line to 'False'
[0.660s] DEBUG:colcon.colcon_core.verb:Building package 'tiago_robot' with the following arguments: {'ament_cmake_args': None, 'build_base': '/home/khaledob/bookros2_ws/build/tiago_robot', 'catkin_cmake_args': None, 'catkin_skip_building_tests': False, 'cmake_args': None, 'cmake_clean_cache': False, 'cmake_clean_first': False, 'cmake_force_configure': False, 'cmake_target': None, 'cmake_target_skip_unavailable': False, 'install_base': '/home/khaledob/bookros2_ws/install/tiago_robot', 'merge_install': False, 'path': '/home/khaledob/bookros2_ws/src/ThirdParty/tiago_robot/tiago_robot', 'symlink_install': True, 'test_result_base': None}
[0.660s] Level 5:colcon.colcon_core.verb:set package 'tiago_2dnav_gazebo' build argument 'cmake_args' from command line to 'None'
[0.660s] Level 5:colcon.colcon_core.verb:set package 'tiago_2dnav_gazebo' build argument 'cmake_target' from command line to 'None'
[0.660s] Level 5:colcon.colcon_core.verb:set package 'tiago_2dnav_gazebo' build argument 'cmake_target_skip_unavailable' from command line to 'False'
[0.660s] Level 5:colcon.colcon_core.verb:set package 'tiago_2dnav_gazebo' build argument 'cmake_clean_cache' from command line to 'False'
[0.660s] Level 5:colcon.colcon_core.verb:set package 'tiago_2dnav_gazebo' build argument 'cmake_clean_first' from command line to 'False'
[0.660s] Level 5:colcon.colcon_core.verb:set package 'tiago_2dnav_gazebo' build argument 'cmake_force_configure' from command line to 'False'
[0.660s] Level 5:colcon.colcon_core.verb:set package 'tiago_2dnav_gazebo' build argument 'ament_cmake_args' from command line to 'None'
[0.660s] Level 5:colcon.colcon_core.verb:set package 'tiago_2dnav_gazebo' build argument 'catkin_cmake_args' from command line to 'None'
[0.660s] Level 5:colcon.colcon_core.verb:set package 'tiago_2dnav_gazebo' build argument 'catkin_skip_building_tests' from command line to 'False'
[0.660s] DEBUG:colcon.colcon_core.verb:Building package 'tiago_2dnav_gazebo' with the following arguments: {'ament_cmake_args': None, 'build_base': '/home/khaledob/bookros2_ws/build/tiago_2dnav_gazebo', 'catkin_cmake_args': None, 'catkin_skip_building_tests': False, 'cmake_args': None, 'cmake_clean_cache': False, 'cmake_clean_first': False, 'cmake_force_configure': False, 'cmake_target': None, 'cmake_target_skip_unavailable': False, 'install_base': '/home/khaledob/bookros2_ws/install/tiago_2dnav_gazebo', 'merge_install': False, 'path': '/home/khaledob/bookros2_ws/src/ThirdParty/tiago_simulation/tiago_2dnav_gazebo', 'symlink_install': True, 'test_result_base': None}
[0.660s] Level 5:colcon.colcon_core.verb:set package 'tiago_simulation' build argument 'cmake_args' from command line to 'None'
[0.661s] Level 5:colcon.colcon_core.verb:set package 'tiago_simulation' build argument 'cmake_target' from command line to 'None'
[0.661s] Level 5:colcon.colcon_core.verb:set package 'tiago_simulation' build argument 'cmake_target_skip_unavailable' from command line to 'False'
[0.661s] Level 5:colcon.colcon_core.verb:set package 'tiago_simulation' build argument 'cmake_clean_cache' from command line to 'False'
[0.661s] Level 5:colcon.colcon_core.verb:set package 'tiago_simulation' build argument 'cmake_clean_first' from command line to 'False'
[0.661s] Level 5:colcon.colcon_core.verb:set package 'tiago_simulation' build argument 'cmake_force_configure' from command line to 'False'
[0.661s] Level 5:colcon.colcon_core.verb:set package 'tiago_simulation' build argument 'ament_cmake_args' from command line to 'None'
[0.661s] Level 5:colcon.colcon_core.verb:set package 'tiago_simulation' build argument 'catkin_cmake_args' from command line to 'None'
[0.661s] Level 5:colcon.colcon_core.verb:set package 'tiago_simulation' build argument 'catkin_skip_building_tests' from command line to 'False'
[0.661s] DEBUG:colcon.colcon_core.verb:Building package 'tiago_simulation' with the following arguments: {'ament_cmake_args': None, 'build_base': '/home/khaledob/bookros2_ws/build/tiago_simulation', 'catkin_cmake_args': None, 'catkin_skip_building_tests': False, 'cmake_args': None, 'cmake_clean_cache': False, 'cmake_clean_first': False, 'cmake_force_configure': False, 'cmake_target': None, 'cmake_target_skip_unavailable': False, 'install_base': '/home/khaledob/bookros2_ws/install/tiago_simulation', 'merge_install': False, 'path': '/home/khaledob/bookros2_ws/src/ThirdParty/tiago_simulation/tiago_simulation', 'symlink_install': True, 'test_result_base': None}
[0.661s] INFO:colcon.colcon_core.executor:Executing jobs using 'parallel' executor
[0.663s] DEBUG:colcon.colcon_parallel_executor.executor.parallel:run_until_complete
[0.664s] INFO:colcon.colcon_ros.task.ament_cmake.build:Building ROS package in '/home/khaledob/bookros2_ws/src/ThirdParty/ros2_control/ros2_control_test_assets' with build type 'ament_cmake'
[0.664s] INFO:colcon.colcon_cmake.task.cmake.build:Building CMake package in '/home/khaledob/bookros2_ws/src/ThirdParty/ros2_control/ros2_control_test_assets'
[0.673s] INFO:colcon.colcon_core.plugin_system:Skipping extension 'colcon_core.shell.bat': Not used on non-Windows systems
[0.674s] INFO:colcon.colcon_core.shell:Skip shell extension 'powershell' for command environment: Not usable outside of PowerShell
[0.674s] DEBUG:colcon.colcon_core.shell:Skip shell extension 'dsv' for command environment
[0.680s] INFO:colcon.colcon_ros.task.ament_cmake.build:Building ROS package in '/home/khaledob/bookros2_ws/src/ThirdParty/ros2_control/controller_manager_msgs' with build type 'ament_cmake'
[0.681s] INFO:colcon.colcon_cmake.task.cmake.build:Building CMake package in '/home/khaledob/bookros2_ws/src/ThirdParty/ros2_control/controller_manager_msgs'
[0.681s] INFO:colcon.colcon_core.shell:Skip shell extension 'powershell' for command environment: Not usable outside of PowerShell
[0.682s] DEBUG:colcon.colcon_core.shell:Skip shell extension 'dsv' for command environment
[0.689s] INFO:colcon.colcon_ros.task.ament_cmake.build:Building ROS package in '/home/khaledob/bookros2_ws/src/ThirdParty/urdf_test' with build type 'ament_cmake'
[0.689s] INFO:colcon.colcon_cmake.task.cmake.build:Building CMake package in '/home/khaledob/bookros2_ws/src/ThirdParty/urdf_test'
[0.691s] INFO:colcon.colcon_core.shell:Skip shell extension 'powershell' for command environment: Not usable outside of PowerShell
[0.691s] DEBUG:colcon.colcon_core.shell:Skip shell extension 'dsv' for command environment
[0.700s] INFO:colcon.colcon_ros.task.ament_python.build:Building ROS package in '/home/khaledob/bookros2_ws/src/ThirdParty/launch_pal' with build type 'ament_python'
[0.701s] Level 1:colcon.colcon_core.shell:create_environment_hook('launch_pal', 'ament_prefix_path')
[0.702s] INFO:colcon.colcon_core.shell:Creating environment hook '/home/khaledob/bookros2_ws/install/launch_pal/share/launch_pal/hook/ament_prefix_path.ps1'
[0.718s] INFO:colcon.colcon_core.shell:Creating environment descriptor '/home/khaledob/bookros2_ws/install/launch_pal/share/launch_pal/hook/ament_prefix_path.dsv'
[0.720s] INFO:colcon.colcon_core.shell:Creating environment hook '/home/khaledob/bookros2_ws/install/launch_pal/share/launch_pal/hook/ament_prefix_path.sh'
[0.725s] INFO:colcon.colcon_core.shell:Skip shell extension 'powershell' for command environment: Not usable outside of PowerShell
[0.725s] DEBUG:colcon.colcon_core.shell:Skip shell extension 'dsv' for command environment
[0.732s] INFO:colcon.colcon_ros.task.ament_cmake.build:Building ROS package in '/home/khaledob/bookros2_ws/src/ThirdParty/twist_mux' with build type 'ament_cmake'
[0.733s] INFO:colcon.colcon_cmake.task.cmake.build:Building CMake package in '/home/khaledob/bookros2_ws/src/ThirdParty/twist_mux'
[0.735s] INFO:colcon.colcon_core.shell:Skip shell extension 'powershell' for command environment: Not usable outside of PowerShell
[0.735s] DEBUG:colcon.colcon_core.shell:Skip shell extension 'dsv' for command environment
[0.749s] INFO:colcon.colcon_ros.task.ament_cmake.build:Building ROS package in '/home/khaledob/bookros2_ws/src/ThirdParty/hey5_description' with build type 'ament_cmake'
[0.752s] INFO:colcon.colcon_cmake.task.cmake.build:Building CMake package in '/home/khaledob/bookros2_ws/src/ThirdParty/hey5_description'
[0.753s] INFO:colcon.colcon_core.shell:Skip shell extension 'powershell' for command environment: Not usable outside of PowerShell
[0.753s] DEBUG:colcon.colcon_core.shell:Skip shell extension 'dsv' for command environment
[0.760s] INFO:colcon.colcon_ros.task.ament_cmake.build:Building ROS package in '/home/khaledob/bookros2_ws/src/ThirdParty/tiago_description_calibration' with build type 'ament_cmake'
[0.760s] INFO:colcon.colcon_cmake.task.cmake.build:Building CMake package in '/home/khaledob/bookros2_ws/src/ThirdParty/tiago_description_calibration'
[0.761s] INFO:colcon.colcon_core.shell:Skip shell extension 'powershell' for command environment: Not usable outside of PowerShell
[0.761s] DEBUG:colcon.colcon_core.shell:Skip shell extension 'dsv' for command environment
[0.805s] DEBUG:colcon.colcon_core.event_handler.log_command:Invoking command in '/home/khaledob/bookros2_ws/build/ros2_control_test_assets': CMAKE_PREFIX_PATH=/opt/ros/foxy /usr/bin/cmake --build /home/khaledob/bookros2_ws/build/ros2_control_test_assets -- -j7 -l7
[0.847s] DEBUG:colcon.colcon_core.event_handler.log_command:Invoking command in '/home/khaledob/bookros2_ws/build/controller_manager_msgs': CMAKE_PREFIX_PATH=/opt/ros/foxy /usr/bin/cmake --build /home/khaledob/bookros2_ws/build/controller_manager_msgs -- -j7 -l7
[0.868s] DEBUG:colcon.colcon_core.event_handler.log_command:Invoking command in '/home/khaledob/bookros2_ws/build/urdf_test': CMAKE_PREFIX_PATH=/opt/ros/foxy /usr/bin/cmake --build /home/khaledob/bookros2_ws/build/urdf_test -- -j7 -l7
[1.167s] INFO:colcon.colcon_core.task.python.build:Building Python package in '/home/khaledob/bookros2_ws/src/ThirdParty/launch_pal'
[1.171s] INFO:colcon.colcon_core.shell:Skip shell extension 'powershell' for command environment: Not usable outside of PowerShell
[1.171s] DEBUG:colcon.colcon_core.shell:Skip shell extension 'dsv' for command environment
[1.199s] DEBUG:colcon.colcon_core.event_handler.log_command:Invoking command in '/home/khaledob/bookros2_ws/build/twist_mux': CMAKE_PREFIX_PATH=/opt/ros/foxy /usr/bin/cmake --build /home/khaledob/bookros2_ws/build/twist_mux -- -j7 -l7
[1.213s] DEBUG:colcon.colcon_core.event_handler.log_command:Invoking command in '/home/khaledob/bookros2_ws/build/hey5_description': CMAKE_PREFIX_PATH=/opt/ros/foxy /usr/bin/cmake --build /home/khaledob/bookros2_ws/build/hey5_description -- -j7 -l7
[1.251s] DEBUG:colcon.colcon_core.event_handler.log_command:Invoked command in '/home/khaledob/bookros2_ws/build/ros2_control_test_assets' returned '0': CMAKE_PREFIX_PATH=/opt/ros/foxy /usr/bin/cmake --build /home/khaledob/bookros2_ws/build/ros2_control_test_assets -- -j7 -l7
[1.281s] DEBUG:colcon.colcon_core.event_handler.log_command:Invoking command in '/home/khaledob/bookros2_ws/build/ros2_control_test_assets': CMAKE_PREFIX_PATH=/opt/ros/foxy /usr/bin/cmake --install /home/khaledob/bookros2_ws/build/ros2_control_test_assets
[1.290s] DEBUG:colcon.colcon_core.event_handler.log_command:Invoking command in '/home/khaledob/bookros2_ws/build/tiago_description_calibration': CMAKE_PREFIX_PATH=/opt/ros/foxy /usr/bin/cmake --build /home/khaledob/bookros2_ws/build/tiago_description_calibration -- -j7 -l7
[1.315s] DEBUG:colcon.colcon_core.event_handler.log_command:Invoked command in '/home/khaledob/bookros2_ws/build/urdf_test' returned '0': CMAKE_PREFIX_PATH=/opt/ros/foxy /usr/bin/cmake --build /home/khaledob/bookros2_ws/build/urdf_test -- -j7 -l7
[1.348s] DEBUG:colcon.colcon_core.event_handler.log_command:Invoking command in '/home/khaledob/bookros2_ws/build/urdf_test': CMAKE_PREFIX_PATH=/opt/ros/foxy /usr/bin/cmake --install /home/khaledob/bookros2_ws/build/urdf_test
[1.388s] DEBUG:colcon.colcon_core.event_handler.log_command:Invoked command in '/home/khaledob/bookros2_ws/build/hey5_description' returned '0': CMAKE_PREFIX_PATH=/opt/ros/foxy /usr/bin/cmake --build /home/khaledob/bookros2_ws/build/hey5_description -- -j7 -l7
[1.389s] DEBUG:colcon.colcon_core.event_handler.log_command:Invoking command in '/home/khaledob/bookros2_ws/build/hey5_description': CMAKE_PREFIX_PATH=/opt/ros/foxy /usr/bin/cmake --install /home/khaledob/bookros2_ws/build/hey5_description
[1.405s] Level 1:colcon.colcon_core.environment:create_environment_scripts_only(ros2_control_test_assets)
[1.412s] Level 1:colcon.colcon_core.environment:checking '/home/khaledob/bookros2_ws/install/ros2_control_test_assets' for CMake module files
[1.413s] DEBUG:colcon.colcon_core.event_handler.log_command:Invoked command in '/home/khaledob/bookros2_ws/build/ros2_control_test_assets' returned '0': CMAKE_PREFIX_PATH=/opt/ros/foxy /usr/bin/cmake --install /home/khaledob/bookros2_ws/build/ros2_control_test_assets
[1.415s] Level 1:colcon.colcon_core.environment:checking '/home/khaledob/bookros2_ws/install/ros2_control_test_assets' for CMake config files
[1.416s] Level 1:colcon.colcon_core.shell:create_environment_hook('ros2_control_test_assets', 'cmake_prefix_path')
[1.416s] INFO:colcon.colcon_core.shell:Creating environment hook '/home/khaledob/bookros2_ws/install/ros2_control_test_assets/share/ros2_control_test_assets/hook/cmake_prefix_path.ps1'
[1.417s] INFO:colcon.colcon_core.shell:Creating environment descriptor '/home/khaledob/bookros2_ws/install/ros2_control_test_assets/share/ros2_control_test_assets/hook/cmake_prefix_path.dsv'
[1.418s] INFO:colcon.colcon_core.shell:Creating environment hook '/home/khaledob/bookros2_ws/install/ros2_control_test_assets/share/ros2_control_test_assets/hook/cmake_prefix_path.sh'
[1.421s] Level 1:colcon.colcon_core.environment:checking '/home/khaledob/bookros2_ws/install/ros2_control_test_assets/bin'
[1.421s] Level 1:colcon.colcon_core.environment:checking '/home/khaledob/bookros2_ws/install/ros2_control_test_assets/lib/pkgconfig/ros2_control_test_assets.pc'
[1.422s] Level 1:colcon.colcon_core.environment:checking '/home/khaledob/bookros2_ws/install/ros2_control_test_assets/lib/python3.8/site-packages'
[1.422s] Level 1:colcon.colcon_core.environment:checking '/home/khaledob/bookros2_ws/install/ros2_control_test_assets/bin'
[1.423s] INFO:colcon.colcon_core.shell:Creating package script '/home/khaledob/bookros2_ws/install/ros2_control_test_assets/share/ros2_control_test_assets/package.ps1'
[1.425s] INFO:colcon.colcon_core.shell:Creating package descriptor '/home/khaledob/bookros2_ws/install/ros2_control_test_assets/share/ros2_control_test_assets/package.dsv'
[1.427s] INFO:colcon.colcon_core.shell:Creating package script '/home/khaledob/bookros2_ws/install/ros2_control_test_assets/share/ros2_control_test_assets/package.sh'
[1.429s] INFO:colcon.colcon_core.shell:Creating package script '/home/khaledob/bookros2_ws/install/ros2_control_test_assets/share/ros2_control_test_assets/package.bash'
[1.431s] INFO:colcon.colcon_core.shell:Creating package script '/home/khaledob/bookros2_ws/install/ros2_control_test_assets/share/ros2_control_test_assets/package.zsh'
[1.433s] Level 1:colcon.colcon_core.environment:create_file_with_runtime_dependencies(/home/khaledob/bookros2_ws/install/ros2_control_test_assets/share/colcon-core/packages/ros2_control_test_assets)
[1.435s] Level 1:colcon.colcon_core.environment:create_environment_scripts_only(ros2_control_test_assets)
[1.435s] Level 1:colcon.colcon_core.environment:checking '/home/khaledob/bookros2_ws/install/ros2_control_test_assets' for CMake module files
[1.436s] Level 1:colcon.colcon_core.environment:checking '/home/khaledob/bookros2_ws/install/ros2_control_test_assets' for CMake config files
[1.437s] Level 1:colcon.colcon_core.shell:create_environment_hook('ros2_control_test_assets', 'cmake_prefix_path')
[1.437s] INFO:colcon.colcon_core.shell:Creating environment hook '/home/khaledob/bookros2_ws/install/ros2_control_test_assets/share/ros2_control_test_assets/hook/cmake_prefix_path.ps1'
[1.439s] INFO:colcon.colcon_core.shell:Creating environment descriptor '/home/khaledob/bookros2_ws/install/ros2_control_test_assets/share/ros2_control_test_assets/hook/cmake_prefix_path.dsv'
[1.442s] INFO:colcon.colcon_core.shell:Creating environment hook '/home/khaledob/bookros2_ws/install/ros2_control_test_assets/share/ros2_control_test_assets/hook/cmake_prefix_path.sh'
[1.445s] Level 1:colcon.colcon_core.environment:checking '/home/khaledob/bookros2_ws/install/ros2_control_test_assets/bin'
[1.445s] Level 1:colcon.colcon_core.environment:checking '/home/khaledob/bookros2_ws/install/ros2_control_test_assets/lib/pkgconfig/ros2_control_test_assets.pc'
[1.446s] Level 1:colcon.colcon_core.environment:checking '/home/khaledob/bookros2_ws/install/ros2_control_test_assets/lib/python3.8/site-packages'
[1.446s] Level 1:colcon.colcon_core.environment:checking '/home/khaledob/bookros2_ws/install/ros2_control_test_assets/bin'
[1.447s] INFO:colcon.colcon_core.shell:Creating package script '/home/khaledob/bookros2_ws/install/ros2_control_test_assets/share/ros2_control_test_assets/package.ps1'
[1.448s] INFO:colcon.colcon_core.shell:Creating package descriptor '/home/khaledob/bookros2_ws/install/ros2_control_test_assets/share/ros2_control_test_assets/package.dsv'
[1.451s] INFO:colcon.colcon_core.shell:Creating package script '/home/khaledob/bookros2_ws/install/ros2_control_test_assets/share/ros2_control_test_assets/package.sh'
[1.462s] INFO:colcon.colcon_core.shell:Creating package script '/home/khaledob/bookros2_ws/install/ros2_control_test_assets/share/ros2_control_test_assets/package.bash'
[1.463s] INFO:colcon.colcon_core.shell:Creating package script '/home/khaledob/bookros2_ws/install/ros2_control_test_assets/share/ros2_control_test_assets/package.zsh'
[1.465s] Level 1:colcon.colcon_core.environment:create_file_with_runtime_dependencies(/home/khaledob/bookros2_ws/install/ros2_control_test_assets/share/colcon-core/packages/ros2_control_test_assets)
[1.476s] DEBUG:colcon.colcon_core.event_handler.log_command:Invoked command in '/home/khaledob/bookros2_ws/build/controller_manager_msgs' returned '0': CMAKE_PREFIX_PATH=/opt/ros/foxy /usr/bin/cmake --build /home/khaledob/bookros2_ws/build/controller_manager_msgs -- -j7 -l7
[1.477s] DEBUG:colcon.colcon_core.event_handler.log_command:Invoking command in '/home/khaledob/bookros2_ws/build/controller_manager_msgs': CMAKE_PREFIX_PATH=/opt/ros/foxy /usr/bin/cmake --install /home/khaledob/bookros2_ws/build/controller_manager_msgs
[1.488s] INFO:colcon.colcon_ros.task.ament_cmake.build:Building ROS package in '/home/khaledob/bookros2_ws/src/ThirdParty/ros2_control/hardware_interface' with build type 'ament_cmake'
[1.489s] INFO:colcon.colcon_cmake.task.cmake.build:Building CMake package in '/home/khaledob/bookros2_ws/src/ThirdParty/ros2_control/hardware_interface'
[1.489s] INFO:colcon.colcon_core.shell:Skip shell extension 'powershell' for command environment: Not usable outside of PowerShell
[1.489s] DEBUG:colcon.colcon_core.shell:Skip shell extension 'dsv' for command environment
[1.554s] DEBUG:colcon.colcon_core.event_handler.log_command:Invoked command in '/home/khaledob/bookros2_ws/build/twist_mux' returned '0': CMAKE_PREFIX_PATH=/opt/ros/foxy /usr/bin/cmake --build /home/khaledob/bookros2_ws/build/twist_mux -- -j7 -l7
[1.559s] DEBUG:colcon.colcon_core.event_handler.log_command:Invoking command in '/home/khaledob/bookros2_ws/build/twist_mux': CMAKE_PREFIX_PATH=/opt/ros/foxy /usr/bin/cmake --install /home/khaledob/bookros2_ws/build/twist_mux
[1.563s] Level 1:colcon.colcon_core.environment:create_environment_scripts_only(hey5_description)
[1.564s] Level 1:colcon.colcon_core.environment:checking '/home/khaledob/bookros2_ws/install/hey5_description' for CMake module files
[1.569s] Level 1:colcon.colcon_core.environment:checking '/home/khaledob/bookros2_ws/install/hey5_description' for CMake config files
[1.571s] Level 1:colcon.colcon_core.shell:create_environment_hook('hey5_description', 'cmake_prefix_path')
[1.574s] INFO:colcon.colcon_core.shell:Creating environment hook '/home/khaledob/bookros2_ws/install/hey5_description/share/hey5_description/hook/cmake_prefix_path.ps1'
[1.591s] INFO:colcon.colcon_core.shell:Creating environment descriptor '/home/khaledob/bookros2_ws/install/hey5_description/share/hey5_description/hook/cmake_prefix_path.dsv'
[1.611s] DEBUG:colcon.colcon_core.event_handler.log_command:Invoked command in '/home/khaledob/bookros2_ws/build/hey5_description' returned '0': CMAKE_PREFIX_PATH=/opt/ros/foxy /usr/bin/cmake --install /home/khaledob/bookros2_ws/build/hey5_description
[1.613s] INFO:colcon.colcon_core.shell:Creating environment hook '/home/khaledob/bookros2_ws/install/hey5_description/share/hey5_description/hook/cmake_prefix_path.sh'
[1.617s] Level 1:colcon.colcon_core.environment:checking '/home/khaledob/bookros2_ws/install/hey5_description/bin'
[1.617s] Level 1:colcon.colcon_core.environment:checking '/home/khaledob/bookros2_ws/install/hey5_description/lib/pkgconfig/hey5_description.pc'
[1.617s] Level 1:colcon.colcon_core.environment:checking '/home/khaledob/bookros2_ws/install/hey5_description/lib/python3.8/site-packages'
[1.618s] Level 1:colcon.colcon_core.environment:checking '/home/khaledob/bookros2_ws/install/hey5_description/bin'
[1.618s] INFO:colcon.colcon_core.shell:Creating package script '/home/khaledob/bookros2_ws/install/hey5_description/share/hey5_description/package.ps1'
[1.623s] INFO:colcon.colcon_core.shell:Creating package descriptor '/home/khaledob/bookros2_ws/install/hey5_description/share/hey5_description/package.dsv'
[1.629s] INFO:colcon.colcon_core.shell:Creating package script '/home/khaledob/bookros2_ws/install/hey5_description/share/hey5_description/package.sh'
[1.640s] INFO:colcon.colcon_core.shell:Creating package script '/home/khaledob/bookros2_ws/install/hey5_description/share/hey5_description/package.bash'
[1.641s] INFO:colcon.colcon_core.shell:Creating package script '/home/khaledob/bookros2_ws/install/hey5_description/share/hey5_description/package.zsh'
[1.643s] Level 1:colcon.colcon_core.environment:create_file_with_runtime_dependencies(/home/khaledob/bookros2_ws/install/hey5_description/share/colcon-core/packages/hey5_description)
[1.644s] Level 1:colcon.colcon_core.environment:create_environment_scripts_only(hey5_description)
[1.645s] Level 1:colcon.colcon_core.environment:checking '/home/khaledob/bookros2_ws/install/hey5_description' for CMake module files
[1.645s] Level 1:colcon.colcon_core.environment:checking '/home/khaledob/bookros2_ws/install/hey5_description' for CMake config files
[1.645s] Level 1:colcon.colcon_core.shell:create_environment_hook('hey5_description', 'cmake_prefix_path')
[1.646s] INFO:colcon.colcon_core.shell:Creating environment hook '/home/khaledob/bookros2_ws/install/hey5_description/share/hey5_description/hook/cmake_prefix_path.ps1'
[1.647s] INFO:colcon.colcon_core.shell:Creating environment descriptor '/home/khaledob/bookros2_ws/install/hey5_description/share/hey5_description/hook/cmake_prefix_path.dsv'
[1.648s] INFO:colcon.colcon_core.shell:Creating environment hook '/home/khaledob/bookros2_ws/install/hey5_description/share/hey5_description/hook/cmake_prefix_path.sh'
[1.649s] Level 1:colcon.colcon_core.environment:checking '/home/khaledob/bookros2_ws/install/hey5_description/bin'
[1.649s] Level 1:colcon.colcon_core.environment:checking '/home/khaledob/bookros2_ws/install/hey5_description/lib/pkgconfig/hey5_description.pc'
[1.660s] Level 1:colcon.colcon_core.environment:checking '/home/khaledob/bookros2_ws/install/hey5_description/lib/python3.8/site-packages'
[1.661s] Level 1:colcon.colcon_core.environment:checking '/home/khaledob/bookros2_ws/install/hey5_description/bin'
[1.661s] INFO:colcon.colcon_core.shell:Creating package script '/home/khaledob/bookros2_ws/install/hey5_description/share/hey5_description/package.ps1'
[1.662s] INFO:colcon.colcon_core.shell:Creating package descriptor '/home/khaledob/bookros2_ws/install/hey5_description/share/hey5_description/package.dsv'
[1.664s] INFO:colcon.colcon_core.shell:Creating package script '/home/khaledob/bookros2_ws/install/hey5_description/share/hey5_description/package.sh'
[1.665s] INFO:colcon.colcon_core.shell:Creating package script '/home/khaledob/bookros2_ws/install/hey5_description/share/hey5_description/package.bash'
[1.672s] INFO:colcon.colcon_core.shell:Creating package script '/home/khaledob/bookros2_ws/install/hey5_description/share/hey5_description/package.zsh'
[1.675s] Level 1:colcon.colcon_core.environment:create_file_with_runtime_dependencies(/home/khaledob/bookros2_ws/install/hey5_description/share/colcon-core/packages/hey5_description)
[1.690s] Level 1:colcon.colcon_core.environment:create_environment_scripts_only(urdf_test)
[1.692s] Level 1:colcon.colcon_core.environment:checking '/home/khaledob/bookros2_ws/install/urdf_test' for CMake module files
[1.695s] Level 1:colcon.colcon_core.environment:checking '/home/khaledob/bookros2_ws/install/urdf_test' for CMake config files
[1.695s] Level 1:colcon.colcon_core.shell:create_environment_hook('urdf_test', 'cmake_prefix_path')
[1.696s] INFO:colcon.colcon_core.shell:Creating environment hook '/home/khaledob/bookros2_ws/install/urdf_test/share/urdf_test/hook/cmake_prefix_path.ps1'
[1.700s] DEBUG:colcon.colcon_core.event_handler.log_command:Invoked command in '/home/khaledob/bookros2_ws/build/tiago_description_calibration' returned '0': CMAKE_PREFIX_PATH=/opt/ros/foxy /usr/bin/cmake --build /home/khaledob/bookros2_ws/build/tiago_description_calibration -- -j7 -l7
[1.703s] DEBUG:colcon.colcon_core.event_handler.log_command:Invoking command in '/home/khaledob/bookros2_ws/build/tiago_description_calibration': CMAKE_PREFIX_PATH=/opt/ros/foxy /usr/bin/cmake --install /home/khaledob/bookros2_ws/build/tiago_description_calibration
[1.705s] DEBUG:colcon.colcon_core.event_handler.log_command:Invoked command in '/home/khaledob/bookros2_ws/build/urdf_test' returned '0': CMAKE_PREFIX_PATH=/opt/ros/foxy /usr/bin/cmake --install /home/khaledob/bookros2_ws/build/urdf_test
[1.706s] INFO:colcon.colcon_core.shell:Creating environment descriptor '/home/khaledob/bookros2_ws/install/urdf_test/share/urdf_test/hook/cmake_prefix_path.dsv'
[1.707s] INFO:colcon.colcon_core.shell:Creating environment hook '/home/khaledob/bookros2_ws/install/urdf_test/share/urdf_test/hook/cmake_prefix_path.sh'
[1.709s] Level 1:colcon.colcon_core.environment:checking '/home/khaledob/bookros2_ws/install/urdf_test/lib'
[1.709s] Level 1:colcon.colcon_core.environment:checking '/home/khaledob/bookros2_ws/install/urdf_test/bin'
[1.709s] Level 1:colcon.colcon_core.environment:checking '/home/khaledob/bookros2_ws/install/urdf_test/lib/pkgconfig/urdf_test.pc'
[1.710s] Level 1:colcon.colcon_core.environment:checking '/home/khaledob/bookros2_ws/install/urdf_test/lib/python3.8/site-packages'
[1.710s] Level 1:colcon.colcon_core.shell:create_environment_hook('urdf_test', 'pythonpath')
[1.711s] INFO:colcon.colcon_core.shell:Creating environment hook '/home/khaledob/bookros2_ws/install/urdf_test/share/urdf_test/hook/pythonpath.ps1'
[1.712s] INFO:colcon.colcon_core.shell:Creating environment descriptor '/home/khaledob/bookros2_ws/install/urdf_test/share/urdf_test/hook/pythonpath.dsv'
[1.713s] INFO:colcon.colcon_core.shell:Creating environment hook '/home/khaledob/bookros2_ws/install/urdf_test/share/urdf_test/hook/pythonpath.sh'
[1.716s] Level 1:colcon.colcon_core.environment:checking '/home/khaledob/bookros2_ws/install/urdf_test/bin'
[1.719s] INFO:colcon.colcon_core.shell:Creating package script '/home/khaledob/bookros2_ws/install/urdf_test/share/urdf_test/package.ps1'
[1.720s] INFO:colcon.colcon_core.shell:Creating package descriptor '/home/khaledob/bookros2_ws/install/urdf_test/share/urdf_test/package.dsv'
[1.723s] INFO:colcon.colcon_core.shell:Creating package script '/home/khaledob/bookros2_ws/install/urdf_test/share/urdf_test/package.sh'
[1.726s] INFO:colcon.colcon_core.shell:Creating package script '/home/khaledob/bookros2_ws/install/urdf_test/share/urdf_test/package.bash'
[1.729s] INFO:colcon.colcon_core.shell:Creating package script '/home/khaledob/bookros2_ws/install/urdf_test/share/urdf_test/package.zsh'
[1.730s] Level 1:colcon.colcon_core.environment:create_file_with_runtime_dependencies(/home/khaledob/bookros2_ws/install/urdf_test/share/colcon-core/packages/urdf_test)
[1.739s] Level 1:colcon.colcon_core.environment:create_environment_scripts_only(urdf_test)
[1.740s] Level 1:colcon.colcon_core.environment:checking '/home/khaledob/bookros2_ws/install/urdf_test' for CMake module files
[1.741s] Level 1:colcon.colcon_core.environment:checking '/home/khaledob/bookros2_ws/install/urdf_test' for CMake config files
[1.742s] Level 1:colcon.colcon_core.shell:create_environment_hook('urdf_test', 'cmake_prefix_path')
[1.743s] INFO:colcon.colcon_core.shell:Creating environment hook '/home/khaledob/bookros2_ws/install/urdf_test/share/urdf_test/hook/cmake_prefix_path.ps1'
[1.744s] INFO:colcon.colcon_core.shell:Creating environment descriptor '/home/khaledob/bookros2_ws/install/urdf_test/share/urdf_test/hook/cmake_prefix_path.dsv'
[1.745s] INFO:colcon.colcon_core.shell:Creating environment hook '/home/khaledob/bookros2_ws/install/urdf_test/share/urdf_test/hook/cmake_prefix_path.sh'
[1.747s] Level 1:colcon.colcon_core.environment:checking '/home/khaledob/bookros2_ws/install/urdf_test/lib'
[1.747s] Level 1:colcon.colcon_core.environment:checking '/home/khaledob/bookros2_ws/install/urdf_test/bin'
[1.747s] Level 1:colcon.colcon_core.environment:checking '/home/khaledob/bookros2_ws/install/urdf_test/lib/pkgconfig/urdf_test.pc'
[1.747s] Level 1:colcon.colcon_core.environment:checking '/home/khaledob/bookros2_ws/install/urdf_test/lib/python3.8/site-packages'
[1.747s] Level 1:colcon.colcon_core.shell:create_environment_hook('urdf_test', 'pythonpath')
[1.748s] INFO:colcon.colcon_core.shell:Creating environment hook '/home/khaledob/bookros2_ws/install/urdf_test/share/urdf_test/hook/pythonpath.ps1'
[1.749s] INFO:colcon.colcon_core.shell:Creating environment descriptor '/home/khaledob/bookros2_ws/install/urdf_test/share/urdf_test/hook/pythonpath.dsv'
[1.749s] INFO:colcon.colcon_core.shell:Creating environment hook '/home/khaledob/bookros2_ws/install/urdf_test/share/urdf_test/hook/pythonpath.sh'
[1.752s] Level 1:colcon.colcon_core.environment:checking '/home/khaledob/bookros2_ws/install/urdf_test/bin'
[1.753s] INFO:colcon.colcon_core.shell:Creating package script '/home/khaledob/bookros2_ws/install/urdf_test/share/urdf_test/package.ps1'
[1.755s] INFO:colcon.colcon_core.shell:Creating package descriptor '/home/khaledob/bookros2_ws/install/urdf_test/share/urdf_test/package.dsv'
[1.757s] INFO:colcon.colcon_core.shell:Creating package script '/home/khaledob/bookros2_ws/install/urdf_test/share/urdf_test/package.sh'
[1.759s] INFO:colcon.colcon_core.shell:Creating package script '/home/khaledob/bookros2_ws/install/urdf_test/share/urdf_test/package.bash'
[1.760s] INFO:colcon.colcon_core.shell:Creating package script '/home/khaledob/bookros2_ws/install/urdf_test/share/urdf_test/package.zsh'
[1.761s] Level 1:colcon.colcon_core.environment:create_file_with_runtime_dependencies(/home/khaledob/bookros2_ws/install/urdf_test/share/colcon-core/packages/urdf_test)
[1.764s] INFO:colcon.colcon_ros.task.ament_cmake.build:Building ROS package in '/home/khaledob/bookros2_ws/src/ThirdParty/pal_gripper/pal_gripper_description' with build type 'ament_cmake'
[1.765s] INFO:colcon.colcon_cmake.task.cmake.build:Building CMake package in '/home/khaledob/bookros2_ws/src/ThirdParty/pal_gripper/pal_gripper_description'
[1.765s] INFO:colcon.colcon_core.shell:Skip shell extension 'powershell' for command environment: Not usable outside of PowerShell
[1.766s] DEBUG:colcon.colcon_core.shell:Skip shell extension 'dsv' for command environment
[1.809s] INFO:colcon.colcon_ros.task.ament_cmake.build:Building ROS package in '/home/khaledob/bookros2_ws/src/ThirdParty/pal_gazebo_worlds' with build type 'ament_cmake'
[1.809s] INFO:colcon.colcon_cmake.task.cmake.build:Building CMake package in '/home/khaledob/bookros2_ws/src/ThirdParty/pal_gazebo_worlds'
[1.810s] INFO:colcon.colcon_core.shell:Skip shell extension 'powershell' for command environment: Not usable outside of PowerShell
[1.810s] DEBUG:colcon.colcon_core.shell:Skip shell extension 'dsv' for command environment
[1.843s] Level 1:colcon.colcon_core.environment:create_environment_scripts_only(twist_mux)
[1.844s] Level 1:colcon.colcon_core.environment:checking '/home/khaledob/bookros2_ws/install/twist_mux' for CMake module files
[1.848s] Level 1:colcon.colcon_core.environment:checking '/home/khaledob/bookros2_ws/install/twist_mux' for CMake config files
[1.852s] Level 1:colcon.colcon_core.shell:create_environment_hook('twist_mux', 'cmake_prefix_path')
[1.852s] INFO:colcon.colcon_core.shell:Creating environment hook '/home/khaledob/bookros2_ws/install/twist_mux/share/twist_mux/hook/cmake_prefix_path.ps1'
[1.853s] INFO:colcon.colcon_core.shell:Creating environment descriptor '/home/khaledob/bookros2_ws/install/twist_mux/share/twist_mux/hook/cmake_prefix_path.dsv'
[1.855s] INFO:colcon.colcon_core.shell:Creating environment hook '/home/khaledob/bookros2_ws/install/twist_mux/share/twist_mux/hook/cmake_prefix_path.sh'
[1.857s] Level 1:colcon.colcon_core.environment:checking '/home/khaledob/bookros2_ws/install/twist_mux/lib'
[1.859s] Level 1:colcon.colcon_core.environment:checking '/home/khaledob/bookros2_ws/install/twist_mux/bin'
[1.859s] Level 1:colcon.colcon_core.environment:checking '/home/khaledob/bookros2_ws/install/twist_mux/lib/pkgconfig/twist_mux.pc'
[1.859s] Level 1:colcon.colcon_core.environment:checking '/home/khaledob/bookros2_ws/install/twist_mux/lib/python3.8/site-packages'
[1.859s] Level 1:colcon.colcon_core.environment:checking '/home/khaledob/bookros2_ws/install/twist_mux/bin'
[1.864s] INFO:colcon.colcon_core.shell:Creating package script '/home/khaledob/bookros2_ws/install/twist_mux/share/twist_mux/package.ps1'
[1.880s] INFO:colcon.colcon_core.shell:Creating package descriptor '/home/khaledob/bookros2_ws/install/twist_mux/share/twist_mux/package.dsv'
[1.881s] INFO:colcon.colcon_core.shell:Creating package script '/home/khaledob/bookros2_ws/install/twist_mux/share/twist_mux/package.sh'
[1.888s] INFO:colcon.colcon_core.shell:Creating package script '/home/khaledob/bookros2_ws/install/twist_mux/share/twist_mux/package.bash'
[1.894s] INFO:colcon.colcon_core.shell:Creating package script '/home/khaledob/bookros2_ws/install/twist_mux/share/twist_mux/package.zsh'
[1.900s] DEBUG:colcon.colcon_core.event_handler.log_command:Invoked command in '/home/khaledob/bookros2_ws/build/twist_mux' returned '0': CMAKE_PREFIX_PATH=/opt/ros/foxy /usr/bin/cmake --install /home/khaledob/bookros2_ws/build/twist_mux
[1.901s] Level 1:colcon.colcon_core.environment:create_file_with_runtime_dependencies(/home/khaledob/bookros2_ws/install/twist_mux/share/colcon-core/packages/twist_mux)
[1.903s] Level 1:colcon.colcon_core.environment:create_environment_scripts_only(twist_mux)
[1.904s] Level 1:colcon.colcon_core.environment:checking '/home/khaledob/bookros2_ws/install/twist_mux' for CMake module files
[1.905s] Level 1:colcon.colcon_core.environment:checking '/home/khaledob/bookros2_ws/install/twist_mux' for CMake config files
[1.906s] Level 1:colcon.colcon_core.shell:create_environment_hook('twist_mux', 'cmake_prefix_path')
[1.906s] INFO:colcon.colcon_core.shell:Creating environment hook '/home/khaledob/bookros2_ws/install/twist_mux/share/twist_mux/hook/cmake_prefix_path.ps1'
[1.908s] INFO:colcon.colcon_core.shell:Creating environment descriptor '/home/khaledob/bookros2_ws/install/twist_mux/share/twist_mux/hook/cmake_prefix_path.dsv'
[1.909s] INFO:colcon.colcon_core.shell:Creating environment hook '/home/khaledob/bookros2_ws/install/twist_mux/share/twist_mux/hook/cmake_prefix_path.sh'
[1.911s] Level 1:colcon.colcon_core.environment:checking '/home/khaledob/bookros2_ws/install/twist_mux/lib'
[1.914s] Level 1:colcon.colcon_core.environment:checking '/home/khaledob/bookros2_ws/install/twist_mux/bin'
[1.914s] Level 1:colcon.colcon_core.environment:checking '/home/khaledob/bookros2_ws/install/twist_mux/lib/pkgconfig/twist_mux.pc'
[1.914s] Level 1:colcon.colcon_core.environment:checking '/home/khaledob/bookros2_ws/install/twist_mux/lib/python3.8/site-packages'
[1.915s] Level 1:colcon.colcon_core.environment:checking '/home/khaledob/bookros2_ws/install/twist_mux/bin'
[1.915s] INFO:colcon.colcon_core.shell:Creating package script '/home/khaledob/bookros2_ws/install/twist_mux/share/twist_mux/package.ps1'
[1.917s] INFO:colcon.colcon_core.shell:Creating package descriptor '/home/khaledob/bookros2_ws/install/twist_mux/share/twist_mux/package.dsv'
[1.922s] INFO:colcon.colcon_core.shell:Creating package script '/home/khaledob/bookros2_ws/install/twist_mux/share/twist_mux/package.sh'
[1.929s] INFO:colcon.colcon_core.shell:Creating package script '/home/khaledob/bookros2_ws/install/twist_mux/share/twist_mux/package.bash'
[1.936s] INFO:colcon.colcon_core.shell:Creating package script '/home/khaledob/bookros2_ws/install/twist_mux/share/twist_mux/package.zsh'
[1.937s] Level 1:colcon.colcon_core.environment:create_file_with_runtime_dependencies(/home/khaledob/bookros2_ws/install/twist_mux/share/colcon-core/packages/twist_mux)
[1.943s] Level 1:colcon.colcon_core.environment:create_environment_scripts_only(tiago_description_calibration)
[1.943s] Level 1:colcon.colcon_core.environment:checking '/home/khaledob/bookros2_ws/install/tiago_description_calibration' for CMake module files
[1.945s] Level 1:colcon.colcon_core.environment:checking '/home/khaledob/bookros2_ws/install/tiago_description_calibration' for CMake config files
[1.946s] Level 1:colcon.colcon_core.shell:create_environment_hook('tiago_description_calibration', 'cmake_prefix_path')
[1.946s] INFO:colcon.colcon_core.shell:Creating environment hook '/home/khaledob/bookros2_ws/install/tiago_description_calibration/share/tiago_description_calibration/hook/cmake_prefix_path.ps1'
[1.948s] DEBUG:colcon.colcon_core.event_handler.log_command:Invoked command in '/home/khaledob/bookros2_ws/build/tiago_description_calibration' returned '0': CMAKE_PREFIX_PATH=/opt/ros/foxy /usr/bin/cmake --install /home/khaledob/bookros2_ws/build/tiago_description_calibration
[1.949s] INFO:colcon.colcon_core.shell:Creating environment descriptor '/home/khaledob/bookros2_ws/install/tiago_description_calibration/share/tiago_description_calibration/hook/cmake_prefix_path.dsv'
[1.951s] INFO:colcon.colcon_core.shell:Creating environment hook '/home/khaledob/bookros2_ws/install/tiago_description_calibration/share/tiago_description_calibration/hook/cmake_prefix_path.sh'
[1.953s] Level 1:colcon.colcon_core.environment:checking '/home/khaledob/bookros2_ws/install/tiago_description_calibration/bin'
[1.954s] Level 1:colcon.colcon_core.environment:checking '/home/khaledob/bookros2_ws/install/tiago_description_calibration/lib/pkgconfig/tiago_description_calibration.pc'
[1.955s] Level 1:colcon.colcon_core.environment:checking '/home/khaledob/bookros2_ws/install/tiago_description_calibration/lib/python3.8/site-packages'
[1.955s] Level 1:colcon.colcon_core.environment:checking '/home/khaledob/bookros2_ws/install/tiago_description_calibration/bin'
[1.956s] INFO:colcon.colcon_core.shell:Creating package script '/home/khaledob/bookros2_ws/install/tiago_description_calibration/share/tiago_description_calibration/package.ps1'
[1.957s] INFO:colcon.colcon_core.shell:Creating package descriptor '/home/khaledob/bookros2_ws/install/tiago_description_calibration/share/tiago_description_calibration/package.dsv'
[1.959s] INFO:colcon.colcon_core.shell:Creating package script '/home/khaledob/bookros2_ws/install/tiago_description_calibration/share/tiago_description_calibration/package.sh'
[1.960s] INFO:colcon.colcon_core.shell:Creating package script '/home/khaledob/bookros2_ws/install/tiago_description_calibration/share/tiago_description_calibration/package.bash'
[1.962s] INFO:colcon.colcon_core.shell:Creating package script '/home/khaledob/bookros2_ws/install/tiago_description_calibration/share/tiago_description_calibration/package.zsh'
[1.963s] Level 1:colcon.colcon_core.environment:create_file_with_runtime_dependencies(/home/khaledob/bookros2_ws/install/tiago_description_calibration/share/colcon-core/packages/tiago_description_calibration)
[1.965s] Level 1:colcon.colcon_core.environment:create_environment_scripts_only(tiago_description_calibration)
[1.965s] Level 1:colcon.colcon_core.environment:checking '/home/khaledob/bookros2_ws/install/tiago_description_calibration' for CMake module files
[1.966s] Level 1:colcon.colcon_core.environment:checking '/home/khaledob/bookros2_ws/install/tiago_description_calibration' for CMake config files
[1.966s] Level 1:colcon.colcon_core.shell:create_environment_hook('tiago_description_calibration', 'cmake_prefix_path')
[1.967s] INFO:colcon.colcon_core.shell:Creating environment hook '/home/khaledob/bookros2_ws/install/tiago_description_calibration/share/tiago_description_calibration/hook/cmake_prefix_path.ps1'
[1.968s] INFO:colcon.colcon_core.shell:Creating environment descriptor '/home/khaledob/bookros2_ws/install/tiago_description_calibration/share/tiago_description_calibration/hook/cmake_prefix_path.dsv'
[1.969s] INFO:colcon.colcon_core.shell:Creating environment hook '/home/khaledob/bookros2_ws/install/tiago_description_calibration/share/tiago_description_calibration/hook/cmake_prefix_path.sh'
[1.971s] Level 1:colcon.colcon_core.environment:checking '/home/khaledob/bookros2_ws/install/tiago_description_calibration/bin'
[1.972s] Level 1:colcon.colcon_core.environment:checking '/home/khaledob/bookros2_ws/install/tiago_description_calibration/lib/pkgconfig/tiago_description_calibration.pc'
[1.972s] Level 1:colcon.colcon_core.environment:checking '/home/khaledob/bookros2_ws/install/tiago_description_calibration/lib/python3.8/site-packages'
[1.972s] Level 1:colcon.colcon_core.environment:checking '/home/khaledob/bookros2_ws/install/tiago_description_calibration/bin'
[1.973s] INFO:colcon.colcon_core.shell:Creating package script '/home/khaledob/bookros2_ws/install/tiago_description_calibration/share/tiago_description_calibration/package.ps1'
[1.974s] INFO:colcon.colcon_core.shell:Creating package descriptor '/home/khaledob/bookros2_ws/install/tiago_description_calibration/share/tiago_description_calibration/package.dsv'
[1.976s] INFO:colcon.colcon_core.shell:Creating package script '/home/khaledob/bookros2_ws/install/tiago_description_calibration/share/tiago_description_calibration/package.sh'
[1.977s] INFO:colcon.colcon_core.shell:Creating package script '/home/khaledob/bookros2_ws/install/tiago_description_calibration/share/tiago_description_calibration/package.bash'
[1.979s] INFO:colcon.colcon_core.shell:Creating package script '/home/khaledob/bookros2_ws/install/tiago_description_calibration/share/tiago_description_calibration/package.zsh'
[1.981s] Level 1:colcon.colcon_core.environment:create_file_with_runtime_dependencies(/home/khaledob/bookros2_ws/install/tiago_description_calibration/share/colcon-core/packages/tiago_description_calibration)
[2.008s] INFO:colcon.colcon_ros.task.ament_cmake.build:Building ROS package in '/home/khaledob/bookros2_ws/src/ThirdParty/pmb2_navigation/pmb2_maps' with build type 'ament_cmake'
[2.010s] INFO:colcon.colcon_cmake.task.cmake.build:Building CMake package in '/home/khaledob/bookros2_ws/src/ThirdParty/pmb2_navigation/pmb2_maps'
[2.011s] INFO:colcon.colcon_core.shell:Skip shell extension 'powershell' for command environment: Not usable outside of PowerShell
[2.011s] DEBUG:colcon.colcon_core.shell:Skip shell extension 'dsv' for command environment
[2.021s] INFO:colcon.colcon_ros.task.ament_cmake.build:Building ROS package in '/home/khaledob/bookros2_ws/src/book_ros2/br2_tracking_msgs' with build type 'ament_cmake'
[2.021s] INFO:colcon.colcon_cmake.task.cmake.build:Building CMake package in '/home/khaledob/bookros2_ws/src/book_ros2/br2_tracking_msgs'
[2.022s] INFO:colcon.colcon_core.shell:Skip shell extension 'powershell' for command environment: Not usable outside of PowerShell
[2.023s] DEBUG:colcon.colcon_core.shell:Skip shell extension 'dsv' for command environment
[2.025s] DEBUG:colcon.colcon_core.event_handler.log_command:Invoking command in '/home/khaledob/bookros2_ws/build/hardware_interface': AMENT_PREFIX_PATH=/home/khaledob/bookros2_ws/install/ros2_control_test_assets:${AMENT_PREFIX_PATH} CMAKE_PREFIX_PATH=/home/khaledob/bookros2_ws/install/ros2_control_test_assets:/opt/ros/foxy /usr/bin/cmake --build /home/khaledob/bookros2_ws/build/hardware_interface -- -j7 -l7
[2.071s] Level 1:colcon.colcon_core.environment:create_environment_scripts_only(controller_manager_msgs)
[2.073s] DEBUG:colcon.colcon_core.event_handler.log_command:Invoked command in '/home/khaledob/bookros2_ws/build/controller_manager_msgs' returned '0': CMAKE_PREFIX_PATH=/opt/ros/foxy /usr/bin/cmake --install /home/khaledob/bookros2_ws/build/controller_manager_msgs
[2.078s] Level 1:colcon.colcon_core.environment:checking '/home/khaledob/bookros2_ws/install/controller_manager_msgs' for CMake module files
[2.081s] Level 1:colcon.colcon_core.environment:checking '/home/khaledob/bookros2_ws/install/controller_manager_msgs' for CMake config files
[2.083s] Level 1:colcon.colcon_core.shell:create_environment_hook('controller_manager_msgs', 'cmake_prefix_path')
[2.085s] INFO:colcon.colcon_core.shell:Creating environment hook '/home/khaledob/bookros2_ws/install/controller_manager_msgs/share/controller_manager_msgs/hook/cmake_prefix_path.ps1'
[2.086s] INFO:colcon.colcon_core.shell:Creating environment descriptor '/home/khaledob/bookros2_ws/install/controller_manager_msgs/share/controller_manager_msgs/hook/cmake_prefix_path.dsv'
[2.088s] INFO:colcon.colcon_core.shell:Creating environment hook '/home/khaledob/bookros2_ws/install/controller_manager_msgs/share/controller_manager_msgs/hook/cmake_prefix_path.sh'
[2.089s] Level 1:colcon.colcon_core.environment:checking '/home/khaledob/bookros2_ws/install/controller_manager_msgs/lib'
[2.089s] Level 1:colcon.colcon_core.shell:create_environment_hook('controller_manager_msgs', 'ld_library_path_lib')
[2.090s] INFO:colcon.colcon_core.shell:Creating environment hook '/home/khaledob/bookros2_ws/install/controller_manager_msgs/share/controller_manager_msgs/hook/ld_library_path_lib.ps1'
[2.090s] INFO:colcon.colcon_core.shell:Creating environment descriptor '/home/khaledob/bookros2_ws/install/controller_manager_msgs/share/controller_manager_msgs/hook/ld_library_path_lib.dsv'
[2.091s] INFO:colcon.colcon_core.shell:Creating environment hook '/home/khaledob/bookros2_ws/install/controller_manager_msgs/share/controller_manager_msgs/hook/ld_library_path_lib.sh'
[2.093s] Level 1:colcon.colcon_core.environment:checking '/home/khaledob/bookros2_ws/install/controller_manager_msgs/bin'
[2.094s] Level 1:colcon.colcon_core.environment:checking '/home/khaledob/bookros2_ws/install/controller_manager_msgs/lib/pkgconfig/controller_manager_msgs.pc'
[2.095s] Level 1:colcon.colcon_core.environment:checking '/home/khaledob/bookros2_ws/install/controller_manager_msgs/lib/python3.8/site-packages'
[2.095s] Level 1:colcon.colcon_core.shell:create_environment_hook('controller_manager_msgs', 'pythonpath')
[2.095s] INFO:colcon.colcon_core.shell:Creating environment hook '/home/khaledob/bookros2_ws/install/controller_manager_msgs/share/controller_manager_msgs/hook/pythonpath.ps1'
[2.096s] INFO:colcon.colcon_core.shell:Creating environment descriptor '/home/khaledob/bookros2_ws/install/controller_manager_msgs/share/controller_manager_msgs/hook/pythonpath.dsv'
[2.097s] INFO:colcon.colcon_core.shell:Creating environment hook '/home/khaledob/bookros2_ws/install/controller_manager_msgs/share/controller_manager_msgs/hook/pythonpath.sh'
[2.099s] Level 1:colcon.colcon_core.environment:checking '/home/khaledob/bookros2_ws/install/controller_manager_msgs/bin'
[2.100s] INFO:colcon.colcon_core.shell:Creating package script '/home/khaledob/bookros2_ws/install/controller_manager_msgs/share/controller_manager_msgs/package.ps1'
[2.102s] INFO:colcon.colcon_core.shell:Creating package descriptor '/home/khaledob/bookros2_ws/install/controller_manager_msgs/share/controller_manager_msgs/package.dsv'
[2.103s] INFO:colcon.colcon_core.shell:Creating package script '/home/khaledob/bookros2_ws/install/controller_manager_msgs/share/controller_manager_msgs/package.sh'
[2.104s] INFO:colcon.colcon_core.shell:Creating package script '/home/khaledob/bookros2_ws/install/controller_manager_msgs/share/controller_manager_msgs/package.bash'
[2.105s] INFO:colcon.colcon_core.shell:Creating package script '/home/khaledob/bookros2_ws/install/controller_manager_msgs/share/controller_manager_msgs/package.zsh'
[2.107s] Level 1:colcon.colcon_core.environment:create_file_with_runtime_dependencies(/home/khaledob/bookros2_ws/install/controller_manager_msgs/share/colcon-core/packages/controller_manager_msgs)
[2.108s] Level 1:colcon.colcon_core.environment:create_environment_scripts_only(controller_manager_msgs)
[2.109s] Level 1:colcon.colcon_core.environment:checking '/home/khaledob/bookros2_ws/install/controller_manager_msgs' for CMake module files
[2.110s] Level 1:colcon.colcon_core.environment:checking '/home/khaledob/bookros2_ws/install/controller_manager_msgs' for CMake config files
[2.113s] Level 1:colcon.colcon_core.shell:create_environment_hook('controller_manager_msgs', 'cmake_prefix_path')
[2.113s] INFO:colcon.colcon_core.shell:Creating environment hook '/home/khaledob/bookros2_ws/install/controller_manager_msgs/share/controller_manager_msgs/hook/cmake_prefix_path.ps1'
[2.117s] INFO:colcon.colcon_core.shell:Creating environment descriptor '/home/khaledob/bookros2_ws/install/controller_manager_msgs/share/controller_manager_msgs/hook/cmake_prefix_path.dsv'
[2.132s] INFO:colcon.colcon_core.shell:Creating environment hook '/home/khaledob/bookros2_ws/install/controller_manager_msgs/share/controller_manager_msgs/hook/cmake_prefix_path.sh'
[2.141s] Level 1:colcon.colcon_core.environment:checking '/home/khaledob/bookros2_ws/install/controller_manager_msgs/lib'
[2.141s] Level 1:colcon.colcon_core.shell:create_environment_hook('controller_manager_msgs', 'ld_library_path_lib')
[2.141s] INFO:colcon.colcon_core.shell:Creating environment hook '/home/khaledob/bookros2_ws/install/controller_manager_msgs/share/controller_manager_msgs/hook/ld_library_path_lib.ps1'
[2.149s] INFO:colcon.colcon_core.shell:Creating environment descriptor '/home/khaledob/bookros2_ws/install/controller_manager_msgs/share/controller_manager_msgs/hook/ld_library_path_lib.dsv'
[2.151s] INFO:colcon.colcon_core.shell:Creating environment hook '/home/khaledob/bookros2_ws/install/controller_manager_msgs/share/controller_manager_msgs/hook/ld_library_path_lib.sh'
[2.152s] Level 1:colcon.colcon_core.environment:checking '/home/khaledob/bookros2_ws/install/controller_manager_msgs/bin'
[2.152s] Level 1:colcon.colcon_core.environment:checking '/home/khaledob/bookros2_ws/install/controller_manager_msgs/lib/pkgconfig/controller_manager_msgs.pc'
[2.153s] Level 1:colcon.colcon_core.environment:checking '/home/khaledob/bookros2_ws/install/controller_manager_msgs/lib/python3.8/site-packages'
[2.153s] Level 1:colcon.colcon_core.shell:create_environment_hook('controller_manager_msgs', 'pythonpath')
[2.153s] INFO:colcon.colcon_core.shell:Creating environment hook '/home/khaledob/bookros2_ws/install/controller_manager_msgs/share/controller_manager_msgs/hook/pythonpath.ps1'
[2.155s] INFO:colcon.colcon_core.shell:Creating environment descriptor '/home/khaledob/bookros2_ws/install/controller_manager_msgs/share/controller_manager_msgs/hook/pythonpath.dsv'
[2.156s] INFO:colcon.colcon_core.shell:Creating environment hook '/home/khaledob/bookros2_ws/install/controller_manager_msgs/share/controller_manager_msgs/hook/pythonpath.sh'
[2.157s] Level 1:colcon.colcon_core.environment:checking '/home/khaledob/bookros2_ws/install/controller_manager_msgs/bin'
[2.158s] INFO:colcon.colcon_core.shell:Creating package script '/home/khaledob/bookros2_ws/install/controller_manager_msgs/share/controller_manager_msgs/package.ps1'
[2.160s] INFO:colcon.colcon_core.shell:Creating package descriptor '/home/khaledob/bookros2_ws/install/controller_manager_msgs/share/controller_manager_msgs/package.dsv'
[2.164s] INFO:colcon.colcon_core.shell:Creating package script '/home/khaledob/bookros2_ws/install/controller_manager_msgs/share/controller_manager_msgs/package.sh'
[2.166s] INFO:colcon.colcon_core.shell:Creating package script '/home/khaledob/bookros2_ws/install/controller_manager_msgs/share/controller_manager_msgs/package.bash'
[2.179s] INFO:colcon.colcon_core.shell:Creating package script '/home/khaledob/bookros2_ws/install/controller_manager_msgs/share/controller_manager_msgs/package.zsh'
[2.184s] Level 1:colcon.colcon_core.environment:create_file_with_runtime_dependencies(/home/khaledob/bookros2_ws/install/controller_manager_msgs/share/colcon-core/packages/controller_manager_msgs)
[2.206s] INFO:colcon.colcon_ros.task.ament_cmake.build:Building ROS package in '/home/khaledob/bookros2_ws/src/book_ros2/br2_basics' with build type 'ament_cmake'
[2.212s] INFO:colcon.colcon_cmake.task.cmake.build:Building CMake package in '/home/khaledob/bookros2_ws/src/book_ros2/br2_basics'
[2.213s] INFO:colcon.colcon_core.shell:Skip shell extension 'powershell' for command environment: Not usable outside of PowerShell
[2.213s] DEBUG:colcon.colcon_core.shell:Skip shell extension 'dsv' for command environment
[2.242s] DEBUG:colcon.colcon_core.event_handler.log_command:Invoking command in '/home/khaledob/bookros2_ws/build/pal_gripper_description': AMENT_PREFIX_PATH=/home/khaledob/bookros2_ws/install/urdf_test:${AMENT_PREFIX_PATH} CMAKE_PREFIX_PATH=/home/khaledob/bookros2_ws/install/urdf_test:/opt/ros/foxy PYTHONPATH=/home/khaledob/bookros2_ws/install/urdf_test/lib/python3.8/site-packages:${PYTHONPATH} /usr/bin/cmake --build /home/khaledob/bookros2_ws/build/pal_gripper_description -- -j7 -l7
[2.265s] DEBUG:colcon.colcon_core.event_handler.log_command:Invoking command in '/home/khaledob/bookros2_ws/build/pal_gazebo_worlds': CMAKE_PREFIX_PATH=/opt/ros/foxy /usr/bin/cmake --build /home/khaledob/bookros2_ws/build/pal_gazebo_worlds -- -j7 -l7
[2.304s] DEBUG:colcon.colcon_core.event_handler.log_command:Invoking command in '/home/khaledob/bookros2_ws/build/launch_pal': PYTHONPATH=/home/khaledob/bookros2_ws/build/launch_pal/prefix_override:/usr/lib/python3/dist-packages/colcon_core/task/python/colcon_distutils_commands:/home/khaledob/bookros2_ws/install/launch_pal/lib/python3.8/site-packages:${PYTHONPATH} /usr/bin/python3 -W ignore:setup.py install is deprecated -W ignore:easy_install command is deprecated setup.py develop --editable --build-directory /home/khaledob/bookros2_ws/build/launch_pal/build --no-deps symlink_data
[2.330s] DEBUG:colcon.colcon_core.event_handler.log_command:Invoking command in '/home/khaledob/bookros2_ws/build/pmb2_maps': CMAKE_PREFIX_PATH=/opt/ros/foxy /usr/bin/cmake --build /home/khaledob/bookros2_ws/build/pmb2_maps -- -j7 -l7
[2.369s] DEBUG:colcon.colcon_core.event_handler.log_command:Invoking command in '/home/khaledob/bookros2_ws/build/br2_tracking_msgs': CMAKE_PREFIX_PATH=/opt/ros/foxy /usr/bin/cmake --build /home/khaledob/bookros2_ws/build/br2_tracking_msgs -- -j7 -l7
[2.382s] DEBUG:colcon.colcon_core.event_handler.log_command:Invoking command in '/home/khaledob/bookros2_ws/build/br2_basics': CMAKE_PREFIX_PATH=/opt/ros/foxy /usr/bin/cmake --build /home/khaledob/bookros2_ws/build/br2_basics -- -j7 -l7
[2.438s] DEBUG:colcon.colcon_core.event_handler.log_command:Invoked command in '/home/khaledob/bookros2_ws/build/pal_gripper_description' returned '0': AMENT_PREFIX_PATH=/home/khaledob/bookros2_ws/install/urdf_test:${AMENT_PREFIX_PATH} CMAKE_PREFIX_PATH=/home/khaledob/bookros2_ws/install/urdf_test:/opt/ros/foxy PYTHONPATH=/home/khaledob/bookros2_ws/install/urdf_test/lib/python3.8/site-packages:${PYTHONPATH} /usr/bin/cmake --build /home/khaledob/bookros2_ws/build/pal_gripper_description -- -j7 -l7
[2.439s] DEBUG:colcon.colcon_core.event_handler.log_command:Invoking command in '/home/khaledob/bookros2_ws/build/pal_gripper_description': AMENT_PREFIX_PATH=/home/khaledob/bookros2_ws/install/urdf_test:${AMENT_PREFIX_PATH} CMAKE_PREFIX_PATH=/home/khaledob/bookros2_ws/install/urdf_test:/opt/ros/foxy PYTHONPATH=/home/khaledob/bookros2_ws/install/urdf_test/lib/python3.8/site-packages:${PYTHONPATH} /usr/bin/cmake --install /home/khaledob/bookros2_ws/build/pal_gripper_description
[2.468s] DEBUG:colcon.colcon_core.event_handler.log_command:Invoked command in '/home/khaledob/bookros2_ws/build/pmb2_maps' returned '0': CMAKE_PREFIX_PATH=/opt/ros/foxy /usr/bin/cmake --build /home/khaledob/bookros2_ws/build/pmb2_maps -- -j7 -l7
[2.471s] DEBUG:colcon.colcon_core.event_handler.log_command:Invoking command in '/home/khaledob/bookros2_ws/build/pmb2_maps': CMAKE_PREFIX_PATH=/opt/ros/foxy /usr/bin/cmake --install /home/khaledob/bookros2_ws/build/pmb2_maps
[2.571s] DEBUG:colcon.colcon_core.event_handler.log_command:Invoked command in '/home/khaledob/bookros2_ws/build/pal_gazebo_worlds' returned '0': CMAKE_PREFIX_PATH=/opt/ros/foxy /usr/bin/cmake --build /home/khaledob/bookros2_ws/build/pal_gazebo_worlds -- -j7 -l7
[2.572s] DEBUG:colcon.colcon_core.event_handler.log_command:Invoking command in '/home/khaledob/bookros2_ws/build/pal_gazebo_worlds': CMAKE_PREFIX_PATH=/opt/ros/foxy /usr/bin/cmake --install /home/khaledob/bookros2_ws/build/pal_gazebo_worlds
[2.573s] DEBUG:colcon.colcon_core.event_handler.log_command:Invoked command in '/home/khaledob/bookros2_ws/build/hardware_interface' returned '0': AMENT_PREFIX_PATH=/home/khaledob/bookros2_ws/install/ros2_control_test_assets:${AMENT_PREFIX_PATH} CMAKE_PREFIX_PATH=/home/khaledob/bookros2_ws/install/ros2_control_test_assets:/opt/ros/foxy /usr/bin/cmake --build /home/khaledob/bookros2_ws/build/hardware_interface -- -j7 -l7
[2.581s] DEBUG:colcon.colcon_core.event_handler.log_command:Invoking command in '/home/khaledob/bookros2_ws/build/hardware_interface': AMENT_PREFIX_PATH=/home/khaledob/bookros2_ws/install/ros2_control_test_assets:${AMENT_PREFIX_PATH} CMAKE_PREFIX_PATH=/home/khaledob/bookros2_ws/install/ros2_control_test_assets:/opt/ros/foxy /usr/bin/cmake --install /home/khaledob/bookros2_ws/build/hardware_interface
[2.584s] Level 1:colcon.colcon_core.environment:create_environment_scripts_only(pal_gripper_description)
[2.585s] Level 1:colcon.colcon_core.environment:checking '/home/khaledob/bookros2_ws/install/pal_gripper_description' for CMake module files
[2.593s] DEBUG:colcon.colcon_core.event_handler.log_command:Invoked command in '/home/khaledob/bookros2_ws/build/pal_gripper_description' returned '0': AMENT_PREFIX_PATH=/home/khaledob/bookros2_ws/install/urdf_test:${AMENT_PREFIX_PATH} CMAKE_PREFIX_PATH=/home/khaledob/bookros2_ws/install/urdf_test:/opt/ros/foxy PYTHONPATH=/home/khaledob/bookros2_ws/install/urdf_test/lib/python3.8/site-packages:${PYTHONPATH} /usr/bin/cmake --install /home/khaledob/bookros2_ws/build/pal_gripper_description
[2.595s] Level 1:colcon.colcon_core.environment:checking '/home/khaledob/bookros2_ws/install/pal_gripper_description' for CMake config files
[2.597s] Level 1:colcon.colcon_core.shell:create_environment_hook('pal_gripper_description', 'cmake_prefix_path')
[2.598s] INFO:colcon.colcon_core.shell:Creating environment hook '/home/khaledob/bookros2_ws/install/pal_gripper_description/share/pal_gripper_description/hook/cmake_prefix_path.ps1'
[2.601s] INFO:colcon.colcon_core.shell:Creating environment descriptor '/home/khaledob/bookros2_ws/install/pal_gripper_description/share/pal_gripper_description/hook/cmake_prefix_path.dsv'
[2.604s] INFO:colcon.colcon_core.shell:Creating environment hook '/home/khaledob/bookros2_ws/install/pal_gripper_description/share/pal_gripper_description/hook/cmake_prefix_path.sh'
[2.606s] Level 1:colcon.colcon_core.environment:checking '/home/khaledob/bookros2_ws/install/pal_gripper_description/bin'
[2.606s] Level 1:colcon.colcon_core.environment:checking '/home/khaledob/bookros2_ws/install/pal_gripper_description/lib/pkgconfig/pal_gripper_description.pc'
[2.607s] Level 1:colcon.colcon_core.environment:checking '/home/khaledob/bookros2_ws/install/pal_gripper_description/lib/python3.8/site-packages'
[2.607s] Level 1:colcon.colcon_core.environment:checking '/home/khaledob/bookros2_ws/install/pal_gripper_description/bin'
[2.608s] INFO:colcon.colcon_core.shell:Creating package script '/home/khaledob/bookros2_ws/install/pal_gripper_description/share/pal_gripper_description/package.ps1'
[2.640s] INFO:colcon.colcon_core.shell:Creating package descriptor '/home/khaledob/bookros2_ws/install/pal_gripper_description/share/pal_gripper_description/package.dsv'
[2.644s] INFO:colcon.colcon_core.shell:Creating package script '/home/khaledob/bookros2_ws/install/pal_gripper_description/share/pal_gripper_description/package.sh'
[2.708s] INFO:colcon.colcon_core.shell:Creating package script '/home/khaledob/bookros2_ws/install/pal_gripper_description/share/pal_gripper_description/package.bash'
[2.716s] INFO:colcon.colcon_core.shell:Creating package script '/home/khaledob/bookros2_ws/install/pal_gripper_description/share/pal_gripper_description/package.zsh'
[2.718s] Level 1:colcon.colcon_core.environment:create_file_with_runtime_dependencies(/home/khaledob/bookros2_ws/install/pal_gripper_description/share/colcon-core/packages/pal_gripper_description)
[2.722s] Level 1:colcon.colcon_core.environment:create_environment_scripts_only(pal_gripper_description)
[2.724s] Level 1:colcon.colcon_core.environment:checking '/home/khaledob/bookros2_ws/install/pal_gripper_description' for CMake module files
[2.725s] Level 1:colcon.colcon_core.environment:checking '/home/khaledob/bookros2_ws/install/pal_gripper_description' for CMake config files
[2.732s] Level 1:colcon.colcon_core.shell:create_environment_hook('pal_gripper_description', 'cmake_prefix_path')
[2.733s] INFO:colcon.colcon_core.shell:Creating environment hook '/home/khaledob/bookros2_ws/install/pal_gripper_description/share/pal_gripper_description/hook/cmake_prefix_path.ps1'
[2.738s] INFO:colcon.colcon_core.shell:Creating environment descriptor '/home/khaledob/bookros2_ws/install/pal_gripper_description/share/pal_gripper_description/hook/cmake_prefix_path.dsv'
[2.741s] INFO:colcon.colcon_core.shell:Creating environment hook '/home/khaledob/bookros2_ws/install/pal_gripper_description/share/pal_gripper_description/hook/cmake_prefix_path.sh'
[2.746s] Level 1:colcon.colcon_core.environment:checking '/home/khaledob/bookros2_ws/install/pal_gripper_description/bin'
[2.747s] Level 1:colcon.colcon_core.environment:checking '/home/khaledob/bookros2_ws/install/pal_gripper_description/lib/pkgconfig/pal_gripper_description.pc'
[2.749s] Level 1:colcon.colcon_core.environment:checking '/home/khaledob/bookros2_ws/install/pal_gripper_description/lib/python3.8/site-packages'
[2.749s] Level 1:colcon.colcon_core.environment:checking '/home/khaledob/bookros2_ws/install/pal_gripper_description/bin'
[2.751s] INFO:colcon.colcon_core.shell:Creating package script '/home/khaledob/bookros2_ws/install/pal_gripper_description/share/pal_gripper_description/package.ps1'
[2.754s] INFO:colcon.colcon_core.shell:Creating package descriptor '/home/khaledob/bookros2_ws/install/pal_gripper_description/share/pal_gripper_description/package.dsv'
[2.759s] INFO:colcon.colcon_core.shell:Creating package script '/home/khaledob/bookros2_ws/install/pal_gripper_description/share/pal_gripper_description/package.sh'
[2.762s] INFO:colcon.colcon_core.shell:Creating package script '/home/khaledob/bookros2_ws/install/pal_gripper_description/share/pal_gripper_description/package.bash'
[2.768s] INFO:colcon.colcon_core.shell:Creating package script '/home/khaledob/bookros2_ws/install/pal_gripper_description/share/pal_gripper_description/package.zsh'
[2.781s] Level 1:colcon.colcon_core.environment:create_file_with_runtime_dependencies(/home/khaledob/bookros2_ws/install/pal_gripper_description/share/colcon-core/packages/pal_gripper_description)
[2.816s] INFO:colcon.colcon_ros.task.ament_cmake.build:Building ROS package in '/home/khaledob/bookros2_ws/src/book_ros2/br2_bt_bumpgo' with build type 'ament_cmake'
[2.819s] INFO:colcon.colcon_cmake.task.cmake.build:Building CMake package in '/home/khaledob/bookros2_ws/src/book_ros2/br2_bt_bumpgo'
[2.820s] INFO:colcon.colcon_core.shell:Skip shell extension 'powershell' for command environment: Not usable outside of PowerShell
[2.820s] DEBUG:colcon.colcon_core.shell:Skip shell extension 'dsv' for command environment
[2.895s] Level 1:colcon.colcon_core.environment:create_environment_scripts_only(pmb2_maps)
[2.896s] Level 1:colcon.colcon_core.environment:checking '/home/khaledob/bookros2_ws/install/pmb2_maps' for CMake module files
[2.907s] Level 1:colcon.colcon_core.environment:checking '/home/khaledob/bookros2_ws/install/pmb2_maps' for CMake config files
[2.908s] Level 1:colcon.colcon_core.shell:create_environment_hook('pmb2_maps', 'cmake_prefix_path')
[2.909s] INFO:colcon.colcon_core.shell:Creating environment hook '/home/khaledob/bookros2_ws/install/pmb2_maps/share/pmb2_maps/hook/cmake_prefix_path.ps1'
[2.912s] INFO:colcon.colcon_core.shell:Creating environment descriptor '/home/khaledob/bookros2_ws/install/pmb2_maps/share/pmb2_maps/hook/cmake_prefix_path.dsv'
[2.914s] INFO:colcon.colcon_core.shell:Creating environment hook '/home/khaledob/bookros2_ws/install/pmb2_maps/share/pmb2_maps/hook/cmake_prefix_path.sh'
[2.918s] Level 1:colcon.colcon_core.environment:checking '/home/khaledob/bookros2_ws/install/pmb2_maps/bin'
[2.918s] Level 1:colcon.colcon_core.environment:checking '/home/khaledob/bookros2_ws/install/pmb2_maps/lib/pkgconfig/pmb2_maps.pc'
[2.919s] Level 1:colcon.colcon_core.environment:checking '/home/khaledob/bookros2_ws/install/pmb2_maps/lib/python3.8/site-packages'
[2.919s] Level 1:colcon.colcon_core.environment:checking '/home/khaledob/bookros2_ws/install/pmb2_maps/bin'
[2.919s] INFO:colcon.colcon_core.shell:Creating package script '/home/khaledob/bookros2_ws/install/pmb2_maps/share/pmb2_maps/package.ps1'
[2.922s] INFO:colcon.colcon_core.shell:Creating package descriptor '/home/khaledob/bookros2_ws/install/pmb2_maps/share/pmb2_maps/package.dsv'
[2.923s] INFO:colcon.colcon_core.shell:Creating package script '/home/khaledob/bookros2_ws/install/pmb2_maps/share/pmb2_maps/package.sh'
[2.940s] INFO:colcon.colcon_core.shell:Creating package script '/home/khaledob/bookros2_ws/install/pmb2_maps/share/pmb2_maps/package.bash'
[2.943s] INFO:colcon.colcon_core.shell:Creating package script '/home/khaledob/bookros2_ws/install/pmb2_maps/share/pmb2_maps/package.zsh'
[2.948s] Level 1:colcon.colcon_core.environment:create_file_with_runtime_dependencies(/home/khaledob/bookros2_ws/install/pmb2_maps/share/colcon-core/packages/pmb2_maps)
[2.949s] Level 1:colcon.colcon_core.environment:create_environment_scripts_only(pmb2_maps)
[2.949s] Level 1:colcon.colcon_core.environment:checking '/home/khaledob/bookros2_ws/install/pmb2_maps' for CMake module files
[2.954s] Level 1:colcon.colcon_core.environment:checking '/home/khaledob/bookros2_ws/install/pmb2_maps' for CMake config files
[2.958s] Level 1:colcon.colcon_core.shell:create_environment_hook('pmb2_maps', 'cmake_prefix_path')
[2.959s] INFO:colcon.colcon_core.shell:Creating environment hook '/home/khaledob/bookros2_ws/install/pmb2_maps/share/pmb2_maps/hook/cmake_prefix_path.ps1'
[2.963s] INFO:colcon.colcon_core.shell:Creating environment descriptor '/home/khaledob/bookros2_ws/install/pmb2_maps/share/pmb2_maps/hook/cmake_prefix_path.dsv'
[2.965s] INFO:colcon.colcon_core.shell:Creating environment hook '/home/khaledob/bookros2_ws/install/pmb2_maps/share/pmb2_maps/hook/cmake_prefix_path.sh'
[2.976s] Level 1:colcon.colcon_core.environment:checking '/home/khaledob/bookros2_ws/install/pmb2_maps/bin'
[2.976s] Level 1:colcon.colcon_core.environment:checking '/home/khaledob/bookros2_ws/install/pmb2_maps/lib/pkgconfig/pmb2_maps.pc'
[2.984s] Level 1:colcon.colcon_core.environment:checking '/home/khaledob/bookros2_ws/install/pmb2_maps/lib/python3.8/site-packages'
[2.985s] Level 1:colcon.colcon_core.environment:checking '/home/khaledob/bookros2_ws/install/pmb2_maps/bin'
[3.006s] INFO:colcon.colcon_core.shell:Creating package script '/home/khaledob/bookros2_ws/install/pmb2_maps/share/pmb2_maps/package.ps1'
[3.010s] INFO:colcon.colcon_core.shell:Creating package descriptor '/home/khaledob/bookros2_ws/install/pmb2_maps/share/pmb2_maps/package.dsv'
[3.012s] INFO:colcon.colcon_core.shell:Creating package script '/home/khaledob/bookros2_ws/install/pmb2_maps/share/pmb2_maps/package.sh'
[3.015s] INFO:colcon.colcon_core.shell:Creating package script '/home/khaledob/bookros2_ws/install/pmb2_maps/share/pmb2_maps/package.bash'
[3.027s] DEBUG:colcon.colcon_core.event_handler.log_command:Invoked command in '/home/khaledob/bookros2_ws/build/pmb2_maps' returned '0': CMAKE_PREFIX_PATH=/opt/ros/foxy /usr/bin/cmake --install /home/khaledob/bookros2_ws/build/pmb2_maps
[3.030s] INFO:colcon.colcon_core.shell:Creating package script '/home/khaledob/bookros2_ws/install/pmb2_maps/share/pmb2_maps/package.zsh'
[3.031s] Level 1:colcon.colcon_core.environment:create_file_with_runtime_dependencies(/home/khaledob/bookros2_ws/install/pmb2_maps/share/colcon-core/packages/pmb2_maps)
[3.045s] INFO:colcon.colcon_ros.task.ament_cmake.build:Building ROS package in '/home/khaledob/bookros2_ws/src/ThirdParty/pmb2_navigation/pmb2_2dnav' with build type 'ament_cmake'
[3.056s] INFO:colcon.colcon_cmake.task.cmake.build:Building CMake package in '/home/khaledob/bookros2_ws/src/ThirdParty/pmb2_navigation/pmb2_2dnav'
[3.057s] INFO:colcon.colcon_core.shell:Skip shell extension 'powershell' for command environment: Not usable outside of PowerShell
[3.059s] DEBUG:colcon.colcon_core.shell:Skip shell extension 'dsv' for command environment
[3.113s] Level 1:colcon.colcon_core.environment:create_environment_scripts_only(hardware_interface)
[3.115s] Level 1:colcon.colcon_core.environment:checking '/home/khaledob/bookros2_ws/install/hardware_interface' for CMake module files
[3.116s] Level 1:colcon.colcon_core.environment:checking '/home/khaledob/bookros2_ws/install/hardware_interface' for CMake config files
[3.118s] Level 1:colcon.colcon_core.shell:create_environment_hook('hardware_interface', 'cmake_prefix_path')
[3.119s] INFO:colcon.colcon_core.shell:Creating environment hook '/home/khaledob/bookros2_ws/install/hardware_interface/share/hardware_interface/hook/cmake_prefix_path.ps1'
[3.124s] DEBUG:colcon.colcon_core.event_handler.log_command:Invoked command in '/home/khaledob/bookros2_ws/build/br2_basics' returned '0': CMAKE_PREFIX_PATH=/opt/ros/foxy /usr/bin/cmake --build /home/khaledob/bookros2_ws/build/br2_basics -- -j7 -l7
[3.125s] DEBUG:colcon.colcon_core.event_handler.log_command:Invoking command in '/home/khaledob/bookros2_ws/build/br2_basics': CMAKE_PREFIX_PATH=/opt/ros/foxy /usr/bin/cmake --install /home/khaledob/bookros2_ws/build/br2_basics
[3.127s] DEBUG:colcon.colcon_core.event_handler.log_command:Invoked command in '/home/khaledob/bookros2_ws/build/hardware_interface' returned '0': AMENT_PREFIX_PATH=/home/khaledob/bookros2_ws/install/ros2_control_test_assets:${AMENT_PREFIX_PATH} CMAKE_PREFIX_PATH=/home/khaledob/bookros2_ws/install/ros2_control_test_assets:/opt/ros/foxy /usr/bin/cmake --install /home/khaledob/bookros2_ws/build/hardware_interface
[3.127s] INFO:colcon.colcon_core.shell:Creating environment descriptor '/home/khaledob/bookros2_ws/install/hardware_interface/share/hardware_interface/hook/cmake_prefix_path.dsv'
[3.130s] INFO:colcon.colcon_core.shell:Creating environment hook '/home/khaledob/bookros2_ws/install/hardware_interface/share/hardware_interface/hook/cmake_prefix_path.sh'
[3.133s] Level 1:colcon.colcon_core.environment:checking '/home/khaledob/bookros2_ws/install/hardware_interface/lib'
[3.133s] Level 1:colcon.colcon_core.shell:create_environment_hook('hardware_interface', 'ld_library_path_lib')
[3.134s] INFO:colcon.colcon_core.shell:Creating environment hook '/home/khaledob/bookros2_ws/install/hardware_interface/share/hardware_interface/hook/ld_library_path_lib.ps1'
[3.135s] INFO:colcon.colcon_core.shell:Creating environment descriptor '/home/khaledob/bookros2_ws/install/hardware_interface/share/hardware_interface/hook/ld_library_path_lib.dsv'
[3.137s] INFO:colcon.colcon_core.shell:Creating environment hook '/home/khaledob/bookros2_ws/install/hardware_interface/share/hardware_interface/hook/ld_library_path_lib.sh'
[3.138s] Level 1:colcon.colcon_core.environment:checking '/home/khaledob/bookros2_ws/install/hardware_interface/bin'
[3.139s] Level 1:colcon.colcon_core.environment:checking '/home/khaledob/bookros2_ws/install/hardware_interface/lib/pkgconfig/hardware_interface.pc'
[3.139s] Level 1:colcon.colcon_core.environment:checking '/home/khaledob/bookros2_ws/install/hardware_interface/lib/python3.8/site-packages'
[3.140s] Level 1:colcon.colcon_core.environment:checking '/home/khaledob/bookros2_ws/install/hardware_interface/bin'
[3.140s] INFO:colcon.colcon_core.shell:Creating package script '/home/khaledob/bookros2_ws/install/hardware_interface/share/hardware_interface/package.ps1'
[3.145s] INFO:colcon.colcon_core.shell:Creating package descriptor '/home/khaledob/bookros2_ws/install/hardware_interface/share/hardware_interface/package.dsv'
[3.158s] INFO:colcon.colcon_core.shell:Creating package script '/home/khaledob/bookros2_ws/install/hardware_interface/share/hardware_interface/package.sh'
[3.161s] INFO:colcon.colcon_core.shell:Creating package script '/home/khaledob/bookros2_ws/install/hardware_interface/share/hardware_interface/package.bash'
[3.170s] INFO:colcon.colcon_core.shell:Creating package script '/home/khaledob/bookros2_ws/install/hardware_interface/share/hardware_interface/package.zsh'
[3.180s] Level 1:colcon.colcon_core.environment:create_file_with_runtime_dependencies(/home/khaledob/bookros2_ws/install/hardware_interface/share/colcon-core/packages/hardware_interface)
[3.182s] Level 1:colcon.colcon_core.environment:create_environment_scripts_only(hardware_interface)
[3.183s] Level 1:colcon.colcon_core.environment:checking '/home/khaledob/bookros2_ws/install/hardware_interface' for CMake module files
[3.185s] Level 1:colcon.colcon_core.environment:checking '/home/khaledob/bookros2_ws/install/hardware_interface' for CMake config files
[3.186s] Level 1:colcon.colcon_core.shell:create_environment_hook('hardware_interface', 'cmake_prefix_path')
[3.186s] INFO:colcon.colcon_core.shell:Creating environment hook '/home/khaledob/bookros2_ws/install/hardware_interface/share/hardware_interface/hook/cmake_prefix_path.ps1'
[3.188s] INFO:colcon.colcon_core.shell:Creating environment descriptor '/home/khaledob/bookros2_ws/install/hardware_interface/share/hardware_interface/hook/cmake_prefix_path.dsv'
[3.189s] INFO:colcon.colcon_core.shell:Creating environment hook '/home/khaledob/bookros2_ws/install/hardware_interface/share/hardware_interface/hook/cmake_prefix_path.sh'
[3.191s] Level 1:colcon.colcon_core.environment:checking '/home/khaledob/bookros2_ws/install/hardware_interface/lib'
[3.191s] Level 1:colcon.colcon_core.shell:create_environment_hook('hardware_interface', 'ld_library_path_lib')
[3.192s] INFO:colcon.colcon_core.shell:Creating environment hook '/home/khaledob/bookros2_ws/install/hardware_interface/share/hardware_interface/hook/ld_library_path_lib.ps1'
[3.200s] INFO:colcon.colcon_core.shell:Creating environment descriptor '/home/khaledob/bookros2_ws/install/hardware_interface/share/hardware_interface/hook/ld_library_path_lib.dsv'
[3.206s] INFO:colcon.colcon_core.shell:Creating environment hook '/home/khaledob/bookros2_ws/install/hardware_interface/share/hardware_interface/hook/ld_library_path_lib.sh'
[3.208s] Level 1:colcon.colcon_core.environment:checking '/home/khaledob/bookros2_ws/install/hardware_interface/bin'
[3.208s] Level 1:colcon.colcon_core.environment:checking '/home/khaledob/bookros2_ws/install/hardware_interface/lib/pkgconfig/hardware_interface.pc'
[3.209s] Level 1:colcon.colcon_core.environment:checking '/home/khaledob/bookros2_ws/install/hardware_interface/lib/python3.8/site-packages'
[3.209s] Level 1:colcon.colcon_core.environment:checking '/home/khaledob/bookros2_ws/install/hardware_interface/bin'
[3.210s] INFO:colcon.colcon_core.shell:Creating package script '/home/khaledob/bookros2_ws/install/hardware_interface/share/hardware_interface/package.ps1'
[3.213s] INFO:colcon.colcon_core.shell:Creating package descriptor '/home/khaledob/bookros2_ws/install/hardware_interface/share/hardware_interface/package.dsv'
[3.214s] INFO:colcon.colcon_core.shell:Creating package script '/home/khaledob/bookros2_ws/install/hardware_interface/share/hardware_interface/package.sh'
[3.216s] INFO:colcon.colcon_core.shell:Creating package script '/home/khaledob/bookros2_ws/install/hardware_interface/share/hardware_interface/package.bash'
[3.217s] INFO:colcon.colcon_core.shell:Creating package script '/home/khaledob/bookros2_ws/install/hardware_interface/share/hardware_interface/package.zsh'
[3.220s] Level 1:colcon.colcon_core.environment:create_file_with_runtime_dependencies(/home/khaledob/bookros2_ws/install/hardware_interface/share/colcon-core/packages/hardware_interface)
[3.225s] INFO:colcon.colcon_ros.task.ament_cmake.build:Building ROS package in '/home/khaledob/bookros2_ws/src/ThirdParty/ros2_control/controller_interface' with build type 'ament_cmake'
[3.225s] INFO:colcon.colcon_cmake.task.cmake.build:Building CMake package in '/home/khaledob/bookros2_ws/src/ThirdParty/ros2_control/controller_interface'
[3.226s] INFO:colcon.colcon_core.shell:Skip shell extension 'powershell' for command environment: Not usable outside of PowerShell
[3.227s] DEBUG:colcon.colcon_core.shell:Skip shell extension 'dsv' for command environment
[3.266s] Level 1:colcon.colcon_core.environment:create_environment_scripts_only(pal_gazebo_worlds)
[3.267s] Level 1:colcon.colcon_core.environment:checking '/home/khaledob/bookros2_ws/install/pal_gazebo_worlds' for CMake module files
[3.277s] Level 1:colcon.colcon_core.environment:checking '/home/khaledob/bookros2_ws/install/pal_gazebo_worlds' for CMake config files
[3.284s] DEBUG:colcon.colcon_core.event_handler.log_command:Invoked command in '/home/khaledob/bookros2_ws/build/pal_gazebo_worlds' returned '0': CMAKE_PREFIX_PATH=/opt/ros/foxy /usr/bin/cmake --install /home/khaledob/bookros2_ws/build/pal_gazebo_worlds
[3.295s] Level 1:colcon.colcon_core.shell:create_environment_hook('pal_gazebo_worlds', 'cmake_prefix_path')
[3.296s] INFO:colcon.colcon_core.shell:Creating environment hook '/home/khaledob/bookros2_ws/install/pal_gazebo_worlds/share/pal_gazebo_worlds/hook/cmake_prefix_path.ps1'
[3.297s] INFO:colcon.colcon_core.shell:Creating environment descriptor '/home/khaledob/bookros2_ws/install/pal_gazebo_worlds/share/pal_gazebo_worlds/hook/cmake_prefix_path.dsv'
[3.299s] INFO:colcon.colcon_core.shell:Creating environment hook '/home/khaledob/bookros2_ws/install/pal_gazebo_worlds/share/pal_gazebo_worlds/hook/cmake_prefix_path.sh'
[3.314s] Level 1:colcon.colcon_core.environment:checking '/home/khaledob/bookros2_ws/install/pal_gazebo_worlds/bin'
[3.315s] Level 1:colcon.colcon_core.environment:checking '/home/khaledob/bookros2_ws/install/pal_gazebo_worlds/lib/pkgconfig/pal_gazebo_worlds.pc'
[3.315s] Level 1:colcon.colcon_core.environment:checking '/home/khaledob/bookros2_ws/install/pal_gazebo_worlds/lib/python3.8/site-packages'
[3.319s] Level 1:colcon.colcon_core.environment:checking '/home/khaledob/bookros2_ws/install/pal_gazebo_worlds/bin'
[3.321s] INFO:colcon.colcon_core.shell:Creating package script '/home/khaledob/bookros2_ws/install/pal_gazebo_worlds/share/pal_gazebo_worlds/package.ps1'
[3.325s] INFO:colcon.colcon_core.shell:Creating package descriptor '/home/khaledob/bookros2_ws/install/pal_gazebo_worlds/share/pal_gazebo_worlds/package.dsv'
[3.326s] INFO:colcon.colcon_core.shell:Creating package script '/home/khaledob/bookros2_ws/install/pal_gazebo_worlds/share/pal_gazebo_worlds/package.sh'
[3.327s] INFO:colcon.colcon_core.shell:Creating package script '/home/khaledob/bookros2_ws/install/pal_gazebo_worlds/share/pal_gazebo_worlds/package.bash'
[3.329s] INFO:colcon.colcon_core.shell:Creating package script '/home/khaledob/bookros2_ws/install/pal_gazebo_worlds/share/pal_gazebo_worlds/package.zsh'
[3.331s] Level 1:colcon.colcon_core.environment:create_file_with_runtime_dependencies(/home/khaledob/bookros2_ws/install/pal_gazebo_worlds/share/colcon-core/packages/pal_gazebo_worlds)
[3.333s] Level 1:colcon.colcon_core.environment:create_environment_scripts_only(pal_gazebo_worlds)
[3.336s] Level 1:colcon.colcon_core.environment:checking '/home/khaledob/bookros2_ws/install/pal_gazebo_worlds' for CMake module files
[3.336s] Level 1:colcon.colcon_core.environment:checking '/home/khaledob/bookros2_ws/install/pal_gazebo_worlds' for CMake config files
[3.342s] Level 1:colcon.colcon_core.shell:create_environment_hook('pal_gazebo_worlds', 'cmake_prefix_path')
[3.343s] INFO:colcon.colcon_core.shell:Creating environment hook '/home/khaledob/bookros2_ws/install/pal_gazebo_worlds/share/pal_gazebo_worlds/hook/cmake_prefix_path.ps1'
[3.345s] INFO:colcon.colcon_core.shell:Creating environment descriptor '/home/khaledob/bookros2_ws/install/pal_gazebo_worlds/share/pal_gazebo_worlds/hook/cmake_prefix_path.dsv'
[3.347s] INFO:colcon.colcon_core.shell:Creating environment hook '/home/khaledob/bookros2_ws/install/pal_gazebo_worlds/share/pal_gazebo_worlds/hook/cmake_prefix_path.sh'
[3.350s] Level 1:colcon.colcon_core.environment:checking '/home/khaledob/bookros2_ws/install/pal_gazebo_worlds/bin'
[3.350s] Level 1:colcon.colcon_core.environment:checking '/home/khaledob/bookros2_ws/install/pal_gazebo_worlds/lib/pkgconfig/pal_gazebo_worlds.pc'
[3.350s] Level 1:colcon.colcon_core.environment:checking '/home/khaledob/bookros2_ws/install/pal_gazebo_worlds/lib/python3.8/site-packages'
[3.351s] Level 1:colcon.colcon_core.environment:checking '/home/khaledob/bookros2_ws/install/pal_gazebo_worlds/bin'
[3.353s] INFO:colcon.colcon_core.shell:Creating package script '/home/khaledob/bookros2_ws/install/pal_gazebo_worlds/share/pal_gazebo_worlds/package.ps1'
[3.355s] INFO:colcon.colcon_core.shell:Creating package descriptor '/home/khaledob/bookros2_ws/install/pal_gazebo_worlds/share/pal_gazebo_worlds/package.dsv'
[3.360s] INFO:colcon.colcon_core.shell:Creating package script '/home/khaledob/bookros2_ws/install/pal_gazebo_worlds/share/pal_gazebo_worlds/package.sh'
[3.362s] INFO:colcon.colcon_core.shell:Creating package script '/home/khaledob/bookros2_ws/install/pal_gazebo_worlds/share/pal_gazebo_worlds/package.bash'
[3.366s] INFO:colcon.colcon_core.shell:Creating package script '/home/khaledob/bookros2_ws/install/pal_gazebo_worlds/share/pal_gazebo_worlds/package.zsh'
[3.368s] Level 1:colcon.colcon_core.environment:create_file_with_runtime_dependencies(/home/khaledob/bookros2_ws/install/pal_gazebo_worlds/share/colcon-core/packages/pal_gazebo_worlds)
[3.375s] INFO:colcon.colcon_ros.task.ament_cmake.build:Building ROS package in '/home/khaledob/bookros2_ws/src/book_ros2/br2_bt_patrolling' with build type 'ament_cmake'
[3.375s] INFO:colcon.colcon_cmake.task.cmake.build:Building CMake package in '/home/khaledob/bookros2_ws/src/book_ros2/br2_bt_patrolling'
[3.376s] INFO:colcon.colcon_core.shell:Skip shell extension 'powershell' for command environment: Not usable outside of PowerShell
[3.377s] DEBUG:colcon.colcon_core.shell:Skip shell extension 'dsv' for command environment
[3.385s] Level 1:colcon.colcon_core.environment:create_environment_scripts_only(br2_basics)
[3.386s] Level 1:colcon.colcon_core.environment:checking '/home/khaledob/bookros2_ws/install/br2_basics' for CMake module files
[3.388s] DEBUG:colcon.colcon_core.event_handler.log_command:Invoked command in '/home/khaledob/bookros2_ws/build/br2_basics' returned '0': CMAKE_PREFIX_PATH=/opt/ros/foxy /usr/bin/cmake --install /home/khaledob/bookros2_ws/build/br2_basics
[3.389s] Level 1:colcon.colcon_core.environment:checking '/home/khaledob/bookros2_ws/install/br2_basics' for CMake config files
[3.389s] Level 1:colcon.colcon_core.shell:create_environment_hook('br2_basics', 'cmake_prefix_path')
[3.390s] INFO:colcon.colcon_core.shell:Creating environment hook '/home/khaledob/bookros2_ws/install/br2_basics/share/br2_basics/hook/cmake_prefix_path.ps1'
[3.392s] INFO:colcon.colcon_core.shell:Creating environment descriptor '/home/khaledob/bookros2_ws/install/br2_basics/share/br2_basics/hook/cmake_prefix_path.dsv'
[3.393s] INFO:colcon.colcon_core.shell:Creating environment hook '/home/khaledob/bookros2_ws/install/br2_basics/share/br2_basics/hook/cmake_prefix_path.sh'
[3.396s] Level 1:colcon.colcon_core.environment:checking '/home/khaledob/bookros2_ws/install/br2_basics/lib'
[3.396s] Level 1:colcon.colcon_core.environment:checking '/home/khaledob/bookros2_ws/install/br2_basics/bin'
[3.396s] Level 1:colcon.colcon_core.environment:checking '/home/khaledob/bookros2_ws/install/br2_basics/lib/pkgconfig/br2_basics.pc'
[3.396s] Level 1:colcon.colcon_core.environment:checking '/home/khaledob/bookros2_ws/install/br2_basics/lib/python3.8/site-packages'
[3.397s] Level 1:colcon.colcon_core.environment:checking '/home/khaledob/bookros2_ws/install/br2_basics/bin'
[3.397s] INFO:colcon.colcon_core.shell:Creating package script '/home/khaledob/bookros2_ws/install/br2_basics/share/br2_basics/package.ps1'
[3.399s] INFO:colcon.colcon_core.shell:Creating package descriptor '/home/khaledob/bookros2_ws/install/br2_basics/share/br2_basics/package.dsv'
[3.400s] INFO:colcon.colcon_core.shell:Creating package script '/home/khaledob/bookros2_ws/install/br2_basics/share/br2_basics/package.sh'
[3.401s] INFO:colcon.colcon_core.shell:Creating package script '/home/khaledob/bookros2_ws/install/br2_basics/share/br2_basics/package.bash'
[3.403s] INFO:colcon.colcon_core.shell:Creating package script '/home/khaledob/bookros2_ws/install/br2_basics/share/br2_basics/package.zsh'
[3.404s] Level 1:colcon.colcon_core.environment:create_file_with_runtime_dependencies(/home/khaledob/bookros2_ws/install/br2_basics/share/colcon-core/packages/br2_basics)
[3.407s] Level 1:colcon.colcon_core.environment:create_environment_scripts_only(br2_basics)
[3.408s] Level 1:colcon.colcon_core.environment:checking '/home/khaledob/bookros2_ws/install/br2_basics' for CMake module files
[3.410s] Level 1:colcon.colcon_core.environment:checking '/home/khaledob/bookros2_ws/install/br2_basics' for CMake config files
[3.411s] Level 1:colcon.colcon_core.shell:create_environment_hook('br2_basics', 'cmake_prefix_path')
[3.414s] INFO:colcon.colcon_core.shell:Creating environment hook '/home/khaledob/bookros2_ws/install/br2_basics/share/br2_basics/hook/cmake_prefix_path.ps1'
[3.416s] INFO:colcon.colcon_core.shell:Creating environment descriptor '/home/khaledob/bookros2_ws/install/br2_basics/share/br2_basics/hook/cmake_prefix_path.dsv'
[3.424s] INFO:colcon.colcon_core.shell:Creating environment hook '/home/khaledob/bookros2_ws/install/br2_basics/share/br2_basics/hook/cmake_prefix_path.sh'
[3.432s] Level 1:colcon.colcon_core.environment:checking '/home/khaledob/bookros2_ws/install/br2_basics/lib'
[3.432s] Level 1:colcon.colcon_core.environment:checking '/home/khaledob/bookros2_ws/install/br2_basics/bin'
[3.432s] Level 1:colcon.colcon_core.environment:checking '/home/khaledob/bookros2_ws/install/br2_basics/lib/pkgconfig/br2_basics.pc'
[3.432s] Level 1:colcon.colcon_core.environment:checking '/home/khaledob/bookros2_ws/install/br2_basics/lib/python3.8/site-packages'
[3.432s] Level 1:colcon.colcon_core.environment:checking '/home/khaledob/bookros2_ws/install/br2_basics/bin'
[3.433s] INFO:colcon.colcon_core.shell:Creating package script '/home/khaledob/bookros2_ws/install/br2_basics/share/br2_basics/package.ps1'
[3.436s] INFO:colcon.colcon_core.shell:Creating package descriptor '/home/khaledob/bookros2_ws/install/br2_basics/share/br2_basics/package.dsv'
[3.438s] INFO:colcon.colcon_core.shell:Creating package script '/home/khaledob/bookros2_ws/install/br2_basics/share/br2_basics/package.sh'
[3.439s] INFO:colcon.colcon_core.shell:Creating package script '/home/khaledob/bookros2_ws/install/br2_basics/share/br2_basics/package.bash'
[3.441s] INFO:colcon.colcon_core.shell:Creating package script '/home/khaledob/bookros2_ws/install/br2_basics/share/br2_basics/package.zsh'
[3.442s] Level 1:colcon.colcon_core.environment:create_file_with_runtime_dependencies(/home/khaledob/bookros2_ws/install/br2_basics/share/colcon-core/packages/br2_basics)
[3.455s] INFO:colcon.colcon_ros.task.ament_cmake.build:Building ROS package in '/home/khaledob/bookros2_ws/src/book_ros2/br2_fsm_bumpgo_cpp' with build type 'ament_cmake'
[3.455s] INFO:colcon.colcon_cmake.task.cmake.build:Building CMake package in '/home/khaledob/bookros2_ws/src/book_ros2/br2_fsm_bumpgo_cpp'
[3.456s] INFO:colcon.colcon_core.shell:Skip shell extension 'powershell' for command environment: Not usable outside of PowerShell
[3.456s] DEBUG:colcon.colcon_core.shell:Skip shell extension 'dsv' for command environment
[3.459s] DEBUG:colcon.colcon_core.event_handler.log_command:Invoking command in '/home/khaledob/bookros2_ws/build/br2_bt_bumpgo': CMAKE_PREFIX_PATH=/opt/ros/foxy /usr/bin/cmake --build /home/khaledob/bookros2_ws/build/br2_bt_bumpgo -- -j7 -l7
[3.475s] DEBUG:colcon.colcon_core.event_handler.log_command:Invoked command in '/home/khaledob/bookros2_ws/build/br2_tracking_msgs' returned '0': CMAKE_PREFIX_PATH=/opt/ros/foxy /usr/bin/cmake --build /home/khaledob/bookros2_ws/build/br2_tracking_msgs -- -j7 -l7
[3.477s] DEBUG:colcon.colcon_core.event_handler.log_command:Invoking command in '/home/khaledob/bookros2_ws/build/br2_tracking_msgs': CMAKE_PREFIX_PATH=/opt/ros/foxy /usr/bin/cmake --install /home/khaledob/bookros2_ws/build/br2_tracking_msgs
[3.478s] Level 1:colcon.colcon_core.shell:create_environment_hook('launch_pal', 'pythonpath_develop')
[3.479s] INFO:colcon.colcon_core.shell:Creating environment hook '/home/khaledob/bookros2_ws/build/launch_pal/share/launch_pal/hook/pythonpath_develop.ps1'
[3.480s] DEBUG:colcon.colcon_core.event_handler.log_command:Invoked command in '/home/khaledob/bookros2_ws/build/launch_pal' returned '0': PYTHONPATH=/home/khaledob/bookros2_ws/build/launch_pal/prefix_override:/usr/lib/python3/dist-packages/colcon_core/task/python/colcon_distutils_commands:/home/khaledob/bookros2_ws/install/launch_pal/lib/python3.8/site-packages:${PYTHONPATH} /usr/bin/python3 -W ignore:setup.py install is deprecated -W ignore:easy_install command is deprecated setup.py develop --editable --build-directory /home/khaledob/bookros2_ws/build/launch_pal/build --no-deps symlink_data
[3.493s] INFO:colcon.colcon_core.shell:Creating environment descriptor '/home/khaledob/bookros2_ws/build/launch_pal/share/launch_pal/hook/pythonpath_develop.dsv'
[3.498s] INFO:colcon.colcon_core.shell:Creating environment hook '/home/khaledob/bookros2_ws/build/launch_pal/share/launch_pal/hook/pythonpath_develop.sh'
[3.504s] Level 1:colcon.colcon_core.environment:checking '/home/khaledob/bookros2_ws/install/launch_pal' for CMake module files
[3.506s] Level 1:colcon.colcon_core.environment:checking '/home/khaledob/bookros2_ws/install/launch_pal' for CMake config files
[3.507s] Level 1:colcon.colcon_core.environment:checking '/home/khaledob/bookros2_ws/install/launch_pal/lib'
[3.508s] Level 1:colcon.colcon_core.environment:checking '/home/khaledob/bookros2_ws/install/launch_pal/bin'
[3.508s] Level 1:colcon.colcon_core.environment:checking '/home/khaledob/bookros2_ws/install/launch_pal/lib/pkgconfig/launch_pal.pc'
[3.508s] Level 1:colcon.colcon_core.environment:checking '/home/khaledob/bookros2_ws/install/launch_pal/lib/python3.8/site-packages'
[3.508s] Level 1:colcon.colcon_core.shell:create_environment_hook('launch_pal', 'pythonpath')
[3.508s] INFO:colcon.colcon_core.shell:Creating environment hook '/home/khaledob/bookros2_ws/install/launch_pal/share/launch_pal/hook/pythonpath.ps1'
[3.510s] INFO:colcon.colcon_core.shell:Creating environment descriptor '/home/khaledob/bookros2_ws/install/launch_pal/share/launch_pal/hook/pythonpath.dsv'
[3.511s] INFO:colcon.colcon_core.shell:Creating environment hook '/home/khaledob/bookros2_ws/install/launch_pal/share/launch_pal/hook/pythonpath.sh'
[3.513s] Level 1:colcon.colcon_core.environment:checking '/home/khaledob/bookros2_ws/install/launch_pal/bin'
[3.513s] Level 1:colcon.colcon_core.environment:create_environment_scripts_only(launch_pal)
[3.513s] INFO:colcon.colcon_core.shell:Creating package script '/home/khaledob/bookros2_ws/install/launch_pal/share/launch_pal/package.ps1'
[3.515s] INFO:colcon.colcon_core.shell:Creating package descriptor '/home/khaledob/bookros2_ws/install/launch_pal/share/launch_pal/package.dsv'
[3.517s] INFO:colcon.colcon_core.shell:Creating package script '/home/khaledob/bookros2_ws/install/launch_pal/share/launch_pal/package.sh'
[3.521s] INFO:colcon.colcon_core.shell:Creating package script '/home/khaledob/bookros2_ws/install/launch_pal/share/launch_pal/package.bash'
[3.523s] INFO:colcon.colcon_core.shell:Creating package script '/home/khaledob/bookros2_ws/install/launch_pal/share/launch_pal/package.zsh'
[3.524s] Level 1:colcon.colcon_core.environment:create_file_with_runtime_dependencies(/home/khaledob/bookros2_ws/install/launch_pal/share/colcon-core/packages/launch_pal)
[3.573s] INFO:colcon.colcon_ros.task.ament_python.build:Building ROS package in '/home/khaledob/bookros2_ws/src/book_ros2/br2_fsm_bumpgo_py' with build type 'ament_python'
[3.573s] Level 1:colcon.colcon_core.shell:create_environment_hook('br2_fsm_bumpgo_py', 'ament_prefix_path')
[3.574s] INFO:colcon.colcon_core.shell:Creating environment hook '/home/khaledob/bookros2_ws/install/br2_fsm_bumpgo_py/share/br2_fsm_bumpgo_py/hook/ament_prefix_path.ps1'
[3.591s] INFO:colcon.colcon_core.shell:Creating environment descriptor '/home/khaledob/bookros2_ws/install/br2_fsm_bumpgo_py/share/br2_fsm_bumpgo_py/hook/ament_prefix_path.dsv'
[3.592s] INFO:colcon.colcon_core.shell:Creating environment hook '/home/khaledob/bookros2_ws/install/br2_fsm_bumpgo_py/share/br2_fsm_bumpgo_py/hook/ament_prefix_path.sh'
[3.595s] DEBUG:colcon.colcon_core.event_handler.log_command:Invoking command in '/home/khaledob/bookros2_ws/build/pmb2_2dnav': AMENT_PREFIX_PATH=/home/khaledob/bookros2_ws/install/pmb2_maps:${AMENT_PREFIX_PATH} CMAKE_PREFIX_PATH=/home/khaledob/bookros2_ws/install/pmb2_maps:/opt/ros/foxy /usr/bin/cmake --build /home/khaledob/bookros2_ws/build/pmb2_2dnav -- -j7 -l7
[3.599s] INFO:colcon.colcon_core.shell:Skip shell extension 'powershell' for command environment: Not usable outside of PowerShell
[3.599s] DEBUG:colcon.colcon_core.shell:Skip shell extension 'dsv' for command environment
[3.756s] DEBUG:colcon.colcon_core.event_handler.log_command:Invoking command in '/home/khaledob/bookros2_ws/build/controller_interface': AMENT_PREFIX_PATH=/home/khaledob/bookros2_ws/install/hardware_interface:/home/khaledob/bookros2_ws/install/ros2_control_test_assets:${AMENT_PREFIX_PATH} CMAKE_PREFIX_PATH=/home/khaledob/bookros2_ws/install/hardware_interface:/home/khaledob/bookros2_ws/install/ros2_control_test_assets:/opt/ros/foxy LD_LIBRARY_PATH=/home/khaledob/bookros2_ws/install/hardware_interface/lib:${LD_LIBRARY_PATH} /usr/bin/cmake --build /home/khaledob/bookros2_ws/build/controller_interface -- -j7 -l7
[3.865s] DEBUG:colcon.colcon_core.event_handler.log_command:Invoking command in '/home/khaledob/bookros2_ws/build/br2_bt_patrolling': CMAKE_PREFIX_PATH=/opt/ros/foxy /usr/bin/cmake --build /home/khaledob/bookros2_ws/build/br2_bt_patrolling -- -j7 -l7
[3.871s] DEBUG:colcon.colcon_core.event_handler.log_command:Invoking command in '/home/khaledob/bookros2_ws/build/br2_fsm_bumpgo_cpp': CMAKE_PREFIX_PATH=/opt/ros/foxy /usr/bin/cmake --build /home/khaledob/bookros2_ws/build/br2_fsm_bumpgo_cpp -- -j7 -l7
[3.877s] Level 1:colcon.colcon_core.environment:create_environment_scripts_only(br2_tracking_msgs)
[3.879s] Level 1:colcon.colcon_core.environment:checking '/home/khaledob/bookros2_ws/install/br2_tracking_msgs' for CMake module files
[3.883s] DEBUG:colcon.colcon_core.event_handler.log_command:Invoked command in '/home/khaledob/bookros2_ws/build/br2_tracking_msgs' returned '0': CMAKE_PREFIX_PATH=/opt/ros/foxy /usr/bin/cmake --install /home/khaledob/bookros2_ws/build/br2_tracking_msgs
[3.884s] Level 1:colcon.colcon_core.environment:checking '/home/khaledob/bookros2_ws/install/br2_tracking_msgs' for CMake config files
[3.885s] Level 1:colcon.colcon_core.shell:create_environment_hook('br2_tracking_msgs', 'cmake_prefix_path')
[3.886s] INFO:colcon.colcon_core.shell:Creating environment hook '/home/khaledob/bookros2_ws/install/br2_tracking_msgs/share/br2_tracking_msgs/hook/cmake_prefix_path.ps1'
[3.888s] INFO:colcon.colcon_core.shell:Creating environment descriptor '/home/khaledob/bookros2_ws/install/br2_tracking_msgs/share/br2_tracking_msgs/hook/cmake_prefix_path.dsv'
[3.889s] INFO:colcon.colcon_core.shell:Creating environment hook '/home/khaledob/bookros2_ws/install/br2_tracking_msgs/share/br2_tracking_msgs/hook/cmake_prefix_path.sh'
[3.892s] Level 1:colcon.colcon_core.environment:checking '/home/khaledob/bookros2_ws/install/br2_tracking_msgs/lib'
[3.892s] Level 1:colcon.colcon_core.shell:create_environment_hook('br2_tracking_msgs', 'ld_library_path_lib')
[3.893s] INFO:colcon.colcon_core.shell:Creating environment hook '/home/khaledob/bookros2_ws/install/br2_tracking_msgs/share/br2_tracking_msgs/hook/ld_library_path_lib.ps1'
[3.899s] INFO:colcon.colcon_core.shell:Creating environment descriptor '/home/khaledob/bookros2_ws/install/br2_tracking_msgs/share/br2_tracking_msgs/hook/ld_library_path_lib.dsv'
[3.903s] INFO:colcon.colcon_core.shell:Creating environment hook '/home/khaledob/bookros2_ws/install/br2_tracking_msgs/share/br2_tracking_msgs/hook/ld_library_path_lib.sh'
[3.904s] Level 1:colcon.colcon_core.environment:checking '/home/khaledob/bookros2_ws/install/br2_tracking_msgs/bin'
[3.905s] Level 1:colcon.colcon_core.environment:checking '/home/khaledob/bookros2_ws/install/br2_tracking_msgs/lib/pkgconfig/br2_tracking_msgs.pc'
[3.907s] Level 1:colcon.colcon_core.environment:checking '/home/khaledob/bookros2_ws/install/br2_tracking_msgs/lib/python3.8/site-packages'
[3.908s] Level 1:colcon.colcon_core.shell:create_environment_hook('br2_tracking_msgs', 'pythonpath')
[3.909s] INFO:colcon.colcon_core.shell:Creating environment hook '/home/khaledob/bookros2_ws/install/br2_tracking_msgs/share/br2_tracking_msgs/hook/pythonpath.ps1'
[3.912s] INFO:colcon.colcon_core.shell:Creating environment descriptor '/home/khaledob/bookros2_ws/install/br2_tracking_msgs/share/br2_tracking_msgs/hook/pythonpath.dsv'
[3.913s] INFO:colcon.colcon_core.shell:Creating environment hook '/home/khaledob/bookros2_ws/install/br2_tracking_msgs/share/br2_tracking_msgs/hook/pythonpath.sh'
[3.915s] Level 1:colcon.colcon_core.environment:checking '/home/khaledob/bookros2_ws/install/br2_tracking_msgs/bin'
[3.916s] INFO:colcon.colcon_core.shell:Creating package script '/home/khaledob/bookros2_ws/install/br2_tracking_msgs/share/br2_tracking_msgs/package.ps1'
[3.919s] INFO:colcon.colcon_core.shell:Creating package descriptor '/home/khaledob/bookros2_ws/install/br2_tracking_msgs/share/br2_tracking_msgs/package.dsv'
[3.920s] INFO:colcon.colcon_core.shell:Creating package script '/home/khaledob/bookros2_ws/install/br2_tracking_msgs/share/br2_tracking_msgs/package.sh'
[3.921s] INFO:colcon.colcon_core.shell:Creating package script '/home/khaledob/bookros2_ws/install/br2_tracking_msgs/share/br2_tracking_msgs/package.bash'
[3.923s] INFO:colcon.colcon_core.shell:Creating package script '/home/khaledob/bookros2_ws/install/br2_tracking_msgs/share/br2_tracking_msgs/package.zsh'
[3.924s] Level 1:colcon.colcon_core.environment:create_file_with_runtime_dependencies(/home/khaledob/bookros2_ws/install/br2_tracking_msgs/share/colcon-core/packages/br2_tracking_msgs)
[3.927s] Level 1:colcon.colcon_core.environment:create_environment_scripts_only(br2_tracking_msgs)
[3.928s] Level 1:colcon.colcon_core.environment:checking '/home/khaledob/bookros2_ws/install/br2_tracking_msgs' for CMake module files
[3.929s] Level 1:colcon.colcon_core.environment:checking '/home/khaledob/bookros2_ws/install/br2_tracking_msgs' for CMake config files
[3.930s] Level 1:colcon.colcon_core.shell:create_environment_hook('br2_tracking_msgs', 'cmake_prefix_path')
[3.943s] INFO:colcon.colcon_core.shell:Creating environment hook '/home/khaledob/bookros2_ws/install/br2_tracking_msgs/share/br2_tracking_msgs/hook/cmake_prefix_path.ps1'
[3.945s] INFO:colcon.colcon_core.shell:Creating environment descriptor '/home/khaledob/bookros2_ws/install/br2_tracking_msgs/share/br2_tracking_msgs/hook/cmake_prefix_path.dsv'
[3.948s] INFO:colcon.colcon_core.shell:Creating environment hook '/home/khaledob/bookros2_ws/install/br2_tracking_msgs/share/br2_tracking_msgs/hook/cmake_prefix_path.sh'
[3.950s] Level 1:colcon.colcon_core.environment:checking '/home/khaledob/bookros2_ws/install/br2_tracking_msgs/lib'
[3.950s] Level 1:colcon.colcon_core.shell:create_environment_hook('br2_tracking_msgs', 'ld_library_path_lib')
[3.954s] INFO:colcon.colcon_core.shell:Creating environment hook '/home/khaledob/bookros2_ws/install/br2_tracking_msgs/share/br2_tracking_msgs/hook/ld_library_path_lib.ps1'
[3.957s] INFO:colcon.colcon_core.shell:Creating environment descriptor '/home/khaledob/bookros2_ws/install/br2_tracking_msgs/share/br2_tracking_msgs/hook/ld_library_path_lib.dsv'
[3.958s] INFO:colcon.colcon_core.shell:Creating environment hook '/home/khaledob/bookros2_ws/install/br2_tracking_msgs/share/br2_tracking_msgs/hook/ld_library_path_lib.sh'
[3.959s] Level 1:colcon.colcon_core.environment:checking '/home/khaledob/bookros2_ws/install/br2_tracking_msgs/bin'
[3.960s] Level 1:colcon.colcon_core.environment:checking '/home/khaledob/bookros2_ws/install/br2_tracking_msgs/lib/pkgconfig/br2_tracking_msgs.pc'
[3.960s] Level 1:colcon.colcon_core.environment:checking '/home/khaledob/bookros2_ws/install/br2_tracking_msgs/lib/python3.8/site-packages'
[3.961s] Level 1:colcon.colcon_core.shell:create_environment_hook('br2_tracking_msgs', 'pythonpath')
[3.961s] INFO:colcon.colcon_core.shell:Creating environment hook '/home/khaledob/bookros2_ws/install/br2_tracking_msgs/share/br2_tracking_msgs/hook/pythonpath.ps1'
[3.967s] INFO:colcon.colcon_core.shell:Creating environment descriptor '/home/khaledob/bookros2_ws/install/br2_tracking_msgs/share/br2_tracking_msgs/hook/pythonpath.dsv'
[3.969s] INFO:colcon.colcon_core.shell:Creating environment hook '/home/khaledob/bookros2_ws/install/br2_tracking_msgs/share/br2_tracking_msgs/hook/pythonpath.sh'
[3.971s] Level 1:colcon.colcon_core.environment:checking '/home/khaledob/bookros2_ws/install/br2_tracking_msgs/bin'
[3.972s] INFO:colcon.colcon_core.shell:Creating package script '/home/khaledob/bookros2_ws/install/br2_tracking_msgs/share/br2_tracking_msgs/package.ps1'
[3.974s] INFO:colcon.colcon_core.shell:Creating package descriptor '/home/khaledob/bookros2_ws/install/br2_tracking_msgs/share/br2_tracking_msgs/package.dsv'
[3.976s] INFO:colcon.colcon_core.shell:Creating package script '/home/khaledob/bookros2_ws/install/br2_tracking_msgs/share/br2_tracking_msgs/package.sh'
[3.979s] INFO:colcon.colcon_core.shell:Creating package script '/home/khaledob/bookros2_ws/install/br2_tracking_msgs/share/br2_tracking_msgs/package.bash'
[3.981s] INFO:colcon.colcon_core.shell:Creating package script '/home/khaledob/bookros2_ws/install/br2_tracking_msgs/share/br2_tracking_msgs/package.zsh'
[3.983s] Level 1:colcon.colcon_core.environment:create_file_with_runtime_dependencies(/home/khaledob/bookros2_ws/install/br2_tracking_msgs/share/colcon-core/packages/br2_tracking_msgs)
[4.353s] INFO:colcon.colcon_core.task.python.build:Building Python package in '/home/khaledob/bookros2_ws/src/book_ros2/br2_fsm_bumpgo_py'
[4.353s] INFO:colcon.colcon_core.shell:Skip shell extension 'powershell' for command environment: Not usable outside of PowerShell
[4.354s] DEBUG:colcon.colcon_core.shell:Skip shell extension 'dsv' for command environment
[4.361s] INFO:colcon.colcon_ros.task.ament_cmake.build:Building ROS package in '/home/khaledob/bookros2_ws/src/book_ros2/br2_navigation' with build type 'ament_cmake'
[4.362s] INFO:colcon.colcon_cmake.task.cmake.build:Building CMake package in '/home/khaledob/bookros2_ws/src/book_ros2/br2_navigation'
[4.363s] INFO:colcon.colcon_core.shell:Skip shell extension 'powershell' for command environment: Not usable outside of PowerShell
[4.364s] DEBUG:colcon.colcon_core.shell:Skip shell extension 'dsv' for command environment
[4.378s] DEBUG:colcon.colcon_core.event_handler.log_command:Invoked command in '/home/khaledob/bookros2_ws/build/pmb2_2dnav' returned '0': AMENT_PREFIX_PATH=/home/khaledob/bookros2_ws/install/pmb2_maps:${AMENT_PREFIX_PATH} CMAKE_PREFIX_PATH=/home/khaledob/bookros2_ws/install/pmb2_maps:/opt/ros/foxy /usr/bin/cmake --build /home/khaledob/bookros2_ws/build/pmb2_2dnav -- -j7 -l7
[4.381s] DEBUG:colcon.colcon_core.event_handler.log_command:Invoking command in '/home/khaledob/bookros2_ws/build/pmb2_2dnav': AMENT_PREFIX_PATH=/home/khaledob/bookros2_ws/install/pmb2_maps:${AMENT_PREFIX_PATH} CMAKE_PREFIX_PATH=/home/khaledob/bookros2_ws/install/pmb2_maps:/opt/ros/foxy /usr/bin/cmake --install /home/khaledob/bookros2_ws/build/pmb2_2dnav
[4.403s] DEBUG:colcon.colcon_core.event_handler.log_command:Invoked command in '/home/khaledob/bookros2_ws/build/br2_bt_bumpgo' returned '0': CMAKE_PREFIX_PATH=/opt/ros/foxy /usr/bin/cmake --build /home/khaledob/bookros2_ws/build/br2_bt_bumpgo -- -j7 -l7
[4.412s] DEBUG:colcon.colcon_core.event_handler.log_command:Invoking command in '/home/khaledob/bookros2_ws/build/br2_bt_bumpgo': CMAKE_PREFIX_PATH=/opt/ros/foxy /usr/bin/cmake --install /home/khaledob/bookros2_ws/build/br2_bt_bumpgo
[4.491s] DEBUG:colcon.colcon_core.event_handler.log_command:Invoked command in '/home/khaledob/bookros2_ws/build/controller_interface' returned '0': AMENT_PREFIX_PATH=/home/khaledob/bookros2_ws/install/hardware_interface:/home/khaledob/bookros2_ws/install/ros2_control_test_assets:${AMENT_PREFIX_PATH} CMAKE_PREFIX_PATH=/home/khaledob/bookros2_ws/install/hardware_interface:/home/khaledob/bookros2_ws/install/ros2_control_test_assets:/opt/ros/foxy LD_LIBRARY_PATH=/home/khaledob/bookros2_ws/install/hardware_interface/lib:${LD_LIBRARY_PATH} /usr/bin/cmake --build /home/khaledob/bookros2_ws/build/controller_interface -- -j7 -l7
[4.493s] DEBUG:colcon.colcon_core.event_handler.log_command:Invoking command in '/home/khaledob/bookros2_ws/build/controller_interface': AMENT_PREFIX_PATH=/home/khaledob/bookros2_ws/install/hardware_interface:/home/khaledob/bookros2_ws/install/ros2_control_test_assets:${AMENT_PREFIX_PATH} CMAKE_PREFIX_PATH=/home/khaledob/bookros2_ws/install/hardware_interface:/home/khaledob/bookros2_ws/install/ros2_control_test_assets:/opt/ros/foxy LD_LIBRARY_PATH=/home/khaledob/bookros2_ws/install/hardware_interface/lib:${LD_LIBRARY_PATH} /usr/bin/cmake --install /home/khaledob/bookros2_ws/build/controller_interface
[4.498s] DEBUG:colcon.colcon_core.event_handler.log_command:Invoked command in '/home/khaledob/bookros2_ws/build/br2_bt_patrolling' returned '0': CMAKE_PREFIX_PATH=/opt/ros/foxy /usr/bin/cmake --build /home/khaledob/bookros2_ws/build/br2_bt_patrolling -- -j7 -l7
[4.498s] DEBUG:colcon.colcon_core.event_handler.log_command:Invoking command in '/home/khaledob/bookros2_ws/build/br2_bt_patrolling': CMAKE_PREFIX_PATH=/opt/ros/foxy /usr/bin/cmake --install /home/khaledob/bookros2_ws/build/br2_bt_patrolling
[4.499s] DEBUG:colcon.colcon_core.event_handler.log_command:Invoked command in '/home/khaledob/bookros2_ws/build/br2_fsm_bumpgo_cpp' returned '0': CMAKE_PREFIX_PATH=/opt/ros/foxy /usr/bin/cmake --build /home/khaledob/bookros2_ws/build/br2_fsm_bumpgo_cpp -- -j7 -l7
[4.500s] DEBUG:colcon.colcon_core.event_handler.log_command:Invoking command in '/home/khaledob/bookros2_ws/build/br2_fsm_bumpgo_cpp': CMAKE_PREFIX_PATH=/opt/ros/foxy /usr/bin/cmake --install /home/khaledob/bookros2_ws/build/br2_fsm_bumpgo_cpp
[4.539s] Level 1:colcon.colcon_core.environment:create_environment_scripts_only(pmb2_2dnav)
[4.539s] Level 1:colcon.colcon_core.environment:checking '/home/khaledob/bookros2_ws/install/pmb2_2dnav' for CMake module files
[4.543s] Level 1:colcon.colcon_core.environment:checking '/home/khaledob/bookros2_ws/install/pmb2_2dnav' for CMake config files
[4.549s] DEBUG:colcon.colcon_core.event_handler.log_command:Invoked command in '/home/khaledob/bookros2_ws/build/pmb2_2dnav' returned '0': AMENT_PREFIX_PATH=/home/khaledob/bookros2_ws/install/pmb2_maps:${AMENT_PREFIX_PATH} CMAKE_PREFIX_PATH=/home/khaledob/bookros2_ws/install/pmb2_maps:/opt/ros/foxy /usr/bin/cmake --install /home/khaledob/bookros2_ws/build/pmb2_2dnav
[4.550s] Level 1:colcon.colcon_core.shell:create_environment_hook('pmb2_2dnav', 'cmake_prefix_path')
[4.551s] INFO:colcon.colcon_core.shell:Creating environment hook '/home/khaledob/bookros2_ws/install/pmb2_2dnav/share/pmb2_2dnav/hook/cmake_prefix_path.ps1'
[4.553s] INFO:colcon.colcon_core.shell:Creating environment descriptor '/home/khaledob/bookros2_ws/install/pmb2_2dnav/share/pmb2_2dnav/hook/cmake_prefix_path.dsv'
[4.554s] INFO:colcon.colcon_core.shell:Creating environment hook '/home/khaledob/bookros2_ws/install/pmb2_2dnav/share/pmb2_2dnav/hook/cmake_prefix_path.sh'
[4.556s] Level 1:colcon.colcon_core.environment:checking '/home/khaledob/bookros2_ws/install/pmb2_2dnav/lib'
[4.556s] Level 1:colcon.colcon_core.environment:checking '/home/khaledob/bookros2_ws/install/pmb2_2dnav/bin'
[4.557s] Level 1:colcon.colcon_core.environment:checking '/home/khaledob/bookros2_ws/install/pmb2_2dnav/lib/pkgconfig/pmb2_2dnav.pc'
[4.558s] Level 1:colcon.colcon_core.environment:checking '/home/khaledob/bookros2_ws/install/pmb2_2dnav/lib/python3.8/site-packages'
[4.558s] Level 1:colcon.colcon_core.environment:checking '/home/khaledob/bookros2_ws/install/pmb2_2dnav/bin'
[4.559s] INFO:colcon.colcon_core.shell:Creating package script '/home/khaledob/bookros2_ws/install/pmb2_2dnav/share/pmb2_2dnav/package.ps1'
[4.559s] INFO:colcon.colcon_core.shell:Creating package descriptor '/home/khaledob/bookros2_ws/install/pmb2_2dnav/share/pmb2_2dnav/package.dsv'
[4.560s] INFO:colcon.colcon_core.shell:Creating package script '/home/khaledob/bookros2_ws/install/pmb2_2dnav/share/pmb2_2dnav/package.sh'
[4.560s] INFO:colcon.colcon_core.shell:Creating package script '/home/khaledob/bookros2_ws/install/pmb2_2dnav/share/pmb2_2dnav/package.bash'
[4.561s] INFO:colcon.colcon_core.shell:Creating package script '/home/khaledob/bookros2_ws/install/pmb2_2dnav/share/pmb2_2dnav/package.zsh'
[4.562s] Level 1:colcon.colcon_core.environment:create_file_with_runtime_dependencies(/home/khaledob/bookros2_ws/install/pmb2_2dnav/share/colcon-core/packages/pmb2_2dnav)
[4.563s] Level 1:colcon.colcon_core.environment:create_environment_scripts_only(pmb2_2dnav)
[4.564s] Level 1:colcon.colcon_core.environment:checking '/home/khaledob/bookros2_ws/install/pmb2_2dnav' for CMake module files
[4.565s] Level 1:colcon.colcon_core.environment:checking '/home/khaledob/bookros2_ws/install/pmb2_2dnav' for CMake config files
[4.565s] Level 1:colcon.colcon_core.shell:create_environment_hook('pmb2_2dnav', 'cmake_prefix_path')
[4.566s] INFO:colcon.colcon_core.shell:Creating environment hook '/home/khaledob/bookros2_ws/install/pmb2_2dnav/share/pmb2_2dnav/hook/cmake_prefix_path.ps1'
[4.610s] INFO:colcon.colcon_core.shell:Creating environment descriptor '/home/khaledob/bookros2_ws/install/pmb2_2dnav/share/pmb2_2dnav/hook/cmake_prefix_path.dsv'
[4.611s] INFO:colcon.colcon_core.shell:Creating environment hook '/home/khaledob/bookros2_ws/install/pmb2_2dnav/share/pmb2_2dnav/hook/cmake_prefix_path.sh'
[4.614s] Level 1:colcon.colcon_core.environment:checking '/home/khaledob/bookros2_ws/install/pmb2_2dnav/lib'
[4.615s] Level 1:colcon.colcon_core.environment:checking '/home/khaledob/bookros2_ws/install/pmb2_2dnav/bin'
[4.616s] Level 1:colcon.colcon_core.environment:checking '/home/khaledob/bookros2_ws/install/pmb2_2dnav/lib/pkgconfig/pmb2_2dnav.pc'
[4.617s] Level 1:colcon.colcon_core.environment:checking '/home/khaledob/bookros2_ws/install/pmb2_2dnav/lib/python3.8/site-packages'
[4.619s] Level 1:colcon.colcon_core.environment:checking '/home/khaledob/bookros2_ws/install/pmb2_2dnav/bin'
[4.619s] INFO:colcon.colcon_core.shell:Creating package script '/home/khaledob/bookros2_ws/install/pmb2_2dnav/share/pmb2_2dnav/package.ps1'
[4.620s] INFO:colcon.colcon_core.shell:Creating package descriptor '/home/khaledob/bookros2_ws/install/pmb2_2dnav/share/pmb2_2dnav/package.dsv'
[4.621s] INFO:colcon.colcon_core.shell:Creating package script '/home/khaledob/bookros2_ws/install/pmb2_2dnav/share/pmb2_2dnav/package.sh'
[4.623s] INFO:colcon.colcon_core.shell:Creating package script '/home/khaledob/bookros2_ws/install/pmb2_2dnav/share/pmb2_2dnav/package.bash'
[4.624s] INFO:colcon.colcon_core.shell:Creating package script '/home/khaledob/bookros2_ws/install/pmb2_2dnav/share/pmb2_2dnav/package.zsh'
[4.625s] Level 1:colcon.colcon_core.environment:create_file_with_runtime_dependencies(/home/khaledob/bookros2_ws/install/pmb2_2dnav/share/colcon-core/packages/pmb2_2dnav)
[4.643s] INFO:colcon.colcon_ros.task.ament_cmake.build:Building ROS package in '/home/khaledob/bookros2_ws/src/book_ros2/br2_tf2_detector' with build type 'ament_cmake'
[4.643s] INFO:colcon.colcon_cmake.task.cmake.build:Building CMake package in '/home/khaledob/bookros2_ws/src/book_ros2/br2_tf2_detector'
[4.645s] INFO:colcon.colcon_core.shell:Skip shell extension 'powershell' for command environment: Not usable outside of PowerShell
[4.645s] DEBUG:colcon.colcon_core.shell:Skip shell extension 'dsv' for command environment
[4.649s] DEBUG:colcon.colcon_core.event_handler.log_command:Invoking command in '/home/khaledob/bookros2_ws/build/br2_navigation': CMAKE_PREFIX_PATH=/opt/ros/foxy /usr/bin/cmake --build /home/khaledob/bookros2_ws/build/br2_navigation -- -j7 -l7
[4.671s] Level 1:colcon.colcon_core.environment:create_environment_scripts_only(br2_bt_bumpgo)
[4.672s] Level 1:colcon.colcon_core.environment:checking '/home/khaledob/bookros2_ws/install/br2_bt_bumpgo' for CMake module files
[4.676s] Level 1:colcon.colcon_core.environment:checking '/home/khaledob/bookros2_ws/install/br2_bt_bumpgo' for CMake config files
[4.676s] Level 1:colcon.colcon_core.shell:create_environment_hook('br2_bt_bumpgo', 'cmake_prefix_path')
[4.677s] INFO:colcon.colcon_core.shell:Creating environment hook '/home/khaledob/bookros2_ws/install/br2_bt_bumpgo/share/br2_bt_bumpgo/hook/cmake_prefix_path.ps1'
[4.673s] DEBUG:colcon.colcon_core.event_handler.log_command:Invoked command in '/home/khaledob/bookros2_ws/build/br2_bt_bumpgo' returned '0': CMAKE_PREFIX_PATH=/opt/ros/foxy /usr/bin/cmake --install /home/khaledob/bookros2_ws/build/br2_bt_bumpgo
[4.680s] INFO:colcon.colcon_core.shell:Creating environment descriptor '/home/khaledob/bookros2_ws/install/br2_bt_bumpgo/share/br2_bt_bumpgo/hook/cmake_prefix_path.dsv'
[4.681s] INFO:colcon.colcon_core.shell:Creating environment hook '/home/khaledob/bookros2_ws/install/br2_bt_bumpgo/share/br2_bt_bumpgo/hook/cmake_prefix_path.sh'
[4.683s] Level 1:colcon.colcon_core.environment:checking '/home/khaledob/bookros2_ws/install/br2_bt_bumpgo/lib'
[4.683s] Level 1:colcon.colcon_core.shell:create_environment_hook('br2_bt_bumpgo', 'ld_library_path_lib')
[4.684s] INFO:colcon.colcon_core.shell:Creating environment hook '/home/khaledob/bookros2_ws/install/br2_bt_bumpgo/share/br2_bt_bumpgo/hook/ld_library_path_lib.ps1'
[4.688s] INFO:colcon.colcon_core.shell:Creating environment descriptor '/home/khaledob/bookros2_ws/install/br2_bt_bumpgo/share/br2_bt_bumpgo/hook/ld_library_path_lib.dsv'
[4.695s] INFO:colcon.colcon_core.shell:Creating environment hook '/home/khaledob/bookros2_ws/install/br2_bt_bumpgo/share/br2_bt_bumpgo/hook/ld_library_path_lib.sh'
[4.701s] Level 1:colcon.colcon_core.environment:checking '/home/khaledob/bookros2_ws/install/br2_bt_bumpgo/bin'
[4.701s] Level 1:colcon.colcon_core.environment:checking '/home/khaledob/bookros2_ws/install/br2_bt_bumpgo/lib/pkgconfig/br2_bt_bumpgo.pc'
[4.701s] Level 1:colcon.colcon_core.environment:checking '/home/khaledob/bookros2_ws/install/br2_bt_bumpgo/lib/python3.8/site-packages'
[4.701s] Level 1:colcon.colcon_core.environment:checking '/home/khaledob/bookros2_ws/install/br2_bt_bumpgo/bin'
[4.702s] INFO:colcon.colcon_core.shell:Creating package script '/home/khaledob/bookros2_ws/install/br2_bt_bumpgo/share/br2_bt_bumpgo/package.ps1'
[4.710s] INFO:colcon.colcon_core.shell:Creating package descriptor '/home/khaledob/bookros2_ws/install/br2_bt_bumpgo/share/br2_bt_bumpgo/package.dsv'
[4.710s] INFO:colcon.colcon_core.shell:Creating package script '/home/khaledob/bookros2_ws/install/br2_bt_bumpgo/share/br2_bt_bumpgo/package.sh'
[4.713s] INFO:colcon.colcon_core.shell:Creating package script '/home/khaledob/bookros2_ws/install/br2_bt_bumpgo/share/br2_bt_bumpgo/package.bash'
[4.718s] INFO:colcon.colcon_core.shell:Creating package script '/home/khaledob/bookros2_ws/install/br2_bt_bumpgo/share/br2_bt_bumpgo/package.zsh'
[4.723s] Level 1:colcon.colcon_core.environment:create_file_with_runtime_dependencies(/home/khaledob/bookros2_ws/install/br2_bt_bumpgo/share/colcon-core/packages/br2_bt_bumpgo)
[4.730s] Level 1:colcon.colcon_core.environment:create_environment_scripts_only(br2_bt_bumpgo)
[4.735s] Level 1:colcon.colcon_core.environment:checking '/home/khaledob/bookros2_ws/install/br2_bt_bumpgo' for CMake module files
[4.737s] Level 1:colcon.colcon_core.environment:checking '/home/khaledob/bookros2_ws/install/br2_bt_bumpgo' for CMake config files
[4.737s] Level 1:colcon.colcon_core.shell:create_environment_hook('br2_bt_bumpgo', 'cmake_prefix_path')
[4.738s] INFO:colcon.colcon_core.shell:Creating environment hook '/home/khaledob/bookros2_ws/install/br2_bt_bumpgo/share/br2_bt_bumpgo/hook/cmake_prefix_path.ps1'
[4.739s] INFO:colcon.colcon_core.shell:Creating environment descriptor '/home/khaledob/bookros2_ws/install/br2_bt_bumpgo/share/br2_bt_bumpgo/hook/cmake_prefix_path.dsv'
[4.740s] INFO:colcon.colcon_core.shell:Creating environment hook '/home/khaledob/bookros2_ws/install/br2_bt_bumpgo/share/br2_bt_bumpgo/hook/cmake_prefix_path.sh'
[4.743s] Level 1:colcon.colcon_core.environment:checking '/home/khaledob/bookros2_ws/install/br2_bt_bumpgo/lib'
[4.743s] Level 1:colcon.colcon_core.shell:create_environment_hook('br2_bt_bumpgo', 'ld_library_path_lib')
[4.743s] INFO:colcon.colcon_core.shell:Creating environment hook '/home/khaledob/bookros2_ws/install/br2_bt_bumpgo/share/br2_bt_bumpgo/hook/ld_library_path_lib.ps1'
[4.744s] INFO:colcon.colcon_core.shell:Creating environment descriptor '/home/khaledob/bookros2_ws/install/br2_bt_bumpgo/share/br2_bt_bumpgo/hook/ld_library_path_lib.dsv'
[4.745s] INFO:colcon.colcon_core.shell:Creating environment hook '/home/khaledob/bookros2_ws/install/br2_bt_bumpgo/share/br2_bt_bumpgo/hook/ld_library_path_lib.sh'
[4.747s] Level 1:colcon.colcon_core.environment:checking '/home/khaledob/bookros2_ws/install/br2_bt_bumpgo/bin'
[4.747s] Level 1:colcon.colcon_core.environment:checking '/home/khaledob/bookros2_ws/install/br2_bt_bumpgo/lib/pkgconfig/br2_bt_bumpgo.pc'
[4.748s] Level 1:colcon.colcon_core.environment:checking '/home/khaledob/bookros2_ws/install/br2_bt_bumpgo/lib/python3.8/site-packages'
[4.748s] Level 1:colcon.colcon_core.environment:checking '/home/khaledob/bookros2_ws/install/br2_bt_bumpgo/bin'
[4.749s] INFO:colcon.colcon_core.shell:Creating package script '/home/khaledob/bookros2_ws/install/br2_bt_bumpgo/share/br2_bt_bumpgo/package.ps1'
[4.751s] INFO:colcon.colcon_core.shell:Creating package descriptor '/home/khaledob/bookros2_ws/install/br2_bt_bumpgo/share/br2_bt_bumpgo/package.dsv'
[4.760s] INFO:colcon.colcon_core.shell:Creating package script '/home/khaledob/bookros2_ws/install/br2_bt_bumpgo/share/br2_bt_bumpgo/package.sh'
[4.764s] INFO:colcon.colcon_core.shell:Creating package script '/home/khaledob/bookros2_ws/install/br2_bt_bumpgo/share/br2_bt_bumpgo/package.bash'
[4.774s] INFO:colcon.colcon_core.shell:Creating package script '/home/khaledob/bookros2_ws/install/br2_bt_bumpgo/share/br2_bt_bumpgo/package.zsh'
[4.776s] Level 1:colcon.colcon_core.environment:create_file_with_runtime_dependencies(/home/khaledob/bookros2_ws/install/br2_bt_bumpgo/share/colcon-core/packages/br2_bt_bumpgo)
[4.796s] INFO:colcon.colcon_ros.task.ament_cmake.build:Building ROS package in '/home/khaledob/bookros2_ws/src/book_ros2/br2_tiago' with build type 'ament_cmake'
[4.796s] INFO:colcon.colcon_cmake.task.cmake.build:Building CMake package in '/home/khaledob/bookros2_ws/src/book_ros2/br2_tiago'
[4.797s] INFO:colcon.colcon_core.shell:Skip shell extension 'powershell' for command environment: Not usable outside of PowerShell
[4.797s] DEBUG:colcon.colcon_core.shell:Skip shell extension 'dsv' for command environment
[4.824s] Level 1:colcon.colcon_core.environment:create_environment_scripts_only(br2_bt_patrolling)
[4.825s] Level 1:colcon.colcon_core.environment:checking '/home/khaledob/bookros2_ws/install/br2_bt_patrolling' for CMake module files
[4.827s] DEBUG:colcon.colcon_core.event_handler.log_command:Invoked command in '/home/khaledob/bookros2_ws/build/br2_bt_patrolling' returned '0': CMAKE_PREFIX_PATH=/opt/ros/foxy /usr/bin/cmake --install /home/khaledob/bookros2_ws/build/br2_bt_patrolling
[4.828s] Level 1:colcon.colcon_core.environment:checking '/home/khaledob/bookros2_ws/install/br2_bt_patrolling' for CMake config files
[4.830s] Level 1:colcon.colcon_core.shell:create_environment_hook('br2_bt_patrolling', 'cmake_prefix_path')
[4.831s] INFO:colcon.colcon_core.shell:Creating environment hook '/home/khaledob/bookros2_ws/install/br2_bt_patrolling/share/br2_bt_patrolling/hook/cmake_prefix_path.ps1'
[4.832s] INFO:colcon.colcon_core.shell:Creating environment descriptor '/home/khaledob/bookros2_ws/install/br2_bt_patrolling/share/br2_bt_patrolling/hook/cmake_prefix_path.dsv'
[4.834s] INFO:colcon.colcon_core.shell:Creating environment hook '/home/khaledob/bookros2_ws/install/br2_bt_patrolling/share/br2_bt_patrolling/hook/cmake_prefix_path.sh'
[4.837s] Level 1:colcon.colcon_core.environment:checking '/home/khaledob/bookros2_ws/install/br2_bt_patrolling/lib'
[4.837s] Level 1:colcon.colcon_core.shell:create_environment_hook('br2_bt_patrolling', 'ld_library_path_lib')
[4.837s] INFO:colcon.colcon_core.shell:Creating environment hook '/home/khaledob/bookros2_ws/install/br2_bt_patrolling/share/br2_bt_patrolling/hook/ld_library_path_lib.ps1'
[4.838s] INFO:colcon.colcon_core.shell:Creating environment descriptor '/home/khaledob/bookros2_ws/install/br2_bt_patrolling/share/br2_bt_patrolling/hook/ld_library_path_lib.dsv'
[4.839s] INFO:colcon.colcon_core.shell:Creating environment hook '/home/khaledob/bookros2_ws/install/br2_bt_patrolling/share/br2_bt_patrolling/hook/ld_library_path_lib.sh'
[4.839s] Level 1:colcon.colcon_core.environment:checking '/home/khaledob/bookros2_ws/install/br2_bt_patrolling/bin'
[4.840s] Level 1:colcon.colcon_core.environment:checking '/home/khaledob/bookros2_ws/install/br2_bt_patrolling/lib/pkgconfig/br2_bt_patrolling.pc'
[4.840s] Level 1:colcon.colcon_core.environment:checking '/home/khaledob/bookros2_ws/install/br2_bt_patrolling/lib/python3.8/site-packages'
[4.840s] Level 1:colcon.colcon_core.environment:checking '/home/khaledob/bookros2_ws/install/br2_bt_patrolling/bin'
[4.841s] INFO:colcon.colcon_core.shell:Creating package script '/home/khaledob/bookros2_ws/install/br2_bt_patrolling/share/br2_bt_patrolling/package.ps1'
[4.842s] INFO:colcon.colcon_core.shell:Creating package descriptor '/home/khaledob/bookros2_ws/install/br2_bt_patrolling/share/br2_bt_patrolling/package.dsv'
[4.842s] INFO:colcon.colcon_core.shell:Creating package script '/home/khaledob/bookros2_ws/install/br2_bt_patrolling/share/br2_bt_patrolling/package.sh'
[4.843s] INFO:colcon.colcon_core.shell:Creating package script '/home/khaledob/bookros2_ws/install/br2_bt_patrolling/share/br2_bt_patrolling/package.bash'
[4.844s] INFO:colcon.colcon_core.shell:Creating package script '/home/khaledob/bookros2_ws/install/br2_bt_patrolling/share/br2_bt_patrolling/package.zsh'
[4.848s] Level 1:colcon.colcon_core.environment:create_file_with_runtime_dependencies(/home/khaledob/bookros2_ws/install/br2_bt_patrolling/share/colcon-core/packages/br2_bt_patrolling)
[4.849s] Level 1:colcon.colcon_core.environment:create_environment_scripts_only(br2_bt_patrolling)
[4.851s] Level 1:colcon.colcon_core.environment:checking '/home/khaledob/bookros2_ws/install/br2_bt_patrolling' for CMake module files
[4.852s] Level 1:colcon.colcon_core.environment:checking '/home/khaledob/bookros2_ws/install/br2_bt_patrolling' for CMake config files
[4.853s] Level 1:colcon.colcon_core.shell:create_environment_hook('br2_bt_patrolling', 'cmake_prefix_path')
[4.853s] INFO:colcon.colcon_core.shell:Creating environment hook '/home/khaledob/bookros2_ws/install/br2_bt_patrolling/share/br2_bt_patrolling/hook/cmake_prefix_path.ps1'
[4.856s] INFO:colcon.colcon_core.shell:Creating environment descriptor '/home/khaledob/bookros2_ws/install/br2_bt_patrolling/share/br2_bt_patrolling/hook/cmake_prefix_path.dsv'
[4.857s] INFO:colcon.colcon_core.shell:Creating environment hook '/home/khaledob/bookros2_ws/install/br2_bt_patrolling/share/br2_bt_patrolling/hook/cmake_prefix_path.sh'
[4.862s] Level 1:colcon.colcon_core.environment:checking '/home/khaledob/bookros2_ws/install/br2_bt_patrolling/lib'
[4.865s] Level 1:colcon.colcon_core.shell:create_environment_hook('br2_bt_patrolling', 'ld_library_path_lib')
[4.868s] INFO:colcon.colcon_core.shell:Creating environment hook '/home/khaledob/bookros2_ws/install/br2_bt_patrolling/share/br2_bt_patrolling/hook/ld_library_path_lib.ps1'
[4.869s] INFO:colcon.colcon_core.shell:Creating environment descriptor '/home/khaledob/bookros2_ws/install/br2_bt_patrolling/share/br2_bt_patrolling/hook/ld_library_path_lib.dsv'
[4.871s] INFO:colcon.colcon_core.shell:Creating environment hook '/home/khaledob/bookros2_ws/install/br2_bt_patrolling/share/br2_bt_patrolling/hook/ld_library_path_lib.sh'
[4.876s] Level 1:colcon.colcon_core.environment:checking '/home/khaledob/bookros2_ws/install/br2_bt_patrolling/bin'
[4.876s] Level 1:colcon.colcon_core.environment:checking '/home/khaledob/bookros2_ws/install/br2_bt_patrolling/lib/pkgconfig/br2_bt_patrolling.pc'
[4.876s] Level 1:colcon.colcon_core.environment:checking '/home/khaledob/bookros2_ws/install/br2_bt_patrolling/lib/python3.8/site-packages'
[4.876s] Level 1:colcon.colcon_core.environment:checking '/home/khaledob/bookros2_ws/install/br2_bt_patrolling/bin'
[4.876s] INFO:colcon.colcon_core.shell:Creating package script '/home/khaledob/bookros2_ws/install/br2_bt_patrolling/share/br2_bt_patrolling/package.ps1'
[4.880s] INFO:colcon.colcon_core.shell:Creating package descriptor '/home/khaledob/bookros2_ws/install/br2_bt_patrolling/share/br2_bt_patrolling/package.dsv'
[4.884s] INFO:colcon.colcon_core.shell:Creating package script '/home/khaledob/bookros2_ws/install/br2_bt_patrolling/share/br2_bt_patrolling/package.sh'
[4.885s] INFO:colcon.colcon_core.shell:Creating package script '/home/khaledob/bookros2_ws/install/br2_bt_patrolling/share/br2_bt_patrolling/package.bash'
[4.887s] INFO:colcon.colcon_core.shell:Creating package script '/home/khaledob/bookros2_ws/install/br2_bt_patrolling/share/br2_bt_patrolling/package.zsh'
[4.888s] Level 1:colcon.colcon_core.environment:create_file_with_runtime_dependencies(/home/khaledob/bookros2_ws/install/br2_bt_patrolling/share/colcon-core/packages/br2_bt_patrolling)
[4.890s] Level 1:colcon.colcon_core.environment:create_environment_scripts_only(controller_interface)
[4.890s] Level 1:colcon.colcon_core.environment:checking '/home/khaledob/bookros2_ws/install/controller_interface' for CMake module files
[4.893s] Level 1:colcon.colcon_core.environment:checking '/home/khaledob/bookros2_ws/install/controller_interface' for CMake config files
[4.894s] DEBUG:colcon.colcon_core.event_handler.log_command:Invoked command in '/home/khaledob/bookros2_ws/build/controller_interface' returned '0': AMENT_PREFIX_PATH=/home/khaledob/bookros2_ws/install/hardware_interface:/home/khaledob/bookros2_ws/install/ros2_control_test_assets:${AMENT_PREFIX_PATH} CMAKE_PREFIX_PATH=/home/khaledob/bookros2_ws/install/hardware_interface:/home/khaledob/bookros2_ws/install/ros2_control_test_assets:/opt/ros/foxy LD_LIBRARY_PATH=/home/khaledob/bookros2_ws/install/hardware_interface/lib:${LD_LIBRARY_PATH} /usr/bin/cmake --install /home/khaledob/bookros2_ws/build/controller_interface
[4.894s] Level 1:colcon.colcon_core.shell:create_environment_hook('controller_interface', 'cmake_prefix_path')
[4.895s] INFO:colcon.colcon_core.shell:Creating environment hook '/home/khaledob/bookros2_ws/install/controller_interface/share/controller_interface/hook/cmake_prefix_path.ps1'
[4.896s] INFO:colcon.colcon_core.shell:Creating environment descriptor '/home/khaledob/bookros2_ws/install/controller_interface/share/controller_interface/hook/cmake_prefix_path.dsv'
[4.897s] INFO:colcon.colcon_core.shell:Creating environment hook '/home/khaledob/bookros2_ws/install/controller_interface/share/controller_interface/hook/cmake_prefix_path.sh'
[4.899s] Level 1:colcon.colcon_core.environment:checking '/home/khaledob/bookros2_ws/install/controller_interface/lib'
[4.899s] Level 1:colcon.colcon_core.shell:create_environment_hook('controller_interface', 'ld_library_path_lib')
[4.899s] INFO:colcon.colcon_core.shell:Creating environment hook '/home/khaledob/bookros2_ws/install/controller_interface/share/controller_interface/hook/ld_library_path_lib.ps1'
[4.900s] INFO:colcon.colcon_core.shell:Creating environment descriptor '/home/khaledob/bookros2_ws/install/controller_interface/share/controller_interface/hook/ld_library_path_lib.dsv'
[4.902s] INFO:colcon.colcon_core.shell:Creating environment hook '/home/khaledob/bookros2_ws/install/controller_interface/share/controller_interface/hook/ld_library_path_lib.sh'
[4.904s] Level 1:colcon.colcon_core.environment:checking '/home/khaledob/bookros2_ws/install/controller_interface/bin'
[4.904s] Level 1:colcon.colcon_core.environment:checking '/home/khaledob/bookros2_ws/install/controller_interface/lib/pkgconfig/controller_interface.pc'
[4.904s] Level 1:colcon.colcon_core.environment:checking '/home/khaledob/bookros2_ws/install/controller_interface/lib/python3.8/site-packages'
[4.904s] Level 1:colcon.colcon_core.environment:checking '/home/khaledob/bookros2_ws/install/controller_interface/bin'
[4.905s] INFO:colcon.colcon_core.shell:Creating package script '/home/khaledob/bookros2_ws/install/controller_interface/share/controller_interface/package.ps1'
[4.906s] INFO:colcon.colcon_core.shell:Creating package descriptor '/home/khaledob/bookros2_ws/install/controller_interface/share/controller_interface/package.dsv'
[4.907s] INFO:colcon.colcon_core.shell:Creating package script '/home/khaledob/bookros2_ws/install/controller_interface/share/controller_interface/package.sh'
[4.908s] INFO:colcon.colcon_core.shell:Creating package script '/home/khaledob/bookros2_ws/install/controller_interface/share/controller_interface/package.bash'
[4.910s] INFO:colcon.colcon_core.shell:Creating package script '/home/khaledob/bookros2_ws/install/controller_interface/share/controller_interface/package.zsh'
[4.912s] Level 1:colcon.colcon_core.environment:create_file_with_runtime_dependencies(/home/khaledob/bookros2_ws/install/controller_interface/share/colcon-core/packages/controller_interface)
[4.917s] Level 1:colcon.colcon_core.environment:create_environment_scripts_only(controller_interface)
[4.918s] Level 1:colcon.colcon_core.environment:checking '/home/khaledob/bookros2_ws/install/controller_interface' for CMake module files
[4.920s] Level 1:colcon.colcon_core.environment:checking '/home/khaledob/bookros2_ws/install/controller_interface' for CMake config files
[4.920s] Level 1:colcon.colcon_core.shell:create_environment_hook('controller_interface', 'cmake_prefix_path')
[4.922s] INFO:colcon.colcon_core.shell:Creating environment hook '/home/khaledob/bookros2_ws/install/controller_interface/share/controller_interface/hook/cmake_prefix_path.ps1'
[4.924s] INFO:colcon.colcon_core.shell:Creating environment descriptor '/home/khaledob/bookros2_ws/install/controller_interface/share/controller_interface/hook/cmake_prefix_path.dsv'
[4.930s] INFO:colcon.colcon_core.shell:Creating environment hook '/home/khaledob/bookros2_ws/install/controller_interface/share/controller_interface/hook/cmake_prefix_path.sh'
[4.941s] Level 1:colcon.colcon_core.environment:checking '/home/khaledob/bookros2_ws/install/controller_interface/lib'
[4.941s] Level 1:colcon.colcon_core.shell:create_environment_hook('controller_interface', 'ld_library_path_lib')
[4.941s] INFO:colcon.colcon_core.shell:Creating environment hook '/home/khaledob/bookros2_ws/install/controller_interface/share/controller_interface/hook/ld_library_path_lib.ps1'
[4.948s] INFO:colcon.colcon_core.shell:Creating environment descriptor '/home/khaledob/bookros2_ws/install/controller_interface/share/controller_interface/hook/ld_library_path_lib.dsv'
[4.950s] INFO:colcon.colcon_core.shell:Creating environment hook '/home/khaledob/bookros2_ws/install/controller_interface/share/controller_interface/hook/ld_library_path_lib.sh'
[4.952s] Level 1:colcon.colcon_core.environment:checking '/home/khaledob/bookros2_ws/install/controller_interface/bin'
[4.953s] Level 1:colcon.colcon_core.environment:checking '/home/khaledob/bookros2_ws/install/controller_interface/lib/pkgconfig/controller_interface.pc'
[4.953s] Level 1:colcon.colcon_core.environment:checking '/home/khaledob/bookros2_ws/install/controller_interface/lib/python3.8/site-packages'
[4.954s] Level 1:colcon.colcon_core.environment:checking '/home/khaledob/bookros2_ws/install/controller_interface/bin'
[4.955s] INFO:colcon.colcon_core.shell:Creating package script '/home/khaledob/bookros2_ws/install/controller_interface/share/controller_interface/package.ps1'
[4.956s] INFO:colcon.colcon_core.shell:Creating package descriptor '/home/khaledob/bookros2_ws/install/controller_interface/share/controller_interface/package.dsv'
[4.958s] INFO:colcon.colcon_core.shell:Creating package script '/home/khaledob/bookros2_ws/install/controller_interface/share/controller_interface/package.sh'
[4.959s] INFO:colcon.colcon_core.shell:Creating package script '/home/khaledob/bookros2_ws/install/controller_interface/share/controller_interface/package.bash'
[4.960s] INFO:colcon.colcon_core.shell:Creating package script '/home/khaledob/bookros2_ws/install/controller_interface/share/controller_interface/package.zsh'
[4.960s] Level 1:colcon.colcon_core.environment:create_file_with_runtime_dependencies(/home/khaledob/bookros2_ws/install/controller_interface/share/colcon-core/packages/controller_interface)
[4.961s] Level 1:colcon.colcon_core.environment:create_environment_scripts_only(br2_fsm_bumpgo_cpp)
[4.962s] Level 1:colcon.colcon_core.environment:checking '/home/khaledob/bookros2_ws/install/br2_fsm_bumpgo_cpp' for CMake module files
[4.964s] Level 1:colcon.colcon_core.environment:checking '/home/khaledob/bookros2_ws/install/br2_fsm_bumpgo_cpp' for CMake config files
[4.965s] Level 1:colcon.colcon_core.shell:create_environment_hook('br2_fsm_bumpgo_cpp', 'cmake_prefix_path')
[4.965s] INFO:colcon.colcon_core.shell:Creating environment hook '/home/khaledob/bookros2_ws/install/br2_fsm_bumpgo_cpp/share/br2_fsm_bumpgo_cpp/hook/cmake_prefix_path.ps1'
[4.968s] INFO:colcon.colcon_core.shell:Creating environment descriptor '/home/khaledob/bookros2_ws/install/br2_fsm_bumpgo_cpp/share/br2_fsm_bumpgo_cpp/hook/cmake_prefix_path.dsv'
[4.970s] INFO:colcon.colcon_core.shell:Creating environment hook '/home/khaledob/bookros2_ws/install/br2_fsm_bumpgo_cpp/share/br2_fsm_bumpgo_cpp/hook/cmake_prefix_path.sh'
[4.974s] Level 1:colcon.colcon_core.environment:checking '/home/khaledob/bookros2_ws/install/br2_fsm_bumpgo_cpp/lib'
[4.974s] Level 1:colcon.colcon_core.environment:checking '/home/khaledob/bookros2_ws/install/br2_fsm_bumpgo_cpp/bin'
[4.974s] Level 1:colcon.colcon_core.environment:checking '/home/khaledob/bookros2_ws/install/br2_fsm_bumpgo_cpp/lib/pkgconfig/br2_fsm_bumpgo_cpp.pc'
[4.981s] Level 1:colcon.colcon_core.environment:checking '/home/khaledob/bookros2_ws/install/br2_fsm_bumpgo_cpp/lib/python3.8/site-packages'
[4.981s] Level 1:colcon.colcon_core.environment:checking '/home/khaledob/bookros2_ws/install/br2_fsm_bumpgo_cpp/bin'
[4.982s] INFO:colcon.colcon_core.shell:Creating package script '/home/khaledob/bookros2_ws/install/br2_fsm_bumpgo_cpp/share/br2_fsm_bumpgo_cpp/package.ps1'
[4.985s] DEBUG:colcon.colcon_core.event_handler.log_command:Invoked command in '/home/khaledob/bookros2_ws/build/br2_fsm_bumpgo_cpp' returned '0': CMAKE_PREFIX_PATH=/opt/ros/foxy /usr/bin/cmake --install /home/khaledob/bookros2_ws/build/br2_fsm_bumpgo_cpp
[4.988s] INFO:colcon.colcon_core.shell:Creating package descriptor '/home/khaledob/bookros2_ws/install/br2_fsm_bumpgo_cpp/share/br2_fsm_bumpgo_cpp/package.dsv'
[4.997s] INFO:colcon.colcon_core.shell:Creating package script '/home/khaledob/bookros2_ws/install/br2_fsm_bumpgo_cpp/share/br2_fsm_bumpgo_cpp/package.sh'
[5.000s] INFO:colcon.colcon_core.shell:Creating package script '/home/khaledob/bookros2_ws/install/br2_fsm_bumpgo_cpp/share/br2_fsm_bumpgo_cpp/package.bash'
[5.008s] INFO:colcon.colcon_core.shell:Creating package script '/home/khaledob/bookros2_ws/install/br2_fsm_bumpgo_cpp/share/br2_fsm_bumpgo_cpp/package.zsh'
[5.009s] Level 1:colcon.colcon_core.environment:create_file_with_runtime_dependencies(/home/khaledob/bookros2_ws/install/br2_fsm_bumpgo_cpp/share/colcon-core/packages/br2_fsm_bumpgo_cpp)
[5.011s] Level 1:colcon.colcon_core.environment:create_environment_scripts_only(br2_fsm_bumpgo_cpp)
[5.011s] Level 1:colcon.colcon_core.environment:checking '/home/khaledob/bookros2_ws/install/br2_fsm_bumpgo_cpp' for CMake module files
[5.012s] Level 1:colcon.colcon_core.environment:checking '/home/khaledob/bookros2_ws/install/br2_fsm_bumpgo_cpp' for CMake config files
[5.013s] Level 1:colcon.colcon_core.shell:create_environment_hook('br2_fsm_bumpgo_cpp', 'cmake_prefix_path')
[5.013s] INFO:colcon.colcon_core.shell:Creating environment hook '/home/khaledob/bookros2_ws/install/br2_fsm_bumpgo_cpp/share/br2_fsm_bumpgo_cpp/hook/cmake_prefix_path.ps1'
[5.014s] INFO:colcon.colcon_core.shell:Creating environment descriptor '/home/khaledob/bookros2_ws/install/br2_fsm_bumpgo_cpp/share/br2_fsm_bumpgo_cpp/hook/cmake_prefix_path.dsv'
[5.015s] INFO:colcon.colcon_core.shell:Creating environment hook '/home/khaledob/bookros2_ws/install/br2_fsm_bumpgo_cpp/share/br2_fsm_bumpgo_cpp/hook/cmake_prefix_path.sh'
[5.019s] Level 1:colcon.colcon_core.environment:checking '/home/khaledob/bookros2_ws/install/br2_fsm_bumpgo_cpp/lib'
[5.019s] Level 1:colcon.colcon_core.environment:checking '/home/khaledob/bookros2_ws/install/br2_fsm_bumpgo_cpp/bin'
[5.020s] Level 1:colcon.colcon_core.environment:checking '/home/khaledob/bookros2_ws/install/br2_fsm_bumpgo_cpp/lib/pkgconfig/br2_fsm_bumpgo_cpp.pc'
[5.020s] Level 1:colcon.colcon_core.environment:checking '/home/khaledob/bookros2_ws/install/br2_fsm_bumpgo_cpp/lib/python3.8/site-packages'
[5.025s] Level 1:colcon.colcon_core.environment:checking '/home/khaledob/bookros2_ws/install/br2_fsm_bumpgo_cpp/bin'
[5.027s] INFO:colcon.colcon_core.shell:Creating package script '/home/khaledob/bookros2_ws/install/br2_fsm_bumpgo_cpp/share/br2_fsm_bumpgo_cpp/package.ps1'
[5.033s] INFO:colcon.colcon_core.shell:Creating package descriptor '/home/khaledob/bookros2_ws/install/br2_fsm_bumpgo_cpp/share/br2_fsm_bumpgo_cpp/package.dsv'
[5.035s] INFO:colcon.colcon_core.shell:Creating package script '/home/khaledob/bookros2_ws/install/br2_fsm_bumpgo_cpp/share/br2_fsm_bumpgo_cpp/package.sh'
[5.037s] INFO:colcon.colcon_core.shell:Creating package script '/home/khaledob/bookros2_ws/install/br2_fsm_bumpgo_cpp/share/br2_fsm_bumpgo_cpp/package.bash'
[5.039s] INFO:colcon.colcon_core.shell:Creating package script '/home/khaledob/bookros2_ws/install/br2_fsm_bumpgo_cpp/share/br2_fsm_bumpgo_cpp/package.zsh'
[5.040s] Level 1:colcon.colcon_core.environment:create_file_with_runtime_dependencies(/home/khaledob/bookros2_ws/install/br2_fsm_bumpgo_cpp/share/colcon-core/packages/br2_fsm_bumpgo_cpp)
[5.043s] INFO:colcon.colcon_ros.task.ament_cmake.build:Building ROS package in '/home/khaledob/bookros2_ws/src/ThirdParty/ros2_control/controller_manager' with build type 'ament_cmake'
[5.044s] INFO:colcon.colcon_cmake.task.cmake.build:Building CMake package in '/home/khaledob/bookros2_ws/src/ThirdParty/ros2_control/controller_manager'
[5.045s] INFO:colcon.colcon_core.shell:Skip shell extension 'powershell' for command environment: Not usable outside of PowerShell
[5.045s] DEBUG:colcon.colcon_core.shell:Skip shell extension 'dsv' for command environment
[5.056s] INFO:colcon.colcon_ros.task.ament_cmake.build:Building ROS package in '/home/khaledob/bookros2_ws/src/book_ros2/br2_vff_avoidance' with build type 'ament_cmake'
[5.057s] INFO:colcon.colcon_cmake.task.cmake.build:Building CMake package in '/home/khaledob/bookros2_ws/src/book_ros2/br2_vff_avoidance'
[5.060s] INFO:colcon.colcon_core.shell:Skip shell extension 'powershell' for command environment: Not usable outside of PowerShell
[5.060s] DEBUG:colcon.colcon_core.shell:Skip shell extension 'dsv' for command environment
[5.086s] INFO:colcon.colcon_ros.task.ament_cmake.build:Building ROS package in '/home/khaledob/bookros2_ws/src/ThirdParty/Groot' with build type 'ament_cmake'
[5.088s] INFO:colcon.colcon_cmake.task.cmake.build:Building CMake package in '/home/khaledob/bookros2_ws/src/ThirdParty/Groot'
[5.088s] INFO:colcon.colcon_core.shell:Skip shell extension 'powershell' for command environment: Not usable outside of PowerShell
[5.089s] DEBUG:colcon.colcon_core.shell:Skip shell extension 'dsv' for command environment
[5.153s] DEBUG:colcon.colcon_core.event_handler.log_command:Invoked command in '/home/khaledob/bookros2_ws/build/br2_navigation' returned '0': CMAKE_PREFIX_PATH=/opt/ros/foxy /usr/bin/cmake --build /home/khaledob/bookros2_ws/build/br2_navigation -- -j7 -l7
[5.155s] DEBUG:colcon.colcon_core.event_handler.log_command:Invoking command in '/home/khaledob/bookros2_ws/build/br2_navigation': CMAKE_PREFIX_PATH=/opt/ros/foxy /usr/bin/cmake --install /home/khaledob/bookros2_ws/build/br2_navigation
[5.212s] DEBUG:colcon.colcon_core.event_handler.log_command:Invoking command in '/home/khaledob/bookros2_ws/build/br2_tf2_detector': CMAKE_PREFIX_PATH=/opt/ros/foxy /usr/bin/cmake --build /home/khaledob/bookros2_ws/build/br2_tf2_detector -- -j7 -l7
[5.273s] DEBUG:colcon.colcon_core.event_handler.log_command:Invoking command in '/home/khaledob/bookros2_ws/build/br2_tiago': CMAKE_PREFIX_PATH=/opt/ros/foxy /usr/bin/cmake --build /home/khaledob/bookros2_ws/build/br2_tiago -- -j7 -l7
[5.284s] DEBUG:colcon.colcon_core.event_handler.log_command:Invoking command in '/home/khaledob/bookros2_ws/build/controller_manager': AMENT_PREFIX_PATH=/home/khaledob/bookros2_ws/install/controller_interface:/home/khaledob/bookros2_ws/install/hardware_interface:/home/khaledob/bookros2_ws/install/ros2_control_test_assets:/home/khaledob/bookros2_ws/install/controller_manager_msgs:${AMENT_PREFIX_PATH} CMAKE_PREFIX_PATH=/home/khaledob/bookros2_ws/install/controller_interface:/home/khaledob/bookros2_ws/install/hardware_interface:/home/khaledob/bookros2_ws/install/ros2_control_test_assets:/home/khaledob/bookros2_ws/install/controller_manager_msgs:/opt/ros/foxy LD_LIBRARY_PATH=/home/khaledob/bookros2_ws/install/controller_interface/lib:/home/khaledob/bookros2_ws/install/hardware_interface/lib:/home/khaledob/bookros2_ws/install/controller_manager_msgs/lib:${LD_LIBRARY_PATH} PYTHONPATH=/home/khaledob/bookros2_ws/install/controller_manager_msgs/lib/python3.8/site-packages:${PYTHONPATH} /usr/bin/cmake --build /home/khaledob/bookros2_ws/build/controller_manager -- -j7 -l7
[5.304s] DEBUG:colcon.colcon_core.event_handler.log_command:Invoking command in '/home/khaledob/bookros2_ws/build/br2_vff_avoidance': CMAKE_PREFIX_PATH=/opt/ros/foxy /usr/bin/cmake --build /home/khaledob/bookros2_ws/build/br2_vff_avoidance -- -j7 -l7
[5.319s] Level 1:colcon.colcon_core.environment:create_environment_scripts_only(br2_navigation)
[5.320s] Level 1:colcon.colcon_core.environment:checking '/home/khaledob/bookros2_ws/install/br2_navigation' for CMake module files
[5.322s] DEBUG:colcon.colcon_core.event_handler.log_command:Invoking command in '/home/khaledob/bookros2_ws/build/groot': CMAKE_PREFIX_PATH=/opt/ros/foxy /usr/bin/cmake --build /home/khaledob/bookros2_ws/build/groot -- -j7 -l7
[5.323s] DEBUG:colcon.colcon_core.event_handler.log_command:Invoked command in '/home/khaledob/bookros2_ws/build/br2_navigation' returned '0': CMAKE_PREFIX_PATH=/opt/ros/foxy /usr/bin/cmake --install /home/khaledob/bookros2_ws/build/br2_navigation
[5.329s] Level 1:colcon.colcon_core.environment:checking '/home/khaledob/bookros2_ws/install/br2_navigation' for CMake config files
[5.330s] Level 1:colcon.colcon_core.shell:create_environment_hook('br2_navigation', 'cmake_prefix_path')
[5.331s] INFO:colcon.colcon_core.shell:Creating environment hook '/home/khaledob/bookros2_ws/install/br2_navigation/share/br2_navigation/hook/cmake_prefix_path.ps1'
[5.333s] INFO:colcon.colcon_core.shell:Creating environment descriptor '/home/khaledob/bookros2_ws/install/br2_navigation/share/br2_navigation/hook/cmake_prefix_path.dsv'
[5.335s] INFO:colcon.colcon_core.shell:Creating environment hook '/home/khaledob/bookros2_ws/install/br2_navigation/share/br2_navigation/hook/cmake_prefix_path.sh'
[5.337s] Level 1:colcon.colcon_core.environment:checking '/home/khaledob/bookros2_ws/install/br2_navigation/bin'
[5.337s] Level 1:colcon.colcon_core.environment:checking '/home/khaledob/bookros2_ws/install/br2_navigation/lib/pkgconfig/br2_navigation.pc'
[5.337s] Level 1:colcon.colcon_core.environment:checking '/home/khaledob/bookros2_ws/install/br2_navigation/lib/python3.8/site-packages'
[5.338s] Level 1:colcon.colcon_core.environment:checking '/home/khaledob/bookros2_ws/install/br2_navigation/bin'
[5.338s] INFO:colcon.colcon_core.shell:Creating package script '/home/khaledob/bookros2_ws/install/br2_navigation/share/br2_navigation/package.ps1'
[5.339s] INFO:colcon.colcon_core.shell:Creating package descriptor '/home/khaledob/bookros2_ws/install/br2_navigation/share/br2_navigation/package.dsv'
[5.341s] INFO:colcon.colcon_core.shell:Creating package script '/home/khaledob/bookros2_ws/install/br2_navigation/share/br2_navigation/package.sh'
[5.343s] INFO:colcon.colcon_core.shell:Creating package script '/home/khaledob/bookros2_ws/install/br2_navigation/share/br2_navigation/package.bash'
[5.345s] INFO:colcon.colcon_core.shell:Creating package script '/home/khaledob/bookros2_ws/install/br2_navigation/share/br2_navigation/package.zsh'
[5.347s] Level 1:colcon.colcon_core.environment:create_file_with_runtime_dependencies(/home/khaledob/bookros2_ws/install/br2_navigation/share/colcon-core/packages/br2_navigation)
[5.348s] Level 1:colcon.colcon_core.environment:create_environment_scripts_only(br2_navigation)
[5.349s] Level 1:colcon.colcon_core.environment:checking '/home/khaledob/bookros2_ws/install/br2_navigation' for CMake module files
[5.350s] Level 1:colcon.colcon_core.environment:checking '/home/khaledob/bookros2_ws/install/br2_navigation' for CMake config files
[5.351s] Level 1:colcon.colcon_core.shell:create_environment_hook('br2_navigation', 'cmake_prefix_path')
[5.351s] INFO:colcon.colcon_core.shell:Creating environment hook '/home/khaledob/bookros2_ws/install/br2_navigation/share/br2_navigation/hook/cmake_prefix_path.ps1'
[5.353s] INFO:colcon.colcon_core.shell:Creating environment descriptor '/home/khaledob/bookros2_ws/install/br2_navigation/share/br2_navigation/hook/cmake_prefix_path.dsv'
[5.356s] INFO:colcon.colcon_core.shell:Creating environment hook '/home/khaledob/bookros2_ws/install/br2_navigation/share/br2_navigation/hook/cmake_prefix_path.sh'
[5.358s] Level 1:colcon.colcon_core.environment:checking '/home/khaledob/bookros2_ws/install/br2_navigation/bin'
[5.358s] Level 1:colcon.colcon_core.environment:checking '/home/khaledob/bookros2_ws/install/br2_navigation/lib/pkgconfig/br2_navigation.pc'
[5.359s] Level 1:colcon.colcon_core.environment:checking '/home/khaledob/bookros2_ws/install/br2_navigation/lib/python3.8/site-packages'
[5.360s] Level 1:colcon.colcon_core.environment:checking '/home/khaledob/bookros2_ws/install/br2_navigation/bin'
[5.360s] INFO:colcon.colcon_core.shell:Creating package script '/home/khaledob/bookros2_ws/install/br2_navigation/share/br2_navigation/package.ps1'
[5.363s] INFO:colcon.colcon_core.shell:Creating package descriptor '/home/khaledob/bookros2_ws/install/br2_navigation/share/br2_navigation/package.dsv'
[5.366s] INFO:colcon.colcon_core.shell:Creating package script '/home/khaledob/bookros2_ws/install/br2_navigation/share/br2_navigation/package.sh'
[5.369s] INFO:colcon.colcon_core.shell:Creating package script '/home/khaledob/bookros2_ws/install/br2_navigation/share/br2_navigation/package.bash'
[5.373s] INFO:colcon.colcon_core.shell:Creating package script '/home/khaledob/bookros2_ws/install/br2_navigation/share/br2_navigation/package.zsh'
[5.382s] Level 1:colcon.colcon_core.environment:create_file_with_runtime_dependencies(/home/khaledob/bookros2_ws/install/br2_navigation/share/colcon-core/packages/br2_navigation)
[5.388s] INFO:colcon.colcon_ros.task.ament_cmake.build:Building ROS package in '/home/khaledob/bookros2_ws/src/task1' with build type 'ament_cmake'
[5.389s] INFO:colcon.colcon_cmake.task.cmake.build:Building CMake package in '/home/khaledob/bookros2_ws/src/task1'
[5.390s] INFO:colcon.colcon_core.shell:Skip shell extension 'powershell' for command environment: Not usable outside of PowerShell
[5.391s] DEBUG:colcon.colcon_core.shell:Skip shell extension 'dsv' for command environment
[5.444s] DEBUG:colcon.colcon_core.event_handler.log_command:Invoked command in '/home/khaledob/bookros2_ws/build/br2_tiago' returned '0': CMAKE_PREFIX_PATH=/opt/ros/foxy /usr/bin/cmake --build /home/khaledob/bookros2_ws/build/br2_tiago -- -j7 -l7
[5.449s] DEBUG:colcon.colcon_core.event_handler.log_command:Invoking command in '/home/khaledob/bookros2_ws/build/br2_tiago': CMAKE_PREFIX_PATH=/opt/ros/foxy /usr/bin/cmake --install /home/khaledob/bookros2_ws/build/br2_tiago
[5.537s] DEBUG:colcon.colcon_core.event_handler.log_command:Invoking command in '/home/khaledob/bookros2_ws/build/br2_fsm_bumpgo_py': PYTHONPATH=/home/khaledob/bookros2_ws/build/br2_fsm_bumpgo_py/prefix_override:/usr/lib/python3/dist-packages/colcon_core/task/python/colcon_distutils_commands:/home/khaledob/bookros2_ws/install/br2_fsm_bumpgo_py/lib/python3.8/site-packages:${PYTHONPATH} /usr/bin/python3 -W ignore:setup.py install is deprecated -W ignore:easy_install command is deprecated setup.py develop --editable --build-directory /home/khaledob/bookros2_ws/build/br2_fsm_bumpgo_py/build --no-deps symlink_data
[5.578s] DEBUG:colcon.colcon_core.event_handler.log_command:Invoking command in '/home/khaledob/bookros2_ws/build/task1': CMAKE_PREFIX_PATH=/opt/ros/foxy /usr/bin/cmake --build /home/khaledob/bookros2_ws/build/task1 -- -j7 -l7
[5.626s] Level 1:colcon.colcon_core.environment:create_environment_scripts_only(br2_tiago)
[5.627s] Level 1:colcon.colcon_core.environment:checking '/home/khaledob/bookros2_ws/install/br2_tiago' for CMake module files
[5.632s] DEBUG:colcon.colcon_core.event_handler.log_command:Invoked command in '/home/khaledob/bookros2_ws/build/br2_tiago' returned '0': CMAKE_PREFIX_PATH=/opt/ros/foxy /usr/bin/cmake --install /home/khaledob/bookros2_ws/build/br2_tiago
[5.633s] Level 1:colcon.colcon_core.environment:checking '/home/khaledob/bookros2_ws/install/br2_tiago' for CMake config files
[5.633s] Level 1:colcon.colcon_core.shell:create_environment_hook('br2_tiago', 'cmake_prefix_path')
[5.634s] INFO:colcon.colcon_core.shell:Creating environment hook '/home/khaledob/bookros2_ws/install/br2_tiago/share/br2_tiago/hook/cmake_prefix_path.ps1'
[5.636s] INFO:colcon.colcon_core.shell:Creating environment descriptor '/home/khaledob/bookros2_ws/install/br2_tiago/share/br2_tiago/hook/cmake_prefix_path.dsv'
[5.637s] INFO:colcon.colcon_core.shell:Creating environment hook '/home/khaledob/bookros2_ws/install/br2_tiago/share/br2_tiago/hook/cmake_prefix_path.sh'
[5.639s] Level 1:colcon.colcon_core.environment:checking '/home/khaledob/bookros2_ws/install/br2_tiago/bin'
[5.639s] Level 1:colcon.colcon_core.environment:checking '/home/khaledob/bookros2_ws/install/br2_tiago/lib/pkgconfig/br2_tiago.pc'
[5.640s] Level 1:colcon.colcon_core.environment:checking '/home/khaledob/bookros2_ws/install/br2_tiago/lib/python3.8/site-packages'
[5.640s] Level 1:colcon.colcon_core.environment:checking '/home/khaledob/bookros2_ws/install/br2_tiago/bin'
[5.640s] INFO:colcon.colcon_core.shell:Creating package script '/home/khaledob/bookros2_ws/install/br2_tiago/share/br2_tiago/package.ps1'
[5.642s] INFO:colcon.colcon_core.shell:Creating package descriptor '/home/khaledob/bookros2_ws/install/br2_tiago/share/br2_tiago/package.dsv'
[5.643s] INFO:colcon.colcon_core.shell:Creating package script '/home/khaledob/bookros2_ws/install/br2_tiago/share/br2_tiago/package.sh'
[5.644s] INFO:colcon.colcon_core.shell:Creating package script '/home/khaledob/bookros2_ws/install/br2_tiago/share/br2_tiago/package.bash'
[5.645s] INFO:colcon.colcon_core.shell:Creating package script '/home/khaledob/bookros2_ws/install/br2_tiago/share/br2_tiago/package.zsh'
[5.646s] Level 1:colcon.colcon_core.environment:create_file_with_runtime_dependencies(/home/khaledob/bookros2_ws/install/br2_tiago/share/colcon-core/packages/br2_tiago)
[5.647s] Level 1:colcon.colcon_core.environment:create_environment_scripts_only(br2_tiago)
[5.647s] Level 1:colcon.colcon_core.environment:checking '/home/khaledob/bookros2_ws/install/br2_tiago' for CMake module files
[5.648s] Level 1:colcon.colcon_core.environment:checking '/home/khaledob/bookros2_ws/install/br2_tiago' for CMake config files
[5.648s] Level 1:colcon.colcon_core.shell:create_environment_hook('br2_tiago', 'cmake_prefix_path')
[5.648s] INFO:colcon.colcon_core.shell:Creating environment hook '/home/khaledob/bookros2_ws/install/br2_tiago/share/br2_tiago/hook/cmake_prefix_path.ps1'
[5.657s] INFO:colcon.colcon_core.shell:Creating environment descriptor '/home/khaledob/bookros2_ws/install/br2_tiago/share/br2_tiago/hook/cmake_prefix_path.dsv'
[5.664s] INFO:colcon.colcon_core.shell:Creating environment hook '/home/khaledob/bookros2_ws/install/br2_tiago/share/br2_tiago/hook/cmake_prefix_path.sh'
[5.666s] Level 1:colcon.colcon_core.environment:checking '/home/khaledob/bookros2_ws/install/br2_tiago/bin'
[5.666s] Level 1:colcon.colcon_core.environment:checking '/home/khaledob/bookros2_ws/install/br2_tiago/lib/pkgconfig/br2_tiago.pc'
[5.667s] Level 1:colcon.colcon_core.environment:checking '/home/khaledob/bookros2_ws/install/br2_tiago/lib/python3.8/site-packages'
[5.671s] Level 1:colcon.colcon_core.environment:checking '/home/khaledob/bookros2_ws/install/br2_tiago/bin'
[5.673s] INFO:colcon.colcon_core.shell:Creating package script '/home/khaledob/bookros2_ws/install/br2_tiago/share/br2_tiago/package.ps1'
[5.682s] INFO:colcon.colcon_core.shell:Creating package descriptor '/home/khaledob/bookros2_ws/install/br2_tiago/share/br2_tiago/package.dsv'
[5.684s] INFO:colcon.colcon_core.shell:Creating package script '/home/khaledob/bookros2_ws/install/br2_tiago/share/br2_tiago/package.sh'
[5.686s] INFO:colcon.colcon_core.shell:Creating package script '/home/khaledob/bookros2_ws/install/br2_tiago/share/br2_tiago/package.bash'
[5.690s] INFO:colcon.colcon_core.shell:Creating package script '/home/khaledob/bookros2_ws/install/br2_tiago/share/br2_tiago/package.zsh'
[5.692s] Level 1:colcon.colcon_core.environment:create_file_with_runtime_dependencies(/home/khaledob/bookros2_ws/install/br2_tiago/share/colcon-core/packages/br2_tiago)
[5.698s] INFO:colcon.colcon_ros.task.ament_cmake.build:Building ROS package in '/home/khaledob/bookros2_ws/src/book_ros2/br2_tracking' with build type 'ament_cmake'
[5.698s] INFO:colcon.colcon_cmake.task.cmake.build:Building CMake package in '/home/khaledob/bookros2_ws/src/book_ros2/br2_tracking'
[5.699s] INFO:colcon.colcon_core.shell:Skip shell extension 'powershell' for command environment: Not usable outside of PowerShell
[5.699s] DEBUG:colcon.colcon_core.shell:Skip shell extension 'dsv' for command environment
[5.789s] DEBUG:colcon.colcon_core.event_handler.log_command:Invoked command in '/home/khaledob/bookros2_ws/build/br2_tf2_detector' returned '0': CMAKE_PREFIX_PATH=/opt/ros/foxy /usr/bin/cmake --build /home/khaledob/bookros2_ws/build/br2_tf2_detector -- -j7 -l7
[5.791s] DEBUG:colcon.colcon_core.event_handler.log_command:Invoking command in '/home/khaledob/bookros2_ws/build/br2_tf2_detector': CMAKE_PREFIX_PATH=/opt/ros/foxy /usr/bin/cmake --install /home/khaledob/bookros2_ws/build/br2_tf2_detector
[5.823s] DEBUG:colcon.colcon_core.event_handler.log_command:Invoked command in '/home/khaledob/bookros2_ws/build/br2_vff_avoidance' returned '0': CMAKE_PREFIX_PATH=/opt/ros/foxy /usr/bin/cmake --build /home/khaledob/bookros2_ws/build/br2_vff_avoidance -- -j7 -l7
[5.826s] DEBUG:colcon.colcon_core.event_handler.log_command:Invoking command in '/home/khaledob/bookros2_ws/build/br2_vff_avoidance': CMAKE_PREFIX_PATH=/opt/ros/foxy /usr/bin/cmake --install /home/khaledob/bookros2_ws/build/br2_vff_avoidance
[5.923s] DEBUG:colcon.colcon_core.event_handler.log_command:Invoking command in '/home/khaledob/bookros2_ws/build/br2_tracking': AMENT_PREFIX_PATH=/home/khaledob/bookros2_ws/install/br2_tracking_msgs:${AMENT_PREFIX_PATH} CMAKE_PREFIX_PATH=/home/khaledob/bookros2_ws/install/br2_tracking_msgs:/opt/ros/foxy LD_LIBRARY_PATH=/home/khaledob/bookros2_ws/install/br2_tracking_msgs/lib:${LD_LIBRARY_PATH} PYTHONPATH=/home/khaledob/bookros2_ws/install/br2_tracking_msgs/lib/python3.8/site-packages:${PYTHONPATH} /usr/bin/cmake --build /home/khaledob/bookros2_ws/build/br2_tracking -- -j7 -l7
[5.925s] Level 1:colcon.colcon_core.environment:create_environment_scripts_only(br2_tf2_detector)
[5.926s] Level 1:colcon.colcon_core.environment:checking '/home/khaledob/bookros2_ws/install/br2_tf2_detector' for CMake module files
[5.928s] Level 1:colcon.colcon_core.environment:checking '/home/khaledob/bookros2_ws/install/br2_tf2_detector' for CMake config files
[5.929s] Level 1:colcon.colcon_core.shell:create_environment_hook('br2_tf2_detector', 'cmake_prefix_path')
[5.929s] INFO:colcon.colcon_core.shell:Creating environment hook '/home/khaledob/bookros2_ws/install/br2_tf2_detector/share/br2_tf2_detector/hook/cmake_prefix_path.ps1'
[5.933s] INFO:colcon.colcon_core.shell:Creating environment descriptor '/home/khaledob/bookros2_ws/install/br2_tf2_detector/share/br2_tf2_detector/hook/cmake_prefix_path.dsv'
[5.940s] INFO:colcon.colcon_core.shell:Creating environment hook '/home/khaledob/bookros2_ws/install/br2_tf2_detector/share/br2_tf2_detector/hook/cmake_prefix_path.sh'
[5.949s] DEBUG:colcon.colcon_core.event_handler.log_command:Invoked command in '/home/khaledob/bookros2_ws/build/br2_tf2_detector' returned '0': CMAKE_PREFIX_PATH=/opt/ros/foxy /usr/bin/cmake --install /home/khaledob/bookros2_ws/build/br2_tf2_detector
[5.952s] Level 1:colcon.colcon_core.environment:checking '/home/khaledob/bookros2_ws/install/br2_tf2_detector/lib'
[5.952s] Level 1:colcon.colcon_core.shell:create_environment_hook('br2_tf2_detector', 'ld_library_path_lib')
[5.953s] INFO:colcon.colcon_core.shell:Creating environment hook '/home/khaledob/bookros2_ws/install/br2_tf2_detector/share/br2_tf2_detector/hook/ld_library_path_lib.ps1'
[5.955s] INFO:colcon.colcon_core.shell:Creating environment descriptor '/home/khaledob/bookros2_ws/install/br2_tf2_detector/share/br2_tf2_detector/hook/ld_library_path_lib.dsv'
[5.956s] INFO:colcon.colcon_core.shell:Creating environment hook '/home/khaledob/bookros2_ws/install/br2_tf2_detector/share/br2_tf2_detector/hook/ld_library_path_lib.sh'
[5.957s] Level 1:colcon.colcon_core.environment:checking '/home/khaledob/bookros2_ws/install/br2_tf2_detector/bin'
[5.957s] Level 1:colcon.colcon_core.environment:checking '/home/khaledob/bookros2_ws/install/br2_tf2_detector/lib/pkgconfig/br2_tf2_detector.pc'
[5.958s] Level 1:colcon.colcon_core.environment:checking '/home/khaledob/bookros2_ws/install/br2_tf2_detector/lib/python3.8/site-packages'
[5.959s] Level 1:colcon.colcon_core.environment:checking '/home/khaledob/bookros2_ws/install/br2_tf2_detector/bin'
[5.960s] INFO:colcon.colcon_core.shell:Creating package script '/home/khaledob/bookros2_ws/install/br2_tf2_detector/share/br2_tf2_detector/package.ps1'
[5.962s] INFO:colcon.colcon_core.shell:Creating package descriptor '/home/khaledob/bookros2_ws/install/br2_tf2_detector/share/br2_tf2_detector/package.dsv'
[5.963s] INFO:colcon.colcon_core.shell:Creating package script '/home/khaledob/bookros2_ws/install/br2_tf2_detector/share/br2_tf2_detector/package.sh'
[5.964s] INFO:colcon.colcon_core.shell:Creating package script '/home/khaledob/bookros2_ws/install/br2_tf2_detector/share/br2_tf2_detector/package.bash'
[5.966s] INFO:colcon.colcon_core.shell:Creating package script '/home/khaledob/bookros2_ws/install/br2_tf2_detector/share/br2_tf2_detector/package.zsh'
[5.967s] Level 1:colcon.colcon_core.environment:create_file_with_runtime_dependencies(/home/khaledob/bookros2_ws/install/br2_tf2_detector/share/colcon-core/packages/br2_tf2_detector)
[5.970s] Level 1:colcon.colcon_core.environment:create_environment_scripts_only(br2_tf2_detector)
[5.971s] Level 1:colcon.colcon_core.environment:checking '/home/khaledob/bookros2_ws/install/br2_tf2_detector' for CMake module files
[5.971s] Level 1:colcon.colcon_core.environment:checking '/home/khaledob/bookros2_ws/install/br2_tf2_detector' for CMake config files
[5.972s] Level 1:colcon.colcon_core.shell:create_environment_hook('br2_tf2_detector', 'cmake_prefix_path')
[5.972s] INFO:colcon.colcon_core.shell:Creating environment hook '/home/khaledob/bookros2_ws/install/br2_tf2_detector/share/br2_tf2_detector/hook/cmake_prefix_path.ps1'
[5.975s] INFO:colcon.colcon_core.shell:Creating environment descriptor '/home/khaledob/bookros2_ws/install/br2_tf2_detector/share/br2_tf2_detector/hook/cmake_prefix_path.dsv'
[5.976s] INFO:colcon.colcon_core.shell:Creating environment hook '/home/khaledob/bookros2_ws/install/br2_tf2_detector/share/br2_tf2_detector/hook/cmake_prefix_path.sh'
[5.978s] Level 1:colcon.colcon_core.environment:checking '/home/khaledob/bookros2_ws/install/br2_tf2_detector/lib'
[5.979s] Level 1:colcon.colcon_core.shell:create_environment_hook('br2_tf2_detector', 'ld_library_path_lib')
[5.979s] INFO:colcon.colcon_core.shell:Creating environment hook '/home/khaledob/bookros2_ws/install/br2_tf2_detector/share/br2_tf2_detector/hook/ld_library_path_lib.ps1'
[5.981s] INFO:colcon.colcon_core.shell:Creating environment descriptor '/home/khaledob/bookros2_ws/install/br2_tf2_detector/share/br2_tf2_detector/hook/ld_library_path_lib.dsv'
[5.982s] INFO:colcon.colcon_core.shell:Creating environment hook '/home/khaledob/bookros2_ws/install/br2_tf2_detector/share/br2_tf2_detector/hook/ld_library_path_lib.sh'
[5.988s] Level 1:colcon.colcon_core.environment:checking '/home/khaledob/bookros2_ws/install/br2_tf2_detector/bin'
[5.988s] Level 1:colcon.colcon_core.environment:checking '/home/khaledob/bookros2_ws/install/br2_tf2_detector/lib/pkgconfig/br2_tf2_detector.pc'
[5.989s] Level 1:colcon.colcon_core.environment:checking '/home/khaledob/bookros2_ws/install/br2_tf2_detector/lib/python3.8/site-packages'
[5.989s] Level 1:colcon.colcon_core.environment:checking '/home/khaledob/bookros2_ws/install/br2_tf2_detector/bin'
[5.989s] INFO:colcon.colcon_core.shell:Creating package script '/home/khaledob/bookros2_ws/install/br2_tf2_detector/share/br2_tf2_detector/package.ps1'
[5.991s] INFO:colcon.colcon_core.shell:Creating package descriptor '/home/khaledob/bookros2_ws/install/br2_tf2_detector/share/br2_tf2_detector/package.dsv'
[5.992s] INFO:colcon.colcon_core.shell:Creating package script '/home/khaledob/bookros2_ws/install/br2_tf2_detector/share/br2_tf2_detector/package.sh'
[5.994s] INFO:colcon.colcon_core.shell:Creating package script '/home/khaledob/bookros2_ws/install/br2_tf2_detector/share/br2_tf2_detector/package.bash'
[5.996s] INFO:colcon.colcon_core.shell:Creating package script '/home/khaledob/bookros2_ws/install/br2_tf2_detector/share/br2_tf2_detector/package.zsh'
[5.998s] Level 1:colcon.colcon_core.environment:create_file_with_runtime_dependencies(/home/khaledob/bookros2_ws/install/br2_tf2_detector/share/colcon-core/packages/br2_tf2_detector)
[6.002s] INFO:colcon.colcon_ros.task.ament_cmake.build:Building ROS package in '/home/khaledob/bookros2_ws/src/ThirdParty/pmb2_navigation/pmb2_navigation' with build type 'ament_cmake'
[6.007s] INFO:colcon.colcon_cmake.task.cmake.build:Building CMake package in '/home/khaledob/bookros2_ws/src/ThirdParty/pmb2_navigation/pmb2_navigation'
[6.007s] INFO:colcon.colcon_core.shell:Skip shell extension 'powershell' for command environment: Not usable outside of PowerShell
[6.008s] DEBUG:colcon.colcon_core.shell:Skip shell extension 'dsv' for command environment
[6.053s] DEBUG:colcon.colcon_core.event_handler.log_command:Invoked command in '/home/khaledob/bookros2_ws/build/controller_manager' returned '0': AMENT_PREFIX_PATH=/home/khaledob/bookros2_ws/install/controller_interface:/home/khaledob/bookros2_ws/install/hardware_interface:/home/khaledob/bookros2_ws/install/ros2_control_test_assets:/home/khaledob/bookros2_ws/install/controller_manager_msgs:${AMENT_PREFIX_PATH} CMAKE_PREFIX_PATH=/home/khaledob/bookros2_ws/install/controller_interface:/home/khaledob/bookros2_ws/install/hardware_interface:/home/khaledob/bookros2_ws/install/ros2_control_test_assets:/home/khaledob/bookros2_ws/install/controller_manager_msgs:/opt/ros/foxy LD_LIBRARY_PATH=/home/khaledob/bookros2_ws/install/controller_interface/lib:/home/khaledob/bookros2_ws/install/hardware_interface/lib:/home/khaledob/bookros2_ws/install/controller_manager_msgs/lib:${LD_LIBRARY_PATH} PYTHONPATH=/home/khaledob/bookros2_ws/install/controller_manager_msgs/lib/python3.8/site-packages:${PYTHONPATH} /usr/bin/cmake --build /home/khaledob/bookros2_ws/build/controller_manager -- -j7 -l7
[6.057s] DEBUG:colcon.colcon_core.event_handler.log_command:Invoking command in '/home/khaledob/bookros2_ws/build/controller_manager': AMENT_PREFIX_PATH=/home/khaledob/bookros2_ws/install/controller_interface:/home/khaledob/bookros2_ws/install/hardware_interface:/home/khaledob/bookros2_ws/install/ros2_control_test_assets:/home/khaledob/bookros2_ws/install/controller_manager_msgs:${AMENT_PREFIX_PATH} CMAKE_PREFIX_PATH=/home/khaledob/bookros2_ws/install/controller_interface:/home/khaledob/bookros2_ws/install/hardware_interface:/home/khaledob/bookros2_ws/install/ros2_control_test_assets:/home/khaledob/bookros2_ws/install/controller_manager_msgs:/opt/ros/foxy LD_LIBRARY_PATH=/home/khaledob/bookros2_ws/install/controller_interface/lib:/home/khaledob/bookros2_ws/install/hardware_interface/lib:/home/khaledob/bookros2_ws/install/controller_manager_msgs/lib:${LD_LIBRARY_PATH} PYTHONPATH=/home/khaledob/bookros2_ws/install/controller_manager_msgs/lib/python3.8/site-packages:${PYTHONPATH} /usr/bin/cmake --install /home/khaledob/bookros2_ws/build/controller_manager
[6.073s] Level 1:colcon.colcon_core.environment:create_environment_scripts_only(br2_vff_avoidance)
[6.076s] Level 1:colcon.colcon_core.environment:checking '/home/khaledob/bookros2_ws/install/br2_vff_avoidance' for CMake module files
[6.079s] DEBUG:colcon.colcon_core.event_handler.log_command:Invoked command in '/home/khaledob/bookros2_ws/build/br2_vff_avoidance' returned '0': CMAKE_PREFIX_PATH=/opt/ros/foxy /usr/bin/cmake --install /home/khaledob/bookros2_ws/build/br2_vff_avoidance
[6.081s] Level 1:colcon.colcon_core.environment:checking '/home/khaledob/bookros2_ws/install/br2_vff_avoidance' for CMake config files
[6.082s] Level 1:colcon.colcon_core.shell:create_environment_hook('br2_vff_avoidance', 'cmake_prefix_path')
[6.083s] INFO:colcon.colcon_core.shell:Creating environment hook '/home/khaledob/bookros2_ws/install/br2_vff_avoidance/share/br2_vff_avoidance/hook/cmake_prefix_path.ps1'
[6.085s] INFO:colcon.colcon_core.shell:Creating environment descriptor '/home/khaledob/bookros2_ws/install/br2_vff_avoidance/share/br2_vff_avoidance/hook/cmake_prefix_path.dsv'
[6.088s] INFO:colcon.colcon_core.shell:Creating environment hook '/home/khaledob/bookros2_ws/install/br2_vff_avoidance/share/br2_vff_avoidance/hook/cmake_prefix_path.sh'
[6.097s] Level 1:colcon.colcon_core.environment:checking '/home/khaledob/bookros2_ws/install/br2_vff_avoidance/lib'
[6.098s] Level 1:colcon.colcon_core.shell:create_environment_hook('br2_vff_avoidance', 'ld_library_path_lib')
[6.099s] INFO:colcon.colcon_core.shell:Creating environment hook '/home/khaledob/bookros2_ws/install/br2_vff_avoidance/share/br2_vff_avoidance/hook/ld_library_path_lib.ps1'
[6.101s] INFO:colcon.colcon_core.shell:Creating environment descriptor '/home/khaledob/bookros2_ws/install/br2_vff_avoidance/share/br2_vff_avoidance/hook/ld_library_path_lib.dsv'
[6.103s] INFO:colcon.colcon_core.shell:Creating environment hook '/home/khaledob/bookros2_ws/install/br2_vff_avoidance/share/br2_vff_avoidance/hook/ld_library_path_lib.sh'
[6.106s] Level 1:colcon.colcon_core.environment:checking '/home/khaledob/bookros2_ws/install/br2_vff_avoidance/bin'
[6.107s] Level 1:colcon.colcon_core.environment:checking '/home/khaledob/bookros2_ws/install/br2_vff_avoidance/lib/pkgconfig/br2_vff_avoidance.pc'
[6.107s] Level 1:colcon.colcon_core.environment:checking '/home/khaledob/bookros2_ws/install/br2_vff_avoidance/lib/python3.8/site-packages'
[6.108s] Level 1:colcon.colcon_core.environment:checking '/home/khaledob/bookros2_ws/install/br2_vff_avoidance/bin'
[6.109s] INFO:colcon.colcon_core.shell:Creating package script '/home/khaledob/bookros2_ws/install/br2_vff_avoidance/share/br2_vff_avoidance/package.ps1'
[6.120s] INFO:colcon.colcon_core.shell:Creating package descriptor '/home/khaledob/bookros2_ws/install/br2_vff_avoidance/share/br2_vff_avoidance/package.dsv'
[6.122s] INFO:colcon.colcon_core.shell:Creating package script '/home/khaledob/bookros2_ws/install/br2_vff_avoidance/share/br2_vff_avoidance/package.sh'
[6.123s] INFO:colcon.colcon_core.shell:Creating package script '/home/khaledob/bookros2_ws/install/br2_vff_avoidance/share/br2_vff_avoidance/package.bash'
[6.125s] INFO:colcon.colcon_core.shell:Creating package script '/home/khaledob/bookros2_ws/install/br2_vff_avoidance/share/br2_vff_avoidance/package.zsh'
[6.126s] Level 1:colcon.colcon_core.environment:create_file_with_runtime_dependencies(/home/khaledob/bookros2_ws/install/br2_vff_avoidance/share/colcon-core/packages/br2_vff_avoidance)
[6.129s] Level 1:colcon.colcon_core.environment:create_environment_scripts_only(br2_vff_avoidance)
[6.129s] Level 1:colcon.colcon_core.environment:checking '/home/khaledob/bookros2_ws/install/br2_vff_avoidance' for CMake module files
[6.130s] Level 1:colcon.colcon_core.environment:checking '/home/khaledob/bookros2_ws/install/br2_vff_avoidance' for CMake config files
[6.131s] Level 1:colcon.colcon_core.shell:create_environment_hook('br2_vff_avoidance', 'cmake_prefix_path')
[6.132s] INFO:colcon.colcon_core.shell:Creating environment hook '/home/khaledob/bookros2_ws/install/br2_vff_avoidance/share/br2_vff_avoidance/hook/cmake_prefix_path.ps1'
[6.153s] INFO:colcon.colcon_core.shell:Creating environment descriptor '/home/khaledob/bookros2_ws/install/br2_vff_avoidance/share/br2_vff_avoidance/hook/cmake_prefix_path.dsv'
[6.156s] INFO:colcon.colcon_core.shell:Creating environment hook '/home/khaledob/bookros2_ws/install/br2_vff_avoidance/share/br2_vff_avoidance/hook/cmake_prefix_path.sh'
[6.158s] Level 1:colcon.colcon_core.environment:checking '/home/khaledob/bookros2_ws/install/br2_vff_avoidance/lib'
[6.158s] Level 1:colcon.colcon_core.shell:create_environment_hook('br2_vff_avoidance', 'ld_library_path_lib')
[6.159s] INFO:colcon.colcon_core.shell:Creating environment hook '/home/khaledob/bookros2_ws/install/br2_vff_avoidance/share/br2_vff_avoidance/hook/ld_library_path_lib.ps1'
[6.160s] INFO:colcon.colcon_core.shell:Creating environment descriptor '/home/khaledob/bookros2_ws/install/br2_vff_avoidance/share/br2_vff_avoidance/hook/ld_library_path_lib.dsv'
[6.161s] INFO:colcon.colcon_core.shell:Creating environment hook '/home/khaledob/bookros2_ws/install/br2_vff_avoidance/share/br2_vff_avoidance/hook/ld_library_path_lib.sh'
[6.163s] Level 1:colcon.colcon_core.environment:checking '/home/khaledob/bookros2_ws/install/br2_vff_avoidance/bin'
[6.163s] Level 1:colcon.colcon_core.environment:checking '/home/khaledob/bookros2_ws/install/br2_vff_avoidance/lib/pkgconfig/br2_vff_avoidance.pc'
[6.164s] Level 1:colcon.colcon_core.environment:checking '/home/khaledob/bookros2_ws/install/br2_vff_avoidance/lib/python3.8/site-packages'
[6.164s] Level 1:colcon.colcon_core.environment:checking '/home/khaledob/bookros2_ws/install/br2_vff_avoidance/bin'
[6.165s] INFO:colcon.colcon_core.shell:Creating package script '/home/khaledob/bookros2_ws/install/br2_vff_avoidance/share/br2_vff_avoidance/package.ps1'
[6.171s] INFO:colcon.colcon_core.shell:Creating package descriptor '/home/khaledob/bookros2_ws/install/br2_vff_avoidance/share/br2_vff_avoidance/package.dsv'
[6.181s] INFO:colcon.colcon_core.shell:Creating package script '/home/khaledob/bookros2_ws/install/br2_vff_avoidance/share/br2_vff_avoidance/package.sh'
[6.183s] INFO:colcon.colcon_core.shell:Creating package script '/home/khaledob/bookros2_ws/install/br2_vff_avoidance/share/br2_vff_avoidance/package.bash'
[6.187s] INFO:colcon.colcon_core.shell:Creating package script '/home/khaledob/bookros2_ws/install/br2_vff_avoidance/share/br2_vff_avoidance/package.zsh'
[6.189s] Level 1:colcon.colcon_core.environment:create_file_with_runtime_dependencies(/home/khaledob/bookros2_ws/install/br2_vff_avoidance/share/colcon-core/packages/br2_vff_avoidance)
[6.192s] INFO:colcon.colcon_ros.task.ament_cmake.build:Building ROS package in '/home/khaledob/bookros2_ws/src/ThirdParty/ros2_control/transmission_interface' with build type 'ament_cmake'
[6.193s] INFO:colcon.colcon_cmake.task.cmake.build:Building CMake package in '/home/khaledob/bookros2_ws/src/ThirdParty/ros2_control/transmission_interface'
[6.194s] INFO:colcon.colcon_core.shell:Skip shell extension 'powershell' for command environment: Not usable outside of PowerShell
[6.195s] DEBUG:colcon.colcon_core.shell:Skip shell extension 'dsv' for command environment
[6.329s] DEBUG:colcon.colcon_core.event_handler.log_command:Invoking command in '/home/khaledob/bookros2_ws/build/pmb2_navigation': AMENT_PREFIX_PATH=/home/khaledob/bookros2_ws/install/pmb2_2dnav:/home/khaledob/bookros2_ws/install/pmb2_maps:${AMENT_PREFIX_PATH} CMAKE_PREFIX_PATH=/home/khaledob/bookros2_ws/install/pmb2_2dnav:/home/khaledob/bookros2_ws/install/pmb2_maps:/opt/ros/foxy /usr/bin/cmake --build /home/khaledob/bookros2_ws/build/pmb2_navigation -- -j7 -l7
[6.376s] DEBUG:colcon.colcon_core.event_handler.log_command:Invoking command in '/home/khaledob/bookros2_ws/build/transmission_interface': AMENT_PREFIX_PATH=/home/khaledob/bookros2_ws/install/hardware_interface:/home/khaledob/bookros2_ws/install/ros2_control_test_assets:${AMENT_PREFIX_PATH} CMAKE_PREFIX_PATH=/home/khaledob/bookros2_ws/install/hardware_interface:/home/khaledob/bookros2_ws/install/ros2_control_test_assets:/opt/ros/foxy LD_LIBRARY_PATH=/home/khaledob/bookros2_ws/install/hardware_interface/lib:${LD_LIBRARY_PATH} /usr/bin/cmake --build /home/khaledob/bookros2_ws/build/transmission_interface -- -j7 -l7
[6.395s] DEBUG:colcon.colcon_core.event_handler.log_command:Invoked command in '/home/khaledob/bookros2_ws/build/br2_tracking' returned '0': AMENT_PREFIX_PATH=/home/khaledob/bookros2_ws/install/br2_tracking_msgs:${AMENT_PREFIX_PATH} CMAKE_PREFIX_PATH=/home/khaledob/bookros2_ws/install/br2_tracking_msgs:/opt/ros/foxy LD_LIBRARY_PATH=/home/khaledob/bookros2_ws/install/br2_tracking_msgs/lib:${LD_LIBRARY_PATH} PYTHONPATH=/home/khaledob/bookros2_ws/install/br2_tracking_msgs/lib/python3.8/site-packages:${PYTHONPATH} /usr/bin/cmake --build /home/khaledob/bookros2_ws/build/br2_tracking -- -j7 -l7
[6.407s] DEBUG:colcon.colcon_core.event_handler.log_command:Invoking command in '/home/khaledob/bookros2_ws/build/br2_tracking': AMENT_PREFIX_PATH=/home/khaledob/bookros2_ws/install/br2_tracking_msgs:${AMENT_PREFIX_PATH} CMAKE_PREFIX_PATH=/home/khaledob/bookros2_ws/install/br2_tracking_msgs:/opt/ros/foxy LD_LIBRARY_PATH=/home/khaledob/bookros2_ws/install/br2_tracking_msgs/lib:${LD_LIBRARY_PATH} PYTHONPATH=/home/khaledob/bookros2_ws/install/br2_tracking_msgs/lib/python3.8/site-packages:${PYTHONPATH} /usr/bin/cmake --install /home/khaledob/bookros2_ws/build/br2_tracking
[6.412s] Level 1:colcon.colcon_core.environment:create_environment_scripts_only(controller_manager)
[6.412s] Level 1:colcon.colcon_core.environment:checking '/home/khaledob/bookros2_ws/install/controller_manager' for CMake module files
[6.415s] DEBUG:colcon.colcon_core.event_handler.log_command:Invoked command in '/home/khaledob/bookros2_ws/build/controller_manager' returned '0': AMENT_PREFIX_PATH=/home/khaledob/bookros2_ws/install/controller_interface:/home/khaledob/bookros2_ws/install/hardware_interface:/home/khaledob/bookros2_ws/install/ros2_control_test_assets:/home/khaledob/bookros2_ws/install/controller_manager_msgs:${AMENT_PREFIX_PATH} CMAKE_PREFIX_PATH=/home/khaledob/bookros2_ws/install/controller_interface:/home/khaledob/bookros2_ws/install/hardware_interface:/home/khaledob/bookros2_ws/install/ros2_control_test_assets:/home/khaledob/bookros2_ws/install/controller_manager_msgs:/opt/ros/foxy LD_LIBRARY_PATH=/home/khaledob/bookros2_ws/install/controller_interface/lib:/home/khaledob/bookros2_ws/install/hardware_interface/lib:/home/khaledob/bookros2_ws/install/controller_manager_msgs/lib:${LD_LIBRARY_PATH} PYTHONPATH=/home/khaledob/bookros2_ws/install/controller_manager_msgs/lib/python3.8/site-packages:${PYTHONPATH} /usr/bin/cmake --install /home/khaledob/bookros2_ws/build/controller_manager
[6.419s] Level 1:colcon.colcon_core.environment:checking '/home/khaledob/bookros2_ws/install/controller_manager' for CMake config files
[6.420s] Level 1:colcon.colcon_core.shell:create_environment_hook('controller_manager', 'cmake_prefix_path')
[6.421s] INFO:colcon.colcon_core.shell:Creating environment hook '/home/khaledob/bookros2_ws/install/controller_manager/share/controller_manager/hook/cmake_prefix_path.ps1'
[6.423s] INFO:colcon.colcon_core.shell:Creating environment descriptor '/home/khaledob/bookros2_ws/install/controller_manager/share/controller_manager/hook/cmake_prefix_path.dsv'
[6.425s] INFO:colcon.colcon_core.shell:Creating environment hook '/home/khaledob/bookros2_ws/install/controller_manager/share/controller_manager/hook/cmake_prefix_path.sh'
[6.435s] Level 1:colcon.colcon_core.environment:checking '/home/khaledob/bookros2_ws/install/controller_manager/lib'
[6.436s] Level 1:colcon.colcon_core.shell:create_environment_hook('controller_manager', 'ld_library_path_lib')
[6.436s] INFO:colcon.colcon_core.shell:Creating environment hook '/home/khaledob/bookros2_ws/install/controller_manager/share/controller_manager/hook/ld_library_path_lib.ps1'
[6.437s] INFO:colcon.colcon_core.shell:Creating environment descriptor '/home/khaledob/bookros2_ws/install/controller_manager/share/controller_manager/hook/ld_library_path_lib.dsv'
[6.439s] INFO:colcon.colcon_core.shell:Creating environment hook '/home/khaledob/bookros2_ws/install/controller_manager/share/controller_manager/hook/ld_library_path_lib.sh'
[6.455s] Level 1:colcon.colcon_core.environment:checking '/home/khaledob/bookros2_ws/install/controller_manager/bin'
[6.459s] Level 1:colcon.colcon_core.environment:checking '/home/khaledob/bookros2_ws/install/controller_manager/lib/pkgconfig/controller_manager.pc'
[6.465s] Level 1:colcon.colcon_core.environment:checking '/home/khaledob/bookros2_ws/install/controller_manager/lib/python3.8/site-packages'
[6.466s] Level 1:colcon.colcon_core.shell:create_environment_hook('controller_manager', 'pythonpath')
[6.466s] INFO:colcon.colcon_core.shell:Creating environment hook '/home/khaledob/bookros2_ws/install/controller_manager/share/controller_manager/hook/pythonpath.ps1'
[6.474s] INFO:colcon.colcon_core.shell:Creating environment descriptor '/home/khaledob/bookros2_ws/install/controller_manager/share/controller_manager/hook/pythonpath.dsv'
[6.478s] INFO:colcon.colcon_core.shell:Creating environment hook '/home/khaledob/bookros2_ws/install/controller_manager/share/controller_manager/hook/pythonpath.sh'
[6.486s] Level 1:colcon.colcon_core.environment:checking '/home/khaledob/bookros2_ws/install/controller_manager/bin'
[6.487s] INFO:colcon.colcon_core.shell:Creating package script '/home/khaledob/bookros2_ws/install/controller_manager/share/controller_manager/package.ps1'
[6.498s] INFO:colcon.colcon_core.shell:Creating package descriptor '/home/khaledob/bookros2_ws/install/controller_manager/share/controller_manager/package.dsv'
[6.499s] INFO:colcon.colcon_core.shell:Creating package script '/home/khaledob/bookros2_ws/install/controller_manager/share/controller_manager/package.sh'
[6.501s] INFO:colcon.colcon_core.shell:Creating package script '/home/khaledob/bookros2_ws/install/controller_manager/share/controller_manager/package.bash'
[6.503s] INFO:colcon.colcon_core.shell:Creating package script '/home/khaledob/bookros2_ws/install/controller_manager/share/controller_manager/package.zsh'
[6.504s] Level 1:colcon.colcon_core.environment:create_file_with_runtime_dependencies(/home/khaledob/bookros2_ws/install/controller_manager/share/colcon-core/packages/controller_manager)
[6.516s] Level 1:colcon.colcon_core.environment:create_environment_scripts_only(controller_manager)
[6.516s] Level 1:colcon.colcon_core.environment:checking '/home/khaledob/bookros2_ws/install/controller_manager' for CMake module files
[6.519s] Level 1:colcon.colcon_core.environment:checking '/home/khaledob/bookros2_ws/install/controller_manager' for CMake config files
[6.520s] Level 1:colcon.colcon_core.shell:create_environment_hook('controller_manager', 'cmake_prefix_path')
[6.520s] INFO:colcon.colcon_core.shell:Creating environment hook '/home/khaledob/bookros2_ws/install/controller_manager/share/controller_manager/hook/cmake_prefix_path.ps1'
[6.524s] INFO:colcon.colcon_core.shell:Creating environment descriptor '/home/khaledob/bookros2_ws/install/controller_manager/share/controller_manager/hook/cmake_prefix_path.dsv'
[6.526s] INFO:colcon.colcon_core.shell:Creating environment hook '/home/khaledob/bookros2_ws/install/controller_manager/share/controller_manager/hook/cmake_prefix_path.sh'
[6.531s] Level 1:colcon.colcon_core.environment:checking '/home/khaledob/bookros2_ws/install/controller_manager/lib'
[6.531s] Level 1:colcon.colcon_core.shell:create_environment_hook('controller_manager', 'ld_library_path_lib')
[6.531s] INFO:colcon.colcon_core.shell:Creating environment hook '/home/khaledob/bookros2_ws/install/controller_manager/share/controller_manager/hook/ld_library_path_lib.ps1'
[6.533s] INFO:colcon.colcon_core.shell:Creating environment descriptor '/home/khaledob/bookros2_ws/install/controller_manager/share/controller_manager/hook/ld_library_path_lib.dsv'
[6.534s] INFO:colcon.colcon_core.shell:Creating environment hook '/home/khaledob/bookros2_ws/install/controller_manager/share/controller_manager/hook/ld_library_path_lib.sh'
[6.535s] Level 1:colcon.colcon_core.environment:checking '/home/khaledob/bookros2_ws/install/controller_manager/bin'
[6.536s] Level 1:colcon.colcon_core.environment:checking '/home/khaledob/bookros2_ws/install/controller_manager/lib/pkgconfig/controller_manager.pc'
[6.536s] Level 1:colcon.colcon_core.environment:checking '/home/khaledob/bookros2_ws/install/controller_manager/lib/python3.8/site-packages'
[6.536s] Level 1:colcon.colcon_core.shell:create_environment_hook('controller_manager', 'pythonpath')
[6.536s] INFO:colcon.colcon_core.shell:Creating environment hook '/home/khaledob/bookros2_ws/install/controller_manager/share/controller_manager/hook/pythonpath.ps1'
[6.537s] INFO:colcon.colcon_core.shell:Creating environment descriptor '/home/khaledob/bookros2_ws/install/controller_manager/share/controller_manager/hook/pythonpath.dsv'
[6.538s] INFO:colcon.colcon_core.shell:Creating environment hook '/home/khaledob/bookros2_ws/install/controller_manager/share/controller_manager/hook/pythonpath.sh'
[6.540s] Level 1:colcon.colcon_core.environment:checking '/home/khaledob/bookros2_ws/install/controller_manager/bin'
[6.541s] INFO:colcon.colcon_core.shell:Creating package script '/home/khaledob/bookros2_ws/install/controller_manager/share/controller_manager/package.ps1'
[6.542s] INFO:colcon.colcon_core.shell:Creating package descriptor '/home/khaledob/bookros2_ws/install/controller_manager/share/controller_manager/package.dsv'
[6.543s] INFO:colcon.colcon_core.shell:Creating package script '/home/khaledob/bookros2_ws/install/controller_manager/share/controller_manager/package.sh'
[6.545s] INFO:colcon.colcon_core.shell:Creating package script '/home/khaledob/bookros2_ws/install/controller_manager/share/controller_manager/package.bash'
[6.548s] INFO:colcon.colcon_core.shell:Creating package script '/home/khaledob/bookros2_ws/install/controller_manager/share/controller_manager/package.zsh'
[6.550s] Level 1:colcon.colcon_core.environment:create_file_with_runtime_dependencies(/home/khaledob/bookros2_ws/install/controller_manager/share/colcon-core/packages/controller_manager)
[6.554s] INFO:colcon.colcon_ros.task.ament_cmake.build:Building ROS package in '/home/khaledob/bookros2_ws/src/ThirdParty/ros2_controllers/forward_command_controller' with build type 'ament_cmake'
[6.554s] INFO:colcon.colcon_cmake.task.cmake.build:Building CMake package in '/home/khaledob/bookros2_ws/src/ThirdParty/ros2_controllers/forward_command_controller'
[6.555s] INFO:colcon.colcon_core.shell:Skip shell extension 'powershell' for command environment: Not usable outside of PowerShell
[6.555s] DEBUG:colcon.colcon_core.shell:Skip shell extension 'dsv' for command environment
[6.653s] DEBUG:colcon.colcon_core.event_handler.log_command:Invoked command in '/home/khaledob/bookros2_ws/build/pmb2_navigation' returned '0': AMENT_PREFIX_PATH=/home/khaledob/bookros2_ws/install/pmb2_2dnav:/home/khaledob/bookros2_ws/install/pmb2_maps:${AMENT_PREFIX_PATH} CMAKE_PREFIX_PATH=/home/khaledob/bookros2_ws/install/pmb2_2dnav:/home/khaledob/bookros2_ws/install/pmb2_maps:/opt/ros/foxy /usr/bin/cmake --build /home/khaledob/bookros2_ws/build/pmb2_navigation -- -j7 -l7
[6.675s] Level 1:colcon.colcon_core.environment:create_environment_scripts_only(br2_tracking)
[6.676s] Level 1:colcon.colcon_core.environment:checking '/home/khaledob/bookros2_ws/install/br2_tracking' for CMake module files
[6.678s] DEBUG:colcon.colcon_core.event_handler.log_command:Invoking command in '/home/khaledob/bookros2_ws/build/pmb2_navigation': AMENT_PREFIX_PATH=/home/khaledob/bookros2_ws/install/pmb2_2dnav:/home/khaledob/bookros2_ws/install/pmb2_maps:${AMENT_PREFIX_PATH} CMAKE_PREFIX_PATH=/home/khaledob/bookros2_ws/install/pmb2_2dnav:/home/khaledob/bookros2_ws/install/pmb2_maps:/opt/ros/foxy /usr/bin/cmake --install /home/khaledob/bookros2_ws/build/pmb2_navigation
[6.685s] Level 1:colcon.colcon_core.environment:checking '/home/khaledob/bookros2_ws/install/br2_tracking' for CMake config files
[6.685s] Level 1:colcon.colcon_core.shell:create_environment_hook('br2_tracking', 'cmake_prefix_path')
[6.686s] INFO:colcon.colcon_core.shell:Creating environment hook '/home/khaledob/bookros2_ws/install/br2_tracking/share/br2_tracking/hook/cmake_prefix_path.ps1'
[6.687s] INFO:colcon.colcon_core.shell:Creating environment descriptor '/home/khaledob/bookros2_ws/install/br2_tracking/share/br2_tracking/hook/cmake_prefix_path.dsv'
[6.709s] DEBUG:colcon.colcon_core.event_handler.log_command:Invoked command in '/home/khaledob/bookros2_ws/build/br2_tracking' returned '0': AMENT_PREFIX_PATH=/home/khaledob/bookros2_ws/install/br2_tracking_msgs:${AMENT_PREFIX_PATH} CMAKE_PREFIX_PATH=/home/khaledob/bookros2_ws/install/br2_tracking_msgs:/opt/ros/foxy LD_LIBRARY_PATH=/home/khaledob/bookros2_ws/install/br2_tracking_msgs/lib:${LD_LIBRARY_PATH} PYTHONPATH=/home/khaledob/bookros2_ws/install/br2_tracking_msgs/lib/python3.8/site-packages:${PYTHONPATH} /usr/bin/cmake --install /home/khaledob/bookros2_ws/build/br2_tracking
[6.713s] INFO:colcon.colcon_core.shell:Creating environment hook '/home/khaledob/bookros2_ws/install/br2_tracking/share/br2_tracking/hook/cmake_prefix_path.sh'
[6.718s] Level 1:colcon.colcon_core.environment:checking '/home/khaledob/bookros2_ws/install/br2_tracking/lib'
[6.718s] Level 1:colcon.colcon_core.shell:create_environment_hook('br2_tracking', 'ld_library_path_lib')
[6.719s] INFO:colcon.colcon_core.shell:Creating environment hook '/home/khaledob/bookros2_ws/install/br2_tracking/share/br2_tracking/hook/ld_library_path_lib.ps1'
[6.724s] INFO:colcon.colcon_core.shell:Creating environment descriptor '/home/khaledob/bookros2_ws/install/br2_tracking/share/br2_tracking/hook/ld_library_path_lib.dsv'
[6.726s] INFO:colcon.colcon_core.shell:Creating environment hook '/home/khaledob/bookros2_ws/install/br2_tracking/share/br2_tracking/hook/ld_library_path_lib.sh'
[6.728s] Level 1:colcon.colcon_core.environment:checking '/home/khaledob/bookros2_ws/install/br2_tracking/bin'
[6.728s] Level 1:colcon.colcon_core.environment:checking '/home/khaledob/bookros2_ws/install/br2_tracking/lib/pkgconfig/br2_tracking.pc'
[6.729s] Level 1:colcon.colcon_core.environment:checking '/home/khaledob/bookros2_ws/install/br2_tracking/lib/python3.8/site-packages'
[6.729s] Level 1:colcon.colcon_core.environment:checking '/home/khaledob/bookros2_ws/install/br2_tracking/bin'
[6.731s] INFO:colcon.colcon_core.shell:Creating package script '/home/khaledob/bookros2_ws/install/br2_tracking/share/br2_tracking/package.ps1'
[6.734s] INFO:colcon.colcon_core.shell:Creating package descriptor '/home/khaledob/bookros2_ws/install/br2_tracking/share/br2_tracking/package.dsv'
[6.736s] INFO:colcon.colcon_core.shell:Creating package script '/home/khaledob/bookros2_ws/install/br2_tracking/share/br2_tracking/package.sh'
[6.746s] INFO:colcon.colcon_core.shell:Creating package script '/home/khaledob/bookros2_ws/install/br2_tracking/share/br2_tracking/package.bash'
[6.753s] INFO:colcon.colcon_core.shell:Creating package script '/home/khaledob/bookros2_ws/install/br2_tracking/share/br2_tracking/package.zsh'
[6.756s] Level 1:colcon.colcon_core.environment:create_file_with_runtime_dependencies(/home/khaledob/bookros2_ws/install/br2_tracking/share/colcon-core/packages/br2_tracking)
[6.758s] Level 1:colcon.colcon_core.environment:create_environment_scripts_only(br2_tracking)
[6.759s] Level 1:colcon.colcon_core.environment:checking '/home/khaledob/bookros2_ws/install/br2_tracking' for CMake module files
[6.760s] Level 1:colcon.colcon_core.environment:checking '/home/khaledob/bookros2_ws/install/br2_tracking' for CMake config files
[6.761s] Level 1:colcon.colcon_core.shell:create_environment_hook('br2_tracking', 'cmake_prefix_path')
[6.762s] INFO:colcon.colcon_core.shell:Creating environment hook '/home/khaledob/bookros2_ws/install/br2_tracking/share/br2_tracking/hook/cmake_prefix_path.ps1'
[6.764s] INFO:colcon.colcon_core.shell:Creating environment descriptor '/home/khaledob/bookros2_ws/install/br2_tracking/share/br2_tracking/hook/cmake_prefix_path.dsv'
[6.766s] INFO:colcon.colcon_core.shell:Creating environment hook '/home/khaledob/bookros2_ws/install/br2_tracking/share/br2_tracking/hook/cmake_prefix_path.sh'
[6.769s] Level 1:colcon.colcon_core.environment:checking '/home/khaledob/bookros2_ws/install/br2_tracking/lib'
[6.769s] Level 1:colcon.colcon_core.shell:create_environment_hook('br2_tracking', 'ld_library_path_lib')
[6.770s] INFO:colcon.colcon_core.shell:Creating environment hook '/home/khaledob/bookros2_ws/install/br2_tracking/share/br2_tracking/hook/ld_library_path_lib.ps1'
[6.775s] INFO:colcon.colcon_core.shell:Creating environment descriptor '/home/khaledob/bookros2_ws/install/br2_tracking/share/br2_tracking/hook/ld_library_path_lib.dsv'
[6.778s] INFO:colcon.colcon_core.shell:Creating environment hook '/home/khaledob/bookros2_ws/install/br2_tracking/share/br2_tracking/hook/ld_library_path_lib.sh'
[6.780s] Level 1:colcon.colcon_core.environment:checking '/home/khaledob/bookros2_ws/install/br2_tracking/bin'
[6.781s] Level 1:colcon.colcon_core.environment:checking '/home/khaledob/bookros2_ws/install/br2_tracking/lib/pkgconfig/br2_tracking.pc'
[6.782s] Level 1:colcon.colcon_core.environment:checking '/home/khaledob/bookros2_ws/install/br2_tracking/lib/python3.8/site-packages'
[6.782s] Level 1:colcon.colcon_core.environment:checking '/home/khaledob/bookros2_ws/install/br2_tracking/bin'
[6.783s] INFO:colcon.colcon_core.shell:Creating package script '/home/khaledob/bookros2_ws/install/br2_tracking/share/br2_tracking/package.ps1'
[6.785s] INFO:colcon.colcon_core.shell:Creating package descriptor '/home/khaledob/bookros2_ws/install/br2_tracking/share/br2_tracking/package.dsv'
[6.788s] INFO:colcon.colcon_core.shell:Creating package script '/home/khaledob/bookros2_ws/install/br2_tracking/share/br2_tracking/package.sh'
[6.790s] INFO:colcon.colcon_core.shell:Creating package script '/home/khaledob/bookros2_ws/install/br2_tracking/share/br2_tracking/package.bash'
[6.792s] INFO:colcon.colcon_core.shell:Creating package script '/home/khaledob/bookros2_ws/install/br2_tracking/share/br2_tracking/package.zsh'
[6.804s] Level 1:colcon.colcon_core.environment:create_file_with_runtime_dependencies(/home/khaledob/bookros2_ws/install/br2_tracking/share/colcon-core/packages/br2_tracking)
[6.821s] INFO:colcon.colcon_ros.task.ament_cmake.build:Building ROS package in '/home/khaledob/bookros2_ws/src/ThirdParty/ros2_controllers/joint_state_broadcaster' with build type 'ament_cmake'
[6.822s] INFO:colcon.colcon_cmake.task.cmake.build:Building CMake package in '/home/khaledob/bookros2_ws/src/ThirdParty/ros2_controllers/joint_state_broadcaster'
[6.825s] INFO:colcon.colcon_core.shell:Skip shell extension 'powershell' for command environment: Not usable outside of PowerShell
[6.825s] DEBUG:colcon.colcon_core.shell:Skip shell extension 'dsv' for command environment
[6.848s] Level 1:colcon.colcon_core.environment:create_environment_scripts_only(pmb2_navigation)
[6.849s] Level 1:colcon.colcon_core.environment:checking '/home/khaledob/bookros2_ws/install/pmb2_navigation' for CMake module files
[6.851s] DEBUG:colcon.colcon_core.event_handler.log_command:Invoked command in '/home/khaledob/bookros2_ws/build/pmb2_navigation' returned '0': AMENT_PREFIX_PATH=/home/khaledob/bookros2_ws/install/pmb2_2dnav:/home/khaledob/bookros2_ws/install/pmb2_maps:${AMENT_PREFIX_PATH} CMAKE_PREFIX_PATH=/home/khaledob/bookros2_ws/install/pmb2_2dnav:/home/khaledob/bookros2_ws/install/pmb2_maps:/opt/ros/foxy /usr/bin/cmake --install /home/khaledob/bookros2_ws/build/pmb2_navigation
[6.852s] Level 1:colcon.colcon_core.environment:checking '/home/khaledob/bookros2_ws/install/pmb2_navigation' for CMake config files
[6.853s] Level 1:colcon.colcon_core.shell:create_environment_hook('pmb2_navigation', 'cmake_prefix_path')
[6.853s] INFO:colcon.colcon_core.shell:Creating environment hook '/home/khaledob/bookros2_ws/install/pmb2_navigation/share/pmb2_navigation/hook/cmake_prefix_path.ps1'
[6.855s] INFO:colcon.colcon_core.shell:Creating environment descriptor '/home/khaledob/bookros2_ws/install/pmb2_navigation/share/pmb2_navigation/hook/cmake_prefix_path.dsv'
[6.857s] INFO:colcon.colcon_core.shell:Creating environment hook '/home/khaledob/bookros2_ws/install/pmb2_navigation/share/pmb2_navigation/hook/cmake_prefix_path.sh'
[6.859s] Level 1:colcon.colcon_core.environment:checking '/home/khaledob/bookros2_ws/install/pmb2_navigation/bin'
[6.860s] Level 1:colcon.colcon_core.environment:checking '/home/khaledob/bookros2_ws/install/pmb2_navigation/lib/pkgconfig/pmb2_navigation.pc'
[6.860s] Level 1:colcon.colcon_core.environment:checking '/home/khaledob/bookros2_ws/install/pmb2_navigation/lib/python3.8/site-packages'
[6.860s] Level 1:colcon.colcon_core.environment:checking '/home/khaledob/bookros2_ws/install/pmb2_navigation/bin'
[6.860s] INFO:colcon.colcon_core.shell:Creating package script '/home/khaledob/bookros2_ws/install/pmb2_navigation/share/pmb2_navigation/package.ps1'
[6.862s] INFO:colcon.colcon_core.shell:Creating package descriptor '/home/khaledob/bookros2_ws/install/pmb2_navigation/share/pmb2_navigation/package.dsv'
[6.863s] INFO:colcon.colcon_core.shell:Creating package script '/home/khaledob/bookros2_ws/install/pmb2_navigation/share/pmb2_navigation/package.sh'
[6.864s] INFO:colcon.colcon_core.shell:Creating package script '/home/khaledob/bookros2_ws/install/pmb2_navigation/share/pmb2_navigation/package.bash'
[6.866s] INFO:colcon.colcon_core.shell:Creating package script '/home/khaledob/bookros2_ws/install/pmb2_navigation/share/pmb2_navigation/package.zsh'
[6.867s] Level 1:colcon.colcon_core.environment:create_file_with_runtime_dependencies(/home/khaledob/bookros2_ws/install/pmb2_navigation/share/colcon-core/packages/pmb2_navigation)
[6.869s] Level 1:colcon.colcon_core.environment:create_environment_scripts_only(pmb2_navigation)
[6.870s] Level 1:colcon.colcon_core.environment:checking '/home/khaledob/bookros2_ws/install/pmb2_navigation' for CMake module files
[6.870s] Level 1:colcon.colcon_core.environment:checking '/home/khaledob/bookros2_ws/install/pmb2_navigation' for CMake config files
[6.871s] Level 1:colcon.colcon_core.shell:create_environment_hook('pmb2_navigation', 'cmake_prefix_path')
[6.871s] INFO:colcon.colcon_core.shell:Creating environment hook '/home/khaledob/bookros2_ws/install/pmb2_navigation/share/pmb2_navigation/hook/cmake_prefix_path.ps1'
[6.874s] INFO:colcon.colcon_core.shell:Creating environment descriptor '/home/khaledob/bookros2_ws/install/pmb2_navigation/share/pmb2_navigation/hook/cmake_prefix_path.dsv'
[6.876s] INFO:colcon.colcon_core.shell:Creating environment hook '/home/khaledob/bookros2_ws/install/pmb2_navigation/share/pmb2_navigation/hook/cmake_prefix_path.sh'
[6.878s] Level 1:colcon.colcon_core.environment:checking '/home/khaledob/bookros2_ws/install/pmb2_navigation/bin'
[6.878s] Level 1:colcon.colcon_core.environment:checking '/home/khaledob/bookros2_ws/install/pmb2_navigation/lib/pkgconfig/pmb2_navigation.pc'
[6.879s] Level 1:colcon.colcon_core.environment:checking '/home/khaledob/bookros2_ws/install/pmb2_navigation/lib/python3.8/site-packages'
[6.879s] Level 1:colcon.colcon_core.environment:checking '/home/khaledob/bookros2_ws/install/pmb2_navigation/bin'
[6.880s] INFO:colcon.colcon_core.shell:Creating package script '/home/khaledob/bookros2_ws/install/pmb2_navigation/share/pmb2_navigation/package.ps1'
[6.884s] INFO:colcon.colcon_core.shell:Creating package descriptor '/home/khaledob/bookros2_ws/install/pmb2_navigation/share/pmb2_navigation/package.dsv'
[6.891s] INFO:colcon.colcon_core.shell:Creating package script '/home/khaledob/bookros2_ws/install/pmb2_navigation/share/pmb2_navigation/package.sh'
[6.899s] INFO:colcon.colcon_core.shell:Creating package script '/home/khaledob/bookros2_ws/install/pmb2_navigation/share/pmb2_navigation/package.bash'
[6.903s] INFO:colcon.colcon_core.shell:Creating package script '/home/khaledob/bookros2_ws/install/pmb2_navigation/share/pmb2_navigation/package.zsh'
[6.905s] Level 1:colcon.colcon_core.environment:create_file_with_runtime_dependencies(/home/khaledob/bookros2_ws/install/pmb2_navigation/share/colcon-core/packages/pmb2_navigation)
[6.915s] DEBUG:colcon.colcon_core.event_handler.log_command:Invoked command in '/home/khaledob/bookros2_ws/build/groot' returned '0': CMAKE_PREFIX_PATH=/opt/ros/foxy /usr/bin/cmake --build /home/khaledob/bookros2_ws/build/groot -- -j7 -l7
[6.916s] DEBUG:colcon.colcon_core.event_handler.log_command:Invoking command in '/home/khaledob/bookros2_ws/build/groot': CMAKE_PREFIX_PATH=/opt/ros/foxy /usr/bin/cmake --install /home/khaledob/bookros2_ws/build/groot
[6.949s] DEBUG:colcon.colcon_core.event_handler.log_command:Invoking command in '/home/khaledob/bookros2_ws/build/forward_command_controller': AMENT_PREFIX_PATH=/home/khaledob/bookros2_ws/install/controller_manager:/home/khaledob/bookros2_ws/install/controller_interface:/home/khaledob/bookros2_ws/install/hardware_interface:/home/khaledob/bookros2_ws/install/ros2_control_test_assets:/home/khaledob/bookros2_ws/install/controller_manager_msgs:${AMENT_PREFIX_PATH} CMAKE_PREFIX_PATH=/home/khaledob/bookros2_ws/install/controller_manager:/home/khaledob/bookros2_ws/install/controller_interface:/home/khaledob/bookros2_ws/install/hardware_interface:/home/khaledob/bookros2_ws/install/ros2_control_test_assets:/home/khaledob/bookros2_ws/install/controller_manager_msgs:/opt/ros/foxy LD_LIBRARY_PATH=/home/khaledob/bookros2_ws/install/controller_manager/lib:/home/khaledob/bookros2_ws/install/controller_interface/lib:/home/khaledob/bookros2_ws/install/hardware_interface/lib:/home/khaledob/bookros2_ws/install/controller_manager_msgs/lib:${LD_LIBRARY_PATH} PYTHONPATH=/home/khaledob/bookros2_ws/install/controller_manager/lib/python3.8/site-packages:/home/khaledob/bookros2_ws/install/controller_manager_msgs/lib/python3.8/site-packages:${PYTHONPATH} /usr/bin/cmake --build /home/khaledob/bookros2_ws/build/forward_command_controller -- -j7 -l7
[6.960s] INFO:colcon.colcon_ros.task.ament_cmake.build:Building ROS package in '/home/khaledob/bookros2_ws/src/ThirdParty/ros2_controllers/diff_drive_controller' with build type 'ament_cmake'
[6.962s] INFO:colcon.colcon_cmake.task.cmake.build:Building CMake package in '/home/khaledob/bookros2_ws/src/ThirdParty/ros2_controllers/diff_drive_controller'
[6.962s] INFO:colcon.colcon_core.shell:Skip shell extension 'powershell' for command environment: Not usable outside of PowerShell
[6.964s] DEBUG:colcon.colcon_core.shell:Skip shell extension 'dsv' for command environment
[6.997s] Level 1:colcon.colcon_core.shell:create_environment_hook('br2_fsm_bumpgo_py', 'pythonpath_develop')
[7.014s] DEBUG:colcon.colcon_core.event_handler.log_command:Invoked command in '/home/khaledob/bookros2_ws/build/br2_fsm_bumpgo_py' returned '0': PYTHONPATH=/home/khaledob/bookros2_ws/build/br2_fsm_bumpgo_py/prefix_override:/usr/lib/python3/dist-packages/colcon_core/task/python/colcon_distutils_commands:/home/khaledob/bookros2_ws/install/br2_fsm_bumpgo_py/lib/python3.8/site-packages:${PYTHONPATH} /usr/bin/python3 -W ignore:setup.py install is deprecated -W ignore:easy_install command is deprecated setup.py develop --editable --build-directory /home/khaledob/bookros2_ws/build/br2_fsm_bumpgo_py/build --no-deps symlink_data
[7.021s] INFO:colcon.colcon_core.shell:Creating environment hook '/home/khaledob/bookros2_ws/build/br2_fsm_bumpgo_py/share/br2_fsm_bumpgo_py/hook/pythonpath_develop.ps1'
[7.022s] INFO:colcon.colcon_core.shell:Creating environment descriptor '/home/khaledob/bookros2_ws/build/br2_fsm_bumpgo_py/share/br2_fsm_bumpgo_py/hook/pythonpath_develop.dsv'
[7.024s] INFO:colcon.colcon_core.shell:Creating environment hook '/home/khaledob/bookros2_ws/build/br2_fsm_bumpgo_py/share/br2_fsm_bumpgo_py/hook/pythonpath_develop.sh'
[7.027s] Level 1:colcon.colcon_core.environment:checking '/home/khaledob/bookros2_ws/install/br2_fsm_bumpgo_py' for CMake module files
[7.045s] Level 1:colcon.colcon_core.environment:checking '/home/khaledob/bookros2_ws/install/br2_fsm_bumpgo_py' for CMake config files
[7.045s] Level 1:colcon.colcon_core.environment:checking '/home/khaledob/bookros2_ws/install/br2_fsm_bumpgo_py/lib'
[7.049s] Level 1:colcon.colcon_core.environment:checking '/home/khaledob/bookros2_ws/install/br2_fsm_bumpgo_py/bin'
[7.054s] Level 1:colcon.colcon_core.environment:checking '/home/khaledob/bookros2_ws/install/br2_fsm_bumpgo_py/lib/pkgconfig/br2_fsm_bumpgo_py.pc'
[7.055s] Level 1:colcon.colcon_core.environment:checking '/home/khaledob/bookros2_ws/install/br2_fsm_bumpgo_py/lib/python3.8/site-packages'
[7.055s] Level 1:colcon.colcon_core.shell:create_environment_hook('br2_fsm_bumpgo_py', 'pythonpath')
[7.055s] INFO:colcon.colcon_core.shell:Creating environment hook '/home/khaledob/bookros2_ws/install/br2_fsm_bumpgo_py/share/br2_fsm_bumpgo_py/hook/pythonpath.ps1'
[7.064s] INFO:colcon.colcon_core.shell:Creating environment descriptor '/home/khaledob/bookros2_ws/install/br2_fsm_bumpgo_py/share/br2_fsm_bumpgo_py/hook/pythonpath.dsv'
[7.075s] INFO:colcon.colcon_core.shell:Creating environment hook '/home/khaledob/bookros2_ws/install/br2_fsm_bumpgo_py/share/br2_fsm_bumpgo_py/hook/pythonpath.sh'
[7.076s] Level 1:colcon.colcon_core.environment:checking '/home/khaledob/bookros2_ws/install/br2_fsm_bumpgo_py/bin'
[7.077s] Level 1:colcon.colcon_core.environment:create_environment_scripts_only(br2_fsm_bumpgo_py)
[7.078s] INFO:colcon.colcon_core.shell:Creating package script '/home/khaledob/bookros2_ws/install/br2_fsm_bumpgo_py/share/br2_fsm_bumpgo_py/package.ps1'
[7.080s] INFO:colcon.colcon_core.shell:Creating package descriptor '/home/khaledob/bookros2_ws/install/br2_fsm_bumpgo_py/share/br2_fsm_bumpgo_py/package.dsv'
[7.082s] INFO:colcon.colcon_core.shell:Creating package script '/home/khaledob/bookros2_ws/install/br2_fsm_bumpgo_py/share/br2_fsm_bumpgo_py/package.sh'
[7.097s] INFO:colcon.colcon_core.shell:Creating package script '/home/khaledob/bookros2_ws/install/br2_fsm_bumpgo_py/share/br2_fsm_bumpgo_py/package.bash'
[7.100s] INFO:colcon.colcon_core.shell:Creating package script '/home/khaledob/bookros2_ws/install/br2_fsm_bumpgo_py/share/br2_fsm_bumpgo_py/package.zsh'
[7.106s] Level 1:colcon.colcon_core.environment:create_file_with_runtime_dependencies(/home/khaledob/bookros2_ws/install/br2_fsm_bumpgo_py/share/colcon-core/packages/br2_fsm_bumpgo_py)
[7.125s] INFO:colcon.colcon_ros.task.ament_cmake.build:Building ROS package in '/home/khaledob/bookros2_ws/src/ThirdParty/ros2_controllers/imu_sensor_broadcaster' with build type 'ament_cmake'
[7.125s] INFO:colcon.colcon_cmake.task.cmake.build:Building CMake package in '/home/khaledob/bookros2_ws/src/ThirdParty/ros2_controllers/imu_sensor_broadcaster'
[7.125s] INFO:colcon.colcon_core.shell:Skip shell extension 'powershell' for command environment: Not usable outside of PowerShell
[7.125s] DEBUG:colcon.colcon_core.shell:Skip shell extension 'dsv' for command environment
[7.159s] DEBUG:colcon.colcon_core.event_handler.log_command:Invoked command in '/home/khaledob/bookros2_ws/build/transmission_interface' returned '0': AMENT_PREFIX_PATH=/home/khaledob/bookros2_ws/install/hardware_interface:/home/khaledob/bookros2_ws/install/ros2_control_test_assets:${AMENT_PREFIX_PATH} CMAKE_PREFIX_PATH=/home/khaledob/bookros2_ws/install/hardware_interface:/home/khaledob/bookros2_ws/install/ros2_control_test_assets:/opt/ros/foxy LD_LIBRARY_PATH=/home/khaledob/bookros2_ws/install/hardware_interface/lib:${LD_LIBRARY_PATH} /usr/bin/cmake --build /home/khaledob/bookros2_ws/build/transmission_interface -- -j7 -l7
[7.163s] DEBUG:colcon.colcon_core.event_handler.log_command:Invoking command in '/home/khaledob/bookros2_ws/build/transmission_interface': AMENT_PREFIX_PATH=/home/khaledob/bookros2_ws/install/hardware_interface:/home/khaledob/bookros2_ws/install/ros2_control_test_assets:${AMENT_PREFIX_PATH} CMAKE_PREFIX_PATH=/home/khaledob/bookros2_ws/install/hardware_interface:/home/khaledob/bookros2_ws/install/ros2_control_test_assets:/opt/ros/foxy LD_LIBRARY_PATH=/home/khaledob/bookros2_ws/install/hardware_interface/lib:${LD_LIBRARY_PATH} /usr/bin/cmake --install /home/khaledob/bookros2_ws/build/transmission_interface
[7.200s] DEBUG:colcon.colcon_core.event_handler.log_command:Invoking command in '/home/khaledob/bookros2_ws/build/joint_state_broadcaster': AMENT_PREFIX_PATH=/home/khaledob/bookros2_ws/install/controller_manager:/home/khaledob/bookros2_ws/install/controller_interface:/home/khaledob/bookros2_ws/install/hardware_interface:/home/khaledob/bookros2_ws/install/ros2_control_test_assets:/home/khaledob/bookros2_ws/install/controller_manager_msgs:${AMENT_PREFIX_PATH} CMAKE_PREFIX_PATH=/home/khaledob/bookros2_ws/install/controller_manager:/home/khaledob/bookros2_ws/install/controller_interface:/home/khaledob/bookros2_ws/install/hardware_interface:/home/khaledob/bookros2_ws/install/ros2_control_test_assets:/home/khaledob/bookros2_ws/install/controller_manager_msgs:/opt/ros/foxy LD_LIBRARY_PATH=/home/khaledob/bookros2_ws/install/controller_manager/lib:/home/khaledob/bookros2_ws/install/controller_interface/lib:/home/khaledob/bookros2_ws/install/hardware_interface/lib:/home/khaledob/bookros2_ws/install/controller_manager_msgs/lib:${LD_LIBRARY_PATH} PYTHONPATH=/home/khaledob/bookros2_ws/install/controller_manager/lib/python3.8/site-packages:/home/khaledob/bookros2_ws/install/controller_manager_msgs/lib/python3.8/site-packages:${PYTHONPATH} /usr/bin/cmake --build /home/khaledob/bookros2_ws/build/joint_state_broadcaster -- -j7 -l7
[7.218s] Level 1:colcon.colcon_core.environment:create_environment_scripts_only(groot)
[7.219s] Level 1:colcon.colcon_core.environment:checking '/home/khaledob/bookros2_ws/install/groot' for CMake module files
[7.222s] DEBUG:colcon.colcon_core.event_handler.log_command:Invoked command in '/home/khaledob/bookros2_ws/build/groot' returned '0': CMAKE_PREFIX_PATH=/opt/ros/foxy /usr/bin/cmake --install /home/khaledob/bookros2_ws/build/groot
[7.232s] Level 1:colcon.colcon_core.environment:checking '/home/khaledob/bookros2_ws/install/groot' for CMake config files
[7.248s] Level 1:colcon.colcon_core.shell:create_environment_hook('groot', 'cmake_prefix_path')
[7.248s] INFO:colcon.colcon_core.shell:Creating environment hook '/home/khaledob/bookros2_ws/install/groot/share/groot/hook/cmake_prefix_path.ps1'
[7.250s] INFO:colcon.colcon_core.shell:Creating environment descriptor '/home/khaledob/bookros2_ws/install/groot/share/groot/hook/cmake_prefix_path.dsv'
[7.253s] INFO:colcon.colcon_core.shell:Creating environment hook '/home/khaledob/bookros2_ws/install/groot/share/groot/hook/cmake_prefix_path.sh'
[7.255s] Level 1:colcon.colcon_core.environment:checking '/home/khaledob/bookros2_ws/install/groot/lib'
[7.255s] Level 1:colcon.colcon_core.shell:create_environment_hook('groot', 'ld_library_path_lib')
[7.256s] INFO:colcon.colcon_core.shell:Creating environment hook '/home/khaledob/bookros2_ws/install/groot/share/groot/hook/ld_library_path_lib.ps1'
[7.259s] INFO:colcon.colcon_core.shell:Creating environment descriptor '/home/khaledob/bookros2_ws/install/groot/share/groot/hook/ld_library_path_lib.dsv'
[7.261s] INFO:colcon.colcon_core.shell:Creating environment hook '/home/khaledob/bookros2_ws/install/groot/share/groot/hook/ld_library_path_lib.sh'
[7.263s] Level 1:colcon.colcon_core.environment:checking '/home/khaledob/bookros2_ws/install/groot/bin'
[7.263s] Level 1:colcon.colcon_core.environment:checking '/home/khaledob/bookros2_ws/install/groot/lib/pkgconfig/groot.pc'
[7.263s] Level 1:colcon.colcon_core.environment:checking '/home/khaledob/bookros2_ws/install/groot/lib/python3.8/site-packages'
[7.265s] Level 1:colcon.colcon_core.environment:checking '/home/khaledob/bookros2_ws/install/groot/bin'
[7.266s] INFO:colcon.colcon_core.shell:Creating package script '/home/khaledob/bookros2_ws/install/groot/share/groot/package.ps1'
[7.269s] INFO:colcon.colcon_core.shell:Creating package descriptor '/home/khaledob/bookros2_ws/install/groot/share/groot/package.dsv'
[7.291s] INFO:colcon.colcon_core.shell:Creating package script '/home/khaledob/bookros2_ws/install/groot/share/groot/package.sh'
[7.292s] INFO:colcon.colcon_core.shell:Creating package script '/home/khaledob/bookros2_ws/install/groot/share/groot/package.bash'
[7.297s] INFO:colcon.colcon_core.shell:Creating package script '/home/khaledob/bookros2_ws/install/groot/share/groot/package.zsh'
[7.298s] Level 1:colcon.colcon_core.environment:create_file_with_runtime_dependencies(/home/khaledob/bookros2_ws/install/groot/share/colcon-core/packages/groot)
[7.300s] Level 1:colcon.colcon_core.environment:create_environment_scripts_only(groot)
[7.301s] Level 1:colcon.colcon_core.environment:checking '/home/khaledob/bookros2_ws/install/groot' for CMake module files
[7.303s] Level 1:colcon.colcon_core.environment:checking '/home/khaledob/bookros2_ws/install/groot' for CMake config files
[7.304s] Level 1:colcon.colcon_core.shell:create_environment_hook('groot', 'cmake_prefix_path')
[7.305s] INFO:colcon.colcon_core.shell:Creating environment hook '/home/khaledob/bookros2_ws/install/groot/share/groot/hook/cmake_prefix_path.ps1'
[7.308s] INFO:colcon.colcon_core.shell:Creating environment descriptor '/home/khaledob/bookros2_ws/install/groot/share/groot/hook/cmake_prefix_path.dsv'
[7.310s] INFO:colcon.colcon_core.shell:Creating environment hook '/home/khaledob/bookros2_ws/install/groot/share/groot/hook/cmake_prefix_path.sh'
[7.313s] Level 1:colcon.colcon_core.environment:checking '/home/khaledob/bookros2_ws/install/groot/lib'
[7.314s] Level 1:colcon.colcon_core.shell:create_environment_hook('groot', 'ld_library_path_lib')
[7.314s] INFO:colcon.colcon_core.shell:Creating environment hook '/home/khaledob/bookros2_ws/install/groot/share/groot/hook/ld_library_path_lib.ps1'
[7.315s] INFO:colcon.colcon_core.shell:Creating environment descriptor '/home/khaledob/bookros2_ws/install/groot/share/groot/hook/ld_library_path_lib.dsv'
[7.317s] INFO:colcon.colcon_core.shell:Creating environment hook '/home/khaledob/bookros2_ws/install/groot/share/groot/hook/ld_library_path_lib.sh'
[7.320s] Level 1:colcon.colcon_core.environment:checking '/home/khaledob/bookros2_ws/install/groot/bin'
[7.320s] Level 1:colcon.colcon_core.environment:checking '/home/khaledob/bookros2_ws/install/groot/lib/pkgconfig/groot.pc'
[7.320s] Level 1:colcon.colcon_core.environment:checking '/home/khaledob/bookros2_ws/install/groot/lib/python3.8/site-packages'
[7.320s] Level 1:colcon.colcon_core.environment:checking '/home/khaledob/bookros2_ws/install/groot/bin'
[7.321s] INFO:colcon.colcon_core.shell:Creating package script '/home/khaledob/bookros2_ws/install/groot/share/groot/package.ps1'
[7.322s] INFO:colcon.colcon_core.shell:Creating package descriptor '/home/khaledob/bookros2_ws/install/groot/share/groot/package.dsv'
[7.324s] INFO:colcon.colcon_core.shell:Creating package script '/home/khaledob/bookros2_ws/install/groot/share/groot/package.sh'
[7.325s] INFO:colcon.colcon_core.shell:Creating package script '/home/khaledob/bookros2_ws/install/groot/share/groot/package.bash'
[7.328s] INFO:colcon.colcon_core.shell:Creating package script '/home/khaledob/bookros2_ws/install/groot/share/groot/package.zsh'
[7.330s] Level 1:colcon.colcon_core.environment:create_file_with_runtime_dependencies(/home/khaledob/bookros2_ws/install/groot/share/colcon-core/packages/groot)
[7.336s] INFO:colcon.colcon_ros.task.ament_cmake.build:Building ROS package in '/home/khaledob/bookros2_ws/src/ThirdParty/ros2_controllers/joint_trajectory_controller' with build type 'ament_cmake'
[7.337s] INFO:colcon.colcon_cmake.task.cmake.build:Building CMake package in '/home/khaledob/bookros2_ws/src/ThirdParty/ros2_controllers/joint_trajectory_controller'
[7.341s] INFO:colcon.colcon_core.shell:Skip shell extension 'powershell' for command environment: Not usable outside of PowerShell
[7.341s] DEBUG:colcon.colcon_core.shell:Skip shell extension 'dsv' for command environment
[7.363s] DEBUG:colcon.colcon_core.event_handler.log_command:Invoking command in '/home/khaledob/bookros2_ws/build/diff_drive_controller': AMENT_PREFIX_PATH=/home/khaledob/bookros2_ws/install/controller_manager:/home/khaledob/bookros2_ws/install/controller_interface:/home/khaledob/bookros2_ws/install/hardware_interface:/home/khaledob/bookros2_ws/install/ros2_control_test_assets:/home/khaledob/bookros2_ws/install/controller_manager_msgs:${AMENT_PREFIX_PATH} CMAKE_PREFIX_PATH=/home/khaledob/bookros2_ws/install/controller_manager:/home/khaledob/bookros2_ws/install/controller_interface:/home/khaledob/bookros2_ws/install/hardware_interface:/home/khaledob/bookros2_ws/install/ros2_control_test_assets:/home/khaledob/bookros2_ws/install/controller_manager_msgs:/opt/ros/foxy LD_LIBRARY_PATH=/home/khaledob/bookros2_ws/install/controller_manager/lib:/home/khaledob/bookros2_ws/install/controller_interface/lib:/home/khaledob/bookros2_ws/install/hardware_interface/lib:/home/khaledob/bookros2_ws/install/controller_manager_msgs/lib:${LD_LIBRARY_PATH} PYTHONPATH=/home/khaledob/bookros2_ws/install/controller_manager/lib/python3.8/site-packages:/home/khaledob/bookros2_ws/install/controller_manager_msgs/lib/python3.8/site-packages:${PYTHONPATH} /usr/bin/cmake --build /home/khaledob/bookros2_ws/build/diff_drive_controller -- -j7 -l7
[7.372s] Level 1:colcon.colcon_core.environment:create_environment_scripts_only(transmission_interface)
[7.373s] Level 1:colcon.colcon_core.environment:checking '/home/khaledob/bookros2_ws/install/transmission_interface' for CMake module files
[7.374s] Level 1:colcon.colcon_core.environment:checking '/home/khaledob/bookros2_ws/install/transmission_interface' for CMake config files
[7.375s] Level 1:colcon.colcon_core.shell:create_environment_hook('transmission_interface', 'cmake_prefix_path')
[7.375s] INFO:colcon.colcon_core.shell:Creating environment hook '/home/khaledob/bookros2_ws/install/transmission_interface/share/transmission_interface/hook/cmake_prefix_path.ps1'
[7.379s] DEBUG:colcon.colcon_core.event_handler.log_command:Invoked command in '/home/khaledob/bookros2_ws/build/transmission_interface' returned '0': AMENT_PREFIX_PATH=/home/khaledob/bookros2_ws/install/hardware_interface:/home/khaledob/bookros2_ws/install/ros2_control_test_assets:${AMENT_PREFIX_PATH} CMAKE_PREFIX_PATH=/home/khaledob/bookros2_ws/install/hardware_interface:/home/khaledob/bookros2_ws/install/ros2_control_test_assets:/opt/ros/foxy LD_LIBRARY_PATH=/home/khaledob/bookros2_ws/install/hardware_interface/lib:${LD_LIBRARY_PATH} /usr/bin/cmake --install /home/khaledob/bookros2_ws/build/transmission_interface
[7.380s] INFO:colcon.colcon_core.shell:Creating environment descriptor '/home/khaledob/bookros2_ws/install/transmission_interface/share/transmission_interface/hook/cmake_prefix_path.dsv'
[7.381s] INFO:colcon.colcon_core.shell:Creating environment hook '/home/khaledob/bookros2_ws/install/transmission_interface/share/transmission_interface/hook/cmake_prefix_path.sh'
[7.384s] Level 1:colcon.colcon_core.environment:checking '/home/khaledob/bookros2_ws/install/transmission_interface/bin'
[7.385s] Level 1:colcon.colcon_core.environment:checking '/home/khaledob/bookros2_ws/install/transmission_interface/lib/pkgconfig/transmission_interface.pc'
[7.386s] Level 1:colcon.colcon_core.environment:checking '/home/khaledob/bookros2_ws/install/transmission_interface/lib/python3.8/site-packages'
[7.387s] Level 1:colcon.colcon_core.environment:checking '/home/khaledob/bookros2_ws/install/transmission_interface/bin'
[7.387s] INFO:colcon.colcon_core.shell:Creating package script '/home/khaledob/bookros2_ws/install/transmission_interface/share/transmission_interface/package.ps1'
[7.389s] INFO:colcon.colcon_core.shell:Creating package descriptor '/home/khaledob/bookros2_ws/install/transmission_interface/share/transmission_interface/package.dsv'
[7.402s] INFO:colcon.colcon_core.shell:Creating package script '/home/khaledob/bookros2_ws/install/transmission_interface/share/transmission_interface/package.sh'
[7.404s] INFO:colcon.colcon_core.shell:Creating package script '/home/khaledob/bookros2_ws/install/transmission_interface/share/transmission_interface/package.bash'
[7.407s] INFO:colcon.colcon_core.shell:Creating package script '/home/khaledob/bookros2_ws/install/transmission_interface/share/transmission_interface/package.zsh'
[7.409s] Level 1:colcon.colcon_core.environment:create_file_with_runtime_dependencies(/home/khaledob/bookros2_ws/install/transmission_interface/share/colcon-core/packages/transmission_interface)
[7.411s] Level 1:colcon.colcon_core.environment:create_environment_scripts_only(transmission_interface)
[7.411s] Level 1:colcon.colcon_core.environment:checking '/home/khaledob/bookros2_ws/install/transmission_interface' for CMake module files
[7.411s] Level 1:colcon.colcon_core.environment:checking '/home/khaledob/bookros2_ws/install/transmission_interface' for CMake config files
[7.412s] Level 1:colcon.colcon_core.shell:create_environment_hook('transmission_interface', 'cmake_prefix_path')
[7.412s] INFO:colcon.colcon_core.shell:Creating environment hook '/home/khaledob/bookros2_ws/install/transmission_interface/share/transmission_interface/hook/cmake_prefix_path.ps1'
[7.421s] INFO:colcon.colcon_core.shell:Creating environment descriptor '/home/khaledob/bookros2_ws/install/transmission_interface/share/transmission_interface/hook/cmake_prefix_path.dsv'
[7.422s] INFO:colcon.colcon_core.shell:Creating environment hook '/home/khaledob/bookros2_ws/install/transmission_interface/share/transmission_interface/hook/cmake_prefix_path.sh'
[7.428s] Level 1:colcon.colcon_core.environment:checking '/home/khaledob/bookros2_ws/install/transmission_interface/bin'
[7.428s] Level 1:colcon.colcon_core.environment:checking '/home/khaledob/bookros2_ws/install/transmission_interface/lib/pkgconfig/transmission_interface.pc'
[7.429s] Level 1:colcon.colcon_core.environment:checking '/home/khaledob/bookros2_ws/install/transmission_interface/lib/python3.8/site-packages'
[7.429s] Level 1:colcon.colcon_core.environment:checking '/home/khaledob/bookros2_ws/install/transmission_interface/bin'
[7.429s] INFO:colcon.colcon_core.shell:Creating package script '/home/khaledob/bookros2_ws/install/transmission_interface/share/transmission_interface/package.ps1'
[7.433s] INFO:colcon.colcon_core.shell:Creating package descriptor '/home/khaledob/bookros2_ws/install/transmission_interface/share/transmission_interface/package.dsv'
[7.436s] INFO:colcon.colcon_core.shell:Creating package script '/home/khaledob/bookros2_ws/install/transmission_interface/share/transmission_interface/package.sh'
[7.440s] INFO:colcon.colcon_core.shell:Creating package script '/home/khaledob/bookros2_ws/install/transmission_interface/share/transmission_interface/package.bash'
[7.445s] INFO:colcon.colcon_core.shell:Creating package script '/home/khaledob/bookros2_ws/install/transmission_interface/share/transmission_interface/package.zsh'
[7.447s] Level 1:colcon.colcon_core.environment:create_file_with_runtime_dependencies(/home/khaledob/bookros2_ws/install/transmission_interface/share/colcon-core/packages/transmission_interface)
[7.470s] DEBUG:colcon.colcon_core.event_handler.log_command:Invoking command in '/home/khaledob/bookros2_ws/build/imu_sensor_broadcaster': AMENT_PREFIX_PATH=/home/khaledob/bookros2_ws/install/controller_manager:/home/khaledob/bookros2_ws/install/controller_interface:/home/khaledob/bookros2_ws/install/hardware_interface:/home/khaledob/bookros2_ws/install/ros2_control_test_assets:/home/khaledob/bookros2_ws/install/controller_manager_msgs:${AMENT_PREFIX_PATH} CMAKE_PREFIX_PATH=/home/khaledob/bookros2_ws/install/controller_manager:/home/khaledob/bookros2_ws/install/controller_interface:/home/khaledob/bookros2_ws/install/hardware_interface:/home/khaledob/bookros2_ws/install/ros2_control_test_assets:/home/khaledob/bookros2_ws/install/controller_manager_msgs:/opt/ros/foxy LD_LIBRARY_PATH=/home/khaledob/bookros2_ws/install/controller_manager/lib:/home/khaledob/bookros2_ws/install/controller_interface/lib:/home/khaledob/bookros2_ws/install/hardware_interface/lib:/home/khaledob/bookros2_ws/install/controller_manager_msgs/lib:${LD_LIBRARY_PATH} PYTHONPATH=/home/khaledob/bookros2_ws/install/controller_manager/lib/python3.8/site-packages:/home/khaledob/bookros2_ws/install/controller_manager_msgs/lib/python3.8/site-packages:${PYTHONPATH} /usr/bin/cmake --build /home/khaledob/bookros2_ws/build/imu_sensor_broadcaster -- -j7 -l7
[7.491s] INFO:colcon.colcon_ros.task.ament_cmake.build:Building ROS package in '/home/khaledob/bookros2_ws/src/ThirdParty/ros2_controllers/force_torque_sensor_broadcaster' with build type 'ament_cmake'
[7.492s] INFO:colcon.colcon_cmake.task.cmake.build:Building CMake package in '/home/khaledob/bookros2_ws/src/ThirdParty/ros2_controllers/force_torque_sensor_broadcaster'
[7.503s] INFO:colcon.colcon_core.shell:Skip shell extension 'powershell' for command environment: Not usable outside of PowerShell
[7.508s] DEBUG:colcon.colcon_core.shell:Skip shell extension 'dsv' for command environment
[7.554s] DEBUG:colcon.colcon_core.event_handler.log_command:Invoked command in '/home/khaledob/bookros2_ws/build/forward_command_controller' returned '0': AMENT_PREFIX_PATH=/home/khaledob/bookros2_ws/install/controller_manager:/home/khaledob/bookros2_ws/install/controller_interface:/home/khaledob/bookros2_ws/install/hardware_interface:/home/khaledob/bookros2_ws/install/ros2_control_test_assets:/home/khaledob/bookros2_ws/install/controller_manager_msgs:${AMENT_PREFIX_PATH} CMAKE_PREFIX_PATH=/home/khaledob/bookros2_ws/install/controller_manager:/home/khaledob/bookros2_ws/install/controller_interface:/home/khaledob/bookros2_ws/install/hardware_interface:/home/khaledob/bookros2_ws/install/ros2_control_test_assets:/home/khaledob/bookros2_ws/install/controller_manager_msgs:/opt/ros/foxy LD_LIBRARY_PATH=/home/khaledob/bookros2_ws/install/controller_manager/lib:/home/khaledob/bookros2_ws/install/controller_interface/lib:/home/khaledob/bookros2_ws/install/hardware_interface/lib:/home/khaledob/bookros2_ws/install/controller_manager_msgs/lib:${LD_LIBRARY_PATH} PYTHONPATH=/home/khaledob/bookros2_ws/install/controller_manager/lib/python3.8/site-packages:/home/khaledob/bookros2_ws/install/controller_manager_msgs/lib/python3.8/site-packages:${PYTHONPATH} /usr/bin/cmake --build /home/khaledob/bookros2_ws/build/forward_command_controller -- -j7 -l7
[7.556s] DEBUG:colcon.colcon_core.event_handler.log_command:Invoking command in '/home/khaledob/bookros2_ws/build/forward_command_controller': AMENT_PREFIX_PATH=/home/khaledob/bookros2_ws/install/controller_manager:/home/khaledob/bookros2_ws/install/controller_interface:/home/khaledob/bookros2_ws/install/hardware_interface:/home/khaledob/bookros2_ws/install/ros2_control_test_assets:/home/khaledob/bookros2_ws/install/controller_manager_msgs:${AMENT_PREFIX_PATH} CMAKE_PREFIX_PATH=/home/khaledob/bookros2_ws/install/controller_manager:/home/khaledob/bookros2_ws/install/controller_interface:/home/khaledob/bookros2_ws/install/hardware_interface:/home/khaledob/bookros2_ws/install/ros2_control_test_assets:/home/khaledob/bookros2_ws/install/controller_manager_msgs:/opt/ros/foxy LD_LIBRARY_PATH=/home/khaledob/bookros2_ws/install/controller_manager/lib:/home/khaledob/bookros2_ws/install/controller_interface/lib:/home/khaledob/bookros2_ws/install/hardware_interface/lib:/home/khaledob/bookros2_ws/install/controller_manager_msgs/lib:${LD_LIBRARY_PATH} PYTHONPATH=/home/khaledob/bookros2_ws/install/controller_manager/lib/python3.8/site-packages:/home/khaledob/bookros2_ws/install/controller_manager_msgs/lib/python3.8/site-packages:${PYTHONPATH} /usr/bin/cmake --install /home/khaledob/bookros2_ws/build/forward_command_controller
[7.605s] DEBUG:colcon.colcon_core.event_handler.log_command:Invoking command in '/home/khaledob/bookros2_ws/build/joint_trajectory_controller': AMENT_PREFIX_PATH=/home/khaledob/bookros2_ws/install/controller_manager:/home/khaledob/bookros2_ws/install/controller_interface:/home/khaledob/bookros2_ws/install/hardware_interface:/home/khaledob/bookros2_ws/install/ros2_control_test_assets:/home/khaledob/bookros2_ws/install/controller_manager_msgs:${AMENT_PREFIX_PATH} CMAKE_PREFIX_PATH=/home/khaledob/bookros2_ws/install/controller_manager:/home/khaledob/bookros2_ws/install/controller_interface:/home/khaledob/bookros2_ws/install/hardware_interface:/home/khaledob/bookros2_ws/install/ros2_control_test_assets:/home/khaledob/bookros2_ws/install/controller_manager_msgs:/opt/ros/foxy LD_LIBRARY_PATH=/home/khaledob/bookros2_ws/install/controller_manager/lib:/home/khaledob/bookros2_ws/install/controller_interface/lib:/home/khaledob/bookros2_ws/install/hardware_interface/lib:/home/khaledob/bookros2_ws/install/controller_manager_msgs/lib:${LD_LIBRARY_PATH} PYTHONPATH=/home/khaledob/bookros2_ws/install/controller_manager/lib/python3.8/site-packages:/home/khaledob/bookros2_ws/install/controller_manager_msgs/lib/python3.8/site-packages:${PYTHONPATH} /usr/bin/cmake --build /home/khaledob/bookros2_ws/build/joint_trajectory_controller -- -j7 -l7
[7.663s] DEBUG:colcon.colcon_core.event_handler.log_command:Invoked command in '/home/khaledob/bookros2_ws/build/joint_state_broadcaster' returned '0': AMENT_PREFIX_PATH=/home/khaledob/bookros2_ws/install/controller_manager:/home/khaledob/bookros2_ws/install/controller_interface:/home/khaledob/bookros2_ws/install/hardware_interface:/home/khaledob/bookros2_ws/install/ros2_control_test_assets:/home/khaledob/bookros2_ws/install/controller_manager_msgs:${AMENT_PREFIX_PATH} CMAKE_PREFIX_PATH=/home/khaledob/bookros2_ws/install/controller_manager:/home/khaledob/bookros2_ws/install/controller_interface:/home/khaledob/bookros2_ws/install/hardware_interface:/home/khaledob/bookros2_ws/install/ros2_control_test_assets:/home/khaledob/bookros2_ws/install/controller_manager_msgs:/opt/ros/foxy LD_LIBRARY_PATH=/home/khaledob/bookros2_ws/install/controller_manager/lib:/home/khaledob/bookros2_ws/install/controller_interface/lib:/home/khaledob/bookros2_ws/install/hardware_interface/lib:/home/khaledob/bookros2_ws/install/controller_manager_msgs/lib:${LD_LIBRARY_PATH} PYTHONPATH=/home/khaledob/bookros2_ws/install/controller_manager/lib/python3.8/site-packages:/home/khaledob/bookros2_ws/install/controller_manager_msgs/lib/python3.8/site-packages:${PYTHONPATH} /usr/bin/cmake --build /home/khaledob/bookros2_ws/build/joint_state_broadcaster -- -j7 -l7
[7.677s] DEBUG:colcon.colcon_core.event_handler.log_command:Invoking command in '/home/khaledob/bookros2_ws/build/joint_state_broadcaster': AMENT_PREFIX_PATH=/home/khaledob/bookros2_ws/install/controller_manager:/home/khaledob/bookros2_ws/install/controller_interface:/home/khaledob/bookros2_ws/install/hardware_interface:/home/khaledob/bookros2_ws/install/ros2_control_test_assets:/home/khaledob/bookros2_ws/install/controller_manager_msgs:${AMENT_PREFIX_PATH} CMAKE_PREFIX_PATH=/home/khaledob/bookros2_ws/install/controller_manager:/home/khaledob/bookros2_ws/install/controller_interface:/home/khaledob/bookros2_ws/install/hardware_interface:/home/khaledob/bookros2_ws/install/ros2_control_test_assets:/home/khaledob/bookros2_ws/install/controller_manager_msgs:/opt/ros/foxy LD_LIBRARY_PATH=/home/khaledob/bookros2_ws/install/controller_manager/lib:/home/khaledob/bookros2_ws/install/controller_interface/lib:/home/khaledob/bookros2_ws/install/hardware_interface/lib:/home/khaledob/bookros2_ws/install/controller_manager_msgs/lib:${LD_LIBRARY_PATH} PYTHONPATH=/home/khaledob/bookros2_ws/install/controller_manager/lib/python3.8/site-packages:/home/khaledob/bookros2_ws/install/controller_manager_msgs/lib/python3.8/site-packages:${PYTHONPATH} /usr/bin/cmake --install /home/khaledob/bookros2_ws/build/joint_state_broadcaster
[7.716s] DEBUG:colcon.colcon_core.event_handler.log_command:Invoking command in '/home/khaledob/bookros2_ws/build/force_torque_sensor_broadcaster': AMENT_PREFIX_PATH=/home/khaledob/bookros2_ws/install/controller_manager:/home/khaledob/bookros2_ws/install/controller_interface:/home/khaledob/bookros2_ws/install/hardware_interface:/home/khaledob/bookros2_ws/install/ros2_control_test_assets:/home/khaledob/bookros2_ws/install/controller_manager_msgs:${AMENT_PREFIX_PATH} CMAKE_PREFIX_PATH=/home/khaledob/bookros2_ws/install/controller_manager:/home/khaledob/bookros2_ws/install/controller_interface:/home/khaledob/bookros2_ws/install/hardware_interface:/home/khaledob/bookros2_ws/install/ros2_control_test_assets:/home/khaledob/bookros2_ws/install/controller_manager_msgs:/opt/ros/foxy LD_LIBRARY_PATH=/home/khaledob/bookros2_ws/install/controller_manager/lib:/home/khaledob/bookros2_ws/install/controller_interface/lib:/home/khaledob/bookros2_ws/install/hardware_interface/lib:/home/khaledob/bookros2_ws/install/controller_manager_msgs/lib:${LD_LIBRARY_PATH} PYTHONPATH=/home/khaledob/bookros2_ws/install/controller_manager/lib/python3.8/site-packages:/home/khaledob/bookros2_ws/install/controller_manager_msgs/lib/python3.8/site-packages:${PYTHONPATH} /usr/bin/cmake --build /home/khaledob/bookros2_ws/build/force_torque_sensor_broadcaster -- -j7 -l7
[7.752s] Level 1:colcon.colcon_core.environment:create_environment_scripts_only(forward_command_controller)
[7.752s] Level 1:colcon.colcon_core.environment:checking '/home/khaledob/bookros2_ws/install/forward_command_controller' for CMake module files
[7.753s] Level 1:colcon.colcon_core.environment:checking '/home/khaledob/bookros2_ws/install/forward_command_controller' for CMake config files
[7.754s] Level 1:colcon.colcon_core.shell:create_environment_hook('forward_command_controller', 'cmake_prefix_path')
[7.754s] INFO:colcon.colcon_core.shell:Creating environment hook '/home/khaledob/bookros2_ws/install/forward_command_controller/share/forward_command_controller/hook/cmake_prefix_path.ps1'
[7.755s] INFO:colcon.colcon_core.shell:Creating environment descriptor '/home/khaledob/bookros2_ws/install/forward_command_controller/share/forward_command_controller/hook/cmake_prefix_path.dsv'
[7.760s] DEBUG:colcon.colcon_core.event_handler.log_command:Invoked command in '/home/khaledob/bookros2_ws/build/forward_command_controller' returned '0': AMENT_PREFIX_PATH=/home/khaledob/bookros2_ws/install/controller_manager:/home/khaledob/bookros2_ws/install/controller_interface:/home/khaledob/bookros2_ws/install/hardware_interface:/home/khaledob/bookros2_ws/install/ros2_control_test_assets:/home/khaledob/bookros2_ws/install/controller_manager_msgs:${AMENT_PREFIX_PATH} CMAKE_PREFIX_PATH=/home/khaledob/bookros2_ws/install/controller_manager:/home/khaledob/bookros2_ws/install/controller_interface:/home/khaledob/bookros2_ws/install/hardware_interface:/home/khaledob/bookros2_ws/install/ros2_control_test_assets:/home/khaledob/bookros2_ws/install/controller_manager_msgs:/opt/ros/foxy LD_LIBRARY_PATH=/home/khaledob/bookros2_ws/install/controller_manager/lib:/home/khaledob/bookros2_ws/install/controller_interface/lib:/home/khaledob/bookros2_ws/install/hardware_interface/lib:/home/khaledob/bookros2_ws/install/controller_manager_msgs/lib:${LD_LIBRARY_PATH} PYTHONPATH=/home/khaledob/bookros2_ws/install/controller_manager/lib/python3.8/site-packages:/home/khaledob/bookros2_ws/install/controller_manager_msgs/lib/python3.8/site-packages:${PYTHONPATH} /usr/bin/cmake --install /home/khaledob/bookros2_ws/build/forward_command_controller
[7.760s] INFO:colcon.colcon_core.shell:Creating environment hook '/home/khaledob/bookros2_ws/install/forward_command_controller/share/forward_command_controller/hook/cmake_prefix_path.sh'
[7.763s] Level 1:colcon.colcon_core.environment:checking '/home/khaledob/bookros2_ws/install/forward_command_controller/lib'
[7.763s] Level 1:colcon.colcon_core.shell:create_environment_hook('forward_command_controller', 'ld_library_path_lib')
[7.763s] INFO:colcon.colcon_core.shell:Creating environment hook '/home/khaledob/bookros2_ws/install/forward_command_controller/share/forward_command_controller/hook/ld_library_path_lib.ps1'
[7.766s] INFO:colcon.colcon_core.shell:Creating environment descriptor '/home/khaledob/bookros2_ws/install/forward_command_controller/share/forward_command_controller/hook/ld_library_path_lib.dsv'
[7.779s] INFO:colcon.colcon_core.shell:Creating environment hook '/home/khaledob/bookros2_ws/install/forward_command_controller/share/forward_command_controller/hook/ld_library_path_lib.sh'
[7.780s] Level 1:colcon.colcon_core.environment:checking '/home/khaledob/bookros2_ws/install/forward_command_controller/bin'
[7.781s] Level 1:colcon.colcon_core.environment:checking '/home/khaledob/bookros2_ws/install/forward_command_controller/lib/pkgconfig/forward_command_controller.pc'
[7.782s] Level 1:colcon.colcon_core.environment:checking '/home/khaledob/bookros2_ws/install/forward_command_controller/lib/python3.8/site-packages'
[7.783s] Level 1:colcon.colcon_core.environment:checking '/home/khaledob/bookros2_ws/install/forward_command_controller/bin'
[7.784s] INFO:colcon.colcon_core.shell:Creating package script '/home/khaledob/bookros2_ws/install/forward_command_controller/share/forward_command_controller/package.ps1'
[7.785s] INFO:colcon.colcon_core.shell:Creating package descriptor '/home/khaledob/bookros2_ws/install/forward_command_controller/share/forward_command_controller/package.dsv'
[7.787s] INFO:colcon.colcon_core.shell:Creating package script '/home/khaledob/bookros2_ws/install/forward_command_controller/share/forward_command_controller/package.sh'
[7.789s] INFO:colcon.colcon_core.shell:Creating package script '/home/khaledob/bookros2_ws/install/forward_command_controller/share/forward_command_controller/package.bash'
[7.791s] INFO:colcon.colcon_core.shell:Creating package script '/home/khaledob/bookros2_ws/install/forward_command_controller/share/forward_command_controller/package.zsh'
[7.792s] Level 1:colcon.colcon_core.environment:create_file_with_runtime_dependencies(/home/khaledob/bookros2_ws/install/forward_command_controller/share/colcon-core/packages/forward_command_controller)
[7.795s] Level 1:colcon.colcon_core.environment:create_environment_scripts_only(forward_command_controller)
[7.796s] Level 1:colcon.colcon_core.environment:checking '/home/khaledob/bookros2_ws/install/forward_command_controller' for CMake module files
[7.797s] Level 1:colcon.colcon_core.environment:checking '/home/khaledob/bookros2_ws/install/forward_command_controller' for CMake config files
[7.797s] Level 1:colcon.colcon_core.shell:create_environment_hook('forward_command_controller', 'cmake_prefix_path')
[7.798s] INFO:colcon.colcon_core.shell:Creating environment hook '/home/khaledob/bookros2_ws/install/forward_command_controller/share/forward_command_controller/hook/cmake_prefix_path.ps1'
[7.800s] INFO:colcon.colcon_core.shell:Creating environment descriptor '/home/khaledob/bookros2_ws/install/forward_command_controller/share/forward_command_controller/hook/cmake_prefix_path.dsv'
[7.802s] INFO:colcon.colcon_core.shell:Creating environment hook '/home/khaledob/bookros2_ws/install/forward_command_controller/share/forward_command_controller/hook/cmake_prefix_path.sh'
[7.805s] Level 1:colcon.colcon_core.environment:checking '/home/khaledob/bookros2_ws/install/forward_command_controller/lib'
[7.805s] Level 1:colcon.colcon_core.shell:create_environment_hook('forward_command_controller', 'ld_library_path_lib')
[7.806s] INFO:colcon.colcon_core.shell:Creating environment hook '/home/khaledob/bookros2_ws/install/forward_command_controller/share/forward_command_controller/hook/ld_library_path_lib.ps1'
[7.810s] INFO:colcon.colcon_core.shell:Creating environment descriptor '/home/khaledob/bookros2_ws/install/forward_command_controller/share/forward_command_controller/hook/ld_library_path_lib.dsv'
[7.811s] INFO:colcon.colcon_core.shell:Creating environment hook '/home/khaledob/bookros2_ws/install/forward_command_controller/share/forward_command_controller/hook/ld_library_path_lib.sh'
[7.821s] Level 1:colcon.colcon_core.environment:checking '/home/khaledob/bookros2_ws/install/forward_command_controller/bin'
[7.821s] Level 1:colcon.colcon_core.environment:checking '/home/khaledob/bookros2_ws/install/forward_command_controller/lib/pkgconfig/forward_command_controller.pc'
[7.822s] Level 1:colcon.colcon_core.environment:checking '/home/khaledob/bookros2_ws/install/forward_command_controller/lib/python3.8/site-packages'
[7.823s] Level 1:colcon.colcon_core.environment:checking '/home/khaledob/bookros2_ws/install/forward_command_controller/bin'
[7.824s] INFO:colcon.colcon_core.shell:Creating package script '/home/khaledob/bookros2_ws/install/forward_command_controller/share/forward_command_controller/package.ps1'
[7.829s] INFO:colcon.colcon_core.shell:Creating package descriptor '/home/khaledob/bookros2_ws/install/forward_command_controller/share/forward_command_controller/package.dsv'
[7.831s] INFO:colcon.colcon_core.shell:Creating package script '/home/khaledob/bookros2_ws/install/forward_command_controller/share/forward_command_controller/package.sh'
[7.833s] INFO:colcon.colcon_core.shell:Creating package script '/home/khaledob/bookros2_ws/install/forward_command_controller/share/forward_command_controller/package.bash'
[7.835s] INFO:colcon.colcon_core.shell:Creating package script '/home/khaledob/bookros2_ws/install/forward_command_controller/share/forward_command_controller/package.zsh'
[7.837s] Level 1:colcon.colcon_core.environment:create_file_with_runtime_dependencies(/home/khaledob/bookros2_ws/install/forward_command_controller/share/colcon-core/packages/forward_command_controller)
[7.850s] INFO:colcon.colcon_ros.task.ament_cmake.build:Building ROS package in '/home/khaledob/bookros2_ws/src/ThirdParty/ros2_controllers/position_controllers' with build type 'ament_cmake'
[7.851s] INFO:colcon.colcon_cmake.task.cmake.build:Building CMake package in '/home/khaledob/bookros2_ws/src/ThirdParty/ros2_controllers/position_controllers'
[7.852s] INFO:colcon.colcon_core.shell:Skip shell extension 'powershell' for command environment: Not usable outside of PowerShell
[7.852s] DEBUG:colcon.colcon_core.shell:Skip shell extension 'dsv' for command environment
[7.899s] Level 1:colcon.colcon_core.environment:create_environment_scripts_only(joint_state_broadcaster)
[7.900s] Level 1:colcon.colcon_core.environment:checking '/home/khaledob/bookros2_ws/install/joint_state_broadcaster' for CMake module files
[7.901s] Level 1:colcon.colcon_core.environment:checking '/home/khaledob/bookros2_ws/install/joint_state_broadcaster' for CMake config files
[7.902s] Level 1:colcon.colcon_core.shell:create_environment_hook('joint_state_broadcaster', 'cmake_prefix_path')
[7.902s] INFO:colcon.colcon_core.shell:Creating environment hook '/home/khaledob/bookros2_ws/install/joint_state_broadcaster/share/joint_state_broadcaster/hook/cmake_prefix_path.ps1'
[7.904s] INFO:colcon.colcon_core.shell:Creating environment descriptor '/home/khaledob/bookros2_ws/install/joint_state_broadcaster/share/joint_state_broadcaster/hook/cmake_prefix_path.dsv'
[7.906s] INFO:colcon.colcon_core.shell:Creating environment hook '/home/khaledob/bookros2_ws/install/joint_state_broadcaster/share/joint_state_broadcaster/hook/cmake_prefix_path.sh'
[7.908s] DEBUG:colcon.colcon_core.event_handler.log_command:Invoked command in '/home/khaledob/bookros2_ws/build/joint_state_broadcaster' returned '0': AMENT_PREFIX_PATH=/home/khaledob/bookros2_ws/install/controller_manager:/home/khaledob/bookros2_ws/install/controller_interface:/home/khaledob/bookros2_ws/install/hardware_interface:/home/khaledob/bookros2_ws/install/ros2_control_test_assets:/home/khaledob/bookros2_ws/install/controller_manager_msgs:${AMENT_PREFIX_PATH} CMAKE_PREFIX_PATH=/home/khaledob/bookros2_ws/install/controller_manager:/home/khaledob/bookros2_ws/install/controller_interface:/home/khaledob/bookros2_ws/install/hardware_interface:/home/khaledob/bookros2_ws/install/ros2_control_test_assets:/home/khaledob/bookros2_ws/install/controller_manager_msgs:/opt/ros/foxy LD_LIBRARY_PATH=/home/khaledob/bookros2_ws/install/controller_manager/lib:/home/khaledob/bookros2_ws/install/controller_interface/lib:/home/khaledob/bookros2_ws/install/hardware_interface/lib:/home/khaledob/bookros2_ws/install/controller_manager_msgs/lib:${LD_LIBRARY_PATH} PYTHONPATH=/home/khaledob/bookros2_ws/install/controller_manager/lib/python3.8/site-packages:/home/khaledob/bookros2_ws/install/controller_manager_msgs/lib/python3.8/site-packages:${PYTHONPATH} /usr/bin/cmake --install /home/khaledob/bookros2_ws/build/joint_state_broadcaster
[7.933s] Level 1:colcon.colcon_core.environment:checking '/home/khaledob/bookros2_ws/install/joint_state_broadcaster/lib'
[7.933s] Level 1:colcon.colcon_core.shell:create_environment_hook('joint_state_broadcaster', 'ld_library_path_lib')
[7.934s] INFO:colcon.colcon_core.shell:Creating environment hook '/home/khaledob/bookros2_ws/install/joint_state_broadcaster/share/joint_state_broadcaster/hook/ld_library_path_lib.ps1'
[7.936s] INFO:colcon.colcon_core.shell:Creating environment descriptor '/home/khaledob/bookros2_ws/install/joint_state_broadcaster/share/joint_state_broadcaster/hook/ld_library_path_lib.dsv'
[7.939s] INFO:colcon.colcon_core.shell:Creating environment hook '/home/khaledob/bookros2_ws/install/joint_state_broadcaster/share/joint_state_broadcaster/hook/ld_library_path_lib.sh'
[7.948s] Level 1:colcon.colcon_core.environment:checking '/home/khaledob/bookros2_ws/install/joint_state_broadcaster/bin'
[7.948s] Level 1:colcon.colcon_core.environment:checking '/home/khaledob/bookros2_ws/install/joint_state_broadcaster/lib/pkgconfig/joint_state_broadcaster.pc'
[7.949s] Level 1:colcon.colcon_core.environment:checking '/home/khaledob/bookros2_ws/install/joint_state_broadcaster/lib/python3.8/site-packages'
[7.949s] Level 1:colcon.colcon_core.environment:checking '/home/khaledob/bookros2_ws/install/joint_state_broadcaster/bin'
[7.949s] INFO:colcon.colcon_core.shell:Creating package script '/home/khaledob/bookros2_ws/install/joint_state_broadcaster/share/joint_state_broadcaster/package.ps1'
[7.961s] INFO:colcon.colcon_core.shell:Creating package descriptor '/home/khaledob/bookros2_ws/install/joint_state_broadcaster/share/joint_state_broadcaster/package.dsv'
[7.962s] INFO:colcon.colcon_core.shell:Creating package script '/home/khaledob/bookros2_ws/install/joint_state_broadcaster/share/joint_state_broadcaster/package.sh'
[7.992s] INFO:colcon.colcon_core.shell:Creating package script '/home/khaledob/bookros2_ws/install/joint_state_broadcaster/share/joint_state_broadcaster/package.bash'
[7.996s] INFO:colcon.colcon_core.shell:Creating package script '/home/khaledob/bookros2_ws/install/joint_state_broadcaster/share/joint_state_broadcaster/package.zsh'
[7.998s] Level 1:colcon.colcon_core.environment:create_file_with_runtime_dependencies(/home/khaledob/bookros2_ws/install/joint_state_broadcaster/share/colcon-core/packages/joint_state_broadcaster)
[8.001s] Level 1:colcon.colcon_core.environment:create_environment_scripts_only(joint_state_broadcaster)
[8.001s] Level 1:colcon.colcon_core.environment:checking '/home/khaledob/bookros2_ws/install/joint_state_broadcaster' for CMake module files
[8.002s] Level 1:colcon.colcon_core.environment:checking '/home/khaledob/bookros2_ws/install/joint_state_broadcaster' for CMake config files
[8.026s] Level 1:colcon.colcon_core.shell:create_environment_hook('joint_state_broadcaster', 'cmake_prefix_path')
[8.026s] INFO:colcon.colcon_core.shell:Creating environment hook '/home/khaledob/bookros2_ws/install/joint_state_broadcaster/share/joint_state_broadcaster/hook/cmake_prefix_path.ps1'
[8.028s] INFO:colcon.colcon_core.shell:Creating environment descriptor '/home/khaledob/bookros2_ws/install/joint_state_broadcaster/share/joint_state_broadcaster/hook/cmake_prefix_path.dsv'
[8.029s] INFO:colcon.colcon_core.shell:Creating environment hook '/home/khaledob/bookros2_ws/install/joint_state_broadcaster/share/joint_state_broadcaster/hook/cmake_prefix_path.sh'
[8.070s] Level 1:colcon.colcon_core.environment:checking '/home/khaledob/bookros2_ws/install/joint_state_broadcaster/lib'
[8.070s] Level 1:colcon.colcon_core.shell:create_environment_hook('joint_state_broadcaster', 'ld_library_path_lib')
[8.070s] INFO:colcon.colcon_core.shell:Creating environment hook '/home/khaledob/bookros2_ws/install/joint_state_broadcaster/share/joint_state_broadcaster/hook/ld_library_path_lib.ps1'
[8.071s] INFO:colcon.colcon_core.shell:Creating environment descriptor '/home/khaledob/bookros2_ws/install/joint_state_broadcaster/share/joint_state_broadcaster/hook/ld_library_path_lib.dsv'
[8.072s] INFO:colcon.colcon_core.shell:Creating environment hook '/home/khaledob/bookros2_ws/install/joint_state_broadcaster/share/joint_state_broadcaster/hook/ld_library_path_lib.sh'
[8.080s] Level 1:colcon.colcon_core.environment:checking '/home/khaledob/bookros2_ws/install/joint_state_broadcaster/bin'
[8.080s] Level 1:colcon.colcon_core.environment:checking '/home/khaledob/bookros2_ws/install/joint_state_broadcaster/lib/pkgconfig/joint_state_broadcaster.pc'
[8.080s] Level 1:colcon.colcon_core.environment:checking '/home/khaledob/bookros2_ws/install/joint_state_broadcaster/lib/python3.8/site-packages'
[8.081s] Level 1:colcon.colcon_core.environment:checking '/home/khaledob/bookros2_ws/install/joint_state_broadcaster/bin'
[8.081s] INFO:colcon.colcon_core.shell:Creating package script '/home/khaledob/bookros2_ws/install/joint_state_broadcaster/share/joint_state_broadcaster/package.ps1'
[8.083s] INFO:colcon.colcon_core.shell:Creating package descriptor '/home/khaledob/bookros2_ws/install/joint_state_broadcaster/share/joint_state_broadcaster/package.dsv'
[8.086s] INFO:colcon.colcon_core.shell:Creating package script '/home/khaledob/bookros2_ws/install/joint_state_broadcaster/share/joint_state_broadcaster/package.sh'
[8.088s] INFO:colcon.colcon_core.shell:Creating package script '/home/khaledob/bookros2_ws/install/joint_state_broadcaster/share/joint_state_broadcaster/package.bash'
[8.090s] INFO:colcon.colcon_core.shell:Creating package script '/home/khaledob/bookros2_ws/install/joint_state_broadcaster/share/joint_state_broadcaster/package.zsh'
[8.091s] Level 1:colcon.colcon_core.environment:create_file_with_runtime_dependencies(/home/khaledob/bookros2_ws/install/joint_state_broadcaster/share/colcon-core/packages/joint_state_broadcaster)
[8.104s] INFO:colcon.colcon_ros.task.ament_cmake.build:Building ROS package in '/home/khaledob/bookros2_ws/src/ThirdParty/ros2_controllers/joint_state_controller' with build type 'ament_cmake'
[8.106s] INFO:colcon.colcon_cmake.task.cmake.build:Building CMake package in '/home/khaledob/bookros2_ws/src/ThirdParty/ros2_controllers/joint_state_controller'
[8.108s] INFO:colcon.colcon_core.shell:Skip shell extension 'powershell' for command environment: Not usable outside of PowerShell
[8.108s] DEBUG:colcon.colcon_core.shell:Skip shell extension 'dsv' for command environment
[8.149s] DEBUG:colcon.colcon_core.event_handler.log_command:Invoked command in '/home/khaledob/bookros2_ws/build/imu_sensor_broadcaster' returned '0': AMENT_PREFIX_PATH=/home/khaledob/bookros2_ws/install/controller_manager:/home/khaledob/bookros2_ws/install/controller_interface:/home/khaledob/bookros2_ws/install/hardware_interface:/home/khaledob/bookros2_ws/install/ros2_control_test_assets:/home/khaledob/bookros2_ws/install/controller_manager_msgs:${AMENT_PREFIX_PATH} CMAKE_PREFIX_PATH=/home/khaledob/bookros2_ws/install/controller_manager:/home/khaledob/bookros2_ws/install/controller_interface:/home/khaledob/bookros2_ws/install/hardware_interface:/home/khaledob/bookros2_ws/install/ros2_control_test_assets:/home/khaledob/bookros2_ws/install/controller_manager_msgs:/opt/ros/foxy LD_LIBRARY_PATH=/home/khaledob/bookros2_ws/install/controller_manager/lib:/home/khaledob/bookros2_ws/install/controller_interface/lib:/home/khaledob/bookros2_ws/install/hardware_interface/lib:/home/khaledob/bookros2_ws/install/controller_manager_msgs/lib:${LD_LIBRARY_PATH} PYTHONPATH=/home/khaledob/bookros2_ws/install/controller_manager/lib/python3.8/site-packages:/home/khaledob/bookros2_ws/install/controller_manager_msgs/lib/python3.8/site-packages:${PYTHONPATH} /usr/bin/cmake --build /home/khaledob/bookros2_ws/build/imu_sensor_broadcaster -- -j7 -l7
[8.151s] DEBUG:colcon.colcon_core.event_handler.log_command:Invoking command in '/home/khaledob/bookros2_ws/build/imu_sensor_broadcaster': AMENT_PREFIX_PATH=/home/khaledob/bookros2_ws/install/controller_manager:/home/khaledob/bookros2_ws/install/controller_interface:/home/khaledob/bookros2_ws/install/hardware_interface:/home/khaledob/bookros2_ws/install/ros2_control_test_assets:/home/khaledob/bookros2_ws/install/controller_manager_msgs:${AMENT_PREFIX_PATH} CMAKE_PREFIX_PATH=/home/khaledob/bookros2_ws/install/controller_manager:/home/khaledob/bookros2_ws/install/controller_interface:/home/khaledob/bookros2_ws/install/hardware_interface:/home/khaledob/bookros2_ws/install/ros2_control_test_assets:/home/khaledob/bookros2_ws/install/controller_manager_msgs:/opt/ros/foxy LD_LIBRARY_PATH=/home/khaledob/bookros2_ws/install/controller_manager/lib:/home/khaledob/bookros2_ws/install/controller_interface/lib:/home/khaledob/bookros2_ws/install/hardware_interface/lib:/home/khaledob/bookros2_ws/install/controller_manager_msgs/lib:${LD_LIBRARY_PATH} PYTHONPATH=/home/khaledob/bookros2_ws/install/controller_manager/lib/python3.8/site-packages:/home/khaledob/bookros2_ws/install/controller_manager_msgs/lib/python3.8/site-packages:${PYTHONPATH} /usr/bin/cmake --install /home/khaledob/bookros2_ws/build/imu_sensor_broadcaster
[8.190s] DEBUG:colcon.colcon_core.event_handler.log_command:Invoked command in '/home/khaledob/bookros2_ws/build/diff_drive_controller' returned '0': AMENT_PREFIX_PATH=/home/khaledob/bookros2_ws/install/controller_manager:/home/khaledob/bookros2_ws/install/controller_interface:/home/khaledob/bookros2_ws/install/hardware_interface:/home/khaledob/bookros2_ws/install/ros2_control_test_assets:/home/khaledob/bookros2_ws/install/controller_manager_msgs:${AMENT_PREFIX_PATH} CMAKE_PREFIX_PATH=/home/khaledob/bookros2_ws/install/controller_manager:/home/khaledob/bookros2_ws/install/controller_interface:/home/khaledob/bookros2_ws/install/hardware_interface:/home/khaledob/bookros2_ws/install/ros2_control_test_assets:/home/khaledob/bookros2_ws/install/controller_manager_msgs:/opt/ros/foxy LD_LIBRARY_PATH=/home/khaledob/bookros2_ws/install/controller_manager/lib:/home/khaledob/bookros2_ws/install/controller_interface/lib:/home/khaledob/bookros2_ws/install/hardware_interface/lib:/home/khaledob/bookros2_ws/install/controller_manager_msgs/lib:${LD_LIBRARY_PATH} PYTHONPATH=/home/khaledob/bookros2_ws/install/controller_manager/lib/python3.8/site-packages:/home/khaledob/bookros2_ws/install/controller_manager_msgs/lib/python3.8/site-packages:${PYTHONPATH} /usr/bin/cmake --build /home/khaledob/bookros2_ws/build/diff_drive_controller -- -j7 -l7
[8.192s] DEBUG:colcon.colcon_core.event_handler.log_command:Invoking command in '/home/khaledob/bookros2_ws/build/diff_drive_controller': AMENT_PREFIX_PATH=/home/khaledob/bookros2_ws/install/controller_manager:/home/khaledob/bookros2_ws/install/controller_interface:/home/khaledob/bookros2_ws/install/hardware_interface:/home/khaledob/bookros2_ws/install/ros2_control_test_assets:/home/khaledob/bookros2_ws/install/controller_manager_msgs:${AMENT_PREFIX_PATH} CMAKE_PREFIX_PATH=/home/khaledob/bookros2_ws/install/controller_manager:/home/khaledob/bookros2_ws/install/controller_interface:/home/khaledob/bookros2_ws/install/hardware_interface:/home/khaledob/bookros2_ws/install/ros2_control_test_assets:/home/khaledob/bookros2_ws/install/controller_manager_msgs:/opt/ros/foxy LD_LIBRARY_PATH=/home/khaledob/bookros2_ws/install/controller_manager/lib:/home/khaledob/bookros2_ws/install/controller_interface/lib:/home/khaledob/bookros2_ws/install/hardware_interface/lib:/home/khaledob/bookros2_ws/install/controller_manager_msgs/lib:${LD_LIBRARY_PATH} PYTHONPATH=/home/khaledob/bookros2_ws/install/controller_manager/lib/python3.8/site-packages:/home/khaledob/bookros2_ws/install/controller_manager_msgs/lib/python3.8/site-packages:${PYTHONPATH} /usr/bin/cmake --install /home/khaledob/bookros2_ws/build/diff_drive_controller
[8.257s] DEBUG:colcon.colcon_core.event_handler.log_command:Invoking command in '/home/khaledob/bookros2_ws/build/position_controllers': AMENT_PREFIX_PATH=/home/khaledob/bookros2_ws/install/forward_command_controller:/home/khaledob/bookros2_ws/install/controller_manager:/home/khaledob/bookros2_ws/install/controller_interface:/home/khaledob/bookros2_ws/install/hardware_interface:/home/khaledob/bookros2_ws/install/ros2_control_test_assets:/home/khaledob/bookros2_ws/install/controller_manager_msgs:${AMENT_PREFIX_PATH} CMAKE_PREFIX_PATH=/home/khaledob/bookros2_ws/install/forward_command_controller:/home/khaledob/bookros2_ws/install/controller_manager:/home/khaledob/bookros2_ws/install/controller_interface:/home/khaledob/bookros2_ws/install/hardware_interface:/home/khaledob/bookros2_ws/install/ros2_control_test_assets:/home/khaledob/bookros2_ws/install/controller_manager_msgs:/opt/ros/foxy LD_LIBRARY_PATH=/home/khaledob/bookros2_ws/install/forward_command_controller/lib:/home/khaledob/bookros2_ws/install/controller_manager/lib:/home/khaledob/bookros2_ws/install/controller_interface/lib:/home/khaledob/bookros2_ws/install/hardware_interface/lib:/home/khaledob/bookros2_ws/install/controller_manager_msgs/lib:${LD_LIBRARY_PATH} PYTHONPATH=/home/khaledob/bookros2_ws/install/controller_manager/lib/python3.8/site-packages:/home/khaledob/bookros2_ws/install/controller_manager_msgs/lib/python3.8/site-packages:${PYTHONPATH} /usr/bin/cmake --build /home/khaledob/bookros2_ws/build/position_controllers -- -j7 -l7
[8.359s] DEBUG:colcon.colcon_core.event_handler.log_command:Invoked command in '/home/khaledob/bookros2_ws/build/joint_trajectory_controller' returned '0': AMENT_PREFIX_PATH=/home/khaledob/bookros2_ws/install/controller_manager:/home/khaledob/bookros2_ws/install/controller_interface:/home/khaledob/bookros2_ws/install/hardware_interface:/home/khaledob/bookros2_ws/install/ros2_control_test_assets:/home/khaledob/bookros2_ws/install/controller_manager_msgs:${AMENT_PREFIX_PATH} CMAKE_PREFIX_PATH=/home/khaledob/bookros2_ws/install/controller_manager:/home/khaledob/bookros2_ws/install/controller_interface:/home/khaledob/bookros2_ws/install/hardware_interface:/home/khaledob/bookros2_ws/install/ros2_control_test_assets:/home/khaledob/bookros2_ws/install/controller_manager_msgs:/opt/ros/foxy LD_LIBRARY_PATH=/home/khaledob/bookros2_ws/install/controller_manager/lib:/home/khaledob/bookros2_ws/install/controller_interface/lib:/home/khaledob/bookros2_ws/install/hardware_interface/lib:/home/khaledob/bookros2_ws/install/controller_manager_msgs/lib:${LD_LIBRARY_PATH} PYTHONPATH=/home/khaledob/bookros2_ws/install/controller_manager/lib/python3.8/site-packages:/home/khaledob/bookros2_ws/install/controller_manager_msgs/lib/python3.8/site-packages:${PYTHONPATH} /usr/bin/cmake --build /home/khaledob/bookros2_ws/build/joint_trajectory_controller -- -j7 -l7
[8.360s] DEBUG:colcon.colcon_core.event_handler.log_command:Invoking command in '/home/khaledob/bookros2_ws/build/joint_trajectory_controller': AMENT_PREFIX_PATH=/home/khaledob/bookros2_ws/install/controller_manager:/home/khaledob/bookros2_ws/install/controller_interface:/home/khaledob/bookros2_ws/install/hardware_interface:/home/khaledob/bookros2_ws/install/ros2_control_test_assets:/home/khaledob/bookros2_ws/install/controller_manager_msgs:${AMENT_PREFIX_PATH} CMAKE_PREFIX_PATH=/home/khaledob/bookros2_ws/install/controller_manager:/home/khaledob/bookros2_ws/install/controller_interface:/home/khaledob/bookros2_ws/install/hardware_interface:/home/khaledob/bookros2_ws/install/ros2_control_test_assets:/home/khaledob/bookros2_ws/install/controller_manager_msgs:/opt/ros/foxy LD_LIBRARY_PATH=/home/khaledob/bookros2_ws/install/controller_manager/lib:/home/khaledob/bookros2_ws/install/controller_interface/lib:/home/khaledob/bookros2_ws/install/hardware_interface/lib:/home/khaledob/bookros2_ws/install/controller_manager_msgs/lib:${LD_LIBRARY_PATH} PYTHONPATH=/home/khaledob/bookros2_ws/install/controller_manager/lib/python3.8/site-packages:/home/khaledob/bookros2_ws/install/controller_manager_msgs/lib/python3.8/site-packages:${PYTHONPATH} /usr/bin/cmake --install /home/khaledob/bookros2_ws/build/joint_trajectory_controller
[8.405s] DEBUG:colcon.colcon_core.event_handler.log_command:Invoking command in '/home/khaledob/bookros2_ws/build/joint_state_controller': AMENT_PREFIX_PATH=/home/khaledob/bookros2_ws/install/joint_state_broadcaster:/home/khaledob/bookros2_ws/install/controller_manager:/home/khaledob/bookros2_ws/install/controller_interface:/home/khaledob/bookros2_ws/install/hardware_interface:/home/khaledob/bookros2_ws/install/ros2_control_test_assets:/home/khaledob/bookros2_ws/install/controller_manager_msgs:${AMENT_PREFIX_PATH} CMAKE_PREFIX_PATH=/home/khaledob/bookros2_ws/install/joint_state_broadcaster:/home/khaledob/bookros2_ws/install/controller_manager:/home/khaledob/bookros2_ws/install/controller_interface:/home/khaledob/bookros2_ws/install/hardware_interface:/home/khaledob/bookros2_ws/install/ros2_control_test_assets:/home/khaledob/bookros2_ws/install/controller_manager_msgs:/opt/ros/foxy LD_LIBRARY_PATH=/home/khaledob/bookros2_ws/install/joint_state_broadcaster/lib:/home/khaledob/bookros2_ws/install/controller_manager/lib:/home/khaledob/bookros2_ws/install/controller_interface/lib:/home/khaledob/bookros2_ws/install/hardware_interface/lib:/home/khaledob/bookros2_ws/install/controller_manager_msgs/lib:${LD_LIBRARY_PATH} PYTHONPATH=/home/khaledob/bookros2_ws/install/controller_manager/lib/python3.8/site-packages:/home/khaledob/bookros2_ws/install/controller_manager_msgs/lib/python3.8/site-packages:${PYTHONPATH} /usr/bin/cmake --build /home/khaledob/bookros2_ws/build/joint_state_controller -- -j7 -l7
[8.409s] DEBUG:colcon.colcon_core.event_handler.log_command:Invoked command in '/home/khaledob/bookros2_ws/build/task1' returned '2': CMAKE_PREFIX_PATH=/opt/ros/foxy /usr/bin/cmake --build /home/khaledob/bookros2_ws/build/task1 -- -j7 -l7
[8.412s] Level 1:colcon.colcon_core.environment:create_environment_scripts_only(task1)
[8.412s] Level 1:colcon.colcon_core.environment:checking '/home/khaledob/bookros2_ws/install/task1' for CMake module files
[8.414s] Level 1:colcon.colcon_core.environment:checking '/home/khaledob/bookros2_ws/install/task1' for CMake config files
[8.423s] Level 1:colcon.colcon_core.environment:checking '/home/khaledob/bookros2_ws/install/task1/bin'
[8.423s] Level 1:colcon.colcon_core.environment:checking '/home/khaledob/bookros2_ws/install/task1/lib/pkgconfig/task1.pc'
[8.423s] Level 1:colcon.colcon_core.environment:checking '/home/khaledob/bookros2_ws/install/task1/lib/python3.8/site-packages'
[8.423s] Level 1:colcon.colcon_core.environment:checking '/home/khaledob/bookros2_ws/install/task1/bin'
[8.424s] INFO:colcon.colcon_core.shell:Creating package script '/home/khaledob/bookros2_ws/install/task1/share/task1/package.ps1'
[8.426s] INFO:colcon.colcon_core.shell:Creating package descriptor '/home/khaledob/bookros2_ws/install/task1/share/task1/package.dsv'
[8.428s] INFO:colcon.colcon_core.shell:Creating package script '/home/khaledob/bookros2_ws/install/task1/share/task1/package.sh'
[8.430s] INFO:colcon.colcon_core.shell:Creating package script '/home/khaledob/bookros2_ws/install/task1/share/task1/package.bash'
[8.432s] INFO:colcon.colcon_core.shell:Creating package script '/home/khaledob/bookros2_ws/install/task1/share/task1/package.zsh'
[8.433s] Level 1:colcon.colcon_core.environment:create_file_with_runtime_dependencies(/home/khaledob/bookros2_ws/install/task1/share/colcon-core/packages/task1)
[8.434s] Level 1:colcon.colcon_core.environment:create_environment_scripts_only(imu_sensor_broadcaster)
[8.435s] Level 1:colcon.colcon_core.environment:checking '/home/khaledob/bookros2_ws/install/imu_sensor_broadcaster' for CMake module files
[8.441s] Level 1:colcon.colcon_core.environment:checking '/home/khaledob/bookros2_ws/install/imu_sensor_broadcaster' for CMake config files
[8.442s] DEBUG:colcon.colcon_core.event_handler.log_command:Invoked command in '/home/khaledob/bookros2_ws/build/imu_sensor_broadcaster' returned '0': AMENT_PREFIX_PATH=/home/khaledob/bookros2_ws/install/controller_manager:/home/khaledob/bookros2_ws/install/controller_interface:/home/khaledob/bookros2_ws/install/hardware_interface:/home/khaledob/bookros2_ws/install/ros2_control_test_assets:/home/khaledob/bookros2_ws/install/controller_manager_msgs:${AMENT_PREFIX_PATH} CMAKE_PREFIX_PATH=/home/khaledob/bookros2_ws/install/controller_manager:/home/khaledob/bookros2_ws/install/controller_interface:/home/khaledob/bookros2_ws/install/hardware_interface:/home/khaledob/bookros2_ws/install/ros2_control_test_assets:/home/khaledob/bookros2_ws/install/controller_manager_msgs:/opt/ros/foxy LD_LIBRARY_PATH=/home/khaledob/bookros2_ws/install/controller_manager/lib:/home/khaledob/bookros2_ws/install/controller_interface/lib:/home/khaledob/bookros2_ws/install/hardware_interface/lib:/home/khaledob/bookros2_ws/install/controller_manager_msgs/lib:${LD_LIBRARY_PATH} PYTHONPATH=/home/khaledob/bookros2_ws/install/controller_manager/lib/python3.8/site-packages:/home/khaledob/bookros2_ws/install/controller_manager_msgs/lib/python3.8/site-packages:${PYTHONPATH} /usr/bin/cmake --install /home/khaledob/bookros2_ws/build/imu_sensor_broadcaster
[8.443s] Level 1:colcon.colcon_core.shell:create_environment_hook('imu_sensor_broadcaster', 'cmake_prefix_path')
[8.443s] INFO:colcon.colcon_core.shell:Creating environment hook '/home/khaledob/bookros2_ws/install/imu_sensor_broadcaster/share/imu_sensor_broadcaster/hook/cmake_prefix_path.ps1'
[8.444s] INFO:colcon.colcon_core.shell:Creating environment descriptor '/home/khaledob/bookros2_ws/install/imu_sensor_broadcaster/share/imu_sensor_broadcaster/hook/cmake_prefix_path.dsv'
[8.445s] INFO:colcon.colcon_core.shell:Creating environment hook '/home/khaledob/bookros2_ws/install/imu_sensor_broadcaster/share/imu_sensor_broadcaster/hook/cmake_prefix_path.sh'
[8.447s] Level 1:colcon.colcon_core.environment:checking '/home/khaledob/bookros2_ws/install/imu_sensor_broadcaster/lib'
[8.447s] Level 1:colcon.colcon_core.shell:create_environment_hook('imu_sensor_broadcaster', 'ld_library_path_lib')
[8.448s] INFO:colcon.colcon_core.shell:Creating environment hook '/home/khaledob/bookros2_ws/install/imu_sensor_broadcaster/share/imu_sensor_broadcaster/hook/ld_library_path_lib.ps1'
[8.450s] INFO:colcon.colcon_core.shell:Creating environment descriptor '/home/khaledob/bookros2_ws/install/imu_sensor_broadcaster/share/imu_sensor_broadcaster/hook/ld_library_path_lib.dsv'
[8.455s] INFO:colcon.colcon_core.shell:Creating environment hook '/home/khaledob/bookros2_ws/install/imu_sensor_broadcaster/share/imu_sensor_broadcaster/hook/ld_library_path_lib.sh'
[8.458s] Level 1:colcon.colcon_core.environment:checking '/home/khaledob/bookros2_ws/install/imu_sensor_broadcaster/bin'
[8.459s] Level 1:colcon.colcon_core.environment:checking '/home/khaledob/bookros2_ws/install/imu_sensor_broadcaster/lib/pkgconfig/imu_sensor_broadcaster.pc'
[8.459s] Level 1:colcon.colcon_core.environment:checking '/home/khaledob/bookros2_ws/install/imu_sensor_broadcaster/lib/python3.8/site-packages'
[8.460s] Level 1:colcon.colcon_core.environment:checking '/home/khaledob/bookros2_ws/install/imu_sensor_broadcaster/bin'
[8.467s] INFO:colcon.colcon_core.shell:Creating package script '/home/khaledob/bookros2_ws/install/imu_sensor_broadcaster/share/imu_sensor_broadcaster/package.ps1'
[8.469s] INFO:colcon.colcon_core.shell:Creating package descriptor '/home/khaledob/bookros2_ws/install/imu_sensor_broadcaster/share/imu_sensor_broadcaster/package.dsv'
[8.472s] INFO:colcon.colcon_core.shell:Creating package script '/home/khaledob/bookros2_ws/install/imu_sensor_broadcaster/share/imu_sensor_broadcaster/package.sh'
[8.474s] INFO:colcon.colcon_core.shell:Creating package script '/home/khaledob/bookros2_ws/install/imu_sensor_broadcaster/share/imu_sensor_broadcaster/package.bash'
[8.476s] INFO:colcon.colcon_core.shell:Creating package script '/home/khaledob/bookros2_ws/install/imu_sensor_broadcaster/share/imu_sensor_broadcaster/package.zsh'
[8.479s] Level 1:colcon.colcon_core.environment:create_file_with_runtime_dependencies(/home/khaledob/bookros2_ws/install/imu_sensor_broadcaster/share/colcon-core/packages/imu_sensor_broadcaster)
[8.482s] Level 1:colcon.colcon_core.environment:create_environment_scripts_only(imu_sensor_broadcaster)
[8.485s] Level 1:colcon.colcon_core.environment:checking '/home/khaledob/bookros2_ws/install/imu_sensor_broadcaster' for CMake module files
[8.487s] Level 1:colcon.colcon_core.environment:checking '/home/khaledob/bookros2_ws/install/imu_sensor_broadcaster' for CMake config files
[8.488s] Level 1:colcon.colcon_core.shell:create_environment_hook('imu_sensor_broadcaster', 'cmake_prefix_path')
[8.488s] INFO:colcon.colcon_core.shell:Creating environment hook '/home/khaledob/bookros2_ws/install/imu_sensor_broadcaster/share/imu_sensor_broadcaster/hook/cmake_prefix_path.ps1'
[8.489s] INFO:colcon.colcon_core.shell:Creating environment descriptor '/home/khaledob/bookros2_ws/install/imu_sensor_broadcaster/share/imu_sensor_broadcaster/hook/cmake_prefix_path.dsv'
[8.491s] INFO:colcon.colcon_core.shell:Creating environment hook '/home/khaledob/bookros2_ws/install/imu_sensor_broadcaster/share/imu_sensor_broadcaster/hook/cmake_prefix_path.sh'
[8.498s] Level 1:colcon.colcon_core.environment:checking '/home/khaledob/bookros2_ws/install/imu_sensor_broadcaster/lib'
[8.498s] Level 1:colcon.colcon_core.shell:create_environment_hook('imu_sensor_broadcaster', 'ld_library_path_lib')
[8.498s] INFO:colcon.colcon_core.shell:Creating environment hook '/home/khaledob/bookros2_ws/install/imu_sensor_broadcaster/share/imu_sensor_broadcaster/hook/ld_library_path_lib.ps1'
[8.501s] INFO:colcon.colcon_core.shell:Creating environment descriptor '/home/khaledob/bookros2_ws/install/imu_sensor_broadcaster/share/imu_sensor_broadcaster/hook/ld_library_path_lib.dsv'
[8.515s] INFO:colcon.colcon_core.shell:Creating environment hook '/home/khaledob/bookros2_ws/install/imu_sensor_broadcaster/share/imu_sensor_broadcaster/hook/ld_library_path_lib.sh'
[8.521s] Level 1:colcon.colcon_core.environment:checking '/home/khaledob/bookros2_ws/install/imu_sensor_broadcaster/bin'
[8.521s] Level 1:colcon.colcon_core.environment:checking '/home/khaledob/bookros2_ws/install/imu_sensor_broadcaster/lib/pkgconfig/imu_sensor_broadcaster.pc'
[8.529s] Level 1:colcon.colcon_core.environment:checking '/home/khaledob/bookros2_ws/install/imu_sensor_broadcaster/lib/python3.8/site-packages'
[8.530s] Level 1:colcon.colcon_core.environment:checking '/home/khaledob/bookros2_ws/install/imu_sensor_broadcaster/bin'
[8.530s] INFO:colcon.colcon_core.shell:Creating package script '/home/khaledob/bookros2_ws/install/imu_sensor_broadcaster/share/imu_sensor_broadcaster/package.ps1'
[8.532s] INFO:colcon.colcon_core.shell:Creating package descriptor '/home/khaledob/bookros2_ws/install/imu_sensor_broadcaster/share/imu_sensor_broadcaster/package.dsv'
[8.537s] INFO:colcon.colcon_core.shell:Creating package script '/home/khaledob/bookros2_ws/install/imu_sensor_broadcaster/share/imu_sensor_broadcaster/package.sh'
[8.538s] INFO:colcon.colcon_core.shell:Creating package script '/home/khaledob/bookros2_ws/install/imu_sensor_broadcaster/share/imu_sensor_broadcaster/package.bash'
[8.540s] INFO:colcon.colcon_core.shell:Creating package script '/home/khaledob/bookros2_ws/install/imu_sensor_broadcaster/share/imu_sensor_broadcaster/package.zsh'
[8.552s] Level 1:colcon.colcon_core.environment:create_file_with_runtime_dependencies(/home/khaledob/bookros2_ws/install/imu_sensor_broadcaster/share/colcon-core/packages/imu_sensor_broadcaster)
[8.633s] DEBUG:colcon.colcon_core.event_handler.log_command:Invoked command in '/home/khaledob/bookros2_ws/build/force_torque_sensor_broadcaster' returned '0': AMENT_PREFIX_PATH=/home/khaledob/bookros2_ws/install/controller_manager:/home/khaledob/bookros2_ws/install/controller_interface:/home/khaledob/bookros2_ws/install/hardware_interface:/home/khaledob/bookros2_ws/install/ros2_control_test_assets:/home/khaledob/bookros2_ws/install/controller_manager_msgs:${AMENT_PREFIX_PATH} CMAKE_PREFIX_PATH=/home/khaledob/bookros2_ws/install/controller_manager:/home/khaledob/bookros2_ws/install/controller_interface:/home/khaledob/bookros2_ws/install/hardware_interface:/home/khaledob/bookros2_ws/install/ros2_control_test_assets:/home/khaledob/bookros2_ws/install/controller_manager_msgs:/opt/ros/foxy LD_LIBRARY_PATH=/home/khaledob/bookros2_ws/install/controller_manager/lib:/home/khaledob/bookros2_ws/install/controller_interface/lib:/home/khaledob/bookros2_ws/install/hardware_interface/lib:/home/khaledob/bookros2_ws/install/controller_manager_msgs/lib:${LD_LIBRARY_PATH} PYTHONPATH=/home/khaledob/bookros2_ws/install/controller_manager/lib/python3.8/site-packages:/home/khaledob/bookros2_ws/install/controller_manager_msgs/lib/python3.8/site-packages:${PYTHONPATH} /usr/bin/cmake --build /home/khaledob/bookros2_ws/build/force_torque_sensor_broadcaster -- -j7 -l7
[8.644s] DEBUG:colcon.colcon_core.event_handler.log_command:Invoking command in '/home/khaledob/bookros2_ws/build/force_torque_sensor_broadcaster': AMENT_PREFIX_PATH=/home/khaledob/bookros2_ws/install/controller_manager:/home/khaledob/bookros2_ws/install/controller_interface:/home/khaledob/bookros2_ws/install/hardware_interface:/home/khaledob/bookros2_ws/install/ros2_control_test_assets:/home/khaledob/bookros2_ws/install/controller_manager_msgs:${AMENT_PREFIX_PATH} CMAKE_PREFIX_PATH=/home/khaledob/bookros2_ws/install/controller_manager:/home/khaledob/bookros2_ws/install/controller_interface:/home/khaledob/bookros2_ws/install/hardware_interface:/home/khaledob/bookros2_ws/install/ros2_control_test_assets:/home/khaledob/bookros2_ws/install/controller_manager_msgs:/opt/ros/foxy LD_LIBRARY_PATH=/home/khaledob/bookros2_ws/install/controller_manager/lib:/home/khaledob/bookros2_ws/install/controller_interface/lib:/home/khaledob/bookros2_ws/install/hardware_interface/lib:/home/khaledob/bookros2_ws/install/controller_manager_msgs/lib:${LD_LIBRARY_PATH} PYTHONPATH=/home/khaledob/bookros2_ws/install/controller_manager/lib/python3.8/site-packages:/home/khaledob/bookros2_ws/install/controller_manager_msgs/lib/python3.8/site-packages:${PYTHONPATH} /usr/bin/cmake --install /home/khaledob/bookros2_ws/build/force_torque_sensor_broadcaster
[8.743s] DEBUG:colcon.colcon_parallel_executor.executor.parallel:closing loop
[8.743s] DEBUG:colcon.colcon_parallel_executor.executor.parallel:loop closed
[8.743s] DEBUG:colcon.colcon_parallel_executor.executor.parallel:run_until_complete finished with '2'
[8.744s] DEBUG:colcon.colcon_core.event_reactor:joining thread
[8.758s] INFO:colcon.colcon_core.plugin_system:Skipping extension 'colcon_notification.desktop_notification.terminal_notifier': Not used on non-Darwin systems
[8.759s] INFO:colcon.colcon_core.plugin_system:Skipping extension 'colcon_notification.desktop_notification.win32': Not used on non-Windows systems
[8.759s] INFO:colcon.colcon_notification.desktop_notification:Sending desktop notification using 'notify2'
[8.796s] DEBUG:colcon.colcon_core.event_reactor:joined thread
[8.796s] INFO:colcon.colcon_core.shell:Creating prefix script '/home/khaledob/bookros2_ws/install/local_setup.ps1'
[8.798s] INFO:colcon.colcon_core.shell:Creating prefix util module '/home/khaledob/bookros2_ws/install/_local_setup_util_ps1.py'
[8.801s] INFO:colcon.colcon_core.shell:Creating prefix chain script '/home/khaledob/bookros2_ws/install/setup.ps1'
[8.803s] INFO:colcon.colcon_core.shell:Creating prefix script '/home/khaledob/bookros2_ws/install/local_setup.sh'
[8.804s] INFO:colcon.colcon_core.shell:Creating prefix util module '/home/khaledob/bookros2_ws/install/_local_setup_util_sh.py'
[8.806s] INFO:colcon.colcon_core.shell:Creating prefix chain script '/home/khaledob/bookros2_ws/install/setup.sh'
[8.808s] INFO:colcon.colcon_core.shell:Creating prefix script '/home/khaledob/bookros2_ws/install/local_setup.bash'
[8.809s] INFO:colcon.colcon_core.shell:Creating prefix chain script '/home/khaledob/bookros2_ws/install/setup.bash'
[8.810s] INFO:colcon.colcon_core.shell:Creating prefix script '/home/khaledob/bookros2_ws/install/local_setup.zsh'
[8.811s] INFO:colcon.colcon_core.shell:Creating prefix chain script '/home/khaledob/bookros2_ws/install/setup.zsh'
