[0.376s] DEBUG:colcon:Command line arguments: ['/usr/bin/colcon', 'build', '--symlink-install']
[0.376s] DEBUG:colcon:Parsed command line arguments: Namespace(allow_overriding=[], ament_cmake_args=None, base_paths=['.'], build_base='build', catkin_cmake_args=None, catkin_skip_building_tests=False, cmake_args=None, cmake_clean_cache=False, cmake_clean_first=False, cmake_force_configure=False, cmake_target=None, cmake_target_skip_unavailable=False, continue_on_error=False, event_handlers=None, executor='parallel', ignore_user_meta=False, install_base='install', log_base=None, log_level=None, main=<bound method BuildVerb.main of <colcon_core.verb.build.BuildVerb object at 0x7f471d69ef40>>, merge_install=False, metas=['./colcon.meta'], mixin=None, mixin_files=None, mixin_verb=('build',), packages_above=None, packages_above_and_dependencies=None, packages_above_depth=None, packages_end=None, packages_ignore=None, packages_ignore_regex=None, packages_select=None, packages_select_build_failed=False, packages_select_by_dep=None, packages_select_regex=None, packages_select_test_failures=False, packages_skip=None, packages_skip_build_finished=False, packages_skip_by_dep=None, packages_skip_regex=None, packages_skip_test_passed=False, packages_skip_up_to=None, packages_start=None, packages_up_to=None, packages_up_to_regex=None, parallel_workers=7, paths=None, symlink_install=True, test_result_base=None, verb_extension=<colcon_core.verb.build.BuildVerb object at 0x7f471d69ef40>, verb_name='build', verb_parser=<colcon_mixin.mixin.mixin_argument.MixinArgumentDecorator object at 0x7f471d580550>)
[0.638s] Level 1:colcon.colcon_core.package_discovery:discover_packages(colcon_meta) check parameters
[0.638s] Level 1:colcon.colcon_core.package_discovery:discover_packages(recursive) check parameters
[0.638s] Level 1:colcon.colcon_core.package_discovery:discover_packages(ignore) check parameters
[0.638s] Level 1:colcon.colcon_core.package_discovery:discover_packages(path) check parameters
[0.638s] Level 1:colcon.colcon_core.package_discovery:discover_packages(colcon_meta) discover
[0.638s] Level 1:colcon.colcon_core.package_discovery:discover_packages(recursive) discover
[0.638s] INFO:colcon.colcon_core.package_discovery:Crawling recursively for packages in '/home/khaledob/bookros2_ws/src'
[0.638s] Level 1:colcon.colcon_core.package_identification:_identify(.) by extensions ['ignore', 'ignore_ament_install']
[0.639s] Level 1:colcon.colcon_core.package_identification:_identify(.) by extension 'ignore'
[0.639s] Level 1:colcon.colcon_core.package_identification:_identify(.) by extension 'ignore_ament_install'
[0.639s] Level 1:colcon.colcon_core.package_identification:_identify(.) by extensions ['colcon_pkg']
[0.639s] Level 1:colcon.colcon_core.package_identification:_identify(.) by extension 'colcon_pkg'
[0.639s] Level 1:colcon.colcon_core.package_identification:_identify(.) by extensions ['colcon_meta']
[0.639s] Level 1:colcon.colcon_core.package_identification:_identify(.) by extension 'colcon_meta'
[0.639s] Level 1:colcon.colcon_core.package_identification:_identify(.) by extensions ['ros']
[0.639s] Level 1:colcon.colcon_core.package_identification:_identify(.) by extension 'ros'
[0.653s] Level 1:colcon.colcon_core.package_identification:_identify(.) by extensions ['cmake', 'python']
[0.653s] Level 1:colcon.colcon_core.package_identification:_identify(.) by extension 'cmake'
[0.653s] Level 1:colcon.colcon_core.package_identification:_identify(.) by extension 'python'
[0.653s] Level 1:colcon.colcon_core.package_identification:_identify(.) by extensions ['python_setup_py']
[0.653s] Level 1:colcon.colcon_core.package_identification:_identify(.) by extension 'python_setup_py'
[0.654s] Level 1:colcon.colcon_core.package_identification:_identify(ThirdParty) by extensions ['ignore', 'ignore_ament_install']
[0.654s] Level 1:colcon.colcon_core.package_identification:_identify(ThirdParty) by extension 'ignore'
[0.654s] Level 1:colcon.colcon_core.package_identification:_identify(ThirdParty) by extension 'ignore_ament_install'
[0.654s] Level 1:colcon.colcon_core.package_identification:_identify(ThirdParty) by extensions ['colcon_pkg']
[0.654s] Level 1:colcon.colcon_core.package_identification:_identify(ThirdParty) by extension 'colcon_pkg'
[0.654s] Level 1:colcon.colcon_core.package_identification:_identify(ThirdParty) by extensions ['colcon_meta']
[0.654s] Level 1:colcon.colcon_core.package_identification:_identify(ThirdParty) by extension 'colcon_meta'
[0.654s] Level 1:colcon.colcon_core.package_identification:_identify(ThirdParty) by extensions ['ros']
[0.654s] Level 1:colcon.colcon_core.package_identification:_identify(ThirdParty) by extension 'ros'
[0.654s] Level 1:colcon.colcon_core.package_identification:_identify(ThirdParty) by extensions ['cmake', 'python']
[0.654s] Level 1:colcon.colcon_core.package_identification:_identify(ThirdParty) by extension 'cmake'
[0.654s] Level 1:colcon.colcon_core.package_identification:_identify(ThirdParty) by extension 'python'
[0.654s] Level 1:colcon.colcon_core.package_identification:_identify(ThirdParty) by extensions ['python_setup_py']
[0.654s] Level 1:colcon.colcon_core.package_identification:_identify(ThirdParty) by extension 'python_setup_py'
[0.654s] Level 1:colcon.colcon_core.package_identification:_identify(ThirdParty/Groot) by extensions ['ignore', 'ignore_ament_install']
[0.654s] Level 1:colcon.colcon_core.package_identification:_identify(ThirdParty/Groot) by extension 'ignore'
[0.654s] Level 1:colcon.colcon_core.package_identification:_identify(ThirdParty/Groot) by extension 'ignore_ament_install'
[0.654s] Level 1:colcon.colcon_core.package_identification:_identify(ThirdParty/Groot) by extensions ['colcon_pkg']
[0.655s] Level 1:colcon.colcon_core.package_identification:_identify(ThirdParty/Groot) by extension 'colcon_pkg'
[0.655s] Level 1:colcon.colcon_core.package_identification:_identify(ThirdParty/Groot) by extensions ['colcon_meta']
[0.655s] Level 1:colcon.colcon_core.package_identification:_identify(ThirdParty/Groot) by extension 'colcon_meta'
[0.655s] Level 1:colcon.colcon_core.package_identification:_identify(ThirdParty/Groot) by extensions ['ros']
[0.655s] Level 1:colcon.colcon_core.package_identification:_identify(ThirdParty/Groot) by extension 'ros'
[0.665s] DEBUG:colcon.colcon_core.package_identification:Package 'ThirdParty/Groot' with type 'ros.ament_cmake' and name 'groot'
[0.666s] Level 1:colcon.colcon_core.package_identification:_identify(ThirdParty/gazebo_ros2_control) by extensions ['ignore', 'ignore_ament_install']
[0.666s] Level 1:colcon.colcon_core.package_identification:_identify(ThirdParty/gazebo_ros2_control) by extension 'ignore'
[0.666s] Level 1:colcon.colcon_core.package_identification:_identify(ThirdParty/gazebo_ros2_control) by extension 'ignore_ament_install'
[0.666s] Level 1:colcon.colcon_core.package_identification:_identify(ThirdParty/gazebo_ros2_control) by extensions ['colcon_pkg']
[0.666s] Level 1:colcon.colcon_core.package_identification:_identify(ThirdParty/gazebo_ros2_control) by extension 'colcon_pkg'
[0.666s] Level 1:colcon.colcon_core.package_identification:_identify(ThirdParty/gazebo_ros2_control) by extensions ['colcon_meta']
[0.666s] Level 1:colcon.colcon_core.package_identification:_identify(ThirdParty/gazebo_ros2_control) by extension 'colcon_meta'
[0.666s] Level 1:colcon.colcon_core.package_identification:_identify(ThirdParty/gazebo_ros2_control) by extensions ['ros']
[0.666s] Level 1:colcon.colcon_core.package_identification:_identify(ThirdParty/gazebo_ros2_control) by extension 'ros'
[0.666s] Level 1:colcon.colcon_core.package_identification:_identify(ThirdParty/gazebo_ros2_control) by extensions ['cmake', 'python']
[0.666s] Level 1:colcon.colcon_core.package_identification:_identify(ThirdParty/gazebo_ros2_control) by extension 'cmake'
[0.666s] Level 1:colcon.colcon_core.package_identification:_identify(ThirdParty/gazebo_ros2_control) by extension 'python'
[0.666s] Level 1:colcon.colcon_core.package_identification:_identify(ThirdParty/gazebo_ros2_control) by extensions ['python_setup_py']
[0.666s] Level 1:colcon.colcon_core.package_identification:_identify(ThirdParty/gazebo_ros2_control) by extension 'python_setup_py'
[0.666s] Level 1:colcon.colcon_core.package_identification:_identify(ThirdParty/gazebo_ros2_control/Docker) by extensions ['ignore', 'ignore_ament_install']
[0.666s] Level 1:colcon.colcon_core.package_identification:_identify(ThirdParty/gazebo_ros2_control/Docker) by extension 'ignore'
[0.667s] Level 1:colcon.colcon_core.package_identification:_identify(ThirdParty/gazebo_ros2_control/Docker) by extension 'ignore_ament_install'
[0.667s] Level 1:colcon.colcon_core.package_identification:_identify(ThirdParty/gazebo_ros2_control/Docker) by extensions ['colcon_pkg']
[0.667s] Level 1:colcon.colcon_core.package_identification:_identify(ThirdParty/gazebo_ros2_control/Docker) by extension 'colcon_pkg'
[0.667s] Level 1:colcon.colcon_core.package_identification:_identify(ThirdParty/gazebo_ros2_control/Docker) by extensions ['colcon_meta']
[0.667s] Level 1:colcon.colcon_core.package_identification:_identify(ThirdParty/gazebo_ros2_control/Docker) by extension 'colcon_meta'
[0.667s] Level 1:colcon.colcon_core.package_identification:_identify(ThirdParty/gazebo_ros2_control/Docker) by extensions ['ros']
[0.667s] Level 1:colcon.colcon_core.package_identification:_identify(ThirdParty/gazebo_ros2_control/Docker) by extension 'ros'
[0.667s] Level 1:colcon.colcon_core.package_identification:_identify(ThirdParty/gazebo_ros2_control/Docker) by extensions ['cmake', 'python']
[0.667s] Level 1:colcon.colcon_core.package_identification:_identify(ThirdParty/gazebo_ros2_control/Docker) by extension 'cmake'
[0.667s] Level 1:colcon.colcon_core.package_identification:_identify(ThirdParty/gazebo_ros2_control/Docker) by extension 'python'
[0.667s] Level 1:colcon.colcon_core.package_identification:_identify(ThirdParty/gazebo_ros2_control/Docker) by extensions ['python_setup_py']
[0.667s] Level 1:colcon.colcon_core.package_identification:_identify(ThirdParty/gazebo_ros2_control/Docker) by extension 'python_setup_py'
[0.667s] Level 1:colcon.colcon_core.package_identification:_identify(ThirdParty/gazebo_ros2_control/gazebo_ros2_control) by extensions ['ignore', 'ignore_ament_install']
[0.667s] Level 1:colcon.colcon_core.package_identification:_identify(ThirdParty/gazebo_ros2_control/gazebo_ros2_control) by extension 'ignore'
[0.667s] Level 1:colcon.colcon_core.package_identification:_identify(ThirdParty/gazebo_ros2_control/gazebo_ros2_control) by extension 'ignore_ament_install'
[0.667s] Level 1:colcon.colcon_core.package_identification:_identify(ThirdParty/gazebo_ros2_control/gazebo_ros2_control) by extensions ['colcon_pkg']
[0.667s] Level 1:colcon.colcon_core.package_identification:_identify(ThirdParty/gazebo_ros2_control/gazebo_ros2_control) by extension 'colcon_pkg'
[0.667s] Level 1:colcon.colcon_core.package_identification:_identify(ThirdParty/gazebo_ros2_control/gazebo_ros2_control) by extensions ['colcon_meta']
[0.667s] Level 1:colcon.colcon_core.package_identification:_identify(ThirdParty/gazebo_ros2_control/gazebo_ros2_control) by extension 'colcon_meta'
[0.667s] Level 1:colcon.colcon_core.package_identification:_identify(ThirdParty/gazebo_ros2_control/gazebo_ros2_control) by extensions ['ros']
[0.667s] Level 1:colcon.colcon_core.package_identification:_identify(ThirdParty/gazebo_ros2_control/gazebo_ros2_control) by extension 'ros'
[0.670s] DEBUG:colcon.colcon_core.package_identification:Package 'ThirdParty/gazebo_ros2_control/gazebo_ros2_control' with type 'ros.ament_cmake' and name 'gazebo_ros2_control'
[0.670s] Level 1:colcon.colcon_core.package_identification:_identify(ThirdParty/gazebo_ros2_control/gazebo_ros2_control_demos) by extensions ['ignore', 'ignore_ament_install']
[0.670s] Level 1:colcon.colcon_core.package_identification:_identify(ThirdParty/gazebo_ros2_control/gazebo_ros2_control_demos) by extension 'ignore'
[0.671s] Level 1:colcon.colcon_core.package_identification:_identify(ThirdParty/gazebo_ros2_control/gazebo_ros2_control_demos) by extension 'ignore_ament_install'
[0.671s] Level 1:colcon.colcon_core.package_identification:_identify(ThirdParty/gazebo_ros2_control/gazebo_ros2_control_demos) by extensions ['colcon_pkg']
[0.671s] Level 1:colcon.colcon_core.package_identification:_identify(ThirdParty/gazebo_ros2_control/gazebo_ros2_control_demos) by extension 'colcon_pkg'
[0.671s] Level 1:colcon.colcon_core.package_identification:_identify(ThirdParty/gazebo_ros2_control/gazebo_ros2_control_demos) by extensions ['colcon_meta']
[0.671s] Level 1:colcon.colcon_core.package_identification:_identify(ThirdParty/gazebo_ros2_control/gazebo_ros2_control_demos) by extension 'colcon_meta'
[0.671s] Level 1:colcon.colcon_core.package_identification:_identify(ThirdParty/gazebo_ros2_control/gazebo_ros2_control_demos) by extensions ['ros']
[0.671s] Level 1:colcon.colcon_core.package_identification:_identify(ThirdParty/gazebo_ros2_control/gazebo_ros2_control_demos) by extension 'ros'
[0.673s] DEBUG:colcon.colcon_core.package_identification:Package 'ThirdParty/gazebo_ros2_control/gazebo_ros2_control_demos' with type 'ros.ament_cmake' and name 'gazebo_ros2_control_demos'
[0.673s] Level 1:colcon.colcon_core.package_identification:_identify(ThirdParty/gazebo_ros2_control/img) by extensions ['ignore', 'ignore_ament_install']
[0.673s] Level 1:colcon.colcon_core.package_identification:_identify(ThirdParty/gazebo_ros2_control/img) by extension 'ignore'
[0.673s] Level 1:colcon.colcon_core.package_identification:_identify(ThirdParty/gazebo_ros2_control/img) by extension 'ignore_ament_install'
[0.674s] Level 1:colcon.colcon_core.package_identification:_identify(ThirdParty/gazebo_ros2_control/img) by extensions ['colcon_pkg']
[0.674s] Level 1:colcon.colcon_core.package_identification:_identify(ThirdParty/gazebo_ros2_control/img) by extension 'colcon_pkg'
[0.674s] Level 1:colcon.colcon_core.package_identification:_identify(ThirdParty/gazebo_ros2_control/img) by extensions ['colcon_meta']
[0.674s] Level 1:colcon.colcon_core.package_identification:_identify(ThirdParty/gazebo_ros2_control/img) by extension 'colcon_meta'
[0.674s] Level 1:colcon.colcon_core.package_identification:_identify(ThirdParty/gazebo_ros2_control/img) by extensions ['ros']
[0.674s] Level 1:colcon.colcon_core.package_identification:_identify(ThirdParty/gazebo_ros2_control/img) by extension 'ros'
[0.674s] Level 1:colcon.colcon_core.package_identification:_identify(ThirdParty/gazebo_ros2_control/img) by extensions ['cmake', 'python']
[0.674s] Level 1:colcon.colcon_core.package_identification:_identify(ThirdParty/gazebo_ros2_control/img) by extension 'cmake'
[0.674s] Level 1:colcon.colcon_core.package_identification:_identify(ThirdParty/gazebo_ros2_control/img) by extension 'python'
[0.674s] Level 1:colcon.colcon_core.package_identification:_identify(ThirdParty/gazebo_ros2_control/img) by extensions ['python_setup_py']
[0.674s] Level 1:colcon.colcon_core.package_identification:_identify(ThirdParty/gazebo_ros2_control/img) by extension 'python_setup_py'
[0.674s] Level 1:colcon.colcon_core.package_identification:_identify(ThirdParty/hey5_description) by extensions ['ignore', 'ignore_ament_install']
[0.674s] Level 1:colcon.colcon_core.package_identification:_identify(ThirdParty/hey5_description) by extension 'ignore'
[0.674s] Level 1:colcon.colcon_core.package_identification:_identify(ThirdParty/hey5_description) by extension 'ignore_ament_install'
[0.674s] Level 1:colcon.colcon_core.package_identification:_identify(ThirdParty/hey5_description) by extensions ['colcon_pkg']
[0.674s] Level 1:colcon.colcon_core.package_identification:_identify(ThirdParty/hey5_description) by extension 'colcon_pkg'
[0.674s] Level 1:colcon.colcon_core.package_identification:_identify(ThirdParty/hey5_description) by extensions ['colcon_meta']
[0.674s] Level 1:colcon.colcon_core.package_identification:_identify(ThirdParty/hey5_description) by extension 'colcon_meta'
[0.674s] Level 1:colcon.colcon_core.package_identification:_identify(ThirdParty/hey5_description) by extensions ['ros']
[0.674s] Level 1:colcon.colcon_core.package_identification:_identify(ThirdParty/hey5_description) by extension 'ros'
[0.676s] DEBUG:colcon.colcon_core.package_identification:Package 'ThirdParty/hey5_description' with type 'ros.ament_cmake' and name 'hey5_description'
[0.676s] Level 1:colcon.colcon_core.package_identification:_identify(ThirdParty/launch_pal) by extensions ['ignore', 'ignore_ament_install']
[0.677s] Level 1:colcon.colcon_core.package_identification:_identify(ThirdParty/launch_pal) by extension 'ignore'
[0.677s] Level 1:colcon.colcon_core.package_identification:_identify(ThirdParty/launch_pal) by extension 'ignore_ament_install'
[0.677s] Level 1:colcon.colcon_core.package_identification:_identify(ThirdParty/launch_pal) by extensions ['colcon_pkg']
[0.677s] Level 1:colcon.colcon_core.package_identification:_identify(ThirdParty/launch_pal) by extension 'colcon_pkg'
[0.677s] Level 1:colcon.colcon_core.package_identification:_identify(ThirdParty/launch_pal) by extensions ['colcon_meta']
[0.677s] Level 1:colcon.colcon_core.package_identification:_identify(ThirdParty/launch_pal) by extension 'colcon_meta'
[0.677s] Level 1:colcon.colcon_core.package_identification:_identify(ThirdParty/launch_pal) by extensions ['ros']
[0.677s] Level 1:colcon.colcon_core.package_identification:_identify(ThirdParty/launch_pal) by extension 'ros'
[0.681s] DEBUG:colcon.colcon_core.package_identification:Package 'ThirdParty/launch_pal' with type 'ros.ament_python' and name 'launch_pal'
[0.681s] Level 1:colcon.colcon_core.package_identification:_identify(ThirdParty/pal_gazebo_worlds) by extensions ['ignore', 'ignore_ament_install']
[0.681s] Level 1:colcon.colcon_core.package_identification:_identify(ThirdParty/pal_gazebo_worlds) by extension 'ignore'
[0.682s] Level 1:colcon.colcon_core.package_identification:_identify(ThirdParty/pal_gazebo_worlds) by extension 'ignore_ament_install'
[0.682s] Level 1:colcon.colcon_core.package_identification:_identify(ThirdParty/pal_gazebo_worlds) by extensions ['colcon_pkg']
[0.682s] Level 1:colcon.colcon_core.package_identification:_identify(ThirdParty/pal_gazebo_worlds) by extension 'colcon_pkg'
[0.682s] Level 1:colcon.colcon_core.package_identification:_identify(ThirdParty/pal_gazebo_worlds) by extensions ['colcon_meta']
[0.682s] Level 1:colcon.colcon_core.package_identification:_identify(ThirdParty/pal_gazebo_worlds) by extension 'colcon_meta'
[0.682s] Level 1:colcon.colcon_core.package_identification:_identify(ThirdParty/pal_gazebo_worlds) by extensions ['ros']
[0.682s] Level 1:colcon.colcon_core.package_identification:_identify(ThirdParty/pal_gazebo_worlds) by extension 'ros'
[0.684s] DEBUG:colcon.colcon_core.package_identification:Package 'ThirdParty/pal_gazebo_worlds' with type 'ros.ament_cmake' and name 'pal_gazebo_worlds'
[0.685s] Level 1:colcon.colcon_core.package_identification:_identify(ThirdParty/pal_gripper) by extensions ['ignore', 'ignore_ament_install']
[0.685s] Level 1:colcon.colcon_core.package_identification:_identify(ThirdParty/pal_gripper) by extension 'ignore'
[0.685s] Level 1:colcon.colcon_core.package_identification:_identify(ThirdParty/pal_gripper) by extension 'ignore_ament_install'
[0.685s] Level 1:colcon.colcon_core.package_identification:_identify(ThirdParty/pal_gripper) by extensions ['colcon_pkg']
[0.685s] Level 1:colcon.colcon_core.package_identification:_identify(ThirdParty/pal_gripper) by extension 'colcon_pkg'
[0.685s] Level 1:colcon.colcon_core.package_identification:_identify(ThirdParty/pal_gripper) by extensions ['colcon_meta']
[0.685s] Level 1:colcon.colcon_core.package_identification:_identify(ThirdParty/pal_gripper) by extension 'colcon_meta'
[0.685s] Level 1:colcon.colcon_core.package_identification:_identify(ThirdParty/pal_gripper) by extensions ['ros']
[0.685s] Level 1:colcon.colcon_core.package_identification:_identify(ThirdParty/pal_gripper) by extension 'ros'
[0.685s] Level 1:colcon.colcon_core.package_identification:_identify(ThirdParty/pal_gripper) by extensions ['cmake', 'python']
[0.685s] Level 1:colcon.colcon_core.package_identification:_identify(ThirdParty/pal_gripper) by extension 'cmake'
[0.685s] Level 1:colcon.colcon_core.package_identification:_identify(ThirdParty/pal_gripper) by extension 'python'
[0.685s] Level 1:colcon.colcon_core.package_identification:_identify(ThirdParty/pal_gripper) by extensions ['python_setup_py']
[0.685s] Level 1:colcon.colcon_core.package_identification:_identify(ThirdParty/pal_gripper) by extension 'python_setup_py'
[0.685s] Level 1:colcon.colcon_core.package_identification:_identify(ThirdParty/pal_gripper/pal_gripper) by extensions ['ignore', 'ignore_ament_install']
[0.686s] Level 1:colcon.colcon_core.package_identification:_identify(ThirdParty/pal_gripper/pal_gripper) by extension 'ignore'
[0.686s] Level 1:colcon.colcon_core.package_identification:_identify(ThirdParty/pal_gripper/pal_gripper) by extension 'ignore_ament_install'
[0.686s] Level 1:colcon.colcon_core.package_identification:_identify(ThirdParty/pal_gripper/pal_gripper) by extensions ['colcon_pkg']
[0.686s] Level 1:colcon.colcon_core.package_identification:_identify(ThirdParty/pal_gripper/pal_gripper) by extension 'colcon_pkg'
[0.686s] Level 1:colcon.colcon_core.package_identification:_identify(ThirdParty/pal_gripper/pal_gripper) by extensions ['colcon_meta']
[0.686s] Level 1:colcon.colcon_core.package_identification:_identify(ThirdParty/pal_gripper/pal_gripper) by extension 'colcon_meta'
[0.686s] Level 1:colcon.colcon_core.package_identification:_identify(ThirdParty/pal_gripper/pal_gripper) by extensions ['ros']
[0.686s] Level 1:colcon.colcon_core.package_identification:_identify(ThirdParty/pal_gripper/pal_gripper) by extension 'ros'
[0.688s] DEBUG:colcon.colcon_core.package_identification:Package 'ThirdParty/pal_gripper/pal_gripper' with type 'ros.ament_cmake' and name 'pal_gripper'
[0.688s] Level 1:colcon.colcon_core.package_identification:_identify(ThirdParty/pal_gripper/pal_gripper_controller_configuration) by extensions ['ignore', 'ignore_ament_install']
[0.688s] Level 1:colcon.colcon_core.package_identification:_identify(ThirdParty/pal_gripper/pal_gripper_controller_configuration) by extension 'ignore'
[0.688s] Level 1:colcon.colcon_core.package_identification:_identify(ThirdParty/pal_gripper/pal_gripper_controller_configuration) by extension 'ignore_ament_install'
[0.688s] Level 1:colcon.colcon_core.package_identification:_identify(ThirdParty/pal_gripper/pal_gripper_controller_configuration) by extensions ['colcon_pkg']
[0.688s] Level 1:colcon.colcon_core.package_identification:_identify(ThirdParty/pal_gripper/pal_gripper_controller_configuration) by extension 'colcon_pkg'
[0.688s] Level 1:colcon.colcon_core.package_identification:_identify(ThirdParty/pal_gripper/pal_gripper_controller_configuration) by extensions ['colcon_meta']
[0.688s] Level 1:colcon.colcon_core.package_identification:_identify(ThirdParty/pal_gripper/pal_gripper_controller_configuration) by extension 'colcon_meta'
[0.688s] Level 1:colcon.colcon_core.package_identification:_identify(ThirdParty/pal_gripper/pal_gripper_controller_configuration) by extensions ['ros']
[0.688s] Level 1:colcon.colcon_core.package_identification:_identify(ThirdParty/pal_gripper/pal_gripper_controller_configuration) by extension 'ros'
[0.690s] DEBUG:colcon.colcon_core.package_identification:Package 'ThirdParty/pal_gripper/pal_gripper_controller_configuration' with type 'ros.ament_cmake' and name 'pal_gripper_controller_configuration'
[0.690s] Level 1:colcon.colcon_core.package_identification:_identify(ThirdParty/pal_gripper/pal_gripper_controller_configuration_gazebo) by extensions ['ignore', 'ignore_ament_install']
[0.690s] Level 1:colcon.colcon_core.package_identification:_identify(ThirdParty/pal_gripper/pal_gripper_controller_configuration_gazebo) by extension 'ignore'
[0.690s] Level 1:colcon.colcon_core.package_identification:_identify(ThirdParty/pal_gripper/pal_gripper_controller_configuration_gazebo) ignored
[0.690s] Level 1:colcon.colcon_core.package_identification:_identify(ThirdParty/pal_gripper/pal_gripper_description) by extensions ['ignore', 'ignore_ament_install']
[0.690s] Level 1:colcon.colcon_core.package_identification:_identify(ThirdParty/pal_gripper/pal_gripper_description) by extension 'ignore'
[0.690s] Level 1:colcon.colcon_core.package_identification:_identify(ThirdParty/pal_gripper/pal_gripper_description) by extension 'ignore_ament_install'
[0.690s] Level 1:colcon.colcon_core.package_identification:_identify(ThirdParty/pal_gripper/pal_gripper_description) by extensions ['colcon_pkg']
[0.690s] Level 1:colcon.colcon_core.package_identification:_identify(ThirdParty/pal_gripper/pal_gripper_description) by extension 'colcon_pkg'
[0.690s] Level 1:colcon.colcon_core.package_identification:_identify(ThirdParty/pal_gripper/pal_gripper_description) by extensions ['colcon_meta']
[0.691s] Level 1:colcon.colcon_core.package_identification:_identify(ThirdParty/pal_gripper/pal_gripper_description) by extension 'colcon_meta'
[0.691s] Level 1:colcon.colcon_core.package_identification:_identify(ThirdParty/pal_gripper/pal_gripper_description) by extensions ['ros']
[0.691s] Level 1:colcon.colcon_core.package_identification:_identify(ThirdParty/pal_gripper/pal_gripper_description) by extension 'ros'
[0.693s] DEBUG:colcon.colcon_core.package_identification:Package 'ThirdParty/pal_gripper/pal_gripper_description' with type 'ros.ament_cmake' and name 'pal_gripper_description'
[0.693s] Level 1:colcon.colcon_core.package_identification:_identify(ThirdParty/pal_gripper/pal_gripper_gazebo) by extensions ['ignore', 'ignore_ament_install']
[0.693s] Level 1:colcon.colcon_core.package_identification:_identify(ThirdParty/pal_gripper/pal_gripper_gazebo) by extension 'ignore'
[0.693s] Level 1:colcon.colcon_core.package_identification:_identify(ThirdParty/pal_gripper/pal_gripper_gazebo) ignored
[0.693s] Level 1:colcon.colcon_core.package_identification:_identify(ThirdParty/pal_gripper/pal_parallel_gripper_wrapper) by extensions ['ignore', 'ignore_ament_install']
[0.693s] Level 1:colcon.colcon_core.package_identification:_identify(ThirdParty/pal_gripper/pal_parallel_gripper_wrapper) by extension 'ignore'
[0.693s] Level 1:colcon.colcon_core.package_identification:_identify(ThirdParty/pal_gripper/pal_parallel_gripper_wrapper) ignored
[0.693s] Level 1:colcon.colcon_core.package_identification:_identify(ThirdParty/pmb2_navigation) by extensions ['ignore', 'ignore_ament_install']
[0.694s] Level 1:colcon.colcon_core.package_identification:_identify(ThirdParty/pmb2_navigation) by extension 'ignore'
[0.694s] Level 1:colcon.colcon_core.package_identification:_identify(ThirdParty/pmb2_navigation) by extension 'ignore_ament_install'
[0.694s] Level 1:colcon.colcon_core.package_identification:_identify(ThirdParty/pmb2_navigation) by extensions ['colcon_pkg']
[0.694s] Level 1:colcon.colcon_core.package_identification:_identify(ThirdParty/pmb2_navigation) by extension 'colcon_pkg'
[0.694s] Level 1:colcon.colcon_core.package_identification:_identify(ThirdParty/pmb2_navigation) by extensions ['colcon_meta']
[0.694s] Level 1:colcon.colcon_core.package_identification:_identify(ThirdParty/pmb2_navigation) by extension 'colcon_meta'
[0.694s] Level 1:colcon.colcon_core.package_identification:_identify(ThirdParty/pmb2_navigation) by extensions ['ros']
[0.694s] Level 1:colcon.colcon_core.package_identification:_identify(ThirdParty/pmb2_navigation) by extension 'ros'
[0.694s] Level 1:colcon.colcon_core.package_identification:_identify(ThirdParty/pmb2_navigation) by extensions ['cmake', 'python']
[0.694s] Level 1:colcon.colcon_core.package_identification:_identify(ThirdParty/pmb2_navigation) by extension 'cmake'
[0.694s] Level 1:colcon.colcon_core.package_identification:_identify(ThirdParty/pmb2_navigation) by extension 'python'
[0.694s] Level 1:colcon.colcon_core.package_identification:_identify(ThirdParty/pmb2_navigation) by extensions ['python_setup_py']
[0.694s] Level 1:colcon.colcon_core.package_identification:_identify(ThirdParty/pmb2_navigation) by extension 'python_setup_py'
[0.694s] Level 1:colcon.colcon_core.package_identification:_identify(ThirdParty/pmb2_navigation/pmb2_2dnav) by extensions ['ignore', 'ignore_ament_install']
[0.695s] Level 1:colcon.colcon_core.package_identification:_identify(ThirdParty/pmb2_navigation/pmb2_2dnav) by extension 'ignore'
[0.695s] Level 1:colcon.colcon_core.package_identification:_identify(ThirdParty/pmb2_navigation/pmb2_2dnav) by extension 'ignore_ament_install'
[0.695s] Level 1:colcon.colcon_core.package_identification:_identify(ThirdParty/pmb2_navigation/pmb2_2dnav) by extensions ['colcon_pkg']
[0.695s] Level 1:colcon.colcon_core.package_identification:_identify(ThirdParty/pmb2_navigation/pmb2_2dnav) by extension 'colcon_pkg'
[0.695s] Level 1:colcon.colcon_core.package_identification:_identify(ThirdParty/pmb2_navigation/pmb2_2dnav) by extensions ['colcon_meta']
[0.695s] Level 1:colcon.colcon_core.package_identification:_identify(ThirdParty/pmb2_navigation/pmb2_2dnav) by extension 'colcon_meta'
[0.695s] Level 1:colcon.colcon_core.package_identification:_identify(ThirdParty/pmb2_navigation/pmb2_2dnav) by extensions ['ros']
[0.695s] Level 1:colcon.colcon_core.package_identification:_identify(ThirdParty/pmb2_navigation/pmb2_2dnav) by extension 'ros'
[0.699s] DEBUG:colcon.colcon_core.package_identification:Package 'ThirdParty/pmb2_navigation/pmb2_2dnav' with type 'ros.ament_cmake' and name 'pmb2_2dnav'
[0.700s] Level 1:colcon.colcon_core.package_identification:_identify(ThirdParty/pmb2_navigation/pmb2_laser_sensors) by extensions ['ignore', 'ignore_ament_install']
[0.701s] Level 1:colcon.colcon_core.package_identification:_identify(ThirdParty/pmb2_navigation/pmb2_laser_sensors) by extension 'ignore'
[0.701s] Level 1:colcon.colcon_core.package_identification:_identify(ThirdParty/pmb2_navigation/pmb2_laser_sensors) ignored
[0.701s] Level 1:colcon.colcon_core.package_identification:_identify(ThirdParty/pmb2_navigation/pmb2_maps) by extensions ['ignore', 'ignore_ament_install']
[0.701s] Level 1:colcon.colcon_core.package_identification:_identify(ThirdParty/pmb2_navigation/pmb2_maps) by extension 'ignore'
[0.701s] Level 1:colcon.colcon_core.package_identification:_identify(ThirdParty/pmb2_navigation/pmb2_maps) by extension 'ignore_ament_install'
[0.701s] Level 1:colcon.colcon_core.package_identification:_identify(ThirdParty/pmb2_navigation/pmb2_maps) by extensions ['colcon_pkg']
[0.701s] Level 1:colcon.colcon_core.package_identification:_identify(ThirdParty/pmb2_navigation/pmb2_maps) by extension 'colcon_pkg'
[0.701s] Level 1:colcon.colcon_core.package_identification:_identify(ThirdParty/pmb2_navigation/pmb2_maps) by extensions ['colcon_meta']
[0.701s] Level 1:colcon.colcon_core.package_identification:_identify(ThirdParty/pmb2_navigation/pmb2_maps) by extension 'colcon_meta'
[0.701s] Level 1:colcon.colcon_core.package_identification:_identify(ThirdParty/pmb2_navigation/pmb2_maps) by extensions ['ros']
[0.701s] Level 1:colcon.colcon_core.package_identification:_identify(ThirdParty/pmb2_navigation/pmb2_maps) by extension 'ros'
[0.704s] DEBUG:colcon.colcon_core.package_identification:Package 'ThirdParty/pmb2_navigation/pmb2_maps' with type 'ros.ament_cmake' and name 'pmb2_maps'
[0.704s] Level 1:colcon.colcon_core.package_identification:_identify(ThirdParty/pmb2_navigation/pmb2_navigation) by extensions ['ignore', 'ignore_ament_install']
[0.705s] Level 1:colcon.colcon_core.package_identification:_identify(ThirdParty/pmb2_navigation/pmb2_navigation) by extension 'ignore'
[0.705s] Level 1:colcon.colcon_core.package_identification:_identify(ThirdParty/pmb2_navigation/pmb2_navigation) by extension 'ignore_ament_install'
[0.705s] Level 1:colcon.colcon_core.package_identification:_identify(ThirdParty/pmb2_navigation/pmb2_navigation) by extensions ['colcon_pkg']
[0.705s] Level 1:colcon.colcon_core.package_identification:_identify(ThirdParty/pmb2_navigation/pmb2_navigation) by extension 'colcon_pkg'
[0.705s] Level 1:colcon.colcon_core.package_identification:_identify(ThirdParty/pmb2_navigation/pmb2_navigation) by extensions ['colcon_meta']
[0.705s] Level 1:colcon.colcon_core.package_identification:_identify(ThirdParty/pmb2_navigation/pmb2_navigation) by extension 'colcon_meta'
[0.705s] Level 1:colcon.colcon_core.package_identification:_identify(ThirdParty/pmb2_navigation/pmb2_navigation) by extensions ['ros']
[0.705s] Level 1:colcon.colcon_core.package_identification:_identify(ThirdParty/pmb2_navigation/pmb2_navigation) by extension 'ros'
[0.707s] DEBUG:colcon.colcon_core.package_identification:Package 'ThirdParty/pmb2_navigation/pmb2_navigation' with type 'ros.ament_cmake' and name 'pmb2_navigation'
[0.707s] Level 1:colcon.colcon_core.package_identification:_identify(ThirdParty/pmb2_navigation/pmb2_rgbd_sensors) by extensions ['ignore', 'ignore_ament_install']
[0.707s] Level 1:colcon.colcon_core.package_identification:_identify(ThirdParty/pmb2_navigation/pmb2_rgbd_sensors) by extension 'ignore'
[0.707s] Level 1:colcon.colcon_core.package_identification:_identify(ThirdParty/pmb2_navigation/pmb2_rgbd_sensors) ignored
[0.707s] Level 1:colcon.colcon_core.package_identification:_identify(ThirdParty/pmb2_robot) by extensions ['ignore', 'ignore_ament_install']
[0.708s] Level 1:colcon.colcon_core.package_identification:_identify(ThirdParty/pmb2_robot) by extension 'ignore'
[0.708s] Level 1:colcon.colcon_core.package_identification:_identify(ThirdParty/pmb2_robot) by extension 'ignore_ament_install'
[0.708s] Level 1:colcon.colcon_core.package_identification:_identify(ThirdParty/pmb2_robot) by extensions ['colcon_pkg']
[0.708s] Level 1:colcon.colcon_core.package_identification:_identify(ThirdParty/pmb2_robot) by extension 'colcon_pkg'
[0.708s] Level 1:colcon.colcon_core.package_identification:_identify(ThirdParty/pmb2_robot) by extensions ['colcon_meta']
[0.708s] Level 1:colcon.colcon_core.package_identification:_identify(ThirdParty/pmb2_robot) by extension 'colcon_meta'
[0.708s] Level 1:colcon.colcon_core.package_identification:_identify(ThirdParty/pmb2_robot) by extensions ['ros']
[0.708s] Level 1:colcon.colcon_core.package_identification:_identify(ThirdParty/pmb2_robot) by extension 'ros'
[0.709s] Level 1:colcon.colcon_core.package_identification:_identify(ThirdParty/pmb2_robot) by extensions ['cmake', 'python']
[0.709s] Level 1:colcon.colcon_core.package_identification:_identify(ThirdParty/pmb2_robot) by extension 'cmake'
[0.709s] Level 1:colcon.colcon_core.package_identification:_identify(ThirdParty/pmb2_robot) by extension 'python'
[0.709s] Level 1:colcon.colcon_core.package_identification:_identify(ThirdParty/pmb2_robot) by extensions ['python_setup_py']
[0.709s] Level 1:colcon.colcon_core.package_identification:_identify(ThirdParty/pmb2_robot) by extension 'python_setup_py'
[0.709s] Level 1:colcon.colcon_core.package_identification:_identify(ThirdParty/pmb2_robot/pmb2_bringup) by extensions ['ignore', 'ignore_ament_install']
[0.709s] Level 1:colcon.colcon_core.package_identification:_identify(ThirdParty/pmb2_robot/pmb2_bringup) by extension 'ignore'
[0.709s] Level 1:colcon.colcon_core.package_identification:_identify(ThirdParty/pmb2_robot/pmb2_bringup) by extension 'ignore_ament_install'
[0.709s] Level 1:colcon.colcon_core.package_identification:_identify(ThirdParty/pmb2_robot/pmb2_bringup) by extensions ['colcon_pkg']
[0.709s] Level 1:colcon.colcon_core.package_identification:_identify(ThirdParty/pmb2_robot/pmb2_bringup) by extension 'colcon_pkg'
[0.709s] Level 1:colcon.colcon_core.package_identification:_identify(ThirdParty/pmb2_robot/pmb2_bringup) by extensions ['colcon_meta']
[0.709s] Level 1:colcon.colcon_core.package_identification:_identify(ThirdParty/pmb2_robot/pmb2_bringup) by extension 'colcon_meta'
[0.709s] Level 1:colcon.colcon_core.package_identification:_identify(ThirdParty/pmb2_robot/pmb2_bringup) by extensions ['ros']
[0.709s] Level 1:colcon.colcon_core.package_identification:_identify(ThirdParty/pmb2_robot/pmb2_bringup) by extension 'ros'
[0.712s] DEBUG:colcon.colcon_core.package_identification:Package 'ThirdParty/pmb2_robot/pmb2_bringup' with type 'ros.ament_cmake' and name 'pmb2_bringup'
[0.712s] Level 1:colcon.colcon_core.package_identification:_identify(ThirdParty/pmb2_robot/pmb2_controller_configuration) by extensions ['ignore', 'ignore_ament_install']
[0.713s] Level 1:colcon.colcon_core.package_identification:_identify(ThirdParty/pmb2_robot/pmb2_controller_configuration) by extension 'ignore'
[0.713s] Level 1:colcon.colcon_core.package_identification:_identify(ThirdParty/pmb2_robot/pmb2_controller_configuration) by extension 'ignore_ament_install'
[0.713s] Level 1:colcon.colcon_core.package_identification:_identify(ThirdParty/pmb2_robot/pmb2_controller_configuration) by extensions ['colcon_pkg']
[0.713s] Level 1:colcon.colcon_core.package_identification:_identify(ThirdParty/pmb2_robot/pmb2_controller_configuration) by extension 'colcon_pkg'
[0.713s] Level 1:colcon.colcon_core.package_identification:_identify(ThirdParty/pmb2_robot/pmb2_controller_configuration) by extensions ['colcon_meta']
[0.713s] Level 1:colcon.colcon_core.package_identification:_identify(ThirdParty/pmb2_robot/pmb2_controller_configuration) by extension 'colcon_meta'
[0.713s] Level 1:colcon.colcon_core.package_identification:_identify(ThirdParty/pmb2_robot/pmb2_controller_configuration) by extensions ['ros']
[0.713s] Level 1:colcon.colcon_core.package_identification:_identify(ThirdParty/pmb2_robot/pmb2_controller_configuration) by extension 'ros'
[0.717s] DEBUG:colcon.colcon_core.package_identification:Package 'ThirdParty/pmb2_robot/pmb2_controller_configuration' with type 'ros.ament_cmake' and name 'pmb2_controller_configuration'
[0.717s] Level 1:colcon.colcon_core.package_identification:_identify(ThirdParty/pmb2_robot/pmb2_description) by extensions ['ignore', 'ignore_ament_install']
[0.718s] Level 1:colcon.colcon_core.package_identification:_identify(ThirdParty/pmb2_robot/pmb2_description) by extension 'ignore'
[0.719s] Level 1:colcon.colcon_core.package_identification:_identify(ThirdParty/pmb2_robot/pmb2_description) by extension 'ignore_ament_install'
[0.719s] Level 1:colcon.colcon_core.package_identification:_identify(ThirdParty/pmb2_robot/pmb2_description) by extensions ['colcon_pkg']
[0.719s] Level 1:colcon.colcon_core.package_identification:_identify(ThirdParty/pmb2_robot/pmb2_description) by extension 'colcon_pkg'
[0.719s] Level 1:colcon.colcon_core.package_identification:_identify(ThirdParty/pmb2_robot/pmb2_description) by extensions ['colcon_meta']
[0.719s] Level 1:colcon.colcon_core.package_identification:_identify(ThirdParty/pmb2_robot/pmb2_description) by extension 'colcon_meta'
[0.719s] Level 1:colcon.colcon_core.package_identification:_identify(ThirdParty/pmb2_robot/pmb2_description) by extensions ['ros']
[0.719s] Level 1:colcon.colcon_core.package_identification:_identify(ThirdParty/pmb2_robot/pmb2_description) by extension 'ros'
[0.722s] DEBUG:colcon.colcon_core.package_identification:Package 'ThirdParty/pmb2_robot/pmb2_description' with type 'ros.ament_cmake' and name 'pmb2_description'
[0.722s] Level 1:colcon.colcon_core.package_identification:_identify(ThirdParty/pmb2_robot/pmb2_robot) by extensions ['ignore', 'ignore_ament_install']
[0.722s] Level 1:colcon.colcon_core.package_identification:_identify(ThirdParty/pmb2_robot/pmb2_robot) by extension 'ignore'
[0.722s] Level 1:colcon.colcon_core.package_identification:_identify(ThirdParty/pmb2_robot/pmb2_robot) by extension 'ignore_ament_install'
[0.722s] Level 1:colcon.colcon_core.package_identification:_identify(ThirdParty/pmb2_robot/pmb2_robot) by extensions ['colcon_pkg']
[0.722s] Level 1:colcon.colcon_core.package_identification:_identify(ThirdParty/pmb2_robot/pmb2_robot) by extension 'colcon_pkg'
[0.722s] Level 1:colcon.colcon_core.package_identification:_identify(ThirdParty/pmb2_robot/pmb2_robot) by extensions ['colcon_meta']
[0.722s] Level 1:colcon.colcon_core.package_identification:_identify(ThirdParty/pmb2_robot/pmb2_robot) by extension 'colcon_meta'
[0.723s] Level 1:colcon.colcon_core.package_identification:_identify(ThirdParty/pmb2_robot/pmb2_robot) by extensions ['ros']
[0.723s] Level 1:colcon.colcon_core.package_identification:_identify(ThirdParty/pmb2_robot/pmb2_robot) by extension 'ros'
[0.724s] DEBUG:colcon.colcon_core.package_identification:Package 'ThirdParty/pmb2_robot/pmb2_robot' with type 'ros.ament_cmake' and name 'pmb2_robot'
[0.725s] Level 1:colcon.colcon_core.package_identification:_identify(ThirdParty/ros2_control) by extensions ['ignore', 'ignore_ament_install']
[0.725s] Level 1:colcon.colcon_core.package_identification:_identify(ThirdParty/ros2_control) by extension 'ignore'
[0.725s] Level 1:colcon.colcon_core.package_identification:_identify(ThirdParty/ros2_control) by extension 'ignore_ament_install'
[0.725s] Level 1:colcon.colcon_core.package_identification:_identify(ThirdParty/ros2_control) by extensions ['colcon_pkg']
[0.725s] Level 1:colcon.colcon_core.package_identification:_identify(ThirdParty/ros2_control) by extension 'colcon_pkg'
[0.726s] Level 1:colcon.colcon_core.package_identification:_identify(ThirdParty/ros2_control) by extensions ['colcon_meta']
[0.726s] Level 1:colcon.colcon_core.package_identification:_identify(ThirdParty/ros2_control) by extension 'colcon_meta'
[0.726s] Level 1:colcon.colcon_core.package_identification:_identify(ThirdParty/ros2_control) by extensions ['ros']
[0.726s] Level 1:colcon.colcon_core.package_identification:_identify(ThirdParty/ros2_control) by extension 'ros'
[0.726s] Level 1:colcon.colcon_core.package_identification:_identify(ThirdParty/ros2_control) by extensions ['cmake', 'python']
[0.726s] Level 1:colcon.colcon_core.package_identification:_identify(ThirdParty/ros2_control) by extension 'cmake'
[0.726s] Level 1:colcon.colcon_core.package_identification:_identify(ThirdParty/ros2_control) by extension 'python'
[0.726s] Level 1:colcon.colcon_core.package_identification:_identify(ThirdParty/ros2_control) by extensions ['python_setup_py']
[0.726s] Level 1:colcon.colcon_core.package_identification:_identify(ThirdParty/ros2_control) by extension 'python_setup_py'
[0.726s] Level 1:colcon.colcon_core.package_identification:_identify(ThirdParty/ros2_control/controller_interface) by extensions ['ignore', 'ignore_ament_install']
[0.727s] Level 1:colcon.colcon_core.package_identification:_identify(ThirdParty/ros2_control/controller_interface) by extension 'ignore'
[0.727s] Level 1:colcon.colcon_core.package_identification:_identify(ThirdParty/ros2_control/controller_interface) by extension 'ignore_ament_install'
[0.727s] Level 1:colcon.colcon_core.package_identification:_identify(ThirdParty/ros2_control/controller_interface) by extensions ['colcon_pkg']
[0.727s] Level 1:colcon.colcon_core.package_identification:_identify(ThirdParty/ros2_control/controller_interface) by extension 'colcon_pkg'
[0.727s] Level 1:colcon.colcon_core.package_identification:_identify(ThirdParty/ros2_control/controller_interface) by extensions ['colcon_meta']
[0.727s] Level 1:colcon.colcon_core.package_identification:_identify(ThirdParty/ros2_control/controller_interface) by extension 'colcon_meta'
[0.727s] Level 1:colcon.colcon_core.package_identification:_identify(ThirdParty/ros2_control/controller_interface) by extensions ['ros']
[0.727s] Level 1:colcon.colcon_core.package_identification:_identify(ThirdParty/ros2_control/controller_interface) by extension 'ros'
[0.730s] DEBUG:colcon.colcon_core.package_identification:Package 'ThirdParty/ros2_control/controller_interface' with type 'ros.ament_cmake' and name 'controller_interface'
[0.730s] Level 1:colcon.colcon_core.package_identification:_identify(ThirdParty/ros2_control/controller_manager) by extensions ['ignore', 'ignore_ament_install']
[0.730s] Level 1:colcon.colcon_core.package_identification:_identify(ThirdParty/ros2_control/controller_manager) by extension 'ignore'
[0.730s] Level 1:colcon.colcon_core.package_identification:_identify(ThirdParty/ros2_control/controller_manager) by extension 'ignore_ament_install'
[0.730s] Level 1:colcon.colcon_core.package_identification:_identify(ThirdParty/ros2_control/controller_manager) by extensions ['colcon_pkg']
[0.730s] Level 1:colcon.colcon_core.package_identification:_identify(ThirdParty/ros2_control/controller_manager) by extension 'colcon_pkg'
[0.730s] Level 1:colcon.colcon_core.package_identification:_identify(ThirdParty/ros2_control/controller_manager) by extensions ['colcon_meta']
[0.730s] Level 1:colcon.colcon_core.package_identification:_identify(ThirdParty/ros2_control/controller_manager) by extension 'colcon_meta'
[0.731s] Level 1:colcon.colcon_core.package_identification:_identify(ThirdParty/ros2_control/controller_manager) by extensions ['ros']
[0.731s] Level 1:colcon.colcon_core.package_identification:_identify(ThirdParty/ros2_control/controller_manager) by extension 'ros'
[0.733s] DEBUG:colcon.colcon_core.package_identification:Package 'ThirdParty/ros2_control/controller_manager' with type 'ros.ament_cmake' and name 'controller_manager'
[0.733s] Level 1:colcon.colcon_core.package_identification:_identify(ThirdParty/ros2_control/controller_manager_msgs) by extensions ['ignore', 'ignore_ament_install']
[0.734s] Level 1:colcon.colcon_core.package_identification:_identify(ThirdParty/ros2_control/controller_manager_msgs) by extension 'ignore'
[0.734s] Level 1:colcon.colcon_core.package_identification:_identify(ThirdParty/ros2_control/controller_manager_msgs) by extension 'ignore_ament_install'
[0.734s] Level 1:colcon.colcon_core.package_identification:_identify(ThirdParty/ros2_control/controller_manager_msgs) by extensions ['colcon_pkg']
[0.734s] Level 1:colcon.colcon_core.package_identification:_identify(ThirdParty/ros2_control/controller_manager_msgs) by extension 'colcon_pkg'
[0.734s] Level 1:colcon.colcon_core.package_identification:_identify(ThirdParty/ros2_control/controller_manager_msgs) by extensions ['colcon_meta']
[0.734s] Level 1:colcon.colcon_core.package_identification:_identify(ThirdParty/ros2_control/controller_manager_msgs) by extension 'colcon_meta'
[0.734s] Level 1:colcon.colcon_core.package_identification:_identify(ThirdParty/ros2_control/controller_manager_msgs) by extensions ['ros']
[0.734s] Level 1:colcon.colcon_core.package_identification:_identify(ThirdParty/ros2_control/controller_manager_msgs) by extension 'ros'
[0.736s] DEBUG:colcon.colcon_core.package_identification:Package 'ThirdParty/ros2_control/controller_manager_msgs' with type 'ros.ament_cmake' and name 'controller_manager_msgs'
[0.737s] Level 1:colcon.colcon_core.package_identification:_identify(ThirdParty/ros2_control/hardware_interface) by extensions ['ignore', 'ignore_ament_install']
[0.737s] Level 1:colcon.colcon_core.package_identification:_identify(ThirdParty/ros2_control/hardware_interface) by extension 'ignore'
[0.737s] Level 1:colcon.colcon_core.package_identification:_identify(ThirdParty/ros2_control/hardware_interface) by extension 'ignore_ament_install'
[0.737s] Level 1:colcon.colcon_core.package_identification:_identify(ThirdParty/ros2_control/hardware_interface) by extensions ['colcon_pkg']
[0.737s] Level 1:colcon.colcon_core.package_identification:_identify(ThirdParty/ros2_control/hardware_interface) by extension 'colcon_pkg'
[0.737s] Level 1:colcon.colcon_core.package_identification:_identify(ThirdParty/ros2_control/hardware_interface) by extensions ['colcon_meta']
[0.737s] Level 1:colcon.colcon_core.package_identification:_identify(ThirdParty/ros2_control/hardware_interface) by extension 'colcon_meta'
[0.737s] Level 1:colcon.colcon_core.package_identification:_identify(ThirdParty/ros2_control/hardware_interface) by extensions ['ros']
[0.737s] Level 1:colcon.colcon_core.package_identification:_identify(ThirdParty/ros2_control/hardware_interface) by extension 'ros'
[0.739s] DEBUG:colcon.colcon_core.package_identification:Package 'ThirdParty/ros2_control/hardware_interface' with type 'ros.ament_cmake' and name 'hardware_interface'
[0.739s] Level 1:colcon.colcon_core.package_identification:_identify(ThirdParty/ros2_control/joint_limits_interface) by extensions ['ignore', 'ignore_ament_install']
[0.739s] Level 1:colcon.colcon_core.package_identification:_identify(ThirdParty/ros2_control/joint_limits_interface) by extension 'ignore'
[0.739s] Level 1:colcon.colcon_core.package_identification:_identify(ThirdParty/ros2_control/joint_limits_interface) ignored
[0.739s] Level 1:colcon.colcon_core.package_identification:_identify(ThirdParty/ros2_control/ros2_control) by extensions ['ignore', 'ignore_ament_install']
[0.740s] Level 1:colcon.colcon_core.package_identification:_identify(ThirdParty/ros2_control/ros2_control) by extension 'ignore'
[0.740s] Level 1:colcon.colcon_core.package_identification:_identify(ThirdParty/ros2_control/ros2_control) by extension 'ignore_ament_install'
[0.740s] Level 1:colcon.colcon_core.package_identification:_identify(ThirdParty/ros2_control/ros2_control) by extensions ['colcon_pkg']
[0.740s] Level 1:colcon.colcon_core.package_identification:_identify(ThirdParty/ros2_control/ros2_control) by extension 'colcon_pkg'
[0.740s] Level 1:colcon.colcon_core.package_identification:_identify(ThirdParty/ros2_control/ros2_control) by extensions ['colcon_meta']
[0.740s] Level 1:colcon.colcon_core.package_identification:_identify(ThirdParty/ros2_control/ros2_control) by extension 'colcon_meta'
[0.740s] Level 1:colcon.colcon_core.package_identification:_identify(ThirdParty/ros2_control/ros2_control) by extensions ['ros']
[0.740s] Level 1:colcon.colcon_core.package_identification:_identify(ThirdParty/ros2_control/ros2_control) by extension 'ros'
[0.742s] DEBUG:colcon.colcon_core.package_identification:Package 'ThirdParty/ros2_control/ros2_control' with type 'ros.ament_cmake' and name 'ros2_control'
[0.742s] Level 1:colcon.colcon_core.package_identification:_identify(ThirdParty/ros2_control/ros2_control_test_assets) by extensions ['ignore', 'ignore_ament_install']
[0.743s] Level 1:colcon.colcon_core.package_identification:_identify(ThirdParty/ros2_control/ros2_control_test_assets) by extension 'ignore'
[0.743s] Level 1:colcon.colcon_core.package_identification:_identify(ThirdParty/ros2_control/ros2_control_test_assets) by extension 'ignore_ament_install'
[0.743s] Level 1:colcon.colcon_core.package_identification:_identify(ThirdParty/ros2_control/ros2_control_test_assets) by extensions ['colcon_pkg']
[0.743s] Level 1:colcon.colcon_core.package_identification:_identify(ThirdParty/ros2_control/ros2_control_test_assets) by extension 'colcon_pkg'
[0.743s] Level 1:colcon.colcon_core.package_identification:_identify(ThirdParty/ros2_control/ros2_control_test_assets) by extensions ['colcon_meta']
[0.743s] Level 1:colcon.colcon_core.package_identification:_identify(ThirdParty/ros2_control/ros2_control_test_assets) by extension 'colcon_meta'
[0.743s] Level 1:colcon.colcon_core.package_identification:_identify(ThirdParty/ros2_control/ros2_control_test_assets) by extensions ['ros']
[0.743s] Level 1:colcon.colcon_core.package_identification:_identify(ThirdParty/ros2_control/ros2_control_test_assets) by extension 'ros'
[0.746s] DEBUG:colcon.colcon_core.package_identification:Package 'ThirdParty/ros2_control/ros2_control_test_assets' with type 'ros.ament_cmake' and name 'ros2_control_test_assets'
[0.746s] Level 1:colcon.colcon_core.package_identification:_identify(ThirdParty/ros2_control/ros2controlcli) by extensions ['ignore', 'ignore_ament_install']
[0.746s] Level 1:colcon.colcon_core.package_identification:_identify(ThirdParty/ros2_control/ros2controlcli) by extension 'ignore'
[0.746s] Level 1:colcon.colcon_core.package_identification:_identify(ThirdParty/ros2_control/ros2controlcli) by extension 'ignore_ament_install'
[0.746s] Level 1:colcon.colcon_core.package_identification:_identify(ThirdParty/ros2_control/ros2controlcli) by extensions ['colcon_pkg']
[0.746s] Level 1:colcon.colcon_core.package_identification:_identify(ThirdParty/ros2_control/ros2controlcli) by extension 'colcon_pkg'
[0.746s] Level 1:colcon.colcon_core.package_identification:_identify(ThirdParty/ros2_control/ros2controlcli) by extensions ['colcon_meta']
[0.746s] Level 1:colcon.colcon_core.package_identification:_identify(ThirdParty/ros2_control/ros2controlcli) by extension 'colcon_meta'
[0.746s] Level 1:colcon.colcon_core.package_identification:_identify(ThirdParty/ros2_control/ros2controlcli) by extensions ['ros']
[0.746s] Level 1:colcon.colcon_core.package_identification:_identify(ThirdParty/ros2_control/ros2controlcli) by extension 'ros'
[0.749s] DEBUG:colcon.colcon_core.package_identification:Package 'ThirdParty/ros2_control/ros2controlcli' with type 'ros.ament_python' and name 'ros2controlcli'
[0.749s] Level 1:colcon.colcon_core.package_identification:_identify(ThirdParty/ros2_control/transmission_interface) by extensions ['ignore', 'ignore_ament_install']
[0.749s] Level 1:colcon.colcon_core.package_identification:_identify(ThirdParty/ros2_control/transmission_interface) by extension 'ignore'
[0.749s] Level 1:colcon.colcon_core.package_identification:_identify(ThirdParty/ros2_control/transmission_interface) by extension 'ignore_ament_install'
[0.749s] Level 1:colcon.colcon_core.package_identification:_identify(ThirdParty/ros2_control/transmission_interface) by extensions ['colcon_pkg']
[0.749s] Level 1:colcon.colcon_core.package_identification:_identify(ThirdParty/ros2_control/transmission_interface) by extension 'colcon_pkg'
[0.749s] Level 1:colcon.colcon_core.package_identification:_identify(ThirdParty/ros2_control/transmission_interface) by extensions ['colcon_meta']
[0.749s] Level 1:colcon.colcon_core.package_identification:_identify(ThirdParty/ros2_control/transmission_interface) by extension 'colcon_meta'
[0.749s] Level 1:colcon.colcon_core.package_identification:_identify(ThirdParty/ros2_control/transmission_interface) by extensions ['ros']
[0.749s] Level 1:colcon.colcon_core.package_identification:_identify(ThirdParty/ros2_control/transmission_interface) by extension 'ros'
[0.751s] DEBUG:colcon.colcon_core.package_identification:Package 'ThirdParty/ros2_control/transmission_interface' with type 'ros.ament_cmake' and name 'transmission_interface'
[0.751s] Level 1:colcon.colcon_core.package_identification:_identify(ThirdParty/ros2_controllers) by extensions ['ignore', 'ignore_ament_install']
[0.751s] Level 1:colcon.colcon_core.package_identification:_identify(ThirdParty/ros2_controllers) by extension 'ignore'
[0.752s] Level 1:colcon.colcon_core.package_identification:_identify(ThirdParty/ros2_controllers) by extension 'ignore_ament_install'
[0.752s] Level 1:colcon.colcon_core.package_identification:_identify(ThirdParty/ros2_controllers) by extensions ['colcon_pkg']
[0.752s] Level 1:colcon.colcon_core.package_identification:_identify(ThirdParty/ros2_controllers) by extension 'colcon_pkg'
[0.752s] Level 1:colcon.colcon_core.package_identification:_identify(ThirdParty/ros2_controllers) by extensions ['colcon_meta']
[0.752s] Level 1:colcon.colcon_core.package_identification:_identify(ThirdParty/ros2_controllers) by extension 'colcon_meta'
[0.752s] Level 1:colcon.colcon_core.package_identification:_identify(ThirdParty/ros2_controllers) by extensions ['ros']
[0.752s] Level 1:colcon.colcon_core.package_identification:_identify(ThirdParty/ros2_controllers) by extension 'ros'
[0.752s] Level 1:colcon.colcon_core.package_identification:_identify(ThirdParty/ros2_controllers) by extensions ['cmake', 'python']
[0.752s] Level 1:colcon.colcon_core.package_identification:_identify(ThirdParty/ros2_controllers) by extension 'cmake'
[0.752s] Level 1:colcon.colcon_core.package_identification:_identify(ThirdParty/ros2_controllers) by extension 'python'
[0.753s] Level 1:colcon.colcon_core.package_identification:_identify(ThirdParty/ros2_controllers) by extensions ['python_setup_py']
[0.753s] Level 1:colcon.colcon_core.package_identification:_identify(ThirdParty/ros2_controllers) by extension 'python_setup_py'
[0.753s] Level 1:colcon.colcon_core.package_identification:_identify(ThirdParty/ros2_controllers/diff_drive_controller) by extensions ['ignore', 'ignore_ament_install']
[0.753s] Level 1:colcon.colcon_core.package_identification:_identify(ThirdParty/ros2_controllers/diff_drive_controller) by extension 'ignore'
[0.753s] Level 1:colcon.colcon_core.package_identification:_identify(ThirdParty/ros2_controllers/diff_drive_controller) by extension 'ignore_ament_install'
[0.753s] Level 1:colcon.colcon_core.package_identification:_identify(ThirdParty/ros2_controllers/diff_drive_controller) by extensions ['colcon_pkg']
[0.753s] Level 1:colcon.colcon_core.package_identification:_identify(ThirdParty/ros2_controllers/diff_drive_controller) by extension 'colcon_pkg'
[0.753s] Level 1:colcon.colcon_core.package_identification:_identify(ThirdParty/ros2_controllers/diff_drive_controller) by extensions ['colcon_meta']
[0.753s] Level 1:colcon.colcon_core.package_identification:_identify(ThirdParty/ros2_controllers/diff_drive_controller) by extension 'colcon_meta'
[0.753s] Level 1:colcon.colcon_core.package_identification:_identify(ThirdParty/ros2_controllers/diff_drive_controller) by extensions ['ros']
[0.753s] Level 1:colcon.colcon_core.package_identification:_identify(ThirdParty/ros2_controllers/diff_drive_controller) by extension 'ros'
[0.755s] DEBUG:colcon.colcon_core.package_identification:Package 'ThirdParty/ros2_controllers/diff_drive_controller' with type 'ros.ament_cmake' and name 'diff_drive_controller'
[0.756s] Level 1:colcon.colcon_core.package_identification:_identify(ThirdParty/ros2_controllers/doc) by extensions ['ignore', 'ignore_ament_install']
[0.756s] Level 1:colcon.colcon_core.package_identification:_identify(ThirdParty/ros2_controllers/doc) by extension 'ignore'
[0.756s] Level 1:colcon.colcon_core.package_identification:_identify(ThirdParty/ros2_controllers/doc) by extension 'ignore_ament_install'
[0.756s] Level 1:colcon.colcon_core.package_identification:_identify(ThirdParty/ros2_controllers/doc) by extensions ['colcon_pkg']
[0.756s] Level 1:colcon.colcon_core.package_identification:_identify(ThirdParty/ros2_controllers/doc) by extension 'colcon_pkg'
[0.756s] Level 1:colcon.colcon_core.package_identification:_identify(ThirdParty/ros2_controllers/doc) by extensions ['colcon_meta']
[0.756s] Level 1:colcon.colcon_core.package_identification:_identify(ThirdParty/ros2_controllers/doc) by extension 'colcon_meta'
[0.756s] Level 1:colcon.colcon_core.package_identification:_identify(ThirdParty/ros2_controllers/doc) by extensions ['ros']
[0.756s] Level 1:colcon.colcon_core.package_identification:_identify(ThirdParty/ros2_controllers/doc) by extension 'ros'
[0.756s] Level 1:colcon.colcon_core.package_identification:_identify(ThirdParty/ros2_controllers/doc) by extensions ['cmake', 'python']
[0.756s] Level 1:colcon.colcon_core.package_identification:_identify(ThirdParty/ros2_controllers/doc) by extension 'cmake'
[0.756s] Level 1:colcon.colcon_core.package_identification:_identify(ThirdParty/ros2_controllers/doc) by extension 'python'
[0.756s] Level 1:colcon.colcon_core.package_identification:_identify(ThirdParty/ros2_controllers/doc) by extensions ['python_setup_py']
[0.756s] Level 1:colcon.colcon_core.package_identification:_identify(ThirdParty/ros2_controllers/doc) by extension 'python_setup_py'
[0.757s] Level 1:colcon.colcon_core.package_identification:_identify(ThirdParty/ros2_controllers/effort_controllers) by extensions ['ignore', 'ignore_ament_install']
[0.757s] Level 1:colcon.colcon_core.package_identification:_identify(ThirdParty/ros2_controllers/effort_controllers) by extension 'ignore'
[0.757s] Level 1:colcon.colcon_core.package_identification:_identify(ThirdParty/ros2_controllers/effort_controllers) by extension 'ignore_ament_install'
[0.757s] Level 1:colcon.colcon_core.package_identification:_identify(ThirdParty/ros2_controllers/effort_controllers) by extensions ['colcon_pkg']
[0.757s] Level 1:colcon.colcon_core.package_identification:_identify(ThirdParty/ros2_controllers/effort_controllers) by extension 'colcon_pkg'
[0.757s] Level 1:colcon.colcon_core.package_identification:_identify(ThirdParty/ros2_controllers/effort_controllers) by extensions ['colcon_meta']
[0.757s] Level 1:colcon.colcon_core.package_identification:_identify(ThirdParty/ros2_controllers/effort_controllers) by extension 'colcon_meta'
[0.757s] Level 1:colcon.colcon_core.package_identification:_identify(ThirdParty/ros2_controllers/effort_controllers) by extensions ['ros']
[0.757s] Level 1:colcon.colcon_core.package_identification:_identify(ThirdParty/ros2_controllers/effort_controllers) by extension 'ros'
[0.759s] DEBUG:colcon.colcon_core.package_identification:Package 'ThirdParty/ros2_controllers/effort_controllers' with type 'ros.ament_cmake' and name 'effort_controllers'
[0.759s] Level 1:colcon.colcon_core.package_identification:_identify(ThirdParty/ros2_controllers/force_torque_sensor_broadcaster) by extensions ['ignore', 'ignore_ament_install']
[0.759s] Level 1:colcon.colcon_core.package_identification:_identify(ThirdParty/ros2_controllers/force_torque_sensor_broadcaster) by extension 'ignore'
[0.759s] Level 1:colcon.colcon_core.package_identification:_identify(ThirdParty/ros2_controllers/force_torque_sensor_broadcaster) by extension 'ignore_ament_install'
[0.759s] Level 1:colcon.colcon_core.package_identification:_identify(ThirdParty/ros2_controllers/force_torque_sensor_broadcaster) by extensions ['colcon_pkg']
[0.759s] Level 1:colcon.colcon_core.package_identification:_identify(ThirdParty/ros2_controllers/force_torque_sensor_broadcaster) by extension 'colcon_pkg'
[0.759s] Level 1:colcon.colcon_core.package_identification:_identify(ThirdParty/ros2_controllers/force_torque_sensor_broadcaster) by extensions ['colcon_meta']
[0.759s] Level 1:colcon.colcon_core.package_identification:_identify(ThirdParty/ros2_controllers/force_torque_sensor_broadcaster) by extension 'colcon_meta'
[0.759s] Level 1:colcon.colcon_core.package_identification:_identify(ThirdParty/ros2_controllers/force_torque_sensor_broadcaster) by extensions ['ros']
[0.759s] Level 1:colcon.colcon_core.package_identification:_identify(ThirdParty/ros2_controllers/force_torque_sensor_broadcaster) by extension 'ros'
[0.761s] DEBUG:colcon.colcon_core.package_identification:Package 'ThirdParty/ros2_controllers/force_torque_sensor_broadcaster' with type 'ros.ament_cmake' and name 'force_torque_sensor_broadcaster'
[0.761s] Level 1:colcon.colcon_core.package_identification:_identify(ThirdParty/ros2_controllers/forward_command_controller) by extensions ['ignore', 'ignore_ament_install']
[0.762s] Level 1:colcon.colcon_core.package_identification:_identify(ThirdParty/ros2_controllers/forward_command_controller) by extension 'ignore'
[0.762s] Level 1:colcon.colcon_core.package_identification:_identify(ThirdParty/ros2_controllers/forward_command_controller) by extension 'ignore_ament_install'
[0.762s] Level 1:colcon.colcon_core.package_identification:_identify(ThirdParty/ros2_controllers/forward_command_controller) by extensions ['colcon_pkg']
[0.762s] Level 1:colcon.colcon_core.package_identification:_identify(ThirdParty/ros2_controllers/forward_command_controller) by extension 'colcon_pkg'
[0.762s] Level 1:colcon.colcon_core.package_identification:_identify(ThirdParty/ros2_controllers/forward_command_controller) by extensions ['colcon_meta']
[0.762s] Level 1:colcon.colcon_core.package_identification:_identify(ThirdParty/ros2_controllers/forward_command_controller) by extension 'colcon_meta'
[0.762s] Level 1:colcon.colcon_core.package_identification:_identify(ThirdParty/ros2_controllers/forward_command_controller) by extensions ['ros']
[0.762s] Level 1:colcon.colcon_core.package_identification:_identify(ThirdParty/ros2_controllers/forward_command_controller) by extension 'ros'
[0.764s] DEBUG:colcon.colcon_core.package_identification:Package 'ThirdParty/ros2_controllers/forward_command_controller' with type 'ros.ament_cmake' and name 'forward_command_controller'
[0.765s] Level 1:colcon.colcon_core.package_identification:_identify(ThirdParty/ros2_controllers/gripper_controllers) by extensions ['ignore', 'ignore_ament_install']
[0.765s] Level 1:colcon.colcon_core.package_identification:_identify(ThirdParty/ros2_controllers/gripper_controllers) by extension 'ignore'
[0.765s] Level 1:colcon.colcon_core.package_identification:_identify(ThirdParty/ros2_controllers/gripper_controllers) by extension 'ignore_ament_install'
[0.765s] Level 1:colcon.colcon_core.package_identification:_identify(ThirdParty/ros2_controllers/gripper_controllers) by extensions ['colcon_pkg']
[0.765s] Level 1:colcon.colcon_core.package_identification:_identify(ThirdParty/ros2_controllers/gripper_controllers) by extension 'colcon_pkg'
[0.765s] Level 1:colcon.colcon_core.package_identification:_identify(ThirdParty/ros2_controllers/gripper_controllers) by extensions ['colcon_meta']
[0.765s] Level 1:colcon.colcon_core.package_identification:_identify(ThirdParty/ros2_controllers/gripper_controllers) by extension 'colcon_meta'
[0.765s] Level 1:colcon.colcon_core.package_identification:_identify(ThirdParty/ros2_controllers/gripper_controllers) by extensions ['ros']
[0.765s] Level 1:colcon.colcon_core.package_identification:_identify(ThirdParty/ros2_controllers/gripper_controllers) by extension 'ros'
[0.770s] DEBUG:colcon.colcon_core.package_identification:Package 'ThirdParty/ros2_controllers/gripper_controllers' with type 'ros.ament_cmake' and name 'gripper_controllers'
[0.770s] Level 1:colcon.colcon_core.package_identification:_identify(ThirdParty/ros2_controllers/imu_sensor_broadcaster) by extensions ['ignore', 'ignore_ament_install']
[0.771s] Level 1:colcon.colcon_core.package_identification:_identify(ThirdParty/ros2_controllers/imu_sensor_broadcaster) by extension 'ignore'
[0.771s] Level 1:colcon.colcon_core.package_identification:_identify(ThirdParty/ros2_controllers/imu_sensor_broadcaster) by extension 'ignore_ament_install'
[0.771s] Level 1:colcon.colcon_core.package_identification:_identify(ThirdParty/ros2_controllers/imu_sensor_broadcaster) by extensions ['colcon_pkg']
[0.771s] Level 1:colcon.colcon_core.package_identification:_identify(ThirdParty/ros2_controllers/imu_sensor_broadcaster) by extension 'colcon_pkg'
[0.771s] Level 1:colcon.colcon_core.package_identification:_identify(ThirdParty/ros2_controllers/imu_sensor_broadcaster) by extensions ['colcon_meta']
[0.771s] Level 1:colcon.colcon_core.package_identification:_identify(ThirdParty/ros2_controllers/imu_sensor_broadcaster) by extension 'colcon_meta'
[0.771s] Level 1:colcon.colcon_core.package_identification:_identify(ThirdParty/ros2_controllers/imu_sensor_broadcaster) by extensions ['ros']
[0.771s] Level 1:colcon.colcon_core.package_identification:_identify(ThirdParty/ros2_controllers/imu_sensor_broadcaster) by extension 'ros'
[0.773s] DEBUG:colcon.colcon_core.package_identification:Package 'ThirdParty/ros2_controllers/imu_sensor_broadcaster' with type 'ros.ament_cmake' and name 'imu_sensor_broadcaster'
[0.774s] Level 1:colcon.colcon_core.package_identification:_identify(ThirdParty/ros2_controllers/joint_state_broadcaster) by extensions ['ignore', 'ignore_ament_install']
[0.774s] Level 1:colcon.colcon_core.package_identification:_identify(ThirdParty/ros2_controllers/joint_state_broadcaster) by extension 'ignore'
[0.774s] Level 1:colcon.colcon_core.package_identification:_identify(ThirdParty/ros2_controllers/joint_state_broadcaster) by extension 'ignore_ament_install'
[0.774s] Level 1:colcon.colcon_core.package_identification:_identify(ThirdParty/ros2_controllers/joint_state_broadcaster) by extensions ['colcon_pkg']
[0.774s] Level 1:colcon.colcon_core.package_identification:_identify(ThirdParty/ros2_controllers/joint_state_broadcaster) by extension 'colcon_pkg'
[0.774s] Level 1:colcon.colcon_core.package_identification:_identify(ThirdParty/ros2_controllers/joint_state_broadcaster) by extensions ['colcon_meta']
[0.774s] Level 1:colcon.colcon_core.package_identification:_identify(ThirdParty/ros2_controllers/joint_state_broadcaster) by extension 'colcon_meta'
[0.775s] Level 1:colcon.colcon_core.package_identification:_identify(ThirdParty/ros2_controllers/joint_state_broadcaster) by extensions ['ros']
[0.775s] Level 1:colcon.colcon_core.package_identification:_identify(ThirdParty/ros2_controllers/joint_state_broadcaster) by extension 'ros'
[0.777s] DEBUG:colcon.colcon_core.package_identification:Package 'ThirdParty/ros2_controllers/joint_state_broadcaster' with type 'ros.ament_cmake' and name 'joint_state_broadcaster'
[0.778s] Level 1:colcon.colcon_core.package_identification:_identify(ThirdParty/ros2_controllers/joint_state_controller) by extensions ['ignore', 'ignore_ament_install']
[0.778s] Level 1:colcon.colcon_core.package_identification:_identify(ThirdParty/ros2_controllers/joint_state_controller) by extension 'ignore'
[0.778s] Level 1:colcon.colcon_core.package_identification:_identify(ThirdParty/ros2_controllers/joint_state_controller) by extension 'ignore_ament_install'
[0.778s] Level 1:colcon.colcon_core.package_identification:_identify(ThirdParty/ros2_controllers/joint_state_controller) by extensions ['colcon_pkg']
[0.778s] Level 1:colcon.colcon_core.package_identification:_identify(ThirdParty/ros2_controllers/joint_state_controller) by extension 'colcon_pkg'
[0.779s] Level 1:colcon.colcon_core.package_identification:_identify(ThirdParty/ros2_controllers/joint_state_controller) by extensions ['colcon_meta']
[0.779s] Level 1:colcon.colcon_core.package_identification:_identify(ThirdParty/ros2_controllers/joint_state_controller) by extension 'colcon_meta'
[0.779s] Level 1:colcon.colcon_core.package_identification:_identify(ThirdParty/ros2_controllers/joint_state_controller) by extensions ['ros']
[0.779s] Level 1:colcon.colcon_core.package_identification:_identify(ThirdParty/ros2_controllers/joint_state_controller) by extension 'ros'
[0.783s] DEBUG:colcon.colcon_core.package_identification:Package 'ThirdParty/ros2_controllers/joint_state_controller' with type 'ros.ament_cmake' and name 'joint_state_controller'
[0.783s] Level 1:colcon.colcon_core.package_identification:_identify(ThirdParty/ros2_controllers/joint_trajectory_controller) by extensions ['ignore', 'ignore_ament_install']
[0.783s] Level 1:colcon.colcon_core.package_identification:_identify(ThirdParty/ros2_controllers/joint_trajectory_controller) by extension 'ignore'
[0.783s] Level 1:colcon.colcon_core.package_identification:_identify(ThirdParty/ros2_controllers/joint_trajectory_controller) by extension 'ignore_ament_install'
[0.783s] Level 1:colcon.colcon_core.package_identification:_identify(ThirdParty/ros2_controllers/joint_trajectory_controller) by extensions ['colcon_pkg']
[0.783s] Level 1:colcon.colcon_core.package_identification:_identify(ThirdParty/ros2_controllers/joint_trajectory_controller) by extension 'colcon_pkg'
[0.783s] Level 1:colcon.colcon_core.package_identification:_identify(ThirdParty/ros2_controllers/joint_trajectory_controller) by extensions ['colcon_meta']
[0.783s] Level 1:colcon.colcon_core.package_identification:_identify(ThirdParty/ros2_controllers/joint_trajectory_controller) by extension 'colcon_meta'
[0.783s] Level 1:colcon.colcon_core.package_identification:_identify(ThirdParty/ros2_controllers/joint_trajectory_controller) by extensions ['ros']
[0.783s] Level 1:colcon.colcon_core.package_identification:_identify(ThirdParty/ros2_controllers/joint_trajectory_controller) by extension 'ros'
[0.799s] DEBUG:colcon.colcon_core.package_identification:Package 'ThirdParty/ros2_controllers/joint_trajectory_controller' with type 'ros.ament_cmake' and name 'joint_trajectory_controller'
[0.799s] Level 1:colcon.colcon_core.package_identification:_identify(ThirdParty/ros2_controllers/position_controllers) by extensions ['ignore', 'ignore_ament_install']
[0.799s] Level 1:colcon.colcon_core.package_identification:_identify(ThirdParty/ros2_controllers/position_controllers) by extension 'ignore'
[0.799s] Level 1:colcon.colcon_core.package_identification:_identify(ThirdParty/ros2_controllers/position_controllers) by extension 'ignore_ament_install'
[0.799s] Level 1:colcon.colcon_core.package_identification:_identify(ThirdParty/ros2_controllers/position_controllers) by extensions ['colcon_pkg']
[0.799s] Level 1:colcon.colcon_core.package_identification:_identify(ThirdParty/ros2_controllers/position_controllers) by extension 'colcon_pkg'
[0.799s] Level 1:colcon.colcon_core.package_identification:_identify(ThirdParty/ros2_controllers/position_controllers) by extensions ['colcon_meta']
[0.799s] Level 1:colcon.colcon_core.package_identification:_identify(ThirdParty/ros2_controllers/position_controllers) by extension 'colcon_meta'
[0.800s] Level 1:colcon.colcon_core.package_identification:_identify(ThirdParty/ros2_controllers/position_controllers) by extensions ['ros']
[0.800s] Level 1:colcon.colcon_core.package_identification:_identify(ThirdParty/ros2_controllers/position_controllers) by extension 'ros'
[0.801s] DEBUG:colcon.colcon_core.package_identification:Package 'ThirdParty/ros2_controllers/position_controllers' with type 'ros.ament_cmake' and name 'position_controllers'
[0.802s] Level 1:colcon.colcon_core.package_identification:_identify(ThirdParty/ros2_controllers/ros2_controllers) by extensions ['ignore', 'ignore_ament_install']
[0.802s] Level 1:colcon.colcon_core.package_identification:_identify(ThirdParty/ros2_controllers/ros2_controllers) by extension 'ignore'
[0.802s] Level 1:colcon.colcon_core.package_identification:_identify(ThirdParty/ros2_controllers/ros2_controllers) by extension 'ignore_ament_install'
[0.802s] Level 1:colcon.colcon_core.package_identification:_identify(ThirdParty/ros2_controllers/ros2_controllers) by extensions ['colcon_pkg']
[0.802s] Level 1:colcon.colcon_core.package_identification:_identify(ThirdParty/ros2_controllers/ros2_controllers) by extension 'colcon_pkg'
[0.802s] Level 1:colcon.colcon_core.package_identification:_identify(ThirdParty/ros2_controllers/ros2_controllers) by extensions ['colcon_meta']
[0.802s] Level 1:colcon.colcon_core.package_identification:_identify(ThirdParty/ros2_controllers/ros2_controllers) by extension 'colcon_meta'
[0.802s] Level 1:colcon.colcon_core.package_identification:_identify(ThirdParty/ros2_controllers/ros2_controllers) by extensions ['ros']
[0.802s] Level 1:colcon.colcon_core.package_identification:_identify(ThirdParty/ros2_controllers/ros2_controllers) by extension 'ros'
[0.804s] DEBUG:colcon.colcon_core.package_identification:Package 'ThirdParty/ros2_controllers/ros2_controllers' with type 'ros.ament_cmake' and name 'ros2_controllers'
[0.804s] Level 1:colcon.colcon_core.package_identification:_identify(ThirdParty/ros2_controllers/velocity_controllers) by extensions ['ignore', 'ignore_ament_install']
[0.804s] Level 1:colcon.colcon_core.package_identification:_identify(ThirdParty/ros2_controllers/velocity_controllers) by extension 'ignore'
[0.804s] Level 1:colcon.colcon_core.package_identification:_identify(ThirdParty/ros2_controllers/velocity_controllers) by extension 'ignore_ament_install'
[0.804s] Level 1:colcon.colcon_core.package_identification:_identify(ThirdParty/ros2_controllers/velocity_controllers) by extensions ['colcon_pkg']
[0.804s] Level 1:colcon.colcon_core.package_identification:_identify(ThirdParty/ros2_controllers/velocity_controllers) by extension 'colcon_pkg'
[0.804s] Level 1:colcon.colcon_core.package_identification:_identify(ThirdParty/ros2_controllers/velocity_controllers) by extensions ['colcon_meta']
[0.804s] Level 1:colcon.colcon_core.package_identification:_identify(ThirdParty/ros2_controllers/velocity_controllers) by extension 'colcon_meta'
[0.804s] Level 1:colcon.colcon_core.package_identification:_identify(ThirdParty/ros2_controllers/velocity_controllers) by extensions ['ros']
[0.805s] Level 1:colcon.colcon_core.package_identification:_identify(ThirdParty/ros2_controllers/velocity_controllers) by extension 'ros'
[0.806s] DEBUG:colcon.colcon_core.package_identification:Package 'ThirdParty/ros2_controllers/velocity_controllers' with type 'ros.ament_cmake' and name 'velocity_controllers'
[0.806s] Level 1:colcon.colcon_core.package_identification:_identify(ThirdParty/tiago_description_calibration) by extensions ['ignore', 'ignore_ament_install']
[0.806s] Level 1:colcon.colcon_core.package_identification:_identify(ThirdParty/tiago_description_calibration) by extension 'ignore'
[0.806s] Level 1:colcon.colcon_core.package_identification:_identify(ThirdParty/tiago_description_calibration) by extension 'ignore_ament_install'
[0.807s] Level 1:colcon.colcon_core.package_identification:_identify(ThirdParty/tiago_description_calibration) by extensions ['colcon_pkg']
[0.807s] Level 1:colcon.colcon_core.package_identification:_identify(ThirdParty/tiago_description_calibration) by extension 'colcon_pkg'
[0.807s] Level 1:colcon.colcon_core.package_identification:_identify(ThirdParty/tiago_description_calibration) by extensions ['colcon_meta']
[0.807s] Level 1:colcon.colcon_core.package_identification:_identify(ThirdParty/tiago_description_calibration) by extension 'colcon_meta'
[0.807s] Level 1:colcon.colcon_core.package_identification:_identify(ThirdParty/tiago_description_calibration) by extensions ['ros']
[0.807s] Level 1:colcon.colcon_core.package_identification:_identify(ThirdParty/tiago_description_calibration) by extension 'ros'
[0.808s] DEBUG:colcon.colcon_core.package_identification:Package 'ThirdParty/tiago_description_calibration' with type 'ros.ament_cmake' and name 'tiago_description_calibration'
[0.808s] Level 1:colcon.colcon_core.package_identification:_identify(ThirdParty/tiago_robot) by extensions ['ignore', 'ignore_ament_install']
[0.808s] Level 1:colcon.colcon_core.package_identification:_identify(ThirdParty/tiago_robot) by extension 'ignore'
[0.808s] Level 1:colcon.colcon_core.package_identification:_identify(ThirdParty/tiago_robot) by extension 'ignore_ament_install'
[0.808s] Level 1:colcon.colcon_core.package_identification:_identify(ThirdParty/tiago_robot) by extensions ['colcon_pkg']
[0.808s] Level 1:colcon.colcon_core.package_identification:_identify(ThirdParty/tiago_robot) by extension 'colcon_pkg'
[0.809s] Level 1:colcon.colcon_core.package_identification:_identify(ThirdParty/tiago_robot) by extensions ['colcon_meta']
[0.809s] Level 1:colcon.colcon_core.package_identification:_identify(ThirdParty/tiago_robot) by extension 'colcon_meta'
[0.809s] Level 1:colcon.colcon_core.package_identification:_identify(ThirdParty/tiago_robot) by extensions ['ros']
[0.809s] Level 1:colcon.colcon_core.package_identification:_identify(ThirdParty/tiago_robot) by extension 'ros'
[0.809s] Level 1:colcon.colcon_core.package_identification:_identify(ThirdParty/tiago_robot) by extensions ['cmake', 'python']
[0.809s] Level 1:colcon.colcon_core.package_identification:_identify(ThirdParty/tiago_robot) by extension 'cmake'
[0.809s] Level 1:colcon.colcon_core.package_identification:_identify(ThirdParty/tiago_robot) by extension 'python'
[0.809s] Level 1:colcon.colcon_core.package_identification:_identify(ThirdParty/tiago_robot) by extensions ['python_setup_py']
[0.809s] Level 1:colcon.colcon_core.package_identification:_identify(ThirdParty/tiago_robot) by extension 'python_setup_py'
[0.809s] Level 1:colcon.colcon_core.package_identification:_identify(ThirdParty/tiago_robot/tiago_bringup) by extensions ['ignore', 'ignore_ament_install']
[0.809s] Level 1:colcon.colcon_core.package_identification:_identify(ThirdParty/tiago_robot/tiago_bringup) by extension 'ignore'
[0.809s] Level 1:colcon.colcon_core.package_identification:_identify(ThirdParty/tiago_robot/tiago_bringup) by extension 'ignore_ament_install'
[0.809s] Level 1:colcon.colcon_core.package_identification:_identify(ThirdParty/tiago_robot/tiago_bringup) by extensions ['colcon_pkg']
[0.809s] Level 1:colcon.colcon_core.package_identification:_identify(ThirdParty/tiago_robot/tiago_bringup) by extension 'colcon_pkg'
[0.809s] Level 1:colcon.colcon_core.package_identification:_identify(ThirdParty/tiago_robot/tiago_bringup) by extensions ['colcon_meta']
[0.809s] Level 1:colcon.colcon_core.package_identification:_identify(ThirdParty/tiago_robot/tiago_bringup) by extension 'colcon_meta'
[0.809s] Level 1:colcon.colcon_core.package_identification:_identify(ThirdParty/tiago_robot/tiago_bringup) by extensions ['ros']
[0.809s] Level 1:colcon.colcon_core.package_identification:_identify(ThirdParty/tiago_robot/tiago_bringup) by extension 'ros'
[0.812s] DEBUG:colcon.colcon_core.package_identification:Package 'ThirdParty/tiago_robot/tiago_bringup' with type 'ros.ament_cmake' and name 'tiago_bringup'
[0.813s] Level 1:colcon.colcon_core.package_identification:_identify(ThirdParty/tiago_robot/tiago_controller_configuration) by extensions ['ignore', 'ignore_ament_install']
[0.813s] Level 1:colcon.colcon_core.package_identification:_identify(ThirdParty/tiago_robot/tiago_controller_configuration) by extension 'ignore'
[0.813s] Level 1:colcon.colcon_core.package_identification:_identify(ThirdParty/tiago_robot/tiago_controller_configuration) by extension 'ignore_ament_install'
[0.813s] Level 1:colcon.colcon_core.package_identification:_identify(ThirdParty/tiago_robot/tiago_controller_configuration) by extensions ['colcon_pkg']
[0.813s] Level 1:colcon.colcon_core.package_identification:_identify(ThirdParty/tiago_robot/tiago_controller_configuration) by extension 'colcon_pkg'
[0.813s] Level 1:colcon.colcon_core.package_identification:_identify(ThirdParty/tiago_robot/tiago_controller_configuration) by extensions ['colcon_meta']
[0.813s] Level 1:colcon.colcon_core.package_identification:_identify(ThirdParty/tiago_robot/tiago_controller_configuration) by extension 'colcon_meta'
[0.813s] Level 1:colcon.colcon_core.package_identification:_identify(ThirdParty/tiago_robot/tiago_controller_configuration) by extensions ['ros']
[0.813s] Level 1:colcon.colcon_core.package_identification:_identify(ThirdParty/tiago_robot/tiago_controller_configuration) by extension 'ros'
[0.816s] DEBUG:colcon.colcon_core.package_identification:Package 'ThirdParty/tiago_robot/tiago_controller_configuration' with type 'ros.ament_cmake' and name 'tiago_controller_configuration'
[0.816s] Level 1:colcon.colcon_core.package_identification:_identify(ThirdParty/tiago_robot/tiago_description) by extensions ['ignore', 'ignore_ament_install']
[0.816s] Level 1:colcon.colcon_core.package_identification:_identify(ThirdParty/tiago_robot/tiago_description) by extension 'ignore'
[0.816s] Level 1:colcon.colcon_core.package_identification:_identify(ThirdParty/tiago_robot/tiago_description) by extension 'ignore_ament_install'
[0.816s] Level 1:colcon.colcon_core.package_identification:_identify(ThirdParty/tiago_robot/tiago_description) by extensions ['colcon_pkg']
[0.816s] Level 1:colcon.colcon_core.package_identification:_identify(ThirdParty/tiago_robot/tiago_description) by extension 'colcon_pkg'
[0.816s] Level 1:colcon.colcon_core.package_identification:_identify(ThirdParty/tiago_robot/tiago_description) by extensions ['colcon_meta']
[0.816s] Level 1:colcon.colcon_core.package_identification:_identify(ThirdParty/tiago_robot/tiago_description) by extension 'colcon_meta'
[0.816s] Level 1:colcon.colcon_core.package_identification:_identify(ThirdParty/tiago_robot/tiago_description) by extensions ['ros']
[0.817s] Level 1:colcon.colcon_core.package_identification:_identify(ThirdParty/tiago_robot/tiago_description) by extension 'ros'
[0.818s] DEBUG:colcon.colcon_core.package_identification:Package 'ThirdParty/tiago_robot/tiago_description' with type 'ros.ament_cmake' and name 'tiago_description'
[0.818s] Level 1:colcon.colcon_core.package_identification:_identify(ThirdParty/tiago_robot/tiago_robot) by extensions ['ignore', 'ignore_ament_install']
[0.818s] Level 1:colcon.colcon_core.package_identification:_identify(ThirdParty/tiago_robot/tiago_robot) by extension 'ignore'
[0.818s] Level 1:colcon.colcon_core.package_identification:_identify(ThirdParty/tiago_robot/tiago_robot) by extension 'ignore_ament_install'
[0.818s] Level 1:colcon.colcon_core.package_identification:_identify(ThirdParty/tiago_robot/tiago_robot) by extensions ['colcon_pkg']
[0.819s] Level 1:colcon.colcon_core.package_identification:_identify(ThirdParty/tiago_robot/tiago_robot) by extension 'colcon_pkg'
[0.819s] Level 1:colcon.colcon_core.package_identification:_identify(ThirdParty/tiago_robot/tiago_robot) by extensions ['colcon_meta']
[0.819s] Level 1:colcon.colcon_core.package_identification:_identify(ThirdParty/tiago_robot/tiago_robot) by extension 'colcon_meta'
[0.819s] Level 1:colcon.colcon_core.package_identification:_identify(ThirdParty/tiago_robot/tiago_robot) by extensions ['ros']
[0.819s] Level 1:colcon.colcon_core.package_identification:_identify(ThirdParty/tiago_robot/tiago_robot) by extension 'ros'
[0.820s] DEBUG:colcon.colcon_core.package_identification:Package 'ThirdParty/tiago_robot/tiago_robot' with type 'ros.ament_cmake' and name 'tiago_robot'
[0.821s] Level 1:colcon.colcon_core.package_identification:_identify(ThirdParty/tiago_simulation) by extensions ['ignore', 'ignore_ament_install']
[0.821s] Level 1:colcon.colcon_core.package_identification:_identify(ThirdParty/tiago_simulation) by extension 'ignore'
[0.821s] Level 1:colcon.colcon_core.package_identification:_identify(ThirdParty/tiago_simulation) by extension 'ignore_ament_install'
[0.821s] Level 1:colcon.colcon_core.package_identification:_identify(ThirdParty/tiago_simulation) by extensions ['colcon_pkg']
[0.821s] Level 1:colcon.colcon_core.package_identification:_identify(ThirdParty/tiago_simulation) by extension 'colcon_pkg'
[0.821s] Level 1:colcon.colcon_core.package_identification:_identify(ThirdParty/tiago_simulation) by extensions ['colcon_meta']
[0.821s] Level 1:colcon.colcon_core.package_identification:_identify(ThirdParty/tiago_simulation) by extension 'colcon_meta'
[0.821s] Level 1:colcon.colcon_core.package_identification:_identify(ThirdParty/tiago_simulation) by extensions ['ros']
[0.821s] Level 1:colcon.colcon_core.package_identification:_identify(ThirdParty/tiago_simulation) by extension 'ros'
[0.821s] Level 1:colcon.colcon_core.package_identification:_identify(ThirdParty/tiago_simulation) by extensions ['cmake', 'python']
[0.821s] Level 1:colcon.colcon_core.package_identification:_identify(ThirdParty/tiago_simulation) by extension 'cmake'
[0.821s] Level 1:colcon.colcon_core.package_identification:_identify(ThirdParty/tiago_simulation) by extension 'python'
[0.821s] Level 1:colcon.colcon_core.package_identification:_identify(ThirdParty/tiago_simulation) by extensions ['python_setup_py']
[0.821s] Level 1:colcon.colcon_core.package_identification:_identify(ThirdParty/tiago_simulation) by extension 'python_setup_py'
[0.822s] Level 1:colcon.colcon_core.package_identification:_identify(ThirdParty/tiago_simulation/tiago_2dnav_gazebo) by extensions ['ignore', 'ignore_ament_install']
[0.822s] Level 1:colcon.colcon_core.package_identification:_identify(ThirdParty/tiago_simulation/tiago_2dnav_gazebo) by extension 'ignore'
[0.822s] Level 1:colcon.colcon_core.package_identification:_identify(ThirdParty/tiago_simulation/tiago_2dnav_gazebo) by extension 'ignore_ament_install'
[0.822s] Level 1:colcon.colcon_core.package_identification:_identify(ThirdParty/tiago_simulation/tiago_2dnav_gazebo) by extensions ['colcon_pkg']
[0.822s] Level 1:colcon.colcon_core.package_identification:_identify(ThirdParty/tiago_simulation/tiago_2dnav_gazebo) by extension 'colcon_pkg'
[0.822s] Level 1:colcon.colcon_core.package_identification:_identify(ThirdParty/tiago_simulation/tiago_2dnav_gazebo) by extensions ['colcon_meta']
[0.822s] Level 1:colcon.colcon_core.package_identification:_identify(ThirdParty/tiago_simulation/tiago_2dnav_gazebo) by extension 'colcon_meta'
[0.822s] Level 1:colcon.colcon_core.package_identification:_identify(ThirdParty/tiago_simulation/tiago_2dnav_gazebo) by extensions ['ros']
[0.822s] Level 1:colcon.colcon_core.package_identification:_identify(ThirdParty/tiago_simulation/tiago_2dnav_gazebo) by extension 'ros'
[0.823s] DEBUG:colcon.colcon_core.package_identification:Package 'ThirdParty/tiago_simulation/tiago_2dnav_gazebo' with type 'ros.ament_cmake' and name 'tiago_2dnav_gazebo'
[0.824s] Level 1:colcon.colcon_core.package_identification:_identify(ThirdParty/tiago_simulation/tiago_controller_configuration_gazebo) by extensions ['ignore', 'ignore_ament_install']
[0.824s] Level 1:colcon.colcon_core.package_identification:_identify(ThirdParty/tiago_simulation/tiago_controller_configuration_gazebo) by extension 'ignore'
[0.824s] Level 1:colcon.colcon_core.package_identification:_identify(ThirdParty/tiago_simulation/tiago_controller_configuration_gazebo) ignored
[0.824s] Level 1:colcon.colcon_core.package_identification:_identify(ThirdParty/tiago_simulation/tiago_gazebo) by extensions ['ignore', 'ignore_ament_install']
[0.824s] Level 1:colcon.colcon_core.package_identification:_identify(ThirdParty/tiago_simulation/tiago_gazebo) by extension 'ignore'
[0.824s] Level 1:colcon.colcon_core.package_identification:_identify(ThirdParty/tiago_simulation/tiago_gazebo) by extension 'ignore_ament_install'
[0.825s] Level 1:colcon.colcon_core.package_identification:_identify(ThirdParty/tiago_simulation/tiago_gazebo) by extensions ['colcon_pkg']
[0.825s] Level 1:colcon.colcon_core.package_identification:_identify(ThirdParty/tiago_simulation/tiago_gazebo) by extension 'colcon_pkg'
[0.825s] Level 1:colcon.colcon_core.package_identification:_identify(ThirdParty/tiago_simulation/tiago_gazebo) by extensions ['colcon_meta']
[0.825s] Level 1:colcon.colcon_core.package_identification:_identify(ThirdParty/tiago_simulation/tiago_gazebo) by extension 'colcon_meta'
[0.825s] Level 1:colcon.colcon_core.package_identification:_identify(ThirdParty/tiago_simulation/tiago_gazebo) by extensions ['ros']
[0.825s] Level 1:colcon.colcon_core.package_identification:_identify(ThirdParty/tiago_simulation/tiago_gazebo) by extension 'ros'
[0.827s] DEBUG:colcon.colcon_core.package_identification:Package 'ThirdParty/tiago_simulation/tiago_gazebo' with type 'ros.ament_cmake' and name 'tiago_gazebo'
[0.827s] Level 1:colcon.colcon_core.package_identification:_identify(ThirdParty/tiago_simulation/tiago_multi) by extensions ['ignore', 'ignore_ament_install']
[0.827s] Level 1:colcon.colcon_core.package_identification:_identify(ThirdParty/tiago_simulation/tiago_multi) by extension 'ignore'
[0.828s] Level 1:colcon.colcon_core.package_identification:_identify(ThirdParty/tiago_simulation/tiago_multi) ignored
[0.828s] Level 1:colcon.colcon_core.package_identification:_identify(ThirdParty/tiago_simulation/tiago_simulation) by extensions ['ignore', 'ignore_ament_install']
[0.829s] Level 1:colcon.colcon_core.package_identification:_identify(ThirdParty/tiago_simulation/tiago_simulation) by extension 'ignore'
[0.830s] Level 1:colcon.colcon_core.package_identification:_identify(ThirdParty/tiago_simulation/tiago_simulation) by extension 'ignore_ament_install'
[0.830s] Level 1:colcon.colcon_core.package_identification:_identify(ThirdParty/tiago_simulation/tiago_simulation) by extensions ['colcon_pkg']
[0.830s] Level 1:colcon.colcon_core.package_identification:_identify(ThirdParty/tiago_simulation/tiago_simulation) by extension 'colcon_pkg'
[0.830s] Level 1:colcon.colcon_core.package_identification:_identify(ThirdParty/tiago_simulation/tiago_simulation) by extensions ['colcon_meta']
[0.830s] Level 1:colcon.colcon_core.package_identification:_identify(ThirdParty/tiago_simulation/tiago_simulation) by extension 'colcon_meta'
[0.830s] Level 1:colcon.colcon_core.package_identification:_identify(ThirdParty/tiago_simulation/tiago_simulation) by extensions ['ros']
[0.830s] Level 1:colcon.colcon_core.package_identification:_identify(ThirdParty/tiago_simulation/tiago_simulation) by extension 'ros'
[0.832s] DEBUG:colcon.colcon_core.package_identification:Package 'ThirdParty/tiago_simulation/tiago_simulation' with type 'ros.ament_cmake' and name 'tiago_simulation'
[0.832s] Level 1:colcon.colcon_core.package_identification:_identify(ThirdParty/twist_mux) by extensions ['ignore', 'ignore_ament_install']
[0.833s] Level 1:colcon.colcon_core.package_identification:_identify(ThirdParty/twist_mux) by extension 'ignore'
[0.833s] Level 1:colcon.colcon_core.package_identification:_identify(ThirdParty/twist_mux) by extension 'ignore_ament_install'
[0.833s] Level 1:colcon.colcon_core.package_identification:_identify(ThirdParty/twist_mux) by extensions ['colcon_pkg']
[0.833s] Level 1:colcon.colcon_core.package_identification:_identify(ThirdParty/twist_mux) by extension 'colcon_pkg'
[0.833s] Level 1:colcon.colcon_core.package_identification:_identify(ThirdParty/twist_mux) by extensions ['colcon_meta']
[0.833s] Level 1:colcon.colcon_core.package_identification:_identify(ThirdParty/twist_mux) by extension 'colcon_meta'
[0.833s] Level 1:colcon.colcon_core.package_identification:_identify(ThirdParty/twist_mux) by extensions ['ros']
[0.833s] Level 1:colcon.colcon_core.package_identification:_identify(ThirdParty/twist_mux) by extension 'ros'
[0.835s] DEBUG:colcon.colcon_core.package_identification:Package 'ThirdParty/twist_mux' with type 'ros.ament_cmake' and name 'twist_mux'
[0.835s] Level 1:colcon.colcon_core.package_identification:_identify(ThirdParty/urdf_test) by extensions ['ignore', 'ignore_ament_install']
[0.835s] Level 1:colcon.colcon_core.package_identification:_identify(ThirdParty/urdf_test) by extension 'ignore'
[0.835s] Level 1:colcon.colcon_core.package_identification:_identify(ThirdParty/urdf_test) by extension 'ignore_ament_install'
[0.835s] Level 1:colcon.colcon_core.package_identification:_identify(ThirdParty/urdf_test) by extensions ['colcon_pkg']
[0.835s] Level 1:colcon.colcon_core.package_identification:_identify(ThirdParty/urdf_test) by extension 'colcon_pkg'
[0.835s] Level 1:colcon.colcon_core.package_identification:_identify(ThirdParty/urdf_test) by extensions ['colcon_meta']
[0.836s] Level 1:colcon.colcon_core.package_identification:_identify(ThirdParty/urdf_test) by extension 'colcon_meta'
[0.836s] Level 1:colcon.colcon_core.package_identification:_identify(ThirdParty/urdf_test) by extensions ['ros']
[0.836s] Level 1:colcon.colcon_core.package_identification:_identify(ThirdParty/urdf_test) by extension 'ros'
[0.838s] DEBUG:colcon.colcon_core.package_identification:Package 'ThirdParty/urdf_test' with type 'ros.ament_cmake' and name 'urdf_test'
[0.839s] Level 1:colcon.colcon_core.package_identification:_identify(book_ros2) by extensions ['ignore', 'ignore_ament_install']
[0.839s] Level 1:colcon.colcon_core.package_identification:_identify(book_ros2) by extension 'ignore'
[0.839s] Level 1:colcon.colcon_core.package_identification:_identify(book_ros2) by extension 'ignore_ament_install'
[0.839s] Level 1:colcon.colcon_core.package_identification:_identify(book_ros2) by extensions ['colcon_pkg']
[0.839s] Level 1:colcon.colcon_core.package_identification:_identify(book_ros2) by extension 'colcon_pkg'
[0.839s] Level 1:colcon.colcon_core.package_identification:_identify(book_ros2) by extensions ['colcon_meta']
[0.839s] Level 1:colcon.colcon_core.package_identification:_identify(book_ros2) by extension 'colcon_meta'
[0.839s] Level 1:colcon.colcon_core.package_identification:_identify(book_ros2) by extensions ['ros']
[0.839s] Level 1:colcon.colcon_core.package_identification:_identify(book_ros2) by extension 'ros'
[0.839s] Level 1:colcon.colcon_core.package_identification:_identify(book_ros2) by extensions ['cmake', 'python']
[0.839s] Level 1:colcon.colcon_core.package_identification:_identify(book_ros2) by extension 'cmake'
[0.839s] Level 1:colcon.colcon_core.package_identification:_identify(book_ros2) by extension 'python'
[0.839s] Level 1:colcon.colcon_core.package_identification:_identify(book_ros2) by extensions ['python_setup_py']
[0.840s] Level 1:colcon.colcon_core.package_identification:_identify(book_ros2) by extension 'python_setup_py'
[0.840s] Level 1:colcon.colcon_core.package_identification:_identify(book_ros2/br2_basics) by extensions ['ignore', 'ignore_ament_install']
[0.840s] Level 1:colcon.colcon_core.package_identification:_identify(book_ros2/br2_basics) by extension 'ignore'
[0.840s] Level 1:colcon.colcon_core.package_identification:_identify(book_ros2/br2_basics) by extension 'ignore_ament_install'
[0.840s] Level 1:colcon.colcon_core.package_identification:_identify(book_ros2/br2_basics) by extensions ['colcon_pkg']
[0.840s] Level 1:colcon.colcon_core.package_identification:_identify(book_ros2/br2_basics) by extension 'colcon_pkg'
[0.840s] Level 1:colcon.colcon_core.package_identification:_identify(book_ros2/br2_basics) by extensions ['colcon_meta']
[0.840s] Level 1:colcon.colcon_core.package_identification:_identify(book_ros2/br2_basics) by extension 'colcon_meta'
[0.840s] Level 1:colcon.colcon_core.package_identification:_identify(book_ros2/br2_basics) by extensions ['ros']
[0.840s] Level 1:colcon.colcon_core.package_identification:_identify(book_ros2/br2_basics) by extension 'ros'
[0.841s] DEBUG:colcon.colcon_core.package_identification:Package 'book_ros2/br2_basics' with type 'ros.ament_cmake' and name 'br2_basics'
[0.841s] Level 1:colcon.colcon_core.package_identification:_identify(book_ros2/br2_bt_bumpgo) by extensions ['ignore', 'ignore_ament_install']
[0.841s] Level 1:colcon.colcon_core.package_identification:_identify(book_ros2/br2_bt_bumpgo) by extension 'ignore'
[0.842s] Level 1:colcon.colcon_core.package_identification:_identify(book_ros2/br2_bt_bumpgo) by extension 'ignore_ament_install'
[0.842s] Level 1:colcon.colcon_core.package_identification:_identify(book_ros2/br2_bt_bumpgo) by extensions ['colcon_pkg']
[0.842s] Level 1:colcon.colcon_core.package_identification:_identify(book_ros2/br2_bt_bumpgo) by extension 'colcon_pkg'
[0.842s] Level 1:colcon.colcon_core.package_identification:_identify(book_ros2/br2_bt_bumpgo) by extensions ['colcon_meta']
[0.842s] Level 1:colcon.colcon_core.package_identification:_identify(book_ros2/br2_bt_bumpgo) by extension 'colcon_meta'
[0.842s] Level 1:colcon.colcon_core.package_identification:_identify(book_ros2/br2_bt_bumpgo) by extensions ['ros']
[0.842s] Level 1:colcon.colcon_core.package_identification:_identify(book_ros2/br2_bt_bumpgo) by extension 'ros'
[0.843s] DEBUG:colcon.colcon_core.package_identification:Package 'book_ros2/br2_bt_bumpgo' with type 'ros.ament_cmake' and name 'br2_bt_bumpgo'
[0.843s] Level 1:colcon.colcon_core.package_identification:_identify(book_ros2/br2_bt_patrolling) by extensions ['ignore', 'ignore_ament_install']
[0.844s] Level 1:colcon.colcon_core.package_identification:_identify(book_ros2/br2_bt_patrolling) by extension 'ignore'
[0.844s] Level 1:colcon.colcon_core.package_identification:_identify(book_ros2/br2_bt_patrolling) by extension 'ignore_ament_install'
[0.844s] Level 1:colcon.colcon_core.package_identification:_identify(book_ros2/br2_bt_patrolling) by extensions ['colcon_pkg']
[0.844s] Level 1:colcon.colcon_core.package_identification:_identify(book_ros2/br2_bt_patrolling) by extension 'colcon_pkg'
[0.844s] Level 1:colcon.colcon_core.package_identification:_identify(book_ros2/br2_bt_patrolling) by extensions ['colcon_meta']
[0.844s] Level 1:colcon.colcon_core.package_identification:_identify(book_ros2/br2_bt_patrolling) by extension 'colcon_meta'
[0.844s] Level 1:colcon.colcon_core.package_identification:_identify(book_ros2/br2_bt_patrolling) by extensions ['ros']
[0.844s] Level 1:colcon.colcon_core.package_identification:_identify(book_ros2/br2_bt_patrolling) by extension 'ros'
[0.847s] DEBUG:colcon.colcon_core.package_identification:Package 'book_ros2/br2_bt_patrolling' with type 'ros.ament_cmake' and name 'br2_bt_patrolling'
[0.847s] Level 1:colcon.colcon_core.package_identification:_identify(book_ros2/br2_fsm_bumpgo_cpp) by extensions ['ignore', 'ignore_ament_install']
[0.847s] Level 1:colcon.colcon_core.package_identification:_identify(book_ros2/br2_fsm_bumpgo_cpp) by extension 'ignore'
[0.847s] Level 1:colcon.colcon_core.package_identification:_identify(book_ros2/br2_fsm_bumpgo_cpp) by extension 'ignore_ament_install'
[0.847s] Level 1:colcon.colcon_core.package_identification:_identify(book_ros2/br2_fsm_bumpgo_cpp) by extensions ['colcon_pkg']
[0.847s] Level 1:colcon.colcon_core.package_identification:_identify(book_ros2/br2_fsm_bumpgo_cpp) by extension 'colcon_pkg'
[0.847s] Level 1:colcon.colcon_core.package_identification:_identify(book_ros2/br2_fsm_bumpgo_cpp) by extensions ['colcon_meta']
[0.847s] Level 1:colcon.colcon_core.package_identification:_identify(book_ros2/br2_fsm_bumpgo_cpp) by extension 'colcon_meta'
[0.847s] Level 1:colcon.colcon_core.package_identification:_identify(book_ros2/br2_fsm_bumpgo_cpp) by extensions ['ros']
[0.847s] Level 1:colcon.colcon_core.package_identification:_identify(book_ros2/br2_fsm_bumpgo_cpp) by extension 'ros'
[0.848s] DEBUG:colcon.colcon_core.package_identification:Package 'book_ros2/br2_fsm_bumpgo_cpp' with type 'ros.ament_cmake' and name 'br2_fsm_bumpgo_cpp'
[0.849s] Level 1:colcon.colcon_core.package_identification:_identify(book_ros2/br2_fsm_bumpgo_py) by extensions ['ignore', 'ignore_ament_install']
[0.849s] Level 1:colcon.colcon_core.package_identification:_identify(book_ros2/br2_fsm_bumpgo_py) by extension 'ignore'
[0.849s] Level 1:colcon.colcon_core.package_identification:_identify(book_ros2/br2_fsm_bumpgo_py) by extension 'ignore_ament_install'
[0.849s] Level 1:colcon.colcon_core.package_identification:_identify(book_ros2/br2_fsm_bumpgo_py) by extensions ['colcon_pkg']
[0.849s] Level 1:colcon.colcon_core.package_identification:_identify(book_ros2/br2_fsm_bumpgo_py) by extension 'colcon_pkg'
[0.849s] Level 1:colcon.colcon_core.package_identification:_identify(book_ros2/br2_fsm_bumpgo_py) by extensions ['colcon_meta']
[0.849s] Level 1:colcon.colcon_core.package_identification:_identify(book_ros2/br2_fsm_bumpgo_py) by extension 'colcon_meta'
[0.849s] Level 1:colcon.colcon_core.package_identification:_identify(book_ros2/br2_fsm_bumpgo_py) by extensions ['ros']
[0.849s] Level 1:colcon.colcon_core.package_identification:_identify(book_ros2/br2_fsm_bumpgo_py) by extension 'ros'
[0.850s] DEBUG:colcon.colcon_core.package_identification:Package 'book_ros2/br2_fsm_bumpgo_py' with type 'ros.ament_python' and name 'br2_fsm_bumpgo_py'
[0.850s] Level 1:colcon.colcon_core.package_identification:_identify(book_ros2/br2_navigation) by extensions ['ignore', 'ignore_ament_install']
[0.850s] Level 1:colcon.colcon_core.package_identification:_identify(book_ros2/br2_navigation) by extension 'ignore'
[0.850s] Level 1:colcon.colcon_core.package_identification:_identify(book_ros2/br2_navigation) by extension 'ignore_ament_install'
[0.850s] Level 1:colcon.colcon_core.package_identification:_identify(book_ros2/br2_navigation) by extensions ['colcon_pkg']
[0.850s] Level 1:colcon.colcon_core.package_identification:_identify(book_ros2/br2_navigation) by extension 'colcon_pkg'
[0.850s] Level 1:colcon.colcon_core.package_identification:_identify(book_ros2/br2_navigation) by extensions ['colcon_meta']
[0.850s] Level 1:colcon.colcon_core.package_identification:_identify(book_ros2/br2_navigation) by extension 'colcon_meta'
[0.850s] Level 1:colcon.colcon_core.package_identification:_identify(book_ros2/br2_navigation) by extensions ['ros']
[0.850s] Level 1:colcon.colcon_core.package_identification:_identify(book_ros2/br2_navigation) by extension 'ros'
[0.851s] DEBUG:colcon.colcon_core.package_identification:Package 'book_ros2/br2_navigation' with type 'ros.ament_cmake' and name 'br2_navigation'
[0.851s] Level 1:colcon.colcon_core.package_identification:_identify(book_ros2/br2_tf2_detector) by extensions ['ignore', 'ignore_ament_install']
[0.851s] Level 1:colcon.colcon_core.package_identification:_identify(book_ros2/br2_tf2_detector) by extension 'ignore'
[0.851s] Level 1:colcon.colcon_core.package_identification:_identify(book_ros2/br2_tf2_detector) by extension 'ignore_ament_install'
[0.851s] Level 1:colcon.colcon_core.package_identification:_identify(book_ros2/br2_tf2_detector) by extensions ['colcon_pkg']
[0.851s] Level 1:colcon.colcon_core.package_identification:_identify(book_ros2/br2_tf2_detector) by extension 'colcon_pkg'
[0.851s] Level 1:colcon.colcon_core.package_identification:_identify(book_ros2/br2_tf2_detector) by extensions ['colcon_meta']
[0.851s] Level 1:colcon.colcon_core.package_identification:_identify(book_ros2/br2_tf2_detector) by extension 'colcon_meta'
[0.851s] Level 1:colcon.colcon_core.package_identification:_identify(book_ros2/br2_tf2_detector) by extensions ['ros']
[0.851s] Level 1:colcon.colcon_core.package_identification:_identify(book_ros2/br2_tf2_detector) by extension 'ros'
[0.852s] DEBUG:colcon.colcon_core.package_identification:Package 'book_ros2/br2_tf2_detector' with type 'ros.ament_cmake' and name 'br2_tf2_detector'
[0.852s] Level 1:colcon.colcon_core.package_identification:_identify(book_ros2/br2_tiago) by extensions ['ignore', 'ignore_ament_install']
[0.852s] Level 1:colcon.colcon_core.package_identification:_identify(book_ros2/br2_tiago) by extension 'ignore'
[0.852s] Level 1:colcon.colcon_core.package_identification:_identify(book_ros2/br2_tiago) by extension 'ignore_ament_install'
[0.852s] Level 1:colcon.colcon_core.package_identification:_identify(book_ros2/br2_tiago) by extensions ['colcon_pkg']
[0.852s] Level 1:colcon.colcon_core.package_identification:_identify(book_ros2/br2_tiago) by extension 'colcon_pkg'
[0.852s] Level 1:colcon.colcon_core.package_identification:_identify(book_ros2/br2_tiago) by extensions ['colcon_meta']
[0.852s] Level 1:colcon.colcon_core.package_identification:_identify(book_ros2/br2_tiago) by extension 'colcon_meta'
[0.852s] Level 1:colcon.colcon_core.package_identification:_identify(book_ros2/br2_tiago) by extensions ['ros']
[0.852s] Level 1:colcon.colcon_core.package_identification:_identify(book_ros2/br2_tiago) by extension 'ros'
[0.853s] DEBUG:colcon.colcon_core.package_identification:Package 'book_ros2/br2_tiago' with type 'ros.ament_cmake' and name 'br2_tiago'
[0.853s] Level 1:colcon.colcon_core.package_identification:_identify(book_ros2/br2_tracking) by extensions ['ignore', 'ignore_ament_install']
[0.853s] Level 1:colcon.colcon_core.package_identification:_identify(book_ros2/br2_tracking) by extension 'ignore'
[0.853s] Level 1:colcon.colcon_core.package_identification:_identify(book_ros2/br2_tracking) by extension 'ignore_ament_install'
[0.853s] Level 1:colcon.colcon_core.package_identification:_identify(book_ros2/br2_tracking) by extensions ['colcon_pkg']
[0.853s] Level 1:colcon.colcon_core.package_identification:_identify(book_ros2/br2_tracking) by extension 'colcon_pkg'
[0.853s] Level 1:colcon.colcon_core.package_identification:_identify(book_ros2/br2_tracking) by extensions ['colcon_meta']
[0.853s] Level 1:colcon.colcon_core.package_identification:_identify(book_ros2/br2_tracking) by extension 'colcon_meta'
[0.853s] Level 1:colcon.colcon_core.package_identification:_identify(book_ros2/br2_tracking) by extensions ['ros']
[0.853s] Level 1:colcon.colcon_core.package_identification:_identify(book_ros2/br2_tracking) by extension 'ros'
[0.855s] DEBUG:colcon.colcon_core.package_identification:Package 'book_ros2/br2_tracking' with type 'ros.ament_cmake' and name 'br2_tracking'
[0.856s] Level 1:colcon.colcon_core.package_identification:_identify(book_ros2/br2_tracking_msgs) by extensions ['ignore', 'ignore_ament_install']
[0.856s] Level 1:colcon.colcon_core.package_identification:_identify(book_ros2/br2_tracking_msgs) by extension 'ignore'
[0.856s] Level 1:colcon.colcon_core.package_identification:_identify(book_ros2/br2_tracking_msgs) by extension 'ignore_ament_install'
[0.856s] Level 1:colcon.colcon_core.package_identification:_identify(book_ros2/br2_tracking_msgs) by extensions ['colcon_pkg']
[0.856s] Level 1:colcon.colcon_core.package_identification:_identify(book_ros2/br2_tracking_msgs) by extension 'colcon_pkg'
[0.856s] Level 1:colcon.colcon_core.package_identification:_identify(book_ros2/br2_tracking_msgs) by extensions ['colcon_meta']
[0.856s] Level 1:colcon.colcon_core.package_identification:_identify(book_ros2/br2_tracking_msgs) by extension 'colcon_meta'
[0.857s] Level 1:colcon.colcon_core.package_identification:_identify(book_ros2/br2_tracking_msgs) by extensions ['ros']
[0.857s] Level 1:colcon.colcon_core.package_identification:_identify(book_ros2/br2_tracking_msgs) by extension 'ros'
[0.858s] DEBUG:colcon.colcon_core.package_identification:Package 'book_ros2/br2_tracking_msgs' with type 'ros.ament_cmake' and name 'br2_tracking_msgs'
[0.858s] Level 1:colcon.colcon_core.package_identification:_identify(book_ros2/br2_vff_avoidance) by extensions ['ignore', 'ignore_ament_install']
[0.858s] Level 1:colcon.colcon_core.package_identification:_identify(book_ros2/br2_vff_avoidance) by extension 'ignore'
[0.858s] Level 1:colcon.colcon_core.package_identification:_identify(book_ros2/br2_vff_avoidance) by extension 'ignore_ament_install'
[0.858s] Level 1:colcon.colcon_core.package_identification:_identify(book_ros2/br2_vff_avoidance) by extensions ['colcon_pkg']
[0.858s] Level 1:colcon.colcon_core.package_identification:_identify(book_ros2/br2_vff_avoidance) by extension 'colcon_pkg'
[0.858s] Level 1:colcon.colcon_core.package_identification:_identify(book_ros2/br2_vff_avoidance) by extensions ['colcon_meta']
[0.858s] Level 1:colcon.colcon_core.package_identification:_identify(book_ros2/br2_vff_avoidance) by extension 'colcon_meta'
[0.858s] Level 1:colcon.colcon_core.package_identification:_identify(book_ros2/br2_vff_avoidance) by extensions ['ros']
[0.858s] Level 1:colcon.colcon_core.package_identification:_identify(book_ros2/br2_vff_avoidance) by extension 'ros'
[0.859s] DEBUG:colcon.colcon_core.package_identification:Package 'book_ros2/br2_vff_avoidance' with type 'ros.ament_cmake' and name 'br2_vff_avoidance'
[0.859s] Level 1:colcon.colcon_core.package_identification:_identify(build) by extensions ['ignore', 'ignore_ament_install']
[0.859s] Level 1:colcon.colcon_core.package_identification:_identify(build) by extension 'ignore'
[0.859s] Level 1:colcon.colcon_core.package_identification:_identify(build) ignored
[0.859s] Level 1:colcon.colcon_core.package_identification:_identify(install) by extensions ['ignore', 'ignore_ament_install']
[0.859s] Level 1:colcon.colcon_core.package_identification:_identify(install) by extension 'ignore'
[0.859s] Level 1:colcon.colcon_core.package_identification:_identify(install) ignored
[0.859s] Level 1:colcon.colcon_core.package_identification:_identify(log) by extensions ['ignore', 'ignore_ament_install']
[0.860s] Level 1:colcon.colcon_core.package_identification:_identify(log) by extension 'ignore'
[0.860s] Level 1:colcon.colcon_core.package_identification:_identify(log) ignored
[0.860s] Level 1:colcon.colcon_core.package_identification:_identify(t1) by extensions ['ignore', 'ignore_ament_install']
[0.860s] Level 1:colcon.colcon_core.package_identification:_identify(t1) by extension 'ignore'
[0.860s] Level 1:colcon.colcon_core.package_identification:_identify(t1) by extension 'ignore_ament_install'
[0.860s] Level 1:colcon.colcon_core.package_identification:_identify(t1) by extensions ['colcon_pkg']
[0.860s] Level 1:colcon.colcon_core.package_identification:_identify(t1) by extension 'colcon_pkg'
[0.860s] Level 1:colcon.colcon_core.package_identification:_identify(t1) by extensions ['colcon_meta']
[0.860s] Level 1:colcon.colcon_core.package_identification:_identify(t1) by extension 'colcon_meta'
[0.860s] Level 1:colcon.colcon_core.package_identification:_identify(t1) by extensions ['ros']
[0.860s] Level 1:colcon.colcon_core.package_identification:_identify(t1) by extension 'ros'
[0.862s] DEBUG:colcon.colcon_core.package_identification:Package 't1' with type 'ros.ament_cmake' and name 't1'
[0.862s] Level 1:colcon.colcon_core.package_identification:_identify(task1) by extensions ['ignore', 'ignore_ament_install']
[0.863s] Level 1:colcon.colcon_core.package_identification:_identify(task1) by extension 'ignore'
[0.863s] Level 1:colcon.colcon_core.package_identification:_identify(task1) by extension 'ignore_ament_install'
[0.863s] Level 1:colcon.colcon_core.package_identification:_identify(task1) by extensions ['colcon_pkg']
[0.863s] Level 1:colcon.colcon_core.package_identification:_identify(task1) by extension 'colcon_pkg'
[0.863s] Level 1:colcon.colcon_core.package_identification:_identify(task1) by extensions ['colcon_meta']
[0.863s] Level 1:colcon.colcon_core.package_identification:_identify(task1) by extension 'colcon_meta'
[0.863s] Level 1:colcon.colcon_core.package_identification:_identify(task1) by extensions ['ros']
[0.863s] Level 1:colcon.colcon_core.package_identification:_identify(task1) by extension 'ros'
[0.865s] DEBUG:colcon.colcon_core.package_identification:Package 'task1' with type 'ros.ament_cmake' and name 'task1'
[0.866s] Level 1:colcon.colcon_core.package_identification:_identify(task2a) by extensions ['ignore', 'ignore_ament_install']
[0.866s] Level 1:colcon.colcon_core.package_identification:_identify(task2a) by extension 'ignore'
[0.866s] Level 1:colcon.colcon_core.package_identification:_identify(task2a) by extension 'ignore_ament_install'
[0.866s] Level 1:colcon.colcon_core.package_identification:_identify(task2a) by extensions ['colcon_pkg']
[0.866s] Level 1:colcon.colcon_core.package_identification:_identify(task2a) by extension 'colcon_pkg'
[0.866s] Level 1:colcon.colcon_core.package_identification:_identify(task2a) by extensions ['colcon_meta']
[0.866s] Level 1:colcon.colcon_core.package_identification:_identify(task2a) by extension 'colcon_meta'
[0.866s] Level 1:colcon.colcon_core.package_identification:_identify(task2a) by extensions ['ros']
[0.866s] Level 1:colcon.colcon_core.package_identification:_identify(task2a) by extension 'ros'
[0.868s] DEBUG:colcon.colcon_core.package_identification:Package 'task2a' with type 'ros.ament_cmake' and name 'task2a'
[0.868s] Level 1:colcon.colcon_core.package_identification:_identify(task2b) by extensions ['ignore', 'ignore_ament_install']
[0.869s] Level 1:colcon.colcon_core.package_identification:_identify(task2b) by extension 'ignore'
[0.869s] Level 1:colcon.colcon_core.package_identification:_identify(task2b) by extension 'ignore_ament_install'
[0.869s] Level 1:colcon.colcon_core.package_identification:_identify(task2b) by extensions ['colcon_pkg']
[0.869s] Level 1:colcon.colcon_core.package_identification:_identify(task2b) by extension 'colcon_pkg'
[0.869s] Level 1:colcon.colcon_core.package_identification:_identify(task2b) by extensions ['colcon_meta']
[0.869s] Level 1:colcon.colcon_core.package_identification:_identify(task2b) by extension 'colcon_meta'
[0.869s] Level 1:colcon.colcon_core.package_identification:_identify(task2b) by extensions ['ros']
[0.869s] Level 1:colcon.colcon_core.package_identification:_identify(task2b) by extension 'ros'
[0.871s] DEBUG:colcon.colcon_core.package_identification:Package 'task2b' with type 'ros.ament_cmake' and name 'task2b'
[0.871s] Level 1:colcon.colcon_core.package_discovery:discover_packages(recursive) using defaults
[0.871s] Level 1:colcon.colcon_core.package_discovery:discover_packages(ignore) discover
[0.871s] Level 1:colcon.colcon_core.package_discovery:discover_packages(ignore) using defaults
[0.871s] Level 1:colcon.colcon_core.package_discovery:discover_packages(path) discover
[0.871s] Level 1:colcon.colcon_core.package_discovery:discover_packages(path) using defaults
[0.954s] Level 1:colcon.colcon_core.package_discovery:discover_packages(prefix_path) check parameters
[0.954s] Level 1:colcon.colcon_core.package_discovery:discover_packages(prefix_path) discover
[0.966s] DEBUG:colcon.colcon_installed_package_information.package_discovery:Found 274 installed packages in /opt/ros/foxy
[0.969s] Level 1:colcon.colcon_core.package_discovery:discover_packages(prefix_path) using defaults
[1.168s] Level 5:colcon.colcon_core.verb:set package 'br2_basics' build argument 'cmake_args' from command line to 'None'
[1.168s] Level 5:colcon.colcon_core.verb:set package 'br2_basics' build argument 'cmake_target' from command line to 'None'
[1.168s] Level 5:colcon.colcon_core.verb:set package 'br2_basics' build argument 'cmake_target_skip_unavailable' from command line to 'False'
[1.168s] Level 5:colcon.colcon_core.verb:set package 'br2_basics' build argument 'cmake_clean_cache' from command line to 'False'
[1.168s] Level 5:colcon.colcon_core.verb:set package 'br2_basics' build argument 'cmake_clean_first' from command line to 'False'
[1.168s] Level 5:colcon.colcon_core.verb:set package 'br2_basics' build argument 'cmake_force_configure' from command line to 'False'
[1.168s] Level 5:colcon.colcon_core.verb:set package 'br2_basics' build argument 'ament_cmake_args' from command line to 'None'
[1.168s] Level 5:colcon.colcon_core.verb:set package 'br2_basics' build argument 'catkin_cmake_args' from command line to 'None'
[1.168s] Level 5:colcon.colcon_core.verb:set package 'br2_basics' build argument 'catkin_skip_building_tests' from command line to 'False'
[1.168s] DEBUG:colcon.colcon_core.verb:Building package 'br2_basics' with the following arguments: {'ament_cmake_args': None, 'build_base': '/home/khaledob/bookros2_ws/src/build/br2_basics', 'catkin_cmake_args': None, 'catkin_skip_building_tests': False, 'cmake_args': None, 'cmake_clean_cache': False, 'cmake_clean_first': False, 'cmake_force_configure': False, 'cmake_target': None, 'cmake_target_skip_unavailable': False, 'install_base': '/home/khaledob/bookros2_ws/src/install/br2_basics', 'merge_install': False, 'path': '/home/khaledob/bookros2_ws/src/book_ros2/br2_basics', 'symlink_install': True, 'test_result_base': None}
[1.169s] Level 5:colcon.colcon_core.verb:set package 'br2_bt_bumpgo' build argument 'cmake_args' from command line to 'None'
[1.169s] Level 5:colcon.colcon_core.verb:set package 'br2_bt_bumpgo' build argument 'cmake_target' from command line to 'None'
[1.169s] Level 5:colcon.colcon_core.verb:set package 'br2_bt_bumpgo' build argument 'cmake_target_skip_unavailable' from command line to 'False'
[1.169s] Level 5:colcon.colcon_core.verb:set package 'br2_bt_bumpgo' build argument 'cmake_clean_cache' from command line to 'False'
[1.169s] Level 5:colcon.colcon_core.verb:set package 'br2_bt_bumpgo' build argument 'cmake_clean_first' from command line to 'False'
[1.169s] Level 5:colcon.colcon_core.verb:set package 'br2_bt_bumpgo' build argument 'cmake_force_configure' from command line to 'False'
[1.169s] Level 5:colcon.colcon_core.verb:set package 'br2_bt_bumpgo' build argument 'ament_cmake_args' from command line to 'None'
[1.169s] Level 5:colcon.colcon_core.verb:set package 'br2_bt_bumpgo' build argument 'catkin_cmake_args' from command line to 'None'
[1.169s] Level 5:colcon.colcon_core.verb:set package 'br2_bt_bumpgo' build argument 'catkin_skip_building_tests' from command line to 'False'
[1.169s] DEBUG:colcon.colcon_core.verb:Building package 'br2_bt_bumpgo' with the following arguments: {'ament_cmake_args': None, 'build_base': '/home/khaledob/bookros2_ws/src/build/br2_bt_bumpgo', 'catkin_cmake_args': None, 'catkin_skip_building_tests': False, 'cmake_args': None, 'cmake_clean_cache': False, 'cmake_clean_first': False, 'cmake_force_configure': False, 'cmake_target': None, 'cmake_target_skip_unavailable': False, 'install_base': '/home/khaledob/bookros2_ws/src/install/br2_bt_bumpgo', 'merge_install': False, 'path': '/home/khaledob/bookros2_ws/src/book_ros2/br2_bt_bumpgo', 'symlink_install': True, 'test_result_base': None}
[1.170s] Level 5:colcon.colcon_core.verb:set package 'br2_bt_patrolling' build argument 'cmake_args' from command line to 'None'
[1.170s] Level 5:colcon.colcon_core.verb:set package 'br2_bt_patrolling' build argument 'cmake_target' from command line to 'None'
[1.170s] Level 5:colcon.colcon_core.verb:set package 'br2_bt_patrolling' build argument 'cmake_target_skip_unavailable' from command line to 'False'
[1.170s] Level 5:colcon.colcon_core.verb:set package 'br2_bt_patrolling' build argument 'cmake_clean_cache' from command line to 'False'
[1.170s] Level 5:colcon.colcon_core.verb:set package 'br2_bt_patrolling' build argument 'cmake_clean_first' from command line to 'False'
[1.170s] Level 5:colcon.colcon_core.verb:set package 'br2_bt_patrolling' build argument 'cmake_force_configure' from command line to 'False'
[1.170s] Level 5:colcon.colcon_core.verb:set package 'br2_bt_patrolling' build argument 'ament_cmake_args' from command line to 'None'
[1.170s] Level 5:colcon.colcon_core.verb:set package 'br2_bt_patrolling' build argument 'catkin_cmake_args' from command line to 'None'
[1.170s] Level 5:colcon.colcon_core.verb:set package 'br2_bt_patrolling' build argument 'catkin_skip_building_tests' from command line to 'False'
[1.170s] DEBUG:colcon.colcon_core.verb:Building package 'br2_bt_patrolling' with the following arguments: {'ament_cmake_args': None, 'build_base': '/home/khaledob/bookros2_ws/src/build/br2_bt_patrolling', 'catkin_cmake_args': None, 'catkin_skip_building_tests': False, 'cmake_args': None, 'cmake_clean_cache': False, 'cmake_clean_first': False, 'cmake_force_configure': False, 'cmake_target': None, 'cmake_target_skip_unavailable': False, 'install_base': '/home/khaledob/bookros2_ws/src/install/br2_bt_patrolling', 'merge_install': False, 'path': '/home/khaledob/bookros2_ws/src/book_ros2/br2_bt_patrolling', 'symlink_install': True, 'test_result_base': None}
[1.170s] Level 5:colcon.colcon_core.verb:set package 'br2_fsm_bumpgo_cpp' build argument 'cmake_args' from command line to 'None'
[1.170s] Level 5:colcon.colcon_core.verb:set package 'br2_fsm_bumpgo_cpp' build argument 'cmake_target' from command line to 'None'
[1.170s] Level 5:colcon.colcon_core.verb:set package 'br2_fsm_bumpgo_cpp' build argument 'cmake_target_skip_unavailable' from command line to 'False'
[1.170s] Level 5:colcon.colcon_core.verb:set package 'br2_fsm_bumpgo_cpp' build argument 'cmake_clean_cache' from command line to 'False'
[1.171s] Level 5:colcon.colcon_core.verb:set package 'br2_fsm_bumpgo_cpp' build argument 'cmake_clean_first' from command line to 'False'
[1.171s] Level 5:colcon.colcon_core.verb:set package 'br2_fsm_bumpgo_cpp' build argument 'cmake_force_configure' from command line to 'False'
[1.171s] Level 5:colcon.colcon_core.verb:set package 'br2_fsm_bumpgo_cpp' build argument 'ament_cmake_args' from command line to 'None'
[1.171s] Level 5:colcon.colcon_core.verb:set package 'br2_fsm_bumpgo_cpp' build argument 'catkin_cmake_args' from command line to 'None'
[1.171s] Level 5:colcon.colcon_core.verb:set package 'br2_fsm_bumpgo_cpp' build argument 'catkin_skip_building_tests' from command line to 'False'
[1.171s] DEBUG:colcon.colcon_core.verb:Building package 'br2_fsm_bumpgo_cpp' with the following arguments: {'ament_cmake_args': None, 'build_base': '/home/khaledob/bookros2_ws/src/build/br2_fsm_bumpgo_cpp', 'catkin_cmake_args': None, 'catkin_skip_building_tests': False, 'cmake_args': None, 'cmake_clean_cache': False, 'cmake_clean_first': False, 'cmake_force_configure': False, 'cmake_target': None, 'cmake_target_skip_unavailable': False, 'install_base': '/home/khaledob/bookros2_ws/src/install/br2_fsm_bumpgo_cpp', 'merge_install': False, 'path': '/home/khaledob/bookros2_ws/src/book_ros2/br2_fsm_bumpgo_cpp', 'symlink_install': True, 'test_result_base': None}
[1.171s] Level 5:colcon.colcon_core.verb:set package 'br2_fsm_bumpgo_py' build argument 'cmake_args' from command line to 'None'
[1.171s] Level 5:colcon.colcon_core.verb:set package 'br2_fsm_bumpgo_py' build argument 'cmake_target' from command line to 'None'
[1.171s] Level 5:colcon.colcon_core.verb:set package 'br2_fsm_bumpgo_py' build argument 'cmake_target_skip_unavailable' from command line to 'False'
[1.171s] Level 5:colcon.colcon_core.verb:set package 'br2_fsm_bumpgo_py' build argument 'cmake_clean_cache' from command line to 'False'
[1.171s] Level 5:colcon.colcon_core.verb:set package 'br2_fsm_bumpgo_py' build argument 'cmake_clean_first' from command line to 'False'
[1.171s] Level 5:colcon.colcon_core.verb:set package 'br2_fsm_bumpgo_py' build argument 'cmake_force_configure' from command line to 'False'
[1.171s] Level 5:colcon.colcon_core.verb:set package 'br2_fsm_bumpgo_py' build argument 'ament_cmake_args' from command line to 'None'
[1.171s] Level 5:colcon.colcon_core.verb:set package 'br2_fsm_bumpgo_py' build argument 'catkin_cmake_args' from command line to 'None'
[1.171s] Level 5:colcon.colcon_core.verb:set package 'br2_fsm_bumpgo_py' build argument 'catkin_skip_building_tests' from command line to 'False'
[1.171s] DEBUG:colcon.colcon_core.verb:Building package 'br2_fsm_bumpgo_py' with the following arguments: {'ament_cmake_args': None, 'build_base': '/home/khaledob/bookros2_ws/src/build/br2_fsm_bumpgo_py', 'catkin_cmake_args': None, 'catkin_skip_building_tests': False, 'cmake_args': None, 'cmake_clean_cache': False, 'cmake_clean_first': False, 'cmake_force_configure': False, 'cmake_target': None, 'cmake_target_skip_unavailable': False, 'install_base': '/home/khaledob/bookros2_ws/src/install/br2_fsm_bumpgo_py', 'merge_install': False, 'path': '/home/khaledob/bookros2_ws/src/book_ros2/br2_fsm_bumpgo_py', 'symlink_install': True, 'test_result_base': None}
[1.172s] Level 5:colcon.colcon_core.verb:set package 'br2_navigation' build argument 'cmake_args' from command line to 'None'
[1.172s] Level 5:colcon.colcon_core.verb:set package 'br2_navigation' build argument 'cmake_target' from command line to 'None'
[1.172s] Level 5:colcon.colcon_core.verb:set package 'br2_navigation' build argument 'cmake_target_skip_unavailable' from command line to 'False'
[1.172s] Level 5:colcon.colcon_core.verb:set package 'br2_navigation' build argument 'cmake_clean_cache' from command line to 'False'
[1.172s] Level 5:colcon.colcon_core.verb:set package 'br2_navigation' build argument 'cmake_clean_first' from command line to 'False'
[1.172s] Level 5:colcon.colcon_core.verb:set package 'br2_navigation' build argument 'cmake_force_configure' from command line to 'False'
[1.172s] Level 5:colcon.colcon_core.verb:set package 'br2_navigation' build argument 'ament_cmake_args' from command line to 'None'
[1.172s] Level 5:colcon.colcon_core.verb:set package 'br2_navigation' build argument 'catkin_cmake_args' from command line to 'None'
[1.172s] Level 5:colcon.colcon_core.verb:set package 'br2_navigation' build argument 'catkin_skip_building_tests' from command line to 'False'
[1.172s] DEBUG:colcon.colcon_core.verb:Building package 'br2_navigation' with the following arguments: {'ament_cmake_args': None, 'build_base': '/home/khaledob/bookros2_ws/src/build/br2_navigation', 'catkin_cmake_args': None, 'catkin_skip_building_tests': False, 'cmake_args': None, 'cmake_clean_cache': False, 'cmake_clean_first': False, 'cmake_force_configure': False, 'cmake_target': None, 'cmake_target_skip_unavailable': False, 'install_base': '/home/khaledob/bookros2_ws/src/install/br2_navigation', 'merge_install': False, 'path': '/home/khaledob/bookros2_ws/src/book_ros2/br2_navigation', 'symlink_install': True, 'test_result_base': None}
[1.172s] Level 5:colcon.colcon_core.verb:set package 'br2_tf2_detector' build argument 'cmake_args' from command line to 'None'
[1.172s] Level 5:colcon.colcon_core.verb:set package 'br2_tf2_detector' build argument 'cmake_target' from command line to 'None'
[1.172s] Level 5:colcon.colcon_core.verb:set package 'br2_tf2_detector' build argument 'cmake_target_skip_unavailable' from command line to 'False'
[1.172s] Level 5:colcon.colcon_core.verb:set package 'br2_tf2_detector' build argument 'cmake_clean_cache' from command line to 'False'
[1.172s] Level 5:colcon.colcon_core.verb:set package 'br2_tf2_detector' build argument 'cmake_clean_first' from command line to 'False'
[1.172s] Level 5:colcon.colcon_core.verb:set package 'br2_tf2_detector' build argument 'cmake_force_configure' from command line to 'False'
[1.172s] Level 5:colcon.colcon_core.verb:set package 'br2_tf2_detector' build argument 'ament_cmake_args' from command line to 'None'
[1.172s] Level 5:colcon.colcon_core.verb:set package 'br2_tf2_detector' build argument 'catkin_cmake_args' from command line to 'None'
[1.172s] Level 5:colcon.colcon_core.verb:set package 'br2_tf2_detector' build argument 'catkin_skip_building_tests' from command line to 'False'
[1.172s] DEBUG:colcon.colcon_core.verb:Building package 'br2_tf2_detector' with the following arguments: {'ament_cmake_args': None, 'build_base': '/home/khaledob/bookros2_ws/src/build/br2_tf2_detector', 'catkin_cmake_args': None, 'catkin_skip_building_tests': False, 'cmake_args': None, 'cmake_clean_cache': False, 'cmake_clean_first': False, 'cmake_force_configure': False, 'cmake_target': None, 'cmake_target_skip_unavailable': False, 'install_base': '/home/khaledob/bookros2_ws/src/install/br2_tf2_detector', 'merge_install': False, 'path': '/home/khaledob/bookros2_ws/src/book_ros2/br2_tf2_detector', 'symlink_install': True, 'test_result_base': None}
[1.173s] Level 5:colcon.colcon_core.verb:set package 'br2_tiago' build argument 'cmake_args' from command line to 'None'
[1.173s] Level 5:colcon.colcon_core.verb:set package 'br2_tiago' build argument 'cmake_target' from command line to 'None'
[1.173s] Level 5:colcon.colcon_core.verb:set package 'br2_tiago' build argument 'cmake_target_skip_unavailable' from command line to 'False'
[1.173s] Level 5:colcon.colcon_core.verb:set package 'br2_tiago' build argument 'cmake_clean_cache' from command line to 'False'
[1.173s] Level 5:colcon.colcon_core.verb:set package 'br2_tiago' build argument 'cmake_clean_first' from command line to 'False'
[1.173s] Level 5:colcon.colcon_core.verb:set package 'br2_tiago' build argument 'cmake_force_configure' from command line to 'False'
[1.173s] Level 5:colcon.colcon_core.verb:set package 'br2_tiago' build argument 'ament_cmake_args' from command line to 'None'
[1.173s] Level 5:colcon.colcon_core.verb:set package 'br2_tiago' build argument 'catkin_cmake_args' from command line to 'None'
[1.173s] Level 5:colcon.colcon_core.verb:set package 'br2_tiago' build argument 'catkin_skip_building_tests' from command line to 'False'
[1.173s] DEBUG:colcon.colcon_core.verb:Building package 'br2_tiago' with the following arguments: {'ament_cmake_args': None, 'build_base': '/home/khaledob/bookros2_ws/src/build/br2_tiago', 'catkin_cmake_args': None, 'catkin_skip_building_tests': False, 'cmake_args': None, 'cmake_clean_cache': False, 'cmake_clean_first': False, 'cmake_force_configure': False, 'cmake_target': None, 'cmake_target_skip_unavailable': False, 'install_base': '/home/khaledob/bookros2_ws/src/install/br2_tiago', 'merge_install': False, 'path': '/home/khaledob/bookros2_ws/src/book_ros2/br2_tiago', 'symlink_install': True, 'test_result_base': None}
[1.173s] Level 5:colcon.colcon_core.verb:set package 'br2_tracking_msgs' build argument 'cmake_args' from command line to 'None'
[1.173s] Level 5:colcon.colcon_core.verb:set package 'br2_tracking_msgs' build argument 'cmake_target' from command line to 'None'
[1.173s] Level 5:colcon.colcon_core.verb:set package 'br2_tracking_msgs' build argument 'cmake_target_skip_unavailable' from command line to 'False'
[1.173s] Level 5:colcon.colcon_core.verb:set package 'br2_tracking_msgs' build argument 'cmake_clean_cache' from command line to 'False'
[1.173s] Level 5:colcon.colcon_core.verb:set package 'br2_tracking_msgs' build argument 'cmake_clean_first' from command line to 'False'
[1.174s] Level 5:colcon.colcon_core.verb:set package 'br2_tracking_msgs' build argument 'cmake_force_configure' from command line to 'False'
[1.174s] Level 5:colcon.colcon_core.verb:set package 'br2_tracking_msgs' build argument 'ament_cmake_args' from command line to 'None'
[1.174s] Level 5:colcon.colcon_core.verb:set package 'br2_tracking_msgs' build argument 'catkin_cmake_args' from command line to 'None'
[1.174s] Level 5:colcon.colcon_core.verb:set package 'br2_tracking_msgs' build argument 'catkin_skip_building_tests' from command line to 'False'
[1.174s] DEBUG:colcon.colcon_core.verb:Building package 'br2_tracking_msgs' with the following arguments: {'ament_cmake_args': None, 'build_base': '/home/khaledob/bookros2_ws/src/build/br2_tracking_msgs', 'catkin_cmake_args': None, 'catkin_skip_building_tests': False, 'cmake_args': None, 'cmake_clean_cache': False, 'cmake_clean_first': False, 'cmake_force_configure': False, 'cmake_target': None, 'cmake_target_skip_unavailable': False, 'install_base': '/home/khaledob/bookros2_ws/src/install/br2_tracking_msgs', 'merge_install': False, 'path': '/home/khaledob/bookros2_ws/src/book_ros2/br2_tracking_msgs', 'symlink_install': True, 'test_result_base': None}
[1.174s] Level 5:colcon.colcon_core.verb:set package 'br2_vff_avoidance' build argument 'cmake_args' from command line to 'None'
[1.174s] Level 5:colcon.colcon_core.verb:set package 'br2_vff_avoidance' build argument 'cmake_target' from command line to 'None'
[1.174s] Level 5:colcon.colcon_core.verb:set package 'br2_vff_avoidance' build argument 'cmake_target_skip_unavailable' from command line to 'False'
[1.174s] Level 5:colcon.colcon_core.verb:set package 'br2_vff_avoidance' build argument 'cmake_clean_cache' from command line to 'False'
[1.174s] Level 5:colcon.colcon_core.verb:set package 'br2_vff_avoidance' build argument 'cmake_clean_first' from command line to 'False'
[1.174s] Level 5:colcon.colcon_core.verb:set package 'br2_vff_avoidance' build argument 'cmake_force_configure' from command line to 'False'
[1.174s] Level 5:colcon.colcon_core.verb:set package 'br2_vff_avoidance' build argument 'ament_cmake_args' from command line to 'None'
[1.175s] Level 5:colcon.colcon_core.verb:set package 'br2_vff_avoidance' build argument 'catkin_cmake_args' from command line to 'None'
[1.175s] Level 5:colcon.colcon_core.verb:set package 'br2_vff_avoidance' build argument 'catkin_skip_building_tests' from command line to 'False'
[1.175s] DEBUG:colcon.colcon_core.verb:Building package 'br2_vff_avoidance' with the following arguments: {'ament_cmake_args': None, 'build_base': '/home/khaledob/bookros2_ws/src/build/br2_vff_avoidance', 'catkin_cmake_args': None, 'catkin_skip_building_tests': False, 'cmake_args': None, 'cmake_clean_cache': False, 'cmake_clean_first': False, 'cmake_force_configure': False, 'cmake_target': None, 'cmake_target_skip_unavailable': False, 'install_base': '/home/khaledob/bookros2_ws/src/install/br2_vff_avoidance', 'merge_install': False, 'path': '/home/khaledob/bookros2_ws/src/book_ros2/br2_vff_avoidance', 'symlink_install': True, 'test_result_base': None}
[1.175s] Level 5:colcon.colcon_core.verb:set package 'controller_manager_msgs' build argument 'cmake_args' from command line to 'None'
[1.175s] Level 5:colcon.colcon_core.verb:set package 'controller_manager_msgs' build argument 'cmake_target' from command line to 'None'
[1.175s] Level 5:colcon.colcon_core.verb:set package 'controller_manager_msgs' build argument 'cmake_target_skip_unavailable' from command line to 'False'
[1.175s] Level 5:colcon.colcon_core.verb:set package 'controller_manager_msgs' build argument 'cmake_clean_cache' from command line to 'False'
[1.175s] Level 5:colcon.colcon_core.verb:set package 'controller_manager_msgs' build argument 'cmake_clean_first' from command line to 'False'
[1.175s] Level 5:colcon.colcon_core.verb:set package 'controller_manager_msgs' build argument 'cmake_force_configure' from command line to 'False'
[1.175s] Level 5:colcon.colcon_core.verb:set package 'controller_manager_msgs' build argument 'ament_cmake_args' from command line to 'None'
[1.175s] Level 5:colcon.colcon_core.verb:set package 'controller_manager_msgs' build argument 'catkin_cmake_args' from command line to 'None'
[1.175s] Level 5:colcon.colcon_core.verb:set package 'controller_manager_msgs' build argument 'catkin_skip_building_tests' from command line to 'False'
[1.175s] DEBUG:colcon.colcon_core.verb:Building package 'controller_manager_msgs' with the following arguments: {'ament_cmake_args': None, 'build_base': '/home/khaledob/bookros2_ws/src/build/controller_manager_msgs', 'catkin_cmake_args': None, 'catkin_skip_building_tests': False, 'cmake_args': None, 'cmake_clean_cache': False, 'cmake_clean_first': False, 'cmake_force_configure': False, 'cmake_target': None, 'cmake_target_skip_unavailable': False, 'install_base': '/home/khaledob/bookros2_ws/src/install/controller_manager_msgs', 'merge_install': False, 'path': '/home/khaledob/bookros2_ws/src/ThirdParty/ros2_control/controller_manager_msgs', 'symlink_install': True, 'test_result_base': None}
[1.176s] Level 5:colcon.colcon_core.verb:set package 'groot' build argument 'cmake_args' from command line to 'None'
[1.176s] Level 5:colcon.colcon_core.verb:set package 'groot' build argument 'cmake_target' from command line to 'None'
[1.176s] Level 5:colcon.colcon_core.verb:set package 'groot' build argument 'cmake_target_skip_unavailable' from command line to 'False'
[1.176s] Level 5:colcon.colcon_core.verb:set package 'groot' build argument 'cmake_clean_cache' from command line to 'False'
[1.176s] Level 5:colcon.colcon_core.verb:set package 'groot' build argument 'cmake_clean_first' from command line to 'False'
[1.176s] Level 5:colcon.colcon_core.verb:set package 'groot' build argument 'cmake_force_configure' from command line to 'False'
[1.176s] Level 5:colcon.colcon_core.verb:set package 'groot' build argument 'ament_cmake_args' from command line to 'None'
[1.176s] Level 5:colcon.colcon_core.verb:set package 'groot' build argument 'catkin_cmake_args' from command line to 'None'
[1.176s] Level 5:colcon.colcon_core.verb:set package 'groot' build argument 'catkin_skip_building_tests' from command line to 'False'
[1.176s] DEBUG:colcon.colcon_core.verb:Building package 'groot' with the following arguments: {'ament_cmake_args': None, 'build_base': '/home/khaledob/bookros2_ws/src/build/groot', 'catkin_cmake_args': None, 'catkin_skip_building_tests': False, 'cmake_args': None, 'cmake_clean_cache': False, 'cmake_clean_first': False, 'cmake_force_configure': False, 'cmake_target': None, 'cmake_target_skip_unavailable': False, 'install_base': '/home/khaledob/bookros2_ws/src/install/groot', 'merge_install': False, 'path': '/home/khaledob/bookros2_ws/src/ThirdParty/Groot', 'symlink_install': True, 'test_result_base': None}
[1.177s] Level 5:colcon.colcon_core.verb:set package 'hey5_description' build argument 'cmake_args' from command line to 'None'
[1.177s] Level 5:colcon.colcon_core.verb:set package 'hey5_description' build argument 'cmake_target' from command line to 'None'
[1.177s] Level 5:colcon.colcon_core.verb:set package 'hey5_description' build argument 'cmake_target_skip_unavailable' from command line to 'False'
[1.177s] Level 5:colcon.colcon_core.verb:set package 'hey5_description' build argument 'cmake_clean_cache' from command line to 'False'
[1.177s] Level 5:colcon.colcon_core.verb:set package 'hey5_description' build argument 'cmake_clean_first' from command line to 'False'
[1.177s] Level 5:colcon.colcon_core.verb:set package 'hey5_description' build argument 'cmake_force_configure' from command line to 'False'
[1.177s] Level 5:colcon.colcon_core.verb:set package 'hey5_description' build argument 'ament_cmake_args' from command line to 'None'
[1.177s] Level 5:colcon.colcon_core.verb:set package 'hey5_description' build argument 'catkin_cmake_args' from command line to 'None'
[1.177s] Level 5:colcon.colcon_core.verb:set package 'hey5_description' build argument 'catkin_skip_building_tests' from command line to 'False'
[1.177s] DEBUG:colcon.colcon_core.verb:Building package 'hey5_description' with the following arguments: {'ament_cmake_args': None, 'build_base': '/home/khaledob/bookros2_ws/src/build/hey5_description', 'catkin_cmake_args': None, 'catkin_skip_building_tests': False, 'cmake_args': None, 'cmake_clean_cache': False, 'cmake_clean_first': False, 'cmake_force_configure': False, 'cmake_target': None, 'cmake_target_skip_unavailable': False, 'install_base': '/home/khaledob/bookros2_ws/src/install/hey5_description', 'merge_install': False, 'path': '/home/khaledob/bookros2_ws/src/ThirdParty/hey5_description', 'symlink_install': True, 'test_result_base': None}
[1.178s] Level 5:colcon.colcon_core.verb:set package 'launch_pal' build argument 'cmake_args' from command line to 'None'
[1.179s] Level 5:colcon.colcon_core.verb:set package 'launch_pal' build argument 'cmake_target' from command line to 'None'
[1.179s] Level 5:colcon.colcon_core.verb:set package 'launch_pal' build argument 'cmake_target_skip_unavailable' from command line to 'False'
[1.179s] Level 5:colcon.colcon_core.verb:set package 'launch_pal' build argument 'cmake_clean_cache' from command line to 'False'
[1.179s] Level 5:colcon.colcon_core.verb:set package 'launch_pal' build argument 'cmake_clean_first' from command line to 'False'
[1.179s] Level 5:colcon.colcon_core.verb:set package 'launch_pal' build argument 'cmake_force_configure' from command line to 'False'
[1.179s] Level 5:colcon.colcon_core.verb:set package 'launch_pal' build argument 'ament_cmake_args' from command line to 'None'
[1.179s] Level 5:colcon.colcon_core.verb:set package 'launch_pal' build argument 'catkin_cmake_args' from command line to 'None'
[1.179s] Level 5:colcon.colcon_core.verb:set package 'launch_pal' build argument 'catkin_skip_building_tests' from command line to 'False'
[1.179s] DEBUG:colcon.colcon_core.verb:Building package 'launch_pal' with the following arguments: {'ament_cmake_args': None, 'build_base': '/home/khaledob/bookros2_ws/src/build/launch_pal', 'catkin_cmake_args': None, 'catkin_skip_building_tests': False, 'cmake_args': None, 'cmake_clean_cache': False, 'cmake_clean_first': False, 'cmake_force_configure': False, 'cmake_target': None, 'cmake_target_skip_unavailable': False, 'install_base': '/home/khaledob/bookros2_ws/src/install/launch_pal', 'merge_install': False, 'path': '/home/khaledob/bookros2_ws/src/ThirdParty/launch_pal', 'symlink_install': True, 'test_result_base': None}
[1.180s] Level 5:colcon.colcon_core.verb:set package 'pal_gazebo_worlds' build argument 'cmake_args' from command line to 'None'
[1.180s] Level 5:colcon.colcon_core.verb:set package 'pal_gazebo_worlds' build argument 'cmake_target' from command line to 'None'
[1.180s] Level 5:colcon.colcon_core.verb:set package 'pal_gazebo_worlds' build argument 'cmake_target_skip_unavailable' from command line to 'False'
[1.180s] Level 5:colcon.colcon_core.verb:set package 'pal_gazebo_worlds' build argument 'cmake_clean_cache' from command line to 'False'
[1.180s] Level 5:colcon.colcon_core.verb:set package 'pal_gazebo_worlds' build argument 'cmake_clean_first' from command line to 'False'
[1.180s] Level 5:colcon.colcon_core.verb:set package 'pal_gazebo_worlds' build argument 'cmake_force_configure' from command line to 'False'
[1.180s] Level 5:colcon.colcon_core.verb:set package 'pal_gazebo_worlds' build argument 'ament_cmake_args' from command line to 'None'
[1.180s] Level 5:colcon.colcon_core.verb:set package 'pal_gazebo_worlds' build argument 'catkin_cmake_args' from command line to 'None'
[1.180s] Level 5:colcon.colcon_core.verb:set package 'pal_gazebo_worlds' build argument 'catkin_skip_building_tests' from command line to 'False'
[1.180s] DEBUG:colcon.colcon_core.verb:Building package 'pal_gazebo_worlds' with the following arguments: {'ament_cmake_args': None, 'build_base': '/home/khaledob/bookros2_ws/src/build/pal_gazebo_worlds', 'catkin_cmake_args': None, 'catkin_skip_building_tests': False, 'cmake_args': None, 'cmake_clean_cache': False, 'cmake_clean_first': False, 'cmake_force_configure': False, 'cmake_target': None, 'cmake_target_skip_unavailable': False, 'install_base': '/home/khaledob/bookros2_ws/src/install/pal_gazebo_worlds', 'merge_install': False, 'path': '/home/khaledob/bookros2_ws/src/ThirdParty/pal_gazebo_worlds', 'symlink_install': True, 'test_result_base': None}
[1.181s] Level 5:colcon.colcon_core.verb:set package 'pmb2_maps' build argument 'cmake_args' from command line to 'None'
[1.182s] Level 5:colcon.colcon_core.verb:set package 'pmb2_maps' build argument 'cmake_target' from command line to 'None'
[1.182s] Level 5:colcon.colcon_core.verb:set package 'pmb2_maps' build argument 'cmake_target_skip_unavailable' from command line to 'False'
[1.182s] Level 5:colcon.colcon_core.verb:set package 'pmb2_maps' build argument 'cmake_clean_cache' from command line to 'False'
[1.182s] Level 5:colcon.colcon_core.verb:set package 'pmb2_maps' build argument 'cmake_clean_first' from command line to 'False'
[1.182s] Level 5:colcon.colcon_core.verb:set package 'pmb2_maps' build argument 'cmake_force_configure' from command line to 'False'
[1.182s] Level 5:colcon.colcon_core.verb:set package 'pmb2_maps' build argument 'ament_cmake_args' from command line to 'None'
[1.182s] Level 5:colcon.colcon_core.verb:set package 'pmb2_maps' build argument 'catkin_cmake_args' from command line to 'None'
[1.182s] Level 5:colcon.colcon_core.verb:set package 'pmb2_maps' build argument 'catkin_skip_building_tests' from command line to 'False'
[1.182s] DEBUG:colcon.colcon_core.verb:Building package 'pmb2_maps' with the following arguments: {'ament_cmake_args': None, 'build_base': '/home/khaledob/bookros2_ws/src/build/pmb2_maps', 'catkin_cmake_args': None, 'catkin_skip_building_tests': False, 'cmake_args': None, 'cmake_clean_cache': False, 'cmake_clean_first': False, 'cmake_force_configure': False, 'cmake_target': None, 'cmake_target_skip_unavailable': False, 'install_base': '/home/khaledob/bookros2_ws/src/install/pmb2_maps', 'merge_install': False, 'path': '/home/khaledob/bookros2_ws/src/ThirdParty/pmb2_navigation/pmb2_maps', 'symlink_install': True, 'test_result_base': None}
[1.183s] Level 5:colcon.colcon_core.verb:set package 'ros2_control_test_assets' build argument 'cmake_args' from command line to 'None'
[1.183s] Level 5:colcon.colcon_core.verb:set package 'ros2_control_test_assets' build argument 'cmake_target' from command line to 'None'
[1.183s] Level 5:colcon.colcon_core.verb:set package 'ros2_control_test_assets' build argument 'cmake_target_skip_unavailable' from command line to 'False'
[1.183s] Level 5:colcon.colcon_core.verb:set package 'ros2_control_test_assets' build argument 'cmake_clean_cache' from command line to 'False'
[1.183s] Level 5:colcon.colcon_core.verb:set package 'ros2_control_test_assets' build argument 'cmake_clean_first' from command line to 'False'
[1.183s] Level 5:colcon.colcon_core.verb:set package 'ros2_control_test_assets' build argument 'cmake_force_configure' from command line to 'False'
[1.183s] Level 5:colcon.colcon_core.verb:set package 'ros2_control_test_assets' build argument 'ament_cmake_args' from command line to 'None'
[1.183s] Level 5:colcon.colcon_core.verb:set package 'ros2_control_test_assets' build argument 'catkin_cmake_args' from command line to 'None'
[1.183s] Level 5:colcon.colcon_core.verb:set package 'ros2_control_test_assets' build argument 'catkin_skip_building_tests' from command line to 'False'
[1.183s] DEBUG:colcon.colcon_core.verb:Building package 'ros2_control_test_assets' with the following arguments: {'ament_cmake_args': None, 'build_base': '/home/khaledob/bookros2_ws/src/build/ros2_control_test_assets', 'catkin_cmake_args': None, 'catkin_skip_building_tests': False, 'cmake_args': None, 'cmake_clean_cache': False, 'cmake_clean_first': False, 'cmake_force_configure': False, 'cmake_target': None, 'cmake_target_skip_unavailable': False, 'install_base': '/home/khaledob/bookros2_ws/src/install/ros2_control_test_assets', 'merge_install': False, 'path': '/home/khaledob/bookros2_ws/src/ThirdParty/ros2_control/ros2_control_test_assets', 'symlink_install': True, 'test_result_base': None}
[1.183s] Level 5:colcon.colcon_core.verb:set package 't1' build argument 'cmake_args' from command line to 'None'
[1.183s] Level 5:colcon.colcon_core.verb:set package 't1' build argument 'cmake_target' from command line to 'None'
[1.183s] Level 5:colcon.colcon_core.verb:set package 't1' build argument 'cmake_target_skip_unavailable' from command line to 'False'
[1.183s] Level 5:colcon.colcon_core.verb:set package 't1' build argument 'cmake_clean_cache' from command line to 'False'
[1.183s] Level 5:colcon.colcon_core.verb:set package 't1' build argument 'cmake_clean_first' from command line to 'False'
[1.183s] Level 5:colcon.colcon_core.verb:set package 't1' build argument 'cmake_force_configure' from command line to 'False'
[1.183s] Level 5:colcon.colcon_core.verb:set package 't1' build argument 'ament_cmake_args' from command line to 'None'
[1.183s] Level 5:colcon.colcon_core.verb:set package 't1' build argument 'catkin_cmake_args' from command line to 'None'
[1.183s] Level 5:colcon.colcon_core.verb:set package 't1' build argument 'catkin_skip_building_tests' from command line to 'False'
[1.183s] DEBUG:colcon.colcon_core.verb:Building package 't1' with the following arguments: {'ament_cmake_args': None, 'build_base': '/home/khaledob/bookros2_ws/src/build/t1', 'catkin_cmake_args': None, 'catkin_skip_building_tests': False, 'cmake_args': None, 'cmake_clean_cache': False, 'cmake_clean_first': False, 'cmake_force_configure': False, 'cmake_target': None, 'cmake_target_skip_unavailable': False, 'install_base': '/home/khaledob/bookros2_ws/src/install/t1', 'merge_install': False, 'path': '/home/khaledob/bookros2_ws/src/t1', 'symlink_install': True, 'test_result_base': None}
[1.184s] Level 5:colcon.colcon_core.verb:set package 'task1' build argument 'cmake_args' from command line to 'None'
[1.184s] Level 5:colcon.colcon_core.verb:set package 'task1' build argument 'cmake_target' from command line to 'None'
[1.184s] Level 5:colcon.colcon_core.verb:set package 'task1' build argument 'cmake_target_skip_unavailable' from command line to 'False'
[1.184s] Level 5:colcon.colcon_core.verb:set package 'task1' build argument 'cmake_clean_cache' from command line to 'False'
[1.184s] Level 5:colcon.colcon_core.verb:set package 'task1' build argument 'cmake_clean_first' from command line to 'False'
[1.184s] Level 5:colcon.colcon_core.verb:set package 'task1' build argument 'cmake_force_configure' from command line to 'False'
[1.184s] Level 5:colcon.colcon_core.verb:set package 'task1' build argument 'ament_cmake_args' from command line to 'None'
[1.184s] Level 5:colcon.colcon_core.verb:set package 'task1' build argument 'catkin_cmake_args' from command line to 'None'
[1.184s] Level 5:colcon.colcon_core.verb:set package 'task1' build argument 'catkin_skip_building_tests' from command line to 'False'
[1.184s] DEBUG:colcon.colcon_core.verb:Building package 'task1' with the following arguments: {'ament_cmake_args': None, 'build_base': '/home/khaledob/bookros2_ws/src/build/task1', 'catkin_cmake_args': None, 'catkin_skip_building_tests': False, 'cmake_args': None, 'cmake_clean_cache': False, 'cmake_clean_first': False, 'cmake_force_configure': False, 'cmake_target': None, 'cmake_target_skip_unavailable': False, 'install_base': '/home/khaledob/bookros2_ws/src/install/task1', 'merge_install': False, 'path': '/home/khaledob/bookros2_ws/src/task1', 'symlink_install': True, 'test_result_base': None}
[1.184s] Level 5:colcon.colcon_core.verb:set package 'task2a' build argument 'cmake_args' from command line to 'None'
[1.184s] Level 5:colcon.colcon_core.verb:set package 'task2a' build argument 'cmake_target' from command line to 'None'
[1.184s] Level 5:colcon.colcon_core.verb:set package 'task2a' build argument 'cmake_target_skip_unavailable' from command line to 'False'
[1.184s] Level 5:colcon.colcon_core.verb:set package 'task2a' build argument 'cmake_clean_cache' from command line to 'False'
[1.185s] Level 5:colcon.colcon_core.verb:set package 'task2a' build argument 'cmake_clean_first' from command line to 'False'
[1.185s] Level 5:colcon.colcon_core.verb:set package 'task2a' build argument 'cmake_force_configure' from command line to 'False'
[1.185s] Level 5:colcon.colcon_core.verb:set package 'task2a' build argument 'ament_cmake_args' from command line to 'None'
[1.185s] Level 5:colcon.colcon_core.verb:set package 'task2a' build argument 'catkin_cmake_args' from command line to 'None'
[1.185s] Level 5:colcon.colcon_core.verb:set package 'task2a' build argument 'catkin_skip_building_tests' from command line to 'False'
[1.185s] DEBUG:colcon.colcon_core.verb:Building package 'task2a' with the following arguments: {'ament_cmake_args': None, 'build_base': '/home/khaledob/bookros2_ws/src/build/task2a', 'catkin_cmake_args': None, 'catkin_skip_building_tests': False, 'cmake_args': None, 'cmake_clean_cache': False, 'cmake_clean_first': False, 'cmake_force_configure': False, 'cmake_target': None, 'cmake_target_skip_unavailable': False, 'install_base': '/home/khaledob/bookros2_ws/src/install/task2a', 'merge_install': False, 'path': '/home/khaledob/bookros2_ws/src/task2a', 'symlink_install': True, 'test_result_base': None}
[1.185s] Level 5:colcon.colcon_core.verb:set package 'task2b' build argument 'cmake_args' from command line to 'None'
[1.186s] Level 5:colcon.colcon_core.verb:set package 'task2b' build argument 'cmake_target' from command line to 'None'
[1.186s] Level 5:colcon.colcon_core.verb:set package 'task2b' build argument 'cmake_target_skip_unavailable' from command line to 'False'
[1.186s] Level 5:colcon.colcon_core.verb:set package 'task2b' build argument 'cmake_clean_cache' from command line to 'False'
[1.186s] Level 5:colcon.colcon_core.verb:set package 'task2b' build argument 'cmake_clean_first' from command line to 'False'
[1.186s] Level 5:colcon.colcon_core.verb:set package 'task2b' build argument 'cmake_force_configure' from command line to 'False'
[1.186s] Level 5:colcon.colcon_core.verb:set package 'task2b' build argument 'ament_cmake_args' from command line to 'None'
[1.186s] Level 5:colcon.colcon_core.verb:set package 'task2b' build argument 'catkin_cmake_args' from command line to 'None'
[1.186s] Level 5:colcon.colcon_core.verb:set package 'task2b' build argument 'catkin_skip_building_tests' from command line to 'False'
[1.186s] DEBUG:colcon.colcon_core.verb:Building package 'task2b' with the following arguments: {'ament_cmake_args': None, 'build_base': '/home/khaledob/bookros2_ws/src/build/task2b', 'catkin_cmake_args': None, 'catkin_skip_building_tests': False, 'cmake_args': None, 'cmake_clean_cache': False, 'cmake_clean_first': False, 'cmake_force_configure': False, 'cmake_target': None, 'cmake_target_skip_unavailable': False, 'install_base': '/home/khaledob/bookros2_ws/src/install/task2b', 'merge_install': False, 'path': '/home/khaledob/bookros2_ws/src/task2b', 'symlink_install': True, 'test_result_base': None}
[1.186s] Level 5:colcon.colcon_core.verb:set package 'tiago_description_calibration' build argument 'cmake_args' from command line to 'None'
[1.186s] Level 5:colcon.colcon_core.verb:set package 'tiago_description_calibration' build argument 'cmake_target' from command line to 'None'
[1.186s] Level 5:colcon.colcon_core.verb:set package 'tiago_description_calibration' build argument 'cmake_target_skip_unavailable' from command line to 'False'
[1.187s] Level 5:colcon.colcon_core.verb:set package 'tiago_description_calibration' build argument 'cmake_clean_cache' from command line to 'False'
[1.187s] Level 5:colcon.colcon_core.verb:set package 'tiago_description_calibration' build argument 'cmake_clean_first' from command line to 'False'
[1.187s] Level 5:colcon.colcon_core.verb:set package 'tiago_description_calibration' build argument 'cmake_force_configure' from command line to 'False'
[1.187s] Level 5:colcon.colcon_core.verb:set package 'tiago_description_calibration' build argument 'ament_cmake_args' from command line to 'None'
[1.187s] Level 5:colcon.colcon_core.verb:set package 'tiago_description_calibration' build argument 'catkin_cmake_args' from command line to 'None'
[1.187s] Level 5:colcon.colcon_core.verb:set package 'tiago_description_calibration' build argument 'catkin_skip_building_tests' from command line to 'False'
[1.187s] DEBUG:colcon.colcon_core.verb:Building package 'tiago_description_calibration' with the following arguments: {'ament_cmake_args': None, 'build_base': '/home/khaledob/bookros2_ws/src/build/tiago_description_calibration', 'catkin_cmake_args': None, 'catkin_skip_building_tests': False, 'cmake_args': None, 'cmake_clean_cache': False, 'cmake_clean_first': False, 'cmake_force_configure': False, 'cmake_target': None, 'cmake_target_skip_unavailable': False, 'install_base': '/home/khaledob/bookros2_ws/src/install/tiago_description_calibration', 'merge_install': False, 'path': '/home/khaledob/bookros2_ws/src/ThirdParty/tiago_description_calibration', 'symlink_install': True, 'test_result_base': None}
[1.187s] Level 5:colcon.colcon_core.verb:set package 'twist_mux' build argument 'cmake_args' from command line to 'None'
[1.187s] Level 5:colcon.colcon_core.verb:set package 'twist_mux' build argument 'cmake_target' from command line to 'None'
[1.187s] Level 5:colcon.colcon_core.verb:set package 'twist_mux' build argument 'cmake_target_skip_unavailable' from command line to 'False'
[1.187s] Level 5:colcon.colcon_core.verb:set package 'twist_mux' build argument 'cmake_clean_cache' from command line to 'False'
[1.187s] Level 5:colcon.colcon_core.verb:set package 'twist_mux' build argument 'cmake_clean_first' from command line to 'False'
[1.187s] Level 5:colcon.colcon_core.verb:set package 'twist_mux' build argument 'cmake_force_configure' from command line to 'False'
[1.187s] Level 5:colcon.colcon_core.verb:set package 'twist_mux' build argument 'ament_cmake_args' from command line to 'None'
[1.187s] Level 5:colcon.colcon_core.verb:set package 'twist_mux' build argument 'catkin_cmake_args' from command line to 'None'
[1.187s] Level 5:colcon.colcon_core.verb:set package 'twist_mux' build argument 'catkin_skip_building_tests' from command line to 'False'
[1.187s] DEBUG:colcon.colcon_core.verb:Building package 'twist_mux' with the following arguments: {'ament_cmake_args': None, 'build_base': '/home/khaledob/bookros2_ws/src/build/twist_mux', 'catkin_cmake_args': None, 'catkin_skip_building_tests': False, 'cmake_args': None, 'cmake_clean_cache': False, 'cmake_clean_first': False, 'cmake_force_configure': False, 'cmake_target': None, 'cmake_target_skip_unavailable': False, 'install_base': '/home/khaledob/bookros2_ws/src/install/twist_mux', 'merge_install': False, 'path': '/home/khaledob/bookros2_ws/src/ThirdParty/twist_mux', 'symlink_install': True, 'test_result_base': None}
[1.188s] Level 5:colcon.colcon_core.verb:set package 'urdf_test' build argument 'cmake_args' from command line to 'None'
[1.188s] Level 5:colcon.colcon_core.verb:set package 'urdf_test' build argument 'cmake_target' from command line to 'None'
[1.188s] Level 5:colcon.colcon_core.verb:set package 'urdf_test' build argument 'cmake_target_skip_unavailable' from command line to 'False'
[1.188s] Level 5:colcon.colcon_core.verb:set package 'urdf_test' build argument 'cmake_clean_cache' from command line to 'False'
[1.188s] Level 5:colcon.colcon_core.verb:set package 'urdf_test' build argument 'cmake_clean_first' from command line to 'False'
[1.188s] Level 5:colcon.colcon_core.verb:set package 'urdf_test' build argument 'cmake_force_configure' from command line to 'False'
[1.188s] Level 5:colcon.colcon_core.verb:set package 'urdf_test' build argument 'ament_cmake_args' from command line to 'None'
[1.188s] Level 5:colcon.colcon_core.verb:set package 'urdf_test' build argument 'catkin_cmake_args' from command line to 'None'
[1.188s] Level 5:colcon.colcon_core.verb:set package 'urdf_test' build argument 'catkin_skip_building_tests' from command line to 'False'
[1.188s] DEBUG:colcon.colcon_core.verb:Building package 'urdf_test' with the following arguments: {'ament_cmake_args': None, 'build_base': '/home/khaledob/bookros2_ws/src/build/urdf_test', 'catkin_cmake_args': None, 'catkin_skip_building_tests': False, 'cmake_args': None, 'cmake_clean_cache': False, 'cmake_clean_first': False, 'cmake_force_configure': False, 'cmake_target': None, 'cmake_target_skip_unavailable': False, 'install_base': '/home/khaledob/bookros2_ws/src/install/urdf_test', 'merge_install': False, 'path': '/home/khaledob/bookros2_ws/src/ThirdParty/urdf_test', 'symlink_install': True, 'test_result_base': None}
[1.188s] Level 5:colcon.colcon_core.verb:set package 'br2_tracking' build argument 'cmake_args' from command line to 'None'
[1.188s] Level 5:colcon.colcon_core.verb:set package 'br2_tracking' build argument 'cmake_target' from command line to 'None'
[1.188s] Level 5:colcon.colcon_core.verb:set package 'br2_tracking' build argument 'cmake_target_skip_unavailable' from command line to 'False'
[1.188s] Level 5:colcon.colcon_core.verb:set package 'br2_tracking' build argument 'cmake_clean_cache' from command line to 'False'
[1.188s] Level 5:colcon.colcon_core.verb:set package 'br2_tracking' build argument 'cmake_clean_first' from command line to 'False'
[1.188s] Level 5:colcon.colcon_core.verb:set package 'br2_tracking' build argument 'cmake_force_configure' from command line to 'False'
[1.188s] Level 5:colcon.colcon_core.verb:set package 'br2_tracking' build argument 'ament_cmake_args' from command line to 'None'
[1.188s] Level 5:colcon.colcon_core.verb:set package 'br2_tracking' build argument 'catkin_cmake_args' from command line to 'None'
[1.189s] Level 5:colcon.colcon_core.verb:set package 'br2_tracking' build argument 'catkin_skip_building_tests' from command line to 'False'
[1.189s] DEBUG:colcon.colcon_core.verb:Building package 'br2_tracking' with the following arguments: {'ament_cmake_args': None, 'build_base': '/home/khaledob/bookros2_ws/src/build/br2_tracking', 'catkin_cmake_args': None, 'catkin_skip_building_tests': False, 'cmake_args': None, 'cmake_clean_cache': False, 'cmake_clean_first': False, 'cmake_force_configure': False, 'cmake_target': None, 'cmake_target_skip_unavailable': False, 'install_base': '/home/khaledob/bookros2_ws/src/install/br2_tracking', 'merge_install': False, 'path': '/home/khaledob/bookros2_ws/src/book_ros2/br2_tracking', 'symlink_install': True, 'test_result_base': None}
[1.189s] Level 5:colcon.colcon_core.verb:set package 'hardware_interface' build argument 'cmake_args' from command line to 'None'
[1.189s] Level 5:colcon.colcon_core.verb:set package 'hardware_interface' build argument 'cmake_target' from command line to 'None'
[1.190s] Level 5:colcon.colcon_core.verb:set package 'hardware_interface' build argument 'cmake_target_skip_unavailable' from command line to 'False'
[1.190s] Level 5:colcon.colcon_core.verb:set package 'hardware_interface' build argument 'cmake_clean_cache' from command line to 'False'
[1.190s] Level 5:colcon.colcon_core.verb:set package 'hardware_interface' build argument 'cmake_clean_first' from command line to 'False'
[1.190s] Level 5:colcon.colcon_core.verb:set package 'hardware_interface' build argument 'cmake_force_configure' from command line to 'False'
[1.190s] Level 5:colcon.colcon_core.verb:set package 'hardware_interface' build argument 'ament_cmake_args' from command line to 'None'
[1.190s] Level 5:colcon.colcon_core.verb:set package 'hardware_interface' build argument 'catkin_cmake_args' from command line to 'None'
[1.190s] Level 5:colcon.colcon_core.verb:set package 'hardware_interface' build argument 'catkin_skip_building_tests' from command line to 'False'
[1.190s] DEBUG:colcon.colcon_core.verb:Building package 'hardware_interface' with the following arguments: {'ament_cmake_args': None, 'build_base': '/home/khaledob/bookros2_ws/src/build/hardware_interface', 'catkin_cmake_args': None, 'catkin_skip_building_tests': False, 'cmake_args': None, 'cmake_clean_cache': False, 'cmake_clean_first': False, 'cmake_force_configure': False, 'cmake_target': None, 'cmake_target_skip_unavailable': False, 'install_base': '/home/khaledob/bookros2_ws/src/install/hardware_interface', 'merge_install': False, 'path': '/home/khaledob/bookros2_ws/src/ThirdParty/ros2_control/hardware_interface', 'symlink_install': True, 'test_result_base': None}
[1.191s] Level 5:colcon.colcon_core.verb:set package 'pal_gripper_description' build argument 'cmake_args' from command line to 'None'
[1.191s] Level 5:colcon.colcon_core.verb:set package 'pal_gripper_description' build argument 'cmake_target' from command line to 'None'
[1.191s] Level 5:colcon.colcon_core.verb:set package 'pal_gripper_description' build argument 'cmake_target_skip_unavailable' from command line to 'False'
[1.191s] Level 5:colcon.colcon_core.verb:set package 'pal_gripper_description' build argument 'cmake_clean_cache' from command line to 'False'
[1.191s] Level 5:colcon.colcon_core.verb:set package 'pal_gripper_description' build argument 'cmake_clean_first' from command line to 'False'
[1.191s] Level 5:colcon.colcon_core.verb:set package 'pal_gripper_description' build argument 'cmake_force_configure' from command line to 'False'
[1.191s] Level 5:colcon.colcon_core.verb:set package 'pal_gripper_description' build argument 'ament_cmake_args' from command line to 'None'
[1.191s] Level 5:colcon.colcon_core.verb:set package 'pal_gripper_description' build argument 'catkin_cmake_args' from command line to 'None'
[1.191s] Level 5:colcon.colcon_core.verb:set package 'pal_gripper_description' build argument 'catkin_skip_building_tests' from command line to 'False'
[1.191s] DEBUG:colcon.colcon_core.verb:Building package 'pal_gripper_description' with the following arguments: {'ament_cmake_args': None, 'build_base': '/home/khaledob/bookros2_ws/src/build/pal_gripper_description', 'catkin_cmake_args': None, 'catkin_skip_building_tests': False, 'cmake_args': None, 'cmake_clean_cache': False, 'cmake_clean_first': False, 'cmake_force_configure': False, 'cmake_target': None, 'cmake_target_skip_unavailable': False, 'install_base': '/home/khaledob/bookros2_ws/src/install/pal_gripper_description', 'merge_install': False, 'path': '/home/khaledob/bookros2_ws/src/ThirdParty/pal_gripper/pal_gripper_description', 'symlink_install': True, 'test_result_base': None}
[1.191s] Level 5:colcon.colcon_core.verb:set package 'pmb2_2dnav' build argument 'cmake_args' from command line to 'None'
[1.191s] Level 5:colcon.colcon_core.verb:set package 'pmb2_2dnav' build argument 'cmake_target' from command line to 'None'
[1.191s] Level 5:colcon.colcon_core.verb:set package 'pmb2_2dnav' build argument 'cmake_target_skip_unavailable' from command line to 'False'
[1.191s] Level 5:colcon.colcon_core.verb:set package 'pmb2_2dnav' build argument 'cmake_clean_cache' from command line to 'False'
[1.191s] Level 5:colcon.colcon_core.verb:set package 'pmb2_2dnav' build argument 'cmake_clean_first' from command line to 'False'
[1.191s] Level 5:colcon.colcon_core.verb:set package 'pmb2_2dnav' build argument 'cmake_force_configure' from command line to 'False'
[1.191s] Level 5:colcon.colcon_core.verb:set package 'pmb2_2dnav' build argument 'ament_cmake_args' from command line to 'None'
[1.191s] Level 5:colcon.colcon_core.verb:set package 'pmb2_2dnav' build argument 'catkin_cmake_args' from command line to 'None'
[1.191s] Level 5:colcon.colcon_core.verb:set package 'pmb2_2dnav' build argument 'catkin_skip_building_tests' from command line to 'False'
[1.191s] DEBUG:colcon.colcon_core.verb:Building package 'pmb2_2dnav' with the following arguments: {'ament_cmake_args': None, 'build_base': '/home/khaledob/bookros2_ws/src/build/pmb2_2dnav', 'catkin_cmake_args': None, 'catkin_skip_building_tests': False, 'cmake_args': None, 'cmake_clean_cache': False, 'cmake_clean_first': False, 'cmake_force_configure': False, 'cmake_target': None, 'cmake_target_skip_unavailable': False, 'install_base': '/home/khaledob/bookros2_ws/src/install/pmb2_2dnav', 'merge_install': False, 'path': '/home/khaledob/bookros2_ws/src/ThirdParty/pmb2_navigation/pmb2_2dnav', 'symlink_install': True, 'test_result_base': None}
[1.192s] Level 5:colcon.colcon_core.verb:set package 'controller_interface' build argument 'cmake_args' from command line to 'None'
[1.192s] Level 5:colcon.colcon_core.verb:set package 'controller_interface' build argument 'cmake_target' from command line to 'None'
[1.192s] Level 5:colcon.colcon_core.verb:set package 'controller_interface' build argument 'cmake_target_skip_unavailable' from command line to 'False'
[1.192s] Level 5:colcon.colcon_core.verb:set package 'controller_interface' build argument 'cmake_clean_cache' from command line to 'False'
[1.192s] Level 5:colcon.colcon_core.verb:set package 'controller_interface' build argument 'cmake_clean_first' from command line to 'False'
[1.192s] Level 5:colcon.colcon_core.verb:set package 'controller_interface' build argument 'cmake_force_configure' from command line to 'False'
[1.192s] Level 5:colcon.colcon_core.verb:set package 'controller_interface' build argument 'ament_cmake_args' from command line to 'None'
[1.192s] Level 5:colcon.colcon_core.verb:set package 'controller_interface' build argument 'catkin_cmake_args' from command line to 'None'
[1.192s] Level 5:colcon.colcon_core.verb:set package 'controller_interface' build argument 'catkin_skip_building_tests' from command line to 'False'
[1.192s] DEBUG:colcon.colcon_core.verb:Building package 'controller_interface' with the following arguments: {'ament_cmake_args': None, 'build_base': '/home/khaledob/bookros2_ws/src/build/controller_interface', 'catkin_cmake_args': None, 'catkin_skip_building_tests': False, 'cmake_args': None, 'cmake_clean_cache': False, 'cmake_clean_first': False, 'cmake_force_configure': False, 'cmake_target': None, 'cmake_target_skip_unavailable': False, 'install_base': '/home/khaledob/bookros2_ws/src/install/controller_interface', 'merge_install': False, 'path': '/home/khaledob/bookros2_ws/src/ThirdParty/ros2_control/controller_interface', 'symlink_install': True, 'test_result_base': None}
[1.193s] Level 5:colcon.colcon_core.verb:set package 'pmb2_navigation' build argument 'cmake_args' from command line to 'None'
[1.193s] Level 5:colcon.colcon_core.verb:set package 'pmb2_navigation' build argument 'cmake_target' from command line to 'None'
[1.193s] Level 5:colcon.colcon_core.verb:set package 'pmb2_navigation' build argument 'cmake_target_skip_unavailable' from command line to 'False'
[1.193s] Level 5:colcon.colcon_core.verb:set package 'pmb2_navigation' build argument 'cmake_clean_cache' from command line to 'False'
[1.193s] Level 5:colcon.colcon_core.verb:set package 'pmb2_navigation' build argument 'cmake_clean_first' from command line to 'False'
[1.193s] Level 5:colcon.colcon_core.verb:set package 'pmb2_navigation' build argument 'cmake_force_configure' from command line to 'False'
[1.193s] Level 5:colcon.colcon_core.verb:set package 'pmb2_navigation' build argument 'ament_cmake_args' from command line to 'None'
[1.193s] Level 5:colcon.colcon_core.verb:set package 'pmb2_navigation' build argument 'catkin_cmake_args' from command line to 'None'
[1.193s] Level 5:colcon.colcon_core.verb:set package 'pmb2_navigation' build argument 'catkin_skip_building_tests' from command line to 'False'
[1.193s] DEBUG:colcon.colcon_core.verb:Building package 'pmb2_navigation' with the following arguments: {'ament_cmake_args': None, 'build_base': '/home/khaledob/bookros2_ws/src/build/pmb2_navigation', 'catkin_cmake_args': None, 'catkin_skip_building_tests': False, 'cmake_args': None, 'cmake_clean_cache': False, 'cmake_clean_first': False, 'cmake_force_configure': False, 'cmake_target': None, 'cmake_target_skip_unavailable': False, 'install_base': '/home/khaledob/bookros2_ws/src/install/pmb2_navigation', 'merge_install': False, 'path': '/home/khaledob/bookros2_ws/src/ThirdParty/pmb2_navigation/pmb2_navigation', 'symlink_install': True, 'test_result_base': None}
[1.193s] Level 5:colcon.colcon_core.verb:set package 'transmission_interface' build argument 'cmake_args' from command line to 'None'
[1.193s] Level 5:colcon.colcon_core.verb:set package 'transmission_interface' build argument 'cmake_target' from command line to 'None'
[1.193s] Level 5:colcon.colcon_core.verb:set package 'transmission_interface' build argument 'cmake_target_skip_unavailable' from command line to 'False'
[1.193s] Level 5:colcon.colcon_core.verb:set package 'transmission_interface' build argument 'cmake_clean_cache' from command line to 'False'
[1.193s] Level 5:colcon.colcon_core.verb:set package 'transmission_interface' build argument 'cmake_clean_first' from command line to 'False'
[1.193s] Level 5:colcon.colcon_core.verb:set package 'transmission_interface' build argument 'cmake_force_configure' from command line to 'False'
[1.193s] Level 5:colcon.colcon_core.verb:set package 'transmission_interface' build argument 'ament_cmake_args' from command line to 'None'
[1.193s] Level 5:colcon.colcon_core.verb:set package 'transmission_interface' build argument 'catkin_cmake_args' from command line to 'None'
[1.193s] Level 5:colcon.colcon_core.verb:set package 'transmission_interface' build argument 'catkin_skip_building_tests' from command line to 'False'
[1.194s] DEBUG:colcon.colcon_core.verb:Building package 'transmission_interface' with the following arguments: {'ament_cmake_args': None, 'build_base': '/home/khaledob/bookros2_ws/src/build/transmission_interface', 'catkin_cmake_args': None, 'catkin_skip_building_tests': False, 'cmake_args': None, 'cmake_clean_cache': False, 'cmake_clean_first': False, 'cmake_force_configure': False, 'cmake_target': None, 'cmake_target_skip_unavailable': False, 'install_base': '/home/khaledob/bookros2_ws/src/install/transmission_interface', 'merge_install': False, 'path': '/home/khaledob/bookros2_ws/src/ThirdParty/ros2_control/transmission_interface', 'symlink_install': True, 'test_result_base': None}
[1.194s] Level 5:colcon.colcon_core.verb:set package 'controller_manager' build argument 'cmake_args' from command line to 'None'
[1.194s] Level 5:colcon.colcon_core.verb:set package 'controller_manager' build argument 'cmake_target' from command line to 'None'
[1.194s] Level 5:colcon.colcon_core.verb:set package 'controller_manager' build argument 'cmake_target_skip_unavailable' from command line to 'False'
[1.194s] Level 5:colcon.colcon_core.verb:set package 'controller_manager' build argument 'cmake_clean_cache' from command line to 'False'
[1.194s] Level 5:colcon.colcon_core.verb:set package 'controller_manager' build argument 'cmake_clean_first' from command line to 'False'
[1.194s] Level 5:colcon.colcon_core.verb:set package 'controller_manager' build argument 'cmake_force_configure' from command line to 'False'
[1.194s] Level 5:colcon.colcon_core.verb:set package 'controller_manager' build argument 'ament_cmake_args' from command line to 'None'
[1.194s] Level 5:colcon.colcon_core.verb:set package 'controller_manager' build argument 'catkin_cmake_args' from command line to 'None'
[1.194s] Level 5:colcon.colcon_core.verb:set package 'controller_manager' build argument 'catkin_skip_building_tests' from command line to 'False'
[1.194s] DEBUG:colcon.colcon_core.verb:Building package 'controller_manager' with the following arguments: {'ament_cmake_args': None, 'build_base': '/home/khaledob/bookros2_ws/src/build/controller_manager', 'catkin_cmake_args': None, 'catkin_skip_building_tests': False, 'cmake_args': None, 'cmake_clean_cache': False, 'cmake_clean_first': False, 'cmake_force_configure': False, 'cmake_target': None, 'cmake_target_skip_unavailable': False, 'install_base': '/home/khaledob/bookros2_ws/src/install/controller_manager', 'merge_install': False, 'path': '/home/khaledob/bookros2_ws/src/ThirdParty/ros2_control/controller_manager', 'symlink_install': True, 'test_result_base': None}
[1.195s] Level 5:colcon.colcon_core.verb:set package 'diff_drive_controller' build argument 'cmake_args' from command line to 'None'
[1.195s] Level 5:colcon.colcon_core.verb:set package 'diff_drive_controller' build argument 'cmake_target' from command line to 'None'
[1.195s] Level 5:colcon.colcon_core.verb:set package 'diff_drive_controller' build argument 'cmake_target_skip_unavailable' from command line to 'False'
[1.195s] Level 5:colcon.colcon_core.verb:set package 'diff_drive_controller' build argument 'cmake_clean_cache' from command line to 'False'
[1.195s] Level 5:colcon.colcon_core.verb:set package 'diff_drive_controller' build argument 'cmake_clean_first' from command line to 'False'
[1.195s] Level 5:colcon.colcon_core.verb:set package 'diff_drive_controller' build argument 'cmake_force_configure' from command line to 'False'
[1.195s] Level 5:colcon.colcon_core.verb:set package 'diff_drive_controller' build argument 'ament_cmake_args' from command line to 'None'
[1.195s] Level 5:colcon.colcon_core.verb:set package 'diff_drive_controller' build argument 'catkin_cmake_args' from command line to 'None'
[1.195s] Level 5:colcon.colcon_core.verb:set package 'diff_drive_controller' build argument 'catkin_skip_building_tests' from command line to 'False'
[1.195s] DEBUG:colcon.colcon_core.verb:Building package 'diff_drive_controller' with the following arguments: {'ament_cmake_args': None, 'build_base': '/home/khaledob/bookros2_ws/src/build/diff_drive_controller', 'catkin_cmake_args': None, 'catkin_skip_building_tests': False, 'cmake_args': None, 'cmake_clean_cache': False, 'cmake_clean_first': False, 'cmake_force_configure': False, 'cmake_target': None, 'cmake_target_skip_unavailable': False, 'install_base': '/home/khaledob/bookros2_ws/src/install/diff_drive_controller', 'merge_install': False, 'path': '/home/khaledob/bookros2_ws/src/ThirdParty/ros2_controllers/diff_drive_controller', 'symlink_install': True, 'test_result_base': None}
[1.196s] Level 5:colcon.colcon_core.verb:set package 'force_torque_sensor_broadcaster' build argument 'cmake_args' from command line to 'None'
[1.196s] Level 5:colcon.colcon_core.verb:set package 'force_torque_sensor_broadcaster' build argument 'cmake_target' from command line to 'None'
[1.196s] Level 5:colcon.colcon_core.verb:set package 'force_torque_sensor_broadcaster' build argument 'cmake_target_skip_unavailable' from command line to 'False'
[1.196s] Level 5:colcon.colcon_core.verb:set package 'force_torque_sensor_broadcaster' build argument 'cmake_clean_cache' from command line to 'False'
[1.196s] Level 5:colcon.colcon_core.verb:set package 'force_torque_sensor_broadcaster' build argument 'cmake_clean_first' from command line to 'False'
[1.196s] Level 5:colcon.colcon_core.verb:set package 'force_torque_sensor_broadcaster' build argument 'cmake_force_configure' from command line to 'False'
[1.196s] Level 5:colcon.colcon_core.verb:set package 'force_torque_sensor_broadcaster' build argument 'ament_cmake_args' from command line to 'None'
[1.196s] Level 5:colcon.colcon_core.verb:set package 'force_torque_sensor_broadcaster' build argument 'catkin_cmake_args' from command line to 'None'
[1.196s] Level 5:colcon.colcon_core.verb:set package 'force_torque_sensor_broadcaster' build argument 'catkin_skip_building_tests' from command line to 'False'
[1.197s] DEBUG:colcon.colcon_core.verb:Building package 'force_torque_sensor_broadcaster' with the following arguments: {'ament_cmake_args': None, 'build_base': '/home/khaledob/bookros2_ws/src/build/force_torque_sensor_broadcaster', 'catkin_cmake_args': None, 'catkin_skip_building_tests': False, 'cmake_args': None, 'cmake_clean_cache': False, 'cmake_clean_first': False, 'cmake_force_configure': False, 'cmake_target': None, 'cmake_target_skip_unavailable': False, 'install_base': '/home/khaledob/bookros2_ws/src/install/force_torque_sensor_broadcaster', 'merge_install': False, 'path': '/home/khaledob/bookros2_ws/src/ThirdParty/ros2_controllers/force_torque_sensor_broadcaster', 'symlink_install': True, 'test_result_base': None}
[1.197s] Level 5:colcon.colcon_core.verb:set package 'forward_command_controller' build argument 'cmake_args' from command line to 'None'
[1.198s] Level 5:colcon.colcon_core.verb:set package 'forward_command_controller' build argument 'cmake_target' from command line to 'None'
[1.198s] Level 5:colcon.colcon_core.verb:set package 'forward_command_controller' build argument 'cmake_target_skip_unavailable' from command line to 'False'
[1.198s] Level 5:colcon.colcon_core.verb:set package 'forward_command_controller' build argument 'cmake_clean_cache' from command line to 'False'
[1.198s] Level 5:colcon.colcon_core.verb:set package 'forward_command_controller' build argument 'cmake_clean_first' from command line to 'False'
[1.198s] Level 5:colcon.colcon_core.verb:set package 'forward_command_controller' build argument 'cmake_force_configure' from command line to 'False'
[1.198s] Level 5:colcon.colcon_core.verb:set package 'forward_command_controller' build argument 'ament_cmake_args' from command line to 'None'
[1.198s] Level 5:colcon.colcon_core.verb:set package 'forward_command_controller' build argument 'catkin_cmake_args' from command line to 'None'
[1.198s] Level 5:colcon.colcon_core.verb:set package 'forward_command_controller' build argument 'catkin_skip_building_tests' from command line to 'False'
[1.198s] DEBUG:colcon.colcon_core.verb:Building package 'forward_command_controller' with the following arguments: {'ament_cmake_args': None, 'build_base': '/home/khaledob/bookros2_ws/src/build/forward_command_controller', 'catkin_cmake_args': None, 'catkin_skip_building_tests': False, 'cmake_args': None, 'cmake_clean_cache': False, 'cmake_clean_first': False, 'cmake_force_configure': False, 'cmake_target': None, 'cmake_target_skip_unavailable': False, 'install_base': '/home/khaledob/bookros2_ws/src/install/forward_command_controller', 'merge_install': False, 'path': '/home/khaledob/bookros2_ws/src/ThirdParty/ros2_controllers/forward_command_controller', 'symlink_install': True, 'test_result_base': None}
[1.198s] Level 5:colcon.colcon_core.verb:set package 'gazebo_ros2_control' build argument 'cmake_args' from command line to 'None'
[1.198s] Level 5:colcon.colcon_core.verb:set package 'gazebo_ros2_control' build argument 'cmake_target' from command line to 'None'
[1.198s] Level 5:colcon.colcon_core.verb:set package 'gazebo_ros2_control' build argument 'cmake_target_skip_unavailable' from command line to 'False'
[1.199s] Level 5:colcon.colcon_core.verb:set package 'gazebo_ros2_control' build argument 'cmake_clean_cache' from command line to 'False'
[1.199s] Level 5:colcon.colcon_core.verb:set package 'gazebo_ros2_control' build argument 'cmake_clean_first' from command line to 'False'
[1.199s] Level 5:colcon.colcon_core.verb:set package 'gazebo_ros2_control' build argument 'cmake_force_configure' from command line to 'False'
[1.199s] Level 5:colcon.colcon_core.verb:set package 'gazebo_ros2_control' build argument 'ament_cmake_args' from command line to 'None'
[1.199s] Level 5:colcon.colcon_core.verb:set package 'gazebo_ros2_control' build argument 'catkin_cmake_args' from command line to 'None'
[1.199s] Level 5:colcon.colcon_core.verb:set package 'gazebo_ros2_control' build argument 'catkin_skip_building_tests' from command line to 'False'
[1.199s] DEBUG:colcon.colcon_core.verb:Building package 'gazebo_ros2_control' with the following arguments: {'ament_cmake_args': None, 'build_base': '/home/khaledob/bookros2_ws/src/build/gazebo_ros2_control', 'catkin_cmake_args': None, 'catkin_skip_building_tests': False, 'cmake_args': None, 'cmake_clean_cache': False, 'cmake_clean_first': False, 'cmake_force_configure': False, 'cmake_target': None, 'cmake_target_skip_unavailable': False, 'install_base': '/home/khaledob/bookros2_ws/src/install/gazebo_ros2_control', 'merge_install': False, 'path': '/home/khaledob/bookros2_ws/src/ThirdParty/gazebo_ros2_control/gazebo_ros2_control', 'symlink_install': True, 'test_result_base': None}
[1.200s] Level 5:colcon.colcon_core.verb:set package 'gripper_controllers' build argument 'cmake_args' from command line to 'None'
[1.200s] Level 5:colcon.colcon_core.verb:set package 'gripper_controllers' build argument 'cmake_target' from command line to 'None'
[1.200s] Level 5:colcon.colcon_core.verb:set package 'gripper_controllers' build argument 'cmake_target_skip_unavailable' from command line to 'False'
[1.200s] Level 5:colcon.colcon_core.verb:set package 'gripper_controllers' build argument 'cmake_clean_cache' from command line to 'False'
[1.200s] Level 5:colcon.colcon_core.verb:set package 'gripper_controllers' build argument 'cmake_clean_first' from command line to 'False'
[1.200s] Level 5:colcon.colcon_core.verb:set package 'gripper_controllers' build argument 'cmake_force_configure' from command line to 'False'
[1.200s] Level 5:colcon.colcon_core.verb:set package 'gripper_controllers' build argument 'ament_cmake_args' from command line to 'None'
[1.200s] Level 5:colcon.colcon_core.verb:set package 'gripper_controllers' build argument 'catkin_cmake_args' from command line to 'None'
[1.200s] Level 5:colcon.colcon_core.verb:set package 'gripper_controllers' build argument 'catkin_skip_building_tests' from command line to 'False'
[1.200s] DEBUG:colcon.colcon_core.verb:Building package 'gripper_controllers' with the following arguments: {'ament_cmake_args': None, 'build_base': '/home/khaledob/bookros2_ws/src/build/gripper_controllers', 'catkin_cmake_args': None, 'catkin_skip_building_tests': False, 'cmake_args': None, 'cmake_clean_cache': False, 'cmake_clean_first': False, 'cmake_force_configure': False, 'cmake_target': None, 'cmake_target_skip_unavailable': False, 'install_base': '/home/khaledob/bookros2_ws/src/install/gripper_controllers', 'merge_install': False, 'path': '/home/khaledob/bookros2_ws/src/ThirdParty/ros2_controllers/gripper_controllers', 'symlink_install': True, 'test_result_base': None}
[1.201s] Level 5:colcon.colcon_core.verb:set package 'imu_sensor_broadcaster' build argument 'cmake_args' from command line to 'None'
[1.201s] Level 5:colcon.colcon_core.verb:set package 'imu_sensor_broadcaster' build argument 'cmake_target' from command line to 'None'
[1.201s] Level 5:colcon.colcon_core.verb:set package 'imu_sensor_broadcaster' build argument 'cmake_target_skip_unavailable' from command line to 'False'
[1.201s] Level 5:colcon.colcon_core.verb:set package 'imu_sensor_broadcaster' build argument 'cmake_clean_cache' from command line to 'False'
[1.201s] Level 5:colcon.colcon_core.verb:set package 'imu_sensor_broadcaster' build argument 'cmake_clean_first' from command line to 'False'
[1.201s] Level 5:colcon.colcon_core.verb:set package 'imu_sensor_broadcaster' build argument 'cmake_force_configure' from command line to 'False'
[1.201s] Level 5:colcon.colcon_core.verb:set package 'imu_sensor_broadcaster' build argument 'ament_cmake_args' from command line to 'None'
[1.201s] Level 5:colcon.colcon_core.verb:set package 'imu_sensor_broadcaster' build argument 'catkin_cmake_args' from command line to 'None'
[1.201s] Level 5:colcon.colcon_core.verb:set package 'imu_sensor_broadcaster' build argument 'catkin_skip_building_tests' from command line to 'False'
[1.201s] DEBUG:colcon.colcon_core.verb:Building package 'imu_sensor_broadcaster' with the following arguments: {'ament_cmake_args': None, 'build_base': '/home/khaledob/bookros2_ws/src/build/imu_sensor_broadcaster', 'catkin_cmake_args': None, 'catkin_skip_building_tests': False, 'cmake_args': None, 'cmake_clean_cache': False, 'cmake_clean_first': False, 'cmake_force_configure': False, 'cmake_target': None, 'cmake_target_skip_unavailable': False, 'install_base': '/home/khaledob/bookros2_ws/src/install/imu_sensor_broadcaster', 'merge_install': False, 'path': '/home/khaledob/bookros2_ws/src/ThirdParty/ros2_controllers/imu_sensor_broadcaster', 'symlink_install': True, 'test_result_base': None}
[1.201s] Level 5:colcon.colcon_core.verb:set package 'joint_state_broadcaster' build argument 'cmake_args' from command line to 'None'
[1.201s] Level 5:colcon.colcon_core.verb:set package 'joint_state_broadcaster' build argument 'cmake_target' from command line to 'None'
[1.201s] Level 5:colcon.colcon_core.verb:set package 'joint_state_broadcaster' build argument 'cmake_target_skip_unavailable' from command line to 'False'
[1.201s] Level 5:colcon.colcon_core.verb:set package 'joint_state_broadcaster' build argument 'cmake_clean_cache' from command line to 'False'
[1.201s] Level 5:colcon.colcon_core.verb:set package 'joint_state_broadcaster' build argument 'cmake_clean_first' from command line to 'False'
[1.201s] Level 5:colcon.colcon_core.verb:set package 'joint_state_broadcaster' build argument 'cmake_force_configure' from command line to 'False'
[1.201s] Level 5:colcon.colcon_core.verb:set package 'joint_state_broadcaster' build argument 'ament_cmake_args' from command line to 'None'
[1.201s] Level 5:colcon.colcon_core.verb:set package 'joint_state_broadcaster' build argument 'catkin_cmake_args' from command line to 'None'
[1.201s] Level 5:colcon.colcon_core.verb:set package 'joint_state_broadcaster' build argument 'catkin_skip_building_tests' from command line to 'False'
[1.202s] DEBUG:colcon.colcon_core.verb:Building package 'joint_state_broadcaster' with the following arguments: {'ament_cmake_args': None, 'build_base': '/home/khaledob/bookros2_ws/src/build/joint_state_broadcaster', 'catkin_cmake_args': None, 'catkin_skip_building_tests': False, 'cmake_args': None, 'cmake_clean_cache': False, 'cmake_clean_first': False, 'cmake_force_configure': False, 'cmake_target': None, 'cmake_target_skip_unavailable': False, 'install_base': '/home/khaledob/bookros2_ws/src/install/joint_state_broadcaster', 'merge_install': False, 'path': '/home/khaledob/bookros2_ws/src/ThirdParty/ros2_controllers/joint_state_broadcaster', 'symlink_install': True, 'test_result_base': None}
[1.202s] Level 5:colcon.colcon_core.verb:set package 'joint_trajectory_controller' build argument 'cmake_args' from command line to 'None'
[1.202s] Level 5:colcon.colcon_core.verb:set package 'joint_trajectory_controller' build argument 'cmake_target' from command line to 'None'
[1.202s] Level 5:colcon.colcon_core.verb:set package 'joint_trajectory_controller' build argument 'cmake_target_skip_unavailable' from command line to 'False'
[1.202s] Level 5:colcon.colcon_core.verb:set package 'joint_trajectory_controller' build argument 'cmake_clean_cache' from command line to 'False'
[1.202s] Level 5:colcon.colcon_core.verb:set package 'joint_trajectory_controller' build argument 'cmake_clean_first' from command line to 'False'
[1.202s] Level 5:colcon.colcon_core.verb:set package 'joint_trajectory_controller' build argument 'cmake_force_configure' from command line to 'False'
[1.202s] Level 5:colcon.colcon_core.verb:set package 'joint_trajectory_controller' build argument 'ament_cmake_args' from command line to 'None'
[1.202s] Level 5:colcon.colcon_core.verb:set package 'joint_trajectory_controller' build argument 'catkin_cmake_args' from command line to 'None'
[1.202s] Level 5:colcon.colcon_core.verb:set package 'joint_trajectory_controller' build argument 'catkin_skip_building_tests' from command line to 'False'
[1.202s] DEBUG:colcon.colcon_core.verb:Building package 'joint_trajectory_controller' with the following arguments: {'ament_cmake_args': None, 'build_base': '/home/khaledob/bookros2_ws/src/build/joint_trajectory_controller', 'catkin_cmake_args': None, 'catkin_skip_building_tests': False, 'cmake_args': None, 'cmake_clean_cache': False, 'cmake_clean_first': False, 'cmake_force_configure': False, 'cmake_target': None, 'cmake_target_skip_unavailable': False, 'install_base': '/home/khaledob/bookros2_ws/src/install/joint_trajectory_controller', 'merge_install': False, 'path': '/home/khaledob/bookros2_ws/src/ThirdParty/ros2_controllers/joint_trajectory_controller', 'symlink_install': True, 'test_result_base': None}
[1.202s] Level 5:colcon.colcon_core.verb:set package 'ros2controlcli' build argument 'cmake_args' from command line to 'None'
[1.203s] Level 5:colcon.colcon_core.verb:set package 'ros2controlcli' build argument 'cmake_target' from command line to 'None'
[1.203s] Level 5:colcon.colcon_core.verb:set package 'ros2controlcli' build argument 'cmake_target_skip_unavailable' from command line to 'False'
[1.203s] Level 5:colcon.colcon_core.verb:set package 'ros2controlcli' build argument 'cmake_clean_cache' from command line to 'False'
[1.203s] Level 5:colcon.colcon_core.verb:set package 'ros2controlcli' build argument 'cmake_clean_first' from command line to 'False'
[1.203s] Level 5:colcon.colcon_core.verb:set package 'ros2controlcli' build argument 'cmake_force_configure' from command line to 'False'
[1.203s] Level 5:colcon.colcon_core.verb:set package 'ros2controlcli' build argument 'ament_cmake_args' from command line to 'None'
[1.203s] Level 5:colcon.colcon_core.verb:set package 'ros2controlcli' build argument 'catkin_cmake_args' from command line to 'None'
[1.203s] Level 5:colcon.colcon_core.verb:set package 'ros2controlcli' build argument 'catkin_skip_building_tests' from command line to 'False'
[1.203s] DEBUG:colcon.colcon_core.verb:Building package 'ros2controlcli' with the following arguments: {'ament_cmake_args': None, 'build_base': '/home/khaledob/bookros2_ws/src/build/ros2controlcli', 'catkin_cmake_args': None, 'catkin_skip_building_tests': False, 'cmake_args': None, 'cmake_clean_cache': False, 'cmake_clean_first': False, 'cmake_force_configure': False, 'cmake_target': None, 'cmake_target_skip_unavailable': False, 'install_base': '/home/khaledob/bookros2_ws/src/install/ros2controlcli', 'merge_install': False, 'path': '/home/khaledob/bookros2_ws/src/ThirdParty/ros2_control/ros2controlcli', 'symlink_install': True, 'test_result_base': None}
[1.203s] Level 5:colcon.colcon_core.verb:set package 'effort_controllers' build argument 'cmake_args' from command line to 'None'
[1.203s] Level 5:colcon.colcon_core.verb:set package 'effort_controllers' build argument 'cmake_target' from command line to 'None'
[1.203s] Level 5:colcon.colcon_core.verb:set package 'effort_controllers' build argument 'cmake_target_skip_unavailable' from command line to 'False'
[1.203s] Level 5:colcon.colcon_core.verb:set package 'effort_controllers' build argument 'cmake_clean_cache' from command line to 'False'
[1.203s] Level 5:colcon.colcon_core.verb:set package 'effort_controllers' build argument 'cmake_clean_first' from command line to 'False'
[1.203s] Level 5:colcon.colcon_core.verb:set package 'effort_controllers' build argument 'cmake_force_configure' from command line to 'False'
[1.203s] Level 5:colcon.colcon_core.verb:set package 'effort_controllers' build argument 'ament_cmake_args' from command line to 'None'
[1.203s] Level 5:colcon.colcon_core.verb:set package 'effort_controllers' build argument 'catkin_cmake_args' from command line to 'None'
[1.203s] Level 5:colcon.colcon_core.verb:set package 'effort_controllers' build argument 'catkin_skip_building_tests' from command line to 'False'
[1.203s] DEBUG:colcon.colcon_core.verb:Building package 'effort_controllers' with the following arguments: {'ament_cmake_args': None, 'build_base': '/home/khaledob/bookros2_ws/src/build/effort_controllers', 'catkin_cmake_args': None, 'catkin_skip_building_tests': False, 'cmake_args': None, 'cmake_clean_cache': False, 'cmake_clean_first': False, 'cmake_force_configure': False, 'cmake_target': None, 'cmake_target_skip_unavailable': False, 'install_base': '/home/khaledob/bookros2_ws/src/install/effort_controllers', 'merge_install': False, 'path': '/home/khaledob/bookros2_ws/src/ThirdParty/ros2_controllers/effort_controllers', 'symlink_install': True, 'test_result_base': None}
[1.204s] Level 5:colcon.colcon_core.verb:set package 'joint_state_controller' build argument 'cmake_args' from command line to 'None'
[1.204s] Level 5:colcon.colcon_core.verb:set package 'joint_state_controller' build argument 'cmake_target' from command line to 'None'
[1.204s] Level 5:colcon.colcon_core.verb:set package 'joint_state_controller' build argument 'cmake_target_skip_unavailable' from command line to 'False'
[1.204s] Level 5:colcon.colcon_core.verb:set package 'joint_state_controller' build argument 'cmake_clean_cache' from command line to 'False'
[1.204s] Level 5:colcon.colcon_core.verb:set package 'joint_state_controller' build argument 'cmake_clean_first' from command line to 'False'
[1.204s] Level 5:colcon.colcon_core.verb:set package 'joint_state_controller' build argument 'cmake_force_configure' from command line to 'False'
[1.204s] Level 5:colcon.colcon_core.verb:set package 'joint_state_controller' build argument 'ament_cmake_args' from command line to 'None'
[1.204s] Level 5:colcon.colcon_core.verb:set package 'joint_state_controller' build argument 'catkin_cmake_args' from command line to 'None'
[1.204s] Level 5:colcon.colcon_core.verb:set package 'joint_state_controller' build argument 'catkin_skip_building_tests' from command line to 'False'
[1.204s] DEBUG:colcon.colcon_core.verb:Building package 'joint_state_controller' with the following arguments: {'ament_cmake_args': None, 'build_base': '/home/khaledob/bookros2_ws/src/build/joint_state_controller', 'catkin_cmake_args': None, 'catkin_skip_building_tests': False, 'cmake_args': None, 'cmake_clean_cache': False, 'cmake_clean_first': False, 'cmake_force_configure': False, 'cmake_target': None, 'cmake_target_skip_unavailable': False, 'install_base': '/home/khaledob/bookros2_ws/src/install/joint_state_controller', 'merge_install': False, 'path': '/home/khaledob/bookros2_ws/src/ThirdParty/ros2_controllers/joint_state_controller', 'symlink_install': True, 'test_result_base': None}
[1.204s] Level 5:colcon.colcon_core.verb:set package 'position_controllers' build argument 'cmake_args' from command line to 'None'
[1.204s] Level 5:colcon.colcon_core.verb:set package 'position_controllers' build argument 'cmake_target' from command line to 'None'
[1.204s] Level 5:colcon.colcon_core.verb:set package 'position_controllers' build argument 'cmake_target_skip_unavailable' from command line to 'False'
[1.204s] Level 5:colcon.colcon_core.verb:set package 'position_controllers' build argument 'cmake_clean_cache' from command line to 'False'
[1.204s] Level 5:colcon.colcon_core.verb:set package 'position_controllers' build argument 'cmake_clean_first' from command line to 'False'
[1.204s] Level 5:colcon.colcon_core.verb:set package 'position_controllers' build argument 'cmake_force_configure' from command line to 'False'
[1.204s] Level 5:colcon.colcon_core.verb:set package 'position_controllers' build argument 'ament_cmake_args' from command line to 'None'
[1.205s] Level 5:colcon.colcon_core.verb:set package 'position_controllers' build argument 'catkin_cmake_args' from command line to 'None'
[1.205s] Level 5:colcon.colcon_core.verb:set package 'position_controllers' build argument 'catkin_skip_building_tests' from command line to 'False'
[1.205s] DEBUG:colcon.colcon_core.verb:Building package 'position_controllers' with the following arguments: {'ament_cmake_args': None, 'build_base': '/home/khaledob/bookros2_ws/src/build/position_controllers', 'catkin_cmake_args': None, 'catkin_skip_building_tests': False, 'cmake_args': None, 'cmake_clean_cache': False, 'cmake_clean_first': False, 'cmake_force_configure': False, 'cmake_target': None, 'cmake_target_skip_unavailable': False, 'install_base': '/home/khaledob/bookros2_ws/src/install/position_controllers', 'merge_install': False, 'path': '/home/khaledob/bookros2_ws/src/ThirdParty/ros2_controllers/position_controllers', 'symlink_install': True, 'test_result_base': None}
[1.205s] Level 5:colcon.colcon_core.verb:set package 'ros2_control' build argument 'cmake_args' from command line to 'None'
[1.205s] Level 5:colcon.colcon_core.verb:set package 'ros2_control' build argument 'cmake_target' from command line to 'None'
[1.205s] Level 5:colcon.colcon_core.verb:set package 'ros2_control' build argument 'cmake_target_skip_unavailable' from command line to 'False'
[1.205s] Level 5:colcon.colcon_core.verb:set package 'ros2_control' build argument 'cmake_clean_cache' from command line to 'False'
[1.205s] Level 5:colcon.colcon_core.verb:set package 'ros2_control' build argument 'cmake_clean_first' from command line to 'False'
[1.205s] Level 5:colcon.colcon_core.verb:set package 'ros2_control' build argument 'cmake_force_configure' from command line to 'False'
[1.205s] Level 5:colcon.colcon_core.verb:set package 'ros2_control' build argument 'ament_cmake_args' from command line to 'None'
[1.205s] Level 5:colcon.colcon_core.verb:set package 'ros2_control' build argument 'catkin_cmake_args' from command line to 'None'
[1.205s] Level 5:colcon.colcon_core.verb:set package 'ros2_control' build argument 'catkin_skip_building_tests' from command line to 'False'
[1.205s] DEBUG:colcon.colcon_core.verb:Building package 'ros2_control' with the following arguments: {'ament_cmake_args': None, 'build_base': '/home/khaledob/bookros2_ws/src/build/ros2_control', 'catkin_cmake_args': None, 'catkin_skip_building_tests': False, 'cmake_args': None, 'cmake_clean_cache': False, 'cmake_clean_first': False, 'cmake_force_configure': False, 'cmake_target': None, 'cmake_target_skip_unavailable': False, 'install_base': '/home/khaledob/bookros2_ws/src/install/ros2_control', 'merge_install': False, 'path': '/home/khaledob/bookros2_ws/src/ThirdParty/ros2_control/ros2_control', 'symlink_install': True, 'test_result_base': None}
[1.205s] Level 5:colcon.colcon_core.verb:set package 'velocity_controllers' build argument 'cmake_args' from command line to 'None'
[1.205s] Level 5:colcon.colcon_core.verb:set package 'velocity_controllers' build argument 'cmake_target' from command line to 'None'
[1.205s] Level 5:colcon.colcon_core.verb:set package 'velocity_controllers' build argument 'cmake_target_skip_unavailable' from command line to 'False'
[1.205s] Level 5:colcon.colcon_core.verb:set package 'velocity_controllers' build argument 'cmake_clean_cache' from command line to 'False'
[1.205s] Level 5:colcon.colcon_core.verb:set package 'velocity_controllers' build argument 'cmake_clean_first' from command line to 'False'
[1.205s] Level 5:colcon.colcon_core.verb:set package 'velocity_controllers' build argument 'cmake_force_configure' from command line to 'False'
[1.206s] Level 5:colcon.colcon_core.verb:set package 'velocity_controllers' build argument 'ament_cmake_args' from command line to 'None'
[1.206s] Level 5:colcon.colcon_core.verb:set package 'velocity_controllers' build argument 'catkin_cmake_args' from command line to 'None'
[1.206s] Level 5:colcon.colcon_core.verb:set package 'velocity_controllers' build argument 'catkin_skip_building_tests' from command line to 'False'
[1.206s] DEBUG:colcon.colcon_core.verb:Building package 'velocity_controllers' with the following arguments: {'ament_cmake_args': None, 'build_base': '/home/khaledob/bookros2_ws/src/build/velocity_controllers', 'catkin_cmake_args': None, 'catkin_skip_building_tests': False, 'cmake_args': None, 'cmake_clean_cache': False, 'cmake_clean_first': False, 'cmake_force_configure': False, 'cmake_target': None, 'cmake_target_skip_unavailable': False, 'install_base': '/home/khaledob/bookros2_ws/src/install/velocity_controllers', 'merge_install': False, 'path': '/home/khaledob/bookros2_ws/src/ThirdParty/ros2_controllers/velocity_controllers', 'symlink_install': True, 'test_result_base': None}
[1.206s] Level 5:colcon.colcon_core.verb:set package 'pal_gripper_controller_configuration' build argument 'cmake_args' from command line to 'None'
[1.206s] Level 5:colcon.colcon_core.verb:set package 'pal_gripper_controller_configuration' build argument 'cmake_target' from command line to 'None'
[1.206s] Level 5:colcon.colcon_core.verb:set package 'pal_gripper_controller_configuration' build argument 'cmake_target_skip_unavailable' from command line to 'False'
[1.206s] Level 5:colcon.colcon_core.verb:set package 'pal_gripper_controller_configuration' build argument 'cmake_clean_cache' from command line to 'False'
[1.206s] Level 5:colcon.colcon_core.verb:set package 'pal_gripper_controller_configuration' build argument 'cmake_clean_first' from command line to 'False'
[1.206s] Level 5:colcon.colcon_core.verb:set package 'pal_gripper_controller_configuration' build argument 'cmake_force_configure' from command line to 'False'
[1.206s] Level 5:colcon.colcon_core.verb:set package 'pal_gripper_controller_configuration' build argument 'ament_cmake_args' from command line to 'None'
[1.206s] Level 5:colcon.colcon_core.verb:set package 'pal_gripper_controller_configuration' build argument 'catkin_cmake_args' from command line to 'None'
[1.206s] Level 5:colcon.colcon_core.verb:set package 'pal_gripper_controller_configuration' build argument 'catkin_skip_building_tests' from command line to 'False'
[1.206s] DEBUG:colcon.colcon_core.verb:Building package 'pal_gripper_controller_configuration' with the following arguments: {'ament_cmake_args': None, 'build_base': '/home/khaledob/bookros2_ws/src/build/pal_gripper_controller_configuration', 'catkin_cmake_args': None, 'catkin_skip_building_tests': False, 'cmake_args': None, 'cmake_clean_cache': False, 'cmake_clean_first': False, 'cmake_force_configure': False, 'cmake_target': None, 'cmake_target_skip_unavailable': False, 'install_base': '/home/khaledob/bookros2_ws/src/install/pal_gripper_controller_configuration', 'merge_install': False, 'path': '/home/khaledob/bookros2_ws/src/ThirdParty/pal_gripper/pal_gripper_controller_configuration', 'symlink_install': True, 'test_result_base': None}
[1.206s] Level 5:colcon.colcon_core.verb:set package 'pmb2_controller_configuration' build argument 'cmake_args' from command line to 'None'
[1.206s] Level 5:colcon.colcon_core.verb:set package 'pmb2_controller_configuration' build argument 'cmake_target' from command line to 'None'
[1.206s] Level 5:colcon.colcon_core.verb:set package 'pmb2_controller_configuration' build argument 'cmake_target_skip_unavailable' from command line to 'False'
[1.206s] Level 5:colcon.colcon_core.verb:set package 'pmb2_controller_configuration' build argument 'cmake_clean_cache' from command line to 'False'
[1.207s] Level 5:colcon.colcon_core.verb:set package 'pmb2_controller_configuration' build argument 'cmake_clean_first' from command line to 'False'
[1.207s] Level 5:colcon.colcon_core.verb:set package 'pmb2_controller_configuration' build argument 'cmake_force_configure' from command line to 'False'
[1.207s] Level 5:colcon.colcon_core.verb:set package 'pmb2_controller_configuration' build argument 'ament_cmake_args' from command line to 'None'
[1.207s] Level 5:colcon.colcon_core.verb:set package 'pmb2_controller_configuration' build argument 'catkin_cmake_args' from command line to 'None'
[1.207s] Level 5:colcon.colcon_core.verb:set package 'pmb2_controller_configuration' build argument 'catkin_skip_building_tests' from command line to 'False'
[1.207s] DEBUG:colcon.colcon_core.verb:Building package 'pmb2_controller_configuration' with the following arguments: {'ament_cmake_args': None, 'build_base': '/home/khaledob/bookros2_ws/src/build/pmb2_controller_configuration', 'catkin_cmake_args': None, 'catkin_skip_building_tests': False, 'cmake_args': None, 'cmake_clean_cache': False, 'cmake_clean_first': False, 'cmake_force_configure': False, 'cmake_target': None, 'cmake_target_skip_unavailable': False, 'install_base': '/home/khaledob/bookros2_ws/src/install/pmb2_controller_configuration', 'merge_install': False, 'path': '/home/khaledob/bookros2_ws/src/ThirdParty/pmb2_robot/pmb2_controller_configuration', 'symlink_install': True, 'test_result_base': None}
[1.207s] Level 5:colcon.colcon_core.verb:set package 'ros2_controllers' build argument 'cmake_args' from command line to 'None'
[1.207s] Level 5:colcon.colcon_core.verb:set package 'ros2_controllers' build argument 'cmake_target' from command line to 'None'
[1.207s] Level 5:colcon.colcon_core.verb:set package 'ros2_controllers' build argument 'cmake_target_skip_unavailable' from command line to 'False'
[1.207s] Level 5:colcon.colcon_core.verb:set package 'ros2_controllers' build argument 'cmake_clean_cache' from command line to 'False'
[1.207s] Level 5:colcon.colcon_core.verb:set package 'ros2_controllers' build argument 'cmake_clean_first' from command line to 'False'
[1.207s] Level 5:colcon.colcon_core.verb:set package 'ros2_controllers' build argument 'cmake_force_configure' from command line to 'False'
[1.207s] Level 5:colcon.colcon_core.verb:set package 'ros2_controllers' build argument 'ament_cmake_args' from command line to 'None'
[1.207s] Level 5:colcon.colcon_core.verb:set package 'ros2_controllers' build argument 'catkin_cmake_args' from command line to 'None'
[1.207s] Level 5:colcon.colcon_core.verb:set package 'ros2_controllers' build argument 'catkin_skip_building_tests' from command line to 'False'
[1.207s] DEBUG:colcon.colcon_core.verb:Building package 'ros2_controllers' with the following arguments: {'ament_cmake_args': None, 'build_base': '/home/khaledob/bookros2_ws/src/build/ros2_controllers', 'catkin_cmake_args': None, 'catkin_skip_building_tests': False, 'cmake_args': None, 'cmake_clean_cache': False, 'cmake_clean_first': False, 'cmake_force_configure': False, 'cmake_target': None, 'cmake_target_skip_unavailable': False, 'install_base': '/home/khaledob/bookros2_ws/src/install/ros2_controllers', 'merge_install': False, 'path': '/home/khaledob/bookros2_ws/src/ThirdParty/ros2_controllers/ros2_controllers', 'symlink_install': True, 'test_result_base': None}
[1.207s] Level 5:colcon.colcon_core.verb:set package 'gazebo_ros2_control_demos' build argument 'cmake_args' from command line to 'None'
[1.207s] Level 5:colcon.colcon_core.verb:set package 'gazebo_ros2_control_demos' build argument 'cmake_target' from command line to 'None'
[1.208s] Level 5:colcon.colcon_core.verb:set package 'gazebo_ros2_control_demos' build argument 'cmake_target_skip_unavailable' from command line to 'False'
[1.208s] Level 5:colcon.colcon_core.verb:set package 'gazebo_ros2_control_demos' build argument 'cmake_clean_cache' from command line to 'False'
[1.208s] Level 5:colcon.colcon_core.verb:set package 'gazebo_ros2_control_demos' build argument 'cmake_clean_first' from command line to 'False'
[1.208s] Level 5:colcon.colcon_core.verb:set package 'gazebo_ros2_control_demos' build argument 'cmake_force_configure' from command line to 'False'
[1.208s] Level 5:colcon.colcon_core.verb:set package 'gazebo_ros2_control_demos' build argument 'ament_cmake_args' from command line to 'None'
[1.208s] Level 5:colcon.colcon_core.verb:set package 'gazebo_ros2_control_demos' build argument 'catkin_cmake_args' from command line to 'None'
[1.208s] Level 5:colcon.colcon_core.verb:set package 'gazebo_ros2_control_demos' build argument 'catkin_skip_building_tests' from command line to 'False'
[1.208s] DEBUG:colcon.colcon_core.verb:Building package 'gazebo_ros2_control_demos' with the following arguments: {'ament_cmake_args': None, 'build_base': '/home/khaledob/bookros2_ws/src/build/gazebo_ros2_control_demos', 'catkin_cmake_args': None, 'catkin_skip_building_tests': False, 'cmake_args': None, 'cmake_clean_cache': False, 'cmake_clean_first': False, 'cmake_force_configure': False, 'cmake_target': None, 'cmake_target_skip_unavailable': False, 'install_base': '/home/khaledob/bookros2_ws/src/install/gazebo_ros2_control_demos', 'merge_install': False, 'path': '/home/khaledob/bookros2_ws/src/ThirdParty/gazebo_ros2_control/gazebo_ros2_control_demos', 'symlink_install': True, 'test_result_base': None}
[1.208s] Level 5:colcon.colcon_core.verb:set package 'pal_gripper' build argument 'cmake_args' from command line to 'None'
[1.208s] Level 5:colcon.colcon_core.verb:set package 'pal_gripper' build argument 'cmake_target' from command line to 'None'
[1.208s] Level 5:colcon.colcon_core.verb:set package 'pal_gripper' build argument 'cmake_target_skip_unavailable' from command line to 'False'
[1.208s] Level 5:colcon.colcon_core.verb:set package 'pal_gripper' build argument 'cmake_clean_cache' from command line to 'False'
[1.208s] Level 5:colcon.colcon_core.verb:set package 'pal_gripper' build argument 'cmake_clean_first' from command line to 'False'
[1.208s] Level 5:colcon.colcon_core.verb:set package 'pal_gripper' build argument 'cmake_force_configure' from command line to 'False'
[1.208s] Level 5:colcon.colcon_core.verb:set package 'pal_gripper' build argument 'ament_cmake_args' from command line to 'None'
[1.208s] Level 5:colcon.colcon_core.verb:set package 'pal_gripper' build argument 'catkin_cmake_args' from command line to 'None'
[1.208s] Level 5:colcon.colcon_core.verb:set package 'pal_gripper' build argument 'catkin_skip_building_tests' from command line to 'False'
[1.208s] DEBUG:colcon.colcon_core.verb:Building package 'pal_gripper' with the following arguments: {'ament_cmake_args': None, 'build_base': '/home/khaledob/bookros2_ws/src/build/pal_gripper', 'catkin_cmake_args': None, 'catkin_skip_building_tests': False, 'cmake_args': None, 'cmake_clean_cache': False, 'cmake_clean_first': False, 'cmake_force_configure': False, 'cmake_target': None, 'cmake_target_skip_unavailable': False, 'install_base': '/home/khaledob/bookros2_ws/src/install/pal_gripper', 'merge_install': False, 'path': '/home/khaledob/bookros2_ws/src/ThirdParty/pal_gripper/pal_gripper', 'symlink_install': True, 'test_result_base': None}
[1.209s] Level 5:colcon.colcon_core.verb:set package 'pmb2_description' build argument 'cmake_args' from command line to 'None'
[1.209s] Level 5:colcon.colcon_core.verb:set package 'pmb2_description' build argument 'cmake_target' from command line to 'None'
[1.209s] Level 5:colcon.colcon_core.verb:set package 'pmb2_description' build argument 'cmake_target_skip_unavailable' from command line to 'False'
[1.209s] Level 5:colcon.colcon_core.verb:set package 'pmb2_description' build argument 'cmake_clean_cache' from command line to 'False'
[1.209s] Level 5:colcon.colcon_core.verb:set package 'pmb2_description' build argument 'cmake_clean_first' from command line to 'False'
[1.209s] Level 5:colcon.colcon_core.verb:set package 'pmb2_description' build argument 'cmake_force_configure' from command line to 'False'
[1.209s] Level 5:colcon.colcon_core.verb:set package 'pmb2_description' build argument 'ament_cmake_args' from command line to 'None'
[1.209s] Level 5:colcon.colcon_core.verb:set package 'pmb2_description' build argument 'catkin_cmake_args' from command line to 'None'
[1.209s] Level 5:colcon.colcon_core.verb:set package 'pmb2_description' build argument 'catkin_skip_building_tests' from command line to 'False'
[1.209s] DEBUG:colcon.colcon_core.verb:Building package 'pmb2_description' with the following arguments: {'ament_cmake_args': None, 'build_base': '/home/khaledob/bookros2_ws/src/build/pmb2_description', 'catkin_cmake_args': None, 'catkin_skip_building_tests': False, 'cmake_args': None, 'cmake_clean_cache': False, 'cmake_clean_first': False, 'cmake_force_configure': False, 'cmake_target': None, 'cmake_target_skip_unavailable': False, 'install_base': '/home/khaledob/bookros2_ws/src/install/pmb2_description', 'merge_install': False, 'path': '/home/khaledob/bookros2_ws/src/ThirdParty/pmb2_robot/pmb2_description', 'symlink_install': True, 'test_result_base': None}
[1.209s] Level 5:colcon.colcon_core.verb:set package 'tiago_controller_configuration' build argument 'cmake_args' from command line to 'None'
[1.209s] Level 5:colcon.colcon_core.verb:set package 'tiago_controller_configuration' build argument 'cmake_target' from command line to 'None'
[1.209s] Level 5:colcon.colcon_core.verb:set package 'tiago_controller_configuration' build argument 'cmake_target_skip_unavailable' from command line to 'False'
[1.209s] Level 5:colcon.colcon_core.verb:set package 'tiago_controller_configuration' build argument 'cmake_clean_cache' from command line to 'False'
[1.209s] Level 5:colcon.colcon_core.verb:set package 'tiago_controller_configuration' build argument 'cmake_clean_first' from command line to 'False'
[1.209s] Level 5:colcon.colcon_core.verb:set package 'tiago_controller_configuration' build argument 'cmake_force_configure' from command line to 'False'
[1.209s] Level 5:colcon.colcon_core.verb:set package 'tiago_controller_configuration' build argument 'ament_cmake_args' from command line to 'None'
[1.209s] Level 5:colcon.colcon_core.verb:set package 'tiago_controller_configuration' build argument 'catkin_cmake_args' from command line to 'None'
[1.209s] Level 5:colcon.colcon_core.verb:set package 'tiago_controller_configuration' build argument 'catkin_skip_building_tests' from command line to 'False'
[1.209s] DEBUG:colcon.colcon_core.verb:Building package 'tiago_controller_configuration' with the following arguments: {'ament_cmake_args': None, 'build_base': '/home/khaledob/bookros2_ws/src/build/tiago_controller_configuration', 'catkin_cmake_args': None, 'catkin_skip_building_tests': False, 'cmake_args': None, 'cmake_clean_cache': False, 'cmake_clean_first': False, 'cmake_force_configure': False, 'cmake_target': None, 'cmake_target_skip_unavailable': False, 'install_base': '/home/khaledob/bookros2_ws/src/install/tiago_controller_configuration', 'merge_install': False, 'path': '/home/khaledob/bookros2_ws/src/ThirdParty/tiago_robot/tiago_controller_configuration', 'symlink_install': True, 'test_result_base': None}
[1.210s] Level 5:colcon.colcon_core.verb:set package 'pmb2_bringup' build argument 'cmake_args' from command line to 'None'
[1.210s] Level 5:colcon.colcon_core.verb:set package 'pmb2_bringup' build argument 'cmake_target' from command line to 'None'
[1.210s] Level 5:colcon.colcon_core.verb:set package 'pmb2_bringup' build argument 'cmake_target_skip_unavailable' from command line to 'False'
[1.210s] Level 5:colcon.colcon_core.verb:set package 'pmb2_bringup' build argument 'cmake_clean_cache' from command line to 'False'
[1.210s] Level 5:colcon.colcon_core.verb:set package 'pmb2_bringup' build argument 'cmake_clean_first' from command line to 'False'
[1.210s] Level 5:colcon.colcon_core.verb:set package 'pmb2_bringup' build argument 'cmake_force_configure' from command line to 'False'
[1.210s] Level 5:colcon.colcon_core.verb:set package 'pmb2_bringup' build argument 'ament_cmake_args' from command line to 'None'
[1.210s] Level 5:colcon.colcon_core.verb:set package 'pmb2_bringup' build argument 'catkin_cmake_args' from command line to 'None'
[1.210s] Level 5:colcon.colcon_core.verb:set package 'pmb2_bringup' build argument 'catkin_skip_building_tests' from command line to 'False'
[1.210s] DEBUG:colcon.colcon_core.verb:Building package 'pmb2_bringup' with the following arguments: {'ament_cmake_args': None, 'build_base': '/home/khaledob/bookros2_ws/src/build/pmb2_bringup', 'catkin_cmake_args': None, 'catkin_skip_building_tests': False, 'cmake_args': None, 'cmake_clean_cache': False, 'cmake_clean_first': False, 'cmake_force_configure': False, 'cmake_target': None, 'cmake_target_skip_unavailable': False, 'install_base': '/home/khaledob/bookros2_ws/src/install/pmb2_bringup', 'merge_install': False, 'path': '/home/khaledob/bookros2_ws/src/ThirdParty/pmb2_robot/pmb2_bringup', 'symlink_install': True, 'test_result_base': None}
[1.210s] Level 5:colcon.colcon_core.verb:set package 'tiago_description' build argument 'cmake_args' from command line to 'None'
[1.210s] Level 5:colcon.colcon_core.verb:set package 'tiago_description' build argument 'cmake_target' from command line to 'None'
[1.210s] Level 5:colcon.colcon_core.verb:set package 'tiago_description' build argument 'cmake_target_skip_unavailable' from command line to 'False'
[1.210s] Level 5:colcon.colcon_core.verb:set package 'tiago_description' build argument 'cmake_clean_cache' from command line to 'False'
[1.210s] Level 5:colcon.colcon_core.verb:set package 'tiago_description' build argument 'cmake_clean_first' from command line to 'False'
[1.210s] Level 5:colcon.colcon_core.verb:set package 'tiago_description' build argument 'cmake_force_configure' from command line to 'False'
[1.210s] Level 5:colcon.colcon_core.verb:set package 'tiago_description' build argument 'ament_cmake_args' from command line to 'None'
[1.210s] Level 5:colcon.colcon_core.verb:set package 'tiago_description' build argument 'catkin_cmake_args' from command line to 'None'
[1.210s] Level 5:colcon.colcon_core.verb:set package 'tiago_description' build argument 'catkin_skip_building_tests' from command line to 'False'
[1.210s] DEBUG:colcon.colcon_core.verb:Building package 'tiago_description' with the following arguments: {'ament_cmake_args': None, 'build_base': '/home/khaledob/bookros2_ws/src/build/tiago_description', 'catkin_cmake_args': None, 'catkin_skip_building_tests': False, 'cmake_args': None, 'cmake_clean_cache': False, 'cmake_clean_first': False, 'cmake_force_configure': False, 'cmake_target': None, 'cmake_target_skip_unavailable': False, 'install_base': '/home/khaledob/bookros2_ws/src/install/tiago_description', 'merge_install': False, 'path': '/home/khaledob/bookros2_ws/src/ThirdParty/tiago_robot/tiago_description', 'symlink_install': True, 'test_result_base': None}
[1.211s] Level 5:colcon.colcon_core.verb:set package 'pmb2_robot' build argument 'cmake_args' from command line to 'None'
[1.211s] Level 5:colcon.colcon_core.verb:set package 'pmb2_robot' build argument 'cmake_target' from command line to 'None'
[1.211s] Level 5:colcon.colcon_core.verb:set package 'pmb2_robot' build argument 'cmake_target_skip_unavailable' from command line to 'False'
[1.211s] Level 5:colcon.colcon_core.verb:set package 'pmb2_robot' build argument 'cmake_clean_cache' from command line to 'False'
[1.211s] Level 5:colcon.colcon_core.verb:set package 'pmb2_robot' build argument 'cmake_clean_first' from command line to 'False'
[1.211s] Level 5:colcon.colcon_core.verb:set package 'pmb2_robot' build argument 'cmake_force_configure' from command line to 'False'
[1.211s] Level 5:colcon.colcon_core.verb:set package 'pmb2_robot' build argument 'ament_cmake_args' from command line to 'None'
[1.211s] Level 5:colcon.colcon_core.verb:set package 'pmb2_robot' build argument 'catkin_cmake_args' from command line to 'None'
[1.211s] Level 5:colcon.colcon_core.verb:set package 'pmb2_robot' build argument 'catkin_skip_building_tests' from command line to 'False'
[1.211s] DEBUG:colcon.colcon_core.verb:Building package 'pmb2_robot' with the following arguments: {'ament_cmake_args': None, 'build_base': '/home/khaledob/bookros2_ws/src/build/pmb2_robot', 'catkin_cmake_args': None, 'catkin_skip_building_tests': False, 'cmake_args': None, 'cmake_clean_cache': False, 'cmake_clean_first': False, 'cmake_force_configure': False, 'cmake_target': None, 'cmake_target_skip_unavailable': False, 'install_base': '/home/khaledob/bookros2_ws/src/install/pmb2_robot', 'merge_install': False, 'path': '/home/khaledob/bookros2_ws/src/ThirdParty/pmb2_robot/pmb2_robot', 'symlink_install': True, 'test_result_base': None}
[1.211s] Level 5:colcon.colcon_core.verb:set package 'tiago_bringup' build argument 'cmake_args' from command line to 'None'
[1.211s] Level 5:colcon.colcon_core.verb:set package 'tiago_bringup' build argument 'cmake_target' from command line to 'None'
[1.212s] Level 5:colcon.colcon_core.verb:set package 'tiago_bringup' build argument 'cmake_target_skip_unavailable' from command line to 'False'
[1.212s] Level 5:colcon.colcon_core.verb:set package 'tiago_bringup' build argument 'cmake_clean_cache' from command line to 'False'
[1.212s] Level 5:colcon.colcon_core.verb:set package 'tiago_bringup' build argument 'cmake_clean_first' from command line to 'False'
[1.212s] Level 5:colcon.colcon_core.verb:set package 'tiago_bringup' build argument 'cmake_force_configure' from command line to 'False'
[1.212s] Level 5:colcon.colcon_core.verb:set package 'tiago_bringup' build argument 'ament_cmake_args' from command line to 'None'
[1.212s] Level 5:colcon.colcon_core.verb:set package 'tiago_bringup' build argument 'catkin_cmake_args' from command line to 'None'
[1.212s] Level 5:colcon.colcon_core.verb:set package 'tiago_bringup' build argument 'catkin_skip_building_tests' from command line to 'False'
[1.212s] DEBUG:colcon.colcon_core.verb:Building package 'tiago_bringup' with the following arguments: {'ament_cmake_args': None, 'build_base': '/home/khaledob/bookros2_ws/src/build/tiago_bringup', 'catkin_cmake_args': None, 'catkin_skip_building_tests': False, 'cmake_args': None, 'cmake_clean_cache': False, 'cmake_clean_first': False, 'cmake_force_configure': False, 'cmake_target': None, 'cmake_target_skip_unavailable': False, 'install_base': '/home/khaledob/bookros2_ws/src/install/tiago_bringup', 'merge_install': False, 'path': '/home/khaledob/bookros2_ws/src/ThirdParty/tiago_robot/tiago_bringup', 'symlink_install': True, 'test_result_base': None}
[1.212s] Level 5:colcon.colcon_core.verb:set package 'tiago_gazebo' build argument 'cmake_args' from command line to 'None'
[1.212s] Level 5:colcon.colcon_core.verb:set package 'tiago_gazebo' build argument 'cmake_target' from command line to 'None'
[1.212s] Level 5:colcon.colcon_core.verb:set package 'tiago_gazebo' build argument 'cmake_target_skip_unavailable' from command line to 'False'
[1.212s] Level 5:colcon.colcon_core.verb:set package 'tiago_gazebo' build argument 'cmake_clean_cache' from command line to 'False'
[1.212s] Level 5:colcon.colcon_core.verb:set package 'tiago_gazebo' build argument 'cmake_clean_first' from command line to 'False'
[1.212s] Level 5:colcon.colcon_core.verb:set package 'tiago_gazebo' build argument 'cmake_force_configure' from command line to 'False'
[1.212s] Level 5:colcon.colcon_core.verb:set package 'tiago_gazebo' build argument 'ament_cmake_args' from command line to 'None'
[1.212s] Level 5:colcon.colcon_core.verb:set package 'tiago_gazebo' build argument 'catkin_cmake_args' from command line to 'None'
[1.212s] Level 5:colcon.colcon_core.verb:set package 'tiago_gazebo' build argument 'catkin_skip_building_tests' from command line to 'False'
[1.213s] DEBUG:colcon.colcon_core.verb:Building package 'tiago_gazebo' with the following arguments: {'ament_cmake_args': None, 'build_base': '/home/khaledob/bookros2_ws/src/build/tiago_gazebo', 'catkin_cmake_args': None, 'catkin_skip_building_tests': False, 'cmake_args': None, 'cmake_clean_cache': False, 'cmake_clean_first': False, 'cmake_force_configure': False, 'cmake_target': None, 'cmake_target_skip_unavailable': False, 'install_base': '/home/khaledob/bookros2_ws/src/install/tiago_gazebo', 'merge_install': False, 'path': '/home/khaledob/bookros2_ws/src/ThirdParty/tiago_simulation/tiago_gazebo', 'symlink_install': True, 'test_result_base': None}
[1.213s] Level 5:colcon.colcon_core.verb:set package 'tiago_robot' build argument 'cmake_args' from command line to 'None'
[1.213s] Level 5:colcon.colcon_core.verb:set package 'tiago_robot' build argument 'cmake_target' from command line to 'None'
[1.213s] Level 5:colcon.colcon_core.verb:set package 'tiago_robot' build argument 'cmake_target_skip_unavailable' from command line to 'False'
[1.213s] Level 5:colcon.colcon_core.verb:set package 'tiago_robot' build argument 'cmake_clean_cache' from command line to 'False'
[1.213s] Level 5:colcon.colcon_core.verb:set package 'tiago_robot' build argument 'cmake_clean_first' from command line to 'False'
[1.213s] Level 5:colcon.colcon_core.verb:set package 'tiago_robot' build argument 'cmake_force_configure' from command line to 'False'
[1.213s] Level 5:colcon.colcon_core.verb:set package 'tiago_robot' build argument 'ament_cmake_args' from command line to 'None'
[1.213s] Level 5:colcon.colcon_core.verb:set package 'tiago_robot' build argument 'catkin_cmake_args' from command line to 'None'
[1.213s] Level 5:colcon.colcon_core.verb:set package 'tiago_robot' build argument 'catkin_skip_building_tests' from command line to 'False'
[1.213s] DEBUG:colcon.colcon_core.verb:Building package 'tiago_robot' with the following arguments: {'ament_cmake_args': None, 'build_base': '/home/khaledob/bookros2_ws/src/build/tiago_robot', 'catkin_cmake_args': None, 'catkin_skip_building_tests': False, 'cmake_args': None, 'cmake_clean_cache': False, 'cmake_clean_first': False, 'cmake_force_configure': False, 'cmake_target': None, 'cmake_target_skip_unavailable': False, 'install_base': '/home/khaledob/bookros2_ws/src/install/tiago_robot', 'merge_install': False, 'path': '/home/khaledob/bookros2_ws/src/ThirdParty/tiago_robot/tiago_robot', 'symlink_install': True, 'test_result_base': None}
[1.214s] Level 5:colcon.colcon_core.verb:set package 'tiago_2dnav_gazebo' build argument 'cmake_args' from command line to 'None'
[1.214s] Level 5:colcon.colcon_core.verb:set package 'tiago_2dnav_gazebo' build argument 'cmake_target' from command line to 'None'
[1.214s] Level 5:colcon.colcon_core.verb:set package 'tiago_2dnav_gazebo' build argument 'cmake_target_skip_unavailable' from command line to 'False'
[1.214s] Level 5:colcon.colcon_core.verb:set package 'tiago_2dnav_gazebo' build argument 'cmake_clean_cache' from command line to 'False'
[1.214s] Level 5:colcon.colcon_core.verb:set package 'tiago_2dnav_gazebo' build argument 'cmake_clean_first' from command line to 'False'
[1.214s] Level 5:colcon.colcon_core.verb:set package 'tiago_2dnav_gazebo' build argument 'cmake_force_configure' from command line to 'False'
[1.214s] Level 5:colcon.colcon_core.verb:set package 'tiago_2dnav_gazebo' build argument 'ament_cmake_args' from command line to 'None'
[1.214s] Level 5:colcon.colcon_core.verb:set package 'tiago_2dnav_gazebo' build argument 'catkin_cmake_args' from command line to 'None'
[1.214s] Level 5:colcon.colcon_core.verb:set package 'tiago_2dnav_gazebo' build argument 'catkin_skip_building_tests' from command line to 'False'
[1.214s] DEBUG:colcon.colcon_core.verb:Building package 'tiago_2dnav_gazebo' with the following arguments: {'ament_cmake_args': None, 'build_base': '/home/khaledob/bookros2_ws/src/build/tiago_2dnav_gazebo', 'catkin_cmake_args': None, 'catkin_skip_building_tests': False, 'cmake_args': None, 'cmake_clean_cache': False, 'cmake_clean_first': False, 'cmake_force_configure': False, 'cmake_target': None, 'cmake_target_skip_unavailable': False, 'install_base': '/home/khaledob/bookros2_ws/src/install/tiago_2dnav_gazebo', 'merge_install': False, 'path': '/home/khaledob/bookros2_ws/src/ThirdParty/tiago_simulation/tiago_2dnav_gazebo', 'symlink_install': True, 'test_result_base': None}
[1.214s] Level 5:colcon.colcon_core.verb:set package 'tiago_simulation' build argument 'cmake_args' from command line to 'None'
[1.214s] Level 5:colcon.colcon_core.verb:set package 'tiago_simulation' build argument 'cmake_target' from command line to 'None'
[1.214s] Level 5:colcon.colcon_core.verb:set package 'tiago_simulation' build argument 'cmake_target_skip_unavailable' from command line to 'False'
[1.214s] Level 5:colcon.colcon_core.verb:set package 'tiago_simulation' build argument 'cmake_clean_cache' from command line to 'False'
[1.214s] Level 5:colcon.colcon_core.verb:set package 'tiago_simulation' build argument 'cmake_clean_first' from command line to 'False'
[1.214s] Level 5:colcon.colcon_core.verb:set package 'tiago_simulation' build argument 'cmake_force_configure' from command line to 'False'
[1.214s] Level 5:colcon.colcon_core.verb:set package 'tiago_simulation' build argument 'ament_cmake_args' from command line to 'None'
[1.214s] Level 5:colcon.colcon_core.verb:set package 'tiago_simulation' build argument 'catkin_cmake_args' from command line to 'None'
[1.214s] Level 5:colcon.colcon_core.verb:set package 'tiago_simulation' build argument 'catkin_skip_building_tests' from command line to 'False'
[1.214s] DEBUG:colcon.colcon_core.verb:Building package 'tiago_simulation' with the following arguments: {'ament_cmake_args': None, 'build_base': '/home/khaledob/bookros2_ws/src/build/tiago_simulation', 'catkin_cmake_args': None, 'catkin_skip_building_tests': False, 'cmake_args': None, 'cmake_clean_cache': False, 'cmake_clean_first': False, 'cmake_force_configure': False, 'cmake_target': None, 'cmake_target_skip_unavailable': False, 'install_base': '/home/khaledob/bookros2_ws/src/install/tiago_simulation', 'merge_install': False, 'path': '/home/khaledob/bookros2_ws/src/ThirdParty/tiago_simulation/tiago_simulation', 'symlink_install': True, 'test_result_base': None}
[1.215s] INFO:colcon.colcon_core.executor:Executing jobs using 'parallel' executor
[1.218s] DEBUG:colcon.colcon_parallel_executor.executor.parallel:run_until_complete
[1.219s] INFO:colcon.colcon_ros.task.ament_cmake.build:Building ROS package in '/home/khaledob/bookros2_ws/src/ThirdParty/ros2_control/ros2_control_test_assets' with build type 'ament_cmake'
[1.220s] INFO:colcon.colcon_cmake.task.cmake.build:Building CMake package in '/home/khaledob/bookros2_ws/src/ThirdParty/ros2_control/ros2_control_test_assets'
[1.249s] INFO:colcon.colcon_core.plugin_system:Skipping extension 'colcon_core.shell.bat': Not used on non-Windows systems
[1.249s] INFO:colcon.colcon_core.shell:Skip shell extension 'powershell' for command environment: Not usable outside of PowerShell
[1.249s] DEBUG:colcon.colcon_core.shell:Skip shell extension 'dsv' for command environment
[1.266s] INFO:colcon.colcon_ros.task.ament_cmake.build:Building ROS package in '/home/khaledob/bookros2_ws/src/ThirdParty/ros2_control/controller_manager_msgs' with build type 'ament_cmake'
[1.270s] INFO:colcon.colcon_cmake.task.cmake.build:Building CMake package in '/home/khaledob/bookros2_ws/src/ThirdParty/ros2_control/controller_manager_msgs'
[1.271s] INFO:colcon.colcon_core.shell:Skip shell extension 'powershell' for command environment: Not usable outside of PowerShell
[1.273s] DEBUG:colcon.colcon_core.shell:Skip shell extension 'dsv' for command environment
[1.286s] INFO:colcon.colcon_ros.task.ament_cmake.build:Building ROS package in '/home/khaledob/bookros2_ws/src/ThirdParty/urdf_test' with build type 'ament_cmake'
[1.287s] INFO:colcon.colcon_cmake.task.cmake.build:Building CMake package in '/home/khaledob/bookros2_ws/src/ThirdParty/urdf_test'
[1.287s] INFO:colcon.colcon_core.shell:Skip shell extension 'powershell' for command environment: Not usable outside of PowerShell
[1.287s] DEBUG:colcon.colcon_core.shell:Skip shell extension 'dsv' for command environment
[1.296s] INFO:colcon.colcon_ros.task.ament_python.build:Building ROS package in '/home/khaledob/bookros2_ws/src/ThirdParty/launch_pal' with build type 'ament_python'
[1.296s] Level 1:colcon.colcon_core.shell:create_environment_hook('launch_pal', 'ament_prefix_path')
[1.297s] INFO:colcon.colcon_core.shell:Creating environment hook '/home/khaledob/bookros2_ws/src/install/launch_pal/share/launch_pal/hook/ament_prefix_path.ps1'
[1.303s] INFO:colcon.colcon_core.shell:Creating environment descriptor '/home/khaledob/bookros2_ws/src/install/launch_pal/share/launch_pal/hook/ament_prefix_path.dsv'
[1.306s] INFO:colcon.colcon_core.shell:Creating environment hook '/home/khaledob/bookros2_ws/src/install/launch_pal/share/launch_pal/hook/ament_prefix_path.sh'
[1.312s] INFO:colcon.colcon_core.shell:Skip shell extension 'powershell' for command environment: Not usable outside of PowerShell
[1.312s] DEBUG:colcon.colcon_core.shell:Skip shell extension 'dsv' for command environment
[1.319s] INFO:colcon.colcon_ros.task.ament_cmake.build:Building ROS package in '/home/khaledob/bookros2_ws/src/ThirdParty/twist_mux' with build type 'ament_cmake'
[1.319s] INFO:colcon.colcon_cmake.task.cmake.build:Building CMake package in '/home/khaledob/bookros2_ws/src/ThirdParty/twist_mux'
[1.320s] INFO:colcon.colcon_core.shell:Skip shell extension 'powershell' for command environment: Not usable outside of PowerShell
[1.320s] DEBUG:colcon.colcon_core.shell:Skip shell extension 'dsv' for command environment
[1.327s] INFO:colcon.colcon_ros.task.ament_cmake.build:Building ROS package in '/home/khaledob/bookros2_ws/src/ThirdParty/hey5_description' with build type 'ament_cmake'
[1.328s] INFO:colcon.colcon_cmake.task.cmake.build:Building CMake package in '/home/khaledob/bookros2_ws/src/ThirdParty/hey5_description'
[1.329s] INFO:colcon.colcon_core.shell:Skip shell extension 'powershell' for command environment: Not usable outside of PowerShell
[1.329s] DEBUG:colcon.colcon_core.shell:Skip shell extension 'dsv' for command environment
[1.338s] INFO:colcon.colcon_ros.task.ament_cmake.build:Building ROS package in '/home/khaledob/bookros2_ws/src/ThirdParty/tiago_description_calibration' with build type 'ament_cmake'
[1.339s] INFO:colcon.colcon_cmake.task.cmake.build:Building CMake package in '/home/khaledob/bookros2_ws/src/ThirdParty/tiago_description_calibration'
[1.339s] INFO:colcon.colcon_core.shell:Skip shell extension 'powershell' for command environment: Not usable outside of PowerShell
[1.340s] DEBUG:colcon.colcon_core.shell:Skip shell extension 'dsv' for command environment
[1.377s] DEBUG:colcon.colcon_core.event_handler.log_command:Invoking command in '/home/khaledob/bookros2_ws/src/build/ros2_control_test_assets': CMAKE_PREFIX_PATH=/opt/ros/foxy /usr/bin/cmake /home/khaledob/bookros2_ws/src/ThirdParty/ros2_control/ros2_control_test_assets -DAMENT_CMAKE_SYMLINK_INSTALL=1 -DCMAKE_INSTALL_PREFIX=/home/khaledob/bookros2_ws/src/install/ros2_control_test_assets
[1.394s] DEBUG:colcon.colcon_core.event_handler.log_command:Invoking command in '/home/khaledob/bookros2_ws/src/build/controller_manager_msgs': CMAKE_PREFIX_PATH=/opt/ros/foxy /usr/bin/cmake /home/khaledob/bookros2_ws/src/ThirdParty/ros2_control/controller_manager_msgs -DAMENT_CMAKE_SYMLINK_INSTALL=1 -DCMAKE_INSTALL_PREFIX=/home/khaledob/bookros2_ws/src/install/controller_manager_msgs
[1.410s] DEBUG:colcon.colcon_core.event_handler.log_command:Invoking command in '/home/khaledob/bookros2_ws/src/build/urdf_test': CMAKE_PREFIX_PATH=/opt/ros/foxy /usr/bin/cmake /home/khaledob/bookros2_ws/src/ThirdParty/urdf_test -DAMENT_CMAKE_SYMLINK_INSTALL=1 -DCMAKE_INSTALL_PREFIX=/home/khaledob/bookros2_ws/src/install/urdf_test
[2.311s] INFO:colcon.colcon_core.task.python.build:Building Python package in '/home/khaledob/bookros2_ws/src/ThirdParty/launch_pal'
[2.311s] INFO:colcon.colcon_core.shell:Skip shell extension 'powershell' for command environment: Not usable outside of PowerShell
[2.312s] DEBUG:colcon.colcon_core.shell:Skip shell extension 'dsv' for command environment
[2.340s] DEBUG:colcon.colcon_core.event_handler.log_command:Invoking command in '/home/khaledob/bookros2_ws/src/build/twist_mux': CMAKE_PREFIX_PATH=/opt/ros/foxy /usr/bin/cmake /home/khaledob/bookros2_ws/src/ThirdParty/twist_mux -DAMENT_CMAKE_SYMLINK_INSTALL=1 -DCMAKE_INSTALL_PREFIX=/home/khaledob/bookros2_ws/src/install/twist_mux
[2.367s] DEBUG:colcon.colcon_core.event_handler.log_command:Invoking command in '/home/khaledob/bookros2_ws/src/build/hey5_description': CMAKE_PREFIX_PATH=/opt/ros/foxy /usr/bin/cmake /home/khaledob/bookros2_ws/src/ThirdParty/hey5_description -DAMENT_CMAKE_SYMLINK_INSTALL=1 -DCMAKE_INSTALL_PREFIX=/home/khaledob/bookros2_ws/src/install/hey5_description
[2.494s] DEBUG:colcon.colcon_core.event_handler.log_command:Invoking command in '/home/khaledob/bookros2_ws/src/build/tiago_description_calibration': CMAKE_PREFIX_PATH=/opt/ros/foxy /usr/bin/cmake /home/khaledob/bookros2_ws/src/ThirdParty/tiago_description_calibration -DAMENT_CMAKE_SYMLINK_INSTALL=1 -DCMAKE_INSTALL_PREFIX=/home/khaledob/bookros2_ws/src/install/tiago_description_calibration
[3.970s] DEBUG:colcon.colcon_core.event_handler.log_command:Invoking command in '/home/khaledob/bookros2_ws/src/build/launch_pal': PYTHONPATH=/home/khaledob/bookros2_ws/src/build/launch_pal/prefix_override:/usr/lib/python3/dist-packages/colcon_core/task/python/colcon_distutils_commands:/home/khaledob/bookros2_ws/src/install/launch_pal/lib/python3.8/site-packages:${PYTHONPATH} /usr/bin/python3 -W ignore:setup.py install is deprecated -W ignore:easy_install command is deprecated setup.py develop --editable --build-directory /home/khaledob/bookros2_ws/src/build/launch_pal/build --no-deps symlink_data
[4.815s] DEBUG:colcon.colcon_core.event_handler.log_command:Invoked command in '/home/khaledob/bookros2_ws/src/build/hey5_description' returned '0': CMAKE_PREFIX_PATH=/opt/ros/foxy /usr/bin/cmake /home/khaledob/bookros2_ws/src/ThirdParty/hey5_description -DAMENT_CMAKE_SYMLINK_INSTALL=1 -DCMAKE_INSTALL_PREFIX=/home/khaledob/bookros2_ws/src/install/hey5_description
[4.817s] DEBUG:colcon.colcon_core.event_handler.log_command:Invoking command in '/home/khaledob/bookros2_ws/src/build/hey5_description': CMAKE_PREFIX_PATH=/opt/ros/foxy /usr/bin/cmake --build /home/khaledob/bookros2_ws/src/build/hey5_description -- -j7 -l7
[4.962s] DEBUG:colcon.colcon_core.event_handler.log_command:Invoked command in '/home/khaledob/bookros2_ws/src/build/ros2_control_test_assets' returned '0': CMAKE_PREFIX_PATH=/opt/ros/foxy /usr/bin/cmake /home/khaledob/bookros2_ws/src/ThirdParty/ros2_control/ros2_control_test_assets -DAMENT_CMAKE_SYMLINK_INSTALL=1 -DCMAKE_INSTALL_PREFIX=/home/khaledob/bookros2_ws/src/install/ros2_control_test_assets
[4.968s] DEBUG:colcon.colcon_core.event_handler.log_command:Invoking command in '/home/khaledob/bookros2_ws/src/build/ros2_control_test_assets': CMAKE_PREFIX_PATH=/opt/ros/foxy /usr/bin/cmake --build /home/khaledob/bookros2_ws/src/build/ros2_control_test_assets -- -j7 -l7
[5.011s] DEBUG:colcon.colcon_core.event_handler.log_command:Invoked command in '/home/khaledob/bookros2_ws/src/build/hey5_description' returned '0': CMAKE_PREFIX_PATH=/opt/ros/foxy /usr/bin/cmake --build /home/khaledob/bookros2_ws/src/build/hey5_description -- -j7 -l7
[5.032s] DEBUG:colcon.colcon_core.event_handler.log_command:Invoking command in '/home/khaledob/bookros2_ws/src/build/hey5_description': CMAKE_PREFIX_PATH=/opt/ros/foxy /usr/bin/cmake --install /home/khaledob/bookros2_ws/src/build/hey5_description
[5.045s] DEBUG:colcon.colcon_core.event_handler.log_command:Invoked command in '/home/khaledob/bookros2_ws/src/build/tiago_description_calibration' returned '0': CMAKE_PREFIX_PATH=/opt/ros/foxy /usr/bin/cmake /home/khaledob/bookros2_ws/src/ThirdParty/tiago_description_calibration -DAMENT_CMAKE_SYMLINK_INSTALL=1 -DCMAKE_INSTALL_PREFIX=/home/khaledob/bookros2_ws/src/install/tiago_description_calibration
[5.046s] DEBUG:colcon.colcon_core.event_handler.log_command:Invoking command in '/home/khaledob/bookros2_ws/src/build/tiago_description_calibration': CMAKE_PREFIX_PATH=/opt/ros/foxy /usr/bin/cmake --build /home/khaledob/bookros2_ws/src/build/tiago_description_calibration -- -j7 -l7
[5.117s] DEBUG:colcon.colcon_core.event_handler.log_command:Invoked command in '/home/khaledob/bookros2_ws/src/build/ros2_control_test_assets' returned '0': CMAKE_PREFIX_PATH=/opt/ros/foxy /usr/bin/cmake --build /home/khaledob/bookros2_ws/src/build/ros2_control_test_assets -- -j7 -l7
[5.134s] DEBUG:colcon.colcon_core.event_handler.log_command:Invoking command in '/home/khaledob/bookros2_ws/src/build/ros2_control_test_assets': CMAKE_PREFIX_PATH=/opt/ros/foxy /usr/bin/cmake --install /home/khaledob/bookros2_ws/src/build/ros2_control_test_assets
[5.144s] Level 1:colcon.colcon_core.shell:create_environment_hook('launch_pal', 'pythonpath_develop')
[5.147s] INFO:colcon.colcon_core.shell:Creating environment hook '/home/khaledob/bookros2_ws/src/build/launch_pal/share/launch_pal/hook/pythonpath_develop.ps1'
[5.168s] DEBUG:colcon.colcon_core.event_handler.log_command:Invoked command in '/home/khaledob/bookros2_ws/src/build/launch_pal' returned '0': PYTHONPATH=/home/khaledob/bookros2_ws/src/build/launch_pal/prefix_override:/usr/lib/python3/dist-packages/colcon_core/task/python/colcon_distutils_commands:/home/khaledob/bookros2_ws/src/install/launch_pal/lib/python3.8/site-packages:${PYTHONPATH} /usr/bin/python3 -W ignore:setup.py install is deprecated -W ignore:easy_install command is deprecated setup.py develop --editable --build-directory /home/khaledob/bookros2_ws/src/build/launch_pal/build --no-deps symlink_data
[5.171s] INFO:colcon.colcon_core.shell:Creating environment descriptor '/home/khaledob/bookros2_ws/src/build/launch_pal/share/launch_pal/hook/pythonpath_develop.dsv'
[5.172s] INFO:colcon.colcon_core.shell:Creating environment hook '/home/khaledob/bookros2_ws/src/build/launch_pal/share/launch_pal/hook/pythonpath_develop.sh'
[5.228s] Level 1:colcon.colcon_core.environment:checking '/home/khaledob/bookros2_ws/src/install/launch_pal' for CMake module files
[5.229s] Level 1:colcon.colcon_core.environment:checking '/home/khaledob/bookros2_ws/src/install/launch_pal' for CMake config files
[5.230s] Level 1:colcon.colcon_core.environment:checking '/home/khaledob/bookros2_ws/src/install/launch_pal/lib'
[5.231s] Level 1:colcon.colcon_core.environment:checking '/home/khaledob/bookros2_ws/src/install/launch_pal/bin'
[5.231s] Level 1:colcon.colcon_core.environment:checking '/home/khaledob/bookros2_ws/src/install/launch_pal/lib/pkgconfig/launch_pal.pc'
[5.231s] Level 1:colcon.colcon_core.environment:checking '/home/khaledob/bookros2_ws/src/install/launch_pal/lib/python3.8/site-packages'
[5.231s] Level 1:colcon.colcon_core.shell:create_environment_hook('launch_pal', 'pythonpath')
[5.232s] INFO:colcon.colcon_core.shell:Creating environment hook '/home/khaledob/bookros2_ws/src/install/launch_pal/share/launch_pal/hook/pythonpath.ps1'
[5.233s] INFO:colcon.colcon_core.shell:Creating environment descriptor '/home/khaledob/bookros2_ws/src/install/launch_pal/share/launch_pal/hook/pythonpath.dsv'
[5.234s] INFO:colcon.colcon_core.shell:Creating environment hook '/home/khaledob/bookros2_ws/src/install/launch_pal/share/launch_pal/hook/pythonpath.sh'
[5.236s] Level 1:colcon.colcon_core.environment:checking '/home/khaledob/bookros2_ws/src/install/launch_pal/bin'
[5.236s] Level 1:colcon.colcon_core.environment:create_environment_scripts_only(launch_pal)
[5.237s] INFO:colcon.colcon_core.shell:Creating package script '/home/khaledob/bookros2_ws/src/install/launch_pal/share/launch_pal/package.ps1'
[5.247s] INFO:colcon.colcon_core.shell:Creating package descriptor '/home/khaledob/bookros2_ws/src/install/launch_pal/share/launch_pal/package.dsv'
[5.257s] INFO:colcon.colcon_core.shell:Creating package script '/home/khaledob/bookros2_ws/src/install/launch_pal/share/launch_pal/package.sh'
[5.263s] INFO:colcon.colcon_core.shell:Creating package script '/home/khaledob/bookros2_ws/src/install/launch_pal/share/launch_pal/package.bash'
[5.269s] INFO:colcon.colcon_core.shell:Creating package script '/home/khaledob/bookros2_ws/src/install/launch_pal/share/launch_pal/package.zsh'
[5.273s] Level 1:colcon.colcon_core.environment:create_file_with_runtime_dependencies(/home/khaledob/bookros2_ws/src/install/launch_pal/share/colcon-core/packages/launch_pal)
[5.278s] INFO:colcon.colcon_ros.task.ament_cmake.build:Building ROS package in '/home/khaledob/bookros2_ws/src/ThirdParty/pal_gazebo_worlds' with build type 'ament_cmake'
[5.282s] INFO:colcon.colcon_cmake.task.cmake.build:Building CMake package in '/home/khaledob/bookros2_ws/src/ThirdParty/pal_gazebo_worlds'
[5.286s] INFO:colcon.colcon_core.shell:Skip shell extension 'powershell' for command environment: Not usable outside of PowerShell
[5.287s] DEBUG:colcon.colcon_core.shell:Skip shell extension 'dsv' for command environment
[5.390s] DEBUG:colcon.colcon_core.event_handler.log_command:Invoked command in '/home/khaledob/bookros2_ws/src/build/tiago_description_calibration' returned '0': CMAKE_PREFIX_PATH=/opt/ros/foxy /usr/bin/cmake --build /home/khaledob/bookros2_ws/src/build/tiago_description_calibration -- -j7 -l7
[5.434s] DEBUG:colcon.colcon_core.event_handler.log_command:Invoking command in '/home/khaledob/bookros2_ws/src/build/tiago_description_calibration': CMAKE_PREFIX_PATH=/opt/ros/foxy /usr/bin/cmake --install /home/khaledob/bookros2_ws/src/build/tiago_description_calibration
[5.454s] DEBUG:colcon.colcon_core.event_handler.log_command:Invoked command in '/home/khaledob/bookros2_ws/src/build/urdf_test' returned '0': CMAKE_PREFIX_PATH=/opt/ros/foxy /usr/bin/cmake /home/khaledob/bookros2_ws/src/ThirdParty/urdf_test -DAMENT_CMAKE_SYMLINK_INSTALL=1 -DCMAKE_INSTALL_PREFIX=/home/khaledob/bookros2_ws/src/install/urdf_test
[5.468s] DEBUG:colcon.colcon_core.event_handler.log_command:Invoking command in '/home/khaledob/bookros2_ws/src/build/urdf_test': CMAKE_PREFIX_PATH=/opt/ros/foxy /usr/bin/cmake --build /home/khaledob/bookros2_ws/src/build/urdf_test -- -j7 -l7
[5.543s] DEBUG:colcon.colcon_core.event_handler.log_command:Invoking command in '/home/khaledob/bookros2_ws/src/build/pal_gazebo_worlds': CMAKE_PREFIX_PATH=/opt/ros/foxy /usr/bin/cmake /home/khaledob/bookros2_ws/src/ThirdParty/pal_gazebo_worlds -DAMENT_CMAKE_SYMLINK_INSTALL=1 -DCMAKE_INSTALL_PREFIX=/home/khaledob/bookros2_ws/src/install/pal_gazebo_worlds
[5.680s] DEBUG:colcon.colcon_core.event_handler.log_command:Invoked command in '/home/khaledob/bookros2_ws/src/build/urdf_test' returned '0': CMAKE_PREFIX_PATH=/opt/ros/foxy /usr/bin/cmake --build /home/khaledob/bookros2_ws/src/build/urdf_test -- -j7 -l7
[5.687s] DEBUG:colcon.colcon_core.event_handler.log_command:Invoking command in '/home/khaledob/bookros2_ws/src/build/urdf_test': CMAKE_PREFIX_PATH=/opt/ros/foxy /usr/bin/cmake --install /home/khaledob/bookros2_ws/src/build/urdf_test
[5.806s] Level 1:colcon.colcon_core.environment:create_environment_scripts_only(ros2_control_test_assets)
[5.806s] Level 1:colcon.colcon_core.environment:checking '/home/khaledob/bookros2_ws/src/install/ros2_control_test_assets' for CMake module files
[5.807s] Level 1:colcon.colcon_core.environment:checking '/home/khaledob/bookros2_ws/src/install/ros2_control_test_assets' for CMake config files
[5.807s] Level 1:colcon.colcon_core.shell:create_environment_hook('ros2_control_test_assets', 'cmake_prefix_path')
[5.807s] INFO:colcon.colcon_core.shell:Creating environment hook '/home/khaledob/bookros2_ws/src/install/ros2_control_test_assets/share/ros2_control_test_assets/hook/cmake_prefix_path.ps1'
[5.812s] INFO:colcon.colcon_core.shell:Creating environment descriptor '/home/khaledob/bookros2_ws/src/install/ros2_control_test_assets/share/ros2_control_test_assets/hook/cmake_prefix_path.dsv'
[5.814s] INFO:colcon.colcon_core.shell:Creating environment hook '/home/khaledob/bookros2_ws/src/install/ros2_control_test_assets/share/ros2_control_test_assets/hook/cmake_prefix_path.sh'
[5.815s] Level 1:colcon.colcon_core.environment:checking '/home/khaledob/bookros2_ws/src/install/ros2_control_test_assets/bin'
[5.815s] Level 1:colcon.colcon_core.environment:checking '/home/khaledob/bookros2_ws/src/install/ros2_control_test_assets/lib/pkgconfig/ros2_control_test_assets.pc'
[5.816s] Level 1:colcon.colcon_core.environment:checking '/home/khaledob/bookros2_ws/src/install/ros2_control_test_assets/lib/python3.8/site-packages'
[5.816s] Level 1:colcon.colcon_core.environment:checking '/home/khaledob/bookros2_ws/src/install/ros2_control_test_assets/bin'
[5.817s] INFO:colcon.colcon_core.shell:Creating package script '/home/khaledob/bookros2_ws/src/install/ros2_control_test_assets/share/ros2_control_test_assets/package.ps1'
[5.820s] DEBUG:colcon.colcon_core.event_handler.log_command:Invoked command in '/home/khaledob/bookros2_ws/src/build/ros2_control_test_assets' returned '0': CMAKE_PREFIX_PATH=/opt/ros/foxy /usr/bin/cmake --install /home/khaledob/bookros2_ws/src/build/ros2_control_test_assets
[5.825s] INFO:colcon.colcon_core.shell:Creating package descriptor '/home/khaledob/bookros2_ws/src/install/ros2_control_test_assets/share/ros2_control_test_assets/package.dsv'
[5.826s] INFO:colcon.colcon_core.shell:Creating package script '/home/khaledob/bookros2_ws/src/install/ros2_control_test_assets/share/ros2_control_test_assets/package.sh'
[5.827s] INFO:colcon.colcon_core.shell:Creating package script '/home/khaledob/bookros2_ws/src/install/ros2_control_test_assets/share/ros2_control_test_assets/package.bash'
[5.832s] INFO:colcon.colcon_core.shell:Creating package script '/home/khaledob/bookros2_ws/src/install/ros2_control_test_assets/share/ros2_control_test_assets/package.zsh'
[5.834s] Level 1:colcon.colcon_core.environment:create_file_with_runtime_dependencies(/home/khaledob/bookros2_ws/src/install/ros2_control_test_assets/share/colcon-core/packages/ros2_control_test_assets)
[5.835s] Level 1:colcon.colcon_core.environment:create_environment_scripts_only(ros2_control_test_assets)
[5.836s] Level 1:colcon.colcon_core.environment:checking '/home/khaledob/bookros2_ws/src/install/ros2_control_test_assets' for CMake module files
[5.837s] Level 1:colcon.colcon_core.environment:checking '/home/khaledob/bookros2_ws/src/install/ros2_control_test_assets' for CMake config files
[5.837s] Level 1:colcon.colcon_core.shell:create_environment_hook('ros2_control_test_assets', 'cmake_prefix_path')
[5.838s] INFO:colcon.colcon_core.shell:Creating environment hook '/home/khaledob/bookros2_ws/src/install/ros2_control_test_assets/share/ros2_control_test_assets/hook/cmake_prefix_path.ps1'
[5.839s] INFO:colcon.colcon_core.shell:Creating environment descriptor '/home/khaledob/bookros2_ws/src/install/ros2_control_test_assets/share/ros2_control_test_assets/hook/cmake_prefix_path.dsv'
[5.843s] INFO:colcon.colcon_core.shell:Creating environment hook '/home/khaledob/bookros2_ws/src/install/ros2_control_test_assets/share/ros2_control_test_assets/hook/cmake_prefix_path.sh'
[5.847s] Level 1:colcon.colcon_core.environment:checking '/home/khaledob/bookros2_ws/src/install/ros2_control_test_assets/bin'
[5.847s] Level 1:colcon.colcon_core.environment:checking '/home/khaledob/bookros2_ws/src/install/ros2_control_test_assets/lib/pkgconfig/ros2_control_test_assets.pc'
[5.848s] Level 1:colcon.colcon_core.environment:checking '/home/khaledob/bookros2_ws/src/install/ros2_control_test_assets/lib/python3.8/site-packages'
[5.848s] Level 1:colcon.colcon_core.environment:checking '/home/khaledob/bookros2_ws/src/install/ros2_control_test_assets/bin'
[5.849s] INFO:colcon.colcon_core.shell:Creating package script '/home/khaledob/bookros2_ws/src/install/ros2_control_test_assets/share/ros2_control_test_assets/package.ps1'
[5.853s] INFO:colcon.colcon_core.shell:Creating package descriptor '/home/khaledob/bookros2_ws/src/install/ros2_control_test_assets/share/ros2_control_test_assets/package.dsv'
[5.856s] INFO:colcon.colcon_core.shell:Creating package script '/home/khaledob/bookros2_ws/src/install/ros2_control_test_assets/share/ros2_control_test_assets/package.sh'
[5.858s] INFO:colcon.colcon_core.shell:Creating package script '/home/khaledob/bookros2_ws/src/install/ros2_control_test_assets/share/ros2_control_test_assets/package.bash'
[5.860s] INFO:colcon.colcon_core.shell:Creating package script '/home/khaledob/bookros2_ws/src/install/ros2_control_test_assets/share/ros2_control_test_assets/package.zsh'
[5.862s] Level 1:colcon.colcon_core.environment:create_file_with_runtime_dependencies(/home/khaledob/bookros2_ws/src/install/ros2_control_test_assets/share/colcon-core/packages/ros2_control_test_assets)
[5.865s] INFO:colcon.colcon_ros.task.ament_cmake.build:Building ROS package in '/home/khaledob/bookros2_ws/src/ThirdParty/ros2_control/hardware_interface' with build type 'ament_cmake'
[5.866s] INFO:colcon.colcon_cmake.task.cmake.build:Building CMake package in '/home/khaledob/bookros2_ws/src/ThirdParty/ros2_control/hardware_interface'
[5.867s] INFO:colcon.colcon_core.shell:Skip shell extension 'powershell' for command environment: Not usable outside of PowerShell
[5.867s] DEBUG:colcon.colcon_core.shell:Skip shell extension 'dsv' for command environment
[5.951s] DEBUG:colcon.colcon_core.event_handler.log_command:Invoking command in '/home/khaledob/bookros2_ws/src/build/hardware_interface': AMENT_PREFIX_PATH=/home/khaledob/bookros2_ws/src/install/ros2_control_test_assets:${AMENT_PREFIX_PATH} CMAKE_PREFIX_PATH=/home/khaledob/bookros2_ws/src/install/ros2_control_test_assets:/opt/ros/foxy /usr/bin/cmake /home/khaledob/bookros2_ws/src/ThirdParty/ros2_control/hardware_interface -DAMENT_CMAKE_SYMLINK_INSTALL=1 -DCMAKE_INSTALL_PREFIX=/home/khaledob/bookros2_ws/src/install/hardware_interface
[6.215s] Level 1:colcon.colcon_core.environment:create_environment_scripts_only(hey5_description)
[6.217s] Level 1:colcon.colcon_core.environment:checking '/home/khaledob/bookros2_ws/src/install/hey5_description' for CMake module files
[6.223s] Level 1:colcon.colcon_core.environment:checking '/home/khaledob/bookros2_ws/src/install/hey5_description' for CMake config files
[6.235s] DEBUG:colcon.colcon_core.event_handler.log_command:Invoked command in '/home/khaledob/bookros2_ws/src/build/hey5_description' returned '0': CMAKE_PREFIX_PATH=/opt/ros/foxy /usr/bin/cmake --install /home/khaledob/bookros2_ws/src/build/hey5_description
[6.239s] Level 1:colcon.colcon_core.shell:create_environment_hook('hey5_description', 'cmake_prefix_path')
[6.240s] INFO:colcon.colcon_core.shell:Creating environment hook '/home/khaledob/bookros2_ws/src/install/hey5_description/share/hey5_description/hook/cmake_prefix_path.ps1'
[6.242s] INFO:colcon.colcon_core.shell:Creating environment descriptor '/home/khaledob/bookros2_ws/src/install/hey5_description/share/hey5_description/hook/cmake_prefix_path.dsv'
[6.242s] INFO:colcon.colcon_core.shell:Creating environment hook '/home/khaledob/bookros2_ws/src/install/hey5_description/share/hey5_description/hook/cmake_prefix_path.sh'
[6.244s] Level 1:colcon.colcon_core.environment:checking '/home/khaledob/bookros2_ws/src/install/hey5_description/bin'
[6.245s] Level 1:colcon.colcon_core.environment:checking '/home/khaledob/bookros2_ws/src/install/hey5_description/lib/pkgconfig/hey5_description.pc'
[6.245s] Level 1:colcon.colcon_core.environment:checking '/home/khaledob/bookros2_ws/src/install/hey5_description/lib/python3.8/site-packages'
[6.247s] Level 1:colcon.colcon_core.environment:checking '/home/khaledob/bookros2_ws/src/install/hey5_description/bin'
[6.248s] INFO:colcon.colcon_core.shell:Creating package script '/home/khaledob/bookros2_ws/src/install/hey5_description/share/hey5_description/package.ps1'
[6.249s] INFO:colcon.colcon_core.shell:Creating package descriptor '/home/khaledob/bookros2_ws/src/install/hey5_description/share/hey5_description/package.dsv'
[6.251s] INFO:colcon.colcon_core.shell:Creating package script '/home/khaledob/bookros2_ws/src/install/hey5_description/share/hey5_description/package.sh'
[6.252s] INFO:colcon.colcon_core.shell:Creating package script '/home/khaledob/bookros2_ws/src/install/hey5_description/share/hey5_description/package.bash'
[6.253s] INFO:colcon.colcon_core.shell:Creating package script '/home/khaledob/bookros2_ws/src/install/hey5_description/share/hey5_description/package.zsh'
[6.254s] Level 1:colcon.colcon_core.environment:create_file_with_runtime_dependencies(/home/khaledob/bookros2_ws/src/install/hey5_description/share/colcon-core/packages/hey5_description)
[6.270s] Level 1:colcon.colcon_core.environment:create_environment_scripts_only(hey5_description)
[6.271s] Level 1:colcon.colcon_core.environment:checking '/home/khaledob/bookros2_ws/src/install/hey5_description' for CMake module files
[6.271s] Level 1:colcon.colcon_core.environment:checking '/home/khaledob/bookros2_ws/src/install/hey5_description' for CMake config files
[6.272s] Level 1:colcon.colcon_core.shell:create_environment_hook('hey5_description', 'cmake_prefix_path')
[6.273s] INFO:colcon.colcon_core.shell:Creating environment hook '/home/khaledob/bookros2_ws/src/install/hey5_description/share/hey5_description/hook/cmake_prefix_path.ps1'
[6.274s] INFO:colcon.colcon_core.shell:Creating environment descriptor '/home/khaledob/bookros2_ws/src/install/hey5_description/share/hey5_description/hook/cmake_prefix_path.dsv'
[6.275s] INFO:colcon.colcon_core.shell:Creating environment hook '/home/khaledob/bookros2_ws/src/install/hey5_description/share/hey5_description/hook/cmake_prefix_path.sh'
[6.278s] Level 1:colcon.colcon_core.environment:checking '/home/khaledob/bookros2_ws/src/install/hey5_description/bin'
[6.278s] Level 1:colcon.colcon_core.environment:checking '/home/khaledob/bookros2_ws/src/install/hey5_description/lib/pkgconfig/hey5_description.pc'
[6.278s] Level 1:colcon.colcon_core.environment:checking '/home/khaledob/bookros2_ws/src/install/hey5_description/lib/python3.8/site-packages'
[6.279s] Level 1:colcon.colcon_core.environment:checking '/home/khaledob/bookros2_ws/src/install/hey5_description/bin'
[6.280s] INFO:colcon.colcon_core.shell:Creating package script '/home/khaledob/bookros2_ws/src/install/hey5_description/share/hey5_description/package.ps1'
[6.284s] INFO:colcon.colcon_core.shell:Creating package descriptor '/home/khaledob/bookros2_ws/src/install/hey5_description/share/hey5_description/package.dsv'
[6.292s] INFO:colcon.colcon_core.shell:Creating package script '/home/khaledob/bookros2_ws/src/install/hey5_description/share/hey5_description/package.sh'
[6.294s] INFO:colcon.colcon_core.shell:Creating package script '/home/khaledob/bookros2_ws/src/install/hey5_description/share/hey5_description/package.bash'
[6.297s] INFO:colcon.colcon_core.shell:Creating package script '/home/khaledob/bookros2_ws/src/install/hey5_description/share/hey5_description/package.zsh'
[6.299s] Level 1:colcon.colcon_core.environment:create_file_with_runtime_dependencies(/home/khaledob/bookros2_ws/src/install/hey5_description/share/colcon-core/packages/hey5_description)
[6.302s] INFO:colcon.colcon_ros.task.ament_cmake.build:Building ROS package in '/home/khaledob/bookros2_ws/src/ThirdParty/pmb2_navigation/pmb2_maps' with build type 'ament_cmake'
[6.303s] INFO:colcon.colcon_cmake.task.cmake.build:Building CMake package in '/home/khaledob/bookros2_ws/src/ThirdParty/pmb2_navigation/pmb2_maps'
[6.303s] INFO:colcon.colcon_core.shell:Skip shell extension 'powershell' for command environment: Not usable outside of PowerShell
[6.304s] DEBUG:colcon.colcon_core.shell:Skip shell extension 'dsv' for command environment
[6.317s] Level 1:colcon.colcon_core.environment:create_environment_scripts_only(tiago_description_calibration)
[6.317s] Level 1:colcon.colcon_core.environment:checking '/home/khaledob/bookros2_ws/src/install/tiago_description_calibration' for CMake module files
[6.324s] Level 1:colcon.colcon_core.environment:checking '/home/khaledob/bookros2_ws/src/install/tiago_description_calibration' for CMake config files
[6.324s] Level 1:colcon.colcon_core.shell:create_environment_hook('tiago_description_calibration', 'cmake_prefix_path')
[6.325s] INFO:colcon.colcon_core.shell:Creating environment hook '/home/khaledob/bookros2_ws/src/install/tiago_description_calibration/share/tiago_description_calibration/hook/cmake_prefix_path.ps1'
[6.326s] INFO:colcon.colcon_core.shell:Creating environment descriptor '/home/khaledob/bookros2_ws/src/install/tiago_description_calibration/share/tiago_description_calibration/hook/cmake_prefix_path.dsv'
[6.326s] INFO:colcon.colcon_core.shell:Creating environment hook '/home/khaledob/bookros2_ws/src/install/tiago_description_calibration/share/tiago_description_calibration/hook/cmake_prefix_path.sh'
[6.327s] Level 1:colcon.colcon_core.environment:checking '/home/khaledob/bookros2_ws/src/install/tiago_description_calibration/bin'
[6.327s] Level 1:colcon.colcon_core.environment:checking '/home/khaledob/bookros2_ws/src/install/tiago_description_calibration/lib/pkgconfig/tiago_description_calibration.pc'
[6.327s] Level 1:colcon.colcon_core.environment:checking '/home/khaledob/bookros2_ws/src/install/tiago_description_calibration/lib/python3.8/site-packages'
[6.328s] Level 1:colcon.colcon_core.environment:checking '/home/khaledob/bookros2_ws/src/install/tiago_description_calibration/bin'
[6.328s] INFO:colcon.colcon_core.shell:Creating package script '/home/khaledob/bookros2_ws/src/install/tiago_description_calibration/share/tiago_description_calibration/package.ps1'
[6.332s] INFO:colcon.colcon_core.shell:Creating package descriptor '/home/khaledob/bookros2_ws/src/install/tiago_description_calibration/share/tiago_description_calibration/package.dsv'
[6.334s] INFO:colcon.colcon_core.shell:Creating package script '/home/khaledob/bookros2_ws/src/install/tiago_description_calibration/share/tiago_description_calibration/package.sh'
[6.345s] INFO:colcon.colcon_core.shell:Creating package script '/home/khaledob/bookros2_ws/src/install/tiago_description_calibration/share/tiago_description_calibration/package.bash'
[6.351s] INFO:colcon.colcon_core.shell:Creating package script '/home/khaledob/bookros2_ws/src/install/tiago_description_calibration/share/tiago_description_calibration/package.zsh'
[6.352s] Level 1:colcon.colcon_core.environment:create_file_with_runtime_dependencies(/home/khaledob/bookros2_ws/src/install/tiago_description_calibration/share/colcon-core/packages/tiago_description_calibration)
[6.353s] Level 1:colcon.colcon_core.environment:create_environment_scripts_only(tiago_description_calibration)
[6.353s] Level 1:colcon.colcon_core.environment:checking '/home/khaledob/bookros2_ws/src/install/tiago_description_calibration' for CMake module files
[6.353s] Level 1:colcon.colcon_core.environment:checking '/home/khaledob/bookros2_ws/src/install/tiago_description_calibration' for CMake config files
[6.366s] Level 1:colcon.colcon_core.shell:create_environment_hook('tiago_description_calibration', 'cmake_prefix_path')
[6.377s] INFO:colcon.colcon_core.shell:Creating environment hook '/home/khaledob/bookros2_ws/src/install/tiago_description_calibration/share/tiago_description_calibration/hook/cmake_prefix_path.ps1'
[6.375s] DEBUG:colcon.colcon_core.event_handler.log_command:Invoked command in '/home/khaledob/bookros2_ws/src/build/tiago_description_calibration' returned '0': CMAKE_PREFIX_PATH=/opt/ros/foxy /usr/bin/cmake --install /home/khaledob/bookros2_ws/src/build/tiago_description_calibration
[6.379s] INFO:colcon.colcon_core.shell:Creating environment descriptor '/home/khaledob/bookros2_ws/src/install/tiago_description_calibration/share/tiago_description_calibration/hook/cmake_prefix_path.dsv'
[6.386s] INFO:colcon.colcon_core.shell:Creating environment hook '/home/khaledob/bookros2_ws/src/install/tiago_description_calibration/share/tiago_description_calibration/hook/cmake_prefix_path.sh'
[6.406s] Level 1:colcon.colcon_core.environment:checking '/home/khaledob/bookros2_ws/src/install/tiago_description_calibration/bin'
[6.406s] Level 1:colcon.colcon_core.environment:checking '/home/khaledob/bookros2_ws/src/install/tiago_description_calibration/lib/pkgconfig/tiago_description_calibration.pc'
[6.406s] Level 1:colcon.colcon_core.environment:checking '/home/khaledob/bookros2_ws/src/install/tiago_description_calibration/lib/python3.8/site-packages'
[6.406s] Level 1:colcon.colcon_core.environment:checking '/home/khaledob/bookros2_ws/src/install/tiago_description_calibration/bin'
[6.409s] INFO:colcon.colcon_core.shell:Creating package script '/home/khaledob/bookros2_ws/src/install/tiago_description_calibration/share/tiago_description_calibration/package.ps1'
[6.411s] INFO:colcon.colcon_core.shell:Creating package descriptor '/home/khaledob/bookros2_ws/src/install/tiago_description_calibration/share/tiago_description_calibration/package.dsv'
[6.414s] INFO:colcon.colcon_core.shell:Creating package script '/home/khaledob/bookros2_ws/src/install/tiago_description_calibration/share/tiago_description_calibration/package.sh'
[6.417s] INFO:colcon.colcon_core.shell:Creating package script '/home/khaledob/bookros2_ws/src/install/tiago_description_calibration/share/tiago_description_calibration/package.bash'
[6.418s] INFO:colcon.colcon_core.shell:Creating package script '/home/khaledob/bookros2_ws/src/install/tiago_description_calibration/share/tiago_description_calibration/package.zsh'
[6.419s] Level 1:colcon.colcon_core.environment:create_file_with_runtime_dependencies(/home/khaledob/bookros2_ws/src/install/tiago_description_calibration/share/colcon-core/packages/tiago_description_calibration)
[6.422s] INFO:colcon.colcon_ros.task.ament_cmake.build:Building ROS package in '/home/khaledob/bookros2_ws/src/book_ros2/br2_tracking_msgs' with build type 'ament_cmake'
[6.422s] INFO:colcon.colcon_cmake.task.cmake.build:Building CMake package in '/home/khaledob/bookros2_ws/src/book_ros2/br2_tracking_msgs'
[6.423s] INFO:colcon.colcon_core.shell:Skip shell extension 'powershell' for command environment: Not usable outside of PowerShell
[6.423s] DEBUG:colcon.colcon_core.shell:Skip shell extension 'dsv' for command environment
[6.534s] DEBUG:colcon.colcon_core.event_handler.log_command:Invoking command in '/home/khaledob/bookros2_ws/src/build/pmb2_maps': CMAKE_PREFIX_PATH=/opt/ros/foxy /usr/bin/cmake /home/khaledob/bookros2_ws/src/ThirdParty/pmb2_navigation/pmb2_maps -DAMENT_CMAKE_SYMLINK_INSTALL=1 -DCMAKE_INSTALL_PREFIX=/home/khaledob/bookros2_ws/src/install/pmb2_maps
[6.572s] DEBUG:colcon.colcon_core.event_handler.log_command:Invoking command in '/home/khaledob/bookros2_ws/src/build/br2_tracking_msgs': CMAKE_PREFIX_PATH=/opt/ros/foxy /usr/bin/cmake /home/khaledob/bookros2_ws/src/book_ros2/br2_tracking_msgs -DAMENT_CMAKE_SYMLINK_INSTALL=1 -DCMAKE_INSTALL_PREFIX=/home/khaledob/bookros2_ws/src/install/br2_tracking_msgs
[6.676s] Level 1:colcon.colcon_core.environment:create_environment_scripts_only(urdf_test)
[6.677s] Level 1:colcon.colcon_core.environment:checking '/home/khaledob/bookros2_ws/src/install/urdf_test' for CMake module files
[6.701s] Level 1:colcon.colcon_core.environment:checking '/home/khaledob/bookros2_ws/src/install/urdf_test' for CMake config files
[6.702s] Level 1:colcon.colcon_core.shell:create_environment_hook('urdf_test', 'cmake_prefix_path')
[6.703s] INFO:colcon.colcon_core.shell:Creating environment hook '/home/khaledob/bookros2_ws/src/install/urdf_test/share/urdf_test/hook/cmake_prefix_path.ps1'
[6.679s] DEBUG:colcon.colcon_core.event_handler.log_command:Invoked command in '/home/khaledob/bookros2_ws/src/build/urdf_test' returned '0': CMAKE_PREFIX_PATH=/opt/ros/foxy /usr/bin/cmake --install /home/khaledob/bookros2_ws/src/build/urdf_test
[6.710s] INFO:colcon.colcon_core.shell:Creating environment descriptor '/home/khaledob/bookros2_ws/src/install/urdf_test/share/urdf_test/hook/cmake_prefix_path.dsv'
[6.712s] INFO:colcon.colcon_core.shell:Creating environment hook '/home/khaledob/bookros2_ws/src/install/urdf_test/share/urdf_test/hook/cmake_prefix_path.sh'
[6.714s] Level 1:colcon.colcon_core.environment:checking '/home/khaledob/bookros2_ws/src/install/urdf_test/lib'
[6.714s] Level 1:colcon.colcon_core.environment:checking '/home/khaledob/bookros2_ws/src/install/urdf_test/bin'
[6.715s] Level 1:colcon.colcon_core.environment:checking '/home/khaledob/bookros2_ws/src/install/urdf_test/lib/pkgconfig/urdf_test.pc'
[6.715s] Level 1:colcon.colcon_core.environment:checking '/home/khaledob/bookros2_ws/src/install/urdf_test/lib/python3.8/site-packages'
[6.715s] Level 1:colcon.colcon_core.shell:create_environment_hook('urdf_test', 'pythonpath')
[6.715s] INFO:colcon.colcon_core.shell:Creating environment hook '/home/khaledob/bookros2_ws/src/install/urdf_test/share/urdf_test/hook/pythonpath.ps1'
[6.716s] INFO:colcon.colcon_core.shell:Creating environment descriptor '/home/khaledob/bookros2_ws/src/install/urdf_test/share/urdf_test/hook/pythonpath.dsv'
[6.745s] INFO:colcon.colcon_core.shell:Creating environment hook '/home/khaledob/bookros2_ws/src/install/urdf_test/share/urdf_test/hook/pythonpath.sh'
[6.750s] Level 1:colcon.colcon_core.environment:checking '/home/khaledob/bookros2_ws/src/install/urdf_test/bin'
[6.752s] INFO:colcon.colcon_core.shell:Creating package script '/home/khaledob/bookros2_ws/src/install/urdf_test/share/urdf_test/package.ps1'
[6.753s] INFO:colcon.colcon_core.shell:Creating package descriptor '/home/khaledob/bookros2_ws/src/install/urdf_test/share/urdf_test/package.dsv'
[6.755s] INFO:colcon.colcon_core.shell:Creating package script '/home/khaledob/bookros2_ws/src/install/urdf_test/share/urdf_test/package.sh'
[6.758s] INFO:colcon.colcon_core.shell:Creating package script '/home/khaledob/bookros2_ws/src/install/urdf_test/share/urdf_test/package.bash'
[6.760s] INFO:colcon.colcon_core.shell:Creating package script '/home/khaledob/bookros2_ws/src/install/urdf_test/share/urdf_test/package.zsh'
[6.761s] Level 1:colcon.colcon_core.environment:create_file_with_runtime_dependencies(/home/khaledob/bookros2_ws/src/install/urdf_test/share/colcon-core/packages/urdf_test)
[6.764s] Level 1:colcon.colcon_core.environment:create_environment_scripts_only(urdf_test)
[6.765s] Level 1:colcon.colcon_core.environment:checking '/home/khaledob/bookros2_ws/src/install/urdf_test' for CMake module files
[6.766s] Level 1:colcon.colcon_core.environment:checking '/home/khaledob/bookros2_ws/src/install/urdf_test' for CMake config files
[6.767s] Level 1:colcon.colcon_core.shell:create_environment_hook('urdf_test', 'cmake_prefix_path')
[6.767s] INFO:colcon.colcon_core.shell:Creating environment hook '/home/khaledob/bookros2_ws/src/install/urdf_test/share/urdf_test/hook/cmake_prefix_path.ps1'
[6.786s] INFO:colcon.colcon_core.shell:Creating environment descriptor '/home/khaledob/bookros2_ws/src/install/urdf_test/share/urdf_test/hook/cmake_prefix_path.dsv'
[6.788s] INFO:colcon.colcon_core.shell:Creating environment hook '/home/khaledob/bookros2_ws/src/install/urdf_test/share/urdf_test/hook/cmake_prefix_path.sh'
[6.791s] Level 1:colcon.colcon_core.environment:checking '/home/khaledob/bookros2_ws/src/install/urdf_test/lib'
[6.791s] Level 1:colcon.colcon_core.environment:checking '/home/khaledob/bookros2_ws/src/install/urdf_test/bin'
[6.791s] Level 1:colcon.colcon_core.environment:checking '/home/khaledob/bookros2_ws/src/install/urdf_test/lib/pkgconfig/urdf_test.pc'
[6.791s] Level 1:colcon.colcon_core.environment:checking '/home/khaledob/bookros2_ws/src/install/urdf_test/lib/python3.8/site-packages'
[6.792s] Level 1:colcon.colcon_core.shell:create_environment_hook('urdf_test', 'pythonpath')
[6.792s] INFO:colcon.colcon_core.shell:Creating environment hook '/home/khaledob/bookros2_ws/src/install/urdf_test/share/urdf_test/hook/pythonpath.ps1'
[6.803s] INFO:colcon.colcon_core.shell:Creating environment descriptor '/home/khaledob/bookros2_ws/src/install/urdf_test/share/urdf_test/hook/pythonpath.dsv'
[6.804s] INFO:colcon.colcon_core.shell:Creating environment hook '/home/khaledob/bookros2_ws/src/install/urdf_test/share/urdf_test/hook/pythonpath.sh'
[6.806s] Level 1:colcon.colcon_core.environment:checking '/home/khaledob/bookros2_ws/src/install/urdf_test/bin'
[6.806s] INFO:colcon.colcon_core.shell:Creating package script '/home/khaledob/bookros2_ws/src/install/urdf_test/share/urdf_test/package.ps1'
[6.808s] INFO:colcon.colcon_core.shell:Creating package descriptor '/home/khaledob/bookros2_ws/src/install/urdf_test/share/urdf_test/package.dsv'
[6.809s] INFO:colcon.colcon_core.shell:Creating package script '/home/khaledob/bookros2_ws/src/install/urdf_test/share/urdf_test/package.sh'
[6.811s] INFO:colcon.colcon_core.shell:Creating package script '/home/khaledob/bookros2_ws/src/install/urdf_test/share/urdf_test/package.bash'
[6.813s] INFO:colcon.colcon_core.shell:Creating package script '/home/khaledob/bookros2_ws/src/install/urdf_test/share/urdf_test/package.zsh'
[6.815s] Level 1:colcon.colcon_core.environment:create_file_with_runtime_dependencies(/home/khaledob/bookros2_ws/src/install/urdf_test/share/colcon-core/packages/urdf_test)
[6.820s] INFO:colcon.colcon_ros.task.ament_cmake.build:Building ROS package in '/home/khaledob/bookros2_ws/src/ThirdParty/pal_gripper/pal_gripper_description' with build type 'ament_cmake'
[6.820s] INFO:colcon.colcon_cmake.task.cmake.build:Building CMake package in '/home/khaledob/bookros2_ws/src/ThirdParty/pal_gripper/pal_gripper_description'
[6.820s] INFO:colcon.colcon_core.shell:Skip shell extension 'powershell' for command environment: Not usable outside of PowerShell
[6.821s] DEBUG:colcon.colcon_core.shell:Skip shell extension 'dsv' for command environment
[6.901s] DEBUG:colcon.colcon_core.event_handler.log_command:Invoking command in '/home/khaledob/bookros2_ws/src/build/pal_gripper_description': AMENT_PREFIX_PATH=/home/khaledob/bookros2_ws/src/install/urdf_test:${AMENT_PREFIX_PATH} CMAKE_PREFIX_PATH=/home/khaledob/bookros2_ws/src/install/urdf_test:/opt/ros/foxy PYTHONPATH=/home/khaledob/bookros2_ws/src/install/urdf_test/lib/python3.8/site-packages:${PYTHONPATH} /usr/bin/cmake /home/khaledob/bookros2_ws/src/ThirdParty/pal_gripper/pal_gripper_description -DAMENT_CMAKE_SYMLINK_INSTALL=1 -DCMAKE_INSTALL_PREFIX=/home/khaledob/bookros2_ws/src/install/pal_gripper_description
[9.013s] DEBUG:colcon.colcon_core.event_handler.log_command:Invoked command in '/home/khaledob/bookros2_ws/src/build/pal_gazebo_worlds' returned '0': CMAKE_PREFIX_PATH=/opt/ros/foxy /usr/bin/cmake /home/khaledob/bookros2_ws/src/ThirdParty/pal_gazebo_worlds -DAMENT_CMAKE_SYMLINK_INSTALL=1 -DCMAKE_INSTALL_PREFIX=/home/khaledob/bookros2_ws/src/install/pal_gazebo_worlds
[9.015s] DEBUG:colcon.colcon_core.event_handler.log_command:Invoking command in '/home/khaledob/bookros2_ws/src/build/pal_gazebo_worlds': CMAKE_PREFIX_PATH=/opt/ros/foxy /usr/bin/cmake --build /home/khaledob/bookros2_ws/src/build/pal_gazebo_worlds -- -j7 -l7
[9.043s] DEBUG:colcon.colcon_core.event_handler.log_command:Invoked command in '/home/khaledob/bookros2_ws/src/build/controller_manager_msgs' returned '0': CMAKE_PREFIX_PATH=/opt/ros/foxy /usr/bin/cmake /home/khaledob/bookros2_ws/src/ThirdParty/ros2_control/controller_manager_msgs -DAMENT_CMAKE_SYMLINK_INSTALL=1 -DCMAKE_INSTALL_PREFIX=/home/khaledob/bookros2_ws/src/install/controller_manager_msgs
[9.049s] DEBUG:colcon.colcon_core.event_handler.log_command:Invoking command in '/home/khaledob/bookros2_ws/src/build/controller_manager_msgs': CMAKE_PREFIX_PATH=/opt/ros/foxy /usr/bin/cmake --build /home/khaledob/bookros2_ws/src/build/controller_manager_msgs -- -j7 -l7
[9.207s] DEBUG:colcon.colcon_core.event_handler.log_command:Invoked command in '/home/khaledob/bookros2_ws/src/build/pal_gazebo_worlds' returned '0': CMAKE_PREFIX_PATH=/opt/ros/foxy /usr/bin/cmake --build /home/khaledob/bookros2_ws/src/build/pal_gazebo_worlds -- -j7 -l7
[9.216s] DEBUG:colcon.colcon_core.event_handler.log_command:Invoking command in '/home/khaledob/bookros2_ws/src/build/pal_gazebo_worlds': CMAKE_PREFIX_PATH=/opt/ros/foxy /usr/bin/cmake --install /home/khaledob/bookros2_ws/src/build/pal_gazebo_worlds
[9.796s] DEBUG:colcon.colcon_core.event_handler.log_command:Invoked command in '/home/khaledob/bookros2_ws/src/build/pmb2_maps' returned '0': CMAKE_PREFIX_PATH=/opt/ros/foxy /usr/bin/cmake /home/khaledob/bookros2_ws/src/ThirdParty/pmb2_navigation/pmb2_maps -DAMENT_CMAKE_SYMLINK_INSTALL=1 -DCMAKE_INSTALL_PREFIX=/home/khaledob/bookros2_ws/src/install/pmb2_maps
[9.797s] DEBUG:colcon.colcon_core.event_handler.log_command:Invoking command in '/home/khaledob/bookros2_ws/src/build/pmb2_maps': CMAKE_PREFIX_PATH=/opt/ros/foxy /usr/bin/cmake --build /home/khaledob/bookros2_ws/src/build/pmb2_maps -- -j7 -l7
[10.314s] DEBUG:colcon.colcon_core.event_handler.log_command:Invoked command in '/home/khaledob/bookros2_ws/src/build/pal_gripper_description' returned '0': AMENT_PREFIX_PATH=/home/khaledob/bookros2_ws/src/install/urdf_test:${AMENT_PREFIX_PATH} CMAKE_PREFIX_PATH=/home/khaledob/bookros2_ws/src/install/urdf_test:/opt/ros/foxy PYTHONPATH=/home/khaledob/bookros2_ws/src/install/urdf_test/lib/python3.8/site-packages:${PYTHONPATH} /usr/bin/cmake /home/khaledob/bookros2_ws/src/ThirdParty/pal_gripper/pal_gripper_description -DAMENT_CMAKE_SYMLINK_INSTALL=1 -DCMAKE_INSTALL_PREFIX=/home/khaledob/bookros2_ws/src/install/pal_gripper_description
[10.320s] DEBUG:colcon.colcon_core.event_handler.log_command:Invoking command in '/home/khaledob/bookros2_ws/src/build/pal_gripper_description': AMENT_PREFIX_PATH=/home/khaledob/bookros2_ws/src/install/urdf_test:${AMENT_PREFIX_PATH} CMAKE_PREFIX_PATH=/home/khaledob/bookros2_ws/src/install/urdf_test:/opt/ros/foxy PYTHONPATH=/home/khaledob/bookros2_ws/src/install/urdf_test/lib/python3.8/site-packages:${PYTHONPATH} /usr/bin/cmake --build /home/khaledob/bookros2_ws/src/build/pal_gripper_description -- -j7 -l7
[10.391s] DEBUG:colcon.colcon_core.event_handler.log_command:Invoked command in '/home/khaledob/bookros2_ws/src/build/pmb2_maps' returned '0': CMAKE_PREFIX_PATH=/opt/ros/foxy /usr/bin/cmake --build /home/khaledob/bookros2_ws/src/build/pmb2_maps -- -j7 -l7
[10.393s] DEBUG:colcon.colcon_core.event_handler.log_command:Invoking command in '/home/khaledob/bookros2_ws/src/build/pmb2_maps': CMAKE_PREFIX_PATH=/opt/ros/foxy /usr/bin/cmake --install /home/khaledob/bookros2_ws/src/build/pmb2_maps
[10.528s] DEBUG:colcon.colcon_core.event_handler.log_command:Invoked command in '/home/khaledob/bookros2_ws/src/build/pal_gripper_description' returned '0': AMENT_PREFIX_PATH=/home/khaledob/bookros2_ws/src/install/urdf_test:${AMENT_PREFIX_PATH} CMAKE_PREFIX_PATH=/home/khaledob/bookros2_ws/src/install/urdf_test:/opt/ros/foxy PYTHONPATH=/home/khaledob/bookros2_ws/src/install/urdf_test/lib/python3.8/site-packages:${PYTHONPATH} /usr/bin/cmake --build /home/khaledob/bookros2_ws/src/build/pal_gripper_description -- -j7 -l7
[10.530s] DEBUG:colcon.colcon_core.event_handler.log_command:Invoking command in '/home/khaledob/bookros2_ws/src/build/pal_gripper_description': AMENT_PREFIX_PATH=/home/khaledob/bookros2_ws/src/install/urdf_test:${AMENT_PREFIX_PATH} CMAKE_PREFIX_PATH=/home/khaledob/bookros2_ws/src/install/urdf_test:/opt/ros/foxy PYTHONPATH=/home/khaledob/bookros2_ws/src/install/urdf_test/lib/python3.8/site-packages:${PYTHONPATH} /usr/bin/cmake --install /home/khaledob/bookros2_ws/src/build/pal_gripper_description
[10.674s] DEBUG:colcon.colcon_core.event_handler.log_command:Invoked command in '/home/khaledob/bookros2_ws/src/build/twist_mux' returned '0': CMAKE_PREFIX_PATH=/opt/ros/foxy /usr/bin/cmake /home/khaledob/bookros2_ws/src/ThirdParty/twist_mux -DAMENT_CMAKE_SYMLINK_INSTALL=1 -DCMAKE_INSTALL_PREFIX=/home/khaledob/bookros2_ws/src/install/twist_mux
[10.680s] DEBUG:colcon.colcon_core.event_handler.log_command:Invoking command in '/home/khaledob/bookros2_ws/src/build/twist_mux': CMAKE_PREFIX_PATH=/opt/ros/foxy /usr/bin/cmake --build /home/khaledob/bookros2_ws/src/build/twist_mux -- -j7 -l7
[11.393s] Level 1:colcon.colcon_core.environment:create_environment_scripts_only(pmb2_maps)
[11.415s] DEBUG:colcon.colcon_core.event_handler.log_command:Invoked command in '/home/khaledob/bookros2_ws/src/build/pmb2_maps' returned '0': CMAKE_PREFIX_PATH=/opt/ros/foxy /usr/bin/cmake --install /home/khaledob/bookros2_ws/src/build/pmb2_maps
[11.421s] Level 1:colcon.colcon_core.environment:checking '/home/khaledob/bookros2_ws/src/install/pmb2_maps' for CMake module files
[11.425s] Level 1:colcon.colcon_core.environment:checking '/home/khaledob/bookros2_ws/src/install/pmb2_maps' for CMake config files
[11.426s] Level 1:colcon.colcon_core.shell:create_environment_hook('pmb2_maps', 'cmake_prefix_path')
[11.427s] INFO:colcon.colcon_core.shell:Creating environment hook '/home/khaledob/bookros2_ws/src/install/pmb2_maps/share/pmb2_maps/hook/cmake_prefix_path.ps1'
[11.428s] INFO:colcon.colcon_core.shell:Creating environment descriptor '/home/khaledob/bookros2_ws/src/install/pmb2_maps/share/pmb2_maps/hook/cmake_prefix_path.dsv'
[11.441s] INFO:colcon.colcon_core.shell:Creating environment hook '/home/khaledob/bookros2_ws/src/install/pmb2_maps/share/pmb2_maps/hook/cmake_prefix_path.sh'
[11.444s] Level 1:colcon.colcon_core.environment:checking '/home/khaledob/bookros2_ws/src/install/pmb2_maps/bin'
[11.453s] Level 1:colcon.colcon_core.environment:checking '/home/khaledob/bookros2_ws/src/install/pmb2_maps/lib/pkgconfig/pmb2_maps.pc'
[11.453s] Level 1:colcon.colcon_core.environment:checking '/home/khaledob/bookros2_ws/src/install/pmb2_maps/lib/python3.8/site-packages'
[11.454s] Level 1:colcon.colcon_core.environment:checking '/home/khaledob/bookros2_ws/src/install/pmb2_maps/bin'
[11.455s] INFO:colcon.colcon_core.shell:Creating package script '/home/khaledob/bookros2_ws/src/install/pmb2_maps/share/pmb2_maps/package.ps1'
[11.456s] INFO:colcon.colcon_core.shell:Creating package descriptor '/home/khaledob/bookros2_ws/src/install/pmb2_maps/share/pmb2_maps/package.dsv'
[11.457s] INFO:colcon.colcon_core.shell:Creating package script '/home/khaledob/bookros2_ws/src/install/pmb2_maps/share/pmb2_maps/package.sh'
[11.458s] INFO:colcon.colcon_core.shell:Creating package script '/home/khaledob/bookros2_ws/src/install/pmb2_maps/share/pmb2_maps/package.bash'
[11.459s] INFO:colcon.colcon_core.shell:Creating package script '/home/khaledob/bookros2_ws/src/install/pmb2_maps/share/pmb2_maps/package.zsh'
[11.459s] Level 1:colcon.colcon_core.environment:create_file_with_runtime_dependencies(/home/khaledob/bookros2_ws/src/install/pmb2_maps/share/colcon-core/packages/pmb2_maps)
[11.494s] Level 1:colcon.colcon_core.environment:create_environment_scripts_only(pmb2_maps)
[11.495s] Level 1:colcon.colcon_core.environment:checking '/home/khaledob/bookros2_ws/src/install/pmb2_maps' for CMake module files
[11.508s] Level 1:colcon.colcon_core.environment:checking '/home/khaledob/bookros2_ws/src/install/pmb2_maps' for CMake config files
[11.510s] Level 1:colcon.colcon_core.shell:create_environment_hook('pmb2_maps', 'cmake_prefix_path')
[11.514s] INFO:colcon.colcon_core.shell:Creating environment hook '/home/khaledob/bookros2_ws/src/install/pmb2_maps/share/pmb2_maps/hook/cmake_prefix_path.ps1'
[11.517s] INFO:colcon.colcon_core.shell:Creating environment descriptor '/home/khaledob/bookros2_ws/src/install/pmb2_maps/share/pmb2_maps/hook/cmake_prefix_path.dsv'
[11.520s] INFO:colcon.colcon_core.shell:Creating environment hook '/home/khaledob/bookros2_ws/src/install/pmb2_maps/share/pmb2_maps/hook/cmake_prefix_path.sh'
[11.523s] Level 1:colcon.colcon_core.environment:checking '/home/khaledob/bookros2_ws/src/install/pmb2_maps/bin'
[11.523s] Level 1:colcon.colcon_core.environment:checking '/home/khaledob/bookros2_ws/src/install/pmb2_maps/lib/pkgconfig/pmb2_maps.pc'
[11.524s] Level 1:colcon.colcon_core.environment:checking '/home/khaledob/bookros2_ws/src/install/pmb2_maps/lib/python3.8/site-packages'
[11.524s] Level 1:colcon.colcon_core.environment:checking '/home/khaledob/bookros2_ws/src/install/pmb2_maps/bin'
[11.526s] INFO:colcon.colcon_core.shell:Creating package script '/home/khaledob/bookros2_ws/src/install/pmb2_maps/share/pmb2_maps/package.ps1'
[11.528s] INFO:colcon.colcon_core.shell:Creating package descriptor '/home/khaledob/bookros2_ws/src/install/pmb2_maps/share/pmb2_maps/package.dsv'
[11.531s] INFO:colcon.colcon_core.shell:Creating package script '/home/khaledob/bookros2_ws/src/install/pmb2_maps/share/pmb2_maps/package.sh'
[11.535s] INFO:colcon.colcon_core.shell:Creating package script '/home/khaledob/bookros2_ws/src/install/pmb2_maps/share/pmb2_maps/package.bash'
[11.538s] INFO:colcon.colcon_core.shell:Creating package script '/home/khaledob/bookros2_ws/src/install/pmb2_maps/share/pmb2_maps/package.zsh'
[11.541s] Level 1:colcon.colcon_core.environment:create_file_with_runtime_dependencies(/home/khaledob/bookros2_ws/src/install/pmb2_maps/share/colcon-core/packages/pmb2_maps)
[11.543s] INFO:colcon.colcon_ros.task.ament_cmake.build:Building ROS package in '/home/khaledob/bookros2_ws/src/ThirdParty/pmb2_navigation/pmb2_2dnav' with build type 'ament_cmake'
[11.544s] INFO:colcon.colcon_cmake.task.cmake.build:Building CMake package in '/home/khaledob/bookros2_ws/src/ThirdParty/pmb2_navigation/pmb2_2dnav'
[11.544s] INFO:colcon.colcon_core.shell:Skip shell extension 'powershell' for command environment: Not usable outside of PowerShell
[11.545s] DEBUG:colcon.colcon_core.shell:Skip shell extension 'dsv' for command environment
[11.778s] Level 1:colcon.colcon_core.environment:create_environment_scripts_only(pal_gripper_description)
[11.779s] Level 1:colcon.colcon_core.environment:checking '/home/khaledob/bookros2_ws/src/install/pal_gripper_description' for CMake module files
[11.782s] Level 1:colcon.colcon_core.environment:checking '/home/khaledob/bookros2_ws/src/install/pal_gripper_description' for CMake config files
[11.783s] Level 1:colcon.colcon_core.shell:create_environment_hook('pal_gripper_description', 'cmake_prefix_path')
[11.784s] INFO:colcon.colcon_core.shell:Creating environment hook '/home/khaledob/bookros2_ws/src/install/pal_gripper_description/share/pal_gripper_description/hook/cmake_prefix_path.ps1'
[11.785s] INFO:colcon.colcon_core.shell:Creating environment descriptor '/home/khaledob/bookros2_ws/src/install/pal_gripper_description/share/pal_gripper_description/hook/cmake_prefix_path.dsv'
[11.786s] INFO:colcon.colcon_core.shell:Creating environment hook '/home/khaledob/bookros2_ws/src/install/pal_gripper_description/share/pal_gripper_description/hook/cmake_prefix_path.sh'
[11.788s] Level 1:colcon.colcon_core.environment:checking '/home/khaledob/bookros2_ws/src/install/pal_gripper_description/bin'
[11.788s] Level 1:colcon.colcon_core.environment:checking '/home/khaledob/bookros2_ws/src/install/pal_gripper_description/lib/pkgconfig/pal_gripper_description.pc'
[11.788s] Level 1:colcon.colcon_core.environment:checking '/home/khaledob/bookros2_ws/src/install/pal_gripper_description/lib/python3.8/site-packages'
[11.791s] Level 1:colcon.colcon_core.environment:checking '/home/khaledob/bookros2_ws/src/install/pal_gripper_description/bin'
[11.792s] INFO:colcon.colcon_core.shell:Creating package script '/home/khaledob/bookros2_ws/src/install/pal_gripper_description/share/pal_gripper_description/package.ps1'
[11.795s] INFO:colcon.colcon_core.shell:Creating package descriptor '/home/khaledob/bookros2_ws/src/install/pal_gripper_description/share/pal_gripper_description/package.dsv'
[11.796s] INFO:colcon.colcon_core.shell:Creating package script '/home/khaledob/bookros2_ws/src/install/pal_gripper_description/share/pal_gripper_description/package.sh'
[11.797s] INFO:colcon.colcon_core.shell:Creating package script '/home/khaledob/bookros2_ws/src/install/pal_gripper_description/share/pal_gripper_description/package.bash'
[11.798s] INFO:colcon.colcon_core.shell:Creating package script '/home/khaledob/bookros2_ws/src/install/pal_gripper_description/share/pal_gripper_description/package.zsh'
[11.798s] Level 1:colcon.colcon_core.environment:create_file_with_runtime_dependencies(/home/khaledob/bookros2_ws/src/install/pal_gripper_description/share/colcon-core/packages/pal_gripper_description)
[11.799s] Level 1:colcon.colcon_core.environment:create_environment_scripts_only(pal_gripper_description)
[11.800s] Level 1:colcon.colcon_core.environment:checking '/home/khaledob/bookros2_ws/src/install/pal_gripper_description' for CMake module files
[11.801s] Level 1:colcon.colcon_core.environment:checking '/home/khaledob/bookros2_ws/src/install/pal_gripper_description' for CMake config files
[11.801s] Level 1:colcon.colcon_core.shell:create_environment_hook('pal_gripper_description', 'cmake_prefix_path')
[11.802s] INFO:colcon.colcon_core.shell:Creating environment hook '/home/khaledob/bookros2_ws/src/install/pal_gripper_description/share/pal_gripper_description/hook/cmake_prefix_path.ps1'
[11.803s] DEBUG:colcon.colcon_core.event_handler.log_command:Invoking command in '/home/khaledob/bookros2_ws/src/build/pmb2_2dnav': AMENT_PREFIX_PATH=/home/khaledob/bookros2_ws/src/install/pmb2_maps:${AMENT_PREFIX_PATH} CMAKE_PREFIX_PATH=/home/khaledob/bookros2_ws/src/install/pmb2_maps:/opt/ros/foxy /usr/bin/cmake /home/khaledob/bookros2_ws/src/ThirdParty/pmb2_navigation/pmb2_2dnav -DAMENT_CMAKE_SYMLINK_INSTALL=1 -DCMAKE_INSTALL_PREFIX=/home/khaledob/bookros2_ws/src/install/pmb2_2dnav
[11.804s] DEBUG:colcon.colcon_core.event_handler.log_command:Invoked command in '/home/khaledob/bookros2_ws/src/build/pal_gripper_description' returned '0': AMENT_PREFIX_PATH=/home/khaledob/bookros2_ws/src/install/urdf_test:${AMENT_PREFIX_PATH} CMAKE_PREFIX_PATH=/home/khaledob/bookros2_ws/src/install/urdf_test:/opt/ros/foxy PYTHONPATH=/home/khaledob/bookros2_ws/src/install/urdf_test/lib/python3.8/site-packages:${PYTHONPATH} /usr/bin/cmake --install /home/khaledob/bookros2_ws/src/build/pal_gripper_description
[11.807s] INFO:colcon.colcon_core.shell:Creating environment descriptor '/home/khaledob/bookros2_ws/src/install/pal_gripper_description/share/pal_gripper_description/hook/cmake_prefix_path.dsv'
[11.809s] INFO:colcon.colcon_core.shell:Creating environment hook '/home/khaledob/bookros2_ws/src/install/pal_gripper_description/share/pal_gripper_description/hook/cmake_prefix_path.sh'
[11.811s] Level 1:colcon.colcon_core.environment:checking '/home/khaledob/bookros2_ws/src/install/pal_gripper_description/bin'
[11.811s] Level 1:colcon.colcon_core.environment:checking '/home/khaledob/bookros2_ws/src/install/pal_gripper_description/lib/pkgconfig/pal_gripper_description.pc'
[11.812s] Level 1:colcon.colcon_core.environment:checking '/home/khaledob/bookros2_ws/src/install/pal_gripper_description/lib/python3.8/site-packages'
[11.812s] Level 1:colcon.colcon_core.environment:checking '/home/khaledob/bookros2_ws/src/install/pal_gripper_description/bin'
[11.813s] INFO:colcon.colcon_core.shell:Creating package script '/home/khaledob/bookros2_ws/src/install/pal_gripper_description/share/pal_gripper_description/package.ps1'
[11.815s] INFO:colcon.colcon_core.shell:Creating package descriptor '/home/khaledob/bookros2_ws/src/install/pal_gripper_description/share/pal_gripper_description/package.dsv'
[11.818s] INFO:colcon.colcon_core.shell:Creating package script '/home/khaledob/bookros2_ws/src/install/pal_gripper_description/share/pal_gripper_description/package.sh'
[11.819s] INFO:colcon.colcon_core.shell:Creating package script '/home/khaledob/bookros2_ws/src/install/pal_gripper_description/share/pal_gripper_description/package.bash'
[11.837s] INFO:colcon.colcon_core.shell:Creating package script '/home/khaledob/bookros2_ws/src/install/pal_gripper_description/share/pal_gripper_description/package.zsh'
[11.838s] Level 1:colcon.colcon_core.environment:create_file_with_runtime_dependencies(/home/khaledob/bookros2_ws/src/install/pal_gripper_description/share/colcon-core/packages/pal_gripper_description)
[11.840s] INFO:colcon.colcon_ros.task.ament_cmake.build:Building ROS package in '/home/khaledob/bookros2_ws/src/book_ros2/br2_basics' with build type 'ament_cmake'
[11.841s] INFO:colcon.colcon_cmake.task.cmake.build:Building CMake package in '/home/khaledob/bookros2_ws/src/book_ros2/br2_basics'
[11.841s] INFO:colcon.colcon_core.shell:Skip shell extension 'powershell' for command environment: Not usable outside of PowerShell
[11.841s] DEBUG:colcon.colcon_core.shell:Skip shell extension 'dsv' for command environment
[11.909s] DEBUG:colcon.colcon_core.event_handler.log_command:Invoking command in '/home/khaledob/bookros2_ws/src/build/br2_basics': CMAKE_PREFIX_PATH=/opt/ros/foxy /usr/bin/cmake /home/khaledob/bookros2_ws/src/book_ros2/br2_basics -DAMENT_CMAKE_SYMLINK_INSTALL=1 -DCMAKE_INSTALL_PREFIX=/home/khaledob/bookros2_ws/src/install/br2_basics
[11.979s] DEBUG:colcon.colcon_core.event_handler.log_command:Invoked command in '/home/khaledob/bookros2_ws/src/build/hardware_interface' returned '0': AMENT_PREFIX_PATH=/home/khaledob/bookros2_ws/src/install/ros2_control_test_assets:${AMENT_PREFIX_PATH} CMAKE_PREFIX_PATH=/home/khaledob/bookros2_ws/src/install/ros2_control_test_assets:/opt/ros/foxy /usr/bin/cmake /home/khaledob/bookros2_ws/src/ThirdParty/ros2_control/hardware_interface -DAMENT_CMAKE_SYMLINK_INSTALL=1 -DCMAKE_INSTALL_PREFIX=/home/khaledob/bookros2_ws/src/install/hardware_interface
[11.999s] DEBUG:colcon.colcon_core.event_handler.log_command:Invoking command in '/home/khaledob/bookros2_ws/src/build/hardware_interface': AMENT_PREFIX_PATH=/home/khaledob/bookros2_ws/src/install/ros2_control_test_assets:${AMENT_PREFIX_PATH} CMAKE_PREFIX_PATH=/home/khaledob/bookros2_ws/src/install/ros2_control_test_assets:/opt/ros/foxy /usr/bin/cmake --build /home/khaledob/bookros2_ws/src/build/hardware_interface -- -j7 -l7
[15.076s] DEBUG:colcon.colcon_core.event_handler.log_command:Invoked command in '/home/khaledob/bookros2_ws/src/build/br2_tracking_msgs' returned '0': CMAKE_PREFIX_PATH=/opt/ros/foxy /usr/bin/cmake /home/khaledob/bookros2_ws/src/book_ros2/br2_tracking_msgs -DAMENT_CMAKE_SYMLINK_INSTALL=1 -DCMAKE_INSTALL_PREFIX=/home/khaledob/bookros2_ws/src/install/br2_tracking_msgs
[15.115s] DEBUG:colcon.colcon_core.event_handler.log_command:Invoking command in '/home/khaledob/bookros2_ws/src/build/br2_tracking_msgs': CMAKE_PREFIX_PATH=/opt/ros/foxy /usr/bin/cmake --build /home/khaledob/bookros2_ws/src/build/br2_tracking_msgs -- -j7 -l7
[21.972s] DEBUG:colcon.colcon_core.event_handler.log_command:Invoked command in '/home/khaledob/bookros2_ws/src/build/pmb2_2dnav' returned '0': AMENT_PREFIX_PATH=/home/khaledob/bookros2_ws/src/install/pmb2_maps:${AMENT_PREFIX_PATH} CMAKE_PREFIX_PATH=/home/khaledob/bookros2_ws/src/install/pmb2_maps:/opt/ros/foxy /usr/bin/cmake /home/khaledob/bookros2_ws/src/ThirdParty/pmb2_navigation/pmb2_2dnav -DAMENT_CMAKE_SYMLINK_INSTALL=1 -DCMAKE_INSTALL_PREFIX=/home/khaledob/bookros2_ws/src/install/pmb2_2dnav
[21.975s] DEBUG:colcon.colcon_core.event_handler.log_command:Invoking command in '/home/khaledob/bookros2_ws/src/build/pmb2_2dnav': AMENT_PREFIX_PATH=/home/khaledob/bookros2_ws/src/install/pmb2_maps:${AMENT_PREFIX_PATH} CMAKE_PREFIX_PATH=/home/khaledob/bookros2_ws/src/install/pmb2_maps:/opt/ros/foxy /usr/bin/cmake --build /home/khaledob/bookros2_ws/src/build/pmb2_2dnav -- -j7 -l7
[32.708s] DEBUG:colcon.colcon_core.event_handler.log_command:Invoked command in '/home/khaledob/bookros2_ws/src/build/br2_basics' returned '0': CMAKE_PREFIX_PATH=/opt/ros/foxy /usr/bin/cmake /home/khaledob/bookros2_ws/src/book_ros2/br2_basics -DAMENT_CMAKE_SYMLINK_INSTALL=1 -DCMAKE_INSTALL_PREFIX=/home/khaledob/bookros2_ws/src/install/br2_basics
[32.712s] DEBUG:colcon.colcon_core.event_handler.log_command:Invoking command in '/home/khaledob/bookros2_ws/src/build/br2_basics': CMAKE_PREFIX_PATH=/opt/ros/foxy /usr/bin/cmake --build /home/khaledob/bookros2_ws/src/build/br2_basics -- -j7 -l7
[32.753s] DEBUG:colcon.colcon_core.event_handler.log_command:Invoked command in '/home/khaledob/bookros2_ws/src/build/pmb2_2dnav' returned '0': AMENT_PREFIX_PATH=/home/khaledob/bookros2_ws/src/install/pmb2_maps:${AMENT_PREFIX_PATH} CMAKE_PREFIX_PATH=/home/khaledob/bookros2_ws/src/install/pmb2_maps:/opt/ros/foxy /usr/bin/cmake --build /home/khaledob/bookros2_ws/src/build/pmb2_2dnav -- -j7 -l7
[32.755s] DEBUG:colcon.colcon_core.event_handler.log_command:Invoking command in '/home/khaledob/bookros2_ws/src/build/pmb2_2dnav': AMENT_PREFIX_PATH=/home/khaledob/bookros2_ws/src/install/pmb2_maps:${AMENT_PREFIX_PATH} CMAKE_PREFIX_PATH=/home/khaledob/bookros2_ws/src/install/pmb2_maps:/opt/ros/foxy /usr/bin/cmake --install /home/khaledob/bookros2_ws/src/build/pmb2_2dnav
[46.493s] DEBUG:colcon.colcon_core.event_handler.log_command:Invoked command in '/home/khaledob/bookros2_ws/src/build/br2_tracking_msgs' returned '0': CMAKE_PREFIX_PATH=/opt/ros/foxy /usr/bin/cmake --build /home/khaledob/bookros2_ws/src/build/br2_tracking_msgs -- -j7 -l7
[46.512s] DEBUG:colcon.colcon_core.event_handler.log_command:Invoking command in '/home/khaledob/bookros2_ws/src/build/br2_tracking_msgs': CMAKE_PREFIX_PATH=/opt/ros/foxy /usr/bin/cmake --install /home/khaledob/bookros2_ws/src/build/br2_tracking_msgs
[46.556s] Level 1:colcon.colcon_core.environment:create_environment_scripts_only(pmb2_2dnav)
[46.557s] Level 1:colcon.colcon_core.environment:checking '/home/khaledob/bookros2_ws/src/install/pmb2_2dnav' for CMake module files
[46.573s] DEBUG:colcon.colcon_core.event_handler.log_command:Invoked command in '/home/khaledob/bookros2_ws/src/build/pmb2_2dnav' returned '0': AMENT_PREFIX_PATH=/home/khaledob/bookros2_ws/src/install/pmb2_maps:${AMENT_PREFIX_PATH} CMAKE_PREFIX_PATH=/home/khaledob/bookros2_ws/src/install/pmb2_maps:/opt/ros/foxy /usr/bin/cmake --install /home/khaledob/bookros2_ws/src/build/pmb2_2dnav
[46.586s] Level 1:colcon.colcon_core.environment:checking '/home/khaledob/bookros2_ws/src/install/pmb2_2dnav' for CMake config files
[46.588s] Level 1:colcon.colcon_core.shell:create_environment_hook('pmb2_2dnav', 'cmake_prefix_path')
[46.589s] INFO:colcon.colcon_core.shell:Creating environment hook '/home/khaledob/bookros2_ws/src/install/pmb2_2dnav/share/pmb2_2dnav/hook/cmake_prefix_path.ps1'
[46.592s] INFO:colcon.colcon_core.shell:Creating environment descriptor '/home/khaledob/bookros2_ws/src/install/pmb2_2dnav/share/pmb2_2dnav/hook/cmake_prefix_path.dsv'
[46.593s] INFO:colcon.colcon_core.shell:Creating environment hook '/home/khaledob/bookros2_ws/src/install/pmb2_2dnav/share/pmb2_2dnav/hook/cmake_prefix_path.sh'
[46.595s] Level 1:colcon.colcon_core.environment:checking '/home/khaledob/bookros2_ws/src/install/pmb2_2dnav/lib'
[46.596s] Level 1:colcon.colcon_core.environment:checking '/home/khaledob/bookros2_ws/src/install/pmb2_2dnav/bin'
[46.596s] Level 1:colcon.colcon_core.environment:checking '/home/khaledob/bookros2_ws/src/install/pmb2_2dnav/lib/pkgconfig/pmb2_2dnav.pc'
[46.597s] Level 1:colcon.colcon_core.environment:checking '/home/khaledob/bookros2_ws/src/install/pmb2_2dnav/lib/python3.8/site-packages'
[46.597s] Level 1:colcon.colcon_core.environment:checking '/home/khaledob/bookros2_ws/src/install/pmb2_2dnav/bin'
[46.598s] INFO:colcon.colcon_core.shell:Creating package script '/home/khaledob/bookros2_ws/src/install/pmb2_2dnav/share/pmb2_2dnav/package.ps1'
[46.599s] INFO:colcon.colcon_core.shell:Creating package descriptor '/home/khaledob/bookros2_ws/src/install/pmb2_2dnav/share/pmb2_2dnav/package.dsv'
[46.601s] INFO:colcon.colcon_core.shell:Creating package script '/home/khaledob/bookros2_ws/src/install/pmb2_2dnav/share/pmb2_2dnav/package.sh'
[46.602s] INFO:colcon.colcon_core.shell:Creating package script '/home/khaledob/bookros2_ws/src/install/pmb2_2dnav/share/pmb2_2dnav/package.bash'
[46.689s] INFO:colcon.colcon_core.shell:Creating package script '/home/khaledob/bookros2_ws/src/install/pmb2_2dnav/share/pmb2_2dnav/package.zsh'
[46.690s] Level 1:colcon.colcon_core.environment:create_file_with_runtime_dependencies(/home/khaledob/bookros2_ws/src/install/pmb2_2dnav/share/colcon-core/packages/pmb2_2dnav)
[46.695s] Level 1:colcon.colcon_core.environment:create_environment_scripts_only(pmb2_2dnav)
[46.696s] Level 1:colcon.colcon_core.environment:checking '/home/khaledob/bookros2_ws/src/install/pmb2_2dnav' for CMake module files
[46.698s] Level 1:colcon.colcon_core.environment:checking '/home/khaledob/bookros2_ws/src/install/pmb2_2dnav' for CMake config files
[46.699s] Level 1:colcon.colcon_core.shell:create_environment_hook('pmb2_2dnav', 'cmake_prefix_path')
[46.699s] INFO:colcon.colcon_core.shell:Creating environment hook '/home/khaledob/bookros2_ws/src/install/pmb2_2dnav/share/pmb2_2dnav/hook/cmake_prefix_path.ps1'
[46.701s] INFO:colcon.colcon_core.shell:Creating environment descriptor '/home/khaledob/bookros2_ws/src/install/pmb2_2dnav/share/pmb2_2dnav/hook/cmake_prefix_path.dsv'
[46.703s] INFO:colcon.colcon_core.shell:Creating environment hook '/home/khaledob/bookros2_ws/src/install/pmb2_2dnav/share/pmb2_2dnav/hook/cmake_prefix_path.sh'
[46.718s] Level 1:colcon.colcon_core.environment:checking '/home/khaledob/bookros2_ws/src/install/pmb2_2dnav/lib'
[46.719s] Level 1:colcon.colcon_core.environment:checking '/home/khaledob/bookros2_ws/src/install/pmb2_2dnav/bin'
[46.719s] Level 1:colcon.colcon_core.environment:checking '/home/khaledob/bookros2_ws/src/install/pmb2_2dnav/lib/pkgconfig/pmb2_2dnav.pc'
[46.719s] Level 1:colcon.colcon_core.environment:checking '/home/khaledob/bookros2_ws/src/install/pmb2_2dnav/lib/python3.8/site-packages'
[46.720s] Level 1:colcon.colcon_core.environment:checking '/home/khaledob/bookros2_ws/src/install/pmb2_2dnav/bin'
[46.722s] INFO:colcon.colcon_core.shell:Creating package script '/home/khaledob/bookros2_ws/src/install/pmb2_2dnav/share/pmb2_2dnav/package.ps1'
[46.727s] INFO:colcon.colcon_core.shell:Creating package descriptor '/home/khaledob/bookros2_ws/src/install/pmb2_2dnav/share/pmb2_2dnav/package.dsv'
[46.730s] INFO:colcon.colcon_core.shell:Creating package script '/home/khaledob/bookros2_ws/src/install/pmb2_2dnav/share/pmb2_2dnav/package.sh'
[46.749s] INFO:colcon.colcon_core.shell:Creating package script '/home/khaledob/bookros2_ws/src/install/pmb2_2dnav/share/pmb2_2dnav/package.bash'
[46.754s] INFO:colcon.colcon_core.shell:Creating package script '/home/khaledob/bookros2_ws/src/install/pmb2_2dnav/share/pmb2_2dnav/package.zsh'
[46.756s] Level 1:colcon.colcon_core.environment:create_file_with_runtime_dependencies(/home/khaledob/bookros2_ws/src/install/pmb2_2dnav/share/colcon-core/packages/pmb2_2dnav)
[46.779s] INFO:colcon.colcon_ros.task.ament_cmake.build:Building ROS package in '/home/khaledob/bookros2_ws/src/book_ros2/br2_bt_bumpgo' with build type 'ament_cmake'
[46.780s] INFO:colcon.colcon_cmake.task.cmake.build:Building CMake package in '/home/khaledob/bookros2_ws/src/book_ros2/br2_bt_bumpgo'
[46.781s] INFO:colcon.colcon_core.shell:Skip shell extension 'powershell' for command environment: Not usable outside of PowerShell
[46.786s] DEBUG:colcon.colcon_core.shell:Skip shell extension 'dsv' for command environment
[46.876s] DEBUG:colcon.colcon_core.event_handler.log_command:Invoking command in '/home/khaledob/bookros2_ws/src/build/br2_bt_bumpgo': CMAKE_PREFIX_PATH=/opt/ros/foxy /usr/bin/cmake /home/khaledob/bookros2_ws/src/book_ros2/br2_bt_bumpgo -DAMENT_CMAKE_SYMLINK_INSTALL=1 -DCMAKE_INSTALL_PREFIX=/home/khaledob/bookros2_ws/src/install/br2_bt_bumpgo
[50.341s] Level 1:colcon.colcon_core.environment:create_environment_scripts_only(pal_gazebo_worlds)
[50.342s] Level 1:colcon.colcon_core.environment:checking '/home/khaledob/bookros2_ws/src/install/pal_gazebo_worlds' for CMake module files
[50.348s] DEBUG:colcon.colcon_core.event_handler.log_command:Invoked command in '/home/khaledob/bookros2_ws/src/build/pal_gazebo_worlds' returned '0': CMAKE_PREFIX_PATH=/opt/ros/foxy /usr/bin/cmake --install /home/khaledob/bookros2_ws/src/build/pal_gazebo_worlds
[50.356s] Level 1:colcon.colcon_core.environment:checking '/home/khaledob/bookros2_ws/src/install/pal_gazebo_worlds' for CMake config files
[50.403s] Level 1:colcon.colcon_core.shell:create_environment_hook('pal_gazebo_worlds', 'cmake_prefix_path')
[50.403s] INFO:colcon.colcon_core.shell:Creating environment hook '/home/khaledob/bookros2_ws/src/install/pal_gazebo_worlds/share/pal_gazebo_worlds/hook/cmake_prefix_path.ps1'
[50.405s] INFO:colcon.colcon_core.shell:Creating environment descriptor '/home/khaledob/bookros2_ws/src/install/pal_gazebo_worlds/share/pal_gazebo_worlds/hook/cmake_prefix_path.dsv'
[50.406s] INFO:colcon.colcon_core.shell:Creating environment hook '/home/khaledob/bookros2_ws/src/install/pal_gazebo_worlds/share/pal_gazebo_worlds/hook/cmake_prefix_path.sh'
[50.408s] Level 1:colcon.colcon_core.environment:checking '/home/khaledob/bookros2_ws/src/install/pal_gazebo_worlds/bin'
[50.408s] Level 1:colcon.colcon_core.environment:checking '/home/khaledob/bookros2_ws/src/install/pal_gazebo_worlds/lib/pkgconfig/pal_gazebo_worlds.pc'
[50.409s] Level 1:colcon.colcon_core.environment:checking '/home/khaledob/bookros2_ws/src/install/pal_gazebo_worlds/lib/python3.8/site-packages'
[50.409s] Level 1:colcon.colcon_core.environment:checking '/home/khaledob/bookros2_ws/src/install/pal_gazebo_worlds/bin'
[50.410s] INFO:colcon.colcon_core.shell:Creating package script '/home/khaledob/bookros2_ws/src/install/pal_gazebo_worlds/share/pal_gazebo_worlds/package.ps1'
[50.456s] INFO:colcon.colcon_core.shell:Creating package descriptor '/home/khaledob/bookros2_ws/src/install/pal_gazebo_worlds/share/pal_gazebo_worlds/package.dsv'
[50.459s] INFO:colcon.colcon_core.shell:Creating package script '/home/khaledob/bookros2_ws/src/install/pal_gazebo_worlds/share/pal_gazebo_worlds/package.sh'
[50.477s] INFO:colcon.colcon_core.shell:Creating package script '/home/khaledob/bookros2_ws/src/install/pal_gazebo_worlds/share/pal_gazebo_worlds/package.bash'
[50.478s] INFO:colcon.colcon_core.shell:Creating package script '/home/khaledob/bookros2_ws/src/install/pal_gazebo_worlds/share/pal_gazebo_worlds/package.zsh'
[50.479s] Level 1:colcon.colcon_core.environment:create_file_with_runtime_dependencies(/home/khaledob/bookros2_ws/src/install/pal_gazebo_worlds/share/colcon-core/packages/pal_gazebo_worlds)
[50.481s] Level 1:colcon.colcon_core.environment:create_environment_scripts_only(pal_gazebo_worlds)
[50.482s] Level 1:colcon.colcon_core.environment:checking '/home/khaledob/bookros2_ws/src/install/pal_gazebo_worlds' for CMake module files
[50.483s] Level 1:colcon.colcon_core.environment:checking '/home/khaledob/bookros2_ws/src/install/pal_gazebo_worlds' for CMake config files
[50.499s] Level 1:colcon.colcon_core.shell:create_environment_hook('pal_gazebo_worlds', 'cmake_prefix_path')
[50.499s] INFO:colcon.colcon_core.shell:Creating environment hook '/home/khaledob/bookros2_ws/src/install/pal_gazebo_worlds/share/pal_gazebo_worlds/hook/cmake_prefix_path.ps1'
[50.502s] INFO:colcon.colcon_core.shell:Creating environment descriptor '/home/khaledob/bookros2_ws/src/install/pal_gazebo_worlds/share/pal_gazebo_worlds/hook/cmake_prefix_path.dsv'
[50.504s] INFO:colcon.colcon_core.shell:Creating environment hook '/home/khaledob/bookros2_ws/src/install/pal_gazebo_worlds/share/pal_gazebo_worlds/hook/cmake_prefix_path.sh'
[50.507s] Level 1:colcon.colcon_core.environment:checking '/home/khaledob/bookros2_ws/src/install/pal_gazebo_worlds/bin'
[50.507s] Level 1:colcon.colcon_core.environment:checking '/home/khaledob/bookros2_ws/src/install/pal_gazebo_worlds/lib/pkgconfig/pal_gazebo_worlds.pc'
[50.508s] Level 1:colcon.colcon_core.environment:checking '/home/khaledob/bookros2_ws/src/install/pal_gazebo_worlds/lib/python3.8/site-packages'
[50.508s] Level 1:colcon.colcon_core.environment:checking '/home/khaledob/bookros2_ws/src/install/pal_gazebo_worlds/bin'
[50.509s] INFO:colcon.colcon_core.shell:Creating package script '/home/khaledob/bookros2_ws/src/install/pal_gazebo_worlds/share/pal_gazebo_worlds/package.ps1'
[50.511s] INFO:colcon.colcon_core.shell:Creating package descriptor '/home/khaledob/bookros2_ws/src/install/pal_gazebo_worlds/share/pal_gazebo_worlds/package.dsv'
[50.513s] INFO:colcon.colcon_core.shell:Creating package script '/home/khaledob/bookros2_ws/src/install/pal_gazebo_worlds/share/pal_gazebo_worlds/package.sh'
[50.517s] INFO:colcon.colcon_core.shell:Creating package script '/home/khaledob/bookros2_ws/src/install/pal_gazebo_worlds/share/pal_gazebo_worlds/package.bash'
[50.519s] INFO:colcon.colcon_core.shell:Creating package script '/home/khaledob/bookros2_ws/src/install/pal_gazebo_worlds/share/pal_gazebo_worlds/package.zsh'
[50.521s] Level 1:colcon.colcon_core.environment:create_file_with_runtime_dependencies(/home/khaledob/bookros2_ws/src/install/pal_gazebo_worlds/share/colcon-core/packages/pal_gazebo_worlds)
[50.524s] INFO:colcon.colcon_ros.task.ament_cmake.build:Building ROS package in '/home/khaledob/bookros2_ws/src/book_ros2/br2_bt_patrolling' with build type 'ament_cmake'
[50.525s] INFO:colcon.colcon_cmake.task.cmake.build:Building CMake package in '/home/khaledob/bookros2_ws/src/book_ros2/br2_bt_patrolling'
[50.526s] INFO:colcon.colcon_core.shell:Skip shell extension 'powershell' for command environment: Not usable outside of PowerShell
[50.526s] DEBUG:colcon.colcon_core.shell:Skip shell extension 'dsv' for command environment
[50.602s] DEBUG:colcon.colcon_core.event_handler.log_command:Invoking command in '/home/khaledob/bookros2_ws/src/build/br2_bt_patrolling': CMAKE_PREFIX_PATH=/opt/ros/foxy /usr/bin/cmake /home/khaledob/bookros2_ws/src/book_ros2/br2_bt_patrolling -DAMENT_CMAKE_SYMLINK_INSTALL=1 -DCMAKE_INSTALL_PREFIX=/home/khaledob/bookros2_ws/src/install/br2_bt_patrolling
[51.961s] Level 1:colcon.colcon_core.environment:create_environment_scripts_only(br2_tracking_msgs)
[51.962s] Level 1:colcon.colcon_core.environment:checking '/home/khaledob/bookros2_ws/src/install/br2_tracking_msgs' for CMake module files
[51.966s] DEBUG:colcon.colcon_core.event_handler.log_command:Invoked command in '/home/khaledob/bookros2_ws/src/build/br2_tracking_msgs' returned '0': CMAKE_PREFIX_PATH=/opt/ros/foxy /usr/bin/cmake --install /home/khaledob/bookros2_ws/src/build/br2_tracking_msgs
[51.967s] Level 1:colcon.colcon_core.environment:checking '/home/khaledob/bookros2_ws/src/install/br2_tracking_msgs' for CMake config files
[51.969s] Level 1:colcon.colcon_core.shell:create_environment_hook('br2_tracking_msgs', 'cmake_prefix_path')
[51.969s] INFO:colcon.colcon_core.shell:Creating environment hook '/home/khaledob/bookros2_ws/src/install/br2_tracking_msgs/share/br2_tracking_msgs/hook/cmake_prefix_path.ps1'
[51.971s] INFO:colcon.colcon_core.shell:Creating environment descriptor '/home/khaledob/bookros2_ws/src/install/br2_tracking_msgs/share/br2_tracking_msgs/hook/cmake_prefix_path.dsv'
[51.972s] INFO:colcon.colcon_core.shell:Creating environment hook '/home/khaledob/bookros2_ws/src/install/br2_tracking_msgs/share/br2_tracking_msgs/hook/cmake_prefix_path.sh'
[51.974s] Level 1:colcon.colcon_core.environment:checking '/home/khaledob/bookros2_ws/src/install/br2_tracking_msgs/lib'
[51.974s] Level 1:colcon.colcon_core.shell:create_environment_hook('br2_tracking_msgs', 'ld_library_path_lib')
[51.975s] INFO:colcon.colcon_core.shell:Creating environment hook '/home/khaledob/bookros2_ws/src/install/br2_tracking_msgs/share/br2_tracking_msgs/hook/ld_library_path_lib.ps1'
[51.976s] INFO:colcon.colcon_core.shell:Creating environment descriptor '/home/khaledob/bookros2_ws/src/install/br2_tracking_msgs/share/br2_tracking_msgs/hook/ld_library_path_lib.dsv'
[51.977s] INFO:colcon.colcon_core.shell:Creating environment hook '/home/khaledob/bookros2_ws/src/install/br2_tracking_msgs/share/br2_tracking_msgs/hook/ld_library_path_lib.sh'
[51.979s] Level 1:colcon.colcon_core.environment:checking '/home/khaledob/bookros2_ws/src/install/br2_tracking_msgs/bin'
[51.979s] Level 1:colcon.colcon_core.environment:checking '/home/khaledob/bookros2_ws/src/install/br2_tracking_msgs/lib/pkgconfig/br2_tracking_msgs.pc'
[51.979s] Level 1:colcon.colcon_core.environment:checking '/home/khaledob/bookros2_ws/src/install/br2_tracking_msgs/lib/python3.8/site-packages'
[51.980s] Level 1:colcon.colcon_core.shell:create_environment_hook('br2_tracking_msgs', 'pythonpath')
[51.980s] INFO:colcon.colcon_core.shell:Creating environment hook '/home/khaledob/bookros2_ws/src/install/br2_tracking_msgs/share/br2_tracking_msgs/hook/pythonpath.ps1'
[51.982s] INFO:colcon.colcon_core.shell:Creating environment descriptor '/home/khaledob/bookros2_ws/src/install/br2_tracking_msgs/share/br2_tracking_msgs/hook/pythonpath.dsv'
[51.983s] INFO:colcon.colcon_core.shell:Creating environment hook '/home/khaledob/bookros2_ws/src/install/br2_tracking_msgs/share/br2_tracking_msgs/hook/pythonpath.sh'
[51.985s] Level 1:colcon.colcon_core.environment:checking '/home/khaledob/bookros2_ws/src/install/br2_tracking_msgs/bin'
[51.986s] INFO:colcon.colcon_core.shell:Creating package script '/home/khaledob/bookros2_ws/src/install/br2_tracking_msgs/share/br2_tracking_msgs/package.ps1'
[51.988s] INFO:colcon.colcon_core.shell:Creating package descriptor '/home/khaledob/bookros2_ws/src/install/br2_tracking_msgs/share/br2_tracking_msgs/package.dsv'
[51.989s] INFO:colcon.colcon_core.shell:Creating package script '/home/khaledob/bookros2_ws/src/install/br2_tracking_msgs/share/br2_tracking_msgs/package.sh'
[51.991s] INFO:colcon.colcon_core.shell:Creating package script '/home/khaledob/bookros2_ws/src/install/br2_tracking_msgs/share/br2_tracking_msgs/package.bash'
[51.992s] INFO:colcon.colcon_core.shell:Creating package script '/home/khaledob/bookros2_ws/src/install/br2_tracking_msgs/share/br2_tracking_msgs/package.zsh'
[51.993s] Level 1:colcon.colcon_core.environment:create_file_with_runtime_dependencies(/home/khaledob/bookros2_ws/src/install/br2_tracking_msgs/share/colcon-core/packages/br2_tracking_msgs)
[51.995s] Level 1:colcon.colcon_core.environment:create_environment_scripts_only(br2_tracking_msgs)
[51.995s] Level 1:colcon.colcon_core.environment:checking '/home/khaledob/bookros2_ws/src/install/br2_tracking_msgs' for CMake module files
[51.997s] Level 1:colcon.colcon_core.environment:checking '/home/khaledob/bookros2_ws/src/install/br2_tracking_msgs' for CMake config files
[51.998s] Level 1:colcon.colcon_core.shell:create_environment_hook('br2_tracking_msgs', 'cmake_prefix_path')
[51.999s] INFO:colcon.colcon_core.shell:Creating environment hook '/home/khaledob/bookros2_ws/src/install/br2_tracking_msgs/share/br2_tracking_msgs/hook/cmake_prefix_path.ps1'
[52.000s] INFO:colcon.colcon_core.shell:Creating environment descriptor '/home/khaledob/bookros2_ws/src/install/br2_tracking_msgs/share/br2_tracking_msgs/hook/cmake_prefix_path.dsv'
[52.002s] INFO:colcon.colcon_core.shell:Creating environment hook '/home/khaledob/bookros2_ws/src/install/br2_tracking_msgs/share/br2_tracking_msgs/hook/cmake_prefix_path.sh'
[52.005s] Level 1:colcon.colcon_core.environment:checking '/home/khaledob/bookros2_ws/src/install/br2_tracking_msgs/lib'
[52.005s] Level 1:colcon.colcon_core.shell:create_environment_hook('br2_tracking_msgs', 'ld_library_path_lib')
[52.006s] INFO:colcon.colcon_core.shell:Creating environment hook '/home/khaledob/bookros2_ws/src/install/br2_tracking_msgs/share/br2_tracking_msgs/hook/ld_library_path_lib.ps1'
[52.008s] INFO:colcon.colcon_core.shell:Creating environment descriptor '/home/khaledob/bookros2_ws/src/install/br2_tracking_msgs/share/br2_tracking_msgs/hook/ld_library_path_lib.dsv'
[52.114s] INFO:colcon.colcon_core.shell:Creating environment hook '/home/khaledob/bookros2_ws/src/install/br2_tracking_msgs/share/br2_tracking_msgs/hook/ld_library_path_lib.sh'
[52.127s] Level 1:colcon.colcon_core.environment:checking '/home/khaledob/bookros2_ws/src/install/br2_tracking_msgs/bin'
[52.127s] Level 1:colcon.colcon_core.environment:checking '/home/khaledob/bookros2_ws/src/install/br2_tracking_msgs/lib/pkgconfig/br2_tracking_msgs.pc'
[52.128s] Level 1:colcon.colcon_core.environment:checking '/home/khaledob/bookros2_ws/src/install/br2_tracking_msgs/lib/python3.8/site-packages'
[52.128s] Level 1:colcon.colcon_core.shell:create_environment_hook('br2_tracking_msgs', 'pythonpath')
[52.128s] INFO:colcon.colcon_core.shell:Creating environment hook '/home/khaledob/bookros2_ws/src/install/br2_tracking_msgs/share/br2_tracking_msgs/hook/pythonpath.ps1'
[52.156s] INFO:colcon.colcon_core.shell:Creating environment descriptor '/home/khaledob/bookros2_ws/src/install/br2_tracking_msgs/share/br2_tracking_msgs/hook/pythonpath.dsv'
[52.211s] INFO:colcon.colcon_core.shell:Creating environment hook '/home/khaledob/bookros2_ws/src/install/br2_tracking_msgs/share/br2_tracking_msgs/hook/pythonpath.sh'
[52.215s] Level 1:colcon.colcon_core.environment:checking '/home/khaledob/bookros2_ws/src/install/br2_tracking_msgs/bin'
[52.217s] INFO:colcon.colcon_core.shell:Creating package script '/home/khaledob/bookros2_ws/src/install/br2_tracking_msgs/share/br2_tracking_msgs/package.ps1'
[52.226s] INFO:colcon.colcon_core.shell:Creating package descriptor '/home/khaledob/bookros2_ws/src/install/br2_tracking_msgs/share/br2_tracking_msgs/package.dsv'
[52.229s] INFO:colcon.colcon_core.shell:Creating package script '/home/khaledob/bookros2_ws/src/install/br2_tracking_msgs/share/br2_tracking_msgs/package.sh'
[52.265s] INFO:colcon.colcon_core.shell:Creating package script '/home/khaledob/bookros2_ws/src/install/br2_tracking_msgs/share/br2_tracking_msgs/package.bash'
[52.274s] INFO:colcon.colcon_core.shell:Creating package script '/home/khaledob/bookros2_ws/src/install/br2_tracking_msgs/share/br2_tracking_msgs/package.zsh'
[52.279s] Level 1:colcon.colcon_core.environment:create_file_with_runtime_dependencies(/home/khaledob/bookros2_ws/src/install/br2_tracking_msgs/share/colcon-core/packages/br2_tracking_msgs)
[52.283s] INFO:colcon.colcon_ros.task.ament_cmake.build:Building ROS package in '/home/khaledob/bookros2_ws/src/book_ros2/br2_fsm_bumpgo_cpp' with build type 'ament_cmake'
[52.290s] INFO:colcon.colcon_cmake.task.cmake.build:Building CMake package in '/home/khaledob/bookros2_ws/src/book_ros2/br2_fsm_bumpgo_cpp'
[52.292s] INFO:colcon.colcon_core.shell:Skip shell extension 'powershell' for command environment: Not usable outside of PowerShell
[52.292s] DEBUG:colcon.colcon_core.shell:Skip shell extension 'dsv' for command environment
[52.429s] DEBUG:colcon.colcon_core.event_handler.log_command:Invoking command in '/home/khaledob/bookros2_ws/src/build/br2_fsm_bumpgo_cpp': CMAKE_PREFIX_PATH=/opt/ros/foxy /usr/bin/cmake /home/khaledob/bookros2_ws/src/book_ros2/br2_fsm_bumpgo_cpp -DAMENT_CMAKE_SYMLINK_INSTALL=1 -DCMAKE_INSTALL_PREFIX=/home/khaledob/bookros2_ws/src/install/br2_fsm_bumpgo_cpp
[59.862s] DEBUG:colcon.colcon_core.event_handler.log_command:Invoked command in '/home/khaledob/bookros2_ws/src/build/twist_mux' returned '0': CMAKE_PREFIX_PATH=/opt/ros/foxy /usr/bin/cmake --build /home/khaledob/bookros2_ws/src/build/twist_mux -- -j7 -l7
[59.864s] DEBUG:colcon.colcon_core.event_handler.log_command:Invoking command in '/home/khaledob/bookros2_ws/src/build/twist_mux': CMAKE_PREFIX_PATH=/opt/ros/foxy /usr/bin/cmake --install /home/khaledob/bookros2_ws/src/build/twist_mux
[60.201s] DEBUG:colcon.colcon_core.event_handler.log_command:Invoked command in '/home/khaledob/bookros2_ws/src/build/br2_bt_bumpgo' returned '0': CMAKE_PREFIX_PATH=/opt/ros/foxy /usr/bin/cmake /home/khaledob/bookros2_ws/src/book_ros2/br2_bt_bumpgo -DAMENT_CMAKE_SYMLINK_INSTALL=1 -DCMAKE_INSTALL_PREFIX=/home/khaledob/bookros2_ws/src/install/br2_bt_bumpgo
[60.203s] DEBUG:colcon.colcon_core.event_handler.log_command:Invoking command in '/home/khaledob/bookros2_ws/src/build/br2_bt_bumpgo': CMAKE_PREFIX_PATH=/opt/ros/foxy /usr/bin/cmake --build /home/khaledob/bookros2_ws/src/build/br2_bt_bumpgo -- -j7 -l7
[61.569s] Level 1:colcon.colcon_core.environment:create_environment_scripts_only(twist_mux)
[61.570s] Level 1:colcon.colcon_core.environment:checking '/home/khaledob/bookros2_ws/src/install/twist_mux' for CMake module files
[61.571s] Level 1:colcon.colcon_core.environment:checking '/home/khaledob/bookros2_ws/src/install/twist_mux' for CMake config files
[61.572s] Level 1:colcon.colcon_core.shell:create_environment_hook('twist_mux', 'cmake_prefix_path')
[61.572s] INFO:colcon.colcon_core.shell:Creating environment hook '/home/khaledob/bookros2_ws/src/install/twist_mux/share/twist_mux/hook/cmake_prefix_path.ps1'
[61.574s] INFO:colcon.colcon_core.shell:Creating environment descriptor '/home/khaledob/bookros2_ws/src/install/twist_mux/share/twist_mux/hook/cmake_prefix_path.dsv'
[61.576s] INFO:colcon.colcon_core.shell:Creating environment hook '/home/khaledob/bookros2_ws/src/install/twist_mux/share/twist_mux/hook/cmake_prefix_path.sh'
[61.578s] Level 1:colcon.colcon_core.environment:checking '/home/khaledob/bookros2_ws/src/install/twist_mux/lib'
[61.578s] Level 1:colcon.colcon_core.environment:checking '/home/khaledob/bookros2_ws/src/install/twist_mux/bin'
[61.578s] Level 1:colcon.colcon_core.environment:checking '/home/khaledob/bookros2_ws/src/install/twist_mux/lib/pkgconfig/twist_mux.pc'
[61.579s] Level 1:colcon.colcon_core.environment:checking '/home/khaledob/bookros2_ws/src/install/twist_mux/lib/python3.8/site-packages'
[61.579s] Level 1:colcon.colcon_core.environment:checking '/home/khaledob/bookros2_ws/src/install/twist_mux/bin'
[61.607s] INFO:colcon.colcon_core.shell:Creating package script '/home/khaledob/bookros2_ws/src/install/twist_mux/share/twist_mux/package.ps1'
[61.612s] INFO:colcon.colcon_core.shell:Creating package descriptor '/home/khaledob/bookros2_ws/src/install/twist_mux/share/twist_mux/package.dsv'
[61.614s] INFO:colcon.colcon_core.shell:Creating package script '/home/khaledob/bookros2_ws/src/install/twist_mux/share/twist_mux/package.sh'
[61.615s] INFO:colcon.colcon_core.shell:Creating package script '/home/khaledob/bookros2_ws/src/install/twist_mux/share/twist_mux/package.bash'
[61.617s] INFO:colcon.colcon_core.shell:Creating package script '/home/khaledob/bookros2_ws/src/install/twist_mux/share/twist_mux/package.zsh'
[61.619s] Level 1:colcon.colcon_core.environment:create_file_with_runtime_dependencies(/home/khaledob/bookros2_ws/src/install/twist_mux/share/colcon-core/packages/twist_mux)
[61.632s] Level 1:colcon.colcon_core.environment:create_environment_scripts_only(twist_mux)
[61.633s] Level 1:colcon.colcon_core.environment:checking '/home/khaledob/bookros2_ws/src/install/twist_mux' for CMake module files
[61.634s] Level 1:colcon.colcon_core.environment:checking '/home/khaledob/bookros2_ws/src/install/twist_mux' for CMake config files
[61.635s] Level 1:colcon.colcon_core.shell:create_environment_hook('twist_mux', 'cmake_prefix_path')
[61.636s] INFO:colcon.colcon_core.shell:Creating environment hook '/home/khaledob/bookros2_ws/src/install/twist_mux/share/twist_mux/hook/cmake_prefix_path.ps1'
[61.641s] DEBUG:colcon.colcon_core.event_handler.log_command:Invoked command in '/home/khaledob/bookros2_ws/src/build/twist_mux' returned '0': CMAKE_PREFIX_PATH=/opt/ros/foxy /usr/bin/cmake --install /home/khaledob/bookros2_ws/src/build/twist_mux
[61.647s] INFO:colcon.colcon_core.shell:Creating environment descriptor '/home/khaledob/bookros2_ws/src/install/twist_mux/share/twist_mux/hook/cmake_prefix_path.dsv'
[61.649s] INFO:colcon.colcon_core.shell:Creating environment hook '/home/khaledob/bookros2_ws/src/install/twist_mux/share/twist_mux/hook/cmake_prefix_path.sh'
[61.659s] Level 1:colcon.colcon_core.environment:checking '/home/khaledob/bookros2_ws/src/install/twist_mux/lib'
[61.659s] Level 1:colcon.colcon_core.environment:checking '/home/khaledob/bookros2_ws/src/install/twist_mux/bin'
[61.659s] Level 1:colcon.colcon_core.environment:checking '/home/khaledob/bookros2_ws/src/install/twist_mux/lib/pkgconfig/twist_mux.pc'
[61.660s] Level 1:colcon.colcon_core.environment:checking '/home/khaledob/bookros2_ws/src/install/twist_mux/lib/python3.8/site-packages'
[61.661s] Level 1:colcon.colcon_core.environment:checking '/home/khaledob/bookros2_ws/src/install/twist_mux/bin'
[61.662s] INFO:colcon.colcon_core.shell:Creating package script '/home/khaledob/bookros2_ws/src/install/twist_mux/share/twist_mux/package.ps1'
[61.670s] INFO:colcon.colcon_core.shell:Creating package descriptor '/home/khaledob/bookros2_ws/src/install/twist_mux/share/twist_mux/package.dsv'
[61.673s] INFO:colcon.colcon_core.shell:Creating package script '/home/khaledob/bookros2_ws/src/install/twist_mux/share/twist_mux/package.sh'
[61.691s] INFO:colcon.colcon_core.shell:Creating package script '/home/khaledob/bookros2_ws/src/install/twist_mux/share/twist_mux/package.bash'
[61.693s] INFO:colcon.colcon_core.shell:Creating package script '/home/khaledob/bookros2_ws/src/install/twist_mux/share/twist_mux/package.zsh'
[61.702s] Level 1:colcon.colcon_core.environment:create_file_with_runtime_dependencies(/home/khaledob/bookros2_ws/src/install/twist_mux/share/colcon-core/packages/twist_mux)
[61.704s] INFO:colcon.colcon_ros.task.ament_python.build:Building ROS package in '/home/khaledob/bookros2_ws/src/book_ros2/br2_fsm_bumpgo_py' with build type 'ament_python'
[61.705s] Level 1:colcon.colcon_core.shell:create_environment_hook('br2_fsm_bumpgo_py', 'ament_prefix_path')
[61.705s] INFO:colcon.colcon_core.shell:Creating environment hook '/home/khaledob/bookros2_ws/src/install/br2_fsm_bumpgo_py/share/br2_fsm_bumpgo_py/hook/ament_prefix_path.ps1'
[61.711s] INFO:colcon.colcon_core.shell:Creating environment descriptor '/home/khaledob/bookros2_ws/src/install/br2_fsm_bumpgo_py/share/br2_fsm_bumpgo_py/hook/ament_prefix_path.dsv'
[61.713s] INFO:colcon.colcon_core.shell:Creating environment hook '/home/khaledob/bookros2_ws/src/install/br2_fsm_bumpgo_py/share/br2_fsm_bumpgo_py/hook/ament_prefix_path.sh'
[61.715s] INFO:colcon.colcon_core.shell:Skip shell extension 'powershell' for command environment: Not usable outside of PowerShell
[61.715s] DEBUG:colcon.colcon_core.shell:Skip shell extension 'dsv' for command environment
[62.813s] INFO:colcon.colcon_core.task.python.build:Building Python package in '/home/khaledob/bookros2_ws/src/book_ros2/br2_fsm_bumpgo_py'
[62.814s] INFO:colcon.colcon_core.shell:Skip shell extension 'powershell' for command environment: Not usable outside of PowerShell
[62.814s] DEBUG:colcon.colcon_core.shell:Skip shell extension 'dsv' for command environment
[62.871s] DEBUG:colcon.colcon_core.event_handler.log_command:Invoked command in '/home/khaledob/bookros2_ws/src/build/br2_fsm_bumpgo_cpp' returned '0': CMAKE_PREFIX_PATH=/opt/ros/foxy /usr/bin/cmake /home/khaledob/bookros2_ws/src/book_ros2/br2_fsm_bumpgo_cpp -DAMENT_CMAKE_SYMLINK_INSTALL=1 -DCMAKE_INSTALL_PREFIX=/home/khaledob/bookros2_ws/src/install/br2_fsm_bumpgo_cpp
[62.896s] DEBUG:colcon.colcon_core.event_handler.log_command:Invoking command in '/home/khaledob/bookros2_ws/src/build/br2_fsm_bumpgo_cpp': CMAKE_PREFIX_PATH=/opt/ros/foxy /usr/bin/cmake --build /home/khaledob/bookros2_ws/src/build/br2_fsm_bumpgo_cpp -- -j7 -l7
[64.677s] DEBUG:colcon.colcon_core.event_handler.log_command:Invoked command in '/home/khaledob/bookros2_ws/src/build/br2_bt_patrolling' returned '0': CMAKE_PREFIX_PATH=/opt/ros/foxy /usr/bin/cmake /home/khaledob/bookros2_ws/src/book_ros2/br2_bt_patrolling -DAMENT_CMAKE_SYMLINK_INSTALL=1 -DCMAKE_INSTALL_PREFIX=/home/khaledob/bookros2_ws/src/install/br2_bt_patrolling
[64.688s] DEBUG:colcon.colcon_core.event_handler.log_command:Invoking command in '/home/khaledob/bookros2_ws/src/build/br2_bt_patrolling': CMAKE_PREFIX_PATH=/opt/ros/foxy /usr/bin/cmake --build /home/khaledob/bookros2_ws/src/build/br2_bt_patrolling -- -j7 -l7
[64.855s] DEBUG:colcon.colcon_core.event_handler.log_command:Invoking command in '/home/khaledob/bookros2_ws/src/build/br2_fsm_bumpgo_py': PYTHONPATH=/home/khaledob/bookros2_ws/src/build/br2_fsm_bumpgo_py/prefix_override:/usr/lib/python3/dist-packages/colcon_core/task/python/colcon_distutils_commands:/home/khaledob/bookros2_ws/src/install/br2_fsm_bumpgo_py/lib/python3.8/site-packages:${PYTHONPATH} /usr/bin/python3 -W ignore:setup.py install is deprecated -W ignore:easy_install command is deprecated setup.py develop --editable --build-directory /home/khaledob/bookros2_ws/src/build/br2_fsm_bumpgo_py/build --no-deps symlink_data
[85.308s] DEBUG:colcon.colcon_core.event_handler.log_command:Invoked command in '/home/khaledob/bookros2_ws/src/build/br2_fsm_bumpgo_cpp' returned '0': CMAKE_PREFIX_PATH=/opt/ros/foxy /usr/bin/cmake --build /home/khaledob/bookros2_ws/src/build/br2_fsm_bumpgo_cpp -- -j7 -l7
[85.309s] DEBUG:colcon.colcon_core.event_handler.log_command:Invoking command in '/home/khaledob/bookros2_ws/src/build/br2_fsm_bumpgo_cpp': CMAKE_PREFIX_PATH=/opt/ros/foxy /usr/bin/cmake --install /home/khaledob/bookros2_ws/src/build/br2_fsm_bumpgo_cpp
[85.422s] Level 1:colcon.colcon_core.shell:create_environment_hook('br2_fsm_bumpgo_py', 'pythonpath_develop')
[85.486s] DEBUG:colcon.colcon_core.event_handler.log_command:Invoked command in '/home/khaledob/bookros2_ws/src/build/br2_fsm_bumpgo_py' returned '0': PYTHONPATH=/home/khaledob/bookros2_ws/src/build/br2_fsm_bumpgo_py/prefix_override:/usr/lib/python3/dist-packages/colcon_core/task/python/colcon_distutils_commands:/home/khaledob/bookros2_ws/src/install/br2_fsm_bumpgo_py/lib/python3.8/site-packages:${PYTHONPATH} /usr/bin/python3 -W ignore:setup.py install is deprecated -W ignore:easy_install command is deprecated setup.py develop --editable --build-directory /home/khaledob/bookros2_ws/src/build/br2_fsm_bumpgo_py/build --no-deps symlink_data
[85.489s] INFO:colcon.colcon_core.shell:Creating environment hook '/home/khaledob/bookros2_ws/src/build/br2_fsm_bumpgo_py/share/br2_fsm_bumpgo_py/hook/pythonpath_develop.ps1'
[85.495s] INFO:colcon.colcon_core.shell:Creating environment descriptor '/home/khaledob/bookros2_ws/src/build/br2_fsm_bumpgo_py/share/br2_fsm_bumpgo_py/hook/pythonpath_develop.dsv'
[85.496s] INFO:colcon.colcon_core.shell:Creating environment hook '/home/khaledob/bookros2_ws/src/build/br2_fsm_bumpgo_py/share/br2_fsm_bumpgo_py/hook/pythonpath_develop.sh'
[85.498s] Level 1:colcon.colcon_core.environment:checking '/home/khaledob/bookros2_ws/src/install/br2_fsm_bumpgo_py' for CMake module files
[85.504s] Level 1:colcon.colcon_core.environment:checking '/home/khaledob/bookros2_ws/src/install/br2_fsm_bumpgo_py' for CMake config files
[85.506s] Level 1:colcon.colcon_core.environment:checking '/home/khaledob/bookros2_ws/src/install/br2_fsm_bumpgo_py/lib'
[85.506s] Level 1:colcon.colcon_core.environment:checking '/home/khaledob/bookros2_ws/src/install/br2_fsm_bumpgo_py/bin'
[85.506s] Level 1:colcon.colcon_core.environment:checking '/home/khaledob/bookros2_ws/src/install/br2_fsm_bumpgo_py/lib/pkgconfig/br2_fsm_bumpgo_py.pc'
[85.507s] Level 1:colcon.colcon_core.environment:checking '/home/khaledob/bookros2_ws/src/install/br2_fsm_bumpgo_py/lib/python3.8/site-packages'
[85.507s] Level 1:colcon.colcon_core.shell:create_environment_hook('br2_fsm_bumpgo_py', 'pythonpath')
[85.507s] INFO:colcon.colcon_core.shell:Creating environment hook '/home/khaledob/bookros2_ws/src/install/br2_fsm_bumpgo_py/share/br2_fsm_bumpgo_py/hook/pythonpath.ps1'
[85.508s] INFO:colcon.colcon_core.shell:Creating environment descriptor '/home/khaledob/bookros2_ws/src/install/br2_fsm_bumpgo_py/share/br2_fsm_bumpgo_py/hook/pythonpath.dsv'
[85.509s] INFO:colcon.colcon_core.shell:Creating environment hook '/home/khaledob/bookros2_ws/src/install/br2_fsm_bumpgo_py/share/br2_fsm_bumpgo_py/hook/pythonpath.sh'
[85.510s] Level 1:colcon.colcon_core.environment:checking '/home/khaledob/bookros2_ws/src/install/br2_fsm_bumpgo_py/bin'
[85.511s] Level 1:colcon.colcon_core.environment:create_environment_scripts_only(br2_fsm_bumpgo_py)
[85.512s] INFO:colcon.colcon_core.shell:Creating package script '/home/khaledob/bookros2_ws/src/install/br2_fsm_bumpgo_py/share/br2_fsm_bumpgo_py/package.ps1'
[85.513s] INFO:colcon.colcon_core.shell:Creating package descriptor '/home/khaledob/bookros2_ws/src/install/br2_fsm_bumpgo_py/share/br2_fsm_bumpgo_py/package.dsv'
[85.515s] INFO:colcon.colcon_core.shell:Creating package script '/home/khaledob/bookros2_ws/src/install/br2_fsm_bumpgo_py/share/br2_fsm_bumpgo_py/package.sh'
[85.516s] INFO:colcon.colcon_core.shell:Creating package script '/home/khaledob/bookros2_ws/src/install/br2_fsm_bumpgo_py/share/br2_fsm_bumpgo_py/package.bash'
[85.517s] INFO:colcon.colcon_core.shell:Creating package script '/home/khaledob/bookros2_ws/src/install/br2_fsm_bumpgo_py/share/br2_fsm_bumpgo_py/package.zsh'
[85.518s] Level 1:colcon.colcon_core.environment:create_file_with_runtime_dependencies(/home/khaledob/bookros2_ws/src/install/br2_fsm_bumpgo_py/share/colcon-core/packages/br2_fsm_bumpgo_py)
[85.537s] INFO:colcon.colcon_ros.task.ament_cmake.build:Building ROS package in '/home/khaledob/bookros2_ws/src/book_ros2/br2_navigation' with build type 'ament_cmake'
[85.538s] INFO:colcon.colcon_cmake.task.cmake.build:Building CMake package in '/home/khaledob/bookros2_ws/src/book_ros2/br2_navigation'
[85.539s] INFO:colcon.colcon_core.shell:Skip shell extension 'powershell' for command environment: Not usable outside of PowerShell
[85.539s] DEBUG:colcon.colcon_core.shell:Skip shell extension 'dsv' for command environment
[85.676s] DEBUG:colcon.colcon_core.event_handler.log_command:Invoking command in '/home/khaledob/bookros2_ws/src/build/br2_navigation': CMAKE_PREFIX_PATH=/opt/ros/foxy /usr/bin/cmake /home/khaledob/bookros2_ws/src/book_ros2/br2_navigation -DAMENT_CMAKE_SYMLINK_INSTALL=1 -DCMAKE_INSTALL_PREFIX=/home/khaledob/bookros2_ws/src/install/br2_navigation
[86.574s] Level 1:colcon.colcon_core.environment:create_environment_scripts_only(br2_fsm_bumpgo_cpp)
[86.575s] Level 1:colcon.colcon_core.environment:checking '/home/khaledob/bookros2_ws/src/install/br2_fsm_bumpgo_cpp' for CMake module files
[86.576s] Level 1:colcon.colcon_core.environment:checking '/home/khaledob/bookros2_ws/src/install/br2_fsm_bumpgo_cpp' for CMake config files
[86.577s] Level 1:colcon.colcon_core.shell:create_environment_hook('br2_fsm_bumpgo_cpp', 'cmake_prefix_path')
[86.577s] INFO:colcon.colcon_core.shell:Creating environment hook '/home/khaledob/bookros2_ws/src/install/br2_fsm_bumpgo_cpp/share/br2_fsm_bumpgo_cpp/hook/cmake_prefix_path.ps1'
[86.585s] DEBUG:colcon.colcon_core.event_handler.log_command:Invoked command in '/home/khaledob/bookros2_ws/src/build/br2_fsm_bumpgo_cpp' returned '0': CMAKE_PREFIX_PATH=/opt/ros/foxy /usr/bin/cmake --install /home/khaledob/bookros2_ws/src/build/br2_fsm_bumpgo_cpp
[86.592s] INFO:colcon.colcon_core.shell:Creating environment descriptor '/home/khaledob/bookros2_ws/src/install/br2_fsm_bumpgo_cpp/share/br2_fsm_bumpgo_cpp/hook/cmake_prefix_path.dsv'
[86.594s] INFO:colcon.colcon_core.shell:Creating environment hook '/home/khaledob/bookros2_ws/src/install/br2_fsm_bumpgo_cpp/share/br2_fsm_bumpgo_cpp/hook/cmake_prefix_path.sh'
[86.596s] Level 1:colcon.colcon_core.environment:checking '/home/khaledob/bookros2_ws/src/install/br2_fsm_bumpgo_cpp/lib'
[86.596s] Level 1:colcon.colcon_core.environment:checking '/home/khaledob/bookros2_ws/src/install/br2_fsm_bumpgo_cpp/bin'
[86.596s] Level 1:colcon.colcon_core.environment:checking '/home/khaledob/bookros2_ws/src/install/br2_fsm_bumpgo_cpp/lib/pkgconfig/br2_fsm_bumpgo_cpp.pc'
[86.597s] Level 1:colcon.colcon_core.environment:checking '/home/khaledob/bookros2_ws/src/install/br2_fsm_bumpgo_cpp/lib/python3.8/site-packages'
[86.597s] Level 1:colcon.colcon_core.environment:checking '/home/khaledob/bookros2_ws/src/install/br2_fsm_bumpgo_cpp/bin'
[86.598s] INFO:colcon.colcon_core.shell:Creating package script '/home/khaledob/bookros2_ws/src/install/br2_fsm_bumpgo_cpp/share/br2_fsm_bumpgo_cpp/package.ps1'
[86.600s] INFO:colcon.colcon_core.shell:Creating package descriptor '/home/khaledob/bookros2_ws/src/install/br2_fsm_bumpgo_cpp/share/br2_fsm_bumpgo_cpp/package.dsv'
[86.601s] INFO:colcon.colcon_core.shell:Creating package script '/home/khaledob/bookros2_ws/src/install/br2_fsm_bumpgo_cpp/share/br2_fsm_bumpgo_cpp/package.sh'
[86.602s] INFO:colcon.colcon_core.shell:Creating package script '/home/khaledob/bookros2_ws/src/install/br2_fsm_bumpgo_cpp/share/br2_fsm_bumpgo_cpp/package.bash'
[86.603s] INFO:colcon.colcon_core.shell:Creating package script '/home/khaledob/bookros2_ws/src/install/br2_fsm_bumpgo_cpp/share/br2_fsm_bumpgo_cpp/package.zsh'
[86.604s] Level 1:colcon.colcon_core.environment:create_file_with_runtime_dependencies(/home/khaledob/bookros2_ws/src/install/br2_fsm_bumpgo_cpp/share/colcon-core/packages/br2_fsm_bumpgo_cpp)
[86.606s] Level 1:colcon.colcon_core.environment:create_environment_scripts_only(br2_fsm_bumpgo_cpp)
[86.607s] Level 1:colcon.colcon_core.environment:checking '/home/khaledob/bookros2_ws/src/install/br2_fsm_bumpgo_cpp' for CMake module files
[86.608s] Level 1:colcon.colcon_core.environment:checking '/home/khaledob/bookros2_ws/src/install/br2_fsm_bumpgo_cpp' for CMake config files
[86.609s] Level 1:colcon.colcon_core.shell:create_environment_hook('br2_fsm_bumpgo_cpp', 'cmake_prefix_path')
[86.610s] INFO:colcon.colcon_core.shell:Creating environment hook '/home/khaledob/bookros2_ws/src/install/br2_fsm_bumpgo_cpp/share/br2_fsm_bumpgo_cpp/hook/cmake_prefix_path.ps1'
[86.627s] INFO:colcon.colcon_core.shell:Creating environment descriptor '/home/khaledob/bookros2_ws/src/install/br2_fsm_bumpgo_cpp/share/br2_fsm_bumpgo_cpp/hook/cmake_prefix_path.dsv'
[86.630s] INFO:colcon.colcon_core.shell:Creating environment hook '/home/khaledob/bookros2_ws/src/install/br2_fsm_bumpgo_cpp/share/br2_fsm_bumpgo_cpp/hook/cmake_prefix_path.sh'
[86.633s] Level 1:colcon.colcon_core.environment:checking '/home/khaledob/bookros2_ws/src/install/br2_fsm_bumpgo_cpp/lib'
[86.634s] Level 1:colcon.colcon_core.environment:checking '/home/khaledob/bookros2_ws/src/install/br2_fsm_bumpgo_cpp/bin'
[86.634s] Level 1:colcon.colcon_core.environment:checking '/home/khaledob/bookros2_ws/src/install/br2_fsm_bumpgo_cpp/lib/pkgconfig/br2_fsm_bumpgo_cpp.pc'
[86.635s] Level 1:colcon.colcon_core.environment:checking '/home/khaledob/bookros2_ws/src/install/br2_fsm_bumpgo_cpp/lib/python3.8/site-packages'
[86.635s] Level 1:colcon.colcon_core.environment:checking '/home/khaledob/bookros2_ws/src/install/br2_fsm_bumpgo_cpp/bin'
[86.636s] INFO:colcon.colcon_core.shell:Creating package script '/home/khaledob/bookros2_ws/src/install/br2_fsm_bumpgo_cpp/share/br2_fsm_bumpgo_cpp/package.ps1'
[86.656s] INFO:colcon.colcon_core.shell:Creating package descriptor '/home/khaledob/bookros2_ws/src/install/br2_fsm_bumpgo_cpp/share/br2_fsm_bumpgo_cpp/package.dsv'
[86.658s] INFO:colcon.colcon_core.shell:Creating package script '/home/khaledob/bookros2_ws/src/install/br2_fsm_bumpgo_cpp/share/br2_fsm_bumpgo_cpp/package.sh'
[86.661s] INFO:colcon.colcon_core.shell:Creating package script '/home/khaledob/bookros2_ws/src/install/br2_fsm_bumpgo_cpp/share/br2_fsm_bumpgo_cpp/package.bash'
[86.716s] INFO:colcon.colcon_core.shell:Creating package script '/home/khaledob/bookros2_ws/src/install/br2_fsm_bumpgo_cpp/share/br2_fsm_bumpgo_cpp/package.zsh'
[86.718s] Level 1:colcon.colcon_core.environment:create_file_with_runtime_dependencies(/home/khaledob/bookros2_ws/src/install/br2_fsm_bumpgo_cpp/share/colcon-core/packages/br2_fsm_bumpgo_cpp)
[86.725s] INFO:colcon.colcon_ros.task.ament_cmake.build:Building ROS package in '/home/khaledob/bookros2_ws/src/book_ros2/br2_tf2_detector' with build type 'ament_cmake'
[86.725s] INFO:colcon.colcon_cmake.task.cmake.build:Building CMake package in '/home/khaledob/bookros2_ws/src/book_ros2/br2_tf2_detector'
[86.726s] INFO:colcon.colcon_core.shell:Skip shell extension 'powershell' for command environment: Not usable outside of PowerShell
[86.727s] DEBUG:colcon.colcon_core.shell:Skip shell extension 'dsv' for command environment
[86.897s] DEBUG:colcon.colcon_core.event_handler.log_command:Invoking command in '/home/khaledob/bookros2_ws/src/build/br2_tf2_detector': CMAKE_PREFIX_PATH=/opt/ros/foxy /usr/bin/cmake /home/khaledob/bookros2_ws/src/book_ros2/br2_tf2_detector -DAMENT_CMAKE_SYMLINK_INSTALL=1 -DCMAKE_INSTALL_PREFIX=/home/khaledob/bookros2_ws/src/install/br2_tf2_detector
[90.648s] DEBUG:colcon.colcon_core.event_handler.log_command:Invoked command in '/home/khaledob/bookros2_ws/src/build/br2_navigation' returned '0': CMAKE_PREFIX_PATH=/opt/ros/foxy /usr/bin/cmake /home/khaledob/bookros2_ws/src/book_ros2/br2_navigation -DAMENT_CMAKE_SYMLINK_INSTALL=1 -DCMAKE_INSTALL_PREFIX=/home/khaledob/bookros2_ws/src/install/br2_navigation
[90.677s] DEBUG:colcon.colcon_core.event_handler.log_command:Invoking command in '/home/khaledob/bookros2_ws/src/build/br2_navigation': CMAKE_PREFIX_PATH=/opt/ros/foxy /usr/bin/cmake --build /home/khaledob/bookros2_ws/src/build/br2_navigation -- -j7 -l7
[99.459s] DEBUG:colcon.colcon_core.event_handler.log_command:Invoked command in '/home/khaledob/bookros2_ws/src/build/br2_tf2_detector' returned '0': CMAKE_PREFIX_PATH=/opt/ros/foxy /usr/bin/cmake /home/khaledob/bookros2_ws/src/book_ros2/br2_tf2_detector -DAMENT_CMAKE_SYMLINK_INSTALL=1 -DCMAKE_INSTALL_PREFIX=/home/khaledob/bookros2_ws/src/install/br2_tf2_detector
[99.460s] DEBUG:colcon.colcon_core.event_handler.log_command:Invoking command in '/home/khaledob/bookros2_ws/src/build/br2_tf2_detector': CMAKE_PREFIX_PATH=/opt/ros/foxy /usr/bin/cmake --build /home/khaledob/bookros2_ws/src/build/br2_tf2_detector -- -j7 -l7
[99.510s] DEBUG:colcon.colcon_core.event_handler.log_command:Invoked command in '/home/khaledob/bookros2_ws/src/build/br2_navigation' returned '0': CMAKE_PREFIX_PATH=/opt/ros/foxy /usr/bin/cmake --build /home/khaledob/bookros2_ws/src/build/br2_navigation -- -j7 -l7
[99.533s] DEBUG:colcon.colcon_core.event_handler.log_command:Invoking command in '/home/khaledob/bookros2_ws/src/build/br2_navigation': CMAKE_PREFIX_PATH=/opt/ros/foxy /usr/bin/cmake --install /home/khaledob/bookros2_ws/src/build/br2_navigation
[105.592s] DEBUG:colcon.colcon_core.event_handler.log_command:Invoked command in '/home/khaledob/bookros2_ws/src/build/controller_manager_msgs' returned '0': CMAKE_PREFIX_PATH=/opt/ros/foxy /usr/bin/cmake --build /home/khaledob/bookros2_ws/src/build/controller_manager_msgs -- -j7 -l7
[105.595s] DEBUG:colcon.colcon_core.event_handler.log_command:Invoking command in '/home/khaledob/bookros2_ws/src/build/controller_manager_msgs': CMAKE_PREFIX_PATH=/opt/ros/foxy /usr/bin/cmake --install /home/khaledob/bookros2_ws/src/build/controller_manager_msgs
[105.599s] Level 1:colcon.colcon_core.environment:create_environment_scripts_only(br2_navigation)
[105.601s] Level 1:colcon.colcon_core.environment:checking '/home/khaledob/bookros2_ws/src/install/br2_navigation' for CMake module files
[105.603s] Level 1:colcon.colcon_core.environment:checking '/home/khaledob/bookros2_ws/src/install/br2_navigation' for CMake config files
[105.606s] Level 1:colcon.colcon_core.shell:create_environment_hook('br2_navigation', 'cmake_prefix_path')
[105.606s] INFO:colcon.colcon_core.shell:Creating environment hook '/home/khaledob/bookros2_ws/src/install/br2_navigation/share/br2_navigation/hook/cmake_prefix_path.ps1'
[105.611s] DEBUG:colcon.colcon_core.event_handler.log_command:Invoked command in '/home/khaledob/bookros2_ws/src/build/br2_navigation' returned '0': CMAKE_PREFIX_PATH=/opt/ros/foxy /usr/bin/cmake --install /home/khaledob/bookros2_ws/src/build/br2_navigation
[105.614s] INFO:colcon.colcon_core.shell:Creating environment descriptor '/home/khaledob/bookros2_ws/src/install/br2_navigation/share/br2_navigation/hook/cmake_prefix_path.dsv'
[105.616s] INFO:colcon.colcon_core.shell:Creating environment hook '/home/khaledob/bookros2_ws/src/install/br2_navigation/share/br2_navigation/hook/cmake_prefix_path.sh'
[105.618s] Level 1:colcon.colcon_core.environment:checking '/home/khaledob/bookros2_ws/src/install/br2_navigation/bin'
[105.618s] Level 1:colcon.colcon_core.environment:checking '/home/khaledob/bookros2_ws/src/install/br2_navigation/lib/pkgconfig/br2_navigation.pc'
[105.619s] Level 1:colcon.colcon_core.environment:checking '/home/khaledob/bookros2_ws/src/install/br2_navigation/lib/python3.8/site-packages'
[105.619s] Level 1:colcon.colcon_core.environment:checking '/home/khaledob/bookros2_ws/src/install/br2_navigation/bin'
[105.628s] INFO:colcon.colcon_core.shell:Creating package script '/home/khaledob/bookros2_ws/src/install/br2_navigation/share/br2_navigation/package.ps1'
[105.630s] INFO:colcon.colcon_core.shell:Creating package descriptor '/home/khaledob/bookros2_ws/src/install/br2_navigation/share/br2_navigation/package.dsv'
[105.631s] INFO:colcon.colcon_core.shell:Creating package script '/home/khaledob/bookros2_ws/src/install/br2_navigation/share/br2_navigation/package.sh'
[105.632s] INFO:colcon.colcon_core.shell:Creating package script '/home/khaledob/bookros2_ws/src/install/br2_navigation/share/br2_navigation/package.bash'
[105.651s] INFO:colcon.colcon_core.shell:Creating package script '/home/khaledob/bookros2_ws/src/install/br2_navigation/share/br2_navigation/package.zsh'
[105.662s] Level 1:colcon.colcon_core.environment:create_file_with_runtime_dependencies(/home/khaledob/bookros2_ws/src/install/br2_navigation/share/colcon-core/packages/br2_navigation)
[105.666s] Level 1:colcon.colcon_core.environment:create_environment_scripts_only(br2_navigation)
[105.666s] Level 1:colcon.colcon_core.environment:checking '/home/khaledob/bookros2_ws/src/install/br2_navigation' for CMake module files
[105.668s] Level 1:colcon.colcon_core.environment:checking '/home/khaledob/bookros2_ws/src/install/br2_navigation' for CMake config files
[105.677s] Level 1:colcon.colcon_core.shell:create_environment_hook('br2_navigation', 'cmake_prefix_path')
[105.677s] INFO:colcon.colcon_core.shell:Creating environment hook '/home/khaledob/bookros2_ws/src/install/br2_navigation/share/br2_navigation/hook/cmake_prefix_path.ps1'
[105.682s] INFO:colcon.colcon_core.shell:Creating environment descriptor '/home/khaledob/bookros2_ws/src/install/br2_navigation/share/br2_navigation/hook/cmake_prefix_path.dsv'
[105.697s] INFO:colcon.colcon_core.shell:Creating environment hook '/home/khaledob/bookros2_ws/src/install/br2_navigation/share/br2_navigation/hook/cmake_prefix_path.sh'
[105.706s] Level 1:colcon.colcon_core.environment:checking '/home/khaledob/bookros2_ws/src/install/br2_navigation/bin'
[105.706s] Level 1:colcon.colcon_core.environment:checking '/home/khaledob/bookros2_ws/src/install/br2_navigation/lib/pkgconfig/br2_navigation.pc'
[105.711s] Level 1:colcon.colcon_core.environment:checking '/home/khaledob/bookros2_ws/src/install/br2_navigation/lib/python3.8/site-packages'
[105.711s] Level 1:colcon.colcon_core.environment:checking '/home/khaledob/bookros2_ws/src/install/br2_navigation/bin'
[105.712s] INFO:colcon.colcon_core.shell:Creating package script '/home/khaledob/bookros2_ws/src/install/br2_navigation/share/br2_navigation/package.ps1'
[105.716s] INFO:colcon.colcon_core.shell:Creating package descriptor '/home/khaledob/bookros2_ws/src/install/br2_navigation/share/br2_navigation/package.dsv'
[105.721s] INFO:colcon.colcon_core.shell:Creating package script '/home/khaledob/bookros2_ws/src/install/br2_navigation/share/br2_navigation/package.sh'
[105.731s] INFO:colcon.colcon_core.shell:Creating package script '/home/khaledob/bookros2_ws/src/install/br2_navigation/share/br2_navigation/package.bash'
[105.740s] INFO:colcon.colcon_core.shell:Creating package script '/home/khaledob/bookros2_ws/src/install/br2_navigation/share/br2_navigation/package.zsh'
[105.760s] Level 1:colcon.colcon_core.environment:create_file_with_runtime_dependencies(/home/khaledob/bookros2_ws/src/install/br2_navigation/share/colcon-core/packages/br2_navigation)
[105.799s] INFO:colcon.colcon_ros.task.ament_cmake.build:Building ROS package in '/home/khaledob/bookros2_ws/src/book_ros2/br2_tiago' with build type 'ament_cmake'
[105.801s] INFO:colcon.colcon_cmake.task.cmake.build:Building CMake package in '/home/khaledob/bookros2_ws/src/book_ros2/br2_tiago'
[105.801s] INFO:colcon.colcon_core.shell:Skip shell extension 'powershell' for command environment: Not usable outside of PowerShell
[105.802s] DEBUG:colcon.colcon_core.shell:Skip shell extension 'dsv' for command environment
[105.866s] DEBUG:colcon.colcon_core.event_handler.log_command:Invoking command in '/home/khaledob/bookros2_ws/src/build/br2_tiago': CMAKE_PREFIX_PATH=/opt/ros/foxy /usr/bin/cmake /home/khaledob/bookros2_ws/src/book_ros2/br2_tiago -DAMENT_CMAKE_SYMLINK_INSTALL=1 -DCMAKE_INSTALL_PREFIX=/home/khaledob/bookros2_ws/src/install/br2_tiago
[114.869s] DEBUG:colcon.colcon_core.event_handler.log_command:Invoked command in '/home/khaledob/bookros2_ws/src/build/hardware_interface' returned '0': AMENT_PREFIX_PATH=/home/khaledob/bookros2_ws/src/install/ros2_control_test_assets:${AMENT_PREFIX_PATH} CMAKE_PREFIX_PATH=/home/khaledob/bookros2_ws/src/install/ros2_control_test_assets:/opt/ros/foxy /usr/bin/cmake --build /home/khaledob/bookros2_ws/src/build/hardware_interface -- -j7 -l7
[114.870s] DEBUG:colcon.colcon_core.event_handler.log_command:Invoking command in '/home/khaledob/bookros2_ws/src/build/hardware_interface': AMENT_PREFIX_PATH=/home/khaledob/bookros2_ws/src/install/ros2_control_test_assets:${AMENT_PREFIX_PATH} CMAKE_PREFIX_PATH=/home/khaledob/bookros2_ws/src/install/ros2_control_test_assets:/opt/ros/foxy /usr/bin/cmake --install /home/khaledob/bookros2_ws/src/build/hardware_interface
[114.922s] DEBUG:colcon.colcon_core.event_handler.log_command:Invoked command in '/home/khaledob/bookros2_ws/src/build/br2_tiago' returned '0': CMAKE_PREFIX_PATH=/opt/ros/foxy /usr/bin/cmake /home/khaledob/bookros2_ws/src/book_ros2/br2_tiago -DAMENT_CMAKE_SYMLINK_INSTALL=1 -DCMAKE_INSTALL_PREFIX=/home/khaledob/bookros2_ws/src/install/br2_tiago
[114.924s] DEBUG:colcon.colcon_core.event_handler.log_command:Invoking command in '/home/khaledob/bookros2_ws/src/build/br2_tiago': CMAKE_PREFIX_PATH=/opt/ros/foxy /usr/bin/cmake --build /home/khaledob/bookros2_ws/src/build/br2_tiago -- -j7 -l7
[118.258s] Level 1:colcon.colcon_core.environment:create_environment_scripts_only(hardware_interface)
[118.264s] Level 1:colcon.colcon_core.environment:checking '/home/khaledob/bookros2_ws/src/install/hardware_interface' for CMake module files
[118.279s] DEBUG:colcon.colcon_core.event_handler.log_command:Invoked command in '/home/khaledob/bookros2_ws/src/build/hardware_interface' returned '0': AMENT_PREFIX_PATH=/home/khaledob/bookros2_ws/src/install/ros2_control_test_assets:${AMENT_PREFIX_PATH} CMAKE_PREFIX_PATH=/home/khaledob/bookros2_ws/src/install/ros2_control_test_assets:/opt/ros/foxy /usr/bin/cmake --install /home/khaledob/bookros2_ws/src/build/hardware_interface
[118.281s] Level 1:colcon.colcon_core.environment:checking '/home/khaledob/bookros2_ws/src/install/hardware_interface' for CMake config files
[118.282s] Level 1:colcon.colcon_core.shell:create_environment_hook('hardware_interface', 'cmake_prefix_path')
[118.287s] INFO:colcon.colcon_core.shell:Creating environment hook '/home/khaledob/bookros2_ws/src/install/hardware_interface/share/hardware_interface/hook/cmake_prefix_path.ps1'
[118.291s] INFO:colcon.colcon_core.shell:Creating environment descriptor '/home/khaledob/bookros2_ws/src/install/hardware_interface/share/hardware_interface/hook/cmake_prefix_path.dsv'
[118.297s] INFO:colcon.colcon_core.shell:Creating environment hook '/home/khaledob/bookros2_ws/src/install/hardware_interface/share/hardware_interface/hook/cmake_prefix_path.sh'
[118.299s] Level 1:colcon.colcon_core.environment:checking '/home/khaledob/bookros2_ws/src/install/hardware_interface/lib'
[118.299s] Level 1:colcon.colcon_core.shell:create_environment_hook('hardware_interface', 'ld_library_path_lib')
[118.300s] INFO:colcon.colcon_core.shell:Creating environment hook '/home/khaledob/bookros2_ws/src/install/hardware_interface/share/hardware_interface/hook/ld_library_path_lib.ps1'
[118.301s] INFO:colcon.colcon_core.shell:Creating environment descriptor '/home/khaledob/bookros2_ws/src/install/hardware_interface/share/hardware_interface/hook/ld_library_path_lib.dsv'
[118.302s] INFO:colcon.colcon_core.shell:Creating environment hook '/home/khaledob/bookros2_ws/src/install/hardware_interface/share/hardware_interface/hook/ld_library_path_lib.sh'
[118.303s] Level 1:colcon.colcon_core.environment:checking '/home/khaledob/bookros2_ws/src/install/hardware_interface/bin'
[118.304s] Level 1:colcon.colcon_core.environment:checking '/home/khaledob/bookros2_ws/src/install/hardware_interface/lib/pkgconfig/hardware_interface.pc'
[118.304s] Level 1:colcon.colcon_core.environment:checking '/home/khaledob/bookros2_ws/src/install/hardware_interface/lib/python3.8/site-packages'
[118.305s] Level 1:colcon.colcon_core.environment:checking '/home/khaledob/bookros2_ws/src/install/hardware_interface/bin'
[118.310s] INFO:colcon.colcon_core.shell:Creating package script '/home/khaledob/bookros2_ws/src/install/hardware_interface/share/hardware_interface/package.ps1'
[118.317s] INFO:colcon.colcon_core.shell:Creating package descriptor '/home/khaledob/bookros2_ws/src/install/hardware_interface/share/hardware_interface/package.dsv'
[118.323s] INFO:colcon.colcon_core.shell:Creating package script '/home/khaledob/bookros2_ws/src/install/hardware_interface/share/hardware_interface/package.sh'
[118.331s] INFO:colcon.colcon_core.shell:Creating package script '/home/khaledob/bookros2_ws/src/install/hardware_interface/share/hardware_interface/package.bash'
[118.332s] INFO:colcon.colcon_core.shell:Creating package script '/home/khaledob/bookros2_ws/src/install/hardware_interface/share/hardware_interface/package.zsh'
[118.334s] Level 1:colcon.colcon_core.environment:create_file_with_runtime_dependencies(/home/khaledob/bookros2_ws/src/install/hardware_interface/share/colcon-core/packages/hardware_interface)
[118.337s] Level 1:colcon.colcon_core.environment:create_environment_scripts_only(hardware_interface)
[118.338s] Level 1:colcon.colcon_core.environment:checking '/home/khaledob/bookros2_ws/src/install/hardware_interface' for CMake module files
[118.339s] Level 1:colcon.colcon_core.environment:checking '/home/khaledob/bookros2_ws/src/install/hardware_interface' for CMake config files
[118.341s] Level 1:colcon.colcon_core.shell:create_environment_hook('hardware_interface', 'cmake_prefix_path')
[118.342s] INFO:colcon.colcon_core.shell:Creating environment hook '/home/khaledob/bookros2_ws/src/install/hardware_interface/share/hardware_interface/hook/cmake_prefix_path.ps1'
[118.345s] INFO:colcon.colcon_core.shell:Creating environment descriptor '/home/khaledob/bookros2_ws/src/install/hardware_interface/share/hardware_interface/hook/cmake_prefix_path.dsv'
[118.357s] INFO:colcon.colcon_core.shell:Creating environment hook '/home/khaledob/bookros2_ws/src/install/hardware_interface/share/hardware_interface/hook/cmake_prefix_path.sh'
[118.361s] Level 1:colcon.colcon_core.environment:checking '/home/khaledob/bookros2_ws/src/install/hardware_interface/lib'
[118.362s] Level 1:colcon.colcon_core.shell:create_environment_hook('hardware_interface', 'ld_library_path_lib')
[118.364s] INFO:colcon.colcon_core.shell:Creating environment hook '/home/khaledob/bookros2_ws/src/install/hardware_interface/share/hardware_interface/hook/ld_library_path_lib.ps1'
[118.366s] INFO:colcon.colcon_core.shell:Creating environment descriptor '/home/khaledob/bookros2_ws/src/install/hardware_interface/share/hardware_interface/hook/ld_library_path_lib.dsv'
[118.368s] INFO:colcon.colcon_core.shell:Creating environment hook '/home/khaledob/bookros2_ws/src/install/hardware_interface/share/hardware_interface/hook/ld_library_path_lib.sh'
[118.371s] Level 1:colcon.colcon_core.environment:checking '/home/khaledob/bookros2_ws/src/install/hardware_interface/bin'
[118.382s] Level 1:colcon.colcon_core.environment:checking '/home/khaledob/bookros2_ws/src/install/hardware_interface/lib/pkgconfig/hardware_interface.pc'
[118.383s] Level 1:colcon.colcon_core.environment:checking '/home/khaledob/bookros2_ws/src/install/hardware_interface/lib/python3.8/site-packages'
[118.384s] Level 1:colcon.colcon_core.environment:checking '/home/khaledob/bookros2_ws/src/install/hardware_interface/bin'
[118.385s] INFO:colcon.colcon_core.shell:Creating package script '/home/khaledob/bookros2_ws/src/install/hardware_interface/share/hardware_interface/package.ps1'
[118.386s] INFO:colcon.colcon_core.shell:Creating package descriptor '/home/khaledob/bookros2_ws/src/install/hardware_interface/share/hardware_interface/package.dsv'
[118.388s] INFO:colcon.colcon_core.shell:Creating package script '/home/khaledob/bookros2_ws/src/install/hardware_interface/share/hardware_interface/package.sh'
[118.391s] INFO:colcon.colcon_core.shell:Creating package script '/home/khaledob/bookros2_ws/src/install/hardware_interface/share/hardware_interface/package.bash'
[118.393s] INFO:colcon.colcon_core.shell:Creating package script '/home/khaledob/bookros2_ws/src/install/hardware_interface/share/hardware_interface/package.zsh'
[118.397s] Level 1:colcon.colcon_core.environment:create_file_with_runtime_dependencies(/home/khaledob/bookros2_ws/src/install/hardware_interface/share/colcon-core/packages/hardware_interface)
[118.418s] DEBUG:colcon.colcon_core.event_handler.log_command:Invoked command in '/home/khaledob/bookros2_ws/src/build/br2_tiago' returned '0': CMAKE_PREFIX_PATH=/opt/ros/foxy /usr/bin/cmake --build /home/khaledob/bookros2_ws/src/build/br2_tiago -- -j7 -l7
[118.419s] DEBUG:colcon.colcon_core.event_handler.log_command:Invoking command in '/home/khaledob/bookros2_ws/src/build/br2_tiago': CMAKE_PREFIX_PATH=/opt/ros/foxy /usr/bin/cmake --install /home/khaledob/bookros2_ws/src/build/br2_tiago
[118.441s] INFO:colcon.colcon_ros.task.ament_cmake.build:Building ROS package in '/home/khaledob/bookros2_ws/src/ThirdParty/ros2_control/controller_interface' with build type 'ament_cmake'
[118.442s] INFO:colcon.colcon_cmake.task.cmake.build:Building CMake package in '/home/khaledob/bookros2_ws/src/ThirdParty/ros2_control/controller_interface'
[118.443s] INFO:colcon.colcon_core.shell:Skip shell extension 'powershell' for command environment: Not usable outside of PowerShell
[118.443s] DEBUG:colcon.colcon_core.shell:Skip shell extension 'dsv' for command environment
[118.576s] DEBUG:colcon.colcon_core.event_handler.log_command:Invoking command in '/home/khaledob/bookros2_ws/src/build/controller_interface': AMENT_PREFIX_PATH=/home/khaledob/bookros2_ws/src/install/hardware_interface:/home/khaledob/bookros2_ws/src/install/ros2_control_test_assets:${AMENT_PREFIX_PATH} CMAKE_PREFIX_PATH=/home/khaledob/bookros2_ws/src/install/hardware_interface:/home/khaledob/bookros2_ws/src/install/ros2_control_test_assets:/opt/ros/foxy LD_LIBRARY_PATH=/home/khaledob/bookros2_ws/src/install/hardware_interface/lib:${LD_LIBRARY_PATH} /usr/bin/cmake /home/khaledob/bookros2_ws/src/ThirdParty/ros2_control/controller_interface -DAMENT_CMAKE_SYMLINK_INSTALL=1 -DCMAKE_INSTALL_PREFIX=/home/khaledob/bookros2_ws/src/install/controller_interface
[119.614s] Level 1:colcon.colcon_core.environment:create_environment_scripts_only(br2_tiago)
[119.615s] Level 1:colcon.colcon_core.environment:checking '/home/khaledob/bookros2_ws/src/install/br2_tiago' for CMake module files
[119.616s] Level 1:colcon.colcon_core.environment:checking '/home/khaledob/bookros2_ws/src/install/br2_tiago' for CMake config files
[119.617s] Level 1:colcon.colcon_core.shell:create_environment_hook('br2_tiago', 'cmake_prefix_path')
[119.617s] INFO:colcon.colcon_core.shell:Creating environment hook '/home/khaledob/bookros2_ws/src/install/br2_tiago/share/br2_tiago/hook/cmake_prefix_path.ps1'
[119.619s] INFO:colcon.colcon_core.shell:Creating environment descriptor '/home/khaledob/bookros2_ws/src/install/br2_tiago/share/br2_tiago/hook/cmake_prefix_path.dsv'
[119.627s] INFO:colcon.colcon_core.shell:Creating environment hook '/home/khaledob/bookros2_ws/src/install/br2_tiago/share/br2_tiago/hook/cmake_prefix_path.sh'
[119.646s] DEBUG:colcon.colcon_core.event_handler.log_command:Invoked command in '/home/khaledob/bookros2_ws/src/build/br2_tiago' returned '0': CMAKE_PREFIX_PATH=/opt/ros/foxy /usr/bin/cmake --install /home/khaledob/bookros2_ws/src/build/br2_tiago
[119.649s] Level 1:colcon.colcon_core.environment:checking '/home/khaledob/bookros2_ws/src/install/br2_tiago/bin'
[119.650s] Level 1:colcon.colcon_core.environment:checking '/home/khaledob/bookros2_ws/src/install/br2_tiago/lib/pkgconfig/br2_tiago.pc'
[119.650s] Level 1:colcon.colcon_core.environment:checking '/home/khaledob/bookros2_ws/src/install/br2_tiago/lib/python3.8/site-packages'
[119.651s] Level 1:colcon.colcon_core.environment:checking '/home/khaledob/bookros2_ws/src/install/br2_tiago/bin'
[119.657s] INFO:colcon.colcon_core.shell:Creating package script '/home/khaledob/bookros2_ws/src/install/br2_tiago/share/br2_tiago/package.ps1'
[119.658s] INFO:colcon.colcon_core.shell:Creating package descriptor '/home/khaledob/bookros2_ws/src/install/br2_tiago/share/br2_tiago/package.dsv'
[119.660s] INFO:colcon.colcon_core.shell:Creating package script '/home/khaledob/bookros2_ws/src/install/br2_tiago/share/br2_tiago/package.sh'
[119.661s] INFO:colcon.colcon_core.shell:Creating package script '/home/khaledob/bookros2_ws/src/install/br2_tiago/share/br2_tiago/package.bash'
[119.662s] INFO:colcon.colcon_core.shell:Creating package script '/home/khaledob/bookros2_ws/src/install/br2_tiago/share/br2_tiago/package.zsh'
[119.663s] Level 1:colcon.colcon_core.environment:create_file_with_runtime_dependencies(/home/khaledob/bookros2_ws/src/install/br2_tiago/share/colcon-core/packages/br2_tiago)
[119.666s] Level 1:colcon.colcon_core.environment:create_environment_scripts_only(br2_tiago)
[119.666s] Level 1:colcon.colcon_core.environment:checking '/home/khaledob/bookros2_ws/src/install/br2_tiago' for CMake module files
[119.668s] Level 1:colcon.colcon_core.environment:checking '/home/khaledob/bookros2_ws/src/install/br2_tiago' for CMake config files
[119.668s] Level 1:colcon.colcon_core.shell:create_environment_hook('br2_tiago', 'cmake_prefix_path')
[119.669s] INFO:colcon.colcon_core.shell:Creating environment hook '/home/khaledob/bookros2_ws/src/install/br2_tiago/share/br2_tiago/hook/cmake_prefix_path.ps1'
[119.672s] INFO:colcon.colcon_core.shell:Creating environment descriptor '/home/khaledob/bookros2_ws/src/install/br2_tiago/share/br2_tiago/hook/cmake_prefix_path.dsv'
[119.692s] INFO:colcon.colcon_core.shell:Creating environment hook '/home/khaledob/bookros2_ws/src/install/br2_tiago/share/br2_tiago/hook/cmake_prefix_path.sh'
[119.696s] Level 1:colcon.colcon_core.environment:checking '/home/khaledob/bookros2_ws/src/install/br2_tiago/bin'
[119.696s] Level 1:colcon.colcon_core.environment:checking '/home/khaledob/bookros2_ws/src/install/br2_tiago/lib/pkgconfig/br2_tiago.pc'
[119.700s] Level 1:colcon.colcon_core.environment:checking '/home/khaledob/bookros2_ws/src/install/br2_tiago/lib/python3.8/site-packages'
[119.701s] Level 1:colcon.colcon_core.environment:checking '/home/khaledob/bookros2_ws/src/install/br2_tiago/bin'
[119.702s] INFO:colcon.colcon_core.shell:Creating package script '/home/khaledob/bookros2_ws/src/install/br2_tiago/share/br2_tiago/package.ps1'
[119.705s] INFO:colcon.colcon_core.shell:Creating package descriptor '/home/khaledob/bookros2_ws/src/install/br2_tiago/share/br2_tiago/package.dsv'
[119.724s] INFO:colcon.colcon_core.shell:Creating package script '/home/khaledob/bookros2_ws/src/install/br2_tiago/share/br2_tiago/package.sh'
[119.732s] INFO:colcon.colcon_core.shell:Creating package script '/home/khaledob/bookros2_ws/src/install/br2_tiago/share/br2_tiago/package.bash'
[119.733s] INFO:colcon.colcon_core.shell:Creating package script '/home/khaledob/bookros2_ws/src/install/br2_tiago/share/br2_tiago/package.zsh'
[119.735s] Level 1:colcon.colcon_core.environment:create_file_with_runtime_dependencies(/home/khaledob/bookros2_ws/src/install/br2_tiago/share/colcon-core/packages/br2_tiago)
[119.738s] INFO:colcon.colcon_ros.task.ament_cmake.build:Building ROS package in '/home/khaledob/bookros2_ws/src/book_ros2/br2_vff_avoidance' with build type 'ament_cmake'
[119.739s] INFO:colcon.colcon_cmake.task.cmake.build:Building CMake package in '/home/khaledob/bookros2_ws/src/book_ros2/br2_vff_avoidance'
[119.739s] INFO:colcon.colcon_core.shell:Skip shell extension 'powershell' for command environment: Not usable outside of PowerShell
[119.739s] DEBUG:colcon.colcon_core.shell:Skip shell extension 'dsv' for command environment
[119.823s] DEBUG:colcon.colcon_core.event_handler.log_command:Invoking command in '/home/khaledob/bookros2_ws/src/build/br2_vff_avoidance': CMAKE_PREFIX_PATH=/opt/ros/foxy /usr/bin/cmake /home/khaledob/bookros2_ws/src/book_ros2/br2_vff_avoidance -DAMENT_CMAKE_SYMLINK_INSTALL=1 -DCMAKE_INSTALL_PREFIX=/home/khaledob/bookros2_ws/src/install/br2_vff_avoidance
[124.719s] Level 1:colcon.colcon_core.environment:create_environment_scripts_only(controller_manager_msgs)
[124.720s] Level 1:colcon.colcon_core.environment:checking '/home/khaledob/bookros2_ws/src/install/controller_manager_msgs' for CMake module files
[124.721s] Level 1:colcon.colcon_core.environment:checking '/home/khaledob/bookros2_ws/src/install/controller_manager_msgs' for CMake config files
[124.723s] Level 1:colcon.colcon_core.shell:create_environment_hook('controller_manager_msgs', 'cmake_prefix_path')
[124.723s] INFO:colcon.colcon_core.shell:Creating environment hook '/home/khaledob/bookros2_ws/src/install/controller_manager_msgs/share/controller_manager_msgs/hook/cmake_prefix_path.ps1'
[124.725s] INFO:colcon.colcon_core.shell:Creating environment descriptor '/home/khaledob/bookros2_ws/src/install/controller_manager_msgs/share/controller_manager_msgs/hook/cmake_prefix_path.dsv'
[124.726s] INFO:colcon.colcon_core.shell:Creating environment hook '/home/khaledob/bookros2_ws/src/install/controller_manager_msgs/share/controller_manager_msgs/hook/cmake_prefix_path.sh'
[124.727s] Level 1:colcon.colcon_core.environment:checking '/home/khaledob/bookros2_ws/src/install/controller_manager_msgs/lib'
[124.728s] Level 1:colcon.colcon_core.shell:create_environment_hook('controller_manager_msgs', 'ld_library_path_lib')
[124.728s] INFO:colcon.colcon_core.shell:Creating environment hook '/home/khaledob/bookros2_ws/src/install/controller_manager_msgs/share/controller_manager_msgs/hook/ld_library_path_lib.ps1'
[124.729s] INFO:colcon.colcon_core.shell:Creating environment descriptor '/home/khaledob/bookros2_ws/src/install/controller_manager_msgs/share/controller_manager_msgs/hook/ld_library_path_lib.dsv'
[124.730s] INFO:colcon.colcon_core.shell:Creating environment hook '/home/khaledob/bookros2_ws/src/install/controller_manager_msgs/share/controller_manager_msgs/hook/ld_library_path_lib.sh'
[124.754s] Level 1:colcon.colcon_core.environment:checking '/home/khaledob/bookros2_ws/src/install/controller_manager_msgs/bin'
[124.754s] Level 1:colcon.colcon_core.environment:checking '/home/khaledob/bookros2_ws/src/install/controller_manager_msgs/lib/pkgconfig/controller_manager_msgs.pc'
[124.755s] Level 1:colcon.colcon_core.environment:checking '/home/khaledob/bookros2_ws/src/install/controller_manager_msgs/lib/python3.8/site-packages'
[124.755s] Level 1:colcon.colcon_core.shell:create_environment_hook('controller_manager_msgs', 'pythonpath')
[124.756s] INFO:colcon.colcon_core.shell:Creating environment hook '/home/khaledob/bookros2_ws/src/install/controller_manager_msgs/share/controller_manager_msgs/hook/pythonpath.ps1'
[124.757s] INFO:colcon.colcon_core.shell:Creating environment descriptor '/home/khaledob/bookros2_ws/src/install/controller_manager_msgs/share/controller_manager_msgs/hook/pythonpath.dsv'
[124.758s] INFO:colcon.colcon_core.shell:Creating environment hook '/home/khaledob/bookros2_ws/src/install/controller_manager_msgs/share/controller_manager_msgs/hook/pythonpath.sh'
[124.759s] Level 1:colcon.colcon_core.environment:checking '/home/khaledob/bookros2_ws/src/install/controller_manager_msgs/bin'
[124.760s] INFO:colcon.colcon_core.shell:Creating package script '/home/khaledob/bookros2_ws/src/install/controller_manager_msgs/share/controller_manager_msgs/package.ps1'
[124.762s] INFO:colcon.colcon_core.shell:Creating package descriptor '/home/khaledob/bookros2_ws/src/install/controller_manager_msgs/share/controller_manager_msgs/package.dsv'
[124.763s] INFO:colcon.colcon_core.shell:Creating package script '/home/khaledob/bookros2_ws/src/install/controller_manager_msgs/share/controller_manager_msgs/package.sh'
[124.765s] INFO:colcon.colcon_core.shell:Creating package script '/home/khaledob/bookros2_ws/src/install/controller_manager_msgs/share/controller_manager_msgs/package.bash'
[124.766s] INFO:colcon.colcon_core.shell:Creating package script '/home/khaledob/bookros2_ws/src/install/controller_manager_msgs/share/controller_manager_msgs/package.zsh'
[124.767s] Level 1:colcon.colcon_core.environment:create_file_with_runtime_dependencies(/home/khaledob/bookros2_ws/src/install/controller_manager_msgs/share/colcon-core/packages/controller_manager_msgs)
[124.769s] Level 1:colcon.colcon_core.environment:create_environment_scripts_only(controller_manager_msgs)
[124.769s] Level 1:colcon.colcon_core.environment:checking '/home/khaledob/bookros2_ws/src/install/controller_manager_msgs' for CMake module files
[124.771s] Level 1:colcon.colcon_core.environment:checking '/home/khaledob/bookros2_ws/src/install/controller_manager_msgs' for CMake config files
[124.772s] Level 1:colcon.colcon_core.shell:create_environment_hook('controller_manager_msgs', 'cmake_prefix_path')
[124.773s] INFO:colcon.colcon_core.shell:Creating environment hook '/home/khaledob/bookros2_ws/src/install/controller_manager_msgs/share/controller_manager_msgs/hook/cmake_prefix_path.ps1'
[124.776s] INFO:colcon.colcon_core.shell:Creating environment descriptor '/home/khaledob/bookros2_ws/src/install/controller_manager_msgs/share/controller_manager_msgs/hook/cmake_prefix_path.dsv'
[124.778s] INFO:colcon.colcon_core.shell:Creating environment hook '/home/khaledob/bookros2_ws/src/install/controller_manager_msgs/share/controller_manager_msgs/hook/cmake_prefix_path.sh'
[124.781s] Level 1:colcon.colcon_core.environment:checking '/home/khaledob/bookros2_ws/src/install/controller_manager_msgs/lib'
[124.781s] Level 1:colcon.colcon_core.shell:create_environment_hook('controller_manager_msgs', 'ld_library_path_lib')
[124.782s] INFO:colcon.colcon_core.shell:Creating environment hook '/home/khaledob/bookros2_ws/src/install/controller_manager_msgs/share/controller_manager_msgs/hook/ld_library_path_lib.ps1'
[124.784s] INFO:colcon.colcon_core.shell:Creating environment descriptor '/home/khaledob/bookros2_ws/src/install/controller_manager_msgs/share/controller_manager_msgs/hook/ld_library_path_lib.dsv'
[124.787s] INFO:colcon.colcon_core.shell:Creating environment hook '/home/khaledob/bookros2_ws/src/install/controller_manager_msgs/share/controller_manager_msgs/hook/ld_library_path_lib.sh'
[124.789s] Level 1:colcon.colcon_core.environment:checking '/home/khaledob/bookros2_ws/src/install/controller_manager_msgs/bin'
[124.790s] Level 1:colcon.colcon_core.environment:checking '/home/khaledob/bookros2_ws/src/install/controller_manager_msgs/lib/pkgconfig/controller_manager_msgs.pc'
[124.790s] Level 1:colcon.colcon_core.environment:checking '/home/khaledob/bookros2_ws/src/install/controller_manager_msgs/lib/python3.8/site-packages'
[124.790s] Level 1:colcon.colcon_core.shell:create_environment_hook('controller_manager_msgs', 'pythonpath')
[124.791s] INFO:colcon.colcon_core.shell:Creating environment hook '/home/khaledob/bookros2_ws/src/install/controller_manager_msgs/share/controller_manager_msgs/hook/pythonpath.ps1'
[124.793s] INFO:colcon.colcon_core.shell:Creating environment descriptor '/home/khaledob/bookros2_ws/src/install/controller_manager_msgs/share/controller_manager_msgs/hook/pythonpath.dsv'
[124.796s] INFO:colcon.colcon_core.shell:Creating environment hook '/home/khaledob/bookros2_ws/src/install/controller_manager_msgs/share/controller_manager_msgs/hook/pythonpath.sh'
[124.800s] Level 1:colcon.colcon_core.environment:checking '/home/khaledob/bookros2_ws/src/install/controller_manager_msgs/bin'
[124.801s] INFO:colcon.colcon_core.shell:Creating package script '/home/khaledob/bookros2_ws/src/install/controller_manager_msgs/share/controller_manager_msgs/package.ps1'
[124.804s] INFO:colcon.colcon_core.shell:Creating package descriptor '/home/khaledob/bookros2_ws/src/install/controller_manager_msgs/share/controller_manager_msgs/package.dsv'
[124.807s] DEBUG:colcon.colcon_core.event_handler.log_command:Invoked command in '/home/khaledob/bookros2_ws/src/build/controller_manager_msgs' returned '0': CMAKE_PREFIX_PATH=/opt/ros/foxy /usr/bin/cmake --install /home/khaledob/bookros2_ws/src/build/controller_manager_msgs
[124.808s] INFO:colcon.colcon_core.shell:Creating package script '/home/khaledob/bookros2_ws/src/install/controller_manager_msgs/share/controller_manager_msgs/package.sh'
[124.811s] INFO:colcon.colcon_core.shell:Creating package script '/home/khaledob/bookros2_ws/src/install/controller_manager_msgs/share/controller_manager_msgs/package.bash'
[124.813s] INFO:colcon.colcon_core.shell:Creating package script '/home/khaledob/bookros2_ws/src/install/controller_manager_msgs/share/controller_manager_msgs/package.zsh'
[124.816s] Level 1:colcon.colcon_core.environment:create_file_with_runtime_dependencies(/home/khaledob/bookros2_ws/src/install/controller_manager_msgs/share/colcon-core/packages/controller_manager_msgs)
[124.819s] INFO:colcon.colcon_ros.task.ament_cmake.build:Building ROS package in '/home/khaledob/bookros2_ws/src/ThirdParty/Groot' with build type 'ament_cmake'
[124.820s] INFO:colcon.colcon_cmake.task.cmake.build:Building CMake package in '/home/khaledob/bookros2_ws/src/ThirdParty/Groot'
[124.820s] INFO:colcon.colcon_core.shell:Skip shell extension 'powershell' for command environment: Not usable outside of PowerShell
[124.820s] DEBUG:colcon.colcon_core.shell:Skip shell extension 'dsv' for command environment
[124.947s] DEBUG:colcon.colcon_core.event_handler.log_command:Invoking command in '/home/khaledob/bookros2_ws/src/build/groot': CMAKE_PREFIX_PATH=/opt/ros/foxy /usr/bin/cmake /home/khaledob/bookros2_ws/src/ThirdParty/Groot -DAMENT_CMAKE_SYMLINK_INSTALL=1 -DCMAKE_INSTALL_PREFIX=/home/khaledob/bookros2_ws/src/install/groot
[125.178s] DEBUG:colcon.colcon_core.event_handler.log_command:Invoked command in '/home/khaledob/bookros2_ws/src/build/br2_basics' returned '0': CMAKE_PREFIX_PATH=/opt/ros/foxy /usr/bin/cmake --build /home/khaledob/bookros2_ws/src/build/br2_basics -- -j7 -l7
[125.181s] DEBUG:colcon.colcon_core.event_handler.log_command:Invoking command in '/home/khaledob/bookros2_ws/src/build/br2_basics': CMAKE_PREFIX_PATH=/opt/ros/foxy /usr/bin/cmake --install /home/khaledob/bookros2_ws/src/build/br2_basics
[129.327s] DEBUG:colcon.colcon_core.event_handler.log_command:Invoked command in '/home/khaledob/bookros2_ws/src/build/controller_interface' returned '0': AMENT_PREFIX_PATH=/home/khaledob/bookros2_ws/src/install/hardware_interface:/home/khaledob/bookros2_ws/src/install/ros2_control_test_assets:${AMENT_PREFIX_PATH} CMAKE_PREFIX_PATH=/home/khaledob/bookros2_ws/src/install/hardware_interface:/home/khaledob/bookros2_ws/src/install/ros2_control_test_assets:/opt/ros/foxy LD_LIBRARY_PATH=/home/khaledob/bookros2_ws/src/install/hardware_interface/lib:${LD_LIBRARY_PATH} /usr/bin/cmake /home/khaledob/bookros2_ws/src/ThirdParty/ros2_control/controller_interface -DAMENT_CMAKE_SYMLINK_INSTALL=1 -DCMAKE_INSTALL_PREFIX=/home/khaledob/bookros2_ws/src/install/controller_interface
[129.329s] DEBUG:colcon.colcon_core.event_handler.log_command:Invoking command in '/home/khaledob/bookros2_ws/src/build/controller_interface': AMENT_PREFIX_PATH=/home/khaledob/bookros2_ws/src/install/hardware_interface:/home/khaledob/bookros2_ws/src/install/ros2_control_test_assets:${AMENT_PREFIX_PATH} CMAKE_PREFIX_PATH=/home/khaledob/bookros2_ws/src/install/hardware_interface:/home/khaledob/bookros2_ws/src/install/ros2_control_test_assets:/opt/ros/foxy LD_LIBRARY_PATH=/home/khaledob/bookros2_ws/src/install/hardware_interface/lib:${LD_LIBRARY_PATH} /usr/bin/cmake --build /home/khaledob/bookros2_ws/src/build/controller_interface -- -j7 -l7
[129.353s] Level 1:colcon.colcon_core.environment:create_environment_scripts_only(br2_basics)
[129.354s] Level 1:colcon.colcon_core.environment:checking '/home/khaledob/bookros2_ws/src/install/br2_basics' for CMake module files
[129.355s] Level 1:colcon.colcon_core.environment:checking '/home/khaledob/bookros2_ws/src/install/br2_basics' for CMake config files
[129.355s] Level 1:colcon.colcon_core.shell:create_environment_hook('br2_basics', 'cmake_prefix_path')
[129.356s] INFO:colcon.colcon_core.shell:Creating environment hook '/home/khaledob/bookros2_ws/src/install/br2_basics/share/br2_basics/hook/cmake_prefix_path.ps1'
[129.357s] INFO:colcon.colcon_core.shell:Creating environment descriptor '/home/khaledob/bookros2_ws/src/install/br2_basics/share/br2_basics/hook/cmake_prefix_path.dsv'
[129.357s] INFO:colcon.colcon_core.shell:Creating environment hook '/home/khaledob/bookros2_ws/src/install/br2_basics/share/br2_basics/hook/cmake_prefix_path.sh'
[129.359s] Level 1:colcon.colcon_core.environment:checking '/home/khaledob/bookros2_ws/src/install/br2_basics/lib'
[129.359s] Level 1:colcon.colcon_core.environment:checking '/home/khaledob/bookros2_ws/src/install/br2_basics/bin'
[129.359s] Level 1:colcon.colcon_core.environment:checking '/home/khaledob/bookros2_ws/src/install/br2_basics/lib/pkgconfig/br2_basics.pc'
[129.360s] Level 1:colcon.colcon_core.environment:checking '/home/khaledob/bookros2_ws/src/install/br2_basics/lib/python3.8/site-packages'
[129.360s] Level 1:colcon.colcon_core.environment:checking '/home/khaledob/bookros2_ws/src/install/br2_basics/bin'
[129.361s] INFO:colcon.colcon_core.shell:Creating package script '/home/khaledob/bookros2_ws/src/install/br2_basics/share/br2_basics/package.ps1'
[129.362s] INFO:colcon.colcon_core.shell:Creating package descriptor '/home/khaledob/bookros2_ws/src/install/br2_basics/share/br2_basics/package.dsv'
[129.363s] INFO:colcon.colcon_core.shell:Creating package script '/home/khaledob/bookros2_ws/src/install/br2_basics/share/br2_basics/package.sh'
[129.364s] INFO:colcon.colcon_core.shell:Creating package script '/home/khaledob/bookros2_ws/src/install/br2_basics/share/br2_basics/package.bash'
[129.364s] INFO:colcon.colcon_core.shell:Creating package script '/home/khaledob/bookros2_ws/src/install/br2_basics/share/br2_basics/package.zsh'
[129.365s] Level 1:colcon.colcon_core.environment:create_file_with_runtime_dependencies(/home/khaledob/bookros2_ws/src/install/br2_basics/share/colcon-core/packages/br2_basics)
[129.366s] Level 1:colcon.colcon_core.environment:create_environment_scripts_only(br2_basics)
[129.367s] Level 1:colcon.colcon_core.environment:checking '/home/khaledob/bookros2_ws/src/install/br2_basics' for CMake module files
[129.368s] Level 1:colcon.colcon_core.environment:checking '/home/khaledob/bookros2_ws/src/install/br2_basics' for CMake config files
[129.368s] Level 1:colcon.colcon_core.shell:create_environment_hook('br2_basics', 'cmake_prefix_path')
[129.369s] INFO:colcon.colcon_core.shell:Creating environment hook '/home/khaledob/bookros2_ws/src/install/br2_basics/share/br2_basics/hook/cmake_prefix_path.ps1'
[129.370s] INFO:colcon.colcon_core.shell:Creating environment descriptor '/home/khaledob/bookros2_ws/src/install/br2_basics/share/br2_basics/hook/cmake_prefix_path.dsv'
[129.371s] INFO:colcon.colcon_core.shell:Creating environment hook '/home/khaledob/bookros2_ws/src/install/br2_basics/share/br2_basics/hook/cmake_prefix_path.sh'
[129.373s] Level 1:colcon.colcon_core.environment:checking '/home/khaledob/bookros2_ws/src/install/br2_basics/lib'
[129.374s] Level 1:colcon.colcon_core.environment:checking '/home/khaledob/bookros2_ws/src/install/br2_basics/bin'
[129.374s] Level 1:colcon.colcon_core.environment:checking '/home/khaledob/bookros2_ws/src/install/br2_basics/lib/pkgconfig/br2_basics.pc'
[129.374s] Level 1:colcon.colcon_core.environment:checking '/home/khaledob/bookros2_ws/src/install/br2_basics/lib/python3.8/site-packages'
[129.374s] Level 1:colcon.colcon_core.environment:checking '/home/khaledob/bookros2_ws/src/install/br2_basics/bin'
[129.375s] INFO:colcon.colcon_core.shell:Creating package script '/home/khaledob/bookros2_ws/src/install/br2_basics/share/br2_basics/package.ps1'
[129.376s] INFO:colcon.colcon_core.shell:Creating package descriptor '/home/khaledob/bookros2_ws/src/install/br2_basics/share/br2_basics/package.dsv'
[129.377s] INFO:colcon.colcon_core.shell:Creating package script '/home/khaledob/bookros2_ws/src/install/br2_basics/share/br2_basics/package.sh'
[129.379s] INFO:colcon.colcon_core.shell:Creating package script '/home/khaledob/bookros2_ws/src/install/br2_basics/share/br2_basics/package.bash'
[129.380s] INFO:colcon.colcon_core.shell:Creating package script '/home/khaledob/bookros2_ws/src/install/br2_basics/share/br2_basics/package.zsh'
[129.382s] Level 1:colcon.colcon_core.environment:create_file_with_runtime_dependencies(/home/khaledob/bookros2_ws/src/install/br2_basics/share/colcon-core/packages/br2_basics)
[129.407s] DEBUG:colcon.colcon_core.event_handler.log_command:Invoked command in '/home/khaledob/bookros2_ws/src/build/br2_basics' returned '0': CMAKE_PREFIX_PATH=/opt/ros/foxy /usr/bin/cmake --install /home/khaledob/bookros2_ws/src/build/br2_basics
[129.410s] INFO:colcon.colcon_ros.task.ament_cmake.build:Building ROS package in '/home/khaledob/bookros2_ws/src/t1' with build type 'ament_cmake'
[129.434s] INFO:colcon.colcon_cmake.task.cmake.build:Building CMake package in '/home/khaledob/bookros2_ws/src/t1'
[129.434s] INFO:colcon.colcon_core.shell:Skip shell extension 'powershell' for command environment: Not usable outside of PowerShell
[129.435s] DEBUG:colcon.colcon_core.shell:Skip shell extension 'dsv' for command environment
[129.498s] DEBUG:colcon.colcon_core.event_handler.log_command:Invoking command in '/home/khaledob/bookros2_ws/src/build/t1': CMAKE_PREFIX_PATH=/opt/ros/foxy /usr/bin/cmake /home/khaledob/bookros2_ws/src/t1 -DAMENT_CMAKE_SYMLINK_INSTALL=1 -DCMAKE_INSTALL_PREFIX=/home/khaledob/bookros2_ws/src/install/t1
[130.308s] DEBUG:colcon.colcon_core.event_handler.log_command:Invoked command in '/home/khaledob/bookros2_ws/src/build/groot' returned '0': CMAKE_PREFIX_PATH=/opt/ros/foxy /usr/bin/cmake /home/khaledob/bookros2_ws/src/ThirdParty/Groot -DAMENT_CMAKE_SYMLINK_INSTALL=1 -DCMAKE_INSTALL_PREFIX=/home/khaledob/bookros2_ws/src/install/groot
[130.334s] DEBUG:colcon.colcon_core.event_handler.log_command:Invoking command in '/home/khaledob/bookros2_ws/src/build/groot': CMAKE_PREFIX_PATH=/opt/ros/foxy /usr/bin/cmake --build /home/khaledob/bookros2_ws/src/build/groot -- -j7 -l7
[130.976s] DEBUG:colcon.colcon_core.event_handler.log_command:Invoked command in '/home/khaledob/bookros2_ws/src/build/br2_vff_avoidance' returned '0': CMAKE_PREFIX_PATH=/opt/ros/foxy /usr/bin/cmake /home/khaledob/bookros2_ws/src/book_ros2/br2_vff_avoidance -DAMENT_CMAKE_SYMLINK_INSTALL=1 -DCMAKE_INSTALL_PREFIX=/home/khaledob/bookros2_ws/src/install/br2_vff_avoidance
[130.978s] DEBUG:colcon.colcon_core.event_handler.log_command:Invoking command in '/home/khaledob/bookros2_ws/src/build/br2_vff_avoidance': CMAKE_PREFIX_PATH=/opt/ros/foxy /usr/bin/cmake --build /home/khaledob/bookros2_ws/src/build/br2_vff_avoidance -- -j7 -l7
[143.574s] DEBUG:colcon.colcon_core.event_handler.log_command:Invoked command in '/home/khaledob/bookros2_ws/src/build/t1' returned '1': CMAKE_PREFIX_PATH=/opt/ros/foxy /usr/bin/cmake /home/khaledob/bookros2_ws/src/t1 -DAMENT_CMAKE_SYMLINK_INSTALL=1 -DCMAKE_INSTALL_PREFIX=/home/khaledob/bookros2_ws/src/install/t1
[143.637s] Level 1:colcon.colcon_core.environment:create_environment_scripts_only(t1)
[143.638s] Level 1:colcon.colcon_core.environment:checking '/home/khaledob/bookros2_ws/src/install/t1' for CMake module files
[143.639s] Level 1:colcon.colcon_core.environment:checking '/home/khaledob/bookros2_ws/src/install/t1' for CMake config files
[143.639s] Level 1:colcon.colcon_core.environment:checking '/home/khaledob/bookros2_ws/src/install/t1/bin'
[143.640s] Level 1:colcon.colcon_core.environment:checking '/home/khaledob/bookros2_ws/src/install/t1/lib/pkgconfig/t1.pc'
[143.640s] Level 1:colcon.colcon_core.environment:checking '/home/khaledob/bookros2_ws/src/install/t1/lib/python3.8/site-packages'
[143.641s] Level 1:colcon.colcon_core.environment:checking '/home/khaledob/bookros2_ws/src/install/t1/bin'
[143.641s] INFO:colcon.colcon_core.shell:Creating package script '/home/khaledob/bookros2_ws/src/install/t1/share/t1/package.ps1'
[143.643s] INFO:colcon.colcon_core.shell:Creating package descriptor '/home/khaledob/bookros2_ws/src/install/t1/share/t1/package.dsv'
[143.644s] INFO:colcon.colcon_core.shell:Creating package script '/home/khaledob/bookros2_ws/src/install/t1/share/t1/package.sh'
[143.645s] INFO:colcon.colcon_core.shell:Creating package script '/home/khaledob/bookros2_ws/src/install/t1/share/t1/package.bash'
[143.646s] INFO:colcon.colcon_core.shell:Creating package script '/home/khaledob/bookros2_ws/src/install/t1/share/t1/package.zsh'
[143.674s] Level 1:colcon.colcon_core.environment:create_file_with_runtime_dependencies(/home/khaledob/bookros2_ws/src/install/t1/share/colcon-core/packages/t1)
[159.757s] DEBUG:colcon.colcon_parallel_executor.executor.parallel:run_until_complete was interrupted
[159.758s] DEBUG:colcon.colcon_parallel_executor.executor.parallel:run_until_complete again
[159.864s] DEBUG:colcon.colcon_parallel_executor.executor.parallel:run_until_complete finished
[159.864s] DEBUG:colcon.colcon_parallel_executor.executor.parallel:closing loop
[159.865s] DEBUG:colcon.colcon_parallel_executor.executor.parallel:loop closed
[159.865s] DEBUG:colcon.colcon_core.event_reactor:joining thread
[159.920s] INFO:colcon.colcon_core.plugin_system:Skipping extension 'colcon_notification.desktop_notification.terminal_notifier': Not used on non-Darwin systems
[159.921s] INFO:colcon.colcon_core.plugin_system:Skipping extension 'colcon_notification.desktop_notification.win32': Not used on non-Windows systems
[159.921s] INFO:colcon.colcon_notification.desktop_notification:Sending desktop notification using 'notify2'
[159.991s] DEBUG:colcon.colcon_core.event_reactor:joined thread
[159.992s] INFO:colcon.colcon_core.shell:Creating prefix script '/home/khaledob/bookros2_ws/src/install/local_setup.ps1'
[159.996s] INFO:colcon.colcon_core.shell:Creating prefix util module '/home/khaledob/bookros2_ws/src/install/_local_setup_util_ps1.py'
[160.000s] INFO:colcon.colcon_core.shell:Creating prefix chain script '/home/khaledob/bookros2_ws/src/install/setup.ps1'
[160.004s] INFO:colcon.colcon_core.shell:Creating prefix script '/home/khaledob/bookros2_ws/src/install/local_setup.sh'
[160.006s] INFO:colcon.colcon_core.shell:Creating prefix util module '/home/khaledob/bookros2_ws/src/install/_local_setup_util_sh.py'
[160.007s] INFO:colcon.colcon_core.shell:Creating prefix chain script '/home/khaledob/bookros2_ws/src/install/setup.sh'
[160.010s] INFO:colcon.colcon_core.shell:Creating prefix script '/home/khaledob/bookros2_ws/src/install/local_setup.bash'
[160.012s] INFO:colcon.colcon_core.shell:Creating prefix chain script '/home/khaledob/bookros2_ws/src/install/setup.bash'
[160.015s] INFO:colcon.colcon_core.shell:Creating prefix script '/home/khaledob/bookros2_ws/src/install/local_setup.zsh'
[160.017s] INFO:colcon.colcon_core.shell:Creating prefix chain script '/home/khaledob/bookros2_ws/src/install/setup.zsh'
