[0.207s] DEBUG:colcon:Command line arguments: ['/usr/bin/colcon', 'build', '--symlink-install']
[0.208s] DEBUG:colcon:Parsed command line arguments: Namespace(allow_overriding=[], ament_cmake_args=None, base_paths=['.'], build_base='build', catkin_cmake_args=None, catkin_skip_building_tests=False, cmake_args=None, cmake_clean_cache=False, cmake_clean_first=False, cmake_force_configure=False, cmake_target=None, cmake_target_skip_unavailable=False, continue_on_error=False, event_handlers=None, executor='parallel', ignore_user_meta=False, install_base='install', log_base=None, log_level=None, main=<bound method BuildVerb.main of <colcon_core.verb.build.BuildVerb object at 0x7fddcd1f6bb0>>, merge_install=False, metas=['./colcon.meta'], mixin=None, mixin_files=None, mixin_verb=('build',), packages_above=None, packages_above_and_dependencies=None, packages_above_depth=None, packages_end=None, packages_ignore=None, packages_ignore_regex=None, packages_select=None, packages_select_build_failed=False, packages_select_by_dep=None, packages_select_regex=None, packages_select_test_failures=False, packages_skip=None, packages_skip_build_finished=False, packages_skip_by_dep=None, packages_skip_regex=None, packages_skip_test_passed=False, packages_skip_up_to=None, packages_start=None, packages_up_to=None, packages_up_to_regex=None, parallel_workers=7, paths=None, symlink_install=True, test_result_base=None, verb_extension=<colcon_core.verb.build.BuildVerb object at 0x7fddcd1f6bb0>, verb_name='build', verb_parser=<colcon_mixin.mixin.mixin_argument.MixinArgumentDecorator object at 0x7fddcd15d610>)
[0.382s] Level 1:colcon.colcon_core.package_discovery:discover_packages(colcon_meta) check parameters
[0.383s] Level 1:colcon.colcon_core.package_discovery:discover_packages(recursive) check parameters
[0.383s] Level 1:colcon.colcon_core.package_discovery:discover_packages(ignore) check parameters
[0.383s] Level 1:colcon.colcon_core.package_discovery:discover_packages(path) check parameters
[0.383s] Level 1:colcon.colcon_core.package_discovery:discover_packages(colcon_meta) discover
[0.383s] Level 1:colcon.colcon_core.package_discovery:discover_packages(recursive) discover
[0.383s] INFO:colcon.colcon_core.package_discovery:Crawling recursively for packages in '/home/khaledob/bookros2_ws'
[0.383s] Level 1:colcon.colcon_core.package_identification:_identify(.) by extensions ['ignore', 'ignore_ament_install']
[0.384s] Level 1:colcon.colcon_core.package_identification:_identify(.) by extension 'ignore'
[0.384s] Level 1:colcon.colcon_core.package_identification:_identify(.) by extension 'ignore_ament_install'
[0.384s] Level 1:colcon.colcon_core.package_identification:_identify(.) by extensions ['colcon_pkg']
[0.384s] Level 1:colcon.colcon_core.package_identification:_identify(.) by extension 'colcon_pkg'
[0.385s] Level 1:colcon.colcon_core.package_identification:_identify(.) by extensions ['colcon_meta']
[0.385s] Level 1:colcon.colcon_core.package_identification:_identify(.) by extension 'colcon_meta'
[0.385s] Level 1:colcon.colcon_core.package_identification:_identify(.) by extensions ['ros']
[0.385s] Level 1:colcon.colcon_core.package_identification:_identify(.) by extension 'ros'
[0.399s] Level 1:colcon.colcon_core.package_identification:_identify(.) by extensions ['cmake', 'python']
[0.400s] Level 1:colcon.colcon_core.package_identification:_identify(.) by extension 'cmake'
[0.400s] Level 1:colcon.colcon_core.package_identification:_identify(.) by extension 'python'
[0.400s] Level 1:colcon.colcon_core.package_identification:_identify(.) by extensions ['python_setup_py']
[0.400s] Level 1:colcon.colcon_core.package_identification:_identify(.) by extension 'python_setup_py'
[0.401s] Level 1:colcon.colcon_core.package_identification:_identify(build) by extensions ['ignore', 'ignore_ament_install']
[0.401s] Level 1:colcon.colcon_core.package_identification:_identify(build) by extension 'ignore'
[0.401s] Level 1:colcon.colcon_core.package_identification:_identify(build) ignored
[0.401s] Level 1:colcon.colcon_core.package_identification:_identify(install) by extensions ['ignore', 'ignore_ament_install']
[0.401s] Level 1:colcon.colcon_core.package_identification:_identify(install) by extension 'ignore'
[0.402s] Level 1:colcon.colcon_core.package_identification:_identify(install) ignored
[0.402s] Level 1:colcon.colcon_core.package_identification:_identify(log) by extensions ['ignore', 'ignore_ament_install']
[0.402s] Level 1:colcon.colcon_core.package_identification:_identify(log) by extension 'ignore'
[0.402s] Level 1:colcon.colcon_core.package_identification:_identify(log) ignored
[0.402s] Level 1:colcon.colcon_core.package_identification:_identify(src) by extensions ['ignore', 'ignore_ament_install']
[0.402s] Level 1:colcon.colcon_core.package_identification:_identify(src) by extension 'ignore'
[0.402s] Level 1:colcon.colcon_core.package_identification:_identify(src) by extension 'ignore_ament_install'
[0.402s] Level 1:colcon.colcon_core.package_identification:_identify(src) by extensions ['colcon_pkg']
[0.402s] Level 1:colcon.colcon_core.package_identification:_identify(src) by extension 'colcon_pkg'
[0.402s] Level 1:colcon.colcon_core.package_identification:_identify(src) by extensions ['colcon_meta']
[0.402s] Level 1:colcon.colcon_core.package_identification:_identify(src) by extension 'colcon_meta'
[0.402s] Level 1:colcon.colcon_core.package_identification:_identify(src) by extensions ['ros']
[0.402s] Level 1:colcon.colcon_core.package_identification:_identify(src) by extension 'ros'
[0.403s] Level 1:colcon.colcon_core.package_identification:_identify(src) by extensions ['cmake', 'python']
[0.403s] Level 1:colcon.colcon_core.package_identification:_identify(src) by extension 'cmake'
[0.403s] Level 1:colcon.colcon_core.package_identification:_identify(src) by extension 'python'
[0.403s] Level 1:colcon.colcon_core.package_identification:_identify(src) by extensions ['python_setup_py']
[0.403s] Level 1:colcon.colcon_core.package_identification:_identify(src) by extension 'python_setup_py'
[0.403s] Level 1:colcon.colcon_core.package_identification:_identify(src/ThirdParty) by extensions ['ignore', 'ignore_ament_install']
[0.403s] Level 1:colcon.colcon_core.package_identification:_identify(src/ThirdParty) by extension 'ignore'
[0.403s] Level 1:colcon.colcon_core.package_identification:_identify(src/ThirdParty) by extension 'ignore_ament_install'
[0.403s] Level 1:colcon.colcon_core.package_identification:_identify(src/ThirdParty) by extensions ['colcon_pkg']
[0.403s] Level 1:colcon.colcon_core.package_identification:_identify(src/ThirdParty) by extension 'colcon_pkg'
[0.403s] Level 1:colcon.colcon_core.package_identification:_identify(src/ThirdParty) by extensions ['colcon_meta']
[0.403s] Level 1:colcon.colcon_core.package_identification:_identify(src/ThirdParty) by extension 'colcon_meta'
[0.403s] Level 1:colcon.colcon_core.package_identification:_identify(src/ThirdParty) by extensions ['ros']
[0.403s] Level 1:colcon.colcon_core.package_identification:_identify(src/ThirdParty) by extension 'ros'
[0.403s] Level 1:colcon.colcon_core.package_identification:_identify(src/ThirdParty) by extensions ['cmake', 'python']
[0.403s] Level 1:colcon.colcon_core.package_identification:_identify(src/ThirdParty) by extension 'cmake'
[0.403s] Level 1:colcon.colcon_core.package_identification:_identify(src/ThirdParty) by extension 'python'
[0.403s] Level 1:colcon.colcon_core.package_identification:_identify(src/ThirdParty) by extensions ['python_setup_py']
[0.403s] Level 1:colcon.colcon_core.package_identification:_identify(src/ThirdParty) by extension 'python_setup_py'
[0.404s] Level 1:colcon.colcon_core.package_identification:_identify(src/ThirdParty/Groot) by extensions ['ignore', 'ignore_ament_install']
[0.404s] Level 1:colcon.colcon_core.package_identification:_identify(src/ThirdParty/Groot) by extension 'ignore'
[0.404s] Level 1:colcon.colcon_core.package_identification:_identify(src/ThirdParty/Groot) by extension 'ignore_ament_install'
[0.404s] Level 1:colcon.colcon_core.package_identification:_identify(src/ThirdParty/Groot) by extensions ['colcon_pkg']
[0.404s] Level 1:colcon.colcon_core.package_identification:_identify(src/ThirdParty/Groot) by extension 'colcon_pkg'
[0.404s] Level 1:colcon.colcon_core.package_identification:_identify(src/ThirdParty/Groot) by extensions ['colcon_meta']
[0.404s] Level 1:colcon.colcon_core.package_identification:_identify(src/ThirdParty/Groot) by extension 'colcon_meta'
[0.404s] Level 1:colcon.colcon_core.package_identification:_identify(src/ThirdParty/Groot) by extensions ['ros']
[0.404s] Level 1:colcon.colcon_core.package_identification:_identify(src/ThirdParty/Groot) by extension 'ros'
[0.410s] DEBUG:colcon.colcon_core.package_identification:Package 'src/ThirdParty/Groot' with type 'ros.ament_cmake' and name 'groot'
[0.410s] Level 1:colcon.colcon_core.package_identification:_identify(src/ThirdParty/gazebo_ros2_control) by extensions ['ignore', 'ignore_ament_install']
[0.410s] Level 1:colcon.colcon_core.package_identification:_identify(src/ThirdParty/gazebo_ros2_control) by extension 'ignore'
[0.411s] Level 1:colcon.colcon_core.package_identification:_identify(src/ThirdParty/gazebo_ros2_control) by extension 'ignore_ament_install'
[0.411s] Level 1:colcon.colcon_core.package_identification:_identify(src/ThirdParty/gazebo_ros2_control) by extensions ['colcon_pkg']
[0.411s] Level 1:colcon.colcon_core.package_identification:_identify(src/ThirdParty/gazebo_ros2_control) by extension 'colcon_pkg'
[0.411s] Level 1:colcon.colcon_core.package_identification:_identify(src/ThirdParty/gazebo_ros2_control) by extensions ['colcon_meta']
[0.411s] Level 1:colcon.colcon_core.package_identification:_identify(src/ThirdParty/gazebo_ros2_control) by extension 'colcon_meta'
[0.411s] Level 1:colcon.colcon_core.package_identification:_identify(src/ThirdParty/gazebo_ros2_control) by extensions ['ros']
[0.411s] Level 1:colcon.colcon_core.package_identification:_identify(src/ThirdParty/gazebo_ros2_control) by extension 'ros'
[0.411s] Level 1:colcon.colcon_core.package_identification:_identify(src/ThirdParty/gazebo_ros2_control) by extensions ['cmake', 'python']
[0.411s] Level 1:colcon.colcon_core.package_identification:_identify(src/ThirdParty/gazebo_ros2_control) by extension 'cmake'
[0.411s] Level 1:colcon.colcon_core.package_identification:_identify(src/ThirdParty/gazebo_ros2_control) by extension 'python'
[0.411s] Level 1:colcon.colcon_core.package_identification:_identify(src/ThirdParty/gazebo_ros2_control) by extensions ['python_setup_py']
[0.411s] Level 1:colcon.colcon_core.package_identification:_identify(src/ThirdParty/gazebo_ros2_control) by extension 'python_setup_py'
[0.412s] Level 1:colcon.colcon_core.package_identification:_identify(src/ThirdParty/gazebo_ros2_control/Docker) by extensions ['ignore', 'ignore_ament_install']
[0.412s] Level 1:colcon.colcon_core.package_identification:_identify(src/ThirdParty/gazebo_ros2_control/Docker) by extension 'ignore'
[0.412s] Level 1:colcon.colcon_core.package_identification:_identify(src/ThirdParty/gazebo_ros2_control/Docker) by extension 'ignore_ament_install'
[0.412s] Level 1:colcon.colcon_core.package_identification:_identify(src/ThirdParty/gazebo_ros2_control/Docker) by extensions ['colcon_pkg']
[0.413s] Level 1:colcon.colcon_core.package_identification:_identify(src/ThirdParty/gazebo_ros2_control/Docker) by extension 'colcon_pkg'
[0.413s] Level 1:colcon.colcon_core.package_identification:_identify(src/ThirdParty/gazebo_ros2_control/Docker) by extensions ['colcon_meta']
[0.413s] Level 1:colcon.colcon_core.package_identification:_identify(src/ThirdParty/gazebo_ros2_control/Docker) by extension 'colcon_meta'
[0.413s] Level 1:colcon.colcon_core.package_identification:_identify(src/ThirdParty/gazebo_ros2_control/Docker) by extensions ['ros']
[0.413s] Level 1:colcon.colcon_core.package_identification:_identify(src/ThirdParty/gazebo_ros2_control/Docker) by extension 'ros'
[0.413s] Level 1:colcon.colcon_core.package_identification:_identify(src/ThirdParty/gazebo_ros2_control/Docker) by extensions ['cmake', 'python']
[0.413s] Level 1:colcon.colcon_core.package_identification:_identify(src/ThirdParty/gazebo_ros2_control/Docker) by extension 'cmake'
[0.413s] Level 1:colcon.colcon_core.package_identification:_identify(src/ThirdParty/gazebo_ros2_control/Docker) by extension 'python'
[0.413s] Level 1:colcon.colcon_core.package_identification:_identify(src/ThirdParty/gazebo_ros2_control/Docker) by extensions ['python_setup_py']
[0.413s] Level 1:colcon.colcon_core.package_identification:_identify(src/ThirdParty/gazebo_ros2_control/Docker) by extension 'python_setup_py'
[0.414s] Level 1:colcon.colcon_core.package_identification:_identify(src/ThirdParty/gazebo_ros2_control/gazebo_ros2_control) by extensions ['ignore', 'ignore_ament_install']
[0.414s] Level 1:colcon.colcon_core.package_identification:_identify(src/ThirdParty/gazebo_ros2_control/gazebo_ros2_control) by extension 'ignore'
[0.414s] Level 1:colcon.colcon_core.package_identification:_identify(src/ThirdParty/gazebo_ros2_control/gazebo_ros2_control) by extension 'ignore_ament_install'
[0.414s] Level 1:colcon.colcon_core.package_identification:_identify(src/ThirdParty/gazebo_ros2_control/gazebo_ros2_control) by extensions ['colcon_pkg']
[0.414s] Level 1:colcon.colcon_core.package_identification:_identify(src/ThirdParty/gazebo_ros2_control/gazebo_ros2_control) by extension 'colcon_pkg'
[0.414s] Level 1:colcon.colcon_core.package_identification:_identify(src/ThirdParty/gazebo_ros2_control/gazebo_ros2_control) by extensions ['colcon_meta']
[0.414s] Level 1:colcon.colcon_core.package_identification:_identify(src/ThirdParty/gazebo_ros2_control/gazebo_ros2_control) by extension 'colcon_meta'
[0.414s] Level 1:colcon.colcon_core.package_identification:_identify(src/ThirdParty/gazebo_ros2_control/gazebo_ros2_control) by extensions ['ros']
[0.414s] Level 1:colcon.colcon_core.package_identification:_identify(src/ThirdParty/gazebo_ros2_control/gazebo_ros2_control) by extension 'ros'
[0.416s] DEBUG:colcon.colcon_core.package_identification:Package 'src/ThirdParty/gazebo_ros2_control/gazebo_ros2_control' with type 'ros.ament_cmake' and name 'gazebo_ros2_control'
[0.417s] Level 1:colcon.colcon_core.package_identification:_identify(src/ThirdParty/gazebo_ros2_control/gazebo_ros2_control_demos) by extensions ['ignore', 'ignore_ament_install']
[0.417s] Level 1:colcon.colcon_core.package_identification:_identify(src/ThirdParty/gazebo_ros2_control/gazebo_ros2_control_demos) by extension 'ignore'
[0.417s] Level 1:colcon.colcon_core.package_identification:_identify(src/ThirdParty/gazebo_ros2_control/gazebo_ros2_control_demos) by extension 'ignore_ament_install'
[0.417s] Level 1:colcon.colcon_core.package_identification:_identify(src/ThirdParty/gazebo_ros2_control/gazebo_ros2_control_demos) by extensions ['colcon_pkg']
[0.417s] Level 1:colcon.colcon_core.package_identification:_identify(src/ThirdParty/gazebo_ros2_control/gazebo_ros2_control_demos) by extension 'colcon_pkg'
[0.417s] Level 1:colcon.colcon_core.package_identification:_identify(src/ThirdParty/gazebo_ros2_control/gazebo_ros2_control_demos) by extensions ['colcon_meta']
[0.417s] Level 1:colcon.colcon_core.package_identification:_identify(src/ThirdParty/gazebo_ros2_control/gazebo_ros2_control_demos) by extension 'colcon_meta'
[0.417s] Level 1:colcon.colcon_core.package_identification:_identify(src/ThirdParty/gazebo_ros2_control/gazebo_ros2_control_demos) by extensions ['ros']
[0.417s] Level 1:colcon.colcon_core.package_identification:_identify(src/ThirdParty/gazebo_ros2_control/gazebo_ros2_control_demos) by extension 'ros'
[0.419s] DEBUG:colcon.colcon_core.package_identification:Package 'src/ThirdParty/gazebo_ros2_control/gazebo_ros2_control_demos' with type 'ros.ament_cmake' and name 'gazebo_ros2_control_demos'
[0.419s] Level 1:colcon.colcon_core.package_identification:_identify(src/ThirdParty/gazebo_ros2_control/img) by extensions ['ignore', 'ignore_ament_install']
[0.419s] Level 1:colcon.colcon_core.package_identification:_identify(src/ThirdParty/gazebo_ros2_control/img) by extension 'ignore'
[0.419s] Level 1:colcon.colcon_core.package_identification:_identify(src/ThirdParty/gazebo_ros2_control/img) by extension 'ignore_ament_install'
[0.420s] Level 1:colcon.colcon_core.package_identification:_identify(src/ThirdParty/gazebo_ros2_control/img) by extensions ['colcon_pkg']
[0.420s] Level 1:colcon.colcon_core.package_identification:_identify(src/ThirdParty/gazebo_ros2_control/img) by extension 'colcon_pkg'
[0.420s] Level 1:colcon.colcon_core.package_identification:_identify(src/ThirdParty/gazebo_ros2_control/img) by extensions ['colcon_meta']
[0.420s] Level 1:colcon.colcon_core.package_identification:_identify(src/ThirdParty/gazebo_ros2_control/img) by extension 'colcon_meta'
[0.420s] Level 1:colcon.colcon_core.package_identification:_identify(src/ThirdParty/gazebo_ros2_control/img) by extensions ['ros']
[0.420s] Level 1:colcon.colcon_core.package_identification:_identify(src/ThirdParty/gazebo_ros2_control/img) by extension 'ros'
[0.420s] Level 1:colcon.colcon_core.package_identification:_identify(src/ThirdParty/gazebo_ros2_control/img) by extensions ['cmake', 'python']
[0.420s] Level 1:colcon.colcon_core.package_identification:_identify(src/ThirdParty/gazebo_ros2_control/img) by extension 'cmake'
[0.420s] Level 1:colcon.colcon_core.package_identification:_identify(src/ThirdParty/gazebo_ros2_control/img) by extension 'python'
[0.420s] Level 1:colcon.colcon_core.package_identification:_identify(src/ThirdParty/gazebo_ros2_control/img) by extensions ['python_setup_py']
[0.420s] Level 1:colcon.colcon_core.package_identification:_identify(src/ThirdParty/gazebo_ros2_control/img) by extension 'python_setup_py'
[0.420s] Level 1:colcon.colcon_core.package_identification:_identify(src/ThirdParty/hey5_description) by extensions ['ignore', 'ignore_ament_install']
[0.420s] Level 1:colcon.colcon_core.package_identification:_identify(src/ThirdParty/hey5_description) by extension 'ignore'
[0.420s] Level 1:colcon.colcon_core.package_identification:_identify(src/ThirdParty/hey5_description) by extension 'ignore_ament_install'
[0.421s] Level 1:colcon.colcon_core.package_identification:_identify(src/ThirdParty/hey5_description) by extensions ['colcon_pkg']
[0.421s] Level 1:colcon.colcon_core.package_identification:_identify(src/ThirdParty/hey5_description) by extension 'colcon_pkg'
[0.421s] Level 1:colcon.colcon_core.package_identification:_identify(src/ThirdParty/hey5_description) by extensions ['colcon_meta']
[0.421s] Level 1:colcon.colcon_core.package_identification:_identify(src/ThirdParty/hey5_description) by extension 'colcon_meta'
[0.421s] Level 1:colcon.colcon_core.package_identification:_identify(src/ThirdParty/hey5_description) by extensions ['ros']
[0.421s] Level 1:colcon.colcon_core.package_identification:_identify(src/ThirdParty/hey5_description) by extension 'ros'
[0.421s] DEBUG:colcon.colcon_core.package_identification:Package 'src/ThirdParty/hey5_description' with type 'ros.ament_cmake' and name 'hey5_description'
[0.422s] Level 1:colcon.colcon_core.package_identification:_identify(src/ThirdParty/launch_pal) by extensions ['ignore', 'ignore_ament_install']
[0.422s] Level 1:colcon.colcon_core.package_identification:_identify(src/ThirdParty/launch_pal) by extension 'ignore'
[0.422s] Level 1:colcon.colcon_core.package_identification:_identify(src/ThirdParty/launch_pal) by extension 'ignore_ament_install'
[0.422s] Level 1:colcon.colcon_core.package_identification:_identify(src/ThirdParty/launch_pal) by extensions ['colcon_pkg']
[0.422s] Level 1:colcon.colcon_core.package_identification:_identify(src/ThirdParty/launch_pal) by extension 'colcon_pkg'
[0.422s] Level 1:colcon.colcon_core.package_identification:_identify(src/ThirdParty/launch_pal) by extensions ['colcon_meta']
[0.422s] Level 1:colcon.colcon_core.package_identification:_identify(src/ThirdParty/launch_pal) by extension 'colcon_meta'
[0.422s] Level 1:colcon.colcon_core.package_identification:_identify(src/ThirdParty/launch_pal) by extensions ['ros']
[0.422s] Level 1:colcon.colcon_core.package_identification:_identify(src/ThirdParty/launch_pal) by extension 'ros'
[0.423s] DEBUG:colcon.colcon_core.package_identification:Package 'src/ThirdParty/launch_pal' with type 'ros.ament_python' and name 'launch_pal'
[0.423s] Level 1:colcon.colcon_core.package_identification:_identify(src/ThirdParty/pal_gazebo_worlds) by extensions ['ignore', 'ignore_ament_install']
[0.423s] Level 1:colcon.colcon_core.package_identification:_identify(src/ThirdParty/pal_gazebo_worlds) by extension 'ignore'
[0.423s] Level 1:colcon.colcon_core.package_identification:_identify(src/ThirdParty/pal_gazebo_worlds) by extension 'ignore_ament_install'
[0.423s] Level 1:colcon.colcon_core.package_identification:_identify(src/ThirdParty/pal_gazebo_worlds) by extensions ['colcon_pkg']
[0.423s] Level 1:colcon.colcon_core.package_identification:_identify(src/ThirdParty/pal_gazebo_worlds) by extension 'colcon_pkg'
[0.423s] Level 1:colcon.colcon_core.package_identification:_identify(src/ThirdParty/pal_gazebo_worlds) by extensions ['colcon_meta']
[0.423s] Level 1:colcon.colcon_core.package_identification:_identify(src/ThirdParty/pal_gazebo_worlds) by extension 'colcon_meta'
[0.423s] Level 1:colcon.colcon_core.package_identification:_identify(src/ThirdParty/pal_gazebo_worlds) by extensions ['ros']
[0.423s] Level 1:colcon.colcon_core.package_identification:_identify(src/ThirdParty/pal_gazebo_worlds) by extension 'ros'
[0.424s] DEBUG:colcon.colcon_core.package_identification:Package 'src/ThirdParty/pal_gazebo_worlds' with type 'ros.ament_cmake' and name 'pal_gazebo_worlds'
[0.424s] Level 1:colcon.colcon_core.package_identification:_identify(src/ThirdParty/pal_gripper) by extensions ['ignore', 'ignore_ament_install']
[0.424s] Level 1:colcon.colcon_core.package_identification:_identify(src/ThirdParty/pal_gripper) by extension 'ignore'
[0.425s] Level 1:colcon.colcon_core.package_identification:_identify(src/ThirdParty/pal_gripper) by extension 'ignore_ament_install'
[0.425s] Level 1:colcon.colcon_core.package_identification:_identify(src/ThirdParty/pal_gripper) by extensions ['colcon_pkg']
[0.425s] Level 1:colcon.colcon_core.package_identification:_identify(src/ThirdParty/pal_gripper) by extension 'colcon_pkg'
[0.425s] Level 1:colcon.colcon_core.package_identification:_identify(src/ThirdParty/pal_gripper) by extensions ['colcon_meta']
[0.425s] Level 1:colcon.colcon_core.package_identification:_identify(src/ThirdParty/pal_gripper) by extension 'colcon_meta'
[0.425s] Level 1:colcon.colcon_core.package_identification:_identify(src/ThirdParty/pal_gripper) by extensions ['ros']
[0.425s] Level 1:colcon.colcon_core.package_identification:_identify(src/ThirdParty/pal_gripper) by extension 'ros'
[0.425s] Level 1:colcon.colcon_core.package_identification:_identify(src/ThirdParty/pal_gripper) by extensions ['cmake', 'python']
[0.425s] Level 1:colcon.colcon_core.package_identification:_identify(src/ThirdParty/pal_gripper) by extension 'cmake'
[0.425s] Level 1:colcon.colcon_core.package_identification:_identify(src/ThirdParty/pal_gripper) by extension 'python'
[0.425s] Level 1:colcon.colcon_core.package_identification:_identify(src/ThirdParty/pal_gripper) by extensions ['python_setup_py']
[0.425s] Level 1:colcon.colcon_core.package_identification:_identify(src/ThirdParty/pal_gripper) by extension 'python_setup_py'
[0.426s] Level 1:colcon.colcon_core.package_identification:_identify(src/ThirdParty/pal_gripper/pal_gripper) by extensions ['ignore', 'ignore_ament_install']
[0.426s] Level 1:colcon.colcon_core.package_identification:_identify(src/ThirdParty/pal_gripper/pal_gripper) by extension 'ignore'
[0.426s] Level 1:colcon.colcon_core.package_identification:_identify(src/ThirdParty/pal_gripper/pal_gripper) by extension 'ignore_ament_install'
[0.426s] Level 1:colcon.colcon_core.package_identification:_identify(src/ThirdParty/pal_gripper/pal_gripper) by extensions ['colcon_pkg']
[0.426s] Level 1:colcon.colcon_core.package_identification:_identify(src/ThirdParty/pal_gripper/pal_gripper) by extension 'colcon_pkg'
[0.426s] Level 1:colcon.colcon_core.package_identification:_identify(src/ThirdParty/pal_gripper/pal_gripper) by extensions ['colcon_meta']
[0.426s] Level 1:colcon.colcon_core.package_identification:_identify(src/ThirdParty/pal_gripper/pal_gripper) by extension 'colcon_meta'
[0.426s] Level 1:colcon.colcon_core.package_identification:_identify(src/ThirdParty/pal_gripper/pal_gripper) by extensions ['ros']
[0.426s] Level 1:colcon.colcon_core.package_identification:_identify(src/ThirdParty/pal_gripper/pal_gripper) by extension 'ros'
[0.427s] DEBUG:colcon.colcon_core.package_identification:Package 'src/ThirdParty/pal_gripper/pal_gripper' with type 'ros.ament_cmake' and name 'pal_gripper'
[0.427s] Level 1:colcon.colcon_core.package_identification:_identify(src/ThirdParty/pal_gripper/pal_gripper_controller_configuration) by extensions ['ignore', 'ignore_ament_install']
[0.427s] Level 1:colcon.colcon_core.package_identification:_identify(src/ThirdParty/pal_gripper/pal_gripper_controller_configuration) by extension 'ignore'
[0.427s] Level 1:colcon.colcon_core.package_identification:_identify(src/ThirdParty/pal_gripper/pal_gripper_controller_configuration) by extension 'ignore_ament_install'
[0.427s] Level 1:colcon.colcon_core.package_identification:_identify(src/ThirdParty/pal_gripper/pal_gripper_controller_configuration) by extensions ['colcon_pkg']
[0.427s] Level 1:colcon.colcon_core.package_identification:_identify(src/ThirdParty/pal_gripper/pal_gripper_controller_configuration) by extension 'colcon_pkg'
[0.427s] Level 1:colcon.colcon_core.package_identification:_identify(src/ThirdParty/pal_gripper/pal_gripper_controller_configuration) by extensions ['colcon_meta']
[0.427s] Level 1:colcon.colcon_core.package_identification:_identify(src/ThirdParty/pal_gripper/pal_gripper_controller_configuration) by extension 'colcon_meta'
[0.428s] Level 1:colcon.colcon_core.package_identification:_identify(src/ThirdParty/pal_gripper/pal_gripper_controller_configuration) by extensions ['ros']
[0.428s] Level 1:colcon.colcon_core.package_identification:_identify(src/ThirdParty/pal_gripper/pal_gripper_controller_configuration) by extension 'ros'
[0.429s] DEBUG:colcon.colcon_core.package_identification:Package 'src/ThirdParty/pal_gripper/pal_gripper_controller_configuration' with type 'ros.ament_cmake' and name 'pal_gripper_controller_configuration'
[0.429s] Level 1:colcon.colcon_core.package_identification:_identify(src/ThirdParty/pal_gripper/pal_gripper_controller_configuration_gazebo) by extensions ['ignore', 'ignore_ament_install']
[0.430s] Level 1:colcon.colcon_core.package_identification:_identify(src/ThirdParty/pal_gripper/pal_gripper_controller_configuration_gazebo) by extension 'ignore'
[0.430s] Level 1:colcon.colcon_core.package_identification:_identify(src/ThirdParty/pal_gripper/pal_gripper_controller_configuration_gazebo) ignored
[0.430s] Level 1:colcon.colcon_core.package_identification:_identify(src/ThirdParty/pal_gripper/pal_gripper_description) by extensions ['ignore', 'ignore_ament_install']
[0.430s] Level 1:colcon.colcon_core.package_identification:_identify(src/ThirdParty/pal_gripper/pal_gripper_description) by extension 'ignore'
[0.430s] Level 1:colcon.colcon_core.package_identification:_identify(src/ThirdParty/pal_gripper/pal_gripper_description) by extension 'ignore_ament_install'
[0.430s] Level 1:colcon.colcon_core.package_identification:_identify(src/ThirdParty/pal_gripper/pal_gripper_description) by extensions ['colcon_pkg']
[0.430s] Level 1:colcon.colcon_core.package_identification:_identify(src/ThirdParty/pal_gripper/pal_gripper_description) by extension 'colcon_pkg'
[0.430s] Level 1:colcon.colcon_core.package_identification:_identify(src/ThirdParty/pal_gripper/pal_gripper_description) by extensions ['colcon_meta']
[0.430s] Level 1:colcon.colcon_core.package_identification:_identify(src/ThirdParty/pal_gripper/pal_gripper_description) by extension 'colcon_meta'
[0.430s] Level 1:colcon.colcon_core.package_identification:_identify(src/ThirdParty/pal_gripper/pal_gripper_description) by extensions ['ros']
[0.431s] Level 1:colcon.colcon_core.package_identification:_identify(src/ThirdParty/pal_gripper/pal_gripper_description) by extension 'ros'
[0.432s] DEBUG:colcon.colcon_core.package_identification:Package 'src/ThirdParty/pal_gripper/pal_gripper_description' with type 'ros.ament_cmake' and name 'pal_gripper_description'
[0.432s] Level 1:colcon.colcon_core.package_identification:_identify(src/ThirdParty/pal_gripper/pal_gripper_gazebo) by extensions ['ignore', 'ignore_ament_install']
[0.432s] Level 1:colcon.colcon_core.package_identification:_identify(src/ThirdParty/pal_gripper/pal_gripper_gazebo) by extension 'ignore'
[0.432s] Level 1:colcon.colcon_core.package_identification:_identify(src/ThirdParty/pal_gripper/pal_gripper_gazebo) ignored
[0.433s] Level 1:colcon.colcon_core.package_identification:_identify(src/ThirdParty/pal_gripper/pal_parallel_gripper_wrapper) by extensions ['ignore', 'ignore_ament_install']
[0.433s] Level 1:colcon.colcon_core.package_identification:_identify(src/ThirdParty/pal_gripper/pal_parallel_gripper_wrapper) by extension 'ignore'
[0.433s] Level 1:colcon.colcon_core.package_identification:_identify(src/ThirdParty/pal_gripper/pal_parallel_gripper_wrapper) ignored
[0.433s] Level 1:colcon.colcon_core.package_identification:_identify(src/ThirdParty/pmb2_navigation) by extensions ['ignore', 'ignore_ament_install']
[0.433s] Level 1:colcon.colcon_core.package_identification:_identify(src/ThirdParty/pmb2_navigation) by extension 'ignore'
[0.433s] Level 1:colcon.colcon_core.package_identification:_identify(src/ThirdParty/pmb2_navigation) by extension 'ignore_ament_install'
[0.433s] Level 1:colcon.colcon_core.package_identification:_identify(src/ThirdParty/pmb2_navigation) by extensions ['colcon_pkg']
[0.433s] Level 1:colcon.colcon_core.package_identification:_identify(src/ThirdParty/pmb2_navigation) by extension 'colcon_pkg'
[0.433s] Level 1:colcon.colcon_core.package_identification:_identify(src/ThirdParty/pmb2_navigation) by extensions ['colcon_meta']
[0.433s] Level 1:colcon.colcon_core.package_identification:_identify(src/ThirdParty/pmb2_navigation) by extension 'colcon_meta'
[0.433s] Level 1:colcon.colcon_core.package_identification:_identify(src/ThirdParty/pmb2_navigation) by extensions ['ros']
[0.433s] Level 1:colcon.colcon_core.package_identification:_identify(src/ThirdParty/pmb2_navigation) by extension 'ros'
[0.433s] Level 1:colcon.colcon_core.package_identification:_identify(src/ThirdParty/pmb2_navigation) by extensions ['cmake', 'python']
[0.433s] Level 1:colcon.colcon_core.package_identification:_identify(src/ThirdParty/pmb2_navigation) by extension 'cmake'
[0.434s] Level 1:colcon.colcon_core.package_identification:_identify(src/ThirdParty/pmb2_navigation) by extension 'python'
[0.434s] Level 1:colcon.colcon_core.package_identification:_identify(src/ThirdParty/pmb2_navigation) by extensions ['python_setup_py']
[0.434s] Level 1:colcon.colcon_core.package_identification:_identify(src/ThirdParty/pmb2_navigation) by extension 'python_setup_py'
[0.434s] Level 1:colcon.colcon_core.package_identification:_identify(src/ThirdParty/pmb2_navigation/pmb2_2dnav) by extensions ['ignore', 'ignore_ament_install']
[0.434s] Level 1:colcon.colcon_core.package_identification:_identify(src/ThirdParty/pmb2_navigation/pmb2_2dnav) by extension 'ignore'
[0.434s] Level 1:colcon.colcon_core.package_identification:_identify(src/ThirdParty/pmb2_navigation/pmb2_2dnav) by extension 'ignore_ament_install'
[0.434s] Level 1:colcon.colcon_core.package_identification:_identify(src/ThirdParty/pmb2_navigation/pmb2_2dnav) by extensions ['colcon_pkg']
[0.434s] Level 1:colcon.colcon_core.package_identification:_identify(src/ThirdParty/pmb2_navigation/pmb2_2dnav) by extension 'colcon_pkg'
[0.434s] Level 1:colcon.colcon_core.package_identification:_identify(src/ThirdParty/pmb2_navigation/pmb2_2dnav) by extensions ['colcon_meta']
[0.434s] Level 1:colcon.colcon_core.package_identification:_identify(src/ThirdParty/pmb2_navigation/pmb2_2dnav) by extension 'colcon_meta'
[0.434s] Level 1:colcon.colcon_core.package_identification:_identify(src/ThirdParty/pmb2_navigation/pmb2_2dnav) by extensions ['ros']
[0.434s] Level 1:colcon.colcon_core.package_identification:_identify(src/ThirdParty/pmb2_navigation/pmb2_2dnav) by extension 'ros'
[0.435s] DEBUG:colcon.colcon_core.package_identification:Package 'src/ThirdParty/pmb2_navigation/pmb2_2dnav' with type 'ros.ament_cmake' and name 'pmb2_2dnav'
[0.435s] Level 1:colcon.colcon_core.package_identification:_identify(src/ThirdParty/pmb2_navigation/pmb2_laser_sensors) by extensions ['ignore', 'ignore_ament_install']
[0.436s] Level 1:colcon.colcon_core.package_identification:_identify(src/ThirdParty/pmb2_navigation/pmb2_laser_sensors) by extension 'ignore'
[0.436s] Level 1:colcon.colcon_core.package_identification:_identify(src/ThirdParty/pmb2_navigation/pmb2_laser_sensors) ignored
[0.436s] Level 1:colcon.colcon_core.package_identification:_identify(src/ThirdParty/pmb2_navigation/pmb2_maps) by extensions ['ignore', 'ignore_ament_install']
[0.436s] Level 1:colcon.colcon_core.package_identification:_identify(src/ThirdParty/pmb2_navigation/pmb2_maps) by extension 'ignore'
[0.436s] Level 1:colcon.colcon_core.package_identification:_identify(src/ThirdParty/pmb2_navigation/pmb2_maps) by extension 'ignore_ament_install'
[0.436s] Level 1:colcon.colcon_core.package_identification:_identify(src/ThirdParty/pmb2_navigation/pmb2_maps) by extensions ['colcon_pkg']
[0.436s] Level 1:colcon.colcon_core.package_identification:_identify(src/ThirdParty/pmb2_navigation/pmb2_maps) by extension 'colcon_pkg'
[0.436s] Level 1:colcon.colcon_core.package_identification:_identify(src/ThirdParty/pmb2_navigation/pmb2_maps) by extensions ['colcon_meta']
[0.436s] Level 1:colcon.colcon_core.package_identification:_identify(src/ThirdParty/pmb2_navigation/pmb2_maps) by extension 'colcon_meta'
[0.436s] Level 1:colcon.colcon_core.package_identification:_identify(src/ThirdParty/pmb2_navigation/pmb2_maps) by extensions ['ros']
[0.436s] Level 1:colcon.colcon_core.package_identification:_identify(src/ThirdParty/pmb2_navigation/pmb2_maps) by extension 'ros'
[0.437s] DEBUG:colcon.colcon_core.package_identification:Package 'src/ThirdParty/pmb2_navigation/pmb2_maps' with type 'ros.ament_cmake' and name 'pmb2_maps'
[0.437s] Level 1:colcon.colcon_core.package_identification:_identify(src/ThirdParty/pmb2_navigation/pmb2_navigation) by extensions ['ignore', 'ignore_ament_install']
[0.437s] Level 1:colcon.colcon_core.package_identification:_identify(src/ThirdParty/pmb2_navigation/pmb2_navigation) by extension 'ignore'
[0.437s] Level 1:colcon.colcon_core.package_identification:_identify(src/ThirdParty/pmb2_navigation/pmb2_navigation) by extension 'ignore_ament_install'
[0.437s] Level 1:colcon.colcon_core.package_identification:_identify(src/ThirdParty/pmb2_navigation/pmb2_navigation) by extensions ['colcon_pkg']
[0.437s] Level 1:colcon.colcon_core.package_identification:_identify(src/ThirdParty/pmb2_navigation/pmb2_navigation) by extension 'colcon_pkg'
[0.438s] Level 1:colcon.colcon_core.package_identification:_identify(src/ThirdParty/pmb2_navigation/pmb2_navigation) by extensions ['colcon_meta']
[0.438s] Level 1:colcon.colcon_core.package_identification:_identify(src/ThirdParty/pmb2_navigation/pmb2_navigation) by extension 'colcon_meta'
[0.438s] Level 1:colcon.colcon_core.package_identification:_identify(src/ThirdParty/pmb2_navigation/pmb2_navigation) by extensions ['ros']
[0.438s] Level 1:colcon.colcon_core.package_identification:_identify(src/ThirdParty/pmb2_navigation/pmb2_navigation) by extension 'ros'
[0.438s] DEBUG:colcon.colcon_core.package_identification:Package 'src/ThirdParty/pmb2_navigation/pmb2_navigation' with type 'ros.ament_cmake' and name 'pmb2_navigation'
[0.438s] Level 1:colcon.colcon_core.package_identification:_identify(src/ThirdParty/pmb2_navigation/pmb2_rgbd_sensors) by extensions ['ignore', 'ignore_ament_install']
[0.439s] Level 1:colcon.colcon_core.package_identification:_identify(src/ThirdParty/pmb2_navigation/pmb2_rgbd_sensors) by extension 'ignore'
[0.439s] Level 1:colcon.colcon_core.package_identification:_identify(src/ThirdParty/pmb2_navigation/pmb2_rgbd_sensors) ignored
[0.439s] Level 1:colcon.colcon_core.package_identification:_identify(src/ThirdParty/pmb2_robot) by extensions ['ignore', 'ignore_ament_install']
[0.439s] Level 1:colcon.colcon_core.package_identification:_identify(src/ThirdParty/pmb2_robot) by extension 'ignore'
[0.439s] Level 1:colcon.colcon_core.package_identification:_identify(src/ThirdParty/pmb2_robot) by extension 'ignore_ament_install'
[0.439s] Level 1:colcon.colcon_core.package_identification:_identify(src/ThirdParty/pmb2_robot) by extensions ['colcon_pkg']
[0.439s] Level 1:colcon.colcon_core.package_identification:_identify(src/ThirdParty/pmb2_robot) by extension 'colcon_pkg'
[0.439s] Level 1:colcon.colcon_core.package_identification:_identify(src/ThirdParty/pmb2_robot) by extensions ['colcon_meta']
[0.439s] Level 1:colcon.colcon_core.package_identification:_identify(src/ThirdParty/pmb2_robot) by extension 'colcon_meta'
[0.439s] Level 1:colcon.colcon_core.package_identification:_identify(src/ThirdParty/pmb2_robot) by extensions ['ros']
[0.439s] Level 1:colcon.colcon_core.package_identification:_identify(src/ThirdParty/pmb2_robot) by extension 'ros'
[0.439s] Level 1:colcon.colcon_core.package_identification:_identify(src/ThirdParty/pmb2_robot) by extensions ['cmake', 'python']
[0.439s] Level 1:colcon.colcon_core.package_identification:_identify(src/ThirdParty/pmb2_robot) by extension 'cmake'
[0.439s] Level 1:colcon.colcon_core.package_identification:_identify(src/ThirdParty/pmb2_robot) by extension 'python'
[0.439s] Level 1:colcon.colcon_core.package_identification:_identify(src/ThirdParty/pmb2_robot) by extensions ['python_setup_py']
[0.439s] Level 1:colcon.colcon_core.package_identification:_identify(src/ThirdParty/pmb2_robot) by extension 'python_setup_py'
[0.439s] Level 1:colcon.colcon_core.package_identification:_identify(src/ThirdParty/pmb2_robot/pmb2_bringup) by extensions ['ignore', 'ignore_ament_install']
[0.440s] Level 1:colcon.colcon_core.package_identification:_identify(src/ThirdParty/pmb2_robot/pmb2_bringup) by extension 'ignore'
[0.440s] Level 1:colcon.colcon_core.package_identification:_identify(src/ThirdParty/pmb2_robot/pmb2_bringup) by extension 'ignore_ament_install'
[0.440s] Level 1:colcon.colcon_core.package_identification:_identify(src/ThirdParty/pmb2_robot/pmb2_bringup) by extensions ['colcon_pkg']
[0.440s] Level 1:colcon.colcon_core.package_identification:_identify(src/ThirdParty/pmb2_robot/pmb2_bringup) by extension 'colcon_pkg'
[0.440s] Level 1:colcon.colcon_core.package_identification:_identify(src/ThirdParty/pmb2_robot/pmb2_bringup) by extensions ['colcon_meta']
[0.440s] Level 1:colcon.colcon_core.package_identification:_identify(src/ThirdParty/pmb2_robot/pmb2_bringup) by extension 'colcon_meta'
[0.440s] Level 1:colcon.colcon_core.package_identification:_identify(src/ThirdParty/pmb2_robot/pmb2_bringup) by extensions ['ros']
[0.440s] Level 1:colcon.colcon_core.package_identification:_identify(src/ThirdParty/pmb2_robot/pmb2_bringup) by extension 'ros'
[0.441s] DEBUG:colcon.colcon_core.package_identification:Package 'src/ThirdParty/pmb2_robot/pmb2_bringup' with type 'ros.ament_cmake' and name 'pmb2_bringup'
[0.441s] Level 1:colcon.colcon_core.package_identification:_identify(src/ThirdParty/pmb2_robot/pmb2_controller_configuration) by extensions ['ignore', 'ignore_ament_install']
[0.441s] Level 1:colcon.colcon_core.package_identification:_identify(src/ThirdParty/pmb2_robot/pmb2_controller_configuration) by extension 'ignore'
[0.441s] Level 1:colcon.colcon_core.package_identification:_identify(src/ThirdParty/pmb2_robot/pmb2_controller_configuration) by extension 'ignore_ament_install'
[0.441s] Level 1:colcon.colcon_core.package_identification:_identify(src/ThirdParty/pmb2_robot/pmb2_controller_configuration) by extensions ['colcon_pkg']
[0.441s] Level 1:colcon.colcon_core.package_identification:_identify(src/ThirdParty/pmb2_robot/pmb2_controller_configuration) by extension 'colcon_pkg'
[0.441s] Level 1:colcon.colcon_core.package_identification:_identify(src/ThirdParty/pmb2_robot/pmb2_controller_configuration) by extensions ['colcon_meta']
[0.441s] Level 1:colcon.colcon_core.package_identification:_identify(src/ThirdParty/pmb2_robot/pmb2_controller_configuration) by extension 'colcon_meta'
[0.442s] Level 1:colcon.colcon_core.package_identification:_identify(src/ThirdParty/pmb2_robot/pmb2_controller_configuration) by extensions ['ros']
[0.442s] Level 1:colcon.colcon_core.package_identification:_identify(src/ThirdParty/pmb2_robot/pmb2_controller_configuration) by extension 'ros'
[0.442s] DEBUG:colcon.colcon_core.package_identification:Package 'src/ThirdParty/pmb2_robot/pmb2_controller_configuration' with type 'ros.ament_cmake' and name 'pmb2_controller_configuration'
[0.443s] Level 1:colcon.colcon_core.package_identification:_identify(src/ThirdParty/pmb2_robot/pmb2_description) by extensions ['ignore', 'ignore_ament_install']
[0.443s] Level 1:colcon.colcon_core.package_identification:_identify(src/ThirdParty/pmb2_robot/pmb2_description) by extension 'ignore'
[0.443s] Level 1:colcon.colcon_core.package_identification:_identify(src/ThirdParty/pmb2_robot/pmb2_description) by extension 'ignore_ament_install'
[0.443s] Level 1:colcon.colcon_core.package_identification:_identify(src/ThirdParty/pmb2_robot/pmb2_description) by extensions ['colcon_pkg']
[0.443s] Level 1:colcon.colcon_core.package_identification:_identify(src/ThirdParty/pmb2_robot/pmb2_description) by extension 'colcon_pkg'
[0.443s] Level 1:colcon.colcon_core.package_identification:_identify(src/ThirdParty/pmb2_robot/pmb2_description) by extensions ['colcon_meta']
[0.443s] Level 1:colcon.colcon_core.package_identification:_identify(src/ThirdParty/pmb2_robot/pmb2_description) by extension 'colcon_meta'
[0.443s] Level 1:colcon.colcon_core.package_identification:_identify(src/ThirdParty/pmb2_robot/pmb2_description) by extensions ['ros']
[0.443s] Level 1:colcon.colcon_core.package_identification:_identify(src/ThirdParty/pmb2_robot/pmb2_description) by extension 'ros'
[0.445s] DEBUG:colcon.colcon_core.package_identification:Package 'src/ThirdParty/pmb2_robot/pmb2_description' with type 'ros.ament_cmake' and name 'pmb2_description'
[0.446s] Level 1:colcon.colcon_core.package_identification:_identify(src/ThirdParty/pmb2_robot/pmb2_robot) by extensions ['ignore', 'ignore_ament_install']
[0.446s] Level 1:colcon.colcon_core.package_identification:_identify(src/ThirdParty/pmb2_robot/pmb2_robot) by extension 'ignore'
[0.448s] Level 1:colcon.colcon_core.package_identification:_identify(src/ThirdParty/pmb2_robot/pmb2_robot) by extension 'ignore_ament_install'
[0.448s] Level 1:colcon.colcon_core.package_identification:_identify(src/ThirdParty/pmb2_robot/pmb2_robot) by extensions ['colcon_pkg']
[0.448s] Level 1:colcon.colcon_core.package_identification:_identify(src/ThirdParty/pmb2_robot/pmb2_robot) by extension 'colcon_pkg'
[0.448s] Level 1:colcon.colcon_core.package_identification:_identify(src/ThirdParty/pmb2_robot/pmb2_robot) by extensions ['colcon_meta']
[0.448s] Level 1:colcon.colcon_core.package_identification:_identify(src/ThirdParty/pmb2_robot/pmb2_robot) by extension 'colcon_meta'
[0.448s] Level 1:colcon.colcon_core.package_identification:_identify(src/ThirdParty/pmb2_robot/pmb2_robot) by extensions ['ros']
[0.448s] Level 1:colcon.colcon_core.package_identification:_identify(src/ThirdParty/pmb2_robot/pmb2_robot) by extension 'ros'
[0.453s] DEBUG:colcon.colcon_core.package_identification:Package 'src/ThirdParty/pmb2_robot/pmb2_robot' with type 'ros.ament_cmake' and name 'pmb2_robot'
[0.454s] Level 1:colcon.colcon_core.package_identification:_identify(src/ThirdParty/ros2_control) by extensions ['ignore', 'ignore_ament_install']
[0.454s] Level 1:colcon.colcon_core.package_identification:_identify(src/ThirdParty/ros2_control) by extension 'ignore'
[0.454s] Level 1:colcon.colcon_core.package_identification:_identify(src/ThirdParty/ros2_control) by extension 'ignore_ament_install'
[0.454s] Level 1:colcon.colcon_core.package_identification:_identify(src/ThirdParty/ros2_control) by extensions ['colcon_pkg']
[0.454s] Level 1:colcon.colcon_core.package_identification:_identify(src/ThirdParty/ros2_control) by extension 'colcon_pkg'
[0.454s] Level 1:colcon.colcon_core.package_identification:_identify(src/ThirdParty/ros2_control) by extensions ['colcon_meta']
[0.454s] Level 1:colcon.colcon_core.package_identification:_identify(src/ThirdParty/ros2_control) by extension 'colcon_meta'
[0.454s] Level 1:colcon.colcon_core.package_identification:_identify(src/ThirdParty/ros2_control) by extensions ['ros']
[0.454s] Level 1:colcon.colcon_core.package_identification:_identify(src/ThirdParty/ros2_control) by extension 'ros'
[0.454s] Level 1:colcon.colcon_core.package_identification:_identify(src/ThirdParty/ros2_control) by extensions ['cmake', 'python']
[0.454s] Level 1:colcon.colcon_core.package_identification:_identify(src/ThirdParty/ros2_control) by extension 'cmake'
[0.454s] Level 1:colcon.colcon_core.package_identification:_identify(src/ThirdParty/ros2_control) by extension 'python'
[0.455s] Level 1:colcon.colcon_core.package_identification:_identify(src/ThirdParty/ros2_control) by extensions ['python_setup_py']
[0.455s] Level 1:colcon.colcon_core.package_identification:_identify(src/ThirdParty/ros2_control) by extension 'python_setup_py'
[0.455s] Level 1:colcon.colcon_core.package_identification:_identify(src/ThirdParty/ros2_control/controller_interface) by extensions ['ignore', 'ignore_ament_install']
[0.455s] Level 1:colcon.colcon_core.package_identification:_identify(src/ThirdParty/ros2_control/controller_interface) by extension 'ignore'
[0.455s] Level 1:colcon.colcon_core.package_identification:_identify(src/ThirdParty/ros2_control/controller_interface) by extension 'ignore_ament_install'
[0.455s] Level 1:colcon.colcon_core.package_identification:_identify(src/ThirdParty/ros2_control/controller_interface) by extensions ['colcon_pkg']
[0.455s] Level 1:colcon.colcon_core.package_identification:_identify(src/ThirdParty/ros2_control/controller_interface) by extension 'colcon_pkg'
[0.456s] Level 1:colcon.colcon_core.package_identification:_identify(src/ThirdParty/ros2_control/controller_interface) by extensions ['colcon_meta']
[0.456s] Level 1:colcon.colcon_core.package_identification:_identify(src/ThirdParty/ros2_control/controller_interface) by extension 'colcon_meta'
[0.456s] Level 1:colcon.colcon_core.package_identification:_identify(src/ThirdParty/ros2_control/controller_interface) by extensions ['ros']
[0.456s] Level 1:colcon.colcon_core.package_identification:_identify(src/ThirdParty/ros2_control/controller_interface) by extension 'ros'
[0.458s] DEBUG:colcon.colcon_core.package_identification:Package 'src/ThirdParty/ros2_control/controller_interface' with type 'ros.ament_cmake' and name 'controller_interface'
[0.458s] Level 1:colcon.colcon_core.package_identification:_identify(src/ThirdParty/ros2_control/controller_manager) by extensions ['ignore', 'ignore_ament_install']
[0.458s] Level 1:colcon.colcon_core.package_identification:_identify(src/ThirdParty/ros2_control/controller_manager) by extension 'ignore'
[0.458s] Level 1:colcon.colcon_core.package_identification:_identify(src/ThirdParty/ros2_control/controller_manager) by extension 'ignore_ament_install'
[0.459s] Level 1:colcon.colcon_core.package_identification:_identify(src/ThirdParty/ros2_control/controller_manager) by extensions ['colcon_pkg']
[0.459s] Level 1:colcon.colcon_core.package_identification:_identify(src/ThirdParty/ros2_control/controller_manager) by extension 'colcon_pkg'
[0.459s] Level 1:colcon.colcon_core.package_identification:_identify(src/ThirdParty/ros2_control/controller_manager) by extensions ['colcon_meta']
[0.459s] Level 1:colcon.colcon_core.package_identification:_identify(src/ThirdParty/ros2_control/controller_manager) by extension 'colcon_meta'
[0.459s] Level 1:colcon.colcon_core.package_identification:_identify(src/ThirdParty/ros2_control/controller_manager) by extensions ['ros']
[0.460s] Level 1:colcon.colcon_core.package_identification:_identify(src/ThirdParty/ros2_control/controller_manager) by extension 'ros'
[0.461s] DEBUG:colcon.colcon_core.package_identification:Package 'src/ThirdParty/ros2_control/controller_manager' with type 'ros.ament_cmake' and name 'controller_manager'
[0.462s] Level 1:colcon.colcon_core.package_identification:_identify(src/ThirdParty/ros2_control/controller_manager_msgs) by extensions ['ignore', 'ignore_ament_install']
[0.462s] Level 1:colcon.colcon_core.package_identification:_identify(src/ThirdParty/ros2_control/controller_manager_msgs) by extension 'ignore'
[0.462s] Level 1:colcon.colcon_core.package_identification:_identify(src/ThirdParty/ros2_control/controller_manager_msgs) by extension 'ignore_ament_install'
[0.462s] Level 1:colcon.colcon_core.package_identification:_identify(src/ThirdParty/ros2_control/controller_manager_msgs) by extensions ['colcon_pkg']
[0.462s] Level 1:colcon.colcon_core.package_identification:_identify(src/ThirdParty/ros2_control/controller_manager_msgs) by extension 'colcon_pkg'
[0.462s] Level 1:colcon.colcon_core.package_identification:_identify(src/ThirdParty/ros2_control/controller_manager_msgs) by extensions ['colcon_meta']
[0.462s] Level 1:colcon.colcon_core.package_identification:_identify(src/ThirdParty/ros2_control/controller_manager_msgs) by extension 'colcon_meta'
[0.462s] Level 1:colcon.colcon_core.package_identification:_identify(src/ThirdParty/ros2_control/controller_manager_msgs) by extensions ['ros']
[0.462s] Level 1:colcon.colcon_core.package_identification:_identify(src/ThirdParty/ros2_control/controller_manager_msgs) by extension 'ros'
[0.464s] DEBUG:colcon.colcon_core.package_identification:Package 'src/ThirdParty/ros2_control/controller_manager_msgs' with type 'ros.ament_cmake' and name 'controller_manager_msgs'
[0.464s] Level 1:colcon.colcon_core.package_identification:_identify(src/ThirdParty/ros2_control/hardware_interface) by extensions ['ignore', 'ignore_ament_install']
[0.464s] Level 1:colcon.colcon_core.package_identification:_identify(src/ThirdParty/ros2_control/hardware_interface) by extension 'ignore'
[0.464s] Level 1:colcon.colcon_core.package_identification:_identify(src/ThirdParty/ros2_control/hardware_interface) by extension 'ignore_ament_install'
[0.464s] Level 1:colcon.colcon_core.package_identification:_identify(src/ThirdParty/ros2_control/hardware_interface) by extensions ['colcon_pkg']
[0.464s] Level 1:colcon.colcon_core.package_identification:_identify(src/ThirdParty/ros2_control/hardware_interface) by extension 'colcon_pkg'
[0.464s] Level 1:colcon.colcon_core.package_identification:_identify(src/ThirdParty/ros2_control/hardware_interface) by extensions ['colcon_meta']
[0.464s] Level 1:colcon.colcon_core.package_identification:_identify(src/ThirdParty/ros2_control/hardware_interface) by extension 'colcon_meta'
[0.465s] Level 1:colcon.colcon_core.package_identification:_identify(src/ThirdParty/ros2_control/hardware_interface) by extensions ['ros']
[0.465s] Level 1:colcon.colcon_core.package_identification:_identify(src/ThirdParty/ros2_control/hardware_interface) by extension 'ros'
[0.466s] DEBUG:colcon.colcon_core.package_identification:Package 'src/ThirdParty/ros2_control/hardware_interface' with type 'ros.ament_cmake' and name 'hardware_interface'
[0.466s] Level 1:colcon.colcon_core.package_identification:_identify(src/ThirdParty/ros2_control/joint_limits_interface) by extensions ['ignore', 'ignore_ament_install']
[0.466s] Level 1:colcon.colcon_core.package_identification:_identify(src/ThirdParty/ros2_control/joint_limits_interface) by extension 'ignore'
[0.467s] Level 1:colcon.colcon_core.package_identification:_identify(src/ThirdParty/ros2_control/joint_limits_interface) ignored
[0.467s] Level 1:colcon.colcon_core.package_identification:_identify(src/ThirdParty/ros2_control/ros2_control) by extensions ['ignore', 'ignore_ament_install']
[0.467s] Level 1:colcon.colcon_core.package_identification:_identify(src/ThirdParty/ros2_control/ros2_control) by extension 'ignore'
[0.467s] Level 1:colcon.colcon_core.package_identification:_identify(src/ThirdParty/ros2_control/ros2_control) by extension 'ignore_ament_install'
[0.467s] Level 1:colcon.colcon_core.package_identification:_identify(src/ThirdParty/ros2_control/ros2_control) by extensions ['colcon_pkg']
[0.467s] Level 1:colcon.colcon_core.package_identification:_identify(src/ThirdParty/ros2_control/ros2_control) by extension 'colcon_pkg'
[0.467s] Level 1:colcon.colcon_core.package_identification:_identify(src/ThirdParty/ros2_control/ros2_control) by extensions ['colcon_meta']
[0.467s] Level 1:colcon.colcon_core.package_identification:_identify(src/ThirdParty/ros2_control/ros2_control) by extension 'colcon_meta'
[0.468s] Level 1:colcon.colcon_core.package_identification:_identify(src/ThirdParty/ros2_control/ros2_control) by extensions ['ros']
[0.470s] Level 1:colcon.colcon_core.package_identification:_identify(src/ThirdParty/ros2_control/ros2_control) by extension 'ros'
[0.471s] DEBUG:colcon.colcon_core.package_identification:Package 'src/ThirdParty/ros2_control/ros2_control' with type 'ros.ament_cmake' and name 'ros2_control'
[0.471s] Level 1:colcon.colcon_core.package_identification:_identify(src/ThirdParty/ros2_control/ros2_control_test_assets) by extensions ['ignore', 'ignore_ament_install']
[0.471s] Level 1:colcon.colcon_core.package_identification:_identify(src/ThirdParty/ros2_control/ros2_control_test_assets) by extension 'ignore'
[0.471s] Level 1:colcon.colcon_core.package_identification:_identify(src/ThirdParty/ros2_control/ros2_control_test_assets) by extension 'ignore_ament_install'
[0.471s] Level 1:colcon.colcon_core.package_identification:_identify(src/ThirdParty/ros2_control/ros2_control_test_assets) by extensions ['colcon_pkg']
[0.471s] Level 1:colcon.colcon_core.package_identification:_identify(src/ThirdParty/ros2_control/ros2_control_test_assets) by extension 'colcon_pkg'
[0.471s] Level 1:colcon.colcon_core.package_identification:_identify(src/ThirdParty/ros2_control/ros2_control_test_assets) by extensions ['colcon_meta']
[0.471s] Level 1:colcon.colcon_core.package_identification:_identify(src/ThirdParty/ros2_control/ros2_control_test_assets) by extension 'colcon_meta'
[0.471s] Level 1:colcon.colcon_core.package_identification:_identify(src/ThirdParty/ros2_control/ros2_control_test_assets) by extensions ['ros']
[0.471s] Level 1:colcon.colcon_core.package_identification:_identify(src/ThirdParty/ros2_control/ros2_control_test_assets) by extension 'ros'
[0.472s] DEBUG:colcon.colcon_core.package_identification:Package 'src/ThirdParty/ros2_control/ros2_control_test_assets' with type 'ros.ament_cmake' and name 'ros2_control_test_assets'
[0.473s] Level 1:colcon.colcon_core.package_identification:_identify(src/ThirdParty/ros2_control/ros2controlcli) by extensions ['ignore', 'ignore_ament_install']
[0.473s] Level 1:colcon.colcon_core.package_identification:_identify(src/ThirdParty/ros2_control/ros2controlcli) by extension 'ignore'
[0.473s] Level 1:colcon.colcon_core.package_identification:_identify(src/ThirdParty/ros2_control/ros2controlcli) by extension 'ignore_ament_install'
[0.473s] Level 1:colcon.colcon_core.package_identification:_identify(src/ThirdParty/ros2_control/ros2controlcli) by extensions ['colcon_pkg']
[0.473s] Level 1:colcon.colcon_core.package_identification:_identify(src/ThirdParty/ros2_control/ros2controlcli) by extension 'colcon_pkg'
[0.473s] Level 1:colcon.colcon_core.package_identification:_identify(src/ThirdParty/ros2_control/ros2controlcli) by extensions ['colcon_meta']
[0.473s] Level 1:colcon.colcon_core.package_identification:_identify(src/ThirdParty/ros2_control/ros2controlcli) by extension 'colcon_meta'
[0.473s] Level 1:colcon.colcon_core.package_identification:_identify(src/ThirdParty/ros2_control/ros2controlcli) by extensions ['ros']
[0.473s] Level 1:colcon.colcon_core.package_identification:_identify(src/ThirdParty/ros2_control/ros2controlcli) by extension 'ros'
[0.474s] DEBUG:colcon.colcon_core.package_identification:Package 'src/ThirdParty/ros2_control/ros2controlcli' with type 'ros.ament_python' and name 'ros2controlcli'
[0.475s] Level 1:colcon.colcon_core.package_identification:_identify(src/ThirdParty/ros2_control/transmission_interface) by extensions ['ignore', 'ignore_ament_install']
[0.475s] Level 1:colcon.colcon_core.package_identification:_identify(src/ThirdParty/ros2_control/transmission_interface) by extension 'ignore'
[0.475s] Level 1:colcon.colcon_core.package_identification:_identify(src/ThirdParty/ros2_control/transmission_interface) by extension 'ignore_ament_install'
[0.475s] Level 1:colcon.colcon_core.package_identification:_identify(src/ThirdParty/ros2_control/transmission_interface) by extensions ['colcon_pkg']
[0.475s] Level 1:colcon.colcon_core.package_identification:_identify(src/ThirdParty/ros2_control/transmission_interface) by extension 'colcon_pkg'
[0.475s] Level 1:colcon.colcon_core.package_identification:_identify(src/ThirdParty/ros2_control/transmission_interface) by extensions ['colcon_meta']
[0.475s] Level 1:colcon.colcon_core.package_identification:_identify(src/ThirdParty/ros2_control/transmission_interface) by extension 'colcon_meta'
[0.475s] Level 1:colcon.colcon_core.package_identification:_identify(src/ThirdParty/ros2_control/transmission_interface) by extensions ['ros']
[0.475s] Level 1:colcon.colcon_core.package_identification:_identify(src/ThirdParty/ros2_control/transmission_interface) by extension 'ros'
[0.477s] DEBUG:colcon.colcon_core.package_identification:Package 'src/ThirdParty/ros2_control/transmission_interface' with type 'ros.ament_cmake' and name 'transmission_interface'
[0.478s] Level 1:colcon.colcon_core.package_identification:_identify(src/ThirdParty/ros2_controllers) by extensions ['ignore', 'ignore_ament_install']
[0.478s] Level 1:colcon.colcon_core.package_identification:_identify(src/ThirdParty/ros2_controllers) by extension 'ignore'
[0.478s] Level 1:colcon.colcon_core.package_identification:_identify(src/ThirdParty/ros2_controllers) by extension 'ignore_ament_install'
[0.478s] Level 1:colcon.colcon_core.package_identification:_identify(src/ThirdParty/ros2_controllers) by extensions ['colcon_pkg']
[0.478s] Level 1:colcon.colcon_core.package_identification:_identify(src/ThirdParty/ros2_controllers) by extension 'colcon_pkg'
[0.479s] Level 1:colcon.colcon_core.package_identification:_identify(src/ThirdParty/ros2_controllers) by extensions ['colcon_meta']
[0.479s] Level 1:colcon.colcon_core.package_identification:_identify(src/ThirdParty/ros2_controllers) by extension 'colcon_meta'
[0.479s] Level 1:colcon.colcon_core.package_identification:_identify(src/ThirdParty/ros2_controllers) by extensions ['ros']
[0.479s] Level 1:colcon.colcon_core.package_identification:_identify(src/ThirdParty/ros2_controllers) by extension 'ros'
[0.479s] Level 1:colcon.colcon_core.package_identification:_identify(src/ThirdParty/ros2_controllers) by extensions ['cmake', 'python']
[0.479s] Level 1:colcon.colcon_core.package_identification:_identify(src/ThirdParty/ros2_controllers) by extension 'cmake'
[0.479s] Level 1:colcon.colcon_core.package_identification:_identify(src/ThirdParty/ros2_controllers) by extension 'python'
[0.479s] Level 1:colcon.colcon_core.package_identification:_identify(src/ThirdParty/ros2_controllers) by extensions ['python_setup_py']
[0.479s] Level 1:colcon.colcon_core.package_identification:_identify(src/ThirdParty/ros2_controllers) by extension 'python_setup_py'
[0.479s] Level 1:colcon.colcon_core.package_identification:_identify(src/ThirdParty/ros2_controllers/diff_drive_controller) by extensions ['ignore', 'ignore_ament_install']
[0.479s] Level 1:colcon.colcon_core.package_identification:_identify(src/ThirdParty/ros2_controllers/diff_drive_controller) by extension 'ignore'
[0.480s] Level 1:colcon.colcon_core.package_identification:_identify(src/ThirdParty/ros2_controllers/diff_drive_controller) by extension 'ignore_ament_install'
[0.480s] Level 1:colcon.colcon_core.package_identification:_identify(src/ThirdParty/ros2_controllers/diff_drive_controller) by extensions ['colcon_pkg']
[0.480s] Level 1:colcon.colcon_core.package_identification:_identify(src/ThirdParty/ros2_controllers/diff_drive_controller) by extension 'colcon_pkg'
[0.480s] Level 1:colcon.colcon_core.package_identification:_identify(src/ThirdParty/ros2_controllers/diff_drive_controller) by extensions ['colcon_meta']
[0.480s] Level 1:colcon.colcon_core.package_identification:_identify(src/ThirdParty/ros2_controllers/diff_drive_controller) by extension 'colcon_meta'
[0.480s] Level 1:colcon.colcon_core.package_identification:_identify(src/ThirdParty/ros2_controllers/diff_drive_controller) by extensions ['ros']
[0.480s] Level 1:colcon.colcon_core.package_identification:_identify(src/ThirdParty/ros2_controllers/diff_drive_controller) by extension 'ros'
[0.482s] DEBUG:colcon.colcon_core.package_identification:Package 'src/ThirdParty/ros2_controllers/diff_drive_controller' with type 'ros.ament_cmake' and name 'diff_drive_controller'
[0.483s] Level 1:colcon.colcon_core.package_identification:_identify(src/ThirdParty/ros2_controllers/doc) by extensions ['ignore', 'ignore_ament_install']
[0.483s] Level 1:colcon.colcon_core.package_identification:_identify(src/ThirdParty/ros2_controllers/doc) by extension 'ignore'
[0.483s] Level 1:colcon.colcon_core.package_identification:_identify(src/ThirdParty/ros2_controllers/doc) by extension 'ignore_ament_install'
[0.483s] Level 1:colcon.colcon_core.package_identification:_identify(src/ThirdParty/ros2_controllers/doc) by extensions ['colcon_pkg']
[0.483s] Level 1:colcon.colcon_core.package_identification:_identify(src/ThirdParty/ros2_controllers/doc) by extension 'colcon_pkg'
[0.483s] Level 1:colcon.colcon_core.package_identification:_identify(src/ThirdParty/ros2_controllers/doc) by extensions ['colcon_meta']
[0.483s] Level 1:colcon.colcon_core.package_identification:_identify(src/ThirdParty/ros2_controllers/doc) by extension 'colcon_meta'
[0.483s] Level 1:colcon.colcon_core.package_identification:_identify(src/ThirdParty/ros2_controllers/doc) by extensions ['ros']
[0.483s] Level 1:colcon.colcon_core.package_identification:_identify(src/ThirdParty/ros2_controllers/doc) by extension 'ros'
[0.484s] Level 1:colcon.colcon_core.package_identification:_identify(src/ThirdParty/ros2_controllers/doc) by extensions ['cmake', 'python']
[0.484s] Level 1:colcon.colcon_core.package_identification:_identify(src/ThirdParty/ros2_controllers/doc) by extension 'cmake'
[0.484s] Level 1:colcon.colcon_core.package_identification:_identify(src/ThirdParty/ros2_controllers/doc) by extension 'python'
[0.484s] Level 1:colcon.colcon_core.package_identification:_identify(src/ThirdParty/ros2_controllers/doc) by extensions ['python_setup_py']
[0.484s] Level 1:colcon.colcon_core.package_identification:_identify(src/ThirdParty/ros2_controllers/doc) by extension 'python_setup_py'
[0.484s] Level 1:colcon.colcon_core.package_identification:_identify(src/ThirdParty/ros2_controllers/effort_controllers) by extensions ['ignore', 'ignore_ament_install']
[0.484s] Level 1:colcon.colcon_core.package_identification:_identify(src/ThirdParty/ros2_controllers/effort_controllers) by extension 'ignore'
[0.484s] Level 1:colcon.colcon_core.package_identification:_identify(src/ThirdParty/ros2_controllers/effort_controllers) by extension 'ignore_ament_install'
[0.485s] Level 1:colcon.colcon_core.package_identification:_identify(src/ThirdParty/ros2_controllers/effort_controllers) by extensions ['colcon_pkg']
[0.485s] Level 1:colcon.colcon_core.package_identification:_identify(src/ThirdParty/ros2_controllers/effort_controllers) by extension 'colcon_pkg'
[0.485s] Level 1:colcon.colcon_core.package_identification:_identify(src/ThirdParty/ros2_controllers/effort_controllers) by extensions ['colcon_meta']
[0.485s] Level 1:colcon.colcon_core.package_identification:_identify(src/ThirdParty/ros2_controllers/effort_controllers) by extension 'colcon_meta'
[0.485s] Level 1:colcon.colcon_core.package_identification:_identify(src/ThirdParty/ros2_controllers/effort_controllers) by extensions ['ros']
[0.485s] Level 1:colcon.colcon_core.package_identification:_identify(src/ThirdParty/ros2_controllers/effort_controllers) by extension 'ros'
[0.486s] DEBUG:colcon.colcon_core.package_identification:Package 'src/ThirdParty/ros2_controllers/effort_controllers' with type 'ros.ament_cmake' and name 'effort_controllers'
[0.486s] Level 1:colcon.colcon_core.package_identification:_identify(src/ThirdParty/ros2_controllers/force_torque_sensor_broadcaster) by extensions ['ignore', 'ignore_ament_install']
[0.486s] Level 1:colcon.colcon_core.package_identification:_identify(src/ThirdParty/ros2_controllers/force_torque_sensor_broadcaster) by extension 'ignore'
[0.486s] Level 1:colcon.colcon_core.package_identification:_identify(src/ThirdParty/ros2_controllers/force_torque_sensor_broadcaster) by extension 'ignore_ament_install'
[0.487s] Level 1:colcon.colcon_core.package_identification:_identify(src/ThirdParty/ros2_controllers/force_torque_sensor_broadcaster) by extensions ['colcon_pkg']
[0.487s] Level 1:colcon.colcon_core.package_identification:_identify(src/ThirdParty/ros2_controllers/force_torque_sensor_broadcaster) by extension 'colcon_pkg'
[0.487s] Level 1:colcon.colcon_core.package_identification:_identify(src/ThirdParty/ros2_controllers/force_torque_sensor_broadcaster) by extensions ['colcon_meta']
[0.487s] Level 1:colcon.colcon_core.package_identification:_identify(src/ThirdParty/ros2_controllers/force_torque_sensor_broadcaster) by extension 'colcon_meta'
[0.487s] Level 1:colcon.colcon_core.package_identification:_identify(src/ThirdParty/ros2_controllers/force_torque_sensor_broadcaster) by extensions ['ros']
[0.487s] Level 1:colcon.colcon_core.package_identification:_identify(src/ThirdParty/ros2_controllers/force_torque_sensor_broadcaster) by extension 'ros'
[0.489s] DEBUG:colcon.colcon_core.package_identification:Package 'src/ThirdParty/ros2_controllers/force_torque_sensor_broadcaster' with type 'ros.ament_cmake' and name 'force_torque_sensor_broadcaster'
[0.489s] Level 1:colcon.colcon_core.package_identification:_identify(src/ThirdParty/ros2_controllers/forward_command_controller) by extensions ['ignore', 'ignore_ament_install']
[0.489s] Level 1:colcon.colcon_core.package_identification:_identify(src/ThirdParty/ros2_controllers/forward_command_controller) by extension 'ignore'
[0.490s] Level 1:colcon.colcon_core.package_identification:_identify(src/ThirdParty/ros2_controllers/forward_command_controller) by extension 'ignore_ament_install'
[0.490s] Level 1:colcon.colcon_core.package_identification:_identify(src/ThirdParty/ros2_controllers/forward_command_controller) by extensions ['colcon_pkg']
[0.490s] Level 1:colcon.colcon_core.package_identification:_identify(src/ThirdParty/ros2_controllers/forward_command_controller) by extension 'colcon_pkg'
[0.490s] Level 1:colcon.colcon_core.package_identification:_identify(src/ThirdParty/ros2_controllers/forward_command_controller) by extensions ['colcon_meta']
[0.490s] Level 1:colcon.colcon_core.package_identification:_identify(src/ThirdParty/ros2_controllers/forward_command_controller) by extension 'colcon_meta'
[0.490s] Level 1:colcon.colcon_core.package_identification:_identify(src/ThirdParty/ros2_controllers/forward_command_controller) by extensions ['ros']
[0.490s] Level 1:colcon.colcon_core.package_identification:_identify(src/ThirdParty/ros2_controllers/forward_command_controller) by extension 'ros'
[0.491s] DEBUG:colcon.colcon_core.package_identification:Package 'src/ThirdParty/ros2_controllers/forward_command_controller' with type 'ros.ament_cmake' and name 'forward_command_controller'
[0.492s] Level 1:colcon.colcon_core.package_identification:_identify(src/ThirdParty/ros2_controllers/gripper_controllers) by extensions ['ignore', 'ignore_ament_install']
[0.492s] Level 1:colcon.colcon_core.package_identification:_identify(src/ThirdParty/ros2_controllers/gripper_controllers) by extension 'ignore'
[0.492s] Level 1:colcon.colcon_core.package_identification:_identify(src/ThirdParty/ros2_controllers/gripper_controllers) by extension 'ignore_ament_install'
[0.492s] Level 1:colcon.colcon_core.package_identification:_identify(src/ThirdParty/ros2_controllers/gripper_controllers) by extensions ['colcon_pkg']
[0.492s] Level 1:colcon.colcon_core.package_identification:_identify(src/ThirdParty/ros2_controllers/gripper_controllers) by extension 'colcon_pkg'
[0.492s] Level 1:colcon.colcon_core.package_identification:_identify(src/ThirdParty/ros2_controllers/gripper_controllers) by extensions ['colcon_meta']
[0.492s] Level 1:colcon.colcon_core.package_identification:_identify(src/ThirdParty/ros2_controllers/gripper_controllers) by extension 'colcon_meta'
[0.493s] Level 1:colcon.colcon_core.package_identification:_identify(src/ThirdParty/ros2_controllers/gripper_controllers) by extensions ['ros']
[0.493s] Level 1:colcon.colcon_core.package_identification:_identify(src/ThirdParty/ros2_controllers/gripper_controllers) by extension 'ros'
[0.495s] DEBUG:colcon.colcon_core.package_identification:Package 'src/ThirdParty/ros2_controllers/gripper_controllers' with type 'ros.ament_cmake' and name 'gripper_controllers'
[0.495s] Level 1:colcon.colcon_core.package_identification:_identify(src/ThirdParty/ros2_controllers/imu_sensor_broadcaster) by extensions ['ignore', 'ignore_ament_install']
[0.496s] Level 1:colcon.colcon_core.package_identification:_identify(src/ThirdParty/ros2_controllers/imu_sensor_broadcaster) by extension 'ignore'
[0.496s] Level 1:colcon.colcon_core.package_identification:_identify(src/ThirdParty/ros2_controllers/imu_sensor_broadcaster) by extension 'ignore_ament_install'
[0.496s] Level 1:colcon.colcon_core.package_identification:_identify(src/ThirdParty/ros2_controllers/imu_sensor_broadcaster) by extensions ['colcon_pkg']
[0.496s] Level 1:colcon.colcon_core.package_identification:_identify(src/ThirdParty/ros2_controllers/imu_sensor_broadcaster) by extension 'colcon_pkg'
[0.496s] Level 1:colcon.colcon_core.package_identification:_identify(src/ThirdParty/ros2_controllers/imu_sensor_broadcaster) by extensions ['colcon_meta']
[0.496s] Level 1:colcon.colcon_core.package_identification:_identify(src/ThirdParty/ros2_controllers/imu_sensor_broadcaster) by extension 'colcon_meta'
[0.496s] Level 1:colcon.colcon_core.package_identification:_identify(src/ThirdParty/ros2_controllers/imu_sensor_broadcaster) by extensions ['ros']
[0.496s] Level 1:colcon.colcon_core.package_identification:_identify(src/ThirdParty/ros2_controllers/imu_sensor_broadcaster) by extension 'ros'
[0.509s] DEBUG:colcon.colcon_core.package_identification:Package 'src/ThirdParty/ros2_controllers/imu_sensor_broadcaster' with type 'ros.ament_cmake' and name 'imu_sensor_broadcaster'
[0.510s] Level 1:colcon.colcon_core.package_identification:_identify(src/ThirdParty/ros2_controllers/joint_state_broadcaster) by extensions ['ignore', 'ignore_ament_install']
[0.510s] Level 1:colcon.colcon_core.package_identification:_identify(src/ThirdParty/ros2_controllers/joint_state_broadcaster) by extension 'ignore'
[0.510s] Level 1:colcon.colcon_core.package_identification:_identify(src/ThirdParty/ros2_controllers/joint_state_broadcaster) by extension 'ignore_ament_install'
[0.510s] Level 1:colcon.colcon_core.package_identification:_identify(src/ThirdParty/ros2_controllers/joint_state_broadcaster) by extensions ['colcon_pkg']
[0.510s] Level 1:colcon.colcon_core.package_identification:_identify(src/ThirdParty/ros2_controllers/joint_state_broadcaster) by extension 'colcon_pkg'
[0.510s] Level 1:colcon.colcon_core.package_identification:_identify(src/ThirdParty/ros2_controllers/joint_state_broadcaster) by extensions ['colcon_meta']
[0.510s] Level 1:colcon.colcon_core.package_identification:_identify(src/ThirdParty/ros2_controllers/joint_state_broadcaster) by extension 'colcon_meta'
[0.510s] Level 1:colcon.colcon_core.package_identification:_identify(src/ThirdParty/ros2_controllers/joint_state_broadcaster) by extensions ['ros']
[0.510s] Level 1:colcon.colcon_core.package_identification:_identify(src/ThirdParty/ros2_controllers/joint_state_broadcaster) by extension 'ros'
[0.512s] DEBUG:colcon.colcon_core.package_identification:Package 'src/ThirdParty/ros2_controllers/joint_state_broadcaster' with type 'ros.ament_cmake' and name 'joint_state_broadcaster'
[0.513s] Level 1:colcon.colcon_core.package_identification:_identify(src/ThirdParty/ros2_controllers/joint_state_controller) by extensions ['ignore', 'ignore_ament_install']
[0.513s] Level 1:colcon.colcon_core.package_identification:_identify(src/ThirdParty/ros2_controllers/joint_state_controller) by extension 'ignore'
[0.513s] Level 1:colcon.colcon_core.package_identification:_identify(src/ThirdParty/ros2_controllers/joint_state_controller) by extension 'ignore_ament_install'
[0.513s] Level 1:colcon.colcon_core.package_identification:_identify(src/ThirdParty/ros2_controllers/joint_state_controller) by extensions ['colcon_pkg']
[0.513s] Level 1:colcon.colcon_core.package_identification:_identify(src/ThirdParty/ros2_controllers/joint_state_controller) by extension 'colcon_pkg'
[0.513s] Level 1:colcon.colcon_core.package_identification:_identify(src/ThirdParty/ros2_controllers/joint_state_controller) by extensions ['colcon_meta']
[0.513s] Level 1:colcon.colcon_core.package_identification:_identify(src/ThirdParty/ros2_controllers/joint_state_controller) by extension 'colcon_meta'
[0.513s] Level 1:colcon.colcon_core.package_identification:_identify(src/ThirdParty/ros2_controllers/joint_state_controller) by extensions ['ros']
[0.513s] Level 1:colcon.colcon_core.package_identification:_identify(src/ThirdParty/ros2_controllers/joint_state_controller) by extension 'ros'
[0.514s] DEBUG:colcon.colcon_core.package_identification:Package 'src/ThirdParty/ros2_controllers/joint_state_controller' with type 'ros.ament_cmake' and name 'joint_state_controller'
[0.515s] Level 1:colcon.colcon_core.package_identification:_identify(src/ThirdParty/ros2_controllers/joint_trajectory_controller) by extensions ['ignore', 'ignore_ament_install']
[0.515s] Level 1:colcon.colcon_core.package_identification:_identify(src/ThirdParty/ros2_controllers/joint_trajectory_controller) by extension 'ignore'
[0.515s] Level 1:colcon.colcon_core.package_identification:_identify(src/ThirdParty/ros2_controllers/joint_trajectory_controller) by extension 'ignore_ament_install'
[0.515s] Level 1:colcon.colcon_core.package_identification:_identify(src/ThirdParty/ros2_controllers/joint_trajectory_controller) by extensions ['colcon_pkg']
[0.515s] Level 1:colcon.colcon_core.package_identification:_identify(src/ThirdParty/ros2_controllers/joint_trajectory_controller) by extension 'colcon_pkg'
[0.515s] Level 1:colcon.colcon_core.package_identification:_identify(src/ThirdParty/ros2_controllers/joint_trajectory_controller) by extensions ['colcon_meta']
[0.515s] Level 1:colcon.colcon_core.package_identification:_identify(src/ThirdParty/ros2_controllers/joint_trajectory_controller) by extension 'colcon_meta'
[0.515s] Level 1:colcon.colcon_core.package_identification:_identify(src/ThirdParty/ros2_controllers/joint_trajectory_controller) by extensions ['ros']
[0.515s] Level 1:colcon.colcon_core.package_identification:_identify(src/ThirdParty/ros2_controllers/joint_trajectory_controller) by extension 'ros'
[0.516s] DEBUG:colcon.colcon_core.package_identification:Package 'src/ThirdParty/ros2_controllers/joint_trajectory_controller' with type 'ros.ament_cmake' and name 'joint_trajectory_controller'
[0.517s] Level 1:colcon.colcon_core.package_identification:_identify(src/ThirdParty/ros2_controllers/position_controllers) by extensions ['ignore', 'ignore_ament_install']
[0.517s] Level 1:colcon.colcon_core.package_identification:_identify(src/ThirdParty/ros2_controllers/position_controllers) by extension 'ignore'
[0.517s] Level 1:colcon.colcon_core.package_identification:_identify(src/ThirdParty/ros2_controllers/position_controllers) by extension 'ignore_ament_install'
[0.517s] Level 1:colcon.colcon_core.package_identification:_identify(src/ThirdParty/ros2_controllers/position_controllers) by extensions ['colcon_pkg']
[0.517s] Level 1:colcon.colcon_core.package_identification:_identify(src/ThirdParty/ros2_controllers/position_controllers) by extension 'colcon_pkg'
[0.517s] Level 1:colcon.colcon_core.package_identification:_identify(src/ThirdParty/ros2_controllers/position_controllers) by extensions ['colcon_meta']
[0.517s] Level 1:colcon.colcon_core.package_identification:_identify(src/ThirdParty/ros2_controllers/position_controllers) by extension 'colcon_meta'
[0.518s] Level 1:colcon.colcon_core.package_identification:_identify(src/ThirdParty/ros2_controllers/position_controllers) by extensions ['ros']
[0.518s] Level 1:colcon.colcon_core.package_identification:_identify(src/ThirdParty/ros2_controllers/position_controllers) by extension 'ros'
[0.519s] DEBUG:colcon.colcon_core.package_identification:Package 'src/ThirdParty/ros2_controllers/position_controllers' with type 'ros.ament_cmake' and name 'position_controllers'
[0.519s] Level 1:colcon.colcon_core.package_identification:_identify(src/ThirdParty/ros2_controllers/ros2_controllers) by extensions ['ignore', 'ignore_ament_install']
[0.519s] Level 1:colcon.colcon_core.package_identification:_identify(src/ThirdParty/ros2_controllers/ros2_controllers) by extension 'ignore'
[0.519s] Level 1:colcon.colcon_core.package_identification:_identify(src/ThirdParty/ros2_controllers/ros2_controllers) by extension 'ignore_ament_install'
[0.519s] Level 1:colcon.colcon_core.package_identification:_identify(src/ThirdParty/ros2_controllers/ros2_controllers) by extensions ['colcon_pkg']
[0.519s] Level 1:colcon.colcon_core.package_identification:_identify(src/ThirdParty/ros2_controllers/ros2_controllers) by extension 'colcon_pkg'
[0.519s] Level 1:colcon.colcon_core.package_identification:_identify(src/ThirdParty/ros2_controllers/ros2_controllers) by extensions ['colcon_meta']
[0.520s] Level 1:colcon.colcon_core.package_identification:_identify(src/ThirdParty/ros2_controllers/ros2_controllers) by extension 'colcon_meta'
[0.520s] Level 1:colcon.colcon_core.package_identification:_identify(src/ThirdParty/ros2_controllers/ros2_controllers) by extensions ['ros']
[0.520s] Level 1:colcon.colcon_core.package_identification:_identify(src/ThirdParty/ros2_controllers/ros2_controllers) by extension 'ros'
[0.520s] DEBUG:colcon.colcon_core.package_identification:Package 'src/ThirdParty/ros2_controllers/ros2_controllers' with type 'ros.ament_cmake' and name 'ros2_controllers'
[0.521s] Level 1:colcon.colcon_core.package_identification:_identify(src/ThirdParty/ros2_controllers/velocity_controllers) by extensions ['ignore', 'ignore_ament_install']
[0.521s] Level 1:colcon.colcon_core.package_identification:_identify(src/ThirdParty/ros2_controllers/velocity_controllers) by extension 'ignore'
[0.521s] Level 1:colcon.colcon_core.package_identification:_identify(src/ThirdParty/ros2_controllers/velocity_controllers) by extension 'ignore_ament_install'
[0.521s] Level 1:colcon.colcon_core.package_identification:_identify(src/ThirdParty/ros2_controllers/velocity_controllers) by extensions ['colcon_pkg']
[0.521s] Level 1:colcon.colcon_core.package_identification:_identify(src/ThirdParty/ros2_controllers/velocity_controllers) by extension 'colcon_pkg'
[0.521s] Level 1:colcon.colcon_core.package_identification:_identify(src/ThirdParty/ros2_controllers/velocity_controllers) by extensions ['colcon_meta']
[0.521s] Level 1:colcon.colcon_core.package_identification:_identify(src/ThirdParty/ros2_controllers/velocity_controllers) by extension 'colcon_meta'
[0.521s] Level 1:colcon.colcon_core.package_identification:_identify(src/ThirdParty/ros2_controllers/velocity_controllers) by extensions ['ros']
[0.521s] Level 1:colcon.colcon_core.package_identification:_identify(src/ThirdParty/ros2_controllers/velocity_controllers) by extension 'ros'
[0.522s] DEBUG:colcon.colcon_core.package_identification:Package 'src/ThirdParty/ros2_controllers/velocity_controllers' with type 'ros.ament_cmake' and name 'velocity_controllers'
[0.522s] Level 1:colcon.colcon_core.package_identification:_identify(src/ThirdParty/tiago_description_calibration) by extensions ['ignore', 'ignore_ament_install']
[0.522s] Level 1:colcon.colcon_core.package_identification:_identify(src/ThirdParty/tiago_description_calibration) by extension 'ignore'
[0.522s] Level 1:colcon.colcon_core.package_identification:_identify(src/ThirdParty/tiago_description_calibration) by extension 'ignore_ament_install'
[0.522s] Level 1:colcon.colcon_core.package_identification:_identify(src/ThirdParty/tiago_description_calibration) by extensions ['colcon_pkg']
[0.522s] Level 1:colcon.colcon_core.package_identification:_identify(src/ThirdParty/tiago_description_calibration) by extension 'colcon_pkg'
[0.523s] Level 1:colcon.colcon_core.package_identification:_identify(src/ThirdParty/tiago_description_calibration) by extensions ['colcon_meta']
[0.523s] Level 1:colcon.colcon_core.package_identification:_identify(src/ThirdParty/tiago_description_calibration) by extension 'colcon_meta'
[0.523s] Level 1:colcon.colcon_core.package_identification:_identify(src/ThirdParty/tiago_description_calibration) by extensions ['ros']
[0.523s] Level 1:colcon.colcon_core.package_identification:_identify(src/ThirdParty/tiago_description_calibration) by extension 'ros'
[0.523s] DEBUG:colcon.colcon_core.package_identification:Package 'src/ThirdParty/tiago_description_calibration' with type 'ros.ament_cmake' and name 'tiago_description_calibration'
[0.523s] Level 1:colcon.colcon_core.package_identification:_identify(src/ThirdParty/tiago_robot) by extensions ['ignore', 'ignore_ament_install']
[0.524s] Level 1:colcon.colcon_core.package_identification:_identify(src/ThirdParty/tiago_robot) by extension 'ignore'
[0.524s] Level 1:colcon.colcon_core.package_identification:_identify(src/ThirdParty/tiago_robot) by extension 'ignore_ament_install'
[0.524s] Level 1:colcon.colcon_core.package_identification:_identify(src/ThirdParty/tiago_robot) by extensions ['colcon_pkg']
[0.524s] Level 1:colcon.colcon_core.package_identification:_identify(src/ThirdParty/tiago_robot) by extension 'colcon_pkg'
[0.524s] Level 1:colcon.colcon_core.package_identification:_identify(src/ThirdParty/tiago_robot) by extensions ['colcon_meta']
[0.524s] Level 1:colcon.colcon_core.package_identification:_identify(src/ThirdParty/tiago_robot) by extension 'colcon_meta'
[0.524s] Level 1:colcon.colcon_core.package_identification:_identify(src/ThirdParty/tiago_robot) by extensions ['ros']
[0.524s] Level 1:colcon.colcon_core.package_identification:_identify(src/ThirdParty/tiago_robot) by extension 'ros'
[0.524s] Level 1:colcon.colcon_core.package_identification:_identify(src/ThirdParty/tiago_robot) by extensions ['cmake', 'python']
[0.525s] Level 1:colcon.colcon_core.package_identification:_identify(src/ThirdParty/tiago_robot) by extension 'cmake'
[0.525s] Level 1:colcon.colcon_core.package_identification:_identify(src/ThirdParty/tiago_robot) by extension 'python'
[0.525s] Level 1:colcon.colcon_core.package_identification:_identify(src/ThirdParty/tiago_robot) by extensions ['python_setup_py']
[0.525s] Level 1:colcon.colcon_core.package_identification:_identify(src/ThirdParty/tiago_robot) by extension 'python_setup_py'
[0.525s] Level 1:colcon.colcon_core.package_identification:_identify(src/ThirdParty/tiago_robot/tiago_bringup) by extensions ['ignore', 'ignore_ament_install']
[0.525s] Level 1:colcon.colcon_core.package_identification:_identify(src/ThirdParty/tiago_robot/tiago_bringup) by extension 'ignore'
[0.525s] Level 1:colcon.colcon_core.package_identification:_identify(src/ThirdParty/tiago_robot/tiago_bringup) by extension 'ignore_ament_install'
[0.525s] Level 1:colcon.colcon_core.package_identification:_identify(src/ThirdParty/tiago_robot/tiago_bringup) by extensions ['colcon_pkg']
[0.525s] Level 1:colcon.colcon_core.package_identification:_identify(src/ThirdParty/tiago_robot/tiago_bringup) by extension 'colcon_pkg'
[0.525s] Level 1:colcon.colcon_core.package_identification:_identify(src/ThirdParty/tiago_robot/tiago_bringup) by extensions ['colcon_meta']
[0.525s] Level 1:colcon.colcon_core.package_identification:_identify(src/ThirdParty/tiago_robot/tiago_bringup) by extension 'colcon_meta'
[0.525s] Level 1:colcon.colcon_core.package_identification:_identify(src/ThirdParty/tiago_robot/tiago_bringup) by extensions ['ros']
[0.525s] Level 1:colcon.colcon_core.package_identification:_identify(src/ThirdParty/tiago_robot/tiago_bringup) by extension 'ros'
[0.526s] DEBUG:colcon.colcon_core.package_identification:Package 'src/ThirdParty/tiago_robot/tiago_bringup' with type 'ros.ament_cmake' and name 'tiago_bringup'
[0.527s] Level 1:colcon.colcon_core.package_identification:_identify(src/ThirdParty/tiago_robot/tiago_controller_configuration) by extensions ['ignore', 'ignore_ament_install']
[0.527s] Level 1:colcon.colcon_core.package_identification:_identify(src/ThirdParty/tiago_robot/tiago_controller_configuration) by extension 'ignore'
[0.527s] Level 1:colcon.colcon_core.package_identification:_identify(src/ThirdParty/tiago_robot/tiago_controller_configuration) by extension 'ignore_ament_install'
[0.527s] Level 1:colcon.colcon_core.package_identification:_identify(src/ThirdParty/tiago_robot/tiago_controller_configuration) by extensions ['colcon_pkg']
[0.527s] Level 1:colcon.colcon_core.package_identification:_identify(src/ThirdParty/tiago_robot/tiago_controller_configuration) by extension 'colcon_pkg'
[0.527s] Level 1:colcon.colcon_core.package_identification:_identify(src/ThirdParty/tiago_robot/tiago_controller_configuration) by extensions ['colcon_meta']
[0.527s] Level 1:colcon.colcon_core.package_identification:_identify(src/ThirdParty/tiago_robot/tiago_controller_configuration) by extension 'colcon_meta'
[0.527s] Level 1:colcon.colcon_core.package_identification:_identify(src/ThirdParty/tiago_robot/tiago_controller_configuration) by extensions ['ros']
[0.527s] Level 1:colcon.colcon_core.package_identification:_identify(src/ThirdParty/tiago_robot/tiago_controller_configuration) by extension 'ros'
[0.529s] DEBUG:colcon.colcon_core.package_identification:Package 'src/ThirdParty/tiago_robot/tiago_controller_configuration' with type 'ros.ament_cmake' and name 'tiago_controller_configuration'
[0.529s] Level 1:colcon.colcon_core.package_identification:_identify(src/ThirdParty/tiago_robot/tiago_description) by extensions ['ignore', 'ignore_ament_install']
[0.529s] Level 1:colcon.colcon_core.package_identification:_identify(src/ThirdParty/tiago_robot/tiago_description) by extension 'ignore'
[0.529s] Level 1:colcon.colcon_core.package_identification:_identify(src/ThirdParty/tiago_robot/tiago_description) by extension 'ignore_ament_install'
[0.529s] Level 1:colcon.colcon_core.package_identification:_identify(src/ThirdParty/tiago_robot/tiago_description) by extensions ['colcon_pkg']
[0.529s] Level 1:colcon.colcon_core.package_identification:_identify(src/ThirdParty/tiago_robot/tiago_description) by extension 'colcon_pkg'
[0.529s] Level 1:colcon.colcon_core.package_identification:_identify(src/ThirdParty/tiago_robot/tiago_description) by extensions ['colcon_meta']
[0.529s] Level 1:colcon.colcon_core.package_identification:_identify(src/ThirdParty/tiago_robot/tiago_description) by extension 'colcon_meta'
[0.529s] Level 1:colcon.colcon_core.package_identification:_identify(src/ThirdParty/tiago_robot/tiago_description) by extensions ['ros']
[0.530s] Level 1:colcon.colcon_core.package_identification:_identify(src/ThirdParty/tiago_robot/tiago_description) by extension 'ros'
[0.530s] DEBUG:colcon.colcon_core.package_identification:Package 'src/ThirdParty/tiago_robot/tiago_description' with type 'ros.ament_cmake' and name 'tiago_description'
[0.531s] Level 1:colcon.colcon_core.package_identification:_identify(src/ThirdParty/tiago_robot/tiago_robot) by extensions ['ignore', 'ignore_ament_install']
[0.531s] Level 1:colcon.colcon_core.package_identification:_identify(src/ThirdParty/tiago_robot/tiago_robot) by extension 'ignore'
[0.531s] Level 1:colcon.colcon_core.package_identification:_identify(src/ThirdParty/tiago_robot/tiago_robot) by extension 'ignore_ament_install'
[0.531s] Level 1:colcon.colcon_core.package_identification:_identify(src/ThirdParty/tiago_robot/tiago_robot) by extensions ['colcon_pkg']
[0.531s] Level 1:colcon.colcon_core.package_identification:_identify(src/ThirdParty/tiago_robot/tiago_robot) by extension 'colcon_pkg'
[0.531s] Level 1:colcon.colcon_core.package_identification:_identify(src/ThirdParty/tiago_robot/tiago_robot) by extensions ['colcon_meta']
[0.531s] Level 1:colcon.colcon_core.package_identification:_identify(src/ThirdParty/tiago_robot/tiago_robot) by extension 'colcon_meta'
[0.531s] Level 1:colcon.colcon_core.package_identification:_identify(src/ThirdParty/tiago_robot/tiago_robot) by extensions ['ros']
[0.531s] Level 1:colcon.colcon_core.package_identification:_identify(src/ThirdParty/tiago_robot/tiago_robot) by extension 'ros'
[0.531s] DEBUG:colcon.colcon_core.package_identification:Package 'src/ThirdParty/tiago_robot/tiago_robot' with type 'ros.ament_cmake' and name 'tiago_robot'
[0.532s] Level 1:colcon.colcon_core.package_identification:_identify(src/ThirdParty/tiago_simulation) by extensions ['ignore', 'ignore_ament_install']
[0.532s] Level 1:colcon.colcon_core.package_identification:_identify(src/ThirdParty/tiago_simulation) by extension 'ignore'
[0.532s] Level 1:colcon.colcon_core.package_identification:_identify(src/ThirdParty/tiago_simulation) by extension 'ignore_ament_install'
[0.532s] Level 1:colcon.colcon_core.package_identification:_identify(src/ThirdParty/tiago_simulation) by extensions ['colcon_pkg']
[0.532s] Level 1:colcon.colcon_core.package_identification:_identify(src/ThirdParty/tiago_simulation) by extension 'colcon_pkg'
[0.532s] Level 1:colcon.colcon_core.package_identification:_identify(src/ThirdParty/tiago_simulation) by extensions ['colcon_meta']
[0.532s] Level 1:colcon.colcon_core.package_identification:_identify(src/ThirdParty/tiago_simulation) by extension 'colcon_meta'
[0.532s] Level 1:colcon.colcon_core.package_identification:_identify(src/ThirdParty/tiago_simulation) by extensions ['ros']
[0.532s] Level 1:colcon.colcon_core.package_identification:_identify(src/ThirdParty/tiago_simulation) by extension 'ros'
[0.532s] Level 1:colcon.colcon_core.package_identification:_identify(src/ThirdParty/tiago_simulation) by extensions ['cmake', 'python']
[0.532s] Level 1:colcon.colcon_core.package_identification:_identify(src/ThirdParty/tiago_simulation) by extension 'cmake'
[0.532s] Level 1:colcon.colcon_core.package_identification:_identify(src/ThirdParty/tiago_simulation) by extension 'python'
[0.532s] Level 1:colcon.colcon_core.package_identification:_identify(src/ThirdParty/tiago_simulation) by extensions ['python_setup_py']
[0.532s] Level 1:colcon.colcon_core.package_identification:_identify(src/ThirdParty/tiago_simulation) by extension 'python_setup_py'
[0.533s] Level 1:colcon.colcon_core.package_identification:_identify(src/ThirdParty/tiago_simulation/tiago_2dnav_gazebo) by extensions ['ignore', 'ignore_ament_install']
[0.533s] Level 1:colcon.colcon_core.package_identification:_identify(src/ThirdParty/tiago_simulation/tiago_2dnav_gazebo) by extension 'ignore'
[0.533s] Level 1:colcon.colcon_core.package_identification:_identify(src/ThirdParty/tiago_simulation/tiago_2dnav_gazebo) by extension 'ignore_ament_install'
[0.533s] Level 1:colcon.colcon_core.package_identification:_identify(src/ThirdParty/tiago_simulation/tiago_2dnav_gazebo) by extensions ['colcon_pkg']
[0.533s] Level 1:colcon.colcon_core.package_identification:_identify(src/ThirdParty/tiago_simulation/tiago_2dnav_gazebo) by extension 'colcon_pkg'
[0.533s] Level 1:colcon.colcon_core.package_identification:_identify(src/ThirdParty/tiago_simulation/tiago_2dnav_gazebo) by extensions ['colcon_meta']
[0.533s] Level 1:colcon.colcon_core.package_identification:_identify(src/ThirdParty/tiago_simulation/tiago_2dnav_gazebo) by extension 'colcon_meta'
[0.533s] Level 1:colcon.colcon_core.package_identification:_identify(src/ThirdParty/tiago_simulation/tiago_2dnav_gazebo) by extensions ['ros']
[0.533s] Level 1:colcon.colcon_core.package_identification:_identify(src/ThirdParty/tiago_simulation/tiago_2dnav_gazebo) by extension 'ros'
[0.534s] DEBUG:colcon.colcon_core.package_identification:Package 'src/ThirdParty/tiago_simulation/tiago_2dnav_gazebo' with type 'ros.ament_cmake' and name 'tiago_2dnav_gazebo'
[0.534s] Level 1:colcon.colcon_core.package_identification:_identify(src/ThirdParty/tiago_simulation/tiago_controller_configuration_gazebo) by extensions ['ignore', 'ignore_ament_install']
[0.535s] Level 1:colcon.colcon_core.package_identification:_identify(src/ThirdParty/tiago_simulation/tiago_controller_configuration_gazebo) by extension 'ignore'
[0.535s] Level 1:colcon.colcon_core.package_identification:_identify(src/ThirdParty/tiago_simulation/tiago_controller_configuration_gazebo) ignored
[0.535s] Level 1:colcon.colcon_core.package_identification:_identify(src/ThirdParty/tiago_simulation/tiago_gazebo) by extensions ['ignore', 'ignore_ament_install']
[0.535s] Level 1:colcon.colcon_core.package_identification:_identify(src/ThirdParty/tiago_simulation/tiago_gazebo) by extension 'ignore'
[0.535s] Level 1:colcon.colcon_core.package_identification:_identify(src/ThirdParty/tiago_simulation/tiago_gazebo) by extension 'ignore_ament_install'
[0.535s] Level 1:colcon.colcon_core.package_identification:_identify(src/ThirdParty/tiago_simulation/tiago_gazebo) by extensions ['colcon_pkg']
[0.535s] Level 1:colcon.colcon_core.package_identification:_identify(src/ThirdParty/tiago_simulation/tiago_gazebo) by extension 'colcon_pkg'
[0.535s] Level 1:colcon.colcon_core.package_identification:_identify(src/ThirdParty/tiago_simulation/tiago_gazebo) by extensions ['colcon_meta']
[0.535s] Level 1:colcon.colcon_core.package_identification:_identify(src/ThirdParty/tiago_simulation/tiago_gazebo) by extension 'colcon_meta'
[0.535s] Level 1:colcon.colcon_core.package_identification:_identify(src/ThirdParty/tiago_simulation/tiago_gazebo) by extensions ['ros']
[0.535s] Level 1:colcon.colcon_core.package_identification:_identify(src/ThirdParty/tiago_simulation/tiago_gazebo) by extension 'ros'
[0.536s] DEBUG:colcon.colcon_core.package_identification:Package 'src/ThirdParty/tiago_simulation/tiago_gazebo' with type 'ros.ament_cmake' and name 'tiago_gazebo'
[0.537s] Level 1:colcon.colcon_core.package_identification:_identify(src/ThirdParty/tiago_simulation/tiago_multi) by extensions ['ignore', 'ignore_ament_install']
[0.537s] Level 1:colcon.colcon_core.package_identification:_identify(src/ThirdParty/tiago_simulation/tiago_multi) by extension 'ignore'
[0.537s] Level 1:colcon.colcon_core.package_identification:_identify(src/ThirdParty/tiago_simulation/tiago_multi) ignored
[0.537s] Level 1:colcon.colcon_core.package_identification:_identify(src/ThirdParty/tiago_simulation/tiago_simulation) by extensions ['ignore', 'ignore_ament_install']
[0.537s] Level 1:colcon.colcon_core.package_identification:_identify(src/ThirdParty/tiago_simulation/tiago_simulation) by extension 'ignore'
[0.537s] Level 1:colcon.colcon_core.package_identification:_identify(src/ThirdParty/tiago_simulation/tiago_simulation) by extension 'ignore_ament_install'
[0.537s] Level 1:colcon.colcon_core.package_identification:_identify(src/ThirdParty/tiago_simulation/tiago_simulation) by extensions ['colcon_pkg']
[0.537s] Level 1:colcon.colcon_core.package_identification:_identify(src/ThirdParty/tiago_simulation/tiago_simulation) by extension 'colcon_pkg'
[0.537s] Level 1:colcon.colcon_core.package_identification:_identify(src/ThirdParty/tiago_simulation/tiago_simulation) by extensions ['colcon_meta']
[0.537s] Level 1:colcon.colcon_core.package_identification:_identify(src/ThirdParty/tiago_simulation/tiago_simulation) by extension 'colcon_meta'
[0.537s] Level 1:colcon.colcon_core.package_identification:_identify(src/ThirdParty/tiago_simulation/tiago_simulation) by extensions ['ros']
[0.537s] Level 1:colcon.colcon_core.package_identification:_identify(src/ThirdParty/tiago_simulation/tiago_simulation) by extension 'ros'
[0.538s] DEBUG:colcon.colcon_core.package_identification:Package 'src/ThirdParty/tiago_simulation/tiago_simulation' with type 'ros.ament_cmake' and name 'tiago_simulation'
[0.538s] Level 1:colcon.colcon_core.package_identification:_identify(src/ThirdParty/twist_mux) by extensions ['ignore', 'ignore_ament_install']
[0.538s] Level 1:colcon.colcon_core.package_identification:_identify(src/ThirdParty/twist_mux) by extension 'ignore'
[0.538s] Level 1:colcon.colcon_core.package_identification:_identify(src/ThirdParty/twist_mux) by extension 'ignore_ament_install'
[0.538s] Level 1:colcon.colcon_core.package_identification:_identify(src/ThirdParty/twist_mux) by extensions ['colcon_pkg']
[0.538s] Level 1:colcon.colcon_core.package_identification:_identify(src/ThirdParty/twist_mux) by extension 'colcon_pkg'
[0.538s] Level 1:colcon.colcon_core.package_identification:_identify(src/ThirdParty/twist_mux) by extensions ['colcon_meta']
[0.538s] Level 1:colcon.colcon_core.package_identification:_identify(src/ThirdParty/twist_mux) by extension 'colcon_meta'
[0.538s] Level 1:colcon.colcon_core.package_identification:_identify(src/ThirdParty/twist_mux) by extensions ['ros']
[0.538s] Level 1:colcon.colcon_core.package_identification:_identify(src/ThirdParty/twist_mux) by extension 'ros'
[0.539s] DEBUG:colcon.colcon_core.package_identification:Package 'src/ThirdParty/twist_mux' with type 'ros.ament_cmake' and name 'twist_mux'
[0.540s] Level 1:colcon.colcon_core.package_identification:_identify(src/ThirdParty/urdf_test) by extensions ['ignore', 'ignore_ament_install']
[0.540s] Level 1:colcon.colcon_core.package_identification:_identify(src/ThirdParty/urdf_test) by extension 'ignore'
[0.540s] Level 1:colcon.colcon_core.package_identification:_identify(src/ThirdParty/urdf_test) by extension 'ignore_ament_install'
[0.540s] Level 1:colcon.colcon_core.package_identification:_identify(src/ThirdParty/urdf_test) by extensions ['colcon_pkg']
[0.540s] Level 1:colcon.colcon_core.package_identification:_identify(src/ThirdParty/urdf_test) by extension 'colcon_pkg'
[0.540s] Level 1:colcon.colcon_core.package_identification:_identify(src/ThirdParty/urdf_test) by extensions ['colcon_meta']
[0.540s] Level 1:colcon.colcon_core.package_identification:_identify(src/ThirdParty/urdf_test) by extension 'colcon_meta'
[0.540s] Level 1:colcon.colcon_core.package_identification:_identify(src/ThirdParty/urdf_test) by extensions ['ros']
[0.540s] Level 1:colcon.colcon_core.package_identification:_identify(src/ThirdParty/urdf_test) by extension 'ros'
[0.541s] DEBUG:colcon.colcon_core.package_identification:Package 'src/ThirdParty/urdf_test' with type 'ros.ament_cmake' and name 'urdf_test'
[0.541s] Level 1:colcon.colcon_core.package_identification:_identify(src/book_ros2) by extensions ['ignore', 'ignore_ament_install']
[0.542s] Level 1:colcon.colcon_core.package_identification:_identify(src/book_ros2) by extension 'ignore'
[0.542s] Level 1:colcon.colcon_core.package_identification:_identify(src/book_ros2) by extension 'ignore_ament_install'
[0.542s] Level 1:colcon.colcon_core.package_identification:_identify(src/book_ros2) by extensions ['colcon_pkg']
[0.542s] Level 1:colcon.colcon_core.package_identification:_identify(src/book_ros2) by extension 'colcon_pkg'
[0.542s] Level 1:colcon.colcon_core.package_identification:_identify(src/book_ros2) by extensions ['colcon_meta']
[0.542s] Level 1:colcon.colcon_core.package_identification:_identify(src/book_ros2) by extension 'colcon_meta'
[0.542s] Level 1:colcon.colcon_core.package_identification:_identify(src/book_ros2) by extensions ['ros']
[0.543s] Level 1:colcon.colcon_core.package_identification:_identify(src/book_ros2) by extension 'ros'
[0.543s] Level 1:colcon.colcon_core.package_identification:_identify(src/book_ros2) by extensions ['cmake', 'python']
[0.543s] Level 1:colcon.colcon_core.package_identification:_identify(src/book_ros2) by extension 'cmake'
[0.543s] Level 1:colcon.colcon_core.package_identification:_identify(src/book_ros2) by extension 'python'
[0.543s] Level 1:colcon.colcon_core.package_identification:_identify(src/book_ros2) by extensions ['python_setup_py']
[0.543s] Level 1:colcon.colcon_core.package_identification:_identify(src/book_ros2) by extension 'python_setup_py'
[0.543s] Level 1:colcon.colcon_core.package_identification:_identify(src/book_ros2/br2_basics) by extensions ['ignore', 'ignore_ament_install']
[0.543s] Level 1:colcon.colcon_core.package_identification:_identify(src/book_ros2/br2_basics) by extension 'ignore'
[0.543s] Level 1:colcon.colcon_core.package_identification:_identify(src/book_ros2/br2_basics) by extension 'ignore_ament_install'
[0.543s] Level 1:colcon.colcon_core.package_identification:_identify(src/book_ros2/br2_basics) by extensions ['colcon_pkg']
[0.544s] Level 1:colcon.colcon_core.package_identification:_identify(src/book_ros2/br2_basics) by extension 'colcon_pkg'
[0.544s] Level 1:colcon.colcon_core.package_identification:_identify(src/book_ros2/br2_basics) by extensions ['colcon_meta']
[0.544s] Level 1:colcon.colcon_core.package_identification:_identify(src/book_ros2/br2_basics) by extension 'colcon_meta'
[0.544s] Level 1:colcon.colcon_core.package_identification:_identify(src/book_ros2/br2_basics) by extensions ['ros']
[0.544s] Level 1:colcon.colcon_core.package_identification:_identify(src/book_ros2/br2_basics) by extension 'ros'
[0.545s] DEBUG:colcon.colcon_core.package_identification:Package 'src/book_ros2/br2_basics' with type 'ros.ament_cmake' and name 'br2_basics'
[0.546s] Level 1:colcon.colcon_core.package_identification:_identify(src/book_ros2/br2_bt_bumpgo) by extensions ['ignore', 'ignore_ament_install']
[0.546s] Level 1:colcon.colcon_core.package_identification:_identify(src/book_ros2/br2_bt_bumpgo) by extension 'ignore'
[0.546s] Level 1:colcon.colcon_core.package_identification:_identify(src/book_ros2/br2_bt_bumpgo) by extension 'ignore_ament_install'
[0.546s] Level 1:colcon.colcon_core.package_identification:_identify(src/book_ros2/br2_bt_bumpgo) by extensions ['colcon_pkg']
[0.546s] Level 1:colcon.colcon_core.package_identification:_identify(src/book_ros2/br2_bt_bumpgo) by extension 'colcon_pkg'
[0.546s] Level 1:colcon.colcon_core.package_identification:_identify(src/book_ros2/br2_bt_bumpgo) by extensions ['colcon_meta']
[0.546s] Level 1:colcon.colcon_core.package_identification:_identify(src/book_ros2/br2_bt_bumpgo) by extension 'colcon_meta'
[0.546s] Level 1:colcon.colcon_core.package_identification:_identify(src/book_ros2/br2_bt_bumpgo) by extensions ['ros']
[0.547s] Level 1:colcon.colcon_core.package_identification:_identify(src/book_ros2/br2_bt_bumpgo) by extension 'ros'
[0.548s] DEBUG:colcon.colcon_core.package_identification:Package 'src/book_ros2/br2_bt_bumpgo' with type 'ros.ament_cmake' and name 'br2_bt_bumpgo'
[0.549s] Level 1:colcon.colcon_core.package_identification:_identify(src/book_ros2/br2_bt_patrolling) by extensions ['ignore', 'ignore_ament_install']
[0.549s] Level 1:colcon.colcon_core.package_identification:_identify(src/book_ros2/br2_bt_patrolling) by extension 'ignore'
[0.549s] Level 1:colcon.colcon_core.package_identification:_identify(src/book_ros2/br2_bt_patrolling) by extension 'ignore_ament_install'
[0.549s] Level 1:colcon.colcon_core.package_identification:_identify(src/book_ros2/br2_bt_patrolling) by extensions ['colcon_pkg']
[0.549s] Level 1:colcon.colcon_core.package_identification:_identify(src/book_ros2/br2_bt_patrolling) by extension 'colcon_pkg'
[0.549s] Level 1:colcon.colcon_core.package_identification:_identify(src/book_ros2/br2_bt_patrolling) by extensions ['colcon_meta']
[0.549s] Level 1:colcon.colcon_core.package_identification:_identify(src/book_ros2/br2_bt_patrolling) by extension 'colcon_meta'
[0.549s] Level 1:colcon.colcon_core.package_identification:_identify(src/book_ros2/br2_bt_patrolling) by extensions ['ros']
[0.549s] Level 1:colcon.colcon_core.package_identification:_identify(src/book_ros2/br2_bt_patrolling) by extension 'ros'
[0.551s] DEBUG:colcon.colcon_core.package_identification:Package 'src/book_ros2/br2_bt_patrolling' with type 'ros.ament_cmake' and name 'br2_bt_patrolling'
[0.551s] Level 1:colcon.colcon_core.package_identification:_identify(src/book_ros2/br2_fsm_bumpgo_cpp) by extensions ['ignore', 'ignore_ament_install']
[0.552s] Level 1:colcon.colcon_core.package_identification:_identify(src/book_ros2/br2_fsm_bumpgo_cpp) by extension 'ignore'
[0.552s] Level 1:colcon.colcon_core.package_identification:_identify(src/book_ros2/br2_fsm_bumpgo_cpp) by extension 'ignore_ament_install'
[0.552s] Level 1:colcon.colcon_core.package_identification:_identify(src/book_ros2/br2_fsm_bumpgo_cpp) by extensions ['colcon_pkg']
[0.552s] Level 1:colcon.colcon_core.package_identification:_identify(src/book_ros2/br2_fsm_bumpgo_cpp) by extension 'colcon_pkg'
[0.552s] Level 1:colcon.colcon_core.package_identification:_identify(src/book_ros2/br2_fsm_bumpgo_cpp) by extensions ['colcon_meta']
[0.552s] Level 1:colcon.colcon_core.package_identification:_identify(src/book_ros2/br2_fsm_bumpgo_cpp) by extension 'colcon_meta'
[0.552s] Level 1:colcon.colcon_core.package_identification:_identify(src/book_ros2/br2_fsm_bumpgo_cpp) by extensions ['ros']
[0.552s] Level 1:colcon.colcon_core.package_identification:_identify(src/book_ros2/br2_fsm_bumpgo_cpp) by extension 'ros'
[0.553s] DEBUG:colcon.colcon_core.package_identification:Package 'src/book_ros2/br2_fsm_bumpgo_cpp' with type 'ros.ament_cmake' and name 'br2_fsm_bumpgo_cpp'
[0.553s] Level 1:colcon.colcon_core.package_identification:_identify(src/book_ros2/br2_fsm_bumpgo_py) by extensions ['ignore', 'ignore_ament_install']
[0.553s] Level 1:colcon.colcon_core.package_identification:_identify(src/book_ros2/br2_fsm_bumpgo_py) by extension 'ignore'
[0.553s] Level 1:colcon.colcon_core.package_identification:_identify(src/book_ros2/br2_fsm_bumpgo_py) by extension 'ignore_ament_install'
[0.553s] Level 1:colcon.colcon_core.package_identification:_identify(src/book_ros2/br2_fsm_bumpgo_py) by extensions ['colcon_pkg']
[0.553s] Level 1:colcon.colcon_core.package_identification:_identify(src/book_ros2/br2_fsm_bumpgo_py) by extension 'colcon_pkg'
[0.553s] Level 1:colcon.colcon_core.package_identification:_identify(src/book_ros2/br2_fsm_bumpgo_py) by extensions ['colcon_meta']
[0.554s] Level 1:colcon.colcon_core.package_identification:_identify(src/book_ros2/br2_fsm_bumpgo_py) by extension 'colcon_meta'
[0.554s] Level 1:colcon.colcon_core.package_identification:_identify(src/book_ros2/br2_fsm_bumpgo_py) by extensions ['ros']
[0.554s] Level 1:colcon.colcon_core.package_identification:_identify(src/book_ros2/br2_fsm_bumpgo_py) by extension 'ros'
[0.554s] DEBUG:colcon.colcon_core.package_identification:Package 'src/book_ros2/br2_fsm_bumpgo_py' with type 'ros.ament_python' and name 'br2_fsm_bumpgo_py'
[0.555s] Level 1:colcon.colcon_core.package_identification:_identify(src/book_ros2/br2_navigation) by extensions ['ignore', 'ignore_ament_install']
[0.555s] Level 1:colcon.colcon_core.package_identification:_identify(src/book_ros2/br2_navigation) by extension 'ignore'
[0.555s] Level 1:colcon.colcon_core.package_identification:_identify(src/book_ros2/br2_navigation) by extension 'ignore_ament_install'
[0.555s] Level 1:colcon.colcon_core.package_identification:_identify(src/book_ros2/br2_navigation) by extensions ['colcon_pkg']
[0.555s] Level 1:colcon.colcon_core.package_identification:_identify(src/book_ros2/br2_navigation) by extension 'colcon_pkg'
[0.555s] Level 1:colcon.colcon_core.package_identification:_identify(src/book_ros2/br2_navigation) by extensions ['colcon_meta']
[0.555s] Level 1:colcon.colcon_core.package_identification:_identify(src/book_ros2/br2_navigation) by extension 'colcon_meta'
[0.555s] Level 1:colcon.colcon_core.package_identification:_identify(src/book_ros2/br2_navigation) by extensions ['ros']
[0.555s] Level 1:colcon.colcon_core.package_identification:_identify(src/book_ros2/br2_navigation) by extension 'ros'
[0.555s] DEBUG:colcon.colcon_core.package_identification:Package 'src/book_ros2/br2_navigation' with type 'ros.ament_cmake' and name 'br2_navigation'
[0.556s] Level 1:colcon.colcon_core.package_identification:_identify(src/book_ros2/br2_tf2_detector) by extensions ['ignore', 'ignore_ament_install']
[0.556s] Level 1:colcon.colcon_core.package_identification:_identify(src/book_ros2/br2_tf2_detector) by extension 'ignore'
[0.556s] Level 1:colcon.colcon_core.package_identification:_identify(src/book_ros2/br2_tf2_detector) by extension 'ignore_ament_install'
[0.556s] Level 1:colcon.colcon_core.package_identification:_identify(src/book_ros2/br2_tf2_detector) by extensions ['colcon_pkg']
[0.556s] Level 1:colcon.colcon_core.package_identification:_identify(src/book_ros2/br2_tf2_detector) by extension 'colcon_pkg'
[0.556s] Level 1:colcon.colcon_core.package_identification:_identify(src/book_ros2/br2_tf2_detector) by extensions ['colcon_meta']
[0.556s] Level 1:colcon.colcon_core.package_identification:_identify(src/book_ros2/br2_tf2_detector) by extension 'colcon_meta'
[0.556s] Level 1:colcon.colcon_core.package_identification:_identify(src/book_ros2/br2_tf2_detector) by extensions ['ros']
[0.556s] Level 1:colcon.colcon_core.package_identification:_identify(src/book_ros2/br2_tf2_detector) by extension 'ros'
[0.557s] DEBUG:colcon.colcon_core.package_identification:Package 'src/book_ros2/br2_tf2_detector' with type 'ros.ament_cmake' and name 'br2_tf2_detector'
[0.558s] Level 1:colcon.colcon_core.package_identification:_identify(src/book_ros2/br2_tiago) by extensions ['ignore', 'ignore_ament_install']
[0.558s] Level 1:colcon.colcon_core.package_identification:_identify(src/book_ros2/br2_tiago) by extension 'ignore'
[0.558s] Level 1:colcon.colcon_core.package_identification:_identify(src/book_ros2/br2_tiago) by extension 'ignore_ament_install'
[0.558s] Level 1:colcon.colcon_core.package_identification:_identify(src/book_ros2/br2_tiago) by extensions ['colcon_pkg']
[0.558s] Level 1:colcon.colcon_core.package_identification:_identify(src/book_ros2/br2_tiago) by extension 'colcon_pkg'
[0.558s] Level 1:colcon.colcon_core.package_identification:_identify(src/book_ros2/br2_tiago) by extensions ['colcon_meta']
[0.558s] Level 1:colcon.colcon_core.package_identification:_identify(src/book_ros2/br2_tiago) by extension 'colcon_meta'
[0.558s] Level 1:colcon.colcon_core.package_identification:_identify(src/book_ros2/br2_tiago) by extensions ['ros']
[0.558s] Level 1:colcon.colcon_core.package_identification:_identify(src/book_ros2/br2_tiago) by extension 'ros'
[0.559s] DEBUG:colcon.colcon_core.package_identification:Package 'src/book_ros2/br2_tiago' with type 'ros.ament_cmake' and name 'br2_tiago'
[0.559s] Level 1:colcon.colcon_core.package_identification:_identify(src/book_ros2/br2_tracking) by extensions ['ignore', 'ignore_ament_install']
[0.559s] Level 1:colcon.colcon_core.package_identification:_identify(src/book_ros2/br2_tracking) by extension 'ignore'
[0.559s] Level 1:colcon.colcon_core.package_identification:_identify(src/book_ros2/br2_tracking) by extension 'ignore_ament_install'
[0.560s] Level 1:colcon.colcon_core.package_identification:_identify(src/book_ros2/br2_tracking) by extensions ['colcon_pkg']
[0.560s] Level 1:colcon.colcon_core.package_identification:_identify(src/book_ros2/br2_tracking) by extension 'colcon_pkg'
[0.560s] Level 1:colcon.colcon_core.package_identification:_identify(src/book_ros2/br2_tracking) by extensions ['colcon_meta']
[0.560s] Level 1:colcon.colcon_core.package_identification:_identify(src/book_ros2/br2_tracking) by extension 'colcon_meta'
[0.560s] Level 1:colcon.colcon_core.package_identification:_identify(src/book_ros2/br2_tracking) by extensions ['ros']
[0.560s] Level 1:colcon.colcon_core.package_identification:_identify(src/book_ros2/br2_tracking) by extension 'ros'
[0.563s] DEBUG:colcon.colcon_core.package_identification:Package 'src/book_ros2/br2_tracking' with type 'ros.ament_cmake' and name 'br2_tracking'
[0.563s] Level 1:colcon.colcon_core.package_identification:_identify(src/book_ros2/br2_tracking_msgs) by extensions ['ignore', 'ignore_ament_install']
[0.563s] Level 1:colcon.colcon_core.package_identification:_identify(src/book_ros2/br2_tracking_msgs) by extension 'ignore'
[0.564s] Level 1:colcon.colcon_core.package_identification:_identify(src/book_ros2/br2_tracking_msgs) by extension 'ignore_ament_install'
[0.564s] Level 1:colcon.colcon_core.package_identification:_identify(src/book_ros2/br2_tracking_msgs) by extensions ['colcon_pkg']
[0.564s] Level 1:colcon.colcon_core.package_identification:_identify(src/book_ros2/br2_tracking_msgs) by extension 'colcon_pkg'
[0.564s] Level 1:colcon.colcon_core.package_identification:_identify(src/book_ros2/br2_tracking_msgs) by extensions ['colcon_meta']
[0.564s] Level 1:colcon.colcon_core.package_identification:_identify(src/book_ros2/br2_tracking_msgs) by extension 'colcon_meta'
[0.564s] Level 1:colcon.colcon_core.package_identification:_identify(src/book_ros2/br2_tracking_msgs) by extensions ['ros']
[0.564s] Level 1:colcon.colcon_core.package_identification:_identify(src/book_ros2/br2_tracking_msgs) by extension 'ros'
[0.565s] DEBUG:colcon.colcon_core.package_identification:Package 'src/book_ros2/br2_tracking_msgs' with type 'ros.ament_cmake' and name 'br2_tracking_msgs'
[0.565s] Level 1:colcon.colcon_core.package_identification:_identify(src/book_ros2/br2_vff_avoidance) by extensions ['ignore', 'ignore_ament_install']
[0.565s] Level 1:colcon.colcon_core.package_identification:_identify(src/book_ros2/br2_vff_avoidance) by extension 'ignore'
[0.565s] Level 1:colcon.colcon_core.package_identification:_identify(src/book_ros2/br2_vff_avoidance) by extension 'ignore_ament_install'
[0.565s] Level 1:colcon.colcon_core.package_identification:_identify(src/book_ros2/br2_vff_avoidance) by extensions ['colcon_pkg']
[0.565s] Level 1:colcon.colcon_core.package_identification:_identify(src/book_ros2/br2_vff_avoidance) by extension 'colcon_pkg'
[0.565s] Level 1:colcon.colcon_core.package_identification:_identify(src/book_ros2/br2_vff_avoidance) by extensions ['colcon_meta']
[0.565s] Level 1:colcon.colcon_core.package_identification:_identify(src/book_ros2/br2_vff_avoidance) by extension 'colcon_meta'
[0.565s] Level 1:colcon.colcon_core.package_identification:_identify(src/book_ros2/br2_vff_avoidance) by extensions ['ros']
[0.566s] Level 1:colcon.colcon_core.package_identification:_identify(src/book_ros2/br2_vff_avoidance) by extension 'ros'
[0.566s] DEBUG:colcon.colcon_core.package_identification:Package 'src/book_ros2/br2_vff_avoidance' with type 'ros.ament_cmake' and name 'br2_vff_avoidance'
[0.566s] Level 1:colcon.colcon_core.package_identification:_identify(src/task1) by extensions ['ignore', 'ignore_ament_install']
[0.567s] Level 1:colcon.colcon_core.package_identification:_identify(src/task1) by extension 'ignore'
[0.567s] Level 1:colcon.colcon_core.package_identification:_identify(src/task1) by extension 'ignore_ament_install'
[0.567s] Level 1:colcon.colcon_core.package_identification:_identify(src/task1) by extensions ['colcon_pkg']
[0.567s] Level 1:colcon.colcon_core.package_identification:_identify(src/task1) by extension 'colcon_pkg'
[0.567s] Level 1:colcon.colcon_core.package_identification:_identify(src/task1) by extensions ['colcon_meta']
[0.567s] Level 1:colcon.colcon_core.package_identification:_identify(src/task1) by extension 'colcon_meta'
[0.567s] Level 1:colcon.colcon_core.package_identification:_identify(src/task1) by extensions ['ros']
[0.567s] Level 1:colcon.colcon_core.package_identification:_identify(src/task1) by extension 'ros'
[0.568s] DEBUG:colcon.colcon_core.package_identification:Package 'src/task1' with type 'ros.ament_cmake' and name 'task1'
[0.568s] Level 1:colcon.colcon_core.package_identification:_identify(src/task2a) by extensions ['ignore', 'ignore_ament_install']
[0.568s] Level 1:colcon.colcon_core.package_identification:_identify(src/task2a) by extension 'ignore'
[0.568s] Level 1:colcon.colcon_core.package_identification:_identify(src/task2a) by extension 'ignore_ament_install'
[0.568s] Level 1:colcon.colcon_core.package_identification:_identify(src/task2a) by extensions ['colcon_pkg']
[0.569s] Level 1:colcon.colcon_core.package_identification:_identify(src/task2a) by extension 'colcon_pkg'
[0.569s] Level 1:colcon.colcon_core.package_identification:_identify(src/task2a) by extensions ['colcon_meta']
[0.569s] Level 1:colcon.colcon_core.package_identification:_identify(src/task2a) by extension 'colcon_meta'
[0.569s] Level 1:colcon.colcon_core.package_identification:_identify(src/task2a) by extensions ['ros']
[0.569s] Level 1:colcon.colcon_core.package_identification:_identify(src/task2a) by extension 'ros'
[0.570s] DEBUG:colcon.colcon_core.package_identification:Package 'src/task2a' with type 'ros.ament_cmake' and name 'task2a'
[0.570s] Level 1:colcon.colcon_core.package_identification:_identify(src/task2b) by extensions ['ignore', 'ignore_ament_install']
[0.570s] Level 1:colcon.colcon_core.package_identification:_identify(src/task2b) by extension 'ignore'
[0.570s] Level 1:colcon.colcon_core.package_identification:_identify(src/task2b) by extension 'ignore_ament_install'
[0.570s] Level 1:colcon.colcon_core.package_identification:_identify(src/task2b) by extensions ['colcon_pkg']
[0.570s] Level 1:colcon.colcon_core.package_identification:_identify(src/task2b) by extension 'colcon_pkg'
[0.570s] Level 1:colcon.colcon_core.package_identification:_identify(src/task2b) by extensions ['colcon_meta']
[0.570s] Level 1:colcon.colcon_core.package_identification:_identify(src/task2b) by extension 'colcon_meta'
[0.570s] Level 1:colcon.colcon_core.package_identification:_identify(src/task2b) by extensions ['ros']
[0.570s] Level 1:colcon.colcon_core.package_identification:_identify(src/task2b) by extension 'ros'
[0.571s] DEBUG:colcon.colcon_core.package_identification:Package 'src/task2b' with type 'ros.ament_cmake' and name 'task2b'
[0.571s] Level 1:colcon.colcon_core.package_discovery:discover_packages(recursive) using defaults
[0.571s] Level 1:colcon.colcon_core.package_discovery:discover_packages(ignore) discover
[0.571s] Level 1:colcon.colcon_core.package_discovery:discover_packages(ignore) using defaults
[0.571s] Level 1:colcon.colcon_core.package_discovery:discover_packages(path) discover
[0.571s] Level 1:colcon.colcon_core.package_discovery:discover_packages(path) using defaults
[0.624s] Level 1:colcon.colcon_core.package_discovery:discover_packages(prefix_path) check parameters
[0.624s] Level 1:colcon.colcon_core.package_discovery:discover_packages(prefix_path) discover
[0.631s] DEBUG:colcon.colcon_installed_package_information.package_discovery:Found 61 installed packages in /home/khaledob/bookros2_ws/install
[0.633s] DEBUG:colcon.colcon_installed_package_information.package_discovery:Found 274 installed packages in /opt/ros/foxy
[0.636s] Level 1:colcon.colcon_core.package_discovery:discover_packages(prefix_path) using defaults
[0.712s] Level 5:colcon.colcon_core.verb:set package 'br2_basics' build argument 'cmake_args' from command line to 'None'
[0.712s] Level 5:colcon.colcon_core.verb:set package 'br2_basics' build argument 'cmake_target' from command line to 'None'
[0.712s] Level 5:colcon.colcon_core.verb:set package 'br2_basics' build argument 'cmake_target_skip_unavailable' from command line to 'False'
[0.712s] Level 5:colcon.colcon_core.verb:set package 'br2_basics' build argument 'cmake_clean_cache' from command line to 'False'
[0.712s] Level 5:colcon.colcon_core.verb:set package 'br2_basics' build argument 'cmake_clean_first' from command line to 'False'
[0.712s] Level 5:colcon.colcon_core.verb:set package 'br2_basics' build argument 'cmake_force_configure' from command line to 'False'
[0.712s] Level 5:colcon.colcon_core.verb:set package 'br2_basics' build argument 'ament_cmake_args' from command line to 'None'
[0.712s] Level 5:colcon.colcon_core.verb:set package 'br2_basics' build argument 'catkin_cmake_args' from command line to 'None'
[0.712s] Level 5:colcon.colcon_core.verb:set package 'br2_basics' build argument 'catkin_skip_building_tests' from command line to 'False'
[0.712s] DEBUG:colcon.colcon_core.verb:Building package 'br2_basics' with the following arguments: {'ament_cmake_args': None, 'build_base': '/home/khaledob/bookros2_ws/build/br2_basics', 'catkin_cmake_args': None, 'catkin_skip_building_tests': False, 'cmake_args': None, 'cmake_clean_cache': False, 'cmake_clean_first': False, 'cmake_force_configure': False, 'cmake_target': None, 'cmake_target_skip_unavailable': False, 'install_base': '/home/khaledob/bookros2_ws/install/br2_basics', 'merge_install': False, 'path': '/home/khaledob/bookros2_ws/src/book_ros2/br2_basics', 'symlink_install': True, 'test_result_base': None}
[0.713s] Level 5:colcon.colcon_core.verb:set package 'br2_bt_bumpgo' build argument 'cmake_args' from command line to 'None'
[0.713s] Level 5:colcon.colcon_core.verb:set package 'br2_bt_bumpgo' build argument 'cmake_target' from command line to 'None'
[0.713s] Level 5:colcon.colcon_core.verb:set package 'br2_bt_bumpgo' build argument 'cmake_target_skip_unavailable' from command line to 'False'
[0.713s] Level 5:colcon.colcon_core.verb:set package 'br2_bt_bumpgo' build argument 'cmake_clean_cache' from command line to 'False'
[0.713s] Level 5:colcon.colcon_core.verb:set package 'br2_bt_bumpgo' build argument 'cmake_clean_first' from command line to 'False'
[0.713s] Level 5:colcon.colcon_core.verb:set package 'br2_bt_bumpgo' build argument 'cmake_force_configure' from command line to 'False'
[0.713s] Level 5:colcon.colcon_core.verb:set package 'br2_bt_bumpgo' build argument 'ament_cmake_args' from command line to 'None'
[0.713s] Level 5:colcon.colcon_core.verb:set package 'br2_bt_bumpgo' build argument 'catkin_cmake_args' from command line to 'None'
[0.713s] Level 5:colcon.colcon_core.verb:set package 'br2_bt_bumpgo' build argument 'catkin_skip_building_tests' from command line to 'False'
[0.713s] DEBUG:colcon.colcon_core.verb:Building package 'br2_bt_bumpgo' with the following arguments: {'ament_cmake_args': None, 'build_base': '/home/khaledob/bookros2_ws/build/br2_bt_bumpgo', 'catkin_cmake_args': None, 'catkin_skip_building_tests': False, 'cmake_args': None, 'cmake_clean_cache': False, 'cmake_clean_first': False, 'cmake_force_configure': False, 'cmake_target': None, 'cmake_target_skip_unavailable': False, 'install_base': '/home/khaledob/bookros2_ws/install/br2_bt_bumpgo', 'merge_install': False, 'path': '/home/khaledob/bookros2_ws/src/book_ros2/br2_bt_bumpgo', 'symlink_install': True, 'test_result_base': None}
[0.714s] Level 5:colcon.colcon_core.verb:set package 'br2_bt_patrolling' build argument 'cmake_args' from command line to 'None'
[0.714s] Level 5:colcon.colcon_core.verb:set package 'br2_bt_patrolling' build argument 'cmake_target' from command line to 'None'
[0.714s] Level 5:colcon.colcon_core.verb:set package 'br2_bt_patrolling' build argument 'cmake_target_skip_unavailable' from command line to 'False'
[0.714s] Level 5:colcon.colcon_core.verb:set package 'br2_bt_patrolling' build argument 'cmake_clean_cache' from command line to 'False'
[0.714s] Level 5:colcon.colcon_core.verb:set package 'br2_bt_patrolling' build argument 'cmake_clean_first' from command line to 'False'
[0.714s] Level 5:colcon.colcon_core.verb:set package 'br2_bt_patrolling' build argument 'cmake_force_configure' from command line to 'False'
[0.714s] Level 5:colcon.colcon_core.verb:set package 'br2_bt_patrolling' build argument 'ament_cmake_args' from command line to 'None'
[0.714s] Level 5:colcon.colcon_core.verb:set package 'br2_bt_patrolling' build argument 'catkin_cmake_args' from command line to 'None'
[0.714s] Level 5:colcon.colcon_core.verb:set package 'br2_bt_patrolling' build argument 'catkin_skip_building_tests' from command line to 'False'
[0.714s] DEBUG:colcon.colcon_core.verb:Building package 'br2_bt_patrolling' with the following arguments: {'ament_cmake_args': None, 'build_base': '/home/khaledob/bookros2_ws/build/br2_bt_patrolling', 'catkin_cmake_args': None, 'catkin_skip_building_tests': False, 'cmake_args': None, 'cmake_clean_cache': False, 'cmake_clean_first': False, 'cmake_force_configure': False, 'cmake_target': None, 'cmake_target_skip_unavailable': False, 'install_base': '/home/khaledob/bookros2_ws/install/br2_bt_patrolling', 'merge_install': False, 'path': '/home/khaledob/bookros2_ws/src/book_ros2/br2_bt_patrolling', 'symlink_install': True, 'test_result_base': None}
[0.714s] Level 5:colcon.colcon_core.verb:set package 'br2_fsm_bumpgo_cpp' build argument 'cmake_args' from command line to 'None'
[0.714s] Level 5:colcon.colcon_core.verb:set package 'br2_fsm_bumpgo_cpp' build argument 'cmake_target' from command line to 'None'
[0.714s] Level 5:colcon.colcon_core.verb:set package 'br2_fsm_bumpgo_cpp' build argument 'cmake_target_skip_unavailable' from command line to 'False'
[0.714s] Level 5:colcon.colcon_core.verb:set package 'br2_fsm_bumpgo_cpp' build argument 'cmake_clean_cache' from command line to 'False'
[0.714s] Level 5:colcon.colcon_core.verb:set package 'br2_fsm_bumpgo_cpp' build argument 'cmake_clean_first' from command line to 'False'
[0.715s] Level 5:colcon.colcon_core.verb:set package 'br2_fsm_bumpgo_cpp' build argument 'cmake_force_configure' from command line to 'False'
[0.715s] Level 5:colcon.colcon_core.verb:set package 'br2_fsm_bumpgo_cpp' build argument 'ament_cmake_args' from command line to 'None'
[0.715s] Level 5:colcon.colcon_core.verb:set package 'br2_fsm_bumpgo_cpp' build argument 'catkin_cmake_args' from command line to 'None'
[0.715s] Level 5:colcon.colcon_core.verb:set package 'br2_fsm_bumpgo_cpp' build argument 'catkin_skip_building_tests' from command line to 'False'
[0.715s] DEBUG:colcon.colcon_core.verb:Building package 'br2_fsm_bumpgo_cpp' with the following arguments: {'ament_cmake_args': None, 'build_base': '/home/khaledob/bookros2_ws/build/br2_fsm_bumpgo_cpp', 'catkin_cmake_args': None, 'catkin_skip_building_tests': False, 'cmake_args': None, 'cmake_clean_cache': False, 'cmake_clean_first': False, 'cmake_force_configure': False, 'cmake_target': None, 'cmake_target_skip_unavailable': False, 'install_base': '/home/khaledob/bookros2_ws/install/br2_fsm_bumpgo_cpp', 'merge_install': False, 'path': '/home/khaledob/bookros2_ws/src/book_ros2/br2_fsm_bumpgo_cpp', 'symlink_install': True, 'test_result_base': None}
[0.715s] Level 5:colcon.colcon_core.verb:set package 'br2_fsm_bumpgo_py' build argument 'cmake_args' from command line to 'None'
[0.715s] Level 5:colcon.colcon_core.verb:set package 'br2_fsm_bumpgo_py' build argument 'cmake_target' from command line to 'None'
[0.715s] Level 5:colcon.colcon_core.verb:set package 'br2_fsm_bumpgo_py' build argument 'cmake_target_skip_unavailable' from command line to 'False'
[0.715s] Level 5:colcon.colcon_core.verb:set package 'br2_fsm_bumpgo_py' build argument 'cmake_clean_cache' from command line to 'False'
[0.715s] Level 5:colcon.colcon_core.verb:set package 'br2_fsm_bumpgo_py' build argument 'cmake_clean_first' from command line to 'False'
[0.715s] Level 5:colcon.colcon_core.verb:set package 'br2_fsm_bumpgo_py' build argument 'cmake_force_configure' from command line to 'False'
[0.715s] Level 5:colcon.colcon_core.verb:set package 'br2_fsm_bumpgo_py' build argument 'ament_cmake_args' from command line to 'None'
[0.715s] Level 5:colcon.colcon_core.verb:set package 'br2_fsm_bumpgo_py' build argument 'catkin_cmake_args' from command line to 'None'
[0.715s] Level 5:colcon.colcon_core.verb:set package 'br2_fsm_bumpgo_py' build argument 'catkin_skip_building_tests' from command line to 'False'
[0.715s] DEBUG:colcon.colcon_core.verb:Building package 'br2_fsm_bumpgo_py' with the following arguments: {'ament_cmake_args': None, 'build_base': '/home/khaledob/bookros2_ws/build/br2_fsm_bumpgo_py', 'catkin_cmake_args': None, 'catkin_skip_building_tests': False, 'cmake_args': None, 'cmake_clean_cache': False, 'cmake_clean_first': False, 'cmake_force_configure': False, 'cmake_target': None, 'cmake_target_skip_unavailable': False, 'install_base': '/home/khaledob/bookros2_ws/install/br2_fsm_bumpgo_py', 'merge_install': False, 'path': '/home/khaledob/bookros2_ws/src/book_ros2/br2_fsm_bumpgo_py', 'symlink_install': True, 'test_result_base': None}
[0.716s] Level 5:colcon.colcon_core.verb:set package 'br2_navigation' build argument 'cmake_args' from command line to 'None'
[0.716s] Level 5:colcon.colcon_core.verb:set package 'br2_navigation' build argument 'cmake_target' from command line to 'None'
[0.716s] Level 5:colcon.colcon_core.verb:set package 'br2_navigation' build argument 'cmake_target_skip_unavailable' from command line to 'False'
[0.716s] Level 5:colcon.colcon_core.verb:set package 'br2_navigation' build argument 'cmake_clean_cache' from command line to 'False'
[0.716s] Level 5:colcon.colcon_core.verb:set package 'br2_navigation' build argument 'cmake_clean_first' from command line to 'False'
[0.716s] Level 5:colcon.colcon_core.verb:set package 'br2_navigation' build argument 'cmake_force_configure' from command line to 'False'
[0.716s] Level 5:colcon.colcon_core.verb:set package 'br2_navigation' build argument 'ament_cmake_args' from command line to 'None'
[0.716s] Level 5:colcon.colcon_core.verb:set package 'br2_navigation' build argument 'catkin_cmake_args' from command line to 'None'
[0.716s] Level 5:colcon.colcon_core.verb:set package 'br2_navigation' build argument 'catkin_skip_building_tests' from command line to 'False'
[0.716s] DEBUG:colcon.colcon_core.verb:Building package 'br2_navigation' with the following arguments: {'ament_cmake_args': None, 'build_base': '/home/khaledob/bookros2_ws/build/br2_navigation', 'catkin_cmake_args': None, 'catkin_skip_building_tests': False, 'cmake_args': None, 'cmake_clean_cache': False, 'cmake_clean_first': False, 'cmake_force_configure': False, 'cmake_target': None, 'cmake_target_skip_unavailable': False, 'install_base': '/home/khaledob/bookros2_ws/install/br2_navigation', 'merge_install': False, 'path': '/home/khaledob/bookros2_ws/src/book_ros2/br2_navigation', 'symlink_install': True, 'test_result_base': None}
[0.716s] Level 5:colcon.colcon_core.verb:set package 'br2_tf2_detector' build argument 'cmake_args' from command line to 'None'
[0.717s] Level 5:colcon.colcon_core.verb:set package 'br2_tf2_detector' build argument 'cmake_target' from command line to 'None'
[0.717s] Level 5:colcon.colcon_core.verb:set package 'br2_tf2_detector' build argument 'cmake_target_skip_unavailable' from command line to 'False'
[0.717s] Level 5:colcon.colcon_core.verb:set package 'br2_tf2_detector' build argument 'cmake_clean_cache' from command line to 'False'
[0.717s] Level 5:colcon.colcon_core.verb:set package 'br2_tf2_detector' build argument 'cmake_clean_first' from command line to 'False'
[0.717s] Level 5:colcon.colcon_core.verb:set package 'br2_tf2_detector' build argument 'cmake_force_configure' from command line to 'False'
[0.717s] Level 5:colcon.colcon_core.verb:set package 'br2_tf2_detector' build argument 'ament_cmake_args' from command line to 'None'
[0.717s] Level 5:colcon.colcon_core.verb:set package 'br2_tf2_detector' build argument 'catkin_cmake_args' from command line to 'None'
[0.717s] Level 5:colcon.colcon_core.verb:set package 'br2_tf2_detector' build argument 'catkin_skip_building_tests' from command line to 'False'
[0.717s] DEBUG:colcon.colcon_core.verb:Building package 'br2_tf2_detector' with the following arguments: {'ament_cmake_args': None, 'build_base': '/home/khaledob/bookros2_ws/build/br2_tf2_detector', 'catkin_cmake_args': None, 'catkin_skip_building_tests': False, 'cmake_args': None, 'cmake_clean_cache': False, 'cmake_clean_first': False, 'cmake_force_configure': False, 'cmake_target': None, 'cmake_target_skip_unavailable': False, 'install_base': '/home/khaledob/bookros2_ws/install/br2_tf2_detector', 'merge_install': False, 'path': '/home/khaledob/bookros2_ws/src/book_ros2/br2_tf2_detector', 'symlink_install': True, 'test_result_base': None}
[0.718s] Level 5:colcon.colcon_core.verb:set package 'br2_tiago' build argument 'cmake_args' from command line to 'None'
[0.718s] Level 5:colcon.colcon_core.verb:set package 'br2_tiago' build argument 'cmake_target' from command line to 'None'
[0.718s] Level 5:colcon.colcon_core.verb:set package 'br2_tiago' build argument 'cmake_target_skip_unavailable' from command line to 'False'
[0.718s] Level 5:colcon.colcon_core.verb:set package 'br2_tiago' build argument 'cmake_clean_cache' from command line to 'False'
[0.718s] Level 5:colcon.colcon_core.verb:set package 'br2_tiago' build argument 'cmake_clean_first' from command line to 'False'
[0.718s] Level 5:colcon.colcon_core.verb:set package 'br2_tiago' build argument 'cmake_force_configure' from command line to 'False'
[0.718s] Level 5:colcon.colcon_core.verb:set package 'br2_tiago' build argument 'ament_cmake_args' from command line to 'None'
[0.718s] Level 5:colcon.colcon_core.verb:set package 'br2_tiago' build argument 'catkin_cmake_args' from command line to 'None'
[0.718s] Level 5:colcon.colcon_core.verb:set package 'br2_tiago' build argument 'catkin_skip_building_tests' from command line to 'False'
[0.718s] DEBUG:colcon.colcon_core.verb:Building package 'br2_tiago' with the following arguments: {'ament_cmake_args': None, 'build_base': '/home/khaledob/bookros2_ws/build/br2_tiago', 'catkin_cmake_args': None, 'catkin_skip_building_tests': False, 'cmake_args': None, 'cmake_clean_cache': False, 'cmake_clean_first': False, 'cmake_force_configure': False, 'cmake_target': None, 'cmake_target_skip_unavailable': False, 'install_base': '/home/khaledob/bookros2_ws/install/br2_tiago', 'merge_install': False, 'path': '/home/khaledob/bookros2_ws/src/book_ros2/br2_tiago', 'symlink_install': True, 'test_result_base': None}
[0.719s] Level 5:colcon.colcon_core.verb:set package 'br2_tracking_msgs' build argument 'cmake_args' from command line to 'None'
[0.719s] Level 5:colcon.colcon_core.verb:set package 'br2_tracking_msgs' build argument 'cmake_target' from command line to 'None'
[0.719s] Level 5:colcon.colcon_core.verb:set package 'br2_tracking_msgs' build argument 'cmake_target_skip_unavailable' from command line to 'False'
[0.719s] Level 5:colcon.colcon_core.verb:set package 'br2_tracking_msgs' build argument 'cmake_clean_cache' from command line to 'False'
[0.719s] Level 5:colcon.colcon_core.verb:set package 'br2_tracking_msgs' build argument 'cmake_clean_first' from command line to 'False'
[0.719s] Level 5:colcon.colcon_core.verb:set package 'br2_tracking_msgs' build argument 'cmake_force_configure' from command line to 'False'
[0.720s] Level 5:colcon.colcon_core.verb:set package 'br2_tracking_msgs' build argument 'ament_cmake_args' from command line to 'None'
[0.720s] Level 5:colcon.colcon_core.verb:set package 'br2_tracking_msgs' build argument 'catkin_cmake_args' from command line to 'None'
[0.720s] Level 5:colcon.colcon_core.verb:set package 'br2_tracking_msgs' build argument 'catkin_skip_building_tests' from command line to 'False'
[0.720s] DEBUG:colcon.colcon_core.verb:Building package 'br2_tracking_msgs' with the following arguments: {'ament_cmake_args': None, 'build_base': '/home/khaledob/bookros2_ws/build/br2_tracking_msgs', 'catkin_cmake_args': None, 'catkin_skip_building_tests': False, 'cmake_args': None, 'cmake_clean_cache': False, 'cmake_clean_first': False, 'cmake_force_configure': False, 'cmake_target': None, 'cmake_target_skip_unavailable': False, 'install_base': '/home/khaledob/bookros2_ws/install/br2_tracking_msgs', 'merge_install': False, 'path': '/home/khaledob/bookros2_ws/src/book_ros2/br2_tracking_msgs', 'symlink_install': True, 'test_result_base': None}
[0.723s] Level 5:colcon.colcon_core.verb:set package 'br2_vff_avoidance' build argument 'cmake_args' from command line to 'None'
[0.723s] Level 5:colcon.colcon_core.verb:set package 'br2_vff_avoidance' build argument 'cmake_target' from command line to 'None'
[0.723s] Level 5:colcon.colcon_core.verb:set package 'br2_vff_avoidance' build argument 'cmake_target_skip_unavailable' from command line to 'False'
[0.723s] Level 5:colcon.colcon_core.verb:set package 'br2_vff_avoidance' build argument 'cmake_clean_cache' from command line to 'False'
[0.723s] Level 5:colcon.colcon_core.verb:set package 'br2_vff_avoidance' build argument 'cmake_clean_first' from command line to 'False'
[0.723s] Level 5:colcon.colcon_core.verb:set package 'br2_vff_avoidance' build argument 'cmake_force_configure' from command line to 'False'
[0.723s] Level 5:colcon.colcon_core.verb:set package 'br2_vff_avoidance' build argument 'ament_cmake_args' from command line to 'None'
[0.723s] Level 5:colcon.colcon_core.verb:set package 'br2_vff_avoidance' build argument 'catkin_cmake_args' from command line to 'None'
[0.723s] Level 5:colcon.colcon_core.verb:set package 'br2_vff_avoidance' build argument 'catkin_skip_building_tests' from command line to 'False'
[0.723s] DEBUG:colcon.colcon_core.verb:Building package 'br2_vff_avoidance' with the following arguments: {'ament_cmake_args': None, 'build_base': '/home/khaledob/bookros2_ws/build/br2_vff_avoidance', 'catkin_cmake_args': None, 'catkin_skip_building_tests': False, 'cmake_args': None, 'cmake_clean_cache': False, 'cmake_clean_first': False, 'cmake_force_configure': False, 'cmake_target': None, 'cmake_target_skip_unavailable': False, 'install_base': '/home/khaledob/bookros2_ws/install/br2_vff_avoidance', 'merge_install': False, 'path': '/home/khaledob/bookros2_ws/src/book_ros2/br2_vff_avoidance', 'symlink_install': True, 'test_result_base': None}
[0.724s] Level 5:colcon.colcon_core.verb:set package 'controller_manager_msgs' build argument 'cmake_args' from command line to 'None'
[0.724s] Level 5:colcon.colcon_core.verb:set package 'controller_manager_msgs' build argument 'cmake_target' from command line to 'None'
[0.724s] Level 5:colcon.colcon_core.verb:set package 'controller_manager_msgs' build argument 'cmake_target_skip_unavailable' from command line to 'False'
[0.724s] Level 5:colcon.colcon_core.verb:set package 'controller_manager_msgs' build argument 'cmake_clean_cache' from command line to 'False'
[0.724s] Level 5:colcon.colcon_core.verb:set package 'controller_manager_msgs' build argument 'cmake_clean_first' from command line to 'False'
[0.724s] Level 5:colcon.colcon_core.verb:set package 'controller_manager_msgs' build argument 'cmake_force_configure' from command line to 'False'
[0.724s] Level 5:colcon.colcon_core.verb:set package 'controller_manager_msgs' build argument 'ament_cmake_args' from command line to 'None'
[0.724s] Level 5:colcon.colcon_core.verb:set package 'controller_manager_msgs' build argument 'catkin_cmake_args' from command line to 'None'
[0.724s] Level 5:colcon.colcon_core.verb:set package 'controller_manager_msgs' build argument 'catkin_skip_building_tests' from command line to 'False'
[0.724s] DEBUG:colcon.colcon_core.verb:Building package 'controller_manager_msgs' with the following arguments: {'ament_cmake_args': None, 'build_base': '/home/khaledob/bookros2_ws/build/controller_manager_msgs', 'catkin_cmake_args': None, 'catkin_skip_building_tests': False, 'cmake_args': None, 'cmake_clean_cache': False, 'cmake_clean_first': False, 'cmake_force_configure': False, 'cmake_target': None, 'cmake_target_skip_unavailable': False, 'install_base': '/home/khaledob/bookros2_ws/install/controller_manager_msgs', 'merge_install': False, 'path': '/home/khaledob/bookros2_ws/src/ThirdParty/ros2_control/controller_manager_msgs', 'symlink_install': True, 'test_result_base': None}
[0.724s] Level 5:colcon.colcon_core.verb:set package 'groot' build argument 'cmake_args' from command line to 'None'
[0.724s] Level 5:colcon.colcon_core.verb:set package 'groot' build argument 'cmake_target' from command line to 'None'
[0.724s] Level 5:colcon.colcon_core.verb:set package 'groot' build argument 'cmake_target_skip_unavailable' from command line to 'False'
[0.724s] Level 5:colcon.colcon_core.verb:set package 'groot' build argument 'cmake_clean_cache' from command line to 'False'
[0.724s] Level 5:colcon.colcon_core.verb:set package 'groot' build argument 'cmake_clean_first' from command line to 'False'
[0.724s] Level 5:colcon.colcon_core.verb:set package 'groot' build argument 'cmake_force_configure' from command line to 'False'
[0.724s] Level 5:colcon.colcon_core.verb:set package 'groot' build argument 'ament_cmake_args' from command line to 'None'
[0.724s] Level 5:colcon.colcon_core.verb:set package 'groot' build argument 'catkin_cmake_args' from command line to 'None'
[0.724s] Level 5:colcon.colcon_core.verb:set package 'groot' build argument 'catkin_skip_building_tests' from command line to 'False'
[0.725s] DEBUG:colcon.colcon_core.verb:Building package 'groot' with the following arguments: {'ament_cmake_args': None, 'build_base': '/home/khaledob/bookros2_ws/build/groot', 'catkin_cmake_args': None, 'catkin_skip_building_tests': False, 'cmake_args': None, 'cmake_clean_cache': False, 'cmake_clean_first': False, 'cmake_force_configure': False, 'cmake_target': None, 'cmake_target_skip_unavailable': False, 'install_base': '/home/khaledob/bookros2_ws/install/groot', 'merge_install': False, 'path': '/home/khaledob/bookros2_ws/src/ThirdParty/Groot', 'symlink_install': True, 'test_result_base': None}
[0.725s] Level 5:colcon.colcon_core.verb:set package 'hey5_description' build argument 'cmake_args' from command line to 'None'
[0.725s] Level 5:colcon.colcon_core.verb:set package 'hey5_description' build argument 'cmake_target' from command line to 'None'
[0.725s] Level 5:colcon.colcon_core.verb:set package 'hey5_description' build argument 'cmake_target_skip_unavailable' from command line to 'False'
[0.725s] Level 5:colcon.colcon_core.verb:set package 'hey5_description' build argument 'cmake_clean_cache' from command line to 'False'
[0.725s] Level 5:colcon.colcon_core.verb:set package 'hey5_description' build argument 'cmake_clean_first' from command line to 'False'
[0.725s] Level 5:colcon.colcon_core.verb:set package 'hey5_description' build argument 'cmake_force_configure' from command line to 'False'
[0.725s] Level 5:colcon.colcon_core.verb:set package 'hey5_description' build argument 'ament_cmake_args' from command line to 'None'
[0.725s] Level 5:colcon.colcon_core.verb:set package 'hey5_description' build argument 'catkin_cmake_args' from command line to 'None'
[0.725s] Level 5:colcon.colcon_core.verb:set package 'hey5_description' build argument 'catkin_skip_building_tests' from command line to 'False'
[0.725s] DEBUG:colcon.colcon_core.verb:Building package 'hey5_description' with the following arguments: {'ament_cmake_args': None, 'build_base': '/home/khaledob/bookros2_ws/build/hey5_description', 'catkin_cmake_args': None, 'catkin_skip_building_tests': False, 'cmake_args': None, 'cmake_clean_cache': False, 'cmake_clean_first': False, 'cmake_force_configure': False, 'cmake_target': None, 'cmake_target_skip_unavailable': False, 'install_base': '/home/khaledob/bookros2_ws/install/hey5_description', 'merge_install': False, 'path': '/home/khaledob/bookros2_ws/src/ThirdParty/hey5_description', 'symlink_install': True, 'test_result_base': None}
[0.725s] Level 5:colcon.colcon_core.verb:set package 'launch_pal' build argument 'cmake_args' from command line to 'None'
[0.725s] Level 5:colcon.colcon_core.verb:set package 'launch_pal' build argument 'cmake_target' from command line to 'None'
[0.725s] Level 5:colcon.colcon_core.verb:set package 'launch_pal' build argument 'cmake_target_skip_unavailable' from command line to 'False'
[0.725s] Level 5:colcon.colcon_core.verb:set package 'launch_pal' build argument 'cmake_clean_cache' from command line to 'False'
[0.725s] Level 5:colcon.colcon_core.verb:set package 'launch_pal' build argument 'cmake_clean_first' from command line to 'False'
[0.726s] Level 5:colcon.colcon_core.verb:set package 'launch_pal' build argument 'cmake_force_configure' from command line to 'False'
[0.728s] Level 5:colcon.colcon_core.verb:set package 'launch_pal' build argument 'ament_cmake_args' from command line to 'None'
[0.728s] Level 5:colcon.colcon_core.verb:set package 'launch_pal' build argument 'catkin_cmake_args' from command line to 'None'
[0.728s] Level 5:colcon.colcon_core.verb:set package 'launch_pal' build argument 'catkin_skip_building_tests' from command line to 'False'
[0.728s] DEBUG:colcon.colcon_core.verb:Building package 'launch_pal' with the following arguments: {'ament_cmake_args': None, 'build_base': '/home/khaledob/bookros2_ws/build/launch_pal', 'catkin_cmake_args': None, 'catkin_skip_building_tests': False, 'cmake_args': None, 'cmake_clean_cache': False, 'cmake_clean_first': False, 'cmake_force_configure': False, 'cmake_target': None, 'cmake_target_skip_unavailable': False, 'install_base': '/home/khaledob/bookros2_ws/install/launch_pal', 'merge_install': False, 'path': '/home/khaledob/bookros2_ws/src/ThirdParty/launch_pal', 'symlink_install': True, 'test_result_base': None}
[0.728s] Level 5:colcon.colcon_core.verb:set package 'pal_gazebo_worlds' build argument 'cmake_args' from command line to 'None'
[0.728s] Level 5:colcon.colcon_core.verb:set package 'pal_gazebo_worlds' build argument 'cmake_target' from command line to 'None'
[0.728s] Level 5:colcon.colcon_core.verb:set package 'pal_gazebo_worlds' build argument 'cmake_target_skip_unavailable' from command line to 'False'
[0.728s] Level 5:colcon.colcon_core.verb:set package 'pal_gazebo_worlds' build argument 'cmake_clean_cache' from command line to 'False'
[0.728s] Level 5:colcon.colcon_core.verb:set package 'pal_gazebo_worlds' build argument 'cmake_clean_first' from command line to 'False'
[0.728s] Level 5:colcon.colcon_core.verb:set package 'pal_gazebo_worlds' build argument 'cmake_force_configure' from command line to 'False'
[0.728s] Level 5:colcon.colcon_core.verb:set package 'pal_gazebo_worlds' build argument 'ament_cmake_args' from command line to 'None'
[0.728s] Level 5:colcon.colcon_core.verb:set package 'pal_gazebo_worlds' build argument 'catkin_cmake_args' from command line to 'None'
[0.728s] Level 5:colcon.colcon_core.verb:set package 'pal_gazebo_worlds' build argument 'catkin_skip_building_tests' from command line to 'False'
[0.728s] DEBUG:colcon.colcon_core.verb:Building package 'pal_gazebo_worlds' with the following arguments: {'ament_cmake_args': None, 'build_base': '/home/khaledob/bookros2_ws/build/pal_gazebo_worlds', 'catkin_cmake_args': None, 'catkin_skip_building_tests': False, 'cmake_args': None, 'cmake_clean_cache': False, 'cmake_clean_first': False, 'cmake_force_configure': False, 'cmake_target': None, 'cmake_target_skip_unavailable': False, 'install_base': '/home/khaledob/bookros2_ws/install/pal_gazebo_worlds', 'merge_install': False, 'path': '/home/khaledob/bookros2_ws/src/ThirdParty/pal_gazebo_worlds', 'symlink_install': True, 'test_result_base': None}
[0.729s] Level 5:colcon.colcon_core.verb:set package 'pmb2_maps' build argument 'cmake_args' from command line to 'None'
[0.729s] Level 5:colcon.colcon_core.verb:set package 'pmb2_maps' build argument 'cmake_target' from command line to 'None'
[0.729s] Level 5:colcon.colcon_core.verb:set package 'pmb2_maps' build argument 'cmake_target_skip_unavailable' from command line to 'False'
[0.729s] Level 5:colcon.colcon_core.verb:set package 'pmb2_maps' build argument 'cmake_clean_cache' from command line to 'False'
[0.729s] Level 5:colcon.colcon_core.verb:set package 'pmb2_maps' build argument 'cmake_clean_first' from command line to 'False'
[0.729s] Level 5:colcon.colcon_core.verb:set package 'pmb2_maps' build argument 'cmake_force_configure' from command line to 'False'
[0.729s] Level 5:colcon.colcon_core.verb:set package 'pmb2_maps' build argument 'ament_cmake_args' from command line to 'None'
[0.729s] Level 5:colcon.colcon_core.verb:set package 'pmb2_maps' build argument 'catkin_cmake_args' from command line to 'None'
[0.729s] Level 5:colcon.colcon_core.verb:set package 'pmb2_maps' build argument 'catkin_skip_building_tests' from command line to 'False'
[0.729s] DEBUG:colcon.colcon_core.verb:Building package 'pmb2_maps' with the following arguments: {'ament_cmake_args': None, 'build_base': '/home/khaledob/bookros2_ws/build/pmb2_maps', 'catkin_cmake_args': None, 'catkin_skip_building_tests': False, 'cmake_args': None, 'cmake_clean_cache': False, 'cmake_clean_first': False, 'cmake_force_configure': False, 'cmake_target': None, 'cmake_target_skip_unavailable': False, 'install_base': '/home/khaledob/bookros2_ws/install/pmb2_maps', 'merge_install': False, 'path': '/home/khaledob/bookros2_ws/src/ThirdParty/pmb2_navigation/pmb2_maps', 'symlink_install': True, 'test_result_base': None}
[0.731s] Level 5:colcon.colcon_core.verb:set package 'ros2_control_test_assets' build argument 'cmake_args' from command line to 'None'
[0.731s] Level 5:colcon.colcon_core.verb:set package 'ros2_control_test_assets' build argument 'cmake_target' from command line to 'None'
[0.731s] Level 5:colcon.colcon_core.verb:set package 'ros2_control_test_assets' build argument 'cmake_target_skip_unavailable' from command line to 'False'
[0.731s] Level 5:colcon.colcon_core.verb:set package 'ros2_control_test_assets' build argument 'cmake_clean_cache' from command line to 'False'
[0.731s] Level 5:colcon.colcon_core.verb:set package 'ros2_control_test_assets' build argument 'cmake_clean_first' from command line to 'False'
[0.731s] Level 5:colcon.colcon_core.verb:set package 'ros2_control_test_assets' build argument 'cmake_force_configure' from command line to 'False'
[0.731s] Level 5:colcon.colcon_core.verb:set package 'ros2_control_test_assets' build argument 'ament_cmake_args' from command line to 'None'
[0.731s] Level 5:colcon.colcon_core.verb:set package 'ros2_control_test_assets' build argument 'catkin_cmake_args' from command line to 'None'
[0.731s] Level 5:colcon.colcon_core.verb:set package 'ros2_control_test_assets' build argument 'catkin_skip_building_tests' from command line to 'False'
[0.731s] DEBUG:colcon.colcon_core.verb:Building package 'ros2_control_test_assets' with the following arguments: {'ament_cmake_args': None, 'build_base': '/home/khaledob/bookros2_ws/build/ros2_control_test_assets', 'catkin_cmake_args': None, 'catkin_skip_building_tests': False, 'cmake_args': None, 'cmake_clean_cache': False, 'cmake_clean_first': False, 'cmake_force_configure': False, 'cmake_target': None, 'cmake_target_skip_unavailable': False, 'install_base': '/home/khaledob/bookros2_ws/install/ros2_control_test_assets', 'merge_install': False, 'path': '/home/khaledob/bookros2_ws/src/ThirdParty/ros2_control/ros2_control_test_assets', 'symlink_install': True, 'test_result_base': None}
[0.731s] Level 5:colcon.colcon_core.verb:set package 'task1' build argument 'cmake_args' from command line to 'None'
[0.733s] Level 5:colcon.colcon_core.verb:set package 'task1' build argument 'cmake_target' from command line to 'None'
[0.734s] Level 5:colcon.colcon_core.verb:set package 'task1' build argument 'cmake_target_skip_unavailable' from command line to 'False'
[0.734s] Level 5:colcon.colcon_core.verb:set package 'task1' build argument 'cmake_clean_cache' from command line to 'False'
[0.734s] Level 5:colcon.colcon_core.verb:set package 'task1' build argument 'cmake_clean_first' from command line to 'False'
[0.734s] Level 5:colcon.colcon_core.verb:set package 'task1' build argument 'cmake_force_configure' from command line to 'False'
[0.734s] Level 5:colcon.colcon_core.verb:set package 'task1' build argument 'ament_cmake_args' from command line to 'None'
[0.734s] Level 5:colcon.colcon_core.verb:set package 'task1' build argument 'catkin_cmake_args' from command line to 'None'
[0.734s] Level 5:colcon.colcon_core.verb:set package 'task1' build argument 'catkin_skip_building_tests' from command line to 'False'
[0.734s] DEBUG:colcon.colcon_core.verb:Building package 'task1' with the following arguments: {'ament_cmake_args': None, 'build_base': '/home/khaledob/bookros2_ws/build/task1', 'catkin_cmake_args': None, 'catkin_skip_building_tests': False, 'cmake_args': None, 'cmake_clean_cache': False, 'cmake_clean_first': False, 'cmake_force_configure': False, 'cmake_target': None, 'cmake_target_skip_unavailable': False, 'install_base': '/home/khaledob/bookros2_ws/install/task1', 'merge_install': False, 'path': '/home/khaledob/bookros2_ws/src/task1', 'symlink_install': True, 'test_result_base': None}
[0.734s] Level 5:colcon.colcon_core.verb:set package 'task2a' build argument 'cmake_args' from command line to 'None'
[0.734s] Level 5:colcon.colcon_core.verb:set package 'task2a' build argument 'cmake_target' from command line to 'None'
[0.734s] Level 5:colcon.colcon_core.verb:set package 'task2a' build argument 'cmake_target_skip_unavailable' from command line to 'False'
[0.734s] Level 5:colcon.colcon_core.verb:set package 'task2a' build argument 'cmake_clean_cache' from command line to 'False'
[0.734s] Level 5:colcon.colcon_core.verb:set package 'task2a' build argument 'cmake_clean_first' from command line to 'False'
[0.734s] Level 5:colcon.colcon_core.verb:set package 'task2a' build argument 'cmake_force_configure' from command line to 'False'
[0.734s] Level 5:colcon.colcon_core.verb:set package 'task2a' build argument 'ament_cmake_args' from command line to 'None'
[0.734s] Level 5:colcon.colcon_core.verb:set package 'task2a' build argument 'catkin_cmake_args' from command line to 'None'
[0.734s] Level 5:colcon.colcon_core.verb:set package 'task2a' build argument 'catkin_skip_building_tests' from command line to 'False'
[0.735s] DEBUG:colcon.colcon_core.verb:Building package 'task2a' with the following arguments: {'ament_cmake_args': None, 'build_base': '/home/khaledob/bookros2_ws/build/task2a', 'catkin_cmake_args': None, 'catkin_skip_building_tests': False, 'cmake_args': None, 'cmake_clean_cache': False, 'cmake_clean_first': False, 'cmake_force_configure': False, 'cmake_target': None, 'cmake_target_skip_unavailable': False, 'install_base': '/home/khaledob/bookros2_ws/install/task2a', 'merge_install': False, 'path': '/home/khaledob/bookros2_ws/src/task2a', 'symlink_install': True, 'test_result_base': None}
[0.735s] Level 5:colcon.colcon_core.verb:set package 'task2b' build argument 'cmake_args' from command line to 'None'
[0.735s] Level 5:colcon.colcon_core.verb:set package 'task2b' build argument 'cmake_target' from command line to 'None'
[0.735s] Level 5:colcon.colcon_core.verb:set package 'task2b' build argument 'cmake_target_skip_unavailable' from command line to 'False'
[0.735s] Level 5:colcon.colcon_core.verb:set package 'task2b' build argument 'cmake_clean_cache' from command line to 'False'
[0.735s] Level 5:colcon.colcon_core.verb:set package 'task2b' build argument 'cmake_clean_first' from command line to 'False'
[0.735s] Level 5:colcon.colcon_core.verb:set package 'task2b' build argument 'cmake_force_configure' from command line to 'False'
[0.735s] Level 5:colcon.colcon_core.verb:set package 'task2b' build argument 'ament_cmake_args' from command line to 'None'
[0.735s] Level 5:colcon.colcon_core.verb:set package 'task2b' build argument 'catkin_cmake_args' from command line to 'None'
[0.735s] Level 5:colcon.colcon_core.verb:set package 'task2b' build argument 'catkin_skip_building_tests' from command line to 'False'
[0.735s] DEBUG:colcon.colcon_core.verb:Building package 'task2b' with the following arguments: {'ament_cmake_args': None, 'build_base': '/home/khaledob/bookros2_ws/build/task2b', 'catkin_cmake_args': None, 'catkin_skip_building_tests': False, 'cmake_args': None, 'cmake_clean_cache': False, 'cmake_clean_first': False, 'cmake_force_configure': False, 'cmake_target': None, 'cmake_target_skip_unavailable': False, 'install_base': '/home/khaledob/bookros2_ws/install/task2b', 'merge_install': False, 'path': '/home/khaledob/bookros2_ws/src/task2b', 'symlink_install': True, 'test_result_base': None}
[0.735s] Level 5:colcon.colcon_core.verb:set package 'tiago_description_calibration' build argument 'cmake_args' from command line to 'None'
[0.735s] Level 5:colcon.colcon_core.verb:set package 'tiago_description_calibration' build argument 'cmake_target' from command line to 'None'
[0.735s] Level 5:colcon.colcon_core.verb:set package 'tiago_description_calibration' build argument 'cmake_target_skip_unavailable' from command line to 'False'
[0.736s] Level 5:colcon.colcon_core.verb:set package 'tiago_description_calibration' build argument 'cmake_clean_cache' from command line to 'False'
[0.736s] Level 5:colcon.colcon_core.verb:set package 'tiago_description_calibration' build argument 'cmake_clean_first' from command line to 'False'
[0.736s] Level 5:colcon.colcon_core.verb:set package 'tiago_description_calibration' build argument 'cmake_force_configure' from command line to 'False'
[0.736s] Level 5:colcon.colcon_core.verb:set package 'tiago_description_calibration' build argument 'ament_cmake_args' from command line to 'None'
[0.736s] Level 5:colcon.colcon_core.verb:set package 'tiago_description_calibration' build argument 'catkin_cmake_args' from command line to 'None'
[0.736s] Level 5:colcon.colcon_core.verb:set package 'tiago_description_calibration' build argument 'catkin_skip_building_tests' from command line to 'False'
[0.736s] DEBUG:colcon.colcon_core.verb:Building package 'tiago_description_calibration' with the following arguments: {'ament_cmake_args': None, 'build_base': '/home/khaledob/bookros2_ws/build/tiago_description_calibration', 'catkin_cmake_args': None, 'catkin_skip_building_tests': False, 'cmake_args': None, 'cmake_clean_cache': False, 'cmake_clean_first': False, 'cmake_force_configure': False, 'cmake_target': None, 'cmake_target_skip_unavailable': False, 'install_base': '/home/khaledob/bookros2_ws/install/tiago_description_calibration', 'merge_install': False, 'path': '/home/khaledob/bookros2_ws/src/ThirdParty/tiago_description_calibration', 'symlink_install': True, 'test_result_base': None}
[0.736s] Level 5:colcon.colcon_core.verb:set package 'twist_mux' build argument 'cmake_args' from command line to 'None'
[0.736s] Level 5:colcon.colcon_core.verb:set package 'twist_mux' build argument 'cmake_target' from command line to 'None'
[0.736s] Level 5:colcon.colcon_core.verb:set package 'twist_mux' build argument 'cmake_target_skip_unavailable' from command line to 'False'
[0.736s] Level 5:colcon.colcon_core.verb:set package 'twist_mux' build argument 'cmake_clean_cache' from command line to 'False'
[0.737s] Level 5:colcon.colcon_core.verb:set package 'twist_mux' build argument 'cmake_clean_first' from command line to 'False'
[0.738s] Level 5:colcon.colcon_core.verb:set package 'twist_mux' build argument 'cmake_force_configure' from command line to 'False'
[0.738s] Level 5:colcon.colcon_core.verb:set package 'twist_mux' build argument 'ament_cmake_args' from command line to 'None'
[0.738s] Level 5:colcon.colcon_core.verb:set package 'twist_mux' build argument 'catkin_cmake_args' from command line to 'None'
[0.738s] Level 5:colcon.colcon_core.verb:set package 'twist_mux' build argument 'catkin_skip_building_tests' from command line to 'False'
[0.738s] DEBUG:colcon.colcon_core.verb:Building package 'twist_mux' with the following arguments: {'ament_cmake_args': None, 'build_base': '/home/khaledob/bookros2_ws/build/twist_mux', 'catkin_cmake_args': None, 'catkin_skip_building_tests': False, 'cmake_args': None, 'cmake_clean_cache': False, 'cmake_clean_first': False, 'cmake_force_configure': False, 'cmake_target': None, 'cmake_target_skip_unavailable': False, 'install_base': '/home/khaledob/bookros2_ws/install/twist_mux', 'merge_install': False, 'path': '/home/khaledob/bookros2_ws/src/ThirdParty/twist_mux', 'symlink_install': True, 'test_result_base': None}
[0.738s] Level 5:colcon.colcon_core.verb:set package 'urdf_test' build argument 'cmake_args' from command line to 'None'
[0.738s] Level 5:colcon.colcon_core.verb:set package 'urdf_test' build argument 'cmake_target' from command line to 'None'
[0.738s] Level 5:colcon.colcon_core.verb:set package 'urdf_test' build argument 'cmake_target_skip_unavailable' from command line to 'False'
[0.738s] Level 5:colcon.colcon_core.verb:set package 'urdf_test' build argument 'cmake_clean_cache' from command line to 'False'
[0.738s] Level 5:colcon.colcon_core.verb:set package 'urdf_test' build argument 'cmake_clean_first' from command line to 'False'
[0.738s] Level 5:colcon.colcon_core.verb:set package 'urdf_test' build argument 'cmake_force_configure' from command line to 'False'
[0.738s] Level 5:colcon.colcon_core.verb:set package 'urdf_test' build argument 'ament_cmake_args' from command line to 'None'
[0.738s] Level 5:colcon.colcon_core.verb:set package 'urdf_test' build argument 'catkin_cmake_args' from command line to 'None'
[0.738s] Level 5:colcon.colcon_core.verb:set package 'urdf_test' build argument 'catkin_skip_building_tests' from command line to 'False'
[0.738s] DEBUG:colcon.colcon_core.verb:Building package 'urdf_test' with the following arguments: {'ament_cmake_args': None, 'build_base': '/home/khaledob/bookros2_ws/build/urdf_test', 'catkin_cmake_args': None, 'catkin_skip_building_tests': False, 'cmake_args': None, 'cmake_clean_cache': False, 'cmake_clean_first': False, 'cmake_force_configure': False, 'cmake_target': None, 'cmake_target_skip_unavailable': False, 'install_base': '/home/khaledob/bookros2_ws/install/urdf_test', 'merge_install': False, 'path': '/home/khaledob/bookros2_ws/src/ThirdParty/urdf_test', 'symlink_install': True, 'test_result_base': None}
[0.739s] Level 5:colcon.colcon_core.verb:set package 'br2_tracking' build argument 'cmake_args' from command line to 'None'
[0.739s] Level 5:colcon.colcon_core.verb:set package 'br2_tracking' build argument 'cmake_target' from command line to 'None'
[0.739s] Level 5:colcon.colcon_core.verb:set package 'br2_tracking' build argument 'cmake_target_skip_unavailable' from command line to 'False'
[0.739s] Level 5:colcon.colcon_core.verb:set package 'br2_tracking' build argument 'cmake_clean_cache' from command line to 'False'
[0.739s] Level 5:colcon.colcon_core.verb:set package 'br2_tracking' build argument 'cmake_clean_first' from command line to 'False'
[0.739s] Level 5:colcon.colcon_core.verb:set package 'br2_tracking' build argument 'cmake_force_configure' from command line to 'False'
[0.739s] Level 5:colcon.colcon_core.verb:set package 'br2_tracking' build argument 'ament_cmake_args' from command line to 'None'
[0.739s] Level 5:colcon.colcon_core.verb:set package 'br2_tracking' build argument 'catkin_cmake_args' from command line to 'None'
[0.739s] Level 5:colcon.colcon_core.verb:set package 'br2_tracking' build argument 'catkin_skip_building_tests' from command line to 'False'
[0.739s] DEBUG:colcon.colcon_core.verb:Building package 'br2_tracking' with the following arguments: {'ament_cmake_args': None, 'build_base': '/home/khaledob/bookros2_ws/build/br2_tracking', 'catkin_cmake_args': None, 'catkin_skip_building_tests': False, 'cmake_args': None, 'cmake_clean_cache': False, 'cmake_clean_first': False, 'cmake_force_configure': False, 'cmake_target': None, 'cmake_target_skip_unavailable': False, 'install_base': '/home/khaledob/bookros2_ws/install/br2_tracking', 'merge_install': False, 'path': '/home/khaledob/bookros2_ws/src/book_ros2/br2_tracking', 'symlink_install': True, 'test_result_base': None}
[0.739s] Level 5:colcon.colcon_core.verb:set package 'hardware_interface' build argument 'cmake_args' from command line to 'None'
[0.739s] Level 5:colcon.colcon_core.verb:set package 'hardware_interface' build argument 'cmake_target' from command line to 'None'
[0.739s] Level 5:colcon.colcon_core.verb:set package 'hardware_interface' build argument 'cmake_target_skip_unavailable' from command line to 'False'
[0.739s] Level 5:colcon.colcon_core.verb:set package 'hardware_interface' build argument 'cmake_clean_cache' from command line to 'False'
[0.739s] Level 5:colcon.colcon_core.verb:set package 'hardware_interface' build argument 'cmake_clean_first' from command line to 'False'
[0.739s] Level 5:colcon.colcon_core.verb:set package 'hardware_interface' build argument 'cmake_force_configure' from command line to 'False'
[0.739s] Level 5:colcon.colcon_core.verb:set package 'hardware_interface' build argument 'ament_cmake_args' from command line to 'None'
[0.740s] Level 5:colcon.colcon_core.verb:set package 'hardware_interface' build argument 'catkin_cmake_args' from command line to 'None'
[0.741s] Level 5:colcon.colcon_core.verb:set package 'hardware_interface' build argument 'catkin_skip_building_tests' from command line to 'False'
[0.741s] DEBUG:colcon.colcon_core.verb:Building package 'hardware_interface' with the following arguments: {'ament_cmake_args': None, 'build_base': '/home/khaledob/bookros2_ws/build/hardware_interface', 'catkin_cmake_args': None, 'catkin_skip_building_tests': False, 'cmake_args': None, 'cmake_clean_cache': False, 'cmake_clean_first': False, 'cmake_force_configure': False, 'cmake_target': None, 'cmake_target_skip_unavailable': False, 'install_base': '/home/khaledob/bookros2_ws/install/hardware_interface', 'merge_install': False, 'path': '/home/khaledob/bookros2_ws/src/ThirdParty/ros2_control/hardware_interface', 'symlink_install': True, 'test_result_base': None}
[0.742s] Level 5:colcon.colcon_core.verb:set package 'pal_gripper_description' build argument 'cmake_args' from command line to 'None'
[0.742s] Level 5:colcon.colcon_core.verb:set package 'pal_gripper_description' build argument 'cmake_target' from command line to 'None'
[0.742s] Level 5:colcon.colcon_core.verb:set package 'pal_gripper_description' build argument 'cmake_target_skip_unavailable' from command line to 'False'
[0.742s] Level 5:colcon.colcon_core.verb:set package 'pal_gripper_description' build argument 'cmake_clean_cache' from command line to 'False'
[0.742s] Level 5:colcon.colcon_core.verb:set package 'pal_gripper_description' build argument 'cmake_clean_first' from command line to 'False'
[0.742s] Level 5:colcon.colcon_core.verb:set package 'pal_gripper_description' build argument 'cmake_force_configure' from command line to 'False'
[0.742s] Level 5:colcon.colcon_core.verb:set package 'pal_gripper_description' build argument 'ament_cmake_args' from command line to 'None'
[0.742s] Level 5:colcon.colcon_core.verb:set package 'pal_gripper_description' build argument 'catkin_cmake_args' from command line to 'None'
[0.742s] Level 5:colcon.colcon_core.verb:set package 'pal_gripper_description' build argument 'catkin_skip_building_tests' from command line to 'False'
[0.742s] DEBUG:colcon.colcon_core.verb:Building package 'pal_gripper_description' with the following arguments: {'ament_cmake_args': None, 'build_base': '/home/khaledob/bookros2_ws/build/pal_gripper_description', 'catkin_cmake_args': None, 'catkin_skip_building_tests': False, 'cmake_args': None, 'cmake_clean_cache': False, 'cmake_clean_first': False, 'cmake_force_configure': False, 'cmake_target': None, 'cmake_target_skip_unavailable': False, 'install_base': '/home/khaledob/bookros2_ws/install/pal_gripper_description', 'merge_install': False, 'path': '/home/khaledob/bookros2_ws/src/ThirdParty/pal_gripper/pal_gripper_description', 'symlink_install': True, 'test_result_base': None}
[0.743s] Level 5:colcon.colcon_core.verb:set package 'pmb2_2dnav' build argument 'cmake_args' from command line to 'None'
[0.743s] Level 5:colcon.colcon_core.verb:set package 'pmb2_2dnav' build argument 'cmake_target' from command line to 'None'
[0.743s] Level 5:colcon.colcon_core.verb:set package 'pmb2_2dnav' build argument 'cmake_target_skip_unavailable' from command line to 'False'
[0.743s] Level 5:colcon.colcon_core.verb:set package 'pmb2_2dnav' build argument 'cmake_clean_cache' from command line to 'False'
[0.743s] Level 5:colcon.colcon_core.verb:set package 'pmb2_2dnav' build argument 'cmake_clean_first' from command line to 'False'
[0.743s] Level 5:colcon.colcon_core.verb:set package 'pmb2_2dnav' build argument 'cmake_force_configure' from command line to 'False'
[0.743s] Level 5:colcon.colcon_core.verb:set package 'pmb2_2dnav' build argument 'ament_cmake_args' from command line to 'None'
[0.743s] Level 5:colcon.colcon_core.verb:set package 'pmb2_2dnav' build argument 'catkin_cmake_args' from command line to 'None'
[0.743s] Level 5:colcon.colcon_core.verb:set package 'pmb2_2dnav' build argument 'catkin_skip_building_tests' from command line to 'False'
[0.743s] DEBUG:colcon.colcon_core.verb:Building package 'pmb2_2dnav' with the following arguments: {'ament_cmake_args': None, 'build_base': '/home/khaledob/bookros2_ws/build/pmb2_2dnav', 'catkin_cmake_args': None, 'catkin_skip_building_tests': False, 'cmake_args': None, 'cmake_clean_cache': False, 'cmake_clean_first': False, 'cmake_force_configure': False, 'cmake_target': None, 'cmake_target_skip_unavailable': False, 'install_base': '/home/khaledob/bookros2_ws/install/pmb2_2dnav', 'merge_install': False, 'path': '/home/khaledob/bookros2_ws/src/ThirdParty/pmb2_navigation/pmb2_2dnav', 'symlink_install': True, 'test_result_base': None}
[0.743s] Level 5:colcon.colcon_core.verb:set package 'controller_interface' build argument 'cmake_args' from command line to 'None'
[0.744s] Level 5:colcon.colcon_core.verb:set package 'controller_interface' build argument 'cmake_target' from command line to 'None'
[0.744s] Level 5:colcon.colcon_core.verb:set package 'controller_interface' build argument 'cmake_target_skip_unavailable' from command line to 'False'
[0.744s] Level 5:colcon.colcon_core.verb:set package 'controller_interface' build argument 'cmake_clean_cache' from command line to 'False'
[0.744s] Level 5:colcon.colcon_core.verb:set package 'controller_interface' build argument 'cmake_clean_first' from command line to 'False'
[0.744s] Level 5:colcon.colcon_core.verb:set package 'controller_interface' build argument 'cmake_force_configure' from command line to 'False'
[0.744s] Level 5:colcon.colcon_core.verb:set package 'controller_interface' build argument 'ament_cmake_args' from command line to 'None'
[0.744s] Level 5:colcon.colcon_core.verb:set package 'controller_interface' build argument 'catkin_cmake_args' from command line to 'None'
[0.744s] Level 5:colcon.colcon_core.verb:set package 'controller_interface' build argument 'catkin_skip_building_tests' from command line to 'False'
[0.744s] DEBUG:colcon.colcon_core.verb:Building package 'controller_interface' with the following arguments: {'ament_cmake_args': None, 'build_base': '/home/khaledob/bookros2_ws/build/controller_interface', 'catkin_cmake_args': None, 'catkin_skip_building_tests': False, 'cmake_args': None, 'cmake_clean_cache': False, 'cmake_clean_first': False, 'cmake_force_configure': False, 'cmake_target': None, 'cmake_target_skip_unavailable': False, 'install_base': '/home/khaledob/bookros2_ws/install/controller_interface', 'merge_install': False, 'path': '/home/khaledob/bookros2_ws/src/ThirdParty/ros2_control/controller_interface', 'symlink_install': True, 'test_result_base': None}
[0.745s] Level 5:colcon.colcon_core.verb:set package 'pmb2_navigation' build argument 'cmake_args' from command line to 'None'
[0.745s] Level 5:colcon.colcon_core.verb:set package 'pmb2_navigation' build argument 'cmake_target' from command line to 'None'
[0.745s] Level 5:colcon.colcon_core.verb:set package 'pmb2_navigation' build argument 'cmake_target_skip_unavailable' from command line to 'False'
[0.745s] Level 5:colcon.colcon_core.verb:set package 'pmb2_navigation' build argument 'cmake_clean_cache' from command line to 'False'
[0.745s] Level 5:colcon.colcon_core.verb:set package 'pmb2_navigation' build argument 'cmake_clean_first' from command line to 'False'
[0.745s] Level 5:colcon.colcon_core.verb:set package 'pmb2_navigation' build argument 'cmake_force_configure' from command line to 'False'
[0.745s] Level 5:colcon.colcon_core.verb:set package 'pmb2_navigation' build argument 'ament_cmake_args' from command line to 'None'
[0.745s] Level 5:colcon.colcon_core.verb:set package 'pmb2_navigation' build argument 'catkin_cmake_args' from command line to 'None'
[0.745s] Level 5:colcon.colcon_core.verb:set package 'pmb2_navigation' build argument 'catkin_skip_building_tests' from command line to 'False'
[0.745s] DEBUG:colcon.colcon_core.verb:Building package 'pmb2_navigation' with the following arguments: {'ament_cmake_args': None, 'build_base': '/home/khaledob/bookros2_ws/build/pmb2_navigation', 'catkin_cmake_args': None, 'catkin_skip_building_tests': False, 'cmake_args': None, 'cmake_clean_cache': False, 'cmake_clean_first': False, 'cmake_force_configure': False, 'cmake_target': None, 'cmake_target_skip_unavailable': False, 'install_base': '/home/khaledob/bookros2_ws/install/pmb2_navigation', 'merge_install': False, 'path': '/home/khaledob/bookros2_ws/src/ThirdParty/pmb2_navigation/pmb2_navigation', 'symlink_install': True, 'test_result_base': None}
[0.746s] Level 5:colcon.colcon_core.verb:set package 'transmission_interface' build argument 'cmake_args' from command line to 'None'
[0.746s] Level 5:colcon.colcon_core.verb:set package 'transmission_interface' build argument 'cmake_target' from command line to 'None'
[0.746s] Level 5:colcon.colcon_core.verb:set package 'transmission_interface' build argument 'cmake_target_skip_unavailable' from command line to 'False'
[0.746s] Level 5:colcon.colcon_core.verb:set package 'transmission_interface' build argument 'cmake_clean_cache' from command line to 'False'
[0.746s] Level 5:colcon.colcon_core.verb:set package 'transmission_interface' build argument 'cmake_clean_first' from command line to 'False'
[0.746s] Level 5:colcon.colcon_core.verb:set package 'transmission_interface' build argument 'cmake_force_configure' from command line to 'False'
[0.746s] Level 5:colcon.colcon_core.verb:set package 'transmission_interface' build argument 'ament_cmake_args' from command line to 'None'
[0.746s] Level 5:colcon.colcon_core.verb:set package 'transmission_interface' build argument 'catkin_cmake_args' from command line to 'None'
[0.746s] Level 5:colcon.colcon_core.verb:set package 'transmission_interface' build argument 'catkin_skip_building_tests' from command line to 'False'
[0.746s] DEBUG:colcon.colcon_core.verb:Building package 'transmission_interface' with the following arguments: {'ament_cmake_args': None, 'build_base': '/home/khaledob/bookros2_ws/build/transmission_interface', 'catkin_cmake_args': None, 'catkin_skip_building_tests': False, 'cmake_args': None, 'cmake_clean_cache': False, 'cmake_clean_first': False, 'cmake_force_configure': False, 'cmake_target': None, 'cmake_target_skip_unavailable': False, 'install_base': '/home/khaledob/bookros2_ws/install/transmission_interface', 'merge_install': False, 'path': '/home/khaledob/bookros2_ws/src/ThirdParty/ros2_control/transmission_interface', 'symlink_install': True, 'test_result_base': None}
[0.747s] Level 5:colcon.colcon_core.verb:set package 'controller_manager' build argument 'cmake_args' from command line to 'None'
[0.747s] Level 5:colcon.colcon_core.verb:set package 'controller_manager' build argument 'cmake_target' from command line to 'None'
[0.747s] Level 5:colcon.colcon_core.verb:set package 'controller_manager' build argument 'cmake_target_skip_unavailable' from command line to 'False'
[0.747s] Level 5:colcon.colcon_core.verb:set package 'controller_manager' build argument 'cmake_clean_cache' from command line to 'False'
[0.747s] Level 5:colcon.colcon_core.verb:set package 'controller_manager' build argument 'cmake_clean_first' from command line to 'False'
[0.747s] Level 5:colcon.colcon_core.verb:set package 'controller_manager' build argument 'cmake_force_configure' from command line to 'False'
[0.747s] Level 5:colcon.colcon_core.verb:set package 'controller_manager' build argument 'ament_cmake_args' from command line to 'None'
[0.747s] Level 5:colcon.colcon_core.verb:set package 'controller_manager' build argument 'catkin_cmake_args' from command line to 'None'
[0.747s] Level 5:colcon.colcon_core.verb:set package 'controller_manager' build argument 'catkin_skip_building_tests' from command line to 'False'
[0.748s] DEBUG:colcon.colcon_core.verb:Building package 'controller_manager' with the following arguments: {'ament_cmake_args': None, 'build_base': '/home/khaledob/bookros2_ws/build/controller_manager', 'catkin_cmake_args': None, 'catkin_skip_building_tests': False, 'cmake_args': None, 'cmake_clean_cache': False, 'cmake_clean_first': False, 'cmake_force_configure': False, 'cmake_target': None, 'cmake_target_skip_unavailable': False, 'install_base': '/home/khaledob/bookros2_ws/install/controller_manager', 'merge_install': False, 'path': '/home/khaledob/bookros2_ws/src/ThirdParty/ros2_control/controller_manager', 'symlink_install': True, 'test_result_base': None}
[0.748s] Level 5:colcon.colcon_core.verb:set package 'diff_drive_controller' build argument 'cmake_args' from command line to 'None'
[0.748s] Level 5:colcon.colcon_core.verb:set package 'diff_drive_controller' build argument 'cmake_target' from command line to 'None'
[0.748s] Level 5:colcon.colcon_core.verb:set package 'diff_drive_controller' build argument 'cmake_target_skip_unavailable' from command line to 'False'
[0.748s] Level 5:colcon.colcon_core.verb:set package 'diff_drive_controller' build argument 'cmake_clean_cache' from command line to 'False'
[0.748s] Level 5:colcon.colcon_core.verb:set package 'diff_drive_controller' build argument 'cmake_clean_first' from command line to 'False'
[0.748s] Level 5:colcon.colcon_core.verb:set package 'diff_drive_controller' build argument 'cmake_force_configure' from command line to 'False'
[0.748s] Level 5:colcon.colcon_core.verb:set package 'diff_drive_controller' build argument 'ament_cmake_args' from command line to 'None'
[0.748s] Level 5:colcon.colcon_core.verb:set package 'diff_drive_controller' build argument 'catkin_cmake_args' from command line to 'None'
[0.748s] Level 5:colcon.colcon_core.verb:set package 'diff_drive_controller' build argument 'catkin_skip_building_tests' from command line to 'False'
[0.748s] DEBUG:colcon.colcon_core.verb:Building package 'diff_drive_controller' with the following arguments: {'ament_cmake_args': None, 'build_base': '/home/khaledob/bookros2_ws/build/diff_drive_controller', 'catkin_cmake_args': None, 'catkin_skip_building_tests': False, 'cmake_args': None, 'cmake_clean_cache': False, 'cmake_clean_first': False, 'cmake_force_configure': False, 'cmake_target': None, 'cmake_target_skip_unavailable': False, 'install_base': '/home/khaledob/bookros2_ws/install/diff_drive_controller', 'merge_install': False, 'path': '/home/khaledob/bookros2_ws/src/ThirdParty/ros2_controllers/diff_drive_controller', 'symlink_install': True, 'test_result_base': None}
[0.749s] Level 5:colcon.colcon_core.verb:set package 'force_torque_sensor_broadcaster' build argument 'cmake_args' from command line to 'None'
[0.749s] Level 5:colcon.colcon_core.verb:set package 'force_torque_sensor_broadcaster' build argument 'cmake_target' from command line to 'None'
[0.749s] Level 5:colcon.colcon_core.verb:set package 'force_torque_sensor_broadcaster' build argument 'cmake_target_skip_unavailable' from command line to 'False'
[0.749s] Level 5:colcon.colcon_core.verb:set package 'force_torque_sensor_broadcaster' build argument 'cmake_clean_cache' from command line to 'False'
[0.749s] Level 5:colcon.colcon_core.verb:set package 'force_torque_sensor_broadcaster' build argument 'cmake_clean_first' from command line to 'False'
[0.749s] Level 5:colcon.colcon_core.verb:set package 'force_torque_sensor_broadcaster' build argument 'cmake_force_configure' from command line to 'False'
[0.749s] Level 5:colcon.colcon_core.verb:set package 'force_torque_sensor_broadcaster' build argument 'ament_cmake_args' from command line to 'None'
[0.749s] Level 5:colcon.colcon_core.verb:set package 'force_torque_sensor_broadcaster' build argument 'catkin_cmake_args' from command line to 'None'
[0.749s] Level 5:colcon.colcon_core.verb:set package 'force_torque_sensor_broadcaster' build argument 'catkin_skip_building_tests' from command line to 'False'
[0.749s] DEBUG:colcon.colcon_core.verb:Building package 'force_torque_sensor_broadcaster' with the following arguments: {'ament_cmake_args': None, 'build_base': '/home/khaledob/bookros2_ws/build/force_torque_sensor_broadcaster', 'catkin_cmake_args': None, 'catkin_skip_building_tests': False, 'cmake_args': None, 'cmake_clean_cache': False, 'cmake_clean_first': False, 'cmake_force_configure': False, 'cmake_target': None, 'cmake_target_skip_unavailable': False, 'install_base': '/home/khaledob/bookros2_ws/install/force_torque_sensor_broadcaster', 'merge_install': False, 'path': '/home/khaledob/bookros2_ws/src/ThirdParty/ros2_controllers/force_torque_sensor_broadcaster', 'symlink_install': True, 'test_result_base': None}
[0.749s] Level 5:colcon.colcon_core.verb:set package 'forward_command_controller' build argument 'cmake_args' from command line to 'None'
[0.749s] Level 5:colcon.colcon_core.verb:set package 'forward_command_controller' build argument 'cmake_target' from command line to 'None'
[0.750s] Level 5:colcon.colcon_core.verb:set package 'forward_command_controller' build argument 'cmake_target_skip_unavailable' from command line to 'False'
[0.750s] Level 5:colcon.colcon_core.verb:set package 'forward_command_controller' build argument 'cmake_clean_cache' from command line to 'False'
[0.750s] Level 5:colcon.colcon_core.verb:set package 'forward_command_controller' build argument 'cmake_clean_first' from command line to 'False'
[0.750s] Level 5:colcon.colcon_core.verb:set package 'forward_command_controller' build argument 'cmake_force_configure' from command line to 'False'
[0.750s] Level 5:colcon.colcon_core.verb:set package 'forward_command_controller' build argument 'ament_cmake_args' from command line to 'None'
[0.750s] Level 5:colcon.colcon_core.verb:set package 'forward_command_controller' build argument 'catkin_cmake_args' from command line to 'None'
[0.750s] Level 5:colcon.colcon_core.verb:set package 'forward_command_controller' build argument 'catkin_skip_building_tests' from command line to 'False'
[0.750s] DEBUG:colcon.colcon_core.verb:Building package 'forward_command_controller' with the following arguments: {'ament_cmake_args': None, 'build_base': '/home/khaledob/bookros2_ws/build/forward_command_controller', 'catkin_cmake_args': None, 'catkin_skip_building_tests': False, 'cmake_args': None, 'cmake_clean_cache': False, 'cmake_clean_first': False, 'cmake_force_configure': False, 'cmake_target': None, 'cmake_target_skip_unavailable': False, 'install_base': '/home/khaledob/bookros2_ws/install/forward_command_controller', 'merge_install': False, 'path': '/home/khaledob/bookros2_ws/src/ThirdParty/ros2_controllers/forward_command_controller', 'symlink_install': True, 'test_result_base': None}
[0.750s] Level 5:colcon.colcon_core.verb:set package 'gazebo_ros2_control' build argument 'cmake_args' from command line to 'None'
[0.750s] Level 5:colcon.colcon_core.verb:set package 'gazebo_ros2_control' build argument 'cmake_target' from command line to 'None'
[0.751s] Level 5:colcon.colcon_core.verb:set package 'gazebo_ros2_control' build argument 'cmake_target_skip_unavailable' from command line to 'False'
[0.751s] Level 5:colcon.colcon_core.verb:set package 'gazebo_ros2_control' build argument 'cmake_clean_cache' from command line to 'False'
[0.751s] Level 5:colcon.colcon_core.verb:set package 'gazebo_ros2_control' build argument 'cmake_clean_first' from command line to 'False'
[0.751s] Level 5:colcon.colcon_core.verb:set package 'gazebo_ros2_control' build argument 'cmake_force_configure' from command line to 'False'
[0.751s] Level 5:colcon.colcon_core.verb:set package 'gazebo_ros2_control' build argument 'ament_cmake_args' from command line to 'None'
[0.751s] Level 5:colcon.colcon_core.verb:set package 'gazebo_ros2_control' build argument 'catkin_cmake_args' from command line to 'None'
[0.751s] Level 5:colcon.colcon_core.verb:set package 'gazebo_ros2_control' build argument 'catkin_skip_building_tests' from command line to 'False'
[0.751s] DEBUG:colcon.colcon_core.verb:Building package 'gazebo_ros2_control' with the following arguments: {'ament_cmake_args': None, 'build_base': '/home/khaledob/bookros2_ws/build/gazebo_ros2_control', 'catkin_cmake_args': None, 'catkin_skip_building_tests': False, 'cmake_args': None, 'cmake_clean_cache': False, 'cmake_clean_first': False, 'cmake_force_configure': False, 'cmake_target': None, 'cmake_target_skip_unavailable': False, 'install_base': '/home/khaledob/bookros2_ws/install/gazebo_ros2_control', 'merge_install': False, 'path': '/home/khaledob/bookros2_ws/src/ThirdParty/gazebo_ros2_control/gazebo_ros2_control', 'symlink_install': True, 'test_result_base': None}
[0.751s] Level 5:colcon.colcon_core.verb:set package 'gripper_controllers' build argument 'cmake_args' from command line to 'None'
[0.752s] Level 5:colcon.colcon_core.verb:set package 'gripper_controllers' build argument 'cmake_target' from command line to 'None'
[0.752s] Level 5:colcon.colcon_core.verb:set package 'gripper_controllers' build argument 'cmake_target_skip_unavailable' from command line to 'False'
[0.752s] Level 5:colcon.colcon_core.verb:set package 'gripper_controllers' build argument 'cmake_clean_cache' from command line to 'False'
[0.752s] Level 5:colcon.colcon_core.verb:set package 'gripper_controllers' build argument 'cmake_clean_first' from command line to 'False'
[0.752s] Level 5:colcon.colcon_core.verb:set package 'gripper_controllers' build argument 'cmake_force_configure' from command line to 'False'
[0.752s] Level 5:colcon.colcon_core.verb:set package 'gripper_controllers' build argument 'ament_cmake_args' from command line to 'None'
[0.752s] Level 5:colcon.colcon_core.verb:set package 'gripper_controllers' build argument 'catkin_cmake_args' from command line to 'None'
[0.752s] Level 5:colcon.colcon_core.verb:set package 'gripper_controllers' build argument 'catkin_skip_building_tests' from command line to 'False'
[0.752s] DEBUG:colcon.colcon_core.verb:Building package 'gripper_controllers' with the following arguments: {'ament_cmake_args': None, 'build_base': '/home/khaledob/bookros2_ws/build/gripper_controllers', 'catkin_cmake_args': None, 'catkin_skip_building_tests': False, 'cmake_args': None, 'cmake_clean_cache': False, 'cmake_clean_first': False, 'cmake_force_configure': False, 'cmake_target': None, 'cmake_target_skip_unavailable': False, 'install_base': '/home/khaledob/bookros2_ws/install/gripper_controllers', 'merge_install': False, 'path': '/home/khaledob/bookros2_ws/src/ThirdParty/ros2_controllers/gripper_controllers', 'symlink_install': True, 'test_result_base': None}
[0.753s] Level 5:colcon.colcon_core.verb:set package 'imu_sensor_broadcaster' build argument 'cmake_args' from command line to 'None'
[0.753s] Level 5:colcon.colcon_core.verb:set package 'imu_sensor_broadcaster' build argument 'cmake_target' from command line to 'None'
[0.753s] Level 5:colcon.colcon_core.verb:set package 'imu_sensor_broadcaster' build argument 'cmake_target_skip_unavailable' from command line to 'False'
[0.753s] Level 5:colcon.colcon_core.verb:set package 'imu_sensor_broadcaster' build argument 'cmake_clean_cache' from command line to 'False'
[0.753s] Level 5:colcon.colcon_core.verb:set package 'imu_sensor_broadcaster' build argument 'cmake_clean_first' from command line to 'False'
[0.753s] Level 5:colcon.colcon_core.verb:set package 'imu_sensor_broadcaster' build argument 'cmake_force_configure' from command line to 'False'
[0.753s] Level 5:colcon.colcon_core.verb:set package 'imu_sensor_broadcaster' build argument 'ament_cmake_args' from command line to 'None'
[0.753s] Level 5:colcon.colcon_core.verb:set package 'imu_sensor_broadcaster' build argument 'catkin_cmake_args' from command line to 'None'
[0.753s] Level 5:colcon.colcon_core.verb:set package 'imu_sensor_broadcaster' build argument 'catkin_skip_building_tests' from command line to 'False'
[0.753s] DEBUG:colcon.colcon_core.verb:Building package 'imu_sensor_broadcaster' with the following arguments: {'ament_cmake_args': None, 'build_base': '/home/khaledob/bookros2_ws/build/imu_sensor_broadcaster', 'catkin_cmake_args': None, 'catkin_skip_building_tests': False, 'cmake_args': None, 'cmake_clean_cache': False, 'cmake_clean_first': False, 'cmake_force_configure': False, 'cmake_target': None, 'cmake_target_skip_unavailable': False, 'install_base': '/home/khaledob/bookros2_ws/install/imu_sensor_broadcaster', 'merge_install': False, 'path': '/home/khaledob/bookros2_ws/src/ThirdParty/ros2_controllers/imu_sensor_broadcaster', 'symlink_install': True, 'test_result_base': None}
[0.754s] Level 5:colcon.colcon_core.verb:set package 'joint_state_broadcaster' build argument 'cmake_args' from command line to 'None'
[0.754s] Level 5:colcon.colcon_core.verb:set package 'joint_state_broadcaster' build argument 'cmake_target' from command line to 'None'
[0.754s] Level 5:colcon.colcon_core.verb:set package 'joint_state_broadcaster' build argument 'cmake_target_skip_unavailable' from command line to 'False'
[0.754s] Level 5:colcon.colcon_core.verb:set package 'joint_state_broadcaster' build argument 'cmake_clean_cache' from command line to 'False'
[0.754s] Level 5:colcon.colcon_core.verb:set package 'joint_state_broadcaster' build argument 'cmake_clean_first' from command line to 'False'
[0.754s] Level 5:colcon.colcon_core.verb:set package 'joint_state_broadcaster' build argument 'cmake_force_configure' from command line to 'False'
[0.754s] Level 5:colcon.colcon_core.verb:set package 'joint_state_broadcaster' build argument 'ament_cmake_args' from command line to 'None'
[0.754s] Level 5:colcon.colcon_core.verb:set package 'joint_state_broadcaster' build argument 'catkin_cmake_args' from command line to 'None'
[0.754s] Level 5:colcon.colcon_core.verb:set package 'joint_state_broadcaster' build argument 'catkin_skip_building_tests' from command line to 'False'
[0.754s] DEBUG:colcon.colcon_core.verb:Building package 'joint_state_broadcaster' with the following arguments: {'ament_cmake_args': None, 'build_base': '/home/khaledob/bookros2_ws/build/joint_state_broadcaster', 'catkin_cmake_args': None, 'catkin_skip_building_tests': False, 'cmake_args': None, 'cmake_clean_cache': False, 'cmake_clean_first': False, 'cmake_force_configure': False, 'cmake_target': None, 'cmake_target_skip_unavailable': False, 'install_base': '/home/khaledob/bookros2_ws/install/joint_state_broadcaster', 'merge_install': False, 'path': '/home/khaledob/bookros2_ws/src/ThirdParty/ros2_controllers/joint_state_broadcaster', 'symlink_install': True, 'test_result_base': None}
[0.754s] Level 5:colcon.colcon_core.verb:set package 'joint_trajectory_controller' build argument 'cmake_args' from command line to 'None'
[0.754s] Level 5:colcon.colcon_core.verb:set package 'joint_trajectory_controller' build argument 'cmake_target' from command line to 'None'
[0.754s] Level 5:colcon.colcon_core.verb:set package 'joint_trajectory_controller' build argument 'cmake_target_skip_unavailable' from command line to 'False'
[0.754s] Level 5:colcon.colcon_core.verb:set package 'joint_trajectory_controller' build argument 'cmake_clean_cache' from command line to 'False'
[0.755s] Level 5:colcon.colcon_core.verb:set package 'joint_trajectory_controller' build argument 'cmake_clean_first' from command line to 'False'
[0.755s] Level 5:colcon.colcon_core.verb:set package 'joint_trajectory_controller' build argument 'cmake_force_configure' from command line to 'False'
[0.755s] Level 5:colcon.colcon_core.verb:set package 'joint_trajectory_controller' build argument 'ament_cmake_args' from command line to 'None'
[0.755s] Level 5:colcon.colcon_core.verb:set package 'joint_trajectory_controller' build argument 'catkin_cmake_args' from command line to 'None'
[0.755s] Level 5:colcon.colcon_core.verb:set package 'joint_trajectory_controller' build argument 'catkin_skip_building_tests' from command line to 'False'
[0.755s] DEBUG:colcon.colcon_core.verb:Building package 'joint_trajectory_controller' with the following arguments: {'ament_cmake_args': None, 'build_base': '/home/khaledob/bookros2_ws/build/joint_trajectory_controller', 'catkin_cmake_args': None, 'catkin_skip_building_tests': False, 'cmake_args': None, 'cmake_clean_cache': False, 'cmake_clean_first': False, 'cmake_force_configure': False, 'cmake_target': None, 'cmake_target_skip_unavailable': False, 'install_base': '/home/khaledob/bookros2_ws/install/joint_trajectory_controller', 'merge_install': False, 'path': '/home/khaledob/bookros2_ws/src/ThirdParty/ros2_controllers/joint_trajectory_controller', 'symlink_install': True, 'test_result_base': None}
[0.755s] Level 5:colcon.colcon_core.verb:set package 'ros2controlcli' build argument 'cmake_args' from command line to 'None'
[0.755s] Level 5:colcon.colcon_core.verb:set package 'ros2controlcli' build argument 'cmake_target' from command line to 'None'
[0.755s] Level 5:colcon.colcon_core.verb:set package 'ros2controlcli' build argument 'cmake_target_skip_unavailable' from command line to 'False'
[0.755s] Level 5:colcon.colcon_core.verb:set package 'ros2controlcli' build argument 'cmake_clean_cache' from command line to 'False'
[0.755s] Level 5:colcon.colcon_core.verb:set package 'ros2controlcli' build argument 'cmake_clean_first' from command line to 'False'
[0.755s] Level 5:colcon.colcon_core.verb:set package 'ros2controlcli' build argument 'cmake_force_configure' from command line to 'False'
[0.755s] Level 5:colcon.colcon_core.verb:set package 'ros2controlcli' build argument 'ament_cmake_args' from command line to 'None'
[0.755s] Level 5:colcon.colcon_core.verb:set package 'ros2controlcli' build argument 'catkin_cmake_args' from command line to 'None'
[0.755s] Level 5:colcon.colcon_core.verb:set package 'ros2controlcli' build argument 'catkin_skip_building_tests' from command line to 'False'
[0.755s] DEBUG:colcon.colcon_core.verb:Building package 'ros2controlcli' with the following arguments: {'ament_cmake_args': None, 'build_base': '/home/khaledob/bookros2_ws/build/ros2controlcli', 'catkin_cmake_args': None, 'catkin_skip_building_tests': False, 'cmake_args': None, 'cmake_clean_cache': False, 'cmake_clean_first': False, 'cmake_force_configure': False, 'cmake_target': None, 'cmake_target_skip_unavailable': False, 'install_base': '/home/khaledob/bookros2_ws/install/ros2controlcli', 'merge_install': False, 'path': '/home/khaledob/bookros2_ws/src/ThirdParty/ros2_control/ros2controlcli', 'symlink_install': True, 'test_result_base': None}
[0.756s] Level 5:colcon.colcon_core.verb:set package 'effort_controllers' build argument 'cmake_args' from command line to 'None'
[0.756s] Level 5:colcon.colcon_core.verb:set package 'effort_controllers' build argument 'cmake_target' from command line to 'None'
[0.756s] Level 5:colcon.colcon_core.verb:set package 'effort_controllers' build argument 'cmake_target_skip_unavailable' from command line to 'False'
[0.756s] Level 5:colcon.colcon_core.verb:set package 'effort_controllers' build argument 'cmake_clean_cache' from command line to 'False'
[0.756s] Level 5:colcon.colcon_core.verb:set package 'effort_controllers' build argument 'cmake_clean_first' from command line to 'False'
[0.756s] Level 5:colcon.colcon_core.verb:set package 'effort_controllers' build argument 'cmake_force_configure' from command line to 'False'
[0.756s] Level 5:colcon.colcon_core.verb:set package 'effort_controllers' build argument 'ament_cmake_args' from command line to 'None'
[0.756s] Level 5:colcon.colcon_core.verb:set package 'effort_controllers' build argument 'catkin_cmake_args' from command line to 'None'
[0.756s] Level 5:colcon.colcon_core.verb:set package 'effort_controllers' build argument 'catkin_skip_building_tests' from command line to 'False'
[0.756s] DEBUG:colcon.colcon_core.verb:Building package 'effort_controllers' with the following arguments: {'ament_cmake_args': None, 'build_base': '/home/khaledob/bookros2_ws/build/effort_controllers', 'catkin_cmake_args': None, 'catkin_skip_building_tests': False, 'cmake_args': None, 'cmake_clean_cache': False, 'cmake_clean_first': False, 'cmake_force_configure': False, 'cmake_target': None, 'cmake_target_skip_unavailable': False, 'install_base': '/home/khaledob/bookros2_ws/install/effort_controllers', 'merge_install': False, 'path': '/home/khaledob/bookros2_ws/src/ThirdParty/ros2_controllers/effort_controllers', 'symlink_install': True, 'test_result_base': None}
[0.756s] Level 5:colcon.colcon_core.verb:set package 'joint_state_controller' build argument 'cmake_args' from command line to 'None'
[0.757s] Level 5:colcon.colcon_core.verb:set package 'joint_state_controller' build argument 'cmake_target' from command line to 'None'
[0.757s] Level 5:colcon.colcon_core.verb:set package 'joint_state_controller' build argument 'cmake_target_skip_unavailable' from command line to 'False'
[0.757s] Level 5:colcon.colcon_core.verb:set package 'joint_state_controller' build argument 'cmake_clean_cache' from command line to 'False'
[0.757s] Level 5:colcon.colcon_core.verb:set package 'joint_state_controller' build argument 'cmake_clean_first' from command line to 'False'
[0.757s] Level 5:colcon.colcon_core.verb:set package 'joint_state_controller' build argument 'cmake_force_configure' from command line to 'False'
[0.757s] Level 5:colcon.colcon_core.verb:set package 'joint_state_controller' build argument 'ament_cmake_args' from command line to 'None'
[0.757s] Level 5:colcon.colcon_core.verb:set package 'joint_state_controller' build argument 'catkin_cmake_args' from command line to 'None'
[0.757s] Level 5:colcon.colcon_core.verb:set package 'joint_state_controller' build argument 'catkin_skip_building_tests' from command line to 'False'
[0.757s] DEBUG:colcon.colcon_core.verb:Building package 'joint_state_controller' with the following arguments: {'ament_cmake_args': None, 'build_base': '/home/khaledob/bookros2_ws/build/joint_state_controller', 'catkin_cmake_args': None, 'catkin_skip_building_tests': False, 'cmake_args': None, 'cmake_clean_cache': False, 'cmake_clean_first': False, 'cmake_force_configure': False, 'cmake_target': None, 'cmake_target_skip_unavailable': False, 'install_base': '/home/khaledob/bookros2_ws/install/joint_state_controller', 'merge_install': False, 'path': '/home/khaledob/bookros2_ws/src/ThirdParty/ros2_controllers/joint_state_controller', 'symlink_install': True, 'test_result_base': None}
[0.757s] Level 5:colcon.colcon_core.verb:set package 'position_controllers' build argument 'cmake_args' from command line to 'None'
[0.757s] Level 5:colcon.colcon_core.verb:set package 'position_controllers' build argument 'cmake_target' from command line to 'None'
[0.757s] Level 5:colcon.colcon_core.verb:set package 'position_controllers' build argument 'cmake_target_skip_unavailable' from command line to 'False'
[0.757s] Level 5:colcon.colcon_core.verb:set package 'position_controllers' build argument 'cmake_clean_cache' from command line to 'False'
[0.757s] Level 5:colcon.colcon_core.verb:set package 'position_controllers' build argument 'cmake_clean_first' from command line to 'False'
[0.757s] Level 5:colcon.colcon_core.verb:set package 'position_controllers' build argument 'cmake_force_configure' from command line to 'False'
[0.757s] Level 5:colcon.colcon_core.verb:set package 'position_controllers' build argument 'ament_cmake_args' from command line to 'None'
[0.758s] Level 5:colcon.colcon_core.verb:set package 'position_controllers' build argument 'catkin_cmake_args' from command line to 'None'
[0.758s] Level 5:colcon.colcon_core.verb:set package 'position_controllers' build argument 'catkin_skip_building_tests' from command line to 'False'
[0.758s] DEBUG:colcon.colcon_core.verb:Building package 'position_controllers' with the following arguments: {'ament_cmake_args': None, 'build_base': '/home/khaledob/bookros2_ws/build/position_controllers', 'catkin_cmake_args': None, 'catkin_skip_building_tests': False, 'cmake_args': None, 'cmake_clean_cache': False, 'cmake_clean_first': False, 'cmake_force_configure': False, 'cmake_target': None, 'cmake_target_skip_unavailable': False, 'install_base': '/home/khaledob/bookros2_ws/install/position_controllers', 'merge_install': False, 'path': '/home/khaledob/bookros2_ws/src/ThirdParty/ros2_controllers/position_controllers', 'symlink_install': True, 'test_result_base': None}
[0.758s] Level 5:colcon.colcon_core.verb:set package 'ros2_control' build argument 'cmake_args' from command line to 'None'
[0.758s] Level 5:colcon.colcon_core.verb:set package 'ros2_control' build argument 'cmake_target' from command line to 'None'
[0.758s] Level 5:colcon.colcon_core.verb:set package 'ros2_control' build argument 'cmake_target_skip_unavailable' from command line to 'False'
[0.758s] Level 5:colcon.colcon_core.verb:set package 'ros2_control' build argument 'cmake_clean_cache' from command line to 'False'
[0.758s] Level 5:colcon.colcon_core.verb:set package 'ros2_control' build argument 'cmake_clean_first' from command line to 'False'
[0.758s] Level 5:colcon.colcon_core.verb:set package 'ros2_control' build argument 'cmake_force_configure' from command line to 'False'
[0.758s] Level 5:colcon.colcon_core.verb:set package 'ros2_control' build argument 'ament_cmake_args' from command line to 'None'
[0.758s] Level 5:colcon.colcon_core.verb:set package 'ros2_control' build argument 'catkin_cmake_args' from command line to 'None'
[0.758s] Level 5:colcon.colcon_core.verb:set package 'ros2_control' build argument 'catkin_skip_building_tests' from command line to 'False'
[0.758s] DEBUG:colcon.colcon_core.verb:Building package 'ros2_control' with the following arguments: {'ament_cmake_args': None, 'build_base': '/home/khaledob/bookros2_ws/build/ros2_control', 'catkin_cmake_args': None, 'catkin_skip_building_tests': False, 'cmake_args': None, 'cmake_clean_cache': False, 'cmake_clean_first': False, 'cmake_force_configure': False, 'cmake_target': None, 'cmake_target_skip_unavailable': False, 'install_base': '/home/khaledob/bookros2_ws/install/ros2_control', 'merge_install': False, 'path': '/home/khaledob/bookros2_ws/src/ThirdParty/ros2_control/ros2_control', 'symlink_install': True, 'test_result_base': None}
[0.759s] Level 5:colcon.colcon_core.verb:set package 'velocity_controllers' build argument 'cmake_args' from command line to 'None'
[0.759s] Level 5:colcon.colcon_core.verb:set package 'velocity_controllers' build argument 'cmake_target' from command line to 'None'
[0.759s] Level 5:colcon.colcon_core.verb:set package 'velocity_controllers' build argument 'cmake_target_skip_unavailable' from command line to 'False'
[0.759s] Level 5:colcon.colcon_core.verb:set package 'velocity_controllers' build argument 'cmake_clean_cache' from command line to 'False'
[0.759s] Level 5:colcon.colcon_core.verb:set package 'velocity_controllers' build argument 'cmake_clean_first' from command line to 'False'
[0.759s] Level 5:colcon.colcon_core.verb:set package 'velocity_controllers' build argument 'cmake_force_configure' from command line to 'False'
[0.759s] Level 5:colcon.colcon_core.verb:set package 'velocity_controllers' build argument 'ament_cmake_args' from command line to 'None'
[0.759s] Level 5:colcon.colcon_core.verb:set package 'velocity_controllers' build argument 'catkin_cmake_args' from command line to 'None'
[0.759s] Level 5:colcon.colcon_core.verb:set package 'velocity_controllers' build argument 'catkin_skip_building_tests' from command line to 'False'
[0.759s] DEBUG:colcon.colcon_core.verb:Building package 'velocity_controllers' with the following arguments: {'ament_cmake_args': None, 'build_base': '/home/khaledob/bookros2_ws/build/velocity_controllers', 'catkin_cmake_args': None, 'catkin_skip_building_tests': False, 'cmake_args': None, 'cmake_clean_cache': False, 'cmake_clean_first': False, 'cmake_force_configure': False, 'cmake_target': None, 'cmake_target_skip_unavailable': False, 'install_base': '/home/khaledob/bookros2_ws/install/velocity_controllers', 'merge_install': False, 'path': '/home/khaledob/bookros2_ws/src/ThirdParty/ros2_controllers/velocity_controllers', 'symlink_install': True, 'test_result_base': None}
[0.760s] Level 5:colcon.colcon_core.verb:set package 'pal_gripper_controller_configuration' build argument 'cmake_args' from command line to 'None'
[0.760s] Level 5:colcon.colcon_core.verb:set package 'pal_gripper_controller_configuration' build argument 'cmake_target' from command line to 'None'
[0.760s] Level 5:colcon.colcon_core.verb:set package 'pal_gripper_controller_configuration' build argument 'cmake_target_skip_unavailable' from command line to 'False'
[0.760s] Level 5:colcon.colcon_core.verb:set package 'pal_gripper_controller_configuration' build argument 'cmake_clean_cache' from command line to 'False'
[0.760s] Level 5:colcon.colcon_core.verb:set package 'pal_gripper_controller_configuration' build argument 'cmake_clean_first' from command line to 'False'
[0.760s] Level 5:colcon.colcon_core.verb:set package 'pal_gripper_controller_configuration' build argument 'cmake_force_configure' from command line to 'False'
[0.760s] Level 5:colcon.colcon_core.verb:set package 'pal_gripper_controller_configuration' build argument 'ament_cmake_args' from command line to 'None'
[0.760s] Level 5:colcon.colcon_core.verb:set package 'pal_gripper_controller_configuration' build argument 'catkin_cmake_args' from command line to 'None'
[0.760s] Level 5:colcon.colcon_core.verb:set package 'pal_gripper_controller_configuration' build argument 'catkin_skip_building_tests' from command line to 'False'
[0.760s] DEBUG:colcon.colcon_core.verb:Building package 'pal_gripper_controller_configuration' with the following arguments: {'ament_cmake_args': None, 'build_base': '/home/khaledob/bookros2_ws/build/pal_gripper_controller_configuration', 'catkin_cmake_args': None, 'catkin_skip_building_tests': False, 'cmake_args': None, 'cmake_clean_cache': False, 'cmake_clean_first': False, 'cmake_force_configure': False, 'cmake_target': None, 'cmake_target_skip_unavailable': False, 'install_base': '/home/khaledob/bookros2_ws/install/pal_gripper_controller_configuration', 'merge_install': False, 'path': '/home/khaledob/bookros2_ws/src/ThirdParty/pal_gripper/pal_gripper_controller_configuration', 'symlink_install': True, 'test_result_base': None}
[0.760s] Level 5:colcon.colcon_core.verb:set package 'pmb2_controller_configuration' build argument 'cmake_args' from command line to 'None'
[0.761s] Level 5:colcon.colcon_core.verb:set package 'pmb2_controller_configuration' build argument 'cmake_target' from command line to 'None'
[0.761s] Level 5:colcon.colcon_core.verb:set package 'pmb2_controller_configuration' build argument 'cmake_target_skip_unavailable' from command line to 'False'
[0.761s] Level 5:colcon.colcon_core.verb:set package 'pmb2_controller_configuration' build argument 'cmake_clean_cache' from command line to 'False'
[0.761s] Level 5:colcon.colcon_core.verb:set package 'pmb2_controller_configuration' build argument 'cmake_clean_first' from command line to 'False'
[0.761s] Level 5:colcon.colcon_core.verb:set package 'pmb2_controller_configuration' build argument 'cmake_force_configure' from command line to 'False'
[0.761s] Level 5:colcon.colcon_core.verb:set package 'pmb2_controller_configuration' build argument 'ament_cmake_args' from command line to 'None'
[0.761s] Level 5:colcon.colcon_core.verb:set package 'pmb2_controller_configuration' build argument 'catkin_cmake_args' from command line to 'None'
[0.761s] Level 5:colcon.colcon_core.verb:set package 'pmb2_controller_configuration' build argument 'catkin_skip_building_tests' from command line to 'False'
[0.761s] DEBUG:colcon.colcon_core.verb:Building package 'pmb2_controller_configuration' with the following arguments: {'ament_cmake_args': None, 'build_base': '/home/khaledob/bookros2_ws/build/pmb2_controller_configuration', 'catkin_cmake_args': None, 'catkin_skip_building_tests': False, 'cmake_args': None, 'cmake_clean_cache': False, 'cmake_clean_first': False, 'cmake_force_configure': False, 'cmake_target': None, 'cmake_target_skip_unavailable': False, 'install_base': '/home/khaledob/bookros2_ws/install/pmb2_controller_configuration', 'merge_install': False, 'path': '/home/khaledob/bookros2_ws/src/ThirdParty/pmb2_robot/pmb2_controller_configuration', 'symlink_install': True, 'test_result_base': None}
[0.762s] Level 5:colcon.colcon_core.verb:set package 'ros2_controllers' build argument 'cmake_args' from command line to 'None'
[0.762s] Level 5:colcon.colcon_core.verb:set package 'ros2_controllers' build argument 'cmake_target' from command line to 'None'
[0.762s] Level 5:colcon.colcon_core.verb:set package 'ros2_controllers' build argument 'cmake_target_skip_unavailable' from command line to 'False'
[0.762s] Level 5:colcon.colcon_core.verb:set package 'ros2_controllers' build argument 'cmake_clean_cache' from command line to 'False'
[0.762s] Level 5:colcon.colcon_core.verb:set package 'ros2_controllers' build argument 'cmake_clean_first' from command line to 'False'
[0.762s] Level 5:colcon.colcon_core.verb:set package 'ros2_controllers' build argument 'cmake_force_configure' from command line to 'False'
[0.762s] Level 5:colcon.colcon_core.verb:set package 'ros2_controllers' build argument 'ament_cmake_args' from command line to 'None'
[0.762s] Level 5:colcon.colcon_core.verb:set package 'ros2_controllers' build argument 'catkin_cmake_args' from command line to 'None'
[0.762s] Level 5:colcon.colcon_core.verb:set package 'ros2_controllers' build argument 'catkin_skip_building_tests' from command line to 'False'
[0.762s] DEBUG:colcon.colcon_core.verb:Building package 'ros2_controllers' with the following arguments: {'ament_cmake_args': None, 'build_base': '/home/khaledob/bookros2_ws/build/ros2_controllers', 'catkin_cmake_args': None, 'catkin_skip_building_tests': False, 'cmake_args': None, 'cmake_clean_cache': False, 'cmake_clean_first': False, 'cmake_force_configure': False, 'cmake_target': None, 'cmake_target_skip_unavailable': False, 'install_base': '/home/khaledob/bookros2_ws/install/ros2_controllers', 'merge_install': False, 'path': '/home/khaledob/bookros2_ws/src/ThirdParty/ros2_controllers/ros2_controllers', 'symlink_install': True, 'test_result_base': None}
[0.762s] Level 5:colcon.colcon_core.verb:set package 'gazebo_ros2_control_demos' build argument 'cmake_args' from command line to 'None'
[0.762s] Level 5:colcon.colcon_core.verb:set package 'gazebo_ros2_control_demos' build argument 'cmake_target' from command line to 'None'
[0.763s] Level 5:colcon.colcon_core.verb:set package 'gazebo_ros2_control_demos' build argument 'cmake_target_skip_unavailable' from command line to 'False'
[0.763s] Level 5:colcon.colcon_core.verb:set package 'gazebo_ros2_control_demos' build argument 'cmake_clean_cache' from command line to 'False'
[0.763s] Level 5:colcon.colcon_core.verb:set package 'gazebo_ros2_control_demos' build argument 'cmake_clean_first' from command line to 'False'
[0.763s] Level 5:colcon.colcon_core.verb:set package 'gazebo_ros2_control_demos' build argument 'cmake_force_configure' from command line to 'False'
[0.763s] Level 5:colcon.colcon_core.verb:set package 'gazebo_ros2_control_demos' build argument 'ament_cmake_args' from command line to 'None'
[0.763s] Level 5:colcon.colcon_core.verb:set package 'gazebo_ros2_control_demos' build argument 'catkin_cmake_args' from command line to 'None'
[0.763s] Level 5:colcon.colcon_core.verb:set package 'gazebo_ros2_control_demos' build argument 'catkin_skip_building_tests' from command line to 'False'
[0.763s] DEBUG:colcon.colcon_core.verb:Building package 'gazebo_ros2_control_demos' with the following arguments: {'ament_cmake_args': None, 'build_base': '/home/khaledob/bookros2_ws/build/gazebo_ros2_control_demos', 'catkin_cmake_args': None, 'catkin_skip_building_tests': False, 'cmake_args': None, 'cmake_clean_cache': False, 'cmake_clean_first': False, 'cmake_force_configure': False, 'cmake_target': None, 'cmake_target_skip_unavailable': False, 'install_base': '/home/khaledob/bookros2_ws/install/gazebo_ros2_control_demos', 'merge_install': False, 'path': '/home/khaledob/bookros2_ws/src/ThirdParty/gazebo_ros2_control/gazebo_ros2_control_demos', 'symlink_install': True, 'test_result_base': None}
[0.763s] Level 5:colcon.colcon_core.verb:set package 'pal_gripper' build argument 'cmake_args' from command line to 'None'
[0.763s] Level 5:colcon.colcon_core.verb:set package 'pal_gripper' build argument 'cmake_target' from command line to 'None'
[0.763s] Level 5:colcon.colcon_core.verb:set package 'pal_gripper' build argument 'cmake_target_skip_unavailable' from command line to 'False'
[0.764s] Level 5:colcon.colcon_core.verb:set package 'pal_gripper' build argument 'cmake_clean_cache' from command line to 'False'
[0.764s] Level 5:colcon.colcon_core.verb:set package 'pal_gripper' build argument 'cmake_clean_first' from command line to 'False'
[0.764s] Level 5:colcon.colcon_core.verb:set package 'pal_gripper' build argument 'cmake_force_configure' from command line to 'False'
[0.764s] Level 5:colcon.colcon_core.verb:set package 'pal_gripper' build argument 'ament_cmake_args' from command line to 'None'
[0.764s] Level 5:colcon.colcon_core.verb:set package 'pal_gripper' build argument 'catkin_cmake_args' from command line to 'None'
[0.764s] Level 5:colcon.colcon_core.verb:set package 'pal_gripper' build argument 'catkin_skip_building_tests' from command line to 'False'
[0.764s] DEBUG:colcon.colcon_core.verb:Building package 'pal_gripper' with the following arguments: {'ament_cmake_args': None, 'build_base': '/home/khaledob/bookros2_ws/build/pal_gripper', 'catkin_cmake_args': None, 'catkin_skip_building_tests': False, 'cmake_args': None, 'cmake_clean_cache': False, 'cmake_clean_first': False, 'cmake_force_configure': False, 'cmake_target': None, 'cmake_target_skip_unavailable': False, 'install_base': '/home/khaledob/bookros2_ws/install/pal_gripper', 'merge_install': False, 'path': '/home/khaledob/bookros2_ws/src/ThirdParty/pal_gripper/pal_gripper', 'symlink_install': True, 'test_result_base': None}
[0.764s] Level 5:colcon.colcon_core.verb:set package 'pmb2_description' build argument 'cmake_args' from command line to 'None'
[0.764s] Level 5:colcon.colcon_core.verb:set package 'pmb2_description' build argument 'cmake_target' from command line to 'None'
[0.764s] Level 5:colcon.colcon_core.verb:set package 'pmb2_description' build argument 'cmake_target_skip_unavailable' from command line to 'False'
[0.764s] Level 5:colcon.colcon_core.verb:set package 'pmb2_description' build argument 'cmake_clean_cache' from command line to 'False'
[0.764s] Level 5:colcon.colcon_core.verb:set package 'pmb2_description' build argument 'cmake_clean_first' from command line to 'False'
[0.764s] Level 5:colcon.colcon_core.verb:set package 'pmb2_description' build argument 'cmake_force_configure' from command line to 'False'
[0.764s] Level 5:colcon.colcon_core.verb:set package 'pmb2_description' build argument 'ament_cmake_args' from command line to 'None'
[0.764s] Level 5:colcon.colcon_core.verb:set package 'pmb2_description' build argument 'catkin_cmake_args' from command line to 'None'
[0.764s] Level 5:colcon.colcon_core.verb:set package 'pmb2_description' build argument 'catkin_skip_building_tests' from command line to 'False'
[0.764s] DEBUG:colcon.colcon_core.verb:Building package 'pmb2_description' with the following arguments: {'ament_cmake_args': None, 'build_base': '/home/khaledob/bookros2_ws/build/pmb2_description', 'catkin_cmake_args': None, 'catkin_skip_building_tests': False, 'cmake_args': None, 'cmake_clean_cache': False, 'cmake_clean_first': False, 'cmake_force_configure': False, 'cmake_target': None, 'cmake_target_skip_unavailable': False, 'install_base': '/home/khaledob/bookros2_ws/install/pmb2_description', 'merge_install': False, 'path': '/home/khaledob/bookros2_ws/src/ThirdParty/pmb2_robot/pmb2_description', 'symlink_install': True, 'test_result_base': None}
[0.765s] Level 5:colcon.colcon_core.verb:set package 'tiago_controller_configuration' build argument 'cmake_args' from command line to 'None'
[0.765s] Level 5:colcon.colcon_core.verb:set package 'tiago_controller_configuration' build argument 'cmake_target' from command line to 'None'
[0.765s] Level 5:colcon.colcon_core.verb:set package 'tiago_controller_configuration' build argument 'cmake_target_skip_unavailable' from command line to 'False'
[0.765s] Level 5:colcon.colcon_core.verb:set package 'tiago_controller_configuration' build argument 'cmake_clean_cache' from command line to 'False'
[0.765s] Level 5:colcon.colcon_core.verb:set package 'tiago_controller_configuration' build argument 'cmake_clean_first' from command line to 'False'
[0.765s] Level 5:colcon.colcon_core.verb:set package 'tiago_controller_configuration' build argument 'cmake_force_configure' from command line to 'False'
[0.765s] Level 5:colcon.colcon_core.verb:set package 'tiago_controller_configuration' build argument 'ament_cmake_args' from command line to 'None'
[0.765s] Level 5:colcon.colcon_core.verb:set package 'tiago_controller_configuration' build argument 'catkin_cmake_args' from command line to 'None'
[0.765s] Level 5:colcon.colcon_core.verb:set package 'tiago_controller_configuration' build argument 'catkin_skip_building_tests' from command line to 'False'
[0.765s] DEBUG:colcon.colcon_core.verb:Building package 'tiago_controller_configuration' with the following arguments: {'ament_cmake_args': None, 'build_base': '/home/khaledob/bookros2_ws/build/tiago_controller_configuration', 'catkin_cmake_args': None, 'catkin_skip_building_tests': False, 'cmake_args': None, 'cmake_clean_cache': False, 'cmake_clean_first': False, 'cmake_force_configure': False, 'cmake_target': None, 'cmake_target_skip_unavailable': False, 'install_base': '/home/khaledob/bookros2_ws/install/tiago_controller_configuration', 'merge_install': False, 'path': '/home/khaledob/bookros2_ws/src/ThirdParty/tiago_robot/tiago_controller_configuration', 'symlink_install': True, 'test_result_base': None}
[0.766s] Level 5:colcon.colcon_core.verb:set package 'pmb2_bringup' build argument 'cmake_args' from command line to 'None'
[0.766s] Level 5:colcon.colcon_core.verb:set package 'pmb2_bringup' build argument 'cmake_target' from command line to 'None'
[0.766s] Level 5:colcon.colcon_core.verb:set package 'pmb2_bringup' build argument 'cmake_target_skip_unavailable' from command line to 'False'
[0.766s] Level 5:colcon.colcon_core.verb:set package 'pmb2_bringup' build argument 'cmake_clean_cache' from command line to 'False'
[0.766s] Level 5:colcon.colcon_core.verb:set package 'pmb2_bringup' build argument 'cmake_clean_first' from command line to 'False'
[0.766s] Level 5:colcon.colcon_core.verb:set package 'pmb2_bringup' build argument 'cmake_force_configure' from command line to 'False'
[0.766s] Level 5:colcon.colcon_core.verb:set package 'pmb2_bringup' build argument 'ament_cmake_args' from command line to 'None'
[0.766s] Level 5:colcon.colcon_core.verb:set package 'pmb2_bringup' build argument 'catkin_cmake_args' from command line to 'None'
[0.766s] Level 5:colcon.colcon_core.verb:set package 'pmb2_bringup' build argument 'catkin_skip_building_tests' from command line to 'False'
[0.766s] DEBUG:colcon.colcon_core.verb:Building package 'pmb2_bringup' with the following arguments: {'ament_cmake_args': None, 'build_base': '/home/khaledob/bookros2_ws/build/pmb2_bringup', 'catkin_cmake_args': None, 'catkin_skip_building_tests': False, 'cmake_args': None, 'cmake_clean_cache': False, 'cmake_clean_first': False, 'cmake_force_configure': False, 'cmake_target': None, 'cmake_target_skip_unavailable': False, 'install_base': '/home/khaledob/bookros2_ws/install/pmb2_bringup', 'merge_install': False, 'path': '/home/khaledob/bookros2_ws/src/ThirdParty/pmb2_robot/pmb2_bringup', 'symlink_install': True, 'test_result_base': None}
[0.766s] Level 5:colcon.colcon_core.verb:set package 'tiago_description' build argument 'cmake_args' from command line to 'None'
[0.766s] Level 5:colcon.colcon_core.verb:set package 'tiago_description' build argument 'cmake_target' from command line to 'None'
[0.766s] Level 5:colcon.colcon_core.verb:set package 'tiago_description' build argument 'cmake_target_skip_unavailable' from command line to 'False'
[0.766s] Level 5:colcon.colcon_core.verb:set package 'tiago_description' build argument 'cmake_clean_cache' from command line to 'False'
[0.766s] Level 5:colcon.colcon_core.verb:set package 'tiago_description' build argument 'cmake_clean_first' from command line to 'False'
[0.767s] Level 5:colcon.colcon_core.verb:set package 'tiago_description' build argument 'cmake_force_configure' from command line to 'False'
[0.767s] Level 5:colcon.colcon_core.verb:set package 'tiago_description' build argument 'ament_cmake_args' from command line to 'None'
[0.767s] Level 5:colcon.colcon_core.verb:set package 'tiago_description' build argument 'catkin_cmake_args' from command line to 'None'
[0.767s] Level 5:colcon.colcon_core.verb:set package 'tiago_description' build argument 'catkin_skip_building_tests' from command line to 'False'
[0.767s] DEBUG:colcon.colcon_core.verb:Building package 'tiago_description' with the following arguments: {'ament_cmake_args': None, 'build_base': '/home/khaledob/bookros2_ws/build/tiago_description', 'catkin_cmake_args': None, 'catkin_skip_building_tests': False, 'cmake_args': None, 'cmake_clean_cache': False, 'cmake_clean_first': False, 'cmake_force_configure': False, 'cmake_target': None, 'cmake_target_skip_unavailable': False, 'install_base': '/home/khaledob/bookros2_ws/install/tiago_description', 'merge_install': False, 'path': '/home/khaledob/bookros2_ws/src/ThirdParty/tiago_robot/tiago_description', 'symlink_install': True, 'test_result_base': None}
[0.767s] Level 5:colcon.colcon_core.verb:set package 'pmb2_robot' build argument 'cmake_args' from command line to 'None'
[0.767s] Level 5:colcon.colcon_core.verb:set package 'pmb2_robot' build argument 'cmake_target' from command line to 'None'
[0.767s] Level 5:colcon.colcon_core.verb:set package 'pmb2_robot' build argument 'cmake_target_skip_unavailable' from command line to 'False'
[0.767s] Level 5:colcon.colcon_core.verb:set package 'pmb2_robot' build argument 'cmake_clean_cache' from command line to 'False'
[0.768s] Level 5:colcon.colcon_core.verb:set package 'pmb2_robot' build argument 'cmake_clean_first' from command line to 'False'
[0.768s] Level 5:colcon.colcon_core.verb:set package 'pmb2_robot' build argument 'cmake_force_configure' from command line to 'False'
[0.768s] Level 5:colcon.colcon_core.verb:set package 'pmb2_robot' build argument 'ament_cmake_args' from command line to 'None'
[0.768s] Level 5:colcon.colcon_core.verb:set package 'pmb2_robot' build argument 'catkin_cmake_args' from command line to 'None'
[0.768s] Level 5:colcon.colcon_core.verb:set package 'pmb2_robot' build argument 'catkin_skip_building_tests' from command line to 'False'
[0.768s] DEBUG:colcon.colcon_core.verb:Building package 'pmb2_robot' with the following arguments: {'ament_cmake_args': None, 'build_base': '/home/khaledob/bookros2_ws/build/pmb2_robot', 'catkin_cmake_args': None, 'catkin_skip_building_tests': False, 'cmake_args': None, 'cmake_clean_cache': False, 'cmake_clean_first': False, 'cmake_force_configure': False, 'cmake_target': None, 'cmake_target_skip_unavailable': False, 'install_base': '/home/khaledob/bookros2_ws/install/pmb2_robot', 'merge_install': False, 'path': '/home/khaledob/bookros2_ws/src/ThirdParty/pmb2_robot/pmb2_robot', 'symlink_install': True, 'test_result_base': None}
[0.768s] Level 5:colcon.colcon_core.verb:set package 'tiago_bringup' build argument 'cmake_args' from command line to 'None'
[0.768s] Level 5:colcon.colcon_core.verb:set package 'tiago_bringup' build argument 'cmake_target' from command line to 'None'
[0.769s] Level 5:colcon.colcon_core.verb:set package 'tiago_bringup' build argument 'cmake_target_skip_unavailable' from command line to 'False'
[0.769s] Level 5:colcon.colcon_core.verb:set package 'tiago_bringup' build argument 'cmake_clean_cache' from command line to 'False'
[0.769s] Level 5:colcon.colcon_core.verb:set package 'tiago_bringup' build argument 'cmake_clean_first' from command line to 'False'
[0.769s] Level 5:colcon.colcon_core.verb:set package 'tiago_bringup' build argument 'cmake_force_configure' from command line to 'False'
[0.769s] Level 5:colcon.colcon_core.verb:set package 'tiago_bringup' build argument 'ament_cmake_args' from command line to 'None'
[0.769s] Level 5:colcon.colcon_core.verb:set package 'tiago_bringup' build argument 'catkin_cmake_args' from command line to 'None'
[0.769s] Level 5:colcon.colcon_core.verb:set package 'tiago_bringup' build argument 'catkin_skip_building_tests' from command line to 'False'
[0.769s] DEBUG:colcon.colcon_core.verb:Building package 'tiago_bringup' with the following arguments: {'ament_cmake_args': None, 'build_base': '/home/khaledob/bookros2_ws/build/tiago_bringup', 'catkin_cmake_args': None, 'catkin_skip_building_tests': False, 'cmake_args': None, 'cmake_clean_cache': False, 'cmake_clean_first': False, 'cmake_force_configure': False, 'cmake_target': None, 'cmake_target_skip_unavailable': False, 'install_base': '/home/khaledob/bookros2_ws/install/tiago_bringup', 'merge_install': False, 'path': '/home/khaledob/bookros2_ws/src/ThirdParty/tiago_robot/tiago_bringup', 'symlink_install': True, 'test_result_base': None}
[0.769s] Level 5:colcon.colcon_core.verb:set package 'tiago_gazebo' build argument 'cmake_args' from command line to 'None'
[0.770s] Level 5:colcon.colcon_core.verb:set package 'tiago_gazebo' build argument 'cmake_target' from command line to 'None'
[0.770s] Level 5:colcon.colcon_core.verb:set package 'tiago_gazebo' build argument 'cmake_target_skip_unavailable' from command line to 'False'
[0.770s] Level 5:colcon.colcon_core.verb:set package 'tiago_gazebo' build argument 'cmake_clean_cache' from command line to 'False'
[0.770s] Level 5:colcon.colcon_core.verb:set package 'tiago_gazebo' build argument 'cmake_clean_first' from command line to 'False'
[0.770s] Level 5:colcon.colcon_core.verb:set package 'tiago_gazebo' build argument 'cmake_force_configure' from command line to 'False'
[0.770s] Level 5:colcon.colcon_core.verb:set package 'tiago_gazebo' build argument 'ament_cmake_args' from command line to 'None'
[0.770s] Level 5:colcon.colcon_core.verb:set package 'tiago_gazebo' build argument 'catkin_cmake_args' from command line to 'None'
[0.770s] Level 5:colcon.colcon_core.verb:set package 'tiago_gazebo' build argument 'catkin_skip_building_tests' from command line to 'False'
[0.770s] DEBUG:colcon.colcon_core.verb:Building package 'tiago_gazebo' with the following arguments: {'ament_cmake_args': None, 'build_base': '/home/khaledob/bookros2_ws/build/tiago_gazebo', 'catkin_cmake_args': None, 'catkin_skip_building_tests': False, 'cmake_args': None, 'cmake_clean_cache': False, 'cmake_clean_first': False, 'cmake_force_configure': False, 'cmake_target': None, 'cmake_target_skip_unavailable': False, 'install_base': '/home/khaledob/bookros2_ws/install/tiago_gazebo', 'merge_install': False, 'path': '/home/khaledob/bookros2_ws/src/ThirdParty/tiago_simulation/tiago_gazebo', 'symlink_install': True, 'test_result_base': None}
[0.770s] Level 5:colcon.colcon_core.verb:set package 'tiago_robot' build argument 'cmake_args' from command line to 'None'
[0.770s] Level 5:colcon.colcon_core.verb:set package 'tiago_robot' build argument 'cmake_target' from command line to 'None'
[0.770s] Level 5:colcon.colcon_core.verb:set package 'tiago_robot' build argument 'cmake_target_skip_unavailable' from command line to 'False'
[0.770s] Level 5:colcon.colcon_core.verb:set package 'tiago_robot' build argument 'cmake_clean_cache' from command line to 'False'
[0.770s] Level 5:colcon.colcon_core.verb:set package 'tiago_robot' build argument 'cmake_clean_first' from command line to 'False'
[0.770s] Level 5:colcon.colcon_core.verb:set package 'tiago_robot' build argument 'cmake_force_configure' from command line to 'False'
[0.770s] Level 5:colcon.colcon_core.verb:set package 'tiago_robot' build argument 'ament_cmake_args' from command line to 'None'
[0.770s] Level 5:colcon.colcon_core.verb:set package 'tiago_robot' build argument 'catkin_cmake_args' from command line to 'None'
[0.770s] Level 5:colcon.colcon_core.verb:set package 'tiago_robot' build argument 'catkin_skip_building_tests' from command line to 'False'
[0.770s] DEBUG:colcon.colcon_core.verb:Building package 'tiago_robot' with the following arguments: {'ament_cmake_args': None, 'build_base': '/home/khaledob/bookros2_ws/build/tiago_robot', 'catkin_cmake_args': None, 'catkin_skip_building_tests': False, 'cmake_args': None, 'cmake_clean_cache': False, 'cmake_clean_first': False, 'cmake_force_configure': False, 'cmake_target': None, 'cmake_target_skip_unavailable': False, 'install_base': '/home/khaledob/bookros2_ws/install/tiago_robot', 'merge_install': False, 'path': '/home/khaledob/bookros2_ws/src/ThirdParty/tiago_robot/tiago_robot', 'symlink_install': True, 'test_result_base': None}
[0.771s] Level 5:colcon.colcon_core.verb:set package 'tiago_2dnav_gazebo' build argument 'cmake_args' from command line to 'None'
[0.771s] Level 5:colcon.colcon_core.verb:set package 'tiago_2dnav_gazebo' build argument 'cmake_target' from command line to 'None'
[0.771s] Level 5:colcon.colcon_core.verb:set package 'tiago_2dnav_gazebo' build argument 'cmake_target_skip_unavailable' from command line to 'False'
[0.771s] Level 5:colcon.colcon_core.verb:set package 'tiago_2dnav_gazebo' build argument 'cmake_clean_cache' from command line to 'False'
[0.771s] Level 5:colcon.colcon_core.verb:set package 'tiago_2dnav_gazebo' build argument 'cmake_clean_first' from command line to 'False'
[0.771s] Level 5:colcon.colcon_core.verb:set package 'tiago_2dnav_gazebo' build argument 'cmake_force_configure' from command line to 'False'
[0.771s] Level 5:colcon.colcon_core.verb:set package 'tiago_2dnav_gazebo' build argument 'ament_cmake_args' from command line to 'None'
[0.771s] Level 5:colcon.colcon_core.verb:set package 'tiago_2dnav_gazebo' build argument 'catkin_cmake_args' from command line to 'None'
[0.771s] Level 5:colcon.colcon_core.verb:set package 'tiago_2dnav_gazebo' build argument 'catkin_skip_building_tests' from command line to 'False'
[0.771s] DEBUG:colcon.colcon_core.verb:Building package 'tiago_2dnav_gazebo' with the following arguments: {'ament_cmake_args': None, 'build_base': '/home/khaledob/bookros2_ws/build/tiago_2dnav_gazebo', 'catkin_cmake_args': None, 'catkin_skip_building_tests': False, 'cmake_args': None, 'cmake_clean_cache': False, 'cmake_clean_first': False, 'cmake_force_configure': False, 'cmake_target': None, 'cmake_target_skip_unavailable': False, 'install_base': '/home/khaledob/bookros2_ws/install/tiago_2dnav_gazebo', 'merge_install': False, 'path': '/home/khaledob/bookros2_ws/src/ThirdParty/tiago_simulation/tiago_2dnav_gazebo', 'symlink_install': True, 'test_result_base': None}
[0.771s] Level 5:colcon.colcon_core.verb:set package 'tiago_simulation' build argument 'cmake_args' from command line to 'None'
[0.771s] Level 5:colcon.colcon_core.verb:set package 'tiago_simulation' build argument 'cmake_target' from command line to 'None'
[0.772s] Level 5:colcon.colcon_core.verb:set package 'tiago_simulation' build argument 'cmake_target_skip_unavailable' from command line to 'False'
[0.772s] Level 5:colcon.colcon_core.verb:set package 'tiago_simulation' build argument 'cmake_clean_cache' from command line to 'False'
[0.772s] Level 5:colcon.colcon_core.verb:set package 'tiago_simulation' build argument 'cmake_clean_first' from command line to 'False'
[0.772s] Level 5:colcon.colcon_core.verb:set package 'tiago_simulation' build argument 'cmake_force_configure' from command line to 'False'
[0.772s] Level 5:colcon.colcon_core.verb:set package 'tiago_simulation' build argument 'ament_cmake_args' from command line to 'None'
[0.772s] Level 5:colcon.colcon_core.verb:set package 'tiago_simulation' build argument 'catkin_cmake_args' from command line to 'None'
[0.772s] Level 5:colcon.colcon_core.verb:set package 'tiago_simulation' build argument 'catkin_skip_building_tests' from command line to 'False'
[0.772s] DEBUG:colcon.colcon_core.verb:Building package 'tiago_simulation' with the following arguments: {'ament_cmake_args': None, 'build_base': '/home/khaledob/bookros2_ws/build/tiago_simulation', 'catkin_cmake_args': None, 'catkin_skip_building_tests': False, 'cmake_args': None, 'cmake_clean_cache': False, 'cmake_clean_first': False, 'cmake_force_configure': False, 'cmake_target': None, 'cmake_target_skip_unavailable': False, 'install_base': '/home/khaledob/bookros2_ws/install/tiago_simulation', 'merge_install': False, 'path': '/home/khaledob/bookros2_ws/src/ThirdParty/tiago_simulation/tiago_simulation', 'symlink_install': True, 'test_result_base': None}
[0.772s] INFO:colcon.colcon_core.executor:Executing jobs using 'parallel' executor
[0.774s] DEBUG:colcon.colcon_parallel_executor.executor.parallel:run_until_complete
[0.776s] INFO:colcon.colcon_ros.task.ament_cmake.build:Building ROS package in '/home/khaledob/bookros2_ws/src/ThirdParty/ros2_control/ros2_control_test_assets' with build type 'ament_cmake'
[0.776s] INFO:colcon.colcon_cmake.task.cmake.build:Building CMake package in '/home/khaledob/bookros2_ws/src/ThirdParty/ros2_control/ros2_control_test_assets'
[0.783s] INFO:colcon.colcon_core.plugin_system:Skipping extension 'colcon_core.shell.bat': Not used on non-Windows systems
[0.784s] INFO:colcon.colcon_core.shell:Skip shell extension 'powershell' for command environment: Not usable outside of PowerShell
[0.784s] DEBUG:colcon.colcon_core.shell:Skip shell extension 'dsv' for command environment
[0.801s] INFO:colcon.colcon_ros.task.ament_cmake.build:Building ROS package in '/home/khaledob/bookros2_ws/src/ThirdParty/ros2_control/controller_manager_msgs' with build type 'ament_cmake'
[0.802s] INFO:colcon.colcon_cmake.task.cmake.build:Building CMake package in '/home/khaledob/bookros2_ws/src/ThirdParty/ros2_control/controller_manager_msgs'
[0.803s] INFO:colcon.colcon_core.shell:Skip shell extension 'powershell' for command environment: Not usable outside of PowerShell
[0.804s] DEBUG:colcon.colcon_core.shell:Skip shell extension 'dsv' for command environment
[0.841s] INFO:colcon.colcon_ros.task.ament_cmake.build:Building ROS package in '/home/khaledob/bookros2_ws/src/ThirdParty/urdf_test' with build type 'ament_cmake'
[0.842s] INFO:colcon.colcon_cmake.task.cmake.build:Building CMake package in '/home/khaledob/bookros2_ws/src/ThirdParty/urdf_test'
[0.843s] INFO:colcon.colcon_core.shell:Skip shell extension 'powershell' for command environment: Not usable outside of PowerShell
[0.850s] DEBUG:colcon.colcon_core.shell:Skip shell extension 'dsv' for command environment
[0.896s] INFO:colcon.colcon_ros.task.ament_python.build:Building ROS package in '/home/khaledob/bookros2_ws/src/ThirdParty/launch_pal' with build type 'ament_python'
[0.896s] Level 1:colcon.colcon_core.shell:create_environment_hook('launch_pal', 'ament_prefix_path')
[0.899s] INFO:colcon.colcon_core.shell:Creating environment hook '/home/khaledob/bookros2_ws/install/launch_pal/share/launch_pal/hook/ament_prefix_path.ps1'
[0.913s] INFO:colcon.colcon_core.shell:Creating environment descriptor '/home/khaledob/bookros2_ws/install/launch_pal/share/launch_pal/hook/ament_prefix_path.dsv'
[0.915s] INFO:colcon.colcon_core.shell:Creating environment hook '/home/khaledob/bookros2_ws/install/launch_pal/share/launch_pal/hook/ament_prefix_path.sh'
[0.917s] INFO:colcon.colcon_core.shell:Skip shell extension 'powershell' for command environment: Not usable outside of PowerShell
[0.918s] DEBUG:colcon.colcon_core.shell:Skip shell extension 'dsv' for command environment
[0.950s] INFO:colcon.colcon_ros.task.ament_cmake.build:Building ROS package in '/home/khaledob/bookros2_ws/src/ThirdParty/twist_mux' with build type 'ament_cmake'
[0.954s] INFO:colcon.colcon_cmake.task.cmake.build:Building CMake package in '/home/khaledob/bookros2_ws/src/ThirdParty/twist_mux'
[0.955s] INFO:colcon.colcon_core.shell:Skip shell extension 'powershell' for command environment: Not usable outside of PowerShell
[0.960s] DEBUG:colcon.colcon_core.shell:Skip shell extension 'dsv' for command environment
[0.995s] INFO:colcon.colcon_ros.task.ament_cmake.build:Building ROS package in '/home/khaledob/bookros2_ws/src/ThirdParty/hey5_description' with build type 'ament_cmake'
[0.996s] INFO:colcon.colcon_cmake.task.cmake.build:Building CMake package in '/home/khaledob/bookros2_ws/src/ThirdParty/hey5_description'
[0.997s] INFO:colcon.colcon_core.shell:Skip shell extension 'powershell' for command environment: Not usable outside of PowerShell
[0.997s] DEBUG:colcon.colcon_core.shell:Skip shell extension 'dsv' for command environment
[1.028s] INFO:colcon.colcon_ros.task.ament_cmake.build:Building ROS package in '/home/khaledob/bookros2_ws/src/ThirdParty/tiago_description_calibration' with build type 'ament_cmake'
[1.029s] INFO:colcon.colcon_cmake.task.cmake.build:Building CMake package in '/home/khaledob/bookros2_ws/src/ThirdParty/tiago_description_calibration'
[1.030s] INFO:colcon.colcon_core.shell:Skip shell extension 'powershell' for command environment: Not usable outside of PowerShell
[1.031s] DEBUG:colcon.colcon_core.shell:Skip shell extension 'dsv' for command environment
[1.086s] DEBUG:colcon.colcon_core.event_handler.log_command:Invoking command in '/home/khaledob/bookros2_ws/build/ros2_control_test_assets': CMAKE_PREFIX_PATH=${CMAKE_PREFIX_PATH}:/home/khaledob/bookros2_ws/install/ros2controlcli:/home/khaledob/bookros2_ws/install/launch_pal:/home/khaledob/bookros2_ws/install/br2_fsm_bumpgo_py:/opt/ros/foxy /usr/bin/cmake --build /home/khaledob/bookros2_ws/build/ros2_control_test_assets -- -j7 -l7
[1.141s] DEBUG:colcon.colcon_core.event_handler.log_command:Invoking command in '/home/khaledob/bookros2_ws/build/controller_manager_msgs': CMAKE_PREFIX_PATH=${CMAKE_PREFIX_PATH}:/home/khaledob/bookros2_ws/install/ros2controlcli:/home/khaledob/bookros2_ws/install/launch_pal:/home/khaledob/bookros2_ws/install/br2_fsm_bumpgo_py:/opt/ros/foxy /usr/bin/cmake --build /home/khaledob/bookros2_ws/build/controller_manager_msgs -- -j7 -l7
[1.143s] DEBUG:colcon.colcon_core.event_handler.log_command:Invoking command in '/home/khaledob/bookros2_ws/build/urdf_test': CMAKE_PREFIX_PATH=${CMAKE_PREFIX_PATH}:/home/khaledob/bookros2_ws/install/ros2controlcli:/home/khaledob/bookros2_ws/install/launch_pal:/home/khaledob/bookros2_ws/install/br2_fsm_bumpgo_py:/opt/ros/foxy /usr/bin/cmake --build /home/khaledob/bookros2_ws/build/urdf_test -- -j7 -l7
[1.536s] INFO:colcon.colcon_core.task.python.build:Building Python package in '/home/khaledob/bookros2_ws/src/ThirdParty/launch_pal'
[1.537s] INFO:colcon.colcon_core.shell:Skip shell extension 'powershell' for command environment: Not usable outside of PowerShell
[1.537s] DEBUG:colcon.colcon_core.shell:Skip shell extension 'dsv' for command environment
[1.566s] DEBUG:colcon.colcon_core.event_handler.log_command:Invoking command in '/home/khaledob/bookros2_ws/build/twist_mux': CMAKE_PREFIX_PATH=${CMAKE_PREFIX_PATH}:/home/khaledob/bookros2_ws/install/ros2controlcli:/home/khaledob/bookros2_ws/install/launch_pal:/home/khaledob/bookros2_ws/install/br2_fsm_bumpgo_py:/opt/ros/foxy /usr/bin/cmake --build /home/khaledob/bookros2_ws/build/twist_mux -- -j7 -l7
[1.579s] DEBUG:colcon.colcon_core.event_handler.log_command:Invoking command in '/home/khaledob/bookros2_ws/build/hey5_description': CMAKE_PREFIX_PATH=${CMAKE_PREFIX_PATH}:/home/khaledob/bookros2_ws/install/ros2controlcli:/home/khaledob/bookros2_ws/install/launch_pal:/home/khaledob/bookros2_ws/install/br2_fsm_bumpgo_py:/opt/ros/foxy /usr/bin/cmake --build /home/khaledob/bookros2_ws/build/hey5_description -- -j7 -l7
[1.616s] DEBUG:colcon.colcon_core.event_handler.log_command:Invoking command in '/home/khaledob/bookros2_ws/build/tiago_description_calibration': CMAKE_PREFIX_PATH=${CMAKE_PREFIX_PATH}:/home/khaledob/bookros2_ws/install/ros2controlcli:/home/khaledob/bookros2_ws/install/launch_pal:/home/khaledob/bookros2_ws/install/br2_fsm_bumpgo_py:/opt/ros/foxy /usr/bin/cmake --build /home/khaledob/bookros2_ws/build/tiago_description_calibration -- -j7 -l7
[1.620s] DEBUG:colcon.colcon_core.event_handler.log_command:Invoked command in '/home/khaledob/bookros2_ws/build/ros2_control_test_assets' returned '0': CMAKE_PREFIX_PATH=${CMAKE_PREFIX_PATH}:/home/khaledob/bookros2_ws/install/ros2controlcli:/home/khaledob/bookros2_ws/install/launch_pal:/home/khaledob/bookros2_ws/install/br2_fsm_bumpgo_py:/opt/ros/foxy /usr/bin/cmake --build /home/khaledob/bookros2_ws/build/ros2_control_test_assets -- -j7 -l7
[1.655s] DEBUG:colcon.colcon_core.event_handler.log_command:Invoking command in '/home/khaledob/bookros2_ws/build/ros2_control_test_assets': CMAKE_PREFIX_PATH=${CMAKE_PREFIX_PATH}:/home/khaledob/bookros2_ws/install/ros2controlcli:/home/khaledob/bookros2_ws/install/launch_pal:/home/khaledob/bookros2_ws/install/br2_fsm_bumpgo_py:/opt/ros/foxy /usr/bin/cmake --install /home/khaledob/bookros2_ws/build/ros2_control_test_assets
[1.669s] DEBUG:colcon.colcon_core.event_handler.log_command:Invoked command in '/home/khaledob/bookros2_ws/build/urdf_test' returned '0': CMAKE_PREFIX_PATH=${CMAKE_PREFIX_PATH}:/home/khaledob/bookros2_ws/install/ros2controlcli:/home/khaledob/bookros2_ws/install/launch_pal:/home/khaledob/bookros2_ws/install/br2_fsm_bumpgo_py:/opt/ros/foxy /usr/bin/cmake --build /home/khaledob/bookros2_ws/build/urdf_test -- -j7 -l7
[1.682s] DEBUG:colcon.colcon_core.event_handler.log_command:Invoking command in '/home/khaledob/bookros2_ws/build/urdf_test': CMAKE_PREFIX_PATH=${CMAKE_PREFIX_PATH}:/home/khaledob/bookros2_ws/install/ros2controlcli:/home/khaledob/bookros2_ws/install/launch_pal:/home/khaledob/bookros2_ws/install/br2_fsm_bumpgo_py:/opt/ros/foxy /usr/bin/cmake --install /home/khaledob/bookros2_ws/build/urdf_test
[1.795s] DEBUG:colcon.colcon_core.event_handler.log_command:Invoked command in '/home/khaledob/bookros2_ws/build/hey5_description' returned '0': CMAKE_PREFIX_PATH=${CMAKE_PREFIX_PATH}:/home/khaledob/bookros2_ws/install/ros2controlcli:/home/khaledob/bookros2_ws/install/launch_pal:/home/khaledob/bookros2_ws/install/br2_fsm_bumpgo_py:/opt/ros/foxy /usr/bin/cmake --build /home/khaledob/bookros2_ws/build/hey5_description -- -j7 -l7
[1.809s] DEBUG:colcon.colcon_core.event_handler.log_command:Invoking command in '/home/khaledob/bookros2_ws/build/hey5_description': CMAKE_PREFIX_PATH=${CMAKE_PREFIX_PATH}:/home/khaledob/bookros2_ws/install/ros2controlcli:/home/khaledob/bookros2_ws/install/launch_pal:/home/khaledob/bookros2_ws/install/br2_fsm_bumpgo_py:/opt/ros/foxy /usr/bin/cmake --install /home/khaledob/bookros2_ws/build/hey5_description
[1.825s] DEBUG:colcon.colcon_core.event_handler.log_command:Invoked command in '/home/khaledob/bookros2_ws/build/tiago_description_calibration' returned '0': CMAKE_PREFIX_PATH=${CMAKE_PREFIX_PATH}:/home/khaledob/bookros2_ws/install/ros2controlcli:/home/khaledob/bookros2_ws/install/launch_pal:/home/khaledob/bookros2_ws/install/br2_fsm_bumpgo_py:/opt/ros/foxy /usr/bin/cmake --build /home/khaledob/bookros2_ws/build/tiago_description_calibration -- -j7 -l7
[1.843s] DEBUG:colcon.colcon_core.event_handler.log_command:Invoking command in '/home/khaledob/bookros2_ws/build/tiago_description_calibration': CMAKE_PREFIX_PATH=${CMAKE_PREFIX_PATH}:/home/khaledob/bookros2_ws/install/ros2controlcli:/home/khaledob/bookros2_ws/install/launch_pal:/home/khaledob/bookros2_ws/install/br2_fsm_bumpgo_py:/opt/ros/foxy /usr/bin/cmake --install /home/khaledob/bookros2_ws/build/tiago_description_calibration
[1.857s] Level 1:colcon.colcon_core.environment:create_environment_scripts_only(ros2_control_test_assets)
[1.874s] Level 1:colcon.colcon_core.environment:checking '/home/khaledob/bookros2_ws/install/ros2_control_test_assets' for CMake module files
[1.875s] Level 1:colcon.colcon_core.environment:checking '/home/khaledob/bookros2_ws/install/ros2_control_test_assets' for CMake config files
[1.875s] Level 1:colcon.colcon_core.shell:create_environment_hook('ros2_control_test_assets', 'cmake_prefix_path')
[1.876s] INFO:colcon.colcon_core.shell:Creating environment hook '/home/khaledob/bookros2_ws/install/ros2_control_test_assets/share/ros2_control_test_assets/hook/cmake_prefix_path.ps1'
[1.878s] INFO:colcon.colcon_core.shell:Creating environment descriptor '/home/khaledob/bookros2_ws/install/ros2_control_test_assets/share/ros2_control_test_assets/hook/cmake_prefix_path.dsv'
[1.903s] INFO:colcon.colcon_core.shell:Creating environment hook '/home/khaledob/bookros2_ws/install/ros2_control_test_assets/share/ros2_control_test_assets/hook/cmake_prefix_path.sh'
[1.908s] DEBUG:colcon.colcon_core.event_handler.log_command:Invoked command in '/home/khaledob/bookros2_ws/build/ros2_control_test_assets' returned '0': CMAKE_PREFIX_PATH=${CMAKE_PREFIX_PATH}:/home/khaledob/bookros2_ws/install/ros2controlcli:/home/khaledob/bookros2_ws/install/launch_pal:/home/khaledob/bookros2_ws/install/br2_fsm_bumpgo_py:/opt/ros/foxy /usr/bin/cmake --install /home/khaledob/bookros2_ws/build/ros2_control_test_assets
[1.912s] Level 1:colcon.colcon_core.environment:checking '/home/khaledob/bookros2_ws/install/ros2_control_test_assets/bin'
[1.912s] Level 1:colcon.colcon_core.environment:checking '/home/khaledob/bookros2_ws/install/ros2_control_test_assets/lib/pkgconfig/ros2_control_test_assets.pc'
[1.913s] Level 1:colcon.colcon_core.environment:checking '/home/khaledob/bookros2_ws/install/ros2_control_test_assets/lib/python3.8/site-packages'
[1.913s] Level 1:colcon.colcon_core.environment:checking '/home/khaledob/bookros2_ws/install/ros2_control_test_assets/bin'
[1.914s] INFO:colcon.colcon_core.shell:Creating package script '/home/khaledob/bookros2_ws/install/ros2_control_test_assets/share/ros2_control_test_assets/package.ps1'
[1.931s] INFO:colcon.colcon_core.shell:Creating package descriptor '/home/khaledob/bookros2_ws/install/ros2_control_test_assets/share/ros2_control_test_assets/package.dsv'
[1.942s] INFO:colcon.colcon_core.shell:Creating package script '/home/khaledob/bookros2_ws/install/ros2_control_test_assets/share/ros2_control_test_assets/package.sh'
[1.949s] INFO:colcon.colcon_core.shell:Creating package script '/home/khaledob/bookros2_ws/install/ros2_control_test_assets/share/ros2_control_test_assets/package.bash'
[1.951s] INFO:colcon.colcon_core.shell:Creating package script '/home/khaledob/bookros2_ws/install/ros2_control_test_assets/share/ros2_control_test_assets/package.zsh'
[1.952s] Level 1:colcon.colcon_core.environment:create_file_with_runtime_dependencies(/home/khaledob/bookros2_ws/install/ros2_control_test_assets/share/colcon-core/packages/ros2_control_test_assets)
[1.954s] Level 1:colcon.colcon_core.environment:create_environment_scripts_only(ros2_control_test_assets)
[1.954s] Level 1:colcon.colcon_core.environment:checking '/home/khaledob/bookros2_ws/install/ros2_control_test_assets' for CMake module files
[1.955s] Level 1:colcon.colcon_core.environment:checking '/home/khaledob/bookros2_ws/install/ros2_control_test_assets' for CMake config files
[1.956s] Level 1:colcon.colcon_core.shell:create_environment_hook('ros2_control_test_assets', 'cmake_prefix_path')
[1.958s] INFO:colcon.colcon_core.shell:Creating environment hook '/home/khaledob/bookros2_ws/install/ros2_control_test_assets/share/ros2_control_test_assets/hook/cmake_prefix_path.ps1'
[1.960s] INFO:colcon.colcon_core.shell:Creating environment descriptor '/home/khaledob/bookros2_ws/install/ros2_control_test_assets/share/ros2_control_test_assets/hook/cmake_prefix_path.dsv'
[1.963s] INFO:colcon.colcon_core.shell:Creating environment hook '/home/khaledob/bookros2_ws/install/ros2_control_test_assets/share/ros2_control_test_assets/hook/cmake_prefix_path.sh'
[1.964s] Level 1:colcon.colcon_core.environment:checking '/home/khaledob/bookros2_ws/install/ros2_control_test_assets/bin'
[1.965s] Level 1:colcon.colcon_core.environment:checking '/home/khaledob/bookros2_ws/install/ros2_control_test_assets/lib/pkgconfig/ros2_control_test_assets.pc'
[1.966s] Level 1:colcon.colcon_core.environment:checking '/home/khaledob/bookros2_ws/install/ros2_control_test_assets/lib/python3.8/site-packages'
[1.966s] Level 1:colcon.colcon_core.environment:checking '/home/khaledob/bookros2_ws/install/ros2_control_test_assets/bin'
[1.966s] INFO:colcon.colcon_core.shell:Creating package script '/home/khaledob/bookros2_ws/install/ros2_control_test_assets/share/ros2_control_test_assets/package.ps1'
[1.967s] INFO:colcon.colcon_core.shell:Creating package descriptor '/home/khaledob/bookros2_ws/install/ros2_control_test_assets/share/ros2_control_test_assets/package.dsv'
[1.969s] INFO:colcon.colcon_core.shell:Creating package script '/home/khaledob/bookros2_ws/install/ros2_control_test_assets/share/ros2_control_test_assets/package.sh'
[1.971s] INFO:colcon.colcon_core.shell:Creating package script '/home/khaledob/bookros2_ws/install/ros2_control_test_assets/share/ros2_control_test_assets/package.bash'
[1.973s] INFO:colcon.colcon_core.shell:Creating package script '/home/khaledob/bookros2_ws/install/ros2_control_test_assets/share/ros2_control_test_assets/package.zsh'
[1.974s] Level 1:colcon.colcon_core.environment:create_file_with_runtime_dependencies(/home/khaledob/bookros2_ws/install/ros2_control_test_assets/share/colcon-core/packages/ros2_control_test_assets)
[2.008s] INFO:colcon.colcon_ros.task.ament_cmake.build:Building ROS package in '/home/khaledob/bookros2_ws/src/ThirdParty/ros2_control/hardware_interface' with build type 'ament_cmake'
[2.009s] INFO:colcon.colcon_cmake.task.cmake.build:Building CMake package in '/home/khaledob/bookros2_ws/src/ThirdParty/ros2_control/hardware_interface'
[2.009s] INFO:colcon.colcon_core.shell:Skip shell extension 'powershell' for command environment: Not usable outside of PowerShell
[2.010s] DEBUG:colcon.colcon_core.shell:Skip shell extension 'dsv' for command environment
[2.033s] DEBUG:colcon.colcon_core.event_handler.log_command:Invoked command in '/home/khaledob/bookros2_ws/build/twist_mux' returned '0': CMAKE_PREFIX_PATH=${CMAKE_PREFIX_PATH}:/home/khaledob/bookros2_ws/install/ros2controlcli:/home/khaledob/bookros2_ws/install/launch_pal:/home/khaledob/bookros2_ws/install/br2_fsm_bumpgo_py:/opt/ros/foxy /usr/bin/cmake --build /home/khaledob/bookros2_ws/build/twist_mux -- -j7 -l7
[2.043s] DEBUG:colcon.colcon_core.event_handler.log_command:Invoking command in '/home/khaledob/bookros2_ws/build/twist_mux': CMAKE_PREFIX_PATH=${CMAKE_PREFIX_PATH}:/home/khaledob/bookros2_ws/install/ros2controlcli:/home/khaledob/bookros2_ws/install/launch_pal:/home/khaledob/bookros2_ws/install/br2_fsm_bumpgo_py:/opt/ros/foxy /usr/bin/cmake --install /home/khaledob/bookros2_ws/build/twist_mux
[2.059s] Level 1:colcon.colcon_core.environment:create_environment_scripts_only(hey5_description)
[2.059s] Level 1:colcon.colcon_core.environment:checking '/home/khaledob/bookros2_ws/install/hey5_description' for CMake module files
[2.061s] Level 1:colcon.colcon_core.environment:checking '/home/khaledob/bookros2_ws/install/hey5_description' for CMake config files
[2.061s] Level 1:colcon.colcon_core.shell:create_environment_hook('hey5_description', 'cmake_prefix_path')
[2.062s] INFO:colcon.colcon_core.shell:Creating environment hook '/home/khaledob/bookros2_ws/install/hey5_description/share/hey5_description/hook/cmake_prefix_path.ps1'
[2.063s] DEBUG:colcon.colcon_core.event_handler.log_command:Invoked command in '/home/khaledob/bookros2_ws/build/controller_manager_msgs' returned '0': CMAKE_PREFIX_PATH=${CMAKE_PREFIX_PATH}:/home/khaledob/bookros2_ws/install/ros2controlcli:/home/khaledob/bookros2_ws/install/launch_pal:/home/khaledob/bookros2_ws/install/br2_fsm_bumpgo_py:/opt/ros/foxy /usr/bin/cmake --build /home/khaledob/bookros2_ws/build/controller_manager_msgs -- -j7 -l7
[2.066s] INFO:colcon.colcon_core.shell:Creating environment descriptor '/home/khaledob/bookros2_ws/install/hey5_description/share/hey5_description/hook/cmake_prefix_path.dsv'
[2.068s] INFO:colcon.colcon_core.shell:Creating environment hook '/home/khaledob/bookros2_ws/install/hey5_description/share/hey5_description/hook/cmake_prefix_path.sh'
[2.072s] Level 1:colcon.colcon_core.environment:checking '/home/khaledob/bookros2_ws/install/hey5_description/bin'
[2.072s] Level 1:colcon.colcon_core.environment:checking '/home/khaledob/bookros2_ws/install/hey5_description/lib/pkgconfig/hey5_description.pc'
[2.073s] Level 1:colcon.colcon_core.environment:checking '/home/khaledob/bookros2_ws/install/hey5_description/lib/python3.8/site-packages'
[2.074s] Level 1:colcon.colcon_core.environment:checking '/home/khaledob/bookros2_ws/install/hey5_description/bin'
[2.074s] INFO:colcon.colcon_core.shell:Creating package script '/home/khaledob/bookros2_ws/install/hey5_description/share/hey5_description/package.ps1'
[2.077s] DEBUG:colcon.colcon_core.event_handler.log_command:Invoking command in '/home/khaledob/bookros2_ws/build/controller_manager_msgs': CMAKE_PREFIX_PATH=${CMAKE_PREFIX_PATH}:/home/khaledob/bookros2_ws/install/ros2controlcli:/home/khaledob/bookros2_ws/install/launch_pal:/home/khaledob/bookros2_ws/install/br2_fsm_bumpgo_py:/opt/ros/foxy /usr/bin/cmake --install /home/khaledob/bookros2_ws/build/controller_manager_msgs
[2.078s] DEBUG:colcon.colcon_core.event_handler.log_command:Invoked command in '/home/khaledob/bookros2_ws/build/hey5_description' returned '0': CMAKE_PREFIX_PATH=${CMAKE_PREFIX_PATH}:/home/khaledob/bookros2_ws/install/ros2controlcli:/home/khaledob/bookros2_ws/install/launch_pal:/home/khaledob/bookros2_ws/install/br2_fsm_bumpgo_py:/opt/ros/foxy /usr/bin/cmake --install /home/khaledob/bookros2_ws/build/hey5_description
[2.081s] INFO:colcon.colcon_core.shell:Creating package descriptor '/home/khaledob/bookros2_ws/install/hey5_description/share/hey5_description/package.dsv'
[2.086s] INFO:colcon.colcon_core.shell:Creating package script '/home/khaledob/bookros2_ws/install/hey5_description/share/hey5_description/package.sh'
[2.088s] INFO:colcon.colcon_core.shell:Creating package script '/home/khaledob/bookros2_ws/install/hey5_description/share/hey5_description/package.bash'
[2.090s] INFO:colcon.colcon_core.shell:Creating package script '/home/khaledob/bookros2_ws/install/hey5_description/share/hey5_description/package.zsh'
[2.096s] Level 1:colcon.colcon_core.environment:create_file_with_runtime_dependencies(/home/khaledob/bookros2_ws/install/hey5_description/share/colcon-core/packages/hey5_description)
[2.103s] Level 1:colcon.colcon_core.environment:create_environment_scripts_only(hey5_description)
[2.103s] Level 1:colcon.colcon_core.environment:checking '/home/khaledob/bookros2_ws/install/hey5_description' for CMake module files
[2.104s] Level 1:colcon.colcon_core.environment:checking '/home/khaledob/bookros2_ws/install/hey5_description' for CMake config files
[2.104s] Level 1:colcon.colcon_core.shell:create_environment_hook('hey5_description', 'cmake_prefix_path')
[2.105s] INFO:colcon.colcon_core.shell:Creating environment hook '/home/khaledob/bookros2_ws/install/hey5_description/share/hey5_description/hook/cmake_prefix_path.ps1'
[2.106s] INFO:colcon.colcon_core.shell:Creating environment descriptor '/home/khaledob/bookros2_ws/install/hey5_description/share/hey5_description/hook/cmake_prefix_path.dsv'
[2.107s] INFO:colcon.colcon_core.shell:Creating environment hook '/home/khaledob/bookros2_ws/install/hey5_description/share/hey5_description/hook/cmake_prefix_path.sh'
[2.111s] Level 1:colcon.colcon_core.environment:checking '/home/khaledob/bookros2_ws/install/hey5_description/bin'
[2.111s] Level 1:colcon.colcon_core.environment:checking '/home/khaledob/bookros2_ws/install/hey5_description/lib/pkgconfig/hey5_description.pc'
[2.111s] Level 1:colcon.colcon_core.environment:checking '/home/khaledob/bookros2_ws/install/hey5_description/lib/python3.8/site-packages'
[2.112s] Level 1:colcon.colcon_core.environment:checking '/home/khaledob/bookros2_ws/install/hey5_description/bin'
[2.112s] INFO:colcon.colcon_core.shell:Creating package script '/home/khaledob/bookros2_ws/install/hey5_description/share/hey5_description/package.ps1'
[2.114s] INFO:colcon.colcon_core.shell:Creating package descriptor '/home/khaledob/bookros2_ws/install/hey5_description/share/hey5_description/package.dsv'
[2.116s] INFO:colcon.colcon_core.shell:Creating package script '/home/khaledob/bookros2_ws/install/hey5_description/share/hey5_description/package.sh'
[2.120s] INFO:colcon.colcon_core.shell:Creating package script '/home/khaledob/bookros2_ws/install/hey5_description/share/hey5_description/package.bash'
[2.123s] INFO:colcon.colcon_core.shell:Creating package script '/home/khaledob/bookros2_ws/install/hey5_description/share/hey5_description/package.zsh'
[2.125s] Level 1:colcon.colcon_core.environment:create_file_with_runtime_dependencies(/home/khaledob/bookros2_ws/install/hey5_description/share/colcon-core/packages/hey5_description)
[2.127s] Level 1:colcon.colcon_core.environment:create_environment_scripts_only(tiago_description_calibration)
[2.127s] Level 1:colcon.colcon_core.environment:checking '/home/khaledob/bookros2_ws/install/tiago_description_calibration' for CMake module files
[2.128s] Level 1:colcon.colcon_core.environment:checking '/home/khaledob/bookros2_ws/install/tiago_description_calibration' for CMake config files
[2.128s] Level 1:colcon.colcon_core.shell:create_environment_hook('tiago_description_calibration', 'cmake_prefix_path')
[2.129s] INFO:colcon.colcon_core.shell:Creating environment hook '/home/khaledob/bookros2_ws/install/tiago_description_calibration/share/tiago_description_calibration/hook/cmake_prefix_path.ps1'
[2.130s] INFO:colcon.colcon_core.shell:Creating environment descriptor '/home/khaledob/bookros2_ws/install/tiago_description_calibration/share/tiago_description_calibration/hook/cmake_prefix_path.dsv'
[2.131s] INFO:colcon.colcon_core.shell:Creating environment hook '/home/khaledob/bookros2_ws/install/tiago_description_calibration/share/tiago_description_calibration/hook/cmake_prefix_path.sh'
[2.133s] Level 1:colcon.colcon_core.environment:checking '/home/khaledob/bookros2_ws/install/tiago_description_calibration/bin'
[2.133s] Level 1:colcon.colcon_core.environment:checking '/home/khaledob/bookros2_ws/install/tiago_description_calibration/lib/pkgconfig/tiago_description_calibration.pc'
[2.134s] Level 1:colcon.colcon_core.environment:checking '/home/khaledob/bookros2_ws/install/tiago_description_calibration/lib/python3.8/site-packages'
[2.134s] Level 1:colcon.colcon_core.environment:checking '/home/khaledob/bookros2_ws/install/tiago_description_calibration/bin'
[2.136s] INFO:colcon.colcon_core.shell:Creating package script '/home/khaledob/bookros2_ws/install/tiago_description_calibration/share/tiago_description_calibration/package.ps1'
[2.171s] DEBUG:colcon.colcon_core.event_handler.log_command:Invoked command in '/home/khaledob/bookros2_ws/build/tiago_description_calibration' returned '0': CMAKE_PREFIX_PATH=${CMAKE_PREFIX_PATH}:/home/khaledob/bookros2_ws/install/ros2controlcli:/home/khaledob/bookros2_ws/install/launch_pal:/home/khaledob/bookros2_ws/install/br2_fsm_bumpgo_py:/opt/ros/foxy /usr/bin/cmake --install /home/khaledob/bookros2_ws/build/tiago_description_calibration
[2.174s] INFO:colcon.colcon_core.shell:Creating package descriptor '/home/khaledob/bookros2_ws/install/tiago_description_calibration/share/tiago_description_calibration/package.dsv'
[2.176s] INFO:colcon.colcon_core.shell:Creating package script '/home/khaledob/bookros2_ws/install/tiago_description_calibration/share/tiago_description_calibration/package.sh'
[2.178s] INFO:colcon.colcon_core.shell:Creating package script '/home/khaledob/bookros2_ws/install/tiago_description_calibration/share/tiago_description_calibration/package.bash'
[2.180s] INFO:colcon.colcon_core.shell:Creating package script '/home/khaledob/bookros2_ws/install/tiago_description_calibration/share/tiago_description_calibration/package.zsh'
[2.181s] Level 1:colcon.colcon_core.environment:create_file_with_runtime_dependencies(/home/khaledob/bookros2_ws/install/tiago_description_calibration/share/colcon-core/packages/tiago_description_calibration)
[2.183s] Level 1:colcon.colcon_core.environment:create_environment_scripts_only(tiago_description_calibration)
[2.184s] Level 1:colcon.colcon_core.environment:checking '/home/khaledob/bookros2_ws/install/tiago_description_calibration' for CMake module files
[2.185s] Level 1:colcon.colcon_core.environment:checking '/home/khaledob/bookros2_ws/install/tiago_description_calibration' for CMake config files
[2.186s] Level 1:colcon.colcon_core.shell:create_environment_hook('tiago_description_calibration', 'cmake_prefix_path')
[2.187s] INFO:colcon.colcon_core.shell:Creating environment hook '/home/khaledob/bookros2_ws/install/tiago_description_calibration/share/tiago_description_calibration/hook/cmake_prefix_path.ps1'
[2.190s] INFO:colcon.colcon_core.shell:Creating environment descriptor '/home/khaledob/bookros2_ws/install/tiago_description_calibration/share/tiago_description_calibration/hook/cmake_prefix_path.dsv'
[2.191s] INFO:colcon.colcon_core.shell:Creating environment hook '/home/khaledob/bookros2_ws/install/tiago_description_calibration/share/tiago_description_calibration/hook/cmake_prefix_path.sh'
[2.193s] Level 1:colcon.colcon_core.environment:checking '/home/khaledob/bookros2_ws/install/tiago_description_calibration/bin'
[2.194s] Level 1:colcon.colcon_core.environment:checking '/home/khaledob/bookros2_ws/install/tiago_description_calibration/lib/pkgconfig/tiago_description_calibration.pc'
[2.194s] Level 1:colcon.colcon_core.environment:checking '/home/khaledob/bookros2_ws/install/tiago_description_calibration/lib/python3.8/site-packages'
[2.194s] Level 1:colcon.colcon_core.environment:checking '/home/khaledob/bookros2_ws/install/tiago_description_calibration/bin'
[2.194s] INFO:colcon.colcon_core.shell:Creating package script '/home/khaledob/bookros2_ws/install/tiago_description_calibration/share/tiago_description_calibration/package.ps1'
[2.196s] INFO:colcon.colcon_core.shell:Creating package descriptor '/home/khaledob/bookros2_ws/install/tiago_description_calibration/share/tiago_description_calibration/package.dsv'
[2.205s] INFO:colcon.colcon_core.shell:Creating package script '/home/khaledob/bookros2_ws/install/tiago_description_calibration/share/tiago_description_calibration/package.sh'
[2.210s] INFO:colcon.colcon_core.shell:Creating package script '/home/khaledob/bookros2_ws/install/tiago_description_calibration/share/tiago_description_calibration/package.bash'
[2.218s] INFO:colcon.colcon_core.shell:Creating package script '/home/khaledob/bookros2_ws/install/tiago_description_calibration/share/tiago_description_calibration/package.zsh'
[2.225s] Level 1:colcon.colcon_core.environment:create_file_with_runtime_dependencies(/home/khaledob/bookros2_ws/install/tiago_description_calibration/share/colcon-core/packages/tiago_description_calibration)
[2.230s] Level 1:colcon.colcon_core.environment:create_environment_scripts_only(urdf_test)
[2.230s] Level 1:colcon.colcon_core.environment:checking '/home/khaledob/bookros2_ws/install/urdf_test' for CMake module files
[2.231s] Level 1:colcon.colcon_core.environment:checking '/home/khaledob/bookros2_ws/install/urdf_test' for CMake config files
[2.231s] Level 1:colcon.colcon_core.shell:create_environment_hook('urdf_test', 'cmake_prefix_path')
[2.232s] INFO:colcon.colcon_core.shell:Creating environment hook '/home/khaledob/bookros2_ws/install/urdf_test/share/urdf_test/hook/cmake_prefix_path.ps1'
[2.236s] INFO:colcon.colcon_core.shell:Creating environment descriptor '/home/khaledob/bookros2_ws/install/urdf_test/share/urdf_test/hook/cmake_prefix_path.dsv'
[2.247s] DEBUG:colcon.colcon_core.event_handler.log_command:Invoked command in '/home/khaledob/bookros2_ws/build/urdf_test' returned '0': CMAKE_PREFIX_PATH=${CMAKE_PREFIX_PATH}:/home/khaledob/bookros2_ws/install/ros2controlcli:/home/khaledob/bookros2_ws/install/launch_pal:/home/khaledob/bookros2_ws/install/br2_fsm_bumpgo_py:/opt/ros/foxy /usr/bin/cmake --install /home/khaledob/bookros2_ws/build/urdf_test
[2.253s] INFO:colcon.colcon_core.shell:Creating environment hook '/home/khaledob/bookros2_ws/install/urdf_test/share/urdf_test/hook/cmake_prefix_path.sh'
[2.259s] Level 1:colcon.colcon_core.environment:checking '/home/khaledob/bookros2_ws/install/urdf_test/lib'
[2.264s] Level 1:colcon.colcon_core.environment:checking '/home/khaledob/bookros2_ws/install/urdf_test/bin'
[2.264s] Level 1:colcon.colcon_core.environment:checking '/home/khaledob/bookros2_ws/install/urdf_test/lib/pkgconfig/urdf_test.pc'
[2.266s] Level 1:colcon.colcon_core.environment:checking '/home/khaledob/bookros2_ws/install/urdf_test/lib/python3.8/site-packages'
[2.266s] Level 1:colcon.colcon_core.shell:create_environment_hook('urdf_test', 'pythonpath')
[2.267s] INFO:colcon.colcon_core.shell:Creating environment hook '/home/khaledob/bookros2_ws/install/urdf_test/share/urdf_test/hook/pythonpath.ps1'
[2.268s] INFO:colcon.colcon_core.shell:Creating environment descriptor '/home/khaledob/bookros2_ws/install/urdf_test/share/urdf_test/hook/pythonpath.dsv'
[2.288s] INFO:colcon.colcon_core.shell:Creating environment hook '/home/khaledob/bookros2_ws/install/urdf_test/share/urdf_test/hook/pythonpath.sh'
[2.290s] Level 1:colcon.colcon_core.environment:checking '/home/khaledob/bookros2_ws/install/urdf_test/bin'
[2.291s] INFO:colcon.colcon_core.shell:Creating package script '/home/khaledob/bookros2_ws/install/urdf_test/share/urdf_test/package.ps1'
[2.295s] INFO:colcon.colcon_core.shell:Creating package descriptor '/home/khaledob/bookros2_ws/install/urdf_test/share/urdf_test/package.dsv'
[2.296s] INFO:colcon.colcon_core.shell:Creating package script '/home/khaledob/bookros2_ws/install/urdf_test/share/urdf_test/package.sh'
[2.298s] INFO:colcon.colcon_core.shell:Creating package script '/home/khaledob/bookros2_ws/install/urdf_test/share/urdf_test/package.bash'
[2.300s] INFO:colcon.colcon_core.shell:Creating package script '/home/khaledob/bookros2_ws/install/urdf_test/share/urdf_test/package.zsh'
[2.303s] Level 1:colcon.colcon_core.environment:create_file_with_runtime_dependencies(/home/khaledob/bookros2_ws/install/urdf_test/share/colcon-core/packages/urdf_test)
[2.305s] Level 1:colcon.colcon_core.environment:create_environment_scripts_only(urdf_test)
[2.306s] Level 1:colcon.colcon_core.environment:checking '/home/khaledob/bookros2_ws/install/urdf_test' for CMake module files
[2.307s] Level 1:colcon.colcon_core.environment:checking '/home/khaledob/bookros2_ws/install/urdf_test' for CMake config files
[2.310s] Level 1:colcon.colcon_core.shell:create_environment_hook('urdf_test', 'cmake_prefix_path')
[2.310s] INFO:colcon.colcon_core.shell:Creating environment hook '/home/khaledob/bookros2_ws/install/urdf_test/share/urdf_test/hook/cmake_prefix_path.ps1'
[2.312s] INFO:colcon.colcon_core.shell:Creating environment descriptor '/home/khaledob/bookros2_ws/install/urdf_test/share/urdf_test/hook/cmake_prefix_path.dsv'
[2.317s] INFO:colcon.colcon_core.shell:Creating environment hook '/home/khaledob/bookros2_ws/install/urdf_test/share/urdf_test/hook/cmake_prefix_path.sh'
[2.320s] Level 1:colcon.colcon_core.environment:checking '/home/khaledob/bookros2_ws/install/urdf_test/lib'
[2.320s] Level 1:colcon.colcon_core.environment:checking '/home/khaledob/bookros2_ws/install/urdf_test/bin'
[2.320s] Level 1:colcon.colcon_core.environment:checking '/home/khaledob/bookros2_ws/install/urdf_test/lib/pkgconfig/urdf_test.pc'
[2.320s] Level 1:colcon.colcon_core.environment:checking '/home/khaledob/bookros2_ws/install/urdf_test/lib/python3.8/site-packages'
[2.320s] Level 1:colcon.colcon_core.shell:create_environment_hook('urdf_test', 'pythonpath')
[2.321s] INFO:colcon.colcon_core.shell:Creating environment hook '/home/khaledob/bookros2_ws/install/urdf_test/share/urdf_test/hook/pythonpath.ps1'
[2.322s] INFO:colcon.colcon_core.shell:Creating environment descriptor '/home/khaledob/bookros2_ws/install/urdf_test/share/urdf_test/hook/pythonpath.dsv'
[2.324s] INFO:colcon.colcon_core.shell:Creating environment hook '/home/khaledob/bookros2_ws/install/urdf_test/share/urdf_test/hook/pythonpath.sh'
[2.325s] Level 1:colcon.colcon_core.environment:checking '/home/khaledob/bookros2_ws/install/urdf_test/bin'
[2.326s] INFO:colcon.colcon_core.shell:Creating package script '/home/khaledob/bookros2_ws/install/urdf_test/share/urdf_test/package.ps1'
[2.327s] INFO:colcon.colcon_core.shell:Creating package descriptor '/home/khaledob/bookros2_ws/install/urdf_test/share/urdf_test/package.dsv'
[2.329s] INFO:colcon.colcon_core.shell:Creating package script '/home/khaledob/bookros2_ws/install/urdf_test/share/urdf_test/package.sh'
[2.332s] INFO:colcon.colcon_core.shell:Creating package script '/home/khaledob/bookros2_ws/install/urdf_test/share/urdf_test/package.bash'
[2.334s] INFO:colcon.colcon_core.shell:Creating package script '/home/khaledob/bookros2_ws/install/urdf_test/share/urdf_test/package.zsh'
[2.335s] Level 1:colcon.colcon_core.environment:create_file_with_runtime_dependencies(/home/khaledob/bookros2_ws/install/urdf_test/share/colcon-core/packages/urdf_test)
[2.340s] INFO:colcon.colcon_ros.task.ament_cmake.build:Building ROS package in '/home/khaledob/bookros2_ws/src/ThirdParty/pal_gripper/pal_gripper_description' with build type 'ament_cmake'
[2.341s] INFO:colcon.colcon_cmake.task.cmake.build:Building CMake package in '/home/khaledob/bookros2_ws/src/ThirdParty/pal_gripper/pal_gripper_description'
[2.342s] INFO:colcon.colcon_core.shell:Skip shell extension 'powershell' for command environment: Not usable outside of PowerShell
[2.343s] DEBUG:colcon.colcon_core.shell:Skip shell extension 'dsv' for command environment
[2.479s] INFO:colcon.colcon_ros.task.ament_cmake.build:Building ROS package in '/home/khaledob/bookros2_ws/src/ThirdParty/pal_gazebo_worlds' with build type 'ament_cmake'
[2.482s] INFO:colcon.colcon_cmake.task.cmake.build:Building CMake package in '/home/khaledob/bookros2_ws/src/ThirdParty/pal_gazebo_worlds'
[2.482s] INFO:colcon.colcon_core.shell:Skip shell extension 'powershell' for command environment: Not usable outside of PowerShell
[2.482s] DEBUG:colcon.colcon_core.shell:Skip shell extension 'dsv' for command environment
[2.597s] INFO:colcon.colcon_ros.task.ament_cmake.build:Building ROS package in '/home/khaledob/bookros2_ws/src/ThirdParty/pmb2_navigation/pmb2_maps' with build type 'ament_cmake'
[2.598s] INFO:colcon.colcon_cmake.task.cmake.build:Building CMake package in '/home/khaledob/bookros2_ws/src/ThirdParty/pmb2_navigation/pmb2_maps'
[2.599s] INFO:colcon.colcon_core.shell:Skip shell extension 'powershell' for command environment: Not usable outside of PowerShell
[2.599s] DEBUG:colcon.colcon_core.shell:Skip shell extension 'dsv' for command environment
[2.642s] Level 1:colcon.colcon_core.environment:create_environment_scripts_only(twist_mux)
[2.643s] Level 1:colcon.colcon_core.environment:checking '/home/khaledob/bookros2_ws/install/twist_mux' for CMake module files
[2.647s] Level 1:colcon.colcon_core.environment:checking '/home/khaledob/bookros2_ws/install/twist_mux' for CMake config files
[2.648s] Level 1:colcon.colcon_core.shell:create_environment_hook('twist_mux', 'cmake_prefix_path')
[2.649s] INFO:colcon.colcon_core.shell:Creating environment hook '/home/khaledob/bookros2_ws/install/twist_mux/share/twist_mux/hook/cmake_prefix_path.ps1'
[2.654s] DEBUG:colcon.colcon_core.event_handler.log_command:Invoked command in '/home/khaledob/bookros2_ws/build/twist_mux' returned '0': CMAKE_PREFIX_PATH=${CMAKE_PREFIX_PATH}:/home/khaledob/bookros2_ws/install/ros2controlcli:/home/khaledob/bookros2_ws/install/launch_pal:/home/khaledob/bookros2_ws/install/br2_fsm_bumpgo_py:/opt/ros/foxy /usr/bin/cmake --install /home/khaledob/bookros2_ws/build/twist_mux
[2.654s] INFO:colcon.colcon_core.shell:Creating environment descriptor '/home/khaledob/bookros2_ws/install/twist_mux/share/twist_mux/hook/cmake_prefix_path.dsv'
[2.655s] INFO:colcon.colcon_core.shell:Creating environment hook '/home/khaledob/bookros2_ws/install/twist_mux/share/twist_mux/hook/cmake_prefix_path.sh'
[2.657s] Level 1:colcon.colcon_core.environment:checking '/home/khaledob/bookros2_ws/install/twist_mux/lib'
[2.657s] Level 1:colcon.colcon_core.environment:checking '/home/khaledob/bookros2_ws/install/twist_mux/bin'
[2.657s] Level 1:colcon.colcon_core.environment:checking '/home/khaledob/bookros2_ws/install/twist_mux/lib/pkgconfig/twist_mux.pc'
[2.658s] Level 1:colcon.colcon_core.environment:checking '/home/khaledob/bookros2_ws/install/twist_mux/lib/python3.8/site-packages'
[2.658s] Level 1:colcon.colcon_core.environment:checking '/home/khaledob/bookros2_ws/install/twist_mux/bin'
[2.658s] INFO:colcon.colcon_core.shell:Creating package script '/home/khaledob/bookros2_ws/install/twist_mux/share/twist_mux/package.ps1'
[2.660s] INFO:colcon.colcon_core.shell:Creating package descriptor '/home/khaledob/bookros2_ws/install/twist_mux/share/twist_mux/package.dsv'
[2.661s] INFO:colcon.colcon_core.shell:Creating package script '/home/khaledob/bookros2_ws/install/twist_mux/share/twist_mux/package.sh'
[2.662s] INFO:colcon.colcon_core.shell:Creating package script '/home/khaledob/bookros2_ws/install/twist_mux/share/twist_mux/package.bash'
[2.664s] INFO:colcon.colcon_core.shell:Creating package script '/home/khaledob/bookros2_ws/install/twist_mux/share/twist_mux/package.zsh'
[2.665s] Level 1:colcon.colcon_core.environment:create_file_with_runtime_dependencies(/home/khaledob/bookros2_ws/install/twist_mux/share/colcon-core/packages/twist_mux)
[2.666s] Level 1:colcon.colcon_core.environment:create_environment_scripts_only(twist_mux)
[2.667s] Level 1:colcon.colcon_core.environment:checking '/home/khaledob/bookros2_ws/install/twist_mux' for CMake module files
[2.667s] Level 1:colcon.colcon_core.environment:checking '/home/khaledob/bookros2_ws/install/twist_mux' for CMake config files
[2.668s] Level 1:colcon.colcon_core.shell:create_environment_hook('twist_mux', 'cmake_prefix_path')
[2.668s] INFO:colcon.colcon_core.shell:Creating environment hook '/home/khaledob/bookros2_ws/install/twist_mux/share/twist_mux/hook/cmake_prefix_path.ps1'
[2.669s] INFO:colcon.colcon_core.shell:Creating environment descriptor '/home/khaledob/bookros2_ws/install/twist_mux/share/twist_mux/hook/cmake_prefix_path.dsv'
[2.670s] INFO:colcon.colcon_core.shell:Creating environment hook '/home/khaledob/bookros2_ws/install/twist_mux/share/twist_mux/hook/cmake_prefix_path.sh'
[2.671s] Level 1:colcon.colcon_core.environment:checking '/home/khaledob/bookros2_ws/install/twist_mux/lib'
[2.671s] Level 1:colcon.colcon_core.environment:checking '/home/khaledob/bookros2_ws/install/twist_mux/bin'
[2.671s] Level 1:colcon.colcon_core.environment:checking '/home/khaledob/bookros2_ws/install/twist_mux/lib/pkgconfig/twist_mux.pc'
[2.671s] Level 1:colcon.colcon_core.environment:checking '/home/khaledob/bookros2_ws/install/twist_mux/lib/python3.8/site-packages'
[2.671s] Level 1:colcon.colcon_core.environment:checking '/home/khaledob/bookros2_ws/install/twist_mux/bin'
[2.672s] INFO:colcon.colcon_core.shell:Creating package script '/home/khaledob/bookros2_ws/install/twist_mux/share/twist_mux/package.ps1'
[2.673s] INFO:colcon.colcon_core.shell:Creating package descriptor '/home/khaledob/bookros2_ws/install/twist_mux/share/twist_mux/package.dsv'
[2.674s] INFO:colcon.colcon_core.shell:Creating package script '/home/khaledob/bookros2_ws/install/twist_mux/share/twist_mux/package.sh'
[2.676s] INFO:colcon.colcon_core.shell:Creating package script '/home/khaledob/bookros2_ws/install/twist_mux/share/twist_mux/package.bash'
[2.679s] INFO:colcon.colcon_core.shell:Creating package script '/home/khaledob/bookros2_ws/install/twist_mux/share/twist_mux/package.zsh'
[2.680s] Level 1:colcon.colcon_core.environment:create_file_with_runtime_dependencies(/home/khaledob/bookros2_ws/install/twist_mux/share/colcon-core/packages/twist_mux)
[2.738s] INFO:colcon.colcon_ros.task.ament_cmake.build:Building ROS package in '/home/khaledob/bookros2_ws/src/book_ros2/br2_tracking_msgs' with build type 'ament_cmake'
[2.739s] INFO:colcon.colcon_cmake.task.cmake.build:Building CMake package in '/home/khaledob/bookros2_ws/src/book_ros2/br2_tracking_msgs'
[2.740s] INFO:colcon.colcon_core.shell:Skip shell extension 'powershell' for command environment: Not usable outside of PowerShell
[2.740s] DEBUG:colcon.colcon_core.shell:Skip shell extension 'dsv' for command environment
[2.747s] DEBUG:colcon.colcon_core.event_handler.log_command:Invoking command in '/home/khaledob/bookros2_ws/build/hardware_interface': CMAKE_PREFIX_PATH=/home/khaledob/bookros2_ws/install/ros2_control_test_assets:/home/khaledob/bookros2_ws/install/task2b:/home/khaledob/bookros2_ws/install/task2a:/home/khaledob/bookros2_ws/install/gazebo_ros2_control_demos:/home/khaledob/bookros2_ws/install/ros2_controllers:/home/khaledob/bookros2_ws/install/velocity_controllers:/home/khaledob/bookros2_ws/install/urdf_test:/home/khaledob/bookros2_ws/install/tiago_simulation:/home/khaledob/bookros2_ws/install/tiago_robot:/home/khaledob/bookros2_ws/install/tiago_2dnav_gazebo:/home/khaledob/bookros2_ws/install/tiago_gazebo:/home/khaledob/bookros2_ws/install/tiago_bringup:/home/khaledob/bookros2_ws/install/pmb2_robot:/home/khaledob/bookros2_ws/install/pmb2_bringup:/home/khaledob/bookros2_ws/install/twist_mux:/home/khaledob/bookros2_ws/install/transmission_interface:/home/khaledob/bookros2_ws/install/tiago_description:/home/khaledob/bookros2_ws/install/tiago_description_calibration:/home/khaledob/bookros2_ws/install/tiago_controller_configuration:/home/khaledob/bookros2_ws/install/task1:/home/khaledob/bookros2_ws/install/ros2_control:/home/khaledob/bookros2_ws/install/pal_gripper:/home/khaledob/bookros2_ws/install/pal_gripper_controller_configuration:/home/khaledob/bookros2_ws/install/position_controllers:/home/khaledob/bookros2_ws/install/pmb2_navigation:/home/khaledob/bookros2_ws/install/pmb2_2dnav:/home/khaledob/bookros2_ws/install/pmb2_maps:/home/khaledob/bookros2_ws/install/pmb2_description:/home/khaledob/bookros2_ws/install/pmb2_controller_configuration:/home/khaledob/bookros2_ws/install/pal_gripper_description:/home/khaledob/bookros2_ws/install/pal_gazebo_worlds:/home/khaledob/bookros2_ws/install/joint_trajectory_controller:/home/khaledob/bookros2_ws/install/joint_state_controller:/home/khaledob/bookros2_ws/install/joint_state_broadcaster:/home/khaledob/bookros2_ws/install/imu_sensor_broadcaster:/home/khaledob/bookros2_ws/install/hey5_description:/home/khaledob/bookros2_ws/install/gripper_controllers:/home/khaledob/bookros2_ws/install/gazebo_ros2_control:/home/khaledob/bookros2_ws/install/effort_controllers:/home/khaledob/bookros2_ws/install/forward_command_controller:/home/khaledob/bookros2_ws/install/force_torque_sensor_broadcaster:/home/khaledob/bookros2_ws/install/diff_drive_controller:/home/khaledob/bookros2_ws/install/controller_manager:/home/khaledob/bookros2_ws/install/controller_interface:/home/khaledob/bookros2_ws/install/hardware_interface:/home/khaledob/bookros2_ws/install/groot:/home/khaledob/bookros2_ws/install/controller_manager_msgs:/home/khaledob/bookros2_ws/install/br2_vff_avoidance:/home/khaledob/bookros2_ws/install/br2_tracking:/home/khaledob/bookros2_ws/install/br2_tracking_msgs:/home/khaledob/bookros2_ws/install/br2_tiago:/home/khaledob/bookros2_ws/install/br2_tf2_detector:/home/khaledob/bookros2_ws/install/br2_navigation:/home/khaledob/bookros2_ws/install/br2_fsm_bumpgo_cpp:/home/khaledob/bookros2_ws/install/br2_bt_patrolling:/home/khaledob/bookros2_ws/install/br2_bt_bumpgo:/home/khaledob/bookros2_ws/install/br2_basics:/home/khaledob/bookros2_ws/install/ros2controlcli:/home/khaledob/bookros2_ws/install/launch_pal:/home/khaledob/bookros2_ws/install/br2_fsm_bumpgo_py:/opt/ros/foxy /usr/bin/cmake --build /home/khaledob/bookros2_ws/build/hardware_interface -- -j7 -l7
[2.804s] Level 1:colcon.colcon_core.environment:create_environment_scripts_only(controller_manager_msgs)
[2.805s] Level 1:colcon.colcon_core.environment:checking '/home/khaledob/bookros2_ws/install/controller_manager_msgs' for CMake module files
[2.806s] Level 1:colcon.colcon_core.environment:checking '/home/khaledob/bookros2_ws/install/controller_manager_msgs' for CMake config files
[2.809s] DEBUG:colcon.colcon_core.event_handler.log_command:Invoking command in '/home/khaledob/bookros2_ws/build/launch_pal': PYTHONPATH=/home/khaledob/bookros2_ws/build/launch_pal/prefix_override:/usr/lib/python3/dist-packages/colcon_core/task/python/colcon_distutils_commands:/home/khaledob/bookros2_ws/install/launch_pal/lib/python3.8/site-packages:${PYTHONPATH} /usr/bin/python3 -W ignore:setup.py install is deprecated -W ignore:easy_install command is deprecated setup.py develop --editable --build-directory /home/khaledob/bookros2_ws/build/launch_pal/build --no-deps symlink_data
[2.810s] DEBUG:colcon.colcon_core.event_handler.log_command:Invoked command in '/home/khaledob/bookros2_ws/build/controller_manager_msgs' returned '0': CMAKE_PREFIX_PATH=${CMAKE_PREFIX_PATH}:/home/khaledob/bookros2_ws/install/ros2controlcli:/home/khaledob/bookros2_ws/install/launch_pal:/home/khaledob/bookros2_ws/install/br2_fsm_bumpgo_py:/opt/ros/foxy /usr/bin/cmake --install /home/khaledob/bookros2_ws/build/controller_manager_msgs
[2.812s] Level 1:colcon.colcon_core.shell:create_environment_hook('controller_manager_msgs', 'cmake_prefix_path')
[2.812s] INFO:colcon.colcon_core.shell:Creating environment hook '/home/khaledob/bookros2_ws/install/controller_manager_msgs/share/controller_manager_msgs/hook/cmake_prefix_path.ps1'
[2.814s] INFO:colcon.colcon_core.shell:Creating environment descriptor '/home/khaledob/bookros2_ws/install/controller_manager_msgs/share/controller_manager_msgs/hook/cmake_prefix_path.dsv'
[2.815s] INFO:colcon.colcon_core.shell:Creating environment hook '/home/khaledob/bookros2_ws/install/controller_manager_msgs/share/controller_manager_msgs/hook/cmake_prefix_path.sh'
[2.818s] Level 1:colcon.colcon_core.environment:checking '/home/khaledob/bookros2_ws/install/controller_manager_msgs/lib'
[2.820s] Level 1:colcon.colcon_core.shell:create_environment_hook('controller_manager_msgs', 'ld_library_path_lib')
[2.820s] INFO:colcon.colcon_core.shell:Creating environment hook '/home/khaledob/bookros2_ws/install/controller_manager_msgs/share/controller_manager_msgs/hook/ld_library_path_lib.ps1'
[2.828s] INFO:colcon.colcon_core.shell:Creating environment descriptor '/home/khaledob/bookros2_ws/install/controller_manager_msgs/share/controller_manager_msgs/hook/ld_library_path_lib.dsv'
[2.835s] INFO:colcon.colcon_core.shell:Creating environment hook '/home/khaledob/bookros2_ws/install/controller_manager_msgs/share/controller_manager_msgs/hook/ld_library_path_lib.sh'
[2.838s] Level 1:colcon.colcon_core.environment:checking '/home/khaledob/bookros2_ws/install/controller_manager_msgs/bin'
[2.839s] Level 1:colcon.colcon_core.environment:checking '/home/khaledob/bookros2_ws/install/controller_manager_msgs/lib/pkgconfig/controller_manager_msgs.pc'
[2.839s] Level 1:colcon.colcon_core.environment:checking '/home/khaledob/bookros2_ws/install/controller_manager_msgs/lib/python3.8/site-packages'
[2.840s] Level 1:colcon.colcon_core.shell:create_environment_hook('controller_manager_msgs', 'pythonpath')
[2.840s] INFO:colcon.colcon_core.shell:Creating environment hook '/home/khaledob/bookros2_ws/install/controller_manager_msgs/share/controller_manager_msgs/hook/pythonpath.ps1'
[2.842s] INFO:colcon.colcon_core.shell:Creating environment descriptor '/home/khaledob/bookros2_ws/install/controller_manager_msgs/share/controller_manager_msgs/hook/pythonpath.dsv'
[2.844s] INFO:colcon.colcon_core.shell:Creating environment hook '/home/khaledob/bookros2_ws/install/controller_manager_msgs/share/controller_manager_msgs/hook/pythonpath.sh'
[2.845s] Level 1:colcon.colcon_core.environment:checking '/home/khaledob/bookros2_ws/install/controller_manager_msgs/bin'
[2.845s] INFO:colcon.colcon_core.shell:Creating package script '/home/khaledob/bookros2_ws/install/controller_manager_msgs/share/controller_manager_msgs/package.ps1'
[2.847s] INFO:colcon.colcon_core.shell:Creating package descriptor '/home/khaledob/bookros2_ws/install/controller_manager_msgs/share/controller_manager_msgs/package.dsv'
[2.848s] INFO:colcon.colcon_core.shell:Creating package script '/home/khaledob/bookros2_ws/install/controller_manager_msgs/share/controller_manager_msgs/package.sh'
[2.850s] INFO:colcon.colcon_core.shell:Creating package script '/home/khaledob/bookros2_ws/install/controller_manager_msgs/share/controller_manager_msgs/package.bash'
[2.851s] INFO:colcon.colcon_core.shell:Creating package script '/home/khaledob/bookros2_ws/install/controller_manager_msgs/share/controller_manager_msgs/package.zsh'
[2.859s] Level 1:colcon.colcon_core.environment:create_file_with_runtime_dependencies(/home/khaledob/bookros2_ws/install/controller_manager_msgs/share/colcon-core/packages/controller_manager_msgs)
[2.875s] Level 1:colcon.colcon_core.environment:create_environment_scripts_only(controller_manager_msgs)
[2.876s] Level 1:colcon.colcon_core.environment:checking '/home/khaledob/bookros2_ws/install/controller_manager_msgs' for CMake module files
[2.877s] Level 1:colcon.colcon_core.environment:checking '/home/khaledob/bookros2_ws/install/controller_manager_msgs' for CMake config files
[2.879s] Level 1:colcon.colcon_core.shell:create_environment_hook('controller_manager_msgs', 'cmake_prefix_path')
[2.879s] INFO:colcon.colcon_core.shell:Creating environment hook '/home/khaledob/bookros2_ws/install/controller_manager_msgs/share/controller_manager_msgs/hook/cmake_prefix_path.ps1'
[2.880s] INFO:colcon.colcon_core.shell:Creating environment descriptor '/home/khaledob/bookros2_ws/install/controller_manager_msgs/share/controller_manager_msgs/hook/cmake_prefix_path.dsv'
[2.890s] INFO:colcon.colcon_core.shell:Creating environment hook '/home/khaledob/bookros2_ws/install/controller_manager_msgs/share/controller_manager_msgs/hook/cmake_prefix_path.sh'
[2.893s] Level 1:colcon.colcon_core.environment:checking '/home/khaledob/bookros2_ws/install/controller_manager_msgs/lib'
[2.893s] Level 1:colcon.colcon_core.shell:create_environment_hook('controller_manager_msgs', 'ld_library_path_lib')
[2.893s] INFO:colcon.colcon_core.shell:Creating environment hook '/home/khaledob/bookros2_ws/install/controller_manager_msgs/share/controller_manager_msgs/hook/ld_library_path_lib.ps1'
[2.894s] INFO:colcon.colcon_core.shell:Creating environment descriptor '/home/khaledob/bookros2_ws/install/controller_manager_msgs/share/controller_manager_msgs/hook/ld_library_path_lib.dsv'
[2.896s] INFO:colcon.colcon_core.shell:Creating environment hook '/home/khaledob/bookros2_ws/install/controller_manager_msgs/share/controller_manager_msgs/hook/ld_library_path_lib.sh'
[2.897s] Level 1:colcon.colcon_core.environment:checking '/home/khaledob/bookros2_ws/install/controller_manager_msgs/bin'
[2.898s] Level 1:colcon.colcon_core.environment:checking '/home/khaledob/bookros2_ws/install/controller_manager_msgs/lib/pkgconfig/controller_manager_msgs.pc'
[2.898s] Level 1:colcon.colcon_core.environment:checking '/home/khaledob/bookros2_ws/install/controller_manager_msgs/lib/python3.8/site-packages'
[2.898s] Level 1:colcon.colcon_core.shell:create_environment_hook('controller_manager_msgs', 'pythonpath')
[2.898s] INFO:colcon.colcon_core.shell:Creating environment hook '/home/khaledob/bookros2_ws/install/controller_manager_msgs/share/controller_manager_msgs/hook/pythonpath.ps1'
[2.900s] INFO:colcon.colcon_core.shell:Creating environment descriptor '/home/khaledob/bookros2_ws/install/controller_manager_msgs/share/controller_manager_msgs/hook/pythonpath.dsv'
[2.903s] INFO:colcon.colcon_core.shell:Creating environment hook '/home/khaledob/bookros2_ws/install/controller_manager_msgs/share/controller_manager_msgs/hook/pythonpath.sh'
[2.911s] Level 1:colcon.colcon_core.environment:checking '/home/khaledob/bookros2_ws/install/controller_manager_msgs/bin'
[2.912s] INFO:colcon.colcon_core.shell:Creating package script '/home/khaledob/bookros2_ws/install/controller_manager_msgs/share/controller_manager_msgs/package.ps1'
[2.914s] INFO:colcon.colcon_core.shell:Creating package descriptor '/home/khaledob/bookros2_ws/install/controller_manager_msgs/share/controller_manager_msgs/package.dsv'
[2.917s] INFO:colcon.colcon_core.shell:Creating package script '/home/khaledob/bookros2_ws/install/controller_manager_msgs/share/controller_manager_msgs/package.sh'
[2.919s] INFO:colcon.colcon_core.shell:Creating package script '/home/khaledob/bookros2_ws/install/controller_manager_msgs/share/controller_manager_msgs/package.bash'
[2.921s] INFO:colcon.colcon_core.shell:Creating package script '/home/khaledob/bookros2_ws/install/controller_manager_msgs/share/controller_manager_msgs/package.zsh'
[2.922s] Level 1:colcon.colcon_core.environment:create_file_with_runtime_dependencies(/home/khaledob/bookros2_ws/install/controller_manager_msgs/share/colcon-core/packages/controller_manager_msgs)
[2.941s] DEBUG:colcon.colcon_core.event_handler.log_command:Invoking command in '/home/khaledob/bookros2_ws/build/pal_gripper_description': CMAKE_PREFIX_PATH=/home/khaledob/bookros2_ws/install/urdf_test:/home/khaledob/bookros2_ws/install/task2b:/home/khaledob/bookros2_ws/install/task2a:/home/khaledob/bookros2_ws/install/gazebo_ros2_control_demos:/home/khaledob/bookros2_ws/install/ros2_controllers:/home/khaledob/bookros2_ws/install/velocity_controllers:/home/khaledob/bookros2_ws/install/tiago_simulation:/home/khaledob/bookros2_ws/install/tiago_robot:/home/khaledob/bookros2_ws/install/tiago_2dnav_gazebo:/home/khaledob/bookros2_ws/install/tiago_gazebo:/home/khaledob/bookros2_ws/install/tiago_bringup:/home/khaledob/bookros2_ws/install/pmb2_robot:/home/khaledob/bookros2_ws/install/pmb2_bringup:/home/khaledob/bookros2_ws/install/twist_mux:/home/khaledob/bookros2_ws/install/transmission_interface:/home/khaledob/bookros2_ws/install/tiago_description:/home/khaledob/bookros2_ws/install/tiago_description_calibration:/home/khaledob/bookros2_ws/install/tiago_controller_configuration:/home/khaledob/bookros2_ws/install/task1:/home/khaledob/bookros2_ws/install/ros2_control:/home/khaledob/bookros2_ws/install/ros2_control_test_assets:/home/khaledob/bookros2_ws/install/pal_gripper:/home/khaledob/bookros2_ws/install/pal_gripper_controller_configuration:/home/khaledob/bookros2_ws/install/position_controllers:/home/khaledob/bookros2_ws/install/pmb2_navigation:/home/khaledob/bookros2_ws/install/pmb2_2dnav:/home/khaledob/bookros2_ws/install/pmb2_maps:/home/khaledob/bookros2_ws/install/pmb2_description:/home/khaledob/bookros2_ws/install/pmb2_controller_configuration:/home/khaledob/bookros2_ws/install/pal_gripper_description:/home/khaledob/bookros2_ws/install/pal_gazebo_worlds:/home/khaledob/bookros2_ws/install/joint_trajectory_controller:/home/khaledob/bookros2_ws/install/joint_state_controller:/home/khaledob/bookros2_ws/install/joint_state_broadcaster:/home/khaledob/bookros2_ws/install/imu_sensor_broadcaster:/home/khaledob/bookros2_ws/install/hey5_description:/home/khaledob/bookros2_ws/install/gripper_controllers:/home/khaledob/bookros2_ws/install/gazebo_ros2_control:/home/khaledob/bookros2_ws/install/effort_controllers:/home/khaledob/bookros2_ws/install/forward_command_controller:/home/khaledob/bookros2_ws/install/force_torque_sensor_broadcaster:/home/khaledob/bookros2_ws/install/diff_drive_controller:/home/khaledob/bookros2_ws/install/controller_manager:/home/khaledob/bookros2_ws/install/controller_interface:/home/khaledob/bookros2_ws/install/hardware_interface:/home/khaledob/bookros2_ws/install/groot:/home/khaledob/bookros2_ws/install/controller_manager_msgs:/home/khaledob/bookros2_ws/install/br2_vff_avoidance:/home/khaledob/bookros2_ws/install/br2_tracking:/home/khaledob/bookros2_ws/install/br2_tracking_msgs:/home/khaledob/bookros2_ws/install/br2_tiago:/home/khaledob/bookros2_ws/install/br2_tf2_detector:/home/khaledob/bookros2_ws/install/br2_navigation:/home/khaledob/bookros2_ws/install/br2_fsm_bumpgo_cpp:/home/khaledob/bookros2_ws/install/br2_bt_patrolling:/home/khaledob/bookros2_ws/install/br2_bt_bumpgo:/home/khaledob/bookros2_ws/install/br2_basics:/home/khaledob/bookros2_ws/install/ros2controlcli:/home/khaledob/bookros2_ws/install/launch_pal:/home/khaledob/bookros2_ws/install/br2_fsm_bumpgo_py:/opt/ros/foxy /usr/bin/cmake --build /home/khaledob/bookros2_ws/build/pal_gripper_description -- -j7 -l7
[2.981s] DEBUG:colcon.colcon_core.event_handler.log_command:Invoking command in '/home/khaledob/bookros2_ws/build/pal_gazebo_worlds': CMAKE_PREFIX_PATH=${CMAKE_PREFIX_PATH}:/home/khaledob/bookros2_ws/install/ros2controlcli:/home/khaledob/bookros2_ws/install/launch_pal:/home/khaledob/bookros2_ws/install/br2_fsm_bumpgo_py:/opt/ros/foxy /usr/bin/cmake --build /home/khaledob/bookros2_ws/build/pal_gazebo_worlds -- -j7 -l7
[3.041s] INFO:colcon.colcon_ros.task.ament_cmake.build:Building ROS package in '/home/khaledob/bookros2_ws/src/book_ros2/br2_basics' with build type 'ament_cmake'
[3.042s] INFO:colcon.colcon_cmake.task.cmake.build:Building CMake package in '/home/khaledob/bookros2_ws/src/book_ros2/br2_basics'
[3.042s] INFO:colcon.colcon_core.shell:Skip shell extension 'powershell' for command environment: Not usable outside of PowerShell
[3.043s] DEBUG:colcon.colcon_core.shell:Skip shell extension 'dsv' for command environment
[3.050s] DEBUG:colcon.colcon_core.event_handler.log_command:Invoking command in '/home/khaledob/bookros2_ws/build/pmb2_maps': CMAKE_PREFIX_PATH=${CMAKE_PREFIX_PATH}:/home/khaledob/bookros2_ws/install/ros2controlcli:/home/khaledob/bookros2_ws/install/launch_pal:/home/khaledob/bookros2_ws/install/br2_fsm_bumpgo_py:/opt/ros/foxy /usr/bin/cmake --build /home/khaledob/bookros2_ws/build/pmb2_maps -- -j7 -l7
[3.163s] DEBUG:colcon.colcon_core.event_handler.log_command:Invoking command in '/home/khaledob/bookros2_ws/build/br2_tracking_msgs': CMAKE_PREFIX_PATH=${CMAKE_PREFIX_PATH}:/home/khaledob/bookros2_ws/install/ros2controlcli:/home/khaledob/bookros2_ws/install/launch_pal:/home/khaledob/bookros2_ws/install/br2_fsm_bumpgo_py:/opt/ros/foxy /usr/bin/cmake --build /home/khaledob/bookros2_ws/build/br2_tracking_msgs -- -j7 -l7
[3.208s] DEBUG:colcon.colcon_core.event_handler.log_command:Invoking command in '/home/khaledob/bookros2_ws/build/br2_basics': CMAKE_PREFIX_PATH=${CMAKE_PREFIX_PATH}:/home/khaledob/bookros2_ws/install/ros2controlcli:/home/khaledob/bookros2_ws/install/launch_pal:/home/khaledob/bookros2_ws/install/br2_fsm_bumpgo_py:/opt/ros/foxy /usr/bin/cmake --build /home/khaledob/bookros2_ws/build/br2_basics -- -j7 -l7
[3.222s] DEBUG:colcon.colcon_core.event_handler.log_command:Invoked command in '/home/khaledob/bookros2_ws/build/pal_gripper_description' returned '0': CMAKE_PREFIX_PATH=/home/khaledob/bookros2_ws/install/urdf_test:/home/khaledob/bookros2_ws/install/task2b:/home/khaledob/bookros2_ws/install/task2a:/home/khaledob/bookros2_ws/install/gazebo_ros2_control_demos:/home/khaledob/bookros2_ws/install/ros2_controllers:/home/khaledob/bookros2_ws/install/velocity_controllers:/home/khaledob/bookros2_ws/install/tiago_simulation:/home/khaledob/bookros2_ws/install/tiago_robot:/home/khaledob/bookros2_ws/install/tiago_2dnav_gazebo:/home/khaledob/bookros2_ws/install/tiago_gazebo:/home/khaledob/bookros2_ws/install/tiago_bringup:/home/khaledob/bookros2_ws/install/pmb2_robot:/home/khaledob/bookros2_ws/install/pmb2_bringup:/home/khaledob/bookros2_ws/install/twist_mux:/home/khaledob/bookros2_ws/install/transmission_interface:/home/khaledob/bookros2_ws/install/tiago_description:/home/khaledob/bookros2_ws/install/tiago_description_calibration:/home/khaledob/bookros2_ws/install/tiago_controller_configuration:/home/khaledob/bookros2_ws/install/task1:/home/khaledob/bookros2_ws/install/ros2_control:/home/khaledob/bookros2_ws/install/ros2_control_test_assets:/home/khaledob/bookros2_ws/install/pal_gripper:/home/khaledob/bookros2_ws/install/pal_gripper_controller_configuration:/home/khaledob/bookros2_ws/install/position_controllers:/home/khaledob/bookros2_ws/install/pmb2_navigation:/home/khaledob/bookros2_ws/install/pmb2_2dnav:/home/khaledob/bookros2_ws/install/pmb2_maps:/home/khaledob/bookros2_ws/install/pmb2_description:/home/khaledob/bookros2_ws/install/pmb2_controller_configuration:/home/khaledob/bookros2_ws/install/pal_gripper_description:/home/khaledob/bookros2_ws/install/pal_gazebo_worlds:/home/khaledob/bookros2_ws/install/joint_trajectory_controller:/home/khaledob/bookros2_ws/install/joint_state_controller:/home/khaledob/bookros2_ws/install/joint_state_broadcaster:/home/khaledob/bookros2_ws/install/imu_sensor_broadcaster:/home/khaledob/bookros2_ws/install/hey5_description:/home/khaledob/bookros2_ws/install/gripper_controllers:/home/khaledob/bookros2_ws/install/gazebo_ros2_control:/home/khaledob/bookros2_ws/install/effort_controllers:/home/khaledob/bookros2_ws/install/forward_command_controller:/home/khaledob/bookros2_ws/install/force_torque_sensor_broadcaster:/home/khaledob/bookros2_ws/install/diff_drive_controller:/home/khaledob/bookros2_ws/install/controller_manager:/home/khaledob/bookros2_ws/install/controller_interface:/home/khaledob/bookros2_ws/install/hardware_interface:/home/khaledob/bookros2_ws/install/groot:/home/khaledob/bookros2_ws/install/controller_manager_msgs:/home/khaledob/bookros2_ws/install/br2_vff_avoidance:/home/khaledob/bookros2_ws/install/br2_tracking:/home/khaledob/bookros2_ws/install/br2_tracking_msgs:/home/khaledob/bookros2_ws/install/br2_tiago:/home/khaledob/bookros2_ws/install/br2_tf2_detector:/home/khaledob/bookros2_ws/install/br2_navigation:/home/khaledob/bookros2_ws/install/br2_fsm_bumpgo_cpp:/home/khaledob/bookros2_ws/install/br2_bt_patrolling:/home/khaledob/bookros2_ws/install/br2_bt_bumpgo:/home/khaledob/bookros2_ws/install/br2_basics:/home/khaledob/bookros2_ws/install/ros2controlcli:/home/khaledob/bookros2_ws/install/launch_pal:/home/khaledob/bookros2_ws/install/br2_fsm_bumpgo_py:/opt/ros/foxy /usr/bin/cmake --build /home/khaledob/bookros2_ws/build/pal_gripper_description -- -j7 -l7
[3.245s] DEBUG:colcon.colcon_core.event_handler.log_command:Invoking command in '/home/khaledob/bookros2_ws/build/pal_gripper_description': CMAKE_PREFIX_PATH=/home/khaledob/bookros2_ws/install/urdf_test:/home/khaledob/bookros2_ws/install/task2b:/home/khaledob/bookros2_ws/install/task2a:/home/khaledob/bookros2_ws/install/gazebo_ros2_control_demos:/home/khaledob/bookros2_ws/install/ros2_controllers:/home/khaledob/bookros2_ws/install/velocity_controllers:/home/khaledob/bookros2_ws/install/tiago_simulation:/home/khaledob/bookros2_ws/install/tiago_robot:/home/khaledob/bookros2_ws/install/tiago_2dnav_gazebo:/home/khaledob/bookros2_ws/install/tiago_gazebo:/home/khaledob/bookros2_ws/install/tiago_bringup:/home/khaledob/bookros2_ws/install/pmb2_robot:/home/khaledob/bookros2_ws/install/pmb2_bringup:/home/khaledob/bookros2_ws/install/twist_mux:/home/khaledob/bookros2_ws/install/transmission_interface:/home/khaledob/bookros2_ws/install/tiago_description:/home/khaledob/bookros2_ws/install/tiago_description_calibration:/home/khaledob/bookros2_ws/install/tiago_controller_configuration:/home/khaledob/bookros2_ws/install/task1:/home/khaledob/bookros2_ws/install/ros2_control:/home/khaledob/bookros2_ws/install/ros2_control_test_assets:/home/khaledob/bookros2_ws/install/pal_gripper:/home/khaledob/bookros2_ws/install/pal_gripper_controller_configuration:/home/khaledob/bookros2_ws/install/position_controllers:/home/khaledob/bookros2_ws/install/pmb2_navigation:/home/khaledob/bookros2_ws/install/pmb2_2dnav:/home/khaledob/bookros2_ws/install/pmb2_maps:/home/khaledob/bookros2_ws/install/pmb2_description:/home/khaledob/bookros2_ws/install/pmb2_controller_configuration:/home/khaledob/bookros2_ws/install/pal_gripper_description:/home/khaledob/bookros2_ws/install/pal_gazebo_worlds:/home/khaledob/bookros2_ws/install/joint_trajectory_controller:/home/khaledob/bookros2_ws/install/joint_state_controller:/home/khaledob/bookros2_ws/install/joint_state_broadcaster:/home/khaledob/bookros2_ws/install/imu_sensor_broadcaster:/home/khaledob/bookros2_ws/install/hey5_description:/home/khaledob/bookros2_ws/install/gripper_controllers:/home/khaledob/bookros2_ws/install/gazebo_ros2_control:/home/khaledob/bookros2_ws/install/effort_controllers:/home/khaledob/bookros2_ws/install/forward_command_controller:/home/khaledob/bookros2_ws/install/force_torque_sensor_broadcaster:/home/khaledob/bookros2_ws/install/diff_drive_controller:/home/khaledob/bookros2_ws/install/controller_manager:/home/khaledob/bookros2_ws/install/controller_interface:/home/khaledob/bookros2_ws/install/hardware_interface:/home/khaledob/bookros2_ws/install/groot:/home/khaledob/bookros2_ws/install/controller_manager_msgs:/home/khaledob/bookros2_ws/install/br2_vff_avoidance:/home/khaledob/bookros2_ws/install/br2_tracking:/home/khaledob/bookros2_ws/install/br2_tracking_msgs:/home/khaledob/bookros2_ws/install/br2_tiago:/home/khaledob/bookros2_ws/install/br2_tf2_detector:/home/khaledob/bookros2_ws/install/br2_navigation:/home/khaledob/bookros2_ws/install/br2_fsm_bumpgo_cpp:/home/khaledob/bookros2_ws/install/br2_bt_patrolling:/home/khaledob/bookros2_ws/install/br2_bt_bumpgo:/home/khaledob/bookros2_ws/install/br2_basics:/home/khaledob/bookros2_ws/install/ros2controlcli:/home/khaledob/bookros2_ws/install/launch_pal:/home/khaledob/bookros2_ws/install/br2_fsm_bumpgo_py:/opt/ros/foxy /usr/bin/cmake --install /home/khaledob/bookros2_ws/build/pal_gripper_description
[3.294s] DEBUG:colcon.colcon_core.event_handler.log_command:Invoked command in '/home/khaledob/bookros2_ws/build/pal_gazebo_worlds' returned '0': CMAKE_PREFIX_PATH=${CMAKE_PREFIX_PATH}:/home/khaledob/bookros2_ws/install/ros2controlcli:/home/khaledob/bookros2_ws/install/launch_pal:/home/khaledob/bookros2_ws/install/br2_fsm_bumpgo_py:/opt/ros/foxy /usr/bin/cmake --build /home/khaledob/bookros2_ws/build/pal_gazebo_worlds -- -j7 -l7
[3.357s] DEBUG:colcon.colcon_core.event_handler.log_command:Invoking command in '/home/khaledob/bookros2_ws/build/pal_gazebo_worlds': CMAKE_PREFIX_PATH=${CMAKE_PREFIX_PATH}:/home/khaledob/bookros2_ws/install/ros2controlcli:/home/khaledob/bookros2_ws/install/launch_pal:/home/khaledob/bookros2_ws/install/br2_fsm_bumpgo_py:/opt/ros/foxy /usr/bin/cmake --install /home/khaledob/bookros2_ws/build/pal_gazebo_worlds
[3.402s] Level 1:colcon.colcon_core.environment:create_environment_scripts_only(pal_gripper_description)
[3.403s] Level 1:colcon.colcon_core.environment:checking '/home/khaledob/bookros2_ws/install/pal_gripper_description' for CMake module files
[3.432s] DEBUG:colcon.colcon_core.event_handler.log_command:Invoked command in '/home/khaledob/bookros2_ws/build/pmb2_maps' returned '0': CMAKE_PREFIX_PATH=${CMAKE_PREFIX_PATH}:/home/khaledob/bookros2_ws/install/ros2controlcli:/home/khaledob/bookros2_ws/install/launch_pal:/home/khaledob/bookros2_ws/install/br2_fsm_bumpgo_py:/opt/ros/foxy /usr/bin/cmake --build /home/khaledob/bookros2_ws/build/pmb2_maps -- -j7 -l7
[3.434s] Level 1:colcon.colcon_core.environment:checking '/home/khaledob/bookros2_ws/install/pal_gripper_description' for CMake config files
[3.439s] Level 1:colcon.colcon_core.shell:create_environment_hook('pal_gripper_description', 'cmake_prefix_path')
[3.440s] INFO:colcon.colcon_core.shell:Creating environment hook '/home/khaledob/bookros2_ws/install/pal_gripper_description/share/pal_gripper_description/hook/cmake_prefix_path.ps1'
[3.441s] INFO:colcon.colcon_core.shell:Creating environment descriptor '/home/khaledob/bookros2_ws/install/pal_gripper_description/share/pal_gripper_description/hook/cmake_prefix_path.dsv'
[3.443s] INFO:colcon.colcon_core.shell:Creating environment hook '/home/khaledob/bookros2_ws/install/pal_gripper_description/share/pal_gripper_description/hook/cmake_prefix_path.sh'
[3.445s] Level 1:colcon.colcon_core.environment:checking '/home/khaledob/bookros2_ws/install/pal_gripper_description/bin'
[3.445s] Level 1:colcon.colcon_core.environment:checking '/home/khaledob/bookros2_ws/install/pal_gripper_description/lib/pkgconfig/pal_gripper_description.pc'
[3.446s] Level 1:colcon.colcon_core.environment:checking '/home/khaledob/bookros2_ws/install/pal_gripper_description/lib/python3.8/site-packages'
[3.446s] Level 1:colcon.colcon_core.environment:checking '/home/khaledob/bookros2_ws/install/pal_gripper_description/bin'
[3.447s] INFO:colcon.colcon_core.shell:Creating package script '/home/khaledob/bookros2_ws/install/pal_gripper_description/share/pal_gripper_description/package.ps1'
[3.451s] INFO:colcon.colcon_core.shell:Creating package descriptor '/home/khaledob/bookros2_ws/install/pal_gripper_description/share/pal_gripper_description/package.dsv'
[3.484s] INFO:colcon.colcon_core.shell:Creating package script '/home/khaledob/bookros2_ws/install/pal_gripper_description/share/pal_gripper_description/package.sh'
[3.488s] INFO:colcon.colcon_core.shell:Creating package script '/home/khaledob/bookros2_ws/install/pal_gripper_description/share/pal_gripper_description/package.bash'
[3.502s] INFO:colcon.colcon_core.shell:Creating package script '/home/khaledob/bookros2_ws/install/pal_gripper_description/share/pal_gripper_description/package.zsh'
[3.530s] DEBUG:colcon.colcon_core.event_handler.log_command:Invoking command in '/home/khaledob/bookros2_ws/build/pmb2_maps': CMAKE_PREFIX_PATH=${CMAKE_PREFIX_PATH}:/home/khaledob/bookros2_ws/install/ros2controlcli:/home/khaledob/bookros2_ws/install/launch_pal:/home/khaledob/bookros2_ws/install/br2_fsm_bumpgo_py:/opt/ros/foxy /usr/bin/cmake --install /home/khaledob/bookros2_ws/build/pmb2_maps
[3.533s] Level 1:colcon.colcon_core.environment:create_file_with_runtime_dependencies(/home/khaledob/bookros2_ws/install/pal_gripper_description/share/colcon-core/packages/pal_gripper_description)
[3.546s] Level 1:colcon.colcon_core.environment:create_environment_scripts_only(pal_gripper_description)
[3.548s] Level 1:colcon.colcon_core.environment:checking '/home/khaledob/bookros2_ws/install/pal_gripper_description' for CMake module files
[3.575s] Level 1:colcon.colcon_core.environment:checking '/home/khaledob/bookros2_ws/install/pal_gripper_description' for CMake config files
[3.582s] Level 1:colcon.colcon_core.shell:create_environment_hook('pal_gripper_description', 'cmake_prefix_path')
[3.583s] INFO:colcon.colcon_core.shell:Creating environment hook '/home/khaledob/bookros2_ws/install/pal_gripper_description/share/pal_gripper_description/hook/cmake_prefix_path.ps1'
[3.590s] INFO:colcon.colcon_core.shell:Creating environment descriptor '/home/khaledob/bookros2_ws/install/pal_gripper_description/share/pal_gripper_description/hook/cmake_prefix_path.dsv'
[3.596s] INFO:colcon.colcon_core.shell:Creating environment hook '/home/khaledob/bookros2_ws/install/pal_gripper_description/share/pal_gripper_description/hook/cmake_prefix_path.sh'
[3.598s] Level 1:colcon.colcon_core.environment:checking '/home/khaledob/bookros2_ws/install/pal_gripper_description/bin'
[3.599s] Level 1:colcon.colcon_core.environment:checking '/home/khaledob/bookros2_ws/install/pal_gripper_description/lib/pkgconfig/pal_gripper_description.pc'
[3.599s] Level 1:colcon.colcon_core.environment:checking '/home/khaledob/bookros2_ws/install/pal_gripper_description/lib/python3.8/site-packages'
[3.599s] Level 1:colcon.colcon_core.environment:checking '/home/khaledob/bookros2_ws/install/pal_gripper_description/bin'
[3.600s] INFO:colcon.colcon_core.shell:Creating package script '/home/khaledob/bookros2_ws/install/pal_gripper_description/share/pal_gripper_description/package.ps1'
[3.615s] INFO:colcon.colcon_core.shell:Creating package descriptor '/home/khaledob/bookros2_ws/install/pal_gripper_description/share/pal_gripper_description/package.dsv'
[3.619s] INFO:colcon.colcon_core.shell:Creating package script '/home/khaledob/bookros2_ws/install/pal_gripper_description/share/pal_gripper_description/package.sh'
[3.628s] INFO:colcon.colcon_core.shell:Creating package script '/home/khaledob/bookros2_ws/install/pal_gripper_description/share/pal_gripper_description/package.bash'
[3.647s] DEBUG:colcon.colcon_core.event_handler.log_command:Invoked command in '/home/khaledob/bookros2_ws/build/pal_gripper_description' returned '0': CMAKE_PREFIX_PATH=/home/khaledob/bookros2_ws/install/urdf_test:/home/khaledob/bookros2_ws/install/task2b:/home/khaledob/bookros2_ws/install/task2a:/home/khaledob/bookros2_ws/install/gazebo_ros2_control_demos:/home/khaledob/bookros2_ws/install/ros2_controllers:/home/khaledob/bookros2_ws/install/velocity_controllers:/home/khaledob/bookros2_ws/install/tiago_simulation:/home/khaledob/bookros2_ws/install/tiago_robot:/home/khaledob/bookros2_ws/install/tiago_2dnav_gazebo:/home/khaledob/bookros2_ws/install/tiago_gazebo:/home/khaledob/bookros2_ws/install/tiago_bringup:/home/khaledob/bookros2_ws/install/pmb2_robot:/home/khaledob/bookros2_ws/install/pmb2_bringup:/home/khaledob/bookros2_ws/install/twist_mux:/home/khaledob/bookros2_ws/install/transmission_interface:/home/khaledob/bookros2_ws/install/tiago_description:/home/khaledob/bookros2_ws/install/tiago_description_calibration:/home/khaledob/bookros2_ws/install/tiago_controller_configuration:/home/khaledob/bookros2_ws/install/task1:/home/khaledob/bookros2_ws/install/ros2_control:/home/khaledob/bookros2_ws/install/ros2_control_test_assets:/home/khaledob/bookros2_ws/install/pal_gripper:/home/khaledob/bookros2_ws/install/pal_gripper_controller_configuration:/home/khaledob/bookros2_ws/install/position_controllers:/home/khaledob/bookros2_ws/install/pmb2_navigation:/home/khaledob/bookros2_ws/install/pmb2_2dnav:/home/khaledob/bookros2_ws/install/pmb2_maps:/home/khaledob/bookros2_ws/install/pmb2_description:/home/khaledob/bookros2_ws/install/pmb2_controller_configuration:/home/khaledob/bookros2_ws/install/pal_gripper_description:/home/khaledob/bookros2_ws/install/pal_gazebo_worlds:/home/khaledob/bookros2_ws/install/joint_trajectory_controller:/home/khaledob/bookros2_ws/install/joint_state_controller:/home/khaledob/bookros2_ws/install/joint_state_broadcaster:/home/khaledob/bookros2_ws/install/imu_sensor_broadcaster:/home/khaledob/bookros2_ws/install/hey5_description:/home/khaledob/bookros2_ws/install/gripper_controllers:/home/khaledob/bookros2_ws/install/gazebo_ros2_control:/home/khaledob/bookros2_ws/install/effort_controllers:/home/khaledob/bookros2_ws/install/forward_command_controller:/home/khaledob/bookros2_ws/install/force_torque_sensor_broadcaster:/home/khaledob/bookros2_ws/install/diff_drive_controller:/home/khaledob/bookros2_ws/install/controller_manager:/home/khaledob/bookros2_ws/install/controller_interface:/home/khaledob/bookros2_ws/install/hardware_interface:/home/khaledob/bookros2_ws/install/groot:/home/khaledob/bookros2_ws/install/controller_manager_msgs:/home/khaledob/bookros2_ws/install/br2_vff_avoidance:/home/khaledob/bookros2_ws/install/br2_tracking:/home/khaledob/bookros2_ws/install/br2_tracking_msgs:/home/khaledob/bookros2_ws/install/br2_tiago:/home/khaledob/bookros2_ws/install/br2_tf2_detector:/home/khaledob/bookros2_ws/install/br2_navigation:/home/khaledob/bookros2_ws/install/br2_fsm_bumpgo_cpp:/home/khaledob/bookros2_ws/install/br2_bt_patrolling:/home/khaledob/bookros2_ws/install/br2_bt_bumpgo:/home/khaledob/bookros2_ws/install/br2_basics:/home/khaledob/bookros2_ws/install/ros2controlcli:/home/khaledob/bookros2_ws/install/launch_pal:/home/khaledob/bookros2_ws/install/br2_fsm_bumpgo_py:/opt/ros/foxy /usr/bin/cmake --install /home/khaledob/bookros2_ws/build/pal_gripper_description
[3.655s] INFO:colcon.colcon_core.shell:Creating package script '/home/khaledob/bookros2_ws/install/pal_gripper_description/share/pal_gripper_description/package.zsh'
[3.658s] Level 1:colcon.colcon_core.environment:create_file_with_runtime_dependencies(/home/khaledob/bookros2_ws/install/pal_gripper_description/share/colcon-core/packages/pal_gripper_description)
[3.670s] INFO:colcon.colcon_ros.task.ament_cmake.build:Building ROS package in '/home/khaledob/bookros2_ws/src/book_ros2/br2_bt_bumpgo' with build type 'ament_cmake'
[3.670s] INFO:colcon.colcon_cmake.task.cmake.build:Building CMake package in '/home/khaledob/bookros2_ws/src/book_ros2/br2_bt_bumpgo'
[3.671s] INFO:colcon.colcon_core.shell:Skip shell extension 'powershell' for command environment: Not usable outside of PowerShell
[3.673s] DEBUG:colcon.colcon_core.shell:Skip shell extension 'dsv' for command environment
[3.807s] Level 1:colcon.colcon_core.environment:create_environment_scripts_only(pmb2_maps)
[3.808s] Level 1:colcon.colcon_core.environment:checking '/home/khaledob/bookros2_ws/install/pmb2_maps' for CMake module files
[3.829s] Level 1:colcon.colcon_core.environment:checking '/home/khaledob/bookros2_ws/install/pmb2_maps' for CMake config files
[3.831s] Level 1:colcon.colcon_core.shell:create_environment_hook('pmb2_maps', 'cmake_prefix_path')
[3.831s] INFO:colcon.colcon_core.shell:Creating environment hook '/home/khaledob/bookros2_ws/install/pmb2_maps/share/pmb2_maps/hook/cmake_prefix_path.ps1'
[3.837s] INFO:colcon.colcon_core.shell:Creating environment descriptor '/home/khaledob/bookros2_ws/install/pmb2_maps/share/pmb2_maps/hook/cmake_prefix_path.dsv'
[3.839s] INFO:colcon.colcon_core.shell:Creating environment hook '/home/khaledob/bookros2_ws/install/pmb2_maps/share/pmb2_maps/hook/cmake_prefix_path.sh'
[3.841s] Level 1:colcon.colcon_core.environment:checking '/home/khaledob/bookros2_ws/install/pmb2_maps/bin'
[3.841s] Level 1:colcon.colcon_core.environment:checking '/home/khaledob/bookros2_ws/install/pmb2_maps/lib/pkgconfig/pmb2_maps.pc'
[3.842s] Level 1:colcon.colcon_core.environment:checking '/home/khaledob/bookros2_ws/install/pmb2_maps/lib/python3.8/site-packages'
[3.842s] Level 1:colcon.colcon_core.environment:checking '/home/khaledob/bookros2_ws/install/pmb2_maps/bin'
[3.842s] INFO:colcon.colcon_core.shell:Creating package script '/home/khaledob/bookros2_ws/install/pmb2_maps/share/pmb2_maps/package.ps1'
[3.846s] INFO:colcon.colcon_core.shell:Creating package descriptor '/home/khaledob/bookros2_ws/install/pmb2_maps/share/pmb2_maps/package.dsv'
[3.851s] INFO:colcon.colcon_core.shell:Creating package script '/home/khaledob/bookros2_ws/install/pmb2_maps/share/pmb2_maps/package.sh'
[3.854s] INFO:colcon.colcon_core.shell:Creating package script '/home/khaledob/bookros2_ws/install/pmb2_maps/share/pmb2_maps/package.bash'
[3.862s] INFO:colcon.colcon_core.shell:Creating package script '/home/khaledob/bookros2_ws/install/pmb2_maps/share/pmb2_maps/package.zsh'
[3.874s] Level 1:colcon.colcon_core.environment:create_file_with_runtime_dependencies(/home/khaledob/bookros2_ws/install/pmb2_maps/share/colcon-core/packages/pmb2_maps)
[3.879s] Level 1:colcon.colcon_core.environment:create_environment_scripts_only(pmb2_maps)
[3.882s] Level 1:colcon.colcon_core.environment:checking '/home/khaledob/bookros2_ws/install/pmb2_maps' for CMake module files
[3.885s] Level 1:colcon.colcon_core.environment:checking '/home/khaledob/bookros2_ws/install/pmb2_maps' for CMake config files
[3.886s] Level 1:colcon.colcon_core.shell:create_environment_hook('pmb2_maps', 'cmake_prefix_path')
[3.886s] INFO:colcon.colcon_core.shell:Creating environment hook '/home/khaledob/bookros2_ws/install/pmb2_maps/share/pmb2_maps/hook/cmake_prefix_path.ps1'
[3.889s] INFO:colcon.colcon_core.shell:Creating environment descriptor '/home/khaledob/bookros2_ws/install/pmb2_maps/share/pmb2_maps/hook/cmake_prefix_path.dsv'
[3.891s] INFO:colcon.colcon_core.shell:Creating environment hook '/home/khaledob/bookros2_ws/install/pmb2_maps/share/pmb2_maps/hook/cmake_prefix_path.sh'
[3.901s] Level 1:colcon.colcon_core.environment:checking '/home/khaledob/bookros2_ws/install/pmb2_maps/bin'
[3.903s] Level 1:colcon.colcon_core.environment:checking '/home/khaledob/bookros2_ws/install/pmb2_maps/lib/pkgconfig/pmb2_maps.pc'
[3.904s] Level 1:colcon.colcon_core.environment:checking '/home/khaledob/bookros2_ws/install/pmb2_maps/lib/python3.8/site-packages'
[3.904s] Level 1:colcon.colcon_core.environment:checking '/home/khaledob/bookros2_ws/install/pmb2_maps/bin'
[3.905s] INFO:colcon.colcon_core.shell:Creating package script '/home/khaledob/bookros2_ws/install/pmb2_maps/share/pmb2_maps/package.ps1'
[3.908s] DEBUG:colcon.colcon_core.event_handler.log_command:Invoked command in '/home/khaledob/bookros2_ws/build/hardware_interface' returned '0': CMAKE_PREFIX_PATH=/home/khaledob/bookros2_ws/install/ros2_control_test_assets:/home/khaledob/bookros2_ws/install/task2b:/home/khaledob/bookros2_ws/install/task2a:/home/khaledob/bookros2_ws/install/gazebo_ros2_control_demos:/home/khaledob/bookros2_ws/install/ros2_controllers:/home/khaledob/bookros2_ws/install/velocity_controllers:/home/khaledob/bookros2_ws/install/urdf_test:/home/khaledob/bookros2_ws/install/tiago_simulation:/home/khaledob/bookros2_ws/install/tiago_robot:/home/khaledob/bookros2_ws/install/tiago_2dnav_gazebo:/home/khaledob/bookros2_ws/install/tiago_gazebo:/home/khaledob/bookros2_ws/install/tiago_bringup:/home/khaledob/bookros2_ws/install/pmb2_robot:/home/khaledob/bookros2_ws/install/pmb2_bringup:/home/khaledob/bookros2_ws/install/twist_mux:/home/khaledob/bookros2_ws/install/transmission_interface:/home/khaledob/bookros2_ws/install/tiago_description:/home/khaledob/bookros2_ws/install/tiago_description_calibration:/home/khaledob/bookros2_ws/install/tiago_controller_configuration:/home/khaledob/bookros2_ws/install/task1:/home/khaledob/bookros2_ws/install/ros2_control:/home/khaledob/bookros2_ws/install/pal_gripper:/home/khaledob/bookros2_ws/install/pal_gripper_controller_configuration:/home/khaledob/bookros2_ws/install/position_controllers:/home/khaledob/bookros2_ws/install/pmb2_navigation:/home/khaledob/bookros2_ws/install/pmb2_2dnav:/home/khaledob/bookros2_ws/install/pmb2_maps:/home/khaledob/bookros2_ws/install/pmb2_description:/home/khaledob/bookros2_ws/install/pmb2_controller_configuration:/home/khaledob/bookros2_ws/install/pal_gripper_description:/home/khaledob/bookros2_ws/install/pal_gazebo_worlds:/home/khaledob/bookros2_ws/install/joint_trajectory_controller:/home/khaledob/bookros2_ws/install/joint_state_controller:/home/khaledob/bookros2_ws/install/joint_state_broadcaster:/home/khaledob/bookros2_ws/install/imu_sensor_broadcaster:/home/khaledob/bookros2_ws/install/hey5_description:/home/khaledob/bookros2_ws/install/gripper_controllers:/home/khaledob/bookros2_ws/install/gazebo_ros2_control:/home/khaledob/bookros2_ws/install/effort_controllers:/home/khaledob/bookros2_ws/install/forward_command_controller:/home/khaledob/bookros2_ws/install/force_torque_sensor_broadcaster:/home/khaledob/bookros2_ws/install/diff_drive_controller:/home/khaledob/bookros2_ws/install/controller_manager:/home/khaledob/bookros2_ws/install/controller_interface:/home/khaledob/bookros2_ws/install/hardware_interface:/home/khaledob/bookros2_ws/install/groot:/home/khaledob/bookros2_ws/install/controller_manager_msgs:/home/khaledob/bookros2_ws/install/br2_vff_avoidance:/home/khaledob/bookros2_ws/install/br2_tracking:/home/khaledob/bookros2_ws/install/br2_tracking_msgs:/home/khaledob/bookros2_ws/install/br2_tiago:/home/khaledob/bookros2_ws/install/br2_tf2_detector:/home/khaledob/bookros2_ws/install/br2_navigation:/home/khaledob/bookros2_ws/install/br2_fsm_bumpgo_cpp:/home/khaledob/bookros2_ws/install/br2_bt_patrolling:/home/khaledob/bookros2_ws/install/br2_bt_bumpgo:/home/khaledob/bookros2_ws/install/br2_basics:/home/khaledob/bookros2_ws/install/ros2controlcli:/home/khaledob/bookros2_ws/install/launch_pal:/home/khaledob/bookros2_ws/install/br2_fsm_bumpgo_py:/opt/ros/foxy /usr/bin/cmake --build /home/khaledob/bookros2_ws/build/hardware_interface -- -j7 -l7
[3.911s] DEBUG:colcon.colcon_core.event_handler.log_command:Invoking command in '/home/khaledob/bookros2_ws/build/hardware_interface': CMAKE_PREFIX_PATH=/home/khaledob/bookros2_ws/install/ros2_control_test_assets:/home/khaledob/bookros2_ws/install/task2b:/home/khaledob/bookros2_ws/install/task2a:/home/khaledob/bookros2_ws/install/gazebo_ros2_control_demos:/home/khaledob/bookros2_ws/install/ros2_controllers:/home/khaledob/bookros2_ws/install/velocity_controllers:/home/khaledob/bookros2_ws/install/urdf_test:/home/khaledob/bookros2_ws/install/tiago_simulation:/home/khaledob/bookros2_ws/install/tiago_robot:/home/khaledob/bookros2_ws/install/tiago_2dnav_gazebo:/home/khaledob/bookros2_ws/install/tiago_gazebo:/home/khaledob/bookros2_ws/install/tiago_bringup:/home/khaledob/bookros2_ws/install/pmb2_robot:/home/khaledob/bookros2_ws/install/pmb2_bringup:/home/khaledob/bookros2_ws/install/twist_mux:/home/khaledob/bookros2_ws/install/transmission_interface:/home/khaledob/bookros2_ws/install/tiago_description:/home/khaledob/bookros2_ws/install/tiago_description_calibration:/home/khaledob/bookros2_ws/install/tiago_controller_configuration:/home/khaledob/bookros2_ws/install/task1:/home/khaledob/bookros2_ws/install/ros2_control:/home/khaledob/bookros2_ws/install/pal_gripper:/home/khaledob/bookros2_ws/install/pal_gripper_controller_configuration:/home/khaledob/bookros2_ws/install/position_controllers:/home/khaledob/bookros2_ws/install/pmb2_navigation:/home/khaledob/bookros2_ws/install/pmb2_2dnav:/home/khaledob/bookros2_ws/install/pmb2_maps:/home/khaledob/bookros2_ws/install/pmb2_description:/home/khaledob/bookros2_ws/install/pmb2_controller_configuration:/home/khaledob/bookros2_ws/install/pal_gripper_description:/home/khaledob/bookros2_ws/install/pal_gazebo_worlds:/home/khaledob/bookros2_ws/install/joint_trajectory_controller:/home/khaledob/bookros2_ws/install/joint_state_controller:/home/khaledob/bookros2_ws/install/joint_state_broadcaster:/home/khaledob/bookros2_ws/install/imu_sensor_broadcaster:/home/khaledob/bookros2_ws/install/hey5_description:/home/khaledob/bookros2_ws/install/gripper_controllers:/home/khaledob/bookros2_ws/install/gazebo_ros2_control:/home/khaledob/bookros2_ws/install/effort_controllers:/home/khaledob/bookros2_ws/install/forward_command_controller:/home/khaledob/bookros2_ws/install/force_torque_sensor_broadcaster:/home/khaledob/bookros2_ws/install/diff_drive_controller:/home/khaledob/bookros2_ws/install/controller_manager:/home/khaledob/bookros2_ws/install/controller_interface:/home/khaledob/bookros2_ws/install/hardware_interface:/home/khaledob/bookros2_ws/install/groot:/home/khaledob/bookros2_ws/install/controller_manager_msgs:/home/khaledob/bookros2_ws/install/br2_vff_avoidance:/home/khaledob/bookros2_ws/install/br2_tracking:/home/khaledob/bookros2_ws/install/br2_tracking_msgs:/home/khaledob/bookros2_ws/install/br2_tiago:/home/khaledob/bookros2_ws/install/br2_tf2_detector:/home/khaledob/bookros2_ws/install/br2_navigation:/home/khaledob/bookros2_ws/install/br2_fsm_bumpgo_cpp:/home/khaledob/bookros2_ws/install/br2_bt_patrolling:/home/khaledob/bookros2_ws/install/br2_bt_bumpgo:/home/khaledob/bookros2_ws/install/br2_basics:/home/khaledob/bookros2_ws/install/ros2controlcli:/home/khaledob/bookros2_ws/install/launch_pal:/home/khaledob/bookros2_ws/install/br2_fsm_bumpgo_py:/opt/ros/foxy /usr/bin/cmake --install /home/khaledob/bookros2_ws/build/hardware_interface
[3.912s] DEBUG:colcon.colcon_core.event_handler.log_command:Invoked command in '/home/khaledob/bookros2_ws/build/pmb2_maps' returned '0': CMAKE_PREFIX_PATH=${CMAKE_PREFIX_PATH}:/home/khaledob/bookros2_ws/install/ros2controlcli:/home/khaledob/bookros2_ws/install/launch_pal:/home/khaledob/bookros2_ws/install/br2_fsm_bumpgo_py:/opt/ros/foxy /usr/bin/cmake --install /home/khaledob/bookros2_ws/build/pmb2_maps
[3.913s] INFO:colcon.colcon_core.shell:Creating package descriptor '/home/khaledob/bookros2_ws/install/pmb2_maps/share/pmb2_maps/package.dsv'
[3.915s] INFO:colcon.colcon_core.shell:Creating package script '/home/khaledob/bookros2_ws/install/pmb2_maps/share/pmb2_maps/package.sh'
[3.922s] INFO:colcon.colcon_core.shell:Creating package script '/home/khaledob/bookros2_ws/install/pmb2_maps/share/pmb2_maps/package.bash'
[3.930s] INFO:colcon.colcon_core.shell:Creating package script '/home/khaledob/bookros2_ws/install/pmb2_maps/share/pmb2_maps/package.zsh'
[3.931s] Level 1:colcon.colcon_core.environment:create_file_with_runtime_dependencies(/home/khaledob/bookros2_ws/install/pmb2_maps/share/colcon-core/packages/pmb2_maps)
[3.939s] INFO:colcon.colcon_ros.task.ament_cmake.build:Building ROS package in '/home/khaledob/bookros2_ws/src/ThirdParty/pmb2_navigation/pmb2_2dnav' with build type 'ament_cmake'
[3.940s] INFO:colcon.colcon_cmake.task.cmake.build:Building CMake package in '/home/khaledob/bookros2_ws/src/ThirdParty/pmb2_navigation/pmb2_2dnav'
[3.940s] INFO:colcon.colcon_core.shell:Skip shell extension 'powershell' for command environment: Not usable outside of PowerShell
[3.940s] DEBUG:colcon.colcon_core.shell:Skip shell extension 'dsv' for command environment
[4.005s] Level 1:colcon.colcon_core.environment:create_environment_scripts_only(pal_gazebo_worlds)
[4.006s] Level 1:colcon.colcon_core.environment:checking '/home/khaledob/bookros2_ws/install/pal_gazebo_worlds' for CMake module files
[4.016s] DEBUG:colcon.colcon_core.event_handler.log_command:Invoked command in '/home/khaledob/bookros2_ws/build/pal_gazebo_worlds' returned '0': CMAKE_PREFIX_PATH=${CMAKE_PREFIX_PATH}:/home/khaledob/bookros2_ws/install/ros2controlcli:/home/khaledob/bookros2_ws/install/launch_pal:/home/khaledob/bookros2_ws/install/br2_fsm_bumpgo_py:/opt/ros/foxy /usr/bin/cmake --install /home/khaledob/bookros2_ws/build/pal_gazebo_worlds
[4.024s] Level 1:colcon.colcon_core.environment:checking '/home/khaledob/bookros2_ws/install/pal_gazebo_worlds' for CMake config files
[4.036s] Level 1:colcon.colcon_core.shell:create_environment_hook('pal_gazebo_worlds', 'cmake_prefix_path')
[4.037s] INFO:colcon.colcon_core.shell:Creating environment hook '/home/khaledob/bookros2_ws/install/pal_gazebo_worlds/share/pal_gazebo_worlds/hook/cmake_prefix_path.ps1'
[4.038s] INFO:colcon.colcon_core.shell:Creating environment descriptor '/home/khaledob/bookros2_ws/install/pal_gazebo_worlds/share/pal_gazebo_worlds/hook/cmake_prefix_path.dsv'
[4.040s] INFO:colcon.colcon_core.shell:Creating environment hook '/home/khaledob/bookros2_ws/install/pal_gazebo_worlds/share/pal_gazebo_worlds/hook/cmake_prefix_path.sh'
[4.050s] Level 1:colcon.colcon_core.environment:checking '/home/khaledob/bookros2_ws/install/pal_gazebo_worlds/bin'
[4.050s] Level 1:colcon.colcon_core.environment:checking '/home/khaledob/bookros2_ws/install/pal_gazebo_worlds/lib/pkgconfig/pal_gazebo_worlds.pc'
[4.050s] Level 1:colcon.colcon_core.environment:checking '/home/khaledob/bookros2_ws/install/pal_gazebo_worlds/lib/python3.8/site-packages'
[4.051s] Level 1:colcon.colcon_core.environment:checking '/home/khaledob/bookros2_ws/install/pal_gazebo_worlds/bin'
[4.052s] INFO:colcon.colcon_core.shell:Creating package script '/home/khaledob/bookros2_ws/install/pal_gazebo_worlds/share/pal_gazebo_worlds/package.ps1'
[4.059s] INFO:colcon.colcon_core.shell:Creating package descriptor '/home/khaledob/bookros2_ws/install/pal_gazebo_worlds/share/pal_gazebo_worlds/package.dsv'
[4.061s] INFO:colcon.colcon_core.shell:Creating package script '/home/khaledob/bookros2_ws/install/pal_gazebo_worlds/share/pal_gazebo_worlds/package.sh'
[4.062s] INFO:colcon.colcon_core.shell:Creating package script '/home/khaledob/bookros2_ws/install/pal_gazebo_worlds/share/pal_gazebo_worlds/package.bash'
[4.065s] INFO:colcon.colcon_core.shell:Creating package script '/home/khaledob/bookros2_ws/install/pal_gazebo_worlds/share/pal_gazebo_worlds/package.zsh'
[4.066s] Level 1:colcon.colcon_core.environment:create_file_with_runtime_dependencies(/home/khaledob/bookros2_ws/install/pal_gazebo_worlds/share/colcon-core/packages/pal_gazebo_worlds)
[4.068s] Level 1:colcon.colcon_core.environment:create_environment_scripts_only(pal_gazebo_worlds)
[4.068s] Level 1:colcon.colcon_core.environment:checking '/home/khaledob/bookros2_ws/install/pal_gazebo_worlds' for CMake module files
[4.069s] Level 1:colcon.colcon_core.environment:checking '/home/khaledob/bookros2_ws/install/pal_gazebo_worlds' for CMake config files
[4.083s] Level 1:colcon.colcon_core.shell:create_environment_hook('pal_gazebo_worlds', 'cmake_prefix_path')
[4.091s] INFO:colcon.colcon_core.shell:Creating environment hook '/home/khaledob/bookros2_ws/install/pal_gazebo_worlds/share/pal_gazebo_worlds/hook/cmake_prefix_path.ps1'
[4.103s] INFO:colcon.colcon_core.shell:Creating environment descriptor '/home/khaledob/bookros2_ws/install/pal_gazebo_worlds/share/pal_gazebo_worlds/hook/cmake_prefix_path.dsv'
[4.139s] INFO:colcon.colcon_core.shell:Creating environment hook '/home/khaledob/bookros2_ws/install/pal_gazebo_worlds/share/pal_gazebo_worlds/hook/cmake_prefix_path.sh'
[4.145s] Level 1:colcon.colcon_core.environment:checking '/home/khaledob/bookros2_ws/install/pal_gazebo_worlds/bin'
[4.145s] Level 1:colcon.colcon_core.environment:checking '/home/khaledob/bookros2_ws/install/pal_gazebo_worlds/lib/pkgconfig/pal_gazebo_worlds.pc'
[4.145s] Level 1:colcon.colcon_core.environment:checking '/home/khaledob/bookros2_ws/install/pal_gazebo_worlds/lib/python3.8/site-packages'
[4.146s] Level 1:colcon.colcon_core.environment:checking '/home/khaledob/bookros2_ws/install/pal_gazebo_worlds/bin'
[4.146s] INFO:colcon.colcon_core.shell:Creating package script '/home/khaledob/bookros2_ws/install/pal_gazebo_worlds/share/pal_gazebo_worlds/package.ps1'
[4.152s] INFO:colcon.colcon_core.shell:Creating package descriptor '/home/khaledob/bookros2_ws/install/pal_gazebo_worlds/share/pal_gazebo_worlds/package.dsv'
[4.158s] INFO:colcon.colcon_core.shell:Creating package script '/home/khaledob/bookros2_ws/install/pal_gazebo_worlds/share/pal_gazebo_worlds/package.sh'
[4.160s] INFO:colcon.colcon_core.shell:Creating package script '/home/khaledob/bookros2_ws/install/pal_gazebo_worlds/share/pal_gazebo_worlds/package.bash'
[4.162s] INFO:colcon.colcon_core.shell:Creating package script '/home/khaledob/bookros2_ws/install/pal_gazebo_worlds/share/pal_gazebo_worlds/package.zsh'
[4.164s] Level 1:colcon.colcon_core.environment:create_file_with_runtime_dependencies(/home/khaledob/bookros2_ws/install/pal_gazebo_worlds/share/colcon-core/packages/pal_gazebo_worlds)
[4.184s] INFO:colcon.colcon_ros.task.ament_cmake.build:Building ROS package in '/home/khaledob/bookros2_ws/src/book_ros2/br2_bt_patrolling' with build type 'ament_cmake'
[4.184s] INFO:colcon.colcon_cmake.task.cmake.build:Building CMake package in '/home/khaledob/bookros2_ws/src/book_ros2/br2_bt_patrolling'
[4.185s] INFO:colcon.colcon_core.shell:Skip shell extension 'powershell' for command environment: Not usable outside of PowerShell
[4.185s] DEBUG:colcon.colcon_core.shell:Skip shell extension 'dsv' for command environment
[4.204s] DEBUG:colcon.colcon_core.event_handler.log_command:Invoked command in '/home/khaledob/bookros2_ws/build/br2_basics' returned '0': CMAKE_PREFIX_PATH=${CMAKE_PREFIX_PATH}:/home/khaledob/bookros2_ws/install/ros2controlcli:/home/khaledob/bookros2_ws/install/launch_pal:/home/khaledob/bookros2_ws/install/br2_fsm_bumpgo_py:/opt/ros/foxy /usr/bin/cmake --build /home/khaledob/bookros2_ws/build/br2_basics -- -j7 -l7
[4.207s] DEBUG:colcon.colcon_core.event_handler.log_command:Invoking command in '/home/khaledob/bookros2_ws/build/br2_basics': CMAKE_PREFIX_PATH=${CMAKE_PREFIX_PATH}:/home/khaledob/bookros2_ws/install/ros2controlcli:/home/khaledob/bookros2_ws/install/launch_pal:/home/khaledob/bookros2_ws/install/br2_fsm_bumpgo_py:/opt/ros/foxy /usr/bin/cmake --install /home/khaledob/bookros2_ws/build/br2_basics
[4.259s] Level 1:colcon.colcon_core.environment:create_environment_scripts_only(hardware_interface)
[4.262s] Level 1:colcon.colcon_core.environment:checking '/home/khaledob/bookros2_ws/install/hardware_interface' for CMake module files
[4.269s] Level 1:colcon.colcon_core.environment:checking '/home/khaledob/bookros2_ws/install/hardware_interface' for CMake config files
[4.288s] Level 1:colcon.colcon_core.shell:create_environment_hook('hardware_interface', 'cmake_prefix_path')
[4.289s] DEBUG:colcon.colcon_core.event_handler.log_command:Invoked command in '/home/khaledob/bookros2_ws/build/hardware_interface' returned '0': CMAKE_PREFIX_PATH=/home/khaledob/bookros2_ws/install/ros2_control_test_assets:/home/khaledob/bookros2_ws/install/task2b:/home/khaledob/bookros2_ws/install/task2a:/home/khaledob/bookros2_ws/install/gazebo_ros2_control_demos:/home/khaledob/bookros2_ws/install/ros2_controllers:/home/khaledob/bookros2_ws/install/velocity_controllers:/home/khaledob/bookros2_ws/install/urdf_test:/home/khaledob/bookros2_ws/install/tiago_simulation:/home/khaledob/bookros2_ws/install/tiago_robot:/home/khaledob/bookros2_ws/install/tiago_2dnav_gazebo:/home/khaledob/bookros2_ws/install/tiago_gazebo:/home/khaledob/bookros2_ws/install/tiago_bringup:/home/khaledob/bookros2_ws/install/pmb2_robot:/home/khaledob/bookros2_ws/install/pmb2_bringup:/home/khaledob/bookros2_ws/install/twist_mux:/home/khaledob/bookros2_ws/install/transmission_interface:/home/khaledob/bookros2_ws/install/tiago_description:/home/khaledob/bookros2_ws/install/tiago_description_calibration:/home/khaledob/bookros2_ws/install/tiago_controller_configuration:/home/khaledob/bookros2_ws/install/task1:/home/khaledob/bookros2_ws/install/ros2_control:/home/khaledob/bookros2_ws/install/pal_gripper:/home/khaledob/bookros2_ws/install/pal_gripper_controller_configuration:/home/khaledob/bookros2_ws/install/position_controllers:/home/khaledob/bookros2_ws/install/pmb2_navigation:/home/khaledob/bookros2_ws/install/pmb2_2dnav:/home/khaledob/bookros2_ws/install/pmb2_maps:/home/khaledob/bookros2_ws/install/pmb2_description:/home/khaledob/bookros2_ws/install/pmb2_controller_configuration:/home/khaledob/bookros2_ws/install/pal_gripper_description:/home/khaledob/bookros2_ws/install/pal_gazebo_worlds:/home/khaledob/bookros2_ws/install/joint_trajectory_controller:/home/khaledob/bookros2_ws/install/joint_state_controller:/home/khaledob/bookros2_ws/install/joint_state_broadcaster:/home/khaledob/bookros2_ws/install/imu_sensor_broadcaster:/home/khaledob/bookros2_ws/install/hey5_description:/home/khaledob/bookros2_ws/install/gripper_controllers:/home/khaledob/bookros2_ws/install/gazebo_ros2_control:/home/khaledob/bookros2_ws/install/effort_controllers:/home/khaledob/bookros2_ws/install/forward_command_controller:/home/khaledob/bookros2_ws/install/force_torque_sensor_broadcaster:/home/khaledob/bookros2_ws/install/diff_drive_controller:/home/khaledob/bookros2_ws/install/controller_manager:/home/khaledob/bookros2_ws/install/controller_interface:/home/khaledob/bookros2_ws/install/hardware_interface:/home/khaledob/bookros2_ws/install/groot:/home/khaledob/bookros2_ws/install/controller_manager_msgs:/home/khaledob/bookros2_ws/install/br2_vff_avoidance:/home/khaledob/bookros2_ws/install/br2_tracking:/home/khaledob/bookros2_ws/install/br2_tracking_msgs:/home/khaledob/bookros2_ws/install/br2_tiago:/home/khaledob/bookros2_ws/install/br2_tf2_detector:/home/khaledob/bookros2_ws/install/br2_navigation:/home/khaledob/bookros2_ws/install/br2_fsm_bumpgo_cpp:/home/khaledob/bookros2_ws/install/br2_bt_patrolling:/home/khaledob/bookros2_ws/install/br2_bt_bumpgo:/home/khaledob/bookros2_ws/install/br2_basics:/home/khaledob/bookros2_ws/install/ros2controlcli:/home/khaledob/bookros2_ws/install/launch_pal:/home/khaledob/bookros2_ws/install/br2_fsm_bumpgo_py:/opt/ros/foxy /usr/bin/cmake --install /home/khaledob/bookros2_ws/build/hardware_interface
[4.295s] INFO:colcon.colcon_core.shell:Creating environment hook '/home/khaledob/bookros2_ws/install/hardware_interface/share/hardware_interface/hook/cmake_prefix_path.ps1'
[4.320s] INFO:colcon.colcon_core.shell:Creating environment descriptor '/home/khaledob/bookros2_ws/install/hardware_interface/share/hardware_interface/hook/cmake_prefix_path.dsv'
[4.321s] INFO:colcon.colcon_core.shell:Creating environment hook '/home/khaledob/bookros2_ws/install/hardware_interface/share/hardware_interface/hook/cmake_prefix_path.sh'
[4.323s] Level 1:colcon.colcon_core.environment:checking '/home/khaledob/bookros2_ws/install/hardware_interface/lib'
[4.324s] Level 1:colcon.colcon_core.shell:create_environment_hook('hardware_interface', 'ld_library_path_lib')
[4.324s] INFO:colcon.colcon_core.shell:Creating environment hook '/home/khaledob/bookros2_ws/install/hardware_interface/share/hardware_interface/hook/ld_library_path_lib.ps1'
[4.325s] INFO:colcon.colcon_core.shell:Creating environment descriptor '/home/khaledob/bookros2_ws/install/hardware_interface/share/hardware_interface/hook/ld_library_path_lib.dsv'
[4.327s] INFO:colcon.colcon_core.shell:Creating environment hook '/home/khaledob/bookros2_ws/install/hardware_interface/share/hardware_interface/hook/ld_library_path_lib.sh'
[4.328s] Level 1:colcon.colcon_core.environment:checking '/home/khaledob/bookros2_ws/install/hardware_interface/bin'
[4.328s] Level 1:colcon.colcon_core.environment:checking '/home/khaledob/bookros2_ws/install/hardware_interface/lib/pkgconfig/hardware_interface.pc'
[4.328s] Level 1:colcon.colcon_core.environment:checking '/home/khaledob/bookros2_ws/install/hardware_interface/lib/python3.8/site-packages'
[4.329s] Level 1:colcon.colcon_core.environment:checking '/home/khaledob/bookros2_ws/install/hardware_interface/bin'
[4.329s] INFO:colcon.colcon_core.shell:Creating package script '/home/khaledob/bookros2_ws/install/hardware_interface/share/hardware_interface/package.ps1'
[4.336s] INFO:colcon.colcon_core.shell:Creating package descriptor '/home/khaledob/bookros2_ws/install/hardware_interface/share/hardware_interface/package.dsv'
[4.337s] INFO:colcon.colcon_core.shell:Creating package script '/home/khaledob/bookros2_ws/install/hardware_interface/share/hardware_interface/package.sh'
[4.341s] INFO:colcon.colcon_core.shell:Creating package script '/home/khaledob/bookros2_ws/install/hardware_interface/share/hardware_interface/package.bash'
[4.347s] INFO:colcon.colcon_core.shell:Creating package script '/home/khaledob/bookros2_ws/install/hardware_interface/share/hardware_interface/package.zsh'
[4.349s] Level 1:colcon.colcon_core.environment:create_file_with_runtime_dependencies(/home/khaledob/bookros2_ws/install/hardware_interface/share/colcon-core/packages/hardware_interface)
[4.356s] Level 1:colcon.colcon_core.environment:create_environment_scripts_only(hardware_interface)
[4.357s] Level 1:colcon.colcon_core.environment:checking '/home/khaledob/bookros2_ws/install/hardware_interface' for CMake module files
[4.358s] Level 1:colcon.colcon_core.environment:checking '/home/khaledob/bookros2_ws/install/hardware_interface' for CMake config files
[4.359s] Level 1:colcon.colcon_core.shell:create_environment_hook('hardware_interface', 'cmake_prefix_path')
[4.360s] INFO:colcon.colcon_core.shell:Creating environment hook '/home/khaledob/bookros2_ws/install/hardware_interface/share/hardware_interface/hook/cmake_prefix_path.ps1'
[4.361s] INFO:colcon.colcon_core.shell:Creating environment descriptor '/home/khaledob/bookros2_ws/install/hardware_interface/share/hardware_interface/hook/cmake_prefix_path.dsv'
[4.363s] INFO:colcon.colcon_core.shell:Creating environment hook '/home/khaledob/bookros2_ws/install/hardware_interface/share/hardware_interface/hook/cmake_prefix_path.sh'
[4.365s] Level 1:colcon.colcon_core.environment:checking '/home/khaledob/bookros2_ws/install/hardware_interface/lib'
[4.365s] Level 1:colcon.colcon_core.shell:create_environment_hook('hardware_interface', 'ld_library_path_lib')
[4.365s] INFO:colcon.colcon_core.shell:Creating environment hook '/home/khaledob/bookros2_ws/install/hardware_interface/share/hardware_interface/hook/ld_library_path_lib.ps1'
[4.367s] INFO:colcon.colcon_core.shell:Creating environment descriptor '/home/khaledob/bookros2_ws/install/hardware_interface/share/hardware_interface/hook/ld_library_path_lib.dsv'
[4.368s] INFO:colcon.colcon_core.shell:Creating environment hook '/home/khaledob/bookros2_ws/install/hardware_interface/share/hardware_interface/hook/ld_library_path_lib.sh'
[4.370s] Level 1:colcon.colcon_core.environment:checking '/home/khaledob/bookros2_ws/install/hardware_interface/bin'
[4.371s] Level 1:colcon.colcon_core.environment:checking '/home/khaledob/bookros2_ws/install/hardware_interface/lib/pkgconfig/hardware_interface.pc'
[4.371s] Level 1:colcon.colcon_core.environment:checking '/home/khaledob/bookros2_ws/install/hardware_interface/lib/python3.8/site-packages'
[4.371s] Level 1:colcon.colcon_core.environment:checking '/home/khaledob/bookros2_ws/install/hardware_interface/bin'
[4.372s] INFO:colcon.colcon_core.shell:Creating package script '/home/khaledob/bookros2_ws/install/hardware_interface/share/hardware_interface/package.ps1'
[4.373s] INFO:colcon.colcon_core.shell:Creating package descriptor '/home/khaledob/bookros2_ws/install/hardware_interface/share/hardware_interface/package.dsv'
[4.374s] INFO:colcon.colcon_core.shell:Creating package script '/home/khaledob/bookros2_ws/install/hardware_interface/share/hardware_interface/package.sh'
[4.375s] INFO:colcon.colcon_core.shell:Creating package script '/home/khaledob/bookros2_ws/install/hardware_interface/share/hardware_interface/package.bash'
[4.375s] INFO:colcon.colcon_core.shell:Creating package script '/home/khaledob/bookros2_ws/install/hardware_interface/share/hardware_interface/package.zsh'
[4.378s] Level 1:colcon.colcon_core.environment:create_file_with_runtime_dependencies(/home/khaledob/bookros2_ws/install/hardware_interface/share/colcon-core/packages/hardware_interface)
[4.409s] DEBUG:colcon.colcon_core.event_handler.log_command:Invoking command in '/home/khaledob/bookros2_ws/build/br2_bt_bumpgo': CMAKE_PREFIX_PATH=${CMAKE_PREFIX_PATH}:/home/khaledob/bookros2_ws/install/ros2controlcli:/home/khaledob/bookros2_ws/install/launch_pal:/home/khaledob/bookros2_ws/install/br2_fsm_bumpgo_py:/opt/ros/foxy /usr/bin/cmake --build /home/khaledob/bookros2_ws/build/br2_bt_bumpgo -- -j7 -l7
[4.413s] INFO:colcon.colcon_ros.task.ament_cmake.build:Building ROS package in '/home/khaledob/bookros2_ws/src/ThirdParty/ros2_control/controller_interface' with build type 'ament_cmake'
[4.417s] INFO:colcon.colcon_cmake.task.cmake.build:Building CMake package in '/home/khaledob/bookros2_ws/src/ThirdParty/ros2_control/controller_interface'
[4.418s] INFO:colcon.colcon_core.shell:Skip shell extension 'powershell' for command environment: Not usable outside of PowerShell
[4.419s] DEBUG:colcon.colcon_core.shell:Skip shell extension 'dsv' for command environment
[4.439s] Level 1:colcon.colcon_core.shell:create_environment_hook('launch_pal', 'pythonpath_develop')
[4.440s] INFO:colcon.colcon_core.shell:Creating environment hook '/home/khaledob/bookros2_ws/build/launch_pal/share/launch_pal/hook/pythonpath_develop.ps1'
[4.444s] DEBUG:colcon.colcon_core.event_handler.log_command:Invoked command in '/home/khaledob/bookros2_ws/build/launch_pal' returned '0': PYTHONPATH=/home/khaledob/bookros2_ws/build/launch_pal/prefix_override:/usr/lib/python3/dist-packages/colcon_core/task/python/colcon_distutils_commands:/home/khaledob/bookros2_ws/install/launch_pal/lib/python3.8/site-packages:${PYTHONPATH} /usr/bin/python3 -W ignore:setup.py install is deprecated -W ignore:easy_install command is deprecated setup.py develop --editable --build-directory /home/khaledob/bookros2_ws/build/launch_pal/build --no-deps symlink_data
[4.445s] INFO:colcon.colcon_core.shell:Creating environment descriptor '/home/khaledob/bookros2_ws/build/launch_pal/share/launch_pal/hook/pythonpath_develop.dsv'
[4.448s] INFO:colcon.colcon_core.shell:Creating environment hook '/home/khaledob/bookros2_ws/build/launch_pal/share/launch_pal/hook/pythonpath_develop.sh'
[4.450s] Level 1:colcon.colcon_core.environment:checking '/home/khaledob/bookros2_ws/install/launch_pal' for CMake module files
[4.451s] Level 1:colcon.colcon_core.environment:checking '/home/khaledob/bookros2_ws/install/launch_pal' for CMake config files
[4.453s] Level 1:colcon.colcon_core.environment:checking '/home/khaledob/bookros2_ws/install/launch_pal/lib'
[4.454s] Level 1:colcon.colcon_core.environment:checking '/home/khaledob/bookros2_ws/install/launch_pal/bin'
[4.454s] Level 1:colcon.colcon_core.environment:checking '/home/khaledob/bookros2_ws/install/launch_pal/lib/pkgconfig/launch_pal.pc'
[4.454s] Level 1:colcon.colcon_core.environment:checking '/home/khaledob/bookros2_ws/install/launch_pal/lib/python3.8/site-packages'
[4.454s] Level 1:colcon.colcon_core.shell:create_environment_hook('launch_pal', 'pythonpath')
[4.454s] INFO:colcon.colcon_core.shell:Creating environment hook '/home/khaledob/bookros2_ws/install/launch_pal/share/launch_pal/hook/pythonpath.ps1'
[4.455s] INFO:colcon.colcon_core.shell:Creating environment descriptor '/home/khaledob/bookros2_ws/install/launch_pal/share/launch_pal/hook/pythonpath.dsv'
[4.458s] INFO:colcon.colcon_core.shell:Creating environment hook '/home/khaledob/bookros2_ws/install/launch_pal/share/launch_pal/hook/pythonpath.sh'
[4.459s] Level 1:colcon.colcon_core.environment:checking '/home/khaledob/bookros2_ws/install/launch_pal/bin'
[4.460s] Level 1:colcon.colcon_core.environment:create_environment_scripts_only(launch_pal)
[4.461s] INFO:colcon.colcon_core.shell:Creating package script '/home/khaledob/bookros2_ws/install/launch_pal/share/launch_pal/package.ps1'
[4.462s] INFO:colcon.colcon_core.shell:Creating package descriptor '/home/khaledob/bookros2_ws/install/launch_pal/share/launch_pal/package.dsv'
[4.464s] INFO:colcon.colcon_core.shell:Creating package script '/home/khaledob/bookros2_ws/install/launch_pal/share/launch_pal/package.sh'
[4.465s] INFO:colcon.colcon_core.shell:Creating package script '/home/khaledob/bookros2_ws/install/launch_pal/share/launch_pal/package.bash'
[4.466s] INFO:colcon.colcon_core.shell:Creating package script '/home/khaledob/bookros2_ws/install/launch_pal/share/launch_pal/package.zsh'
[4.467s] Level 1:colcon.colcon_core.environment:create_file_with_runtime_dependencies(/home/khaledob/bookros2_ws/install/launch_pal/share/colcon-core/packages/launch_pal)
[4.469s] Level 1:colcon.colcon_core.environment:create_environment_scripts_only(br2_basics)
[4.470s] Level 1:colcon.colcon_core.environment:checking '/home/khaledob/bookros2_ws/install/br2_basics' for CMake module files
[4.473s] Level 1:colcon.colcon_core.environment:checking '/home/khaledob/bookros2_ws/install/br2_basics' for CMake config files
[4.475s] Level 1:colcon.colcon_core.shell:create_environment_hook('br2_basics', 'cmake_prefix_path')
[4.476s] INFO:colcon.colcon_core.shell:Creating environment hook '/home/khaledob/bookros2_ws/install/br2_basics/share/br2_basics/hook/cmake_prefix_path.ps1'
[4.482s] DEBUG:colcon.colcon_core.event_handler.log_command:Invoked command in '/home/khaledob/bookros2_ws/build/br2_basics' returned '0': CMAKE_PREFIX_PATH=${CMAKE_PREFIX_PATH}:/home/khaledob/bookros2_ws/install/ros2controlcli:/home/khaledob/bookros2_ws/install/launch_pal:/home/khaledob/bookros2_ws/install/br2_fsm_bumpgo_py:/opt/ros/foxy /usr/bin/cmake --install /home/khaledob/bookros2_ws/build/br2_basics
[4.483s] INFO:colcon.colcon_core.shell:Creating environment descriptor '/home/khaledob/bookros2_ws/install/br2_basics/share/br2_basics/hook/cmake_prefix_path.dsv'
[4.484s] INFO:colcon.colcon_core.shell:Creating environment hook '/home/khaledob/bookros2_ws/install/br2_basics/share/br2_basics/hook/cmake_prefix_path.sh'
[4.486s] Level 1:colcon.colcon_core.environment:checking '/home/khaledob/bookros2_ws/install/br2_basics/lib'
[4.486s] Level 1:colcon.colcon_core.environment:checking '/home/khaledob/bookros2_ws/install/br2_basics/bin'
[4.487s] Level 1:colcon.colcon_core.environment:checking '/home/khaledob/bookros2_ws/install/br2_basics/lib/pkgconfig/br2_basics.pc'
[4.487s] Level 1:colcon.colcon_core.environment:checking '/home/khaledob/bookros2_ws/install/br2_basics/lib/python3.8/site-packages'
[4.487s] Level 1:colcon.colcon_core.environment:checking '/home/khaledob/bookros2_ws/install/br2_basics/bin'
[4.488s] INFO:colcon.colcon_core.shell:Creating package script '/home/khaledob/bookros2_ws/install/br2_basics/share/br2_basics/package.ps1'
[4.491s] INFO:colcon.colcon_core.shell:Creating package descriptor '/home/khaledob/bookros2_ws/install/br2_basics/share/br2_basics/package.dsv'
[4.493s] INFO:colcon.colcon_core.shell:Creating package script '/home/khaledob/bookros2_ws/install/br2_basics/share/br2_basics/package.sh'
[4.494s] INFO:colcon.colcon_core.shell:Creating package script '/home/khaledob/bookros2_ws/install/br2_basics/share/br2_basics/package.bash'
[4.495s] INFO:colcon.colcon_core.shell:Creating package script '/home/khaledob/bookros2_ws/install/br2_basics/share/br2_basics/package.zsh'
[4.498s] Level 1:colcon.colcon_core.environment:create_file_with_runtime_dependencies(/home/khaledob/bookros2_ws/install/br2_basics/share/colcon-core/packages/br2_basics)
[4.500s] Level 1:colcon.colcon_core.environment:create_environment_scripts_only(br2_basics)
[4.501s] Level 1:colcon.colcon_core.environment:checking '/home/khaledob/bookros2_ws/install/br2_basics' for CMake module files
[4.502s] Level 1:colcon.colcon_core.environment:checking '/home/khaledob/bookros2_ws/install/br2_basics' for CMake config files
[4.504s] Level 1:colcon.colcon_core.shell:create_environment_hook('br2_basics', 'cmake_prefix_path')
[4.505s] INFO:colcon.colcon_core.shell:Creating environment hook '/home/khaledob/bookros2_ws/install/br2_basics/share/br2_basics/hook/cmake_prefix_path.ps1'
[4.507s] INFO:colcon.colcon_core.shell:Creating environment descriptor '/home/khaledob/bookros2_ws/install/br2_basics/share/br2_basics/hook/cmake_prefix_path.dsv'
[4.510s] INFO:colcon.colcon_core.shell:Creating environment hook '/home/khaledob/bookros2_ws/install/br2_basics/share/br2_basics/hook/cmake_prefix_path.sh'
[4.512s] Level 1:colcon.colcon_core.environment:checking '/home/khaledob/bookros2_ws/install/br2_basics/lib'
[4.512s] Level 1:colcon.colcon_core.environment:checking '/home/khaledob/bookros2_ws/install/br2_basics/bin'
[4.512s] Level 1:colcon.colcon_core.environment:checking '/home/khaledob/bookros2_ws/install/br2_basics/lib/pkgconfig/br2_basics.pc'
[4.513s] Level 1:colcon.colcon_core.environment:checking '/home/khaledob/bookros2_ws/install/br2_basics/lib/python3.8/site-packages'
[4.513s] Level 1:colcon.colcon_core.environment:checking '/home/khaledob/bookros2_ws/install/br2_basics/bin'
[4.514s] INFO:colcon.colcon_core.shell:Creating package script '/home/khaledob/bookros2_ws/install/br2_basics/share/br2_basics/package.ps1'
[4.519s] INFO:colcon.colcon_core.shell:Creating package descriptor '/home/khaledob/bookros2_ws/install/br2_basics/share/br2_basics/package.dsv'
[4.536s] INFO:colcon.colcon_core.shell:Creating package script '/home/khaledob/bookros2_ws/install/br2_basics/share/br2_basics/package.sh'
[4.543s] INFO:colcon.colcon_core.shell:Creating package script '/home/khaledob/bookros2_ws/install/br2_basics/share/br2_basics/package.bash'
[4.556s] INFO:colcon.colcon_core.shell:Creating package script '/home/khaledob/bookros2_ws/install/br2_basics/share/br2_basics/package.zsh'
[4.559s] Level 1:colcon.colcon_core.environment:create_file_with_runtime_dependencies(/home/khaledob/bookros2_ws/install/br2_basics/share/colcon-core/packages/br2_basics)
[4.575s] DEBUG:colcon.colcon_core.event_handler.log_command:Invoked command in '/home/khaledob/bookros2_ws/build/br2_tracking_msgs' returned '0': CMAKE_PREFIX_PATH=${CMAKE_PREFIX_PATH}:/home/khaledob/bookros2_ws/install/ros2controlcli:/home/khaledob/bookros2_ws/install/launch_pal:/home/khaledob/bookros2_ws/install/br2_fsm_bumpgo_py:/opt/ros/foxy /usr/bin/cmake --build /home/khaledob/bookros2_ws/build/br2_tracking_msgs -- -j7 -l7
[4.577s] DEBUG:colcon.colcon_core.event_handler.log_command:Invoking command in '/home/khaledob/bookros2_ws/build/br2_tracking_msgs': CMAKE_PREFIX_PATH=${CMAKE_PREFIX_PATH}:/home/khaledob/bookros2_ws/install/ros2controlcli:/home/khaledob/bookros2_ws/install/launch_pal:/home/khaledob/bookros2_ws/install/br2_fsm_bumpgo_py:/opt/ros/foxy /usr/bin/cmake --install /home/khaledob/bookros2_ws/build/br2_tracking_msgs
[4.594s] DEBUG:colcon.colcon_core.event_handler.log_command:Invoking command in '/home/khaledob/bookros2_ws/build/pmb2_2dnav': CMAKE_PREFIX_PATH=/home/khaledob/bookros2_ws/install/pmb2_maps:/home/khaledob/bookros2_ws/install/task2b:/home/khaledob/bookros2_ws/install/task2a:/home/khaledob/bookros2_ws/install/gazebo_ros2_control_demos:/home/khaledob/bookros2_ws/install/ros2_controllers:/home/khaledob/bookros2_ws/install/velocity_controllers:/home/khaledob/bookros2_ws/install/urdf_test:/home/khaledob/bookros2_ws/install/tiago_simulation:/home/khaledob/bookros2_ws/install/tiago_robot:/home/khaledob/bookros2_ws/install/tiago_2dnav_gazebo:/home/khaledob/bookros2_ws/install/tiago_gazebo:/home/khaledob/bookros2_ws/install/tiago_bringup:/home/khaledob/bookros2_ws/install/pmb2_robot:/home/khaledob/bookros2_ws/install/pmb2_bringup:/home/khaledob/bookros2_ws/install/twist_mux:/home/khaledob/bookros2_ws/install/transmission_interface:/home/khaledob/bookros2_ws/install/tiago_description:/home/khaledob/bookros2_ws/install/tiago_description_calibration:/home/khaledob/bookros2_ws/install/tiago_controller_configuration:/home/khaledob/bookros2_ws/install/task1:/home/khaledob/bookros2_ws/install/ros2_control:/home/khaledob/bookros2_ws/install/ros2_control_test_assets:/home/khaledob/bookros2_ws/install/pal_gripper:/home/khaledob/bookros2_ws/install/pal_gripper_controller_configuration:/home/khaledob/bookros2_ws/install/position_controllers:/home/khaledob/bookros2_ws/install/pmb2_navigation:/home/khaledob/bookros2_ws/install/pmb2_2dnav:/home/khaledob/bookros2_ws/install/pmb2_description:/home/khaledob/bookros2_ws/install/pmb2_controller_configuration:/home/khaledob/bookros2_ws/install/pal_gripper_description:/home/khaledob/bookros2_ws/install/pal_gazebo_worlds:/home/khaledob/bookros2_ws/install/joint_trajectory_controller:/home/khaledob/bookros2_ws/install/joint_state_controller:/home/khaledob/bookros2_ws/install/joint_state_broadcaster:/home/khaledob/bookros2_ws/install/imu_sensor_broadcaster:/home/khaledob/bookros2_ws/install/hey5_description:/home/khaledob/bookros2_ws/install/gripper_controllers:/home/khaledob/bookros2_ws/install/gazebo_ros2_control:/home/khaledob/bookros2_ws/install/effort_controllers:/home/khaledob/bookros2_ws/install/forward_command_controller:/home/khaledob/bookros2_ws/install/force_torque_sensor_broadcaster:/home/khaledob/bookros2_ws/install/diff_drive_controller:/home/khaledob/bookros2_ws/install/controller_manager:/home/khaledob/bookros2_ws/install/controller_interface:/home/khaledob/bookros2_ws/install/hardware_interface:/home/khaledob/bookros2_ws/install/groot:/home/khaledob/bookros2_ws/install/controller_manager_msgs:/home/khaledob/bookros2_ws/install/br2_vff_avoidance:/home/khaledob/bookros2_ws/install/br2_tracking:/home/khaledob/bookros2_ws/install/br2_tracking_msgs:/home/khaledob/bookros2_ws/install/br2_tiago:/home/khaledob/bookros2_ws/install/br2_tf2_detector:/home/khaledob/bookros2_ws/install/br2_navigation:/home/khaledob/bookros2_ws/install/br2_fsm_bumpgo_cpp:/home/khaledob/bookros2_ws/install/br2_bt_patrolling:/home/khaledob/bookros2_ws/install/br2_bt_bumpgo:/home/khaledob/bookros2_ws/install/br2_basics:/home/khaledob/bookros2_ws/install/ros2controlcli:/home/khaledob/bookros2_ws/install/launch_pal:/home/khaledob/bookros2_ws/install/br2_fsm_bumpgo_py:/opt/ros/foxy /usr/bin/cmake --build /home/khaledob/bookros2_ws/build/pmb2_2dnav -- -j7 -l7
[4.602s] INFO:colcon.colcon_ros.task.ament_cmake.build:Building ROS package in '/home/khaledob/bookros2_ws/src/book_ros2/br2_fsm_bumpgo_cpp' with build type 'ament_cmake'
[4.603s] INFO:colcon.colcon_cmake.task.cmake.build:Building CMake package in '/home/khaledob/bookros2_ws/src/book_ros2/br2_fsm_bumpgo_cpp'
[4.604s] INFO:colcon.colcon_core.shell:Skip shell extension 'powershell' for command environment: Not usable outside of PowerShell
[4.607s] DEBUG:colcon.colcon_core.shell:Skip shell extension 'dsv' for command environment
[4.654s] INFO:colcon.colcon_ros.task.ament_python.build:Building ROS package in '/home/khaledob/bookros2_ws/src/book_ros2/br2_fsm_bumpgo_py' with build type 'ament_python'
[4.655s] Level 1:colcon.colcon_core.shell:create_environment_hook('br2_fsm_bumpgo_py', 'ament_prefix_path')
[4.656s] INFO:colcon.colcon_core.shell:Creating environment hook '/home/khaledob/bookros2_ws/install/br2_fsm_bumpgo_py/share/br2_fsm_bumpgo_py/hook/ament_prefix_path.ps1'
[4.659s] INFO:colcon.colcon_core.shell:Creating environment descriptor '/home/khaledob/bookros2_ws/install/br2_fsm_bumpgo_py/share/br2_fsm_bumpgo_py/hook/ament_prefix_path.dsv'
[4.661s] INFO:colcon.colcon_core.shell:Creating environment hook '/home/khaledob/bookros2_ws/install/br2_fsm_bumpgo_py/share/br2_fsm_bumpgo_py/hook/ament_prefix_path.sh'
[4.664s] INFO:colcon.colcon_core.shell:Skip shell extension 'powershell' for command environment: Not usable outside of PowerShell
[4.664s] DEBUG:colcon.colcon_core.shell:Skip shell extension 'dsv' for command environment
[4.819s] DEBUG:colcon.colcon_core.event_handler.log_command:Invoking command in '/home/khaledob/bookros2_ws/build/br2_bt_patrolling': CMAKE_PREFIX_PATH=${CMAKE_PREFIX_PATH}:/home/khaledob/bookros2_ws/install/ros2controlcli:/home/khaledob/bookros2_ws/install/launch_pal:/home/khaledob/bookros2_ws/install/br2_fsm_bumpgo_py:/opt/ros/foxy /usr/bin/cmake --build /home/khaledob/bookros2_ws/build/br2_bt_patrolling -- -j7 -l7
[4.884s] DEBUG:colcon.colcon_core.event_handler.log_command:Invoking command in '/home/khaledob/bookros2_ws/build/controller_interface': CMAKE_PREFIX_PATH=/home/khaledob/bookros2_ws/install/hardware_interface:/home/khaledob/bookros2_ws/install/ros2_control_test_assets:/home/khaledob/bookros2_ws/install/task2b:/home/khaledob/bookros2_ws/install/task2a:/home/khaledob/bookros2_ws/install/gazebo_ros2_control_demos:/home/khaledob/bookros2_ws/install/ros2_controllers:/home/khaledob/bookros2_ws/install/velocity_controllers:/home/khaledob/bookros2_ws/install/urdf_test:/home/khaledob/bookros2_ws/install/tiago_simulation:/home/khaledob/bookros2_ws/install/tiago_robot:/home/khaledob/bookros2_ws/install/tiago_2dnav_gazebo:/home/khaledob/bookros2_ws/install/tiago_gazebo:/home/khaledob/bookros2_ws/install/tiago_bringup:/home/khaledob/bookros2_ws/install/pmb2_robot:/home/khaledob/bookros2_ws/install/pmb2_bringup:/home/khaledob/bookros2_ws/install/twist_mux:/home/khaledob/bookros2_ws/install/transmission_interface:/home/khaledob/bookros2_ws/install/tiago_description:/home/khaledob/bookros2_ws/install/tiago_description_calibration:/home/khaledob/bookros2_ws/install/tiago_controller_configuration:/home/khaledob/bookros2_ws/install/task1:/home/khaledob/bookros2_ws/install/ros2_control:/home/khaledob/bookros2_ws/install/pal_gripper:/home/khaledob/bookros2_ws/install/pal_gripper_controller_configuration:/home/khaledob/bookros2_ws/install/position_controllers:/home/khaledob/bookros2_ws/install/pmb2_navigation:/home/khaledob/bookros2_ws/install/pmb2_2dnav:/home/khaledob/bookros2_ws/install/pmb2_maps:/home/khaledob/bookros2_ws/install/pmb2_description:/home/khaledob/bookros2_ws/install/pmb2_controller_configuration:/home/khaledob/bookros2_ws/install/pal_gripper_description:/home/khaledob/bookros2_ws/install/pal_gazebo_worlds:/home/khaledob/bookros2_ws/install/joint_trajectory_controller:/home/khaledob/bookros2_ws/install/joint_state_controller:/home/khaledob/bookros2_ws/install/joint_state_broadcaster:/home/khaledob/bookros2_ws/install/imu_sensor_broadcaster:/home/khaledob/bookros2_ws/install/hey5_description:/home/khaledob/bookros2_ws/install/gripper_controllers:/home/khaledob/bookros2_ws/install/gazebo_ros2_control:/home/khaledob/bookros2_ws/install/effort_controllers:/home/khaledob/bookros2_ws/install/forward_command_controller:/home/khaledob/bookros2_ws/install/force_torque_sensor_broadcaster:/home/khaledob/bookros2_ws/install/diff_drive_controller:/home/khaledob/bookros2_ws/install/controller_manager:/home/khaledob/bookros2_ws/install/controller_interface:/home/khaledob/bookros2_ws/install/groot:/home/khaledob/bookros2_ws/install/controller_manager_msgs:/home/khaledob/bookros2_ws/install/br2_vff_avoidance:/home/khaledob/bookros2_ws/install/br2_tracking:/home/khaledob/bookros2_ws/install/br2_tracking_msgs:/home/khaledob/bookros2_ws/install/br2_tiago:/home/khaledob/bookros2_ws/install/br2_tf2_detector:/home/khaledob/bookros2_ws/install/br2_navigation:/home/khaledob/bookros2_ws/install/br2_fsm_bumpgo_cpp:/home/khaledob/bookros2_ws/install/br2_bt_patrolling:/home/khaledob/bookros2_ws/install/br2_bt_bumpgo:/home/khaledob/bookros2_ws/install/br2_basics:/home/khaledob/bookros2_ws/install/ros2controlcli:/home/khaledob/bookros2_ws/install/launch_pal:/home/khaledob/bookros2_ws/install/br2_fsm_bumpgo_py:/opt/ros/foxy LD_LIBRARY_PATH=/home/khaledob/bookros2_ws/install/hardware_interface/lib:/home/khaledob/bookros2_ws/install/velocity_controllers/lib:/home/khaledob/bookros2_ws/install/position_controllers/lib:/home/khaledob/bookros2_ws/install/joint_trajectory_controller/lib:/home/khaledob/bookros2_ws/install/joint_state_controller/lib:/home/khaledob/bookros2_ws/install/joint_state_broadcaster/lib:/home/khaledob/bookros2_ws/install/imu_sensor_broadcaster/lib:/home/khaledob/bookros2_ws/install/gripper_controllers/lib:/home/khaledob/bookros2_ws/install/gazebo_ros2_control/lib:/home/khaledob/bookros2_ws/install/effort_controllers/lib:/home/khaledob/bookros2_ws/install/forward_command_controller/lib:/home/khaledob/bookros2_ws/install/force_torque_sensor_broadcaster/lib:/home/khaledob/bookros2_ws/install/diff_drive_controller/lib:/home/khaledob/bookros2_ws/install/controller_manager/lib:/home/khaledob/bookros2_ws/install/controller_interface/lib:/home/khaledob/bookros2_ws/install/groot/lib:/home/khaledob/bookros2_ws/install/controller_manager_msgs/lib:/home/khaledob/bookros2_ws/install/br2_vff_avoidance/lib:/home/khaledob/bookros2_ws/install/br2_tracking/lib:/home/khaledob/bookros2_ws/install/br2_tracking_msgs/lib:/home/khaledob/bookros2_ws/install/br2_tf2_detector/lib:/home/khaledob/bookros2_ws/install/br2_bt_patrolling/lib:/home/khaledob/bookros2_ws/install/br2_bt_bumpgo/lib:/usr/lib/x86_64-linux-gnu/gazebo-11/plugins:/opt/ros/foxy/opt/yaml_cpp_vendor/lib:/opt/ros/foxy/opt/rviz_ogre_vendor/lib:/opt/ros/foxy/lib/x86_64-linux-gnu:/opt/ros/foxy/lib /usr/bin/cmake --build /home/khaledob/bookros2_ws/build/controller_interface -- -j7 -l7
[4.897s] DEBUG:colcon.colcon_core.event_handler.log_command:Invoked command in '/home/khaledob/bookros2_ws/build/pmb2_2dnav' returned '0': CMAKE_PREFIX_PATH=/home/khaledob/bookros2_ws/install/pmb2_maps:/home/khaledob/bookros2_ws/install/task2b:/home/khaledob/bookros2_ws/install/task2a:/home/khaledob/bookros2_ws/install/gazebo_ros2_control_demos:/home/khaledob/bookros2_ws/install/ros2_controllers:/home/khaledob/bookros2_ws/install/velocity_controllers:/home/khaledob/bookros2_ws/install/urdf_test:/home/khaledob/bookros2_ws/install/tiago_simulation:/home/khaledob/bookros2_ws/install/tiago_robot:/home/khaledob/bookros2_ws/install/tiago_2dnav_gazebo:/home/khaledob/bookros2_ws/install/tiago_gazebo:/home/khaledob/bookros2_ws/install/tiago_bringup:/home/khaledob/bookros2_ws/install/pmb2_robot:/home/khaledob/bookros2_ws/install/pmb2_bringup:/home/khaledob/bookros2_ws/install/twist_mux:/home/khaledob/bookros2_ws/install/transmission_interface:/home/khaledob/bookros2_ws/install/tiago_description:/home/khaledob/bookros2_ws/install/tiago_description_calibration:/home/khaledob/bookros2_ws/install/tiago_controller_configuration:/home/khaledob/bookros2_ws/install/task1:/home/khaledob/bookros2_ws/install/ros2_control:/home/khaledob/bookros2_ws/install/ros2_control_test_assets:/home/khaledob/bookros2_ws/install/pal_gripper:/home/khaledob/bookros2_ws/install/pal_gripper_controller_configuration:/home/khaledob/bookros2_ws/install/position_controllers:/home/khaledob/bookros2_ws/install/pmb2_navigation:/home/khaledob/bookros2_ws/install/pmb2_2dnav:/home/khaledob/bookros2_ws/install/pmb2_description:/home/khaledob/bookros2_ws/install/pmb2_controller_configuration:/home/khaledob/bookros2_ws/install/pal_gripper_description:/home/khaledob/bookros2_ws/install/pal_gazebo_worlds:/home/khaledob/bookros2_ws/install/joint_trajectory_controller:/home/khaledob/bookros2_ws/install/joint_state_controller:/home/khaledob/bookros2_ws/install/joint_state_broadcaster:/home/khaledob/bookros2_ws/install/imu_sensor_broadcaster:/home/khaledob/bookros2_ws/install/hey5_description:/home/khaledob/bookros2_ws/install/gripper_controllers:/home/khaledob/bookros2_ws/install/gazebo_ros2_control:/home/khaledob/bookros2_ws/install/effort_controllers:/home/khaledob/bookros2_ws/install/forward_command_controller:/home/khaledob/bookros2_ws/install/force_torque_sensor_broadcaster:/home/khaledob/bookros2_ws/install/diff_drive_controller:/home/khaledob/bookros2_ws/install/controller_manager:/home/khaledob/bookros2_ws/install/controller_interface:/home/khaledob/bookros2_ws/install/hardware_interface:/home/khaledob/bookros2_ws/install/groot:/home/khaledob/bookros2_ws/install/controller_manager_msgs:/home/khaledob/bookros2_ws/install/br2_vff_avoidance:/home/khaledob/bookros2_ws/install/br2_tracking:/home/khaledob/bookros2_ws/install/br2_tracking_msgs:/home/khaledob/bookros2_ws/install/br2_tiago:/home/khaledob/bookros2_ws/install/br2_tf2_detector:/home/khaledob/bookros2_ws/install/br2_navigation:/home/khaledob/bookros2_ws/install/br2_fsm_bumpgo_cpp:/home/khaledob/bookros2_ws/install/br2_bt_patrolling:/home/khaledob/bookros2_ws/install/br2_bt_bumpgo:/home/khaledob/bookros2_ws/install/br2_basics:/home/khaledob/bookros2_ws/install/ros2controlcli:/home/khaledob/bookros2_ws/install/launch_pal:/home/khaledob/bookros2_ws/install/br2_fsm_bumpgo_py:/opt/ros/foxy /usr/bin/cmake --build /home/khaledob/bookros2_ws/build/pmb2_2dnav -- -j7 -l7
[4.903s] DEBUG:colcon.colcon_core.event_handler.log_command:Invoking command in '/home/khaledob/bookros2_ws/build/pmb2_2dnav': CMAKE_PREFIX_PATH=/home/khaledob/bookros2_ws/install/pmb2_maps:/home/khaledob/bookros2_ws/install/task2b:/home/khaledob/bookros2_ws/install/task2a:/home/khaledob/bookros2_ws/install/gazebo_ros2_control_demos:/home/khaledob/bookros2_ws/install/ros2_controllers:/home/khaledob/bookros2_ws/install/velocity_controllers:/home/khaledob/bookros2_ws/install/urdf_test:/home/khaledob/bookros2_ws/install/tiago_simulation:/home/khaledob/bookros2_ws/install/tiago_robot:/home/khaledob/bookros2_ws/install/tiago_2dnav_gazebo:/home/khaledob/bookros2_ws/install/tiago_gazebo:/home/khaledob/bookros2_ws/install/tiago_bringup:/home/khaledob/bookros2_ws/install/pmb2_robot:/home/khaledob/bookros2_ws/install/pmb2_bringup:/home/khaledob/bookros2_ws/install/twist_mux:/home/khaledob/bookros2_ws/install/transmission_interface:/home/khaledob/bookros2_ws/install/tiago_description:/home/khaledob/bookros2_ws/install/tiago_description_calibration:/home/khaledob/bookros2_ws/install/tiago_controller_configuration:/home/khaledob/bookros2_ws/install/task1:/home/khaledob/bookros2_ws/install/ros2_control:/home/khaledob/bookros2_ws/install/ros2_control_test_assets:/home/khaledob/bookros2_ws/install/pal_gripper:/home/khaledob/bookros2_ws/install/pal_gripper_controller_configuration:/home/khaledob/bookros2_ws/install/position_controllers:/home/khaledob/bookros2_ws/install/pmb2_navigation:/home/khaledob/bookros2_ws/install/pmb2_2dnav:/home/khaledob/bookros2_ws/install/pmb2_description:/home/khaledob/bookros2_ws/install/pmb2_controller_configuration:/home/khaledob/bookros2_ws/install/pal_gripper_description:/home/khaledob/bookros2_ws/install/pal_gazebo_worlds:/home/khaledob/bookros2_ws/install/joint_trajectory_controller:/home/khaledob/bookros2_ws/install/joint_state_controller:/home/khaledob/bookros2_ws/install/joint_state_broadcaster:/home/khaledob/bookros2_ws/install/imu_sensor_broadcaster:/home/khaledob/bookros2_ws/install/hey5_description:/home/khaledob/bookros2_ws/install/gripper_controllers:/home/khaledob/bookros2_ws/install/gazebo_ros2_control:/home/khaledob/bookros2_ws/install/effort_controllers:/home/khaledob/bookros2_ws/install/forward_command_controller:/home/khaledob/bookros2_ws/install/force_torque_sensor_broadcaster:/home/khaledob/bookros2_ws/install/diff_drive_controller:/home/khaledob/bookros2_ws/install/controller_manager:/home/khaledob/bookros2_ws/install/controller_interface:/home/khaledob/bookros2_ws/install/hardware_interface:/home/khaledob/bookros2_ws/install/groot:/home/khaledob/bookros2_ws/install/controller_manager_msgs:/home/khaledob/bookros2_ws/install/br2_vff_avoidance:/home/khaledob/bookros2_ws/install/br2_tracking:/home/khaledob/bookros2_ws/install/br2_tracking_msgs:/home/khaledob/bookros2_ws/install/br2_tiago:/home/khaledob/bookros2_ws/install/br2_tf2_detector:/home/khaledob/bookros2_ws/install/br2_navigation:/home/khaledob/bookros2_ws/install/br2_fsm_bumpgo_cpp:/home/khaledob/bookros2_ws/install/br2_bt_patrolling:/home/khaledob/bookros2_ws/install/br2_bt_bumpgo:/home/khaledob/bookros2_ws/install/br2_basics:/home/khaledob/bookros2_ws/install/ros2controlcli:/home/khaledob/bookros2_ws/install/launch_pal:/home/khaledob/bookros2_ws/install/br2_fsm_bumpgo_py:/opt/ros/foxy /usr/bin/cmake --install /home/khaledob/bookros2_ws/build/pmb2_2dnav
[4.957s] DEBUG:colcon.colcon_core.event_handler.log_command:Invoking command in '/home/khaledob/bookros2_ws/build/br2_fsm_bumpgo_cpp': CMAKE_PREFIX_PATH=${CMAKE_PREFIX_PATH}:/home/khaledob/bookros2_ws/install/ros2controlcli:/home/khaledob/bookros2_ws/install/launch_pal:/home/khaledob/bookros2_ws/install/br2_fsm_bumpgo_py:/opt/ros/foxy /usr/bin/cmake --build /home/khaledob/bookros2_ws/build/br2_fsm_bumpgo_cpp -- -j7 -l7
[5.455s] INFO:colcon.colcon_core.task.python.build:Building Python package in '/home/khaledob/bookros2_ws/src/book_ros2/br2_fsm_bumpgo_py'
[5.456s] INFO:colcon.colcon_core.shell:Skip shell extension 'powershell' for command environment: Not usable outside of PowerShell
[5.456s] DEBUG:colcon.colcon_core.shell:Skip shell extension 'dsv' for command environment
[5.501s] Level 1:colcon.colcon_core.environment:create_environment_scripts_only(br2_tracking_msgs)
[5.502s] Level 1:colcon.colcon_core.environment:checking '/home/khaledob/bookros2_ws/install/br2_tracking_msgs' for CMake module files
[5.503s] DEBUG:colcon.colcon_core.event_handler.log_command:Invoked command in '/home/khaledob/bookros2_ws/build/br2_tracking_msgs' returned '0': CMAKE_PREFIX_PATH=${CMAKE_PREFIX_PATH}:/home/khaledob/bookros2_ws/install/ros2controlcli:/home/khaledob/bookros2_ws/install/launch_pal:/home/khaledob/bookros2_ws/install/br2_fsm_bumpgo_py:/opt/ros/foxy /usr/bin/cmake --install /home/khaledob/bookros2_ws/build/br2_tracking_msgs
[5.504s] Level 1:colcon.colcon_core.environment:checking '/home/khaledob/bookros2_ws/install/br2_tracking_msgs' for CMake config files
[5.505s] Level 1:colcon.colcon_core.shell:create_environment_hook('br2_tracking_msgs', 'cmake_prefix_path')
[5.505s] INFO:colcon.colcon_core.shell:Creating environment hook '/home/khaledob/bookros2_ws/install/br2_tracking_msgs/share/br2_tracking_msgs/hook/cmake_prefix_path.ps1'
[5.506s] INFO:colcon.colcon_core.shell:Creating environment descriptor '/home/khaledob/bookros2_ws/install/br2_tracking_msgs/share/br2_tracking_msgs/hook/cmake_prefix_path.dsv'
[5.507s] INFO:colcon.colcon_core.shell:Creating environment hook '/home/khaledob/bookros2_ws/install/br2_tracking_msgs/share/br2_tracking_msgs/hook/cmake_prefix_path.sh'
[5.509s] Level 1:colcon.colcon_core.environment:checking '/home/khaledob/bookros2_ws/install/br2_tracking_msgs/lib'
[5.509s] Level 1:colcon.colcon_core.shell:create_environment_hook('br2_tracking_msgs', 'ld_library_path_lib')
[5.510s] INFO:colcon.colcon_core.shell:Creating environment hook '/home/khaledob/bookros2_ws/install/br2_tracking_msgs/share/br2_tracking_msgs/hook/ld_library_path_lib.ps1'
[5.511s] INFO:colcon.colcon_core.shell:Creating environment descriptor '/home/khaledob/bookros2_ws/install/br2_tracking_msgs/share/br2_tracking_msgs/hook/ld_library_path_lib.dsv'
[5.512s] INFO:colcon.colcon_core.shell:Creating environment hook '/home/khaledob/bookros2_ws/install/br2_tracking_msgs/share/br2_tracking_msgs/hook/ld_library_path_lib.sh'
[5.514s] Level 1:colcon.colcon_core.environment:checking '/home/khaledob/bookros2_ws/install/br2_tracking_msgs/bin'
[5.516s] Level 1:colcon.colcon_core.environment:checking '/home/khaledob/bookros2_ws/install/br2_tracking_msgs/lib/pkgconfig/br2_tracking_msgs.pc'
[5.517s] Level 1:colcon.colcon_core.environment:checking '/home/khaledob/bookros2_ws/install/br2_tracking_msgs/lib/python3.8/site-packages'
[5.517s] Level 1:colcon.colcon_core.shell:create_environment_hook('br2_tracking_msgs', 'pythonpath')
[5.518s] INFO:colcon.colcon_core.shell:Creating environment hook '/home/khaledob/bookros2_ws/install/br2_tracking_msgs/share/br2_tracking_msgs/hook/pythonpath.ps1'
[5.519s] INFO:colcon.colcon_core.shell:Creating environment descriptor '/home/khaledob/bookros2_ws/install/br2_tracking_msgs/share/br2_tracking_msgs/hook/pythonpath.dsv'
[5.520s] INFO:colcon.colcon_core.shell:Creating environment hook '/home/khaledob/bookros2_ws/install/br2_tracking_msgs/share/br2_tracking_msgs/hook/pythonpath.sh'
[5.522s] Level 1:colcon.colcon_core.environment:checking '/home/khaledob/bookros2_ws/install/br2_tracking_msgs/bin'
[5.522s] INFO:colcon.colcon_core.shell:Creating package script '/home/khaledob/bookros2_ws/install/br2_tracking_msgs/share/br2_tracking_msgs/package.ps1'
[5.523s] INFO:colcon.colcon_core.shell:Creating package descriptor '/home/khaledob/bookros2_ws/install/br2_tracking_msgs/share/br2_tracking_msgs/package.dsv'
[5.525s] INFO:colcon.colcon_core.shell:Creating package script '/home/khaledob/bookros2_ws/install/br2_tracking_msgs/share/br2_tracking_msgs/package.sh'
[5.526s] INFO:colcon.colcon_core.shell:Creating package script '/home/khaledob/bookros2_ws/install/br2_tracking_msgs/share/br2_tracking_msgs/package.bash'
[5.528s] INFO:colcon.colcon_core.shell:Creating package script '/home/khaledob/bookros2_ws/install/br2_tracking_msgs/share/br2_tracking_msgs/package.zsh'
[5.530s] Level 1:colcon.colcon_core.environment:create_file_with_runtime_dependencies(/home/khaledob/bookros2_ws/install/br2_tracking_msgs/share/colcon-core/packages/br2_tracking_msgs)
[5.532s] Level 1:colcon.colcon_core.environment:create_environment_scripts_only(br2_tracking_msgs)
[5.533s] Level 1:colcon.colcon_core.environment:checking '/home/khaledob/bookros2_ws/install/br2_tracking_msgs' for CMake module files
[5.534s] Level 1:colcon.colcon_core.environment:checking '/home/khaledob/bookros2_ws/install/br2_tracking_msgs' for CMake config files
[5.535s] Level 1:colcon.colcon_core.shell:create_environment_hook('br2_tracking_msgs', 'cmake_prefix_path')
[5.535s] INFO:colcon.colcon_core.shell:Creating environment hook '/home/khaledob/bookros2_ws/install/br2_tracking_msgs/share/br2_tracking_msgs/hook/cmake_prefix_path.ps1'
[5.536s] INFO:colcon.colcon_core.shell:Creating environment descriptor '/home/khaledob/bookros2_ws/install/br2_tracking_msgs/share/br2_tracking_msgs/hook/cmake_prefix_path.dsv'
[5.537s] INFO:colcon.colcon_core.shell:Creating environment hook '/home/khaledob/bookros2_ws/install/br2_tracking_msgs/share/br2_tracking_msgs/hook/cmake_prefix_path.sh'
[5.538s] Level 1:colcon.colcon_core.environment:checking '/home/khaledob/bookros2_ws/install/br2_tracking_msgs/lib'
[5.539s] Level 1:colcon.colcon_core.shell:create_environment_hook('br2_tracking_msgs', 'ld_library_path_lib')
[5.539s] INFO:colcon.colcon_core.shell:Creating environment hook '/home/khaledob/bookros2_ws/install/br2_tracking_msgs/share/br2_tracking_msgs/hook/ld_library_path_lib.ps1'
[5.540s] INFO:colcon.colcon_core.shell:Creating environment descriptor '/home/khaledob/bookros2_ws/install/br2_tracking_msgs/share/br2_tracking_msgs/hook/ld_library_path_lib.dsv'
[5.542s] INFO:colcon.colcon_core.shell:Creating environment hook '/home/khaledob/bookros2_ws/install/br2_tracking_msgs/share/br2_tracking_msgs/hook/ld_library_path_lib.sh'
[5.543s] Level 1:colcon.colcon_core.environment:checking '/home/khaledob/bookros2_ws/install/br2_tracking_msgs/bin'
[5.544s] Level 1:colcon.colcon_core.environment:checking '/home/khaledob/bookros2_ws/install/br2_tracking_msgs/lib/pkgconfig/br2_tracking_msgs.pc'
[5.544s] Level 1:colcon.colcon_core.environment:checking '/home/khaledob/bookros2_ws/install/br2_tracking_msgs/lib/python3.8/site-packages'
[5.544s] Level 1:colcon.colcon_core.shell:create_environment_hook('br2_tracking_msgs', 'pythonpath')
[5.545s] INFO:colcon.colcon_core.shell:Creating environment hook '/home/khaledob/bookros2_ws/install/br2_tracking_msgs/share/br2_tracking_msgs/hook/pythonpath.ps1'
[5.546s] INFO:colcon.colcon_core.shell:Creating environment descriptor '/home/khaledob/bookros2_ws/install/br2_tracking_msgs/share/br2_tracking_msgs/hook/pythonpath.dsv'
[5.547s] INFO:colcon.colcon_core.shell:Creating environment hook '/home/khaledob/bookros2_ws/install/br2_tracking_msgs/share/br2_tracking_msgs/hook/pythonpath.sh'
[5.548s] Level 1:colcon.colcon_core.environment:checking '/home/khaledob/bookros2_ws/install/br2_tracking_msgs/bin'
[5.549s] INFO:colcon.colcon_core.shell:Creating package script '/home/khaledob/bookros2_ws/install/br2_tracking_msgs/share/br2_tracking_msgs/package.ps1'
[5.550s] INFO:colcon.colcon_core.shell:Creating package descriptor '/home/khaledob/bookros2_ws/install/br2_tracking_msgs/share/br2_tracking_msgs/package.dsv'
[5.552s] INFO:colcon.colcon_core.shell:Creating package script '/home/khaledob/bookros2_ws/install/br2_tracking_msgs/share/br2_tracking_msgs/package.sh'
[5.553s] INFO:colcon.colcon_core.shell:Creating package script '/home/khaledob/bookros2_ws/install/br2_tracking_msgs/share/br2_tracking_msgs/package.bash'
[5.555s] INFO:colcon.colcon_core.shell:Creating package script '/home/khaledob/bookros2_ws/install/br2_tracking_msgs/share/br2_tracking_msgs/package.zsh'
[5.556s] Level 1:colcon.colcon_core.environment:create_file_with_runtime_dependencies(/home/khaledob/bookros2_ws/install/br2_tracking_msgs/share/colcon-core/packages/br2_tracking_msgs)
[5.559s] INFO:colcon.colcon_ros.task.ament_cmake.build:Building ROS package in '/home/khaledob/bookros2_ws/src/book_ros2/br2_navigation' with build type 'ament_cmake'
[5.560s] INFO:colcon.colcon_cmake.task.cmake.build:Building CMake package in '/home/khaledob/bookros2_ws/src/book_ros2/br2_navigation'
[5.561s] INFO:colcon.colcon_core.shell:Skip shell extension 'powershell' for command environment: Not usable outside of PowerShell
[5.562s] DEBUG:colcon.colcon_core.shell:Skip shell extension 'dsv' for command environment
[5.579s] DEBUG:colcon.colcon_core.event_handler.log_command:Invoked command in '/home/khaledob/bookros2_ws/build/controller_interface' returned '0': CMAKE_PREFIX_PATH=/home/khaledob/bookros2_ws/install/hardware_interface:/home/khaledob/bookros2_ws/install/ros2_control_test_assets:/home/khaledob/bookros2_ws/install/task2b:/home/khaledob/bookros2_ws/install/task2a:/home/khaledob/bookros2_ws/install/gazebo_ros2_control_demos:/home/khaledob/bookros2_ws/install/ros2_controllers:/home/khaledob/bookros2_ws/install/velocity_controllers:/home/khaledob/bookros2_ws/install/urdf_test:/home/khaledob/bookros2_ws/install/tiago_simulation:/home/khaledob/bookros2_ws/install/tiago_robot:/home/khaledob/bookros2_ws/install/tiago_2dnav_gazebo:/home/khaledob/bookros2_ws/install/tiago_gazebo:/home/khaledob/bookros2_ws/install/tiago_bringup:/home/khaledob/bookros2_ws/install/pmb2_robot:/home/khaledob/bookros2_ws/install/pmb2_bringup:/home/khaledob/bookros2_ws/install/twist_mux:/home/khaledob/bookros2_ws/install/transmission_interface:/home/khaledob/bookros2_ws/install/tiago_description:/home/khaledob/bookros2_ws/install/tiago_description_calibration:/home/khaledob/bookros2_ws/install/tiago_controller_configuration:/home/khaledob/bookros2_ws/install/task1:/home/khaledob/bookros2_ws/install/ros2_control:/home/khaledob/bookros2_ws/install/pal_gripper:/home/khaledob/bookros2_ws/install/pal_gripper_controller_configuration:/home/khaledob/bookros2_ws/install/position_controllers:/home/khaledob/bookros2_ws/install/pmb2_navigation:/home/khaledob/bookros2_ws/install/pmb2_2dnav:/home/khaledob/bookros2_ws/install/pmb2_maps:/home/khaledob/bookros2_ws/install/pmb2_description:/home/khaledob/bookros2_ws/install/pmb2_controller_configuration:/home/khaledob/bookros2_ws/install/pal_gripper_description:/home/khaledob/bookros2_ws/install/pal_gazebo_worlds:/home/khaledob/bookros2_ws/install/joint_trajectory_controller:/home/khaledob/bookros2_ws/install/joint_state_controller:/home/khaledob/bookros2_ws/install/joint_state_broadcaster:/home/khaledob/bookros2_ws/install/imu_sensor_broadcaster:/home/khaledob/bookros2_ws/install/hey5_description:/home/khaledob/bookros2_ws/install/gripper_controllers:/home/khaledob/bookros2_ws/install/gazebo_ros2_control:/home/khaledob/bookros2_ws/install/effort_controllers:/home/khaledob/bookros2_ws/install/forward_command_controller:/home/khaledob/bookros2_ws/install/force_torque_sensor_broadcaster:/home/khaledob/bookros2_ws/install/diff_drive_controller:/home/khaledob/bookros2_ws/install/controller_manager:/home/khaledob/bookros2_ws/install/controller_interface:/home/khaledob/bookros2_ws/install/groot:/home/khaledob/bookros2_ws/install/controller_manager_msgs:/home/khaledob/bookros2_ws/install/br2_vff_avoidance:/home/khaledob/bookros2_ws/install/br2_tracking:/home/khaledob/bookros2_ws/install/br2_tracking_msgs:/home/khaledob/bookros2_ws/install/br2_tiago:/home/khaledob/bookros2_ws/install/br2_tf2_detector:/home/khaledob/bookros2_ws/install/br2_navigation:/home/khaledob/bookros2_ws/install/br2_fsm_bumpgo_cpp:/home/khaledob/bookros2_ws/install/br2_bt_patrolling:/home/khaledob/bookros2_ws/install/br2_bt_bumpgo:/home/khaledob/bookros2_ws/install/br2_basics:/home/khaledob/bookros2_ws/install/ros2controlcli:/home/khaledob/bookros2_ws/install/launch_pal:/home/khaledob/bookros2_ws/install/br2_fsm_bumpgo_py:/opt/ros/foxy LD_LIBRARY_PATH=/home/khaledob/bookros2_ws/install/hardware_interface/lib:/home/khaledob/bookros2_ws/install/velocity_controllers/lib:/home/khaledob/bookros2_ws/install/position_controllers/lib:/home/khaledob/bookros2_ws/install/joint_trajectory_controller/lib:/home/khaledob/bookros2_ws/install/joint_state_controller/lib:/home/khaledob/bookros2_ws/install/joint_state_broadcaster/lib:/home/khaledob/bookros2_ws/install/imu_sensor_broadcaster/lib:/home/khaledob/bookros2_ws/install/gripper_controllers/lib:/home/khaledob/bookros2_ws/install/gazebo_ros2_control/lib:/home/khaledob/bookros2_ws/install/effort_controllers/lib:/home/khaledob/bookros2_ws/install/forward_command_controller/lib:/home/khaledob/bookros2_ws/install/force_torque_sensor_broadcaster/lib:/home/khaledob/bookros2_ws/install/diff_drive_controller/lib:/home/khaledob/bookros2_ws/install/controller_manager/lib:/home/khaledob/bookros2_ws/install/controller_interface/lib:/home/khaledob/bookros2_ws/install/groot/lib:/home/khaledob/bookros2_ws/install/controller_manager_msgs/lib:/home/khaledob/bookros2_ws/install/br2_vff_avoidance/lib:/home/khaledob/bookros2_ws/install/br2_tracking/lib:/home/khaledob/bookros2_ws/install/br2_tracking_msgs/lib:/home/khaledob/bookros2_ws/install/br2_tf2_detector/lib:/home/khaledob/bookros2_ws/install/br2_bt_patrolling/lib:/home/khaledob/bookros2_ws/install/br2_bt_bumpgo/lib:/usr/lib/x86_64-linux-gnu/gazebo-11/plugins:/opt/ros/foxy/opt/yaml_cpp_vendor/lib:/opt/ros/foxy/opt/rviz_ogre_vendor/lib:/opt/ros/foxy/lib/x86_64-linux-gnu:/opt/ros/foxy/lib /usr/bin/cmake --build /home/khaledob/bookros2_ws/build/controller_interface -- -j7 -l7
[5.588s] DEBUG:colcon.colcon_core.event_handler.log_command:Invoking command in '/home/khaledob/bookros2_ws/build/controller_interface': CMAKE_PREFIX_PATH=/home/khaledob/bookros2_ws/install/hardware_interface:/home/khaledob/bookros2_ws/install/ros2_control_test_assets:/home/khaledob/bookros2_ws/install/task2b:/home/khaledob/bookros2_ws/install/task2a:/home/khaledob/bookros2_ws/install/gazebo_ros2_control_demos:/home/khaledob/bookros2_ws/install/ros2_controllers:/home/khaledob/bookros2_ws/install/velocity_controllers:/home/khaledob/bookros2_ws/install/urdf_test:/home/khaledob/bookros2_ws/install/tiago_simulation:/home/khaledob/bookros2_ws/install/tiago_robot:/home/khaledob/bookros2_ws/install/tiago_2dnav_gazebo:/home/khaledob/bookros2_ws/install/tiago_gazebo:/home/khaledob/bookros2_ws/install/tiago_bringup:/home/khaledob/bookros2_ws/install/pmb2_robot:/home/khaledob/bookros2_ws/install/pmb2_bringup:/home/khaledob/bookros2_ws/install/twist_mux:/home/khaledob/bookros2_ws/install/transmission_interface:/home/khaledob/bookros2_ws/install/tiago_description:/home/khaledob/bookros2_ws/install/tiago_description_calibration:/home/khaledob/bookros2_ws/install/tiago_controller_configuration:/home/khaledob/bookros2_ws/install/task1:/home/khaledob/bookros2_ws/install/ros2_control:/home/khaledob/bookros2_ws/install/pal_gripper:/home/khaledob/bookros2_ws/install/pal_gripper_controller_configuration:/home/khaledob/bookros2_ws/install/position_controllers:/home/khaledob/bookros2_ws/install/pmb2_navigation:/home/khaledob/bookros2_ws/install/pmb2_2dnav:/home/khaledob/bookros2_ws/install/pmb2_maps:/home/khaledob/bookros2_ws/install/pmb2_description:/home/khaledob/bookros2_ws/install/pmb2_controller_configuration:/home/khaledob/bookros2_ws/install/pal_gripper_description:/home/khaledob/bookros2_ws/install/pal_gazebo_worlds:/home/khaledob/bookros2_ws/install/joint_trajectory_controller:/home/khaledob/bookros2_ws/install/joint_state_controller:/home/khaledob/bookros2_ws/install/joint_state_broadcaster:/home/khaledob/bookros2_ws/install/imu_sensor_broadcaster:/home/khaledob/bookros2_ws/install/hey5_description:/home/khaledob/bookros2_ws/install/gripper_controllers:/home/khaledob/bookros2_ws/install/gazebo_ros2_control:/home/khaledob/bookros2_ws/install/effort_controllers:/home/khaledob/bookros2_ws/install/forward_command_controller:/home/khaledob/bookros2_ws/install/force_torque_sensor_broadcaster:/home/khaledob/bookros2_ws/install/diff_drive_controller:/home/khaledob/bookros2_ws/install/controller_manager:/home/khaledob/bookros2_ws/install/controller_interface:/home/khaledob/bookros2_ws/install/groot:/home/khaledob/bookros2_ws/install/controller_manager_msgs:/home/khaledob/bookros2_ws/install/br2_vff_avoidance:/home/khaledob/bookros2_ws/install/br2_tracking:/home/khaledob/bookros2_ws/install/br2_tracking_msgs:/home/khaledob/bookros2_ws/install/br2_tiago:/home/khaledob/bookros2_ws/install/br2_tf2_detector:/home/khaledob/bookros2_ws/install/br2_navigation:/home/khaledob/bookros2_ws/install/br2_fsm_bumpgo_cpp:/home/khaledob/bookros2_ws/install/br2_bt_patrolling:/home/khaledob/bookros2_ws/install/br2_bt_bumpgo:/home/khaledob/bookros2_ws/install/br2_basics:/home/khaledob/bookros2_ws/install/ros2controlcli:/home/khaledob/bookros2_ws/install/launch_pal:/home/khaledob/bookros2_ws/install/br2_fsm_bumpgo_py:/opt/ros/foxy LD_LIBRARY_PATH=/home/khaledob/bookros2_ws/install/hardware_interface/lib:/home/khaledob/bookros2_ws/install/velocity_controllers/lib:/home/khaledob/bookros2_ws/install/position_controllers/lib:/home/khaledob/bookros2_ws/install/joint_trajectory_controller/lib:/home/khaledob/bookros2_ws/install/joint_state_controller/lib:/home/khaledob/bookros2_ws/install/joint_state_broadcaster/lib:/home/khaledob/bookros2_ws/install/imu_sensor_broadcaster/lib:/home/khaledob/bookros2_ws/install/gripper_controllers/lib:/home/khaledob/bookros2_ws/install/gazebo_ros2_control/lib:/home/khaledob/bookros2_ws/install/effort_controllers/lib:/home/khaledob/bookros2_ws/install/forward_command_controller/lib:/home/khaledob/bookros2_ws/install/force_torque_sensor_broadcaster/lib:/home/khaledob/bookros2_ws/install/diff_drive_controller/lib:/home/khaledob/bookros2_ws/install/controller_manager/lib:/home/khaledob/bookros2_ws/install/controller_interface/lib:/home/khaledob/bookros2_ws/install/groot/lib:/home/khaledob/bookros2_ws/install/controller_manager_msgs/lib:/home/khaledob/bookros2_ws/install/br2_vff_avoidance/lib:/home/khaledob/bookros2_ws/install/br2_tracking/lib:/home/khaledob/bookros2_ws/install/br2_tracking_msgs/lib:/home/khaledob/bookros2_ws/install/br2_tf2_detector/lib:/home/khaledob/bookros2_ws/install/br2_bt_patrolling/lib:/home/khaledob/bookros2_ws/install/br2_bt_bumpgo/lib:/usr/lib/x86_64-linux-gnu/gazebo-11/plugins:/opt/ros/foxy/opt/yaml_cpp_vendor/lib:/opt/ros/foxy/opt/rviz_ogre_vendor/lib:/opt/ros/foxy/lib/x86_64-linux-gnu:/opt/ros/foxy/lib /usr/bin/cmake --install /home/khaledob/bookros2_ws/build/controller_interface
[5.598s] DEBUG:colcon.colcon_core.event_handler.log_command:Invoked command in '/home/khaledob/bookros2_ws/build/br2_bt_patrolling' returned '0': CMAKE_PREFIX_PATH=${CMAKE_PREFIX_PATH}:/home/khaledob/bookros2_ws/install/ros2controlcli:/home/khaledob/bookros2_ws/install/launch_pal:/home/khaledob/bookros2_ws/install/br2_fsm_bumpgo_py:/opt/ros/foxy /usr/bin/cmake --build /home/khaledob/bookros2_ws/build/br2_bt_patrolling -- -j7 -l7
[5.600s] DEBUG:colcon.colcon_core.event_handler.log_command:Invoking command in '/home/khaledob/bookros2_ws/build/br2_bt_patrolling': CMAKE_PREFIX_PATH=${CMAKE_PREFIX_PATH}:/home/khaledob/bookros2_ws/install/ros2controlcli:/home/khaledob/bookros2_ws/install/launch_pal:/home/khaledob/bookros2_ws/install/br2_fsm_bumpgo_py:/opt/ros/foxy /usr/bin/cmake --install /home/khaledob/bookros2_ws/build/br2_bt_patrolling
[5.610s] DEBUG:colcon.colcon_core.event_handler.log_command:Invoked command in '/home/khaledob/bookros2_ws/build/br2_bt_bumpgo' returned '0': CMAKE_PREFIX_PATH=${CMAKE_PREFIX_PATH}:/home/khaledob/bookros2_ws/install/ros2controlcli:/home/khaledob/bookros2_ws/install/launch_pal:/home/khaledob/bookros2_ws/install/br2_fsm_bumpgo_py:/opt/ros/foxy /usr/bin/cmake --build /home/khaledob/bookros2_ws/build/br2_bt_bumpgo -- -j7 -l7
[5.611s] DEBUG:colcon.colcon_core.event_handler.log_command:Invoking command in '/home/khaledob/bookros2_ws/build/br2_bt_bumpgo': CMAKE_PREFIX_PATH=${CMAKE_PREFIX_PATH}:/home/khaledob/bookros2_ws/install/ros2controlcli:/home/khaledob/bookros2_ws/install/launch_pal:/home/khaledob/bookros2_ws/install/br2_fsm_bumpgo_py:/opt/ros/foxy /usr/bin/cmake --install /home/khaledob/bookros2_ws/build/br2_bt_bumpgo
[5.620s] Level 1:colcon.colcon_core.environment:create_environment_scripts_only(pmb2_2dnav)
[5.624s] Level 1:colcon.colcon_core.environment:checking '/home/khaledob/bookros2_ws/install/pmb2_2dnav' for CMake module files
[5.627s] DEBUG:colcon.colcon_core.event_handler.log_command:Invoked command in '/home/khaledob/bookros2_ws/build/pmb2_2dnav' returned '0': CMAKE_PREFIX_PATH=/home/khaledob/bookros2_ws/install/pmb2_maps:/home/khaledob/bookros2_ws/install/task2b:/home/khaledob/bookros2_ws/install/task2a:/home/khaledob/bookros2_ws/install/gazebo_ros2_control_demos:/home/khaledob/bookros2_ws/install/ros2_controllers:/home/khaledob/bookros2_ws/install/velocity_controllers:/home/khaledob/bookros2_ws/install/urdf_test:/home/khaledob/bookros2_ws/install/tiago_simulation:/home/khaledob/bookros2_ws/install/tiago_robot:/home/khaledob/bookros2_ws/install/tiago_2dnav_gazebo:/home/khaledob/bookros2_ws/install/tiago_gazebo:/home/khaledob/bookros2_ws/install/tiago_bringup:/home/khaledob/bookros2_ws/install/pmb2_robot:/home/khaledob/bookros2_ws/install/pmb2_bringup:/home/khaledob/bookros2_ws/install/twist_mux:/home/khaledob/bookros2_ws/install/transmission_interface:/home/khaledob/bookros2_ws/install/tiago_description:/home/khaledob/bookros2_ws/install/tiago_description_calibration:/home/khaledob/bookros2_ws/install/tiago_controller_configuration:/home/khaledob/bookros2_ws/install/task1:/home/khaledob/bookros2_ws/install/ros2_control:/home/khaledob/bookros2_ws/install/ros2_control_test_assets:/home/khaledob/bookros2_ws/install/pal_gripper:/home/khaledob/bookros2_ws/install/pal_gripper_controller_configuration:/home/khaledob/bookros2_ws/install/position_controllers:/home/khaledob/bookros2_ws/install/pmb2_navigation:/home/khaledob/bookros2_ws/install/pmb2_2dnav:/home/khaledob/bookros2_ws/install/pmb2_description:/home/khaledob/bookros2_ws/install/pmb2_controller_configuration:/home/khaledob/bookros2_ws/install/pal_gripper_description:/home/khaledob/bookros2_ws/install/pal_gazebo_worlds:/home/khaledob/bookros2_ws/install/joint_trajectory_controller:/home/khaledob/bookros2_ws/install/joint_state_controller:/home/khaledob/bookros2_ws/install/joint_state_broadcaster:/home/khaledob/bookros2_ws/install/imu_sensor_broadcaster:/home/khaledob/bookros2_ws/install/hey5_description:/home/khaledob/bookros2_ws/install/gripper_controllers:/home/khaledob/bookros2_ws/install/gazebo_ros2_control:/home/khaledob/bookros2_ws/install/effort_controllers:/home/khaledob/bookros2_ws/install/forward_command_controller:/home/khaledob/bookros2_ws/install/force_torque_sensor_broadcaster:/home/khaledob/bookros2_ws/install/diff_drive_controller:/home/khaledob/bookros2_ws/install/controller_manager:/home/khaledob/bookros2_ws/install/controller_interface:/home/khaledob/bookros2_ws/install/hardware_interface:/home/khaledob/bookros2_ws/install/groot:/home/khaledob/bookros2_ws/install/controller_manager_msgs:/home/khaledob/bookros2_ws/install/br2_vff_avoidance:/home/khaledob/bookros2_ws/install/br2_tracking:/home/khaledob/bookros2_ws/install/br2_tracking_msgs:/home/khaledob/bookros2_ws/install/br2_tiago:/home/khaledob/bookros2_ws/install/br2_tf2_detector:/home/khaledob/bookros2_ws/install/br2_navigation:/home/khaledob/bookros2_ws/install/br2_fsm_bumpgo_cpp:/home/khaledob/bookros2_ws/install/br2_bt_patrolling:/home/khaledob/bookros2_ws/install/br2_bt_bumpgo:/home/khaledob/bookros2_ws/install/br2_basics:/home/khaledob/bookros2_ws/install/ros2controlcli:/home/khaledob/bookros2_ws/install/launch_pal:/home/khaledob/bookros2_ws/install/br2_fsm_bumpgo_py:/opt/ros/foxy /usr/bin/cmake --install /home/khaledob/bookros2_ws/build/pmb2_2dnav
[5.632s] Level 1:colcon.colcon_core.environment:checking '/home/khaledob/bookros2_ws/install/pmb2_2dnav' for CMake config files
[5.635s] Level 1:colcon.colcon_core.shell:create_environment_hook('pmb2_2dnav', 'cmake_prefix_path')
[5.636s] INFO:colcon.colcon_core.shell:Creating environment hook '/home/khaledob/bookros2_ws/install/pmb2_2dnav/share/pmb2_2dnav/hook/cmake_prefix_path.ps1'
[5.639s] INFO:colcon.colcon_core.shell:Creating environment descriptor '/home/khaledob/bookros2_ws/install/pmb2_2dnav/share/pmb2_2dnav/hook/cmake_prefix_path.dsv'
[5.640s] INFO:colcon.colcon_core.shell:Creating environment hook '/home/khaledob/bookros2_ws/install/pmb2_2dnav/share/pmb2_2dnav/hook/cmake_prefix_path.sh'
[5.650s] Level 1:colcon.colcon_core.environment:checking '/home/khaledob/bookros2_ws/install/pmb2_2dnav/lib'
[5.650s] Level 1:colcon.colcon_core.environment:checking '/home/khaledob/bookros2_ws/install/pmb2_2dnav/bin'
[5.651s] Level 1:colcon.colcon_core.environment:checking '/home/khaledob/bookros2_ws/install/pmb2_2dnav/lib/pkgconfig/pmb2_2dnav.pc'
[5.651s] Level 1:colcon.colcon_core.environment:checking '/home/khaledob/bookros2_ws/install/pmb2_2dnav/lib/python3.8/site-packages'
[5.652s] Level 1:colcon.colcon_core.environment:checking '/home/khaledob/bookros2_ws/install/pmb2_2dnav/bin'
[5.655s] INFO:colcon.colcon_core.shell:Creating package script '/home/khaledob/bookros2_ws/install/pmb2_2dnav/share/pmb2_2dnav/package.ps1'
[5.657s] INFO:colcon.colcon_core.shell:Creating package descriptor '/home/khaledob/bookros2_ws/install/pmb2_2dnav/share/pmb2_2dnav/package.dsv'
[5.658s] INFO:colcon.colcon_core.shell:Creating package script '/home/khaledob/bookros2_ws/install/pmb2_2dnav/share/pmb2_2dnav/package.sh'
[5.659s] INFO:colcon.colcon_core.shell:Creating package script '/home/khaledob/bookros2_ws/install/pmb2_2dnav/share/pmb2_2dnav/package.bash'
[5.660s] INFO:colcon.colcon_core.shell:Creating package script '/home/khaledob/bookros2_ws/install/pmb2_2dnav/share/pmb2_2dnav/package.zsh'
[5.661s] Level 1:colcon.colcon_core.environment:create_file_with_runtime_dependencies(/home/khaledob/bookros2_ws/install/pmb2_2dnav/share/colcon-core/packages/pmb2_2dnav)
[5.663s] Level 1:colcon.colcon_core.environment:create_environment_scripts_only(pmb2_2dnav)
[5.663s] Level 1:colcon.colcon_core.environment:checking '/home/khaledob/bookros2_ws/install/pmb2_2dnav' for CMake module files
[5.664s] Level 1:colcon.colcon_core.environment:checking '/home/khaledob/bookros2_ws/install/pmb2_2dnav' for CMake config files
[5.665s] Level 1:colcon.colcon_core.shell:create_environment_hook('pmb2_2dnav', 'cmake_prefix_path')
[5.665s] INFO:colcon.colcon_core.shell:Creating environment hook '/home/khaledob/bookros2_ws/install/pmb2_2dnav/share/pmb2_2dnav/hook/cmake_prefix_path.ps1'
[5.666s] INFO:colcon.colcon_core.shell:Creating environment descriptor '/home/khaledob/bookros2_ws/install/pmb2_2dnav/share/pmb2_2dnav/hook/cmake_prefix_path.dsv'
[5.671s] INFO:colcon.colcon_core.shell:Creating environment hook '/home/khaledob/bookros2_ws/install/pmb2_2dnav/share/pmb2_2dnav/hook/cmake_prefix_path.sh'
[5.680s] Level 1:colcon.colcon_core.environment:checking '/home/khaledob/bookros2_ws/install/pmb2_2dnav/lib'
[5.682s] Level 1:colcon.colcon_core.environment:checking '/home/khaledob/bookros2_ws/install/pmb2_2dnav/bin'
[5.683s] Level 1:colcon.colcon_core.environment:checking '/home/khaledob/bookros2_ws/install/pmb2_2dnav/lib/pkgconfig/pmb2_2dnav.pc'
[5.683s] Level 1:colcon.colcon_core.environment:checking '/home/khaledob/bookros2_ws/install/pmb2_2dnav/lib/python3.8/site-packages'
[5.683s] Level 1:colcon.colcon_core.environment:checking '/home/khaledob/bookros2_ws/install/pmb2_2dnav/bin'
[5.683s] INFO:colcon.colcon_core.shell:Creating package script '/home/khaledob/bookros2_ws/install/pmb2_2dnav/share/pmb2_2dnav/package.ps1'
[5.687s] INFO:colcon.colcon_core.shell:Creating package descriptor '/home/khaledob/bookros2_ws/install/pmb2_2dnav/share/pmb2_2dnav/package.dsv'
[5.688s] INFO:colcon.colcon_core.shell:Creating package script '/home/khaledob/bookros2_ws/install/pmb2_2dnav/share/pmb2_2dnav/package.sh'
[5.694s] INFO:colcon.colcon_core.shell:Creating package script '/home/khaledob/bookros2_ws/install/pmb2_2dnav/share/pmb2_2dnav/package.bash'
[5.698s] INFO:colcon.colcon_core.shell:Creating package script '/home/khaledob/bookros2_ws/install/pmb2_2dnav/share/pmb2_2dnav/package.zsh'
[5.700s] Level 1:colcon.colcon_core.environment:create_file_with_runtime_dependencies(/home/khaledob/bookros2_ws/install/pmb2_2dnav/share/colcon-core/packages/pmb2_2dnav)
[5.726s] DEBUG:colcon.colcon_core.event_handler.log_command:Invoked command in '/home/khaledob/bookros2_ws/build/br2_fsm_bumpgo_cpp' returned '0': CMAKE_PREFIX_PATH=${CMAKE_PREFIX_PATH}:/home/khaledob/bookros2_ws/install/ros2controlcli:/home/khaledob/bookros2_ws/install/launch_pal:/home/khaledob/bookros2_ws/install/br2_fsm_bumpgo_py:/opt/ros/foxy /usr/bin/cmake --build /home/khaledob/bookros2_ws/build/br2_fsm_bumpgo_cpp -- -j7 -l7
[5.727s] DEBUG:colcon.colcon_core.event_handler.log_command:Invoking command in '/home/khaledob/bookros2_ws/build/br2_fsm_bumpgo_cpp': CMAKE_PREFIX_PATH=${CMAKE_PREFIX_PATH}:/home/khaledob/bookros2_ws/install/ros2controlcli:/home/khaledob/bookros2_ws/install/launch_pal:/home/khaledob/bookros2_ws/install/br2_fsm_bumpgo_py:/opt/ros/foxy /usr/bin/cmake --install /home/khaledob/bookros2_ws/build/br2_fsm_bumpgo_cpp
[5.730s] INFO:colcon.colcon_ros.task.ament_cmake.build:Building ROS package in '/home/khaledob/bookros2_ws/src/book_ros2/br2_tf2_detector' with build type 'ament_cmake'
[5.731s] INFO:colcon.colcon_cmake.task.cmake.build:Building CMake package in '/home/khaledob/bookros2_ws/src/book_ros2/br2_tf2_detector'
[5.731s] INFO:colcon.colcon_core.shell:Skip shell extension 'powershell' for command environment: Not usable outside of PowerShell
[5.731s] DEBUG:colcon.colcon_core.shell:Skip shell extension 'dsv' for command environment
[5.840s] Level 1:colcon.colcon_core.environment:create_environment_scripts_only(br2_bt_patrolling)
[5.857s] Level 1:colcon.colcon_core.environment:checking '/home/khaledob/bookros2_ws/install/br2_bt_patrolling' for CMake module files
[5.860s] DEBUG:colcon.colcon_core.event_handler.log_command:Invoked command in '/home/khaledob/bookros2_ws/build/br2_bt_patrolling' returned '0': CMAKE_PREFIX_PATH=${CMAKE_PREFIX_PATH}:/home/khaledob/bookros2_ws/install/ros2controlcli:/home/khaledob/bookros2_ws/install/launch_pal:/home/khaledob/bookros2_ws/install/br2_fsm_bumpgo_py:/opt/ros/foxy /usr/bin/cmake --install /home/khaledob/bookros2_ws/build/br2_bt_patrolling
[5.862s] Level 1:colcon.colcon_core.environment:checking '/home/khaledob/bookros2_ws/install/br2_bt_patrolling' for CMake config files
[5.862s] Level 1:colcon.colcon_core.shell:create_environment_hook('br2_bt_patrolling', 'cmake_prefix_path')
[5.863s] INFO:colcon.colcon_core.shell:Creating environment hook '/home/khaledob/bookros2_ws/install/br2_bt_patrolling/share/br2_bt_patrolling/hook/cmake_prefix_path.ps1'
[5.865s] INFO:colcon.colcon_core.shell:Creating environment descriptor '/home/khaledob/bookros2_ws/install/br2_bt_patrolling/share/br2_bt_patrolling/hook/cmake_prefix_path.dsv'
[5.866s] INFO:colcon.colcon_core.shell:Creating environment hook '/home/khaledob/bookros2_ws/install/br2_bt_patrolling/share/br2_bt_patrolling/hook/cmake_prefix_path.sh'
[5.868s] Level 1:colcon.colcon_core.environment:checking '/home/khaledob/bookros2_ws/install/br2_bt_patrolling/lib'
[5.869s] Level 1:colcon.colcon_core.shell:create_environment_hook('br2_bt_patrolling', 'ld_library_path_lib')
[5.869s] INFO:colcon.colcon_core.shell:Creating environment hook '/home/khaledob/bookros2_ws/install/br2_bt_patrolling/share/br2_bt_patrolling/hook/ld_library_path_lib.ps1'
[5.871s] INFO:colcon.colcon_core.shell:Creating environment descriptor '/home/khaledob/bookros2_ws/install/br2_bt_patrolling/share/br2_bt_patrolling/hook/ld_library_path_lib.dsv'
[5.872s] INFO:colcon.colcon_core.shell:Creating environment hook '/home/khaledob/bookros2_ws/install/br2_bt_patrolling/share/br2_bt_patrolling/hook/ld_library_path_lib.sh'
[5.873s] Level 1:colcon.colcon_core.environment:checking '/home/khaledob/bookros2_ws/install/br2_bt_patrolling/bin'
[5.873s] Level 1:colcon.colcon_core.environment:checking '/home/khaledob/bookros2_ws/install/br2_bt_patrolling/lib/pkgconfig/br2_bt_patrolling.pc'
[5.874s] Level 1:colcon.colcon_core.environment:checking '/home/khaledob/bookros2_ws/install/br2_bt_patrolling/lib/python3.8/site-packages'
[5.874s] Level 1:colcon.colcon_core.environment:checking '/home/khaledob/bookros2_ws/install/br2_bt_patrolling/bin'
[5.874s] INFO:colcon.colcon_core.shell:Creating package script '/home/khaledob/bookros2_ws/install/br2_bt_patrolling/share/br2_bt_patrolling/package.ps1'
[5.876s] INFO:colcon.colcon_core.shell:Creating package descriptor '/home/khaledob/bookros2_ws/install/br2_bt_patrolling/share/br2_bt_patrolling/package.dsv'
[5.878s] INFO:colcon.colcon_core.shell:Creating package script '/home/khaledob/bookros2_ws/install/br2_bt_patrolling/share/br2_bt_patrolling/package.sh'
[5.880s] INFO:colcon.colcon_core.shell:Creating package script '/home/khaledob/bookros2_ws/install/br2_bt_patrolling/share/br2_bt_patrolling/package.bash'
[5.881s] INFO:colcon.colcon_core.shell:Creating package script '/home/khaledob/bookros2_ws/install/br2_bt_patrolling/share/br2_bt_patrolling/package.zsh'
[5.882s] Level 1:colcon.colcon_core.environment:create_file_with_runtime_dependencies(/home/khaledob/bookros2_ws/install/br2_bt_patrolling/share/colcon-core/packages/br2_bt_patrolling)
[5.883s] Level 1:colcon.colcon_core.environment:create_environment_scripts_only(br2_bt_patrolling)
[5.883s] Level 1:colcon.colcon_core.environment:checking '/home/khaledob/bookros2_ws/install/br2_bt_patrolling' for CMake module files
[5.884s] Level 1:colcon.colcon_core.environment:checking '/home/khaledob/bookros2_ws/install/br2_bt_patrolling' for CMake config files
[5.885s] Level 1:colcon.colcon_core.shell:create_environment_hook('br2_bt_patrolling', 'cmake_prefix_path')
[5.886s] INFO:colcon.colcon_core.shell:Creating environment hook '/home/khaledob/bookros2_ws/install/br2_bt_patrolling/share/br2_bt_patrolling/hook/cmake_prefix_path.ps1'
[5.886s] INFO:colcon.colcon_core.shell:Creating environment descriptor '/home/khaledob/bookros2_ws/install/br2_bt_patrolling/share/br2_bt_patrolling/hook/cmake_prefix_path.dsv'
[5.887s] INFO:colcon.colcon_core.shell:Creating environment hook '/home/khaledob/bookros2_ws/install/br2_bt_patrolling/share/br2_bt_patrolling/hook/cmake_prefix_path.sh'
[5.889s] Level 1:colcon.colcon_core.environment:checking '/home/khaledob/bookros2_ws/install/br2_bt_patrolling/lib'
[5.890s] Level 1:colcon.colcon_core.shell:create_environment_hook('br2_bt_patrolling', 'ld_library_path_lib')
[5.890s] INFO:colcon.colcon_core.shell:Creating environment hook '/home/khaledob/bookros2_ws/install/br2_bt_patrolling/share/br2_bt_patrolling/hook/ld_library_path_lib.ps1'
[5.891s] INFO:colcon.colcon_core.shell:Creating environment descriptor '/home/khaledob/bookros2_ws/install/br2_bt_patrolling/share/br2_bt_patrolling/hook/ld_library_path_lib.dsv'
[5.891s] INFO:colcon.colcon_core.shell:Creating environment hook '/home/khaledob/bookros2_ws/install/br2_bt_patrolling/share/br2_bt_patrolling/hook/ld_library_path_lib.sh'
[5.892s] Level 1:colcon.colcon_core.environment:checking '/home/khaledob/bookros2_ws/install/br2_bt_patrolling/bin'
[5.892s] Level 1:colcon.colcon_core.environment:checking '/home/khaledob/bookros2_ws/install/br2_bt_patrolling/lib/pkgconfig/br2_bt_patrolling.pc'
[5.893s] Level 1:colcon.colcon_core.environment:checking '/home/khaledob/bookros2_ws/install/br2_bt_patrolling/lib/python3.8/site-packages'
[5.893s] Level 1:colcon.colcon_core.environment:checking '/home/khaledob/bookros2_ws/install/br2_bt_patrolling/bin'
[5.893s] INFO:colcon.colcon_core.shell:Creating package script '/home/khaledob/bookros2_ws/install/br2_bt_patrolling/share/br2_bt_patrolling/package.ps1'
[5.894s] INFO:colcon.colcon_core.shell:Creating package descriptor '/home/khaledob/bookros2_ws/install/br2_bt_patrolling/share/br2_bt_patrolling/package.dsv'
[5.898s] INFO:colcon.colcon_core.shell:Creating package script '/home/khaledob/bookros2_ws/install/br2_bt_patrolling/share/br2_bt_patrolling/package.sh'
[5.899s] INFO:colcon.colcon_core.shell:Creating package script '/home/khaledob/bookros2_ws/install/br2_bt_patrolling/share/br2_bt_patrolling/package.bash'
[5.901s] INFO:colcon.colcon_core.shell:Creating package script '/home/khaledob/bookros2_ws/install/br2_bt_patrolling/share/br2_bt_patrolling/package.zsh'
[5.903s] Level 1:colcon.colcon_core.environment:create_file_with_runtime_dependencies(/home/khaledob/bookros2_ws/install/br2_bt_patrolling/share/colcon-core/packages/br2_bt_patrolling)
[5.904s] Level 1:colcon.colcon_core.environment:create_environment_scripts_only(controller_interface)
[5.905s] Level 1:colcon.colcon_core.environment:checking '/home/khaledob/bookros2_ws/install/controller_interface' for CMake module files
[5.907s] Level 1:colcon.colcon_core.environment:checking '/home/khaledob/bookros2_ws/install/controller_interface' for CMake config files
[5.910s] DEBUG:colcon.colcon_core.event_handler.log_command:Invoked command in '/home/khaledob/bookros2_ws/build/controller_interface' returned '0': CMAKE_PREFIX_PATH=/home/khaledob/bookros2_ws/install/hardware_interface:/home/khaledob/bookros2_ws/install/ros2_control_test_assets:/home/khaledob/bookros2_ws/install/task2b:/home/khaledob/bookros2_ws/install/task2a:/home/khaledob/bookros2_ws/install/gazebo_ros2_control_demos:/home/khaledob/bookros2_ws/install/ros2_controllers:/home/khaledob/bookros2_ws/install/velocity_controllers:/home/khaledob/bookros2_ws/install/urdf_test:/home/khaledob/bookros2_ws/install/tiago_simulation:/home/khaledob/bookros2_ws/install/tiago_robot:/home/khaledob/bookros2_ws/install/tiago_2dnav_gazebo:/home/khaledob/bookros2_ws/install/tiago_gazebo:/home/khaledob/bookros2_ws/install/tiago_bringup:/home/khaledob/bookros2_ws/install/pmb2_robot:/home/khaledob/bookros2_ws/install/pmb2_bringup:/home/khaledob/bookros2_ws/install/twist_mux:/home/khaledob/bookros2_ws/install/transmission_interface:/home/khaledob/bookros2_ws/install/tiago_description:/home/khaledob/bookros2_ws/install/tiago_description_calibration:/home/khaledob/bookros2_ws/install/tiago_controller_configuration:/home/khaledob/bookros2_ws/install/task1:/home/khaledob/bookros2_ws/install/ros2_control:/home/khaledob/bookros2_ws/install/pal_gripper:/home/khaledob/bookros2_ws/install/pal_gripper_controller_configuration:/home/khaledob/bookros2_ws/install/position_controllers:/home/khaledob/bookros2_ws/install/pmb2_navigation:/home/khaledob/bookros2_ws/install/pmb2_2dnav:/home/khaledob/bookros2_ws/install/pmb2_maps:/home/khaledob/bookros2_ws/install/pmb2_description:/home/khaledob/bookros2_ws/install/pmb2_controller_configuration:/home/khaledob/bookros2_ws/install/pal_gripper_description:/home/khaledob/bookros2_ws/install/pal_gazebo_worlds:/home/khaledob/bookros2_ws/install/joint_trajectory_controller:/home/khaledob/bookros2_ws/install/joint_state_controller:/home/khaledob/bookros2_ws/install/joint_state_broadcaster:/home/khaledob/bookros2_ws/install/imu_sensor_broadcaster:/home/khaledob/bookros2_ws/install/hey5_description:/home/khaledob/bookros2_ws/install/gripper_controllers:/home/khaledob/bookros2_ws/install/gazebo_ros2_control:/home/khaledob/bookros2_ws/install/effort_controllers:/home/khaledob/bookros2_ws/install/forward_command_controller:/home/khaledob/bookros2_ws/install/force_torque_sensor_broadcaster:/home/khaledob/bookros2_ws/install/diff_drive_controller:/home/khaledob/bookros2_ws/install/controller_manager:/home/khaledob/bookros2_ws/install/controller_interface:/home/khaledob/bookros2_ws/install/groot:/home/khaledob/bookros2_ws/install/controller_manager_msgs:/home/khaledob/bookros2_ws/install/br2_vff_avoidance:/home/khaledob/bookros2_ws/install/br2_tracking:/home/khaledob/bookros2_ws/install/br2_tracking_msgs:/home/khaledob/bookros2_ws/install/br2_tiago:/home/khaledob/bookros2_ws/install/br2_tf2_detector:/home/khaledob/bookros2_ws/install/br2_navigation:/home/khaledob/bookros2_ws/install/br2_fsm_bumpgo_cpp:/home/khaledob/bookros2_ws/install/br2_bt_patrolling:/home/khaledob/bookros2_ws/install/br2_bt_bumpgo:/home/khaledob/bookros2_ws/install/br2_basics:/home/khaledob/bookros2_ws/install/ros2controlcli:/home/khaledob/bookros2_ws/install/launch_pal:/home/khaledob/bookros2_ws/install/br2_fsm_bumpgo_py:/opt/ros/foxy LD_LIBRARY_PATH=/home/khaledob/bookros2_ws/install/hardware_interface/lib:/home/khaledob/bookros2_ws/install/velocity_controllers/lib:/home/khaledob/bookros2_ws/install/position_controllers/lib:/home/khaledob/bookros2_ws/install/joint_trajectory_controller/lib:/home/khaledob/bookros2_ws/install/joint_state_controller/lib:/home/khaledob/bookros2_ws/install/joint_state_broadcaster/lib:/home/khaledob/bookros2_ws/install/imu_sensor_broadcaster/lib:/home/khaledob/bookros2_ws/install/gripper_controllers/lib:/home/khaledob/bookros2_ws/install/gazebo_ros2_control/lib:/home/khaledob/bookros2_ws/install/effort_controllers/lib:/home/khaledob/bookros2_ws/install/forward_command_controller/lib:/home/khaledob/bookros2_ws/install/force_torque_sensor_broadcaster/lib:/home/khaledob/bookros2_ws/install/diff_drive_controller/lib:/home/khaledob/bookros2_ws/install/controller_manager/lib:/home/khaledob/bookros2_ws/install/controller_interface/lib:/home/khaledob/bookros2_ws/install/groot/lib:/home/khaledob/bookros2_ws/install/controller_manager_msgs/lib:/home/khaledob/bookros2_ws/install/br2_vff_avoidance/lib:/home/khaledob/bookros2_ws/install/br2_tracking/lib:/home/khaledob/bookros2_ws/install/br2_tracking_msgs/lib:/home/khaledob/bookros2_ws/install/br2_tf2_detector/lib:/home/khaledob/bookros2_ws/install/br2_bt_patrolling/lib:/home/khaledob/bookros2_ws/install/br2_bt_bumpgo/lib:/usr/lib/x86_64-linux-gnu/gazebo-11/plugins:/opt/ros/foxy/opt/yaml_cpp_vendor/lib:/opt/ros/foxy/opt/rviz_ogre_vendor/lib:/opt/ros/foxy/lib/x86_64-linux-gnu:/opt/ros/foxy/lib /usr/bin/cmake --install /home/khaledob/bookros2_ws/build/controller_interface
[5.911s] Level 1:colcon.colcon_core.shell:create_environment_hook('controller_interface', 'cmake_prefix_path')
[5.911s] INFO:colcon.colcon_core.shell:Creating environment hook '/home/khaledob/bookros2_ws/install/controller_interface/share/controller_interface/hook/cmake_prefix_path.ps1'
[5.914s] INFO:colcon.colcon_core.shell:Creating environment descriptor '/home/khaledob/bookros2_ws/install/controller_interface/share/controller_interface/hook/cmake_prefix_path.dsv'
[5.915s] INFO:colcon.colcon_core.shell:Creating environment hook '/home/khaledob/bookros2_ws/install/controller_interface/share/controller_interface/hook/cmake_prefix_path.sh'
[5.917s] Level 1:colcon.colcon_core.environment:checking '/home/khaledob/bookros2_ws/install/controller_interface/lib'
[5.918s] Level 1:colcon.colcon_core.shell:create_environment_hook('controller_interface', 'ld_library_path_lib')
[5.918s] INFO:colcon.colcon_core.shell:Creating environment hook '/home/khaledob/bookros2_ws/install/controller_interface/share/controller_interface/hook/ld_library_path_lib.ps1'
[5.920s] INFO:colcon.colcon_core.shell:Creating environment descriptor '/home/khaledob/bookros2_ws/install/controller_interface/share/controller_interface/hook/ld_library_path_lib.dsv'
[5.921s] INFO:colcon.colcon_core.shell:Creating environment hook '/home/khaledob/bookros2_ws/install/controller_interface/share/controller_interface/hook/ld_library_path_lib.sh'
[5.922s] Level 1:colcon.colcon_core.environment:checking '/home/khaledob/bookros2_ws/install/controller_interface/bin'
[5.923s] Level 1:colcon.colcon_core.environment:checking '/home/khaledob/bookros2_ws/install/controller_interface/lib/pkgconfig/controller_interface.pc'
[5.923s] Level 1:colcon.colcon_core.environment:checking '/home/khaledob/bookros2_ws/install/controller_interface/lib/python3.8/site-packages'
[5.923s] Level 1:colcon.colcon_core.environment:checking '/home/khaledob/bookros2_ws/install/controller_interface/bin'
[5.923s] INFO:colcon.colcon_core.shell:Creating package script '/home/khaledob/bookros2_ws/install/controller_interface/share/controller_interface/package.ps1'
[5.925s] INFO:colcon.colcon_core.shell:Creating package descriptor '/home/khaledob/bookros2_ws/install/controller_interface/share/controller_interface/package.dsv'
[5.929s] INFO:colcon.colcon_core.shell:Creating package script '/home/khaledob/bookros2_ws/install/controller_interface/share/controller_interface/package.sh'
[5.930s] INFO:colcon.colcon_core.shell:Creating package script '/home/khaledob/bookros2_ws/install/controller_interface/share/controller_interface/package.bash'
[5.931s] INFO:colcon.colcon_core.shell:Creating package script '/home/khaledob/bookros2_ws/install/controller_interface/share/controller_interface/package.zsh'
[5.932s] Level 1:colcon.colcon_core.environment:create_file_with_runtime_dependencies(/home/khaledob/bookros2_ws/install/controller_interface/share/colcon-core/packages/controller_interface)
[5.934s] Level 1:colcon.colcon_core.environment:create_environment_scripts_only(controller_interface)
[5.935s] Level 1:colcon.colcon_core.environment:checking '/home/khaledob/bookros2_ws/install/controller_interface' for CMake module files
[5.936s] Level 1:colcon.colcon_core.environment:checking '/home/khaledob/bookros2_ws/install/controller_interface' for CMake config files
[5.937s] Level 1:colcon.colcon_core.shell:create_environment_hook('controller_interface', 'cmake_prefix_path')
[5.938s] INFO:colcon.colcon_core.shell:Creating environment hook '/home/khaledob/bookros2_ws/install/controller_interface/share/controller_interface/hook/cmake_prefix_path.ps1'
[5.940s] INFO:colcon.colcon_core.shell:Creating environment descriptor '/home/khaledob/bookros2_ws/install/controller_interface/share/controller_interface/hook/cmake_prefix_path.dsv'
[5.942s] INFO:colcon.colcon_core.shell:Creating environment hook '/home/khaledob/bookros2_ws/install/controller_interface/share/controller_interface/hook/cmake_prefix_path.sh'
[5.944s] Level 1:colcon.colcon_core.environment:checking '/home/khaledob/bookros2_ws/install/controller_interface/lib'
[5.944s] Level 1:colcon.colcon_core.shell:create_environment_hook('controller_interface', 'ld_library_path_lib')
[5.945s] INFO:colcon.colcon_core.shell:Creating environment hook '/home/khaledob/bookros2_ws/install/controller_interface/share/controller_interface/hook/ld_library_path_lib.ps1'
[5.946s] INFO:colcon.colcon_core.shell:Creating environment descriptor '/home/khaledob/bookros2_ws/install/controller_interface/share/controller_interface/hook/ld_library_path_lib.dsv'
[5.948s] INFO:colcon.colcon_core.shell:Creating environment hook '/home/khaledob/bookros2_ws/install/controller_interface/share/controller_interface/hook/ld_library_path_lib.sh'
[5.949s] Level 1:colcon.colcon_core.environment:checking '/home/khaledob/bookros2_ws/install/controller_interface/bin'
[5.950s] Level 1:colcon.colcon_core.environment:checking '/home/khaledob/bookros2_ws/install/controller_interface/lib/pkgconfig/controller_interface.pc'
[5.950s] Level 1:colcon.colcon_core.environment:checking '/home/khaledob/bookros2_ws/install/controller_interface/lib/python3.8/site-packages'
[5.951s] Level 1:colcon.colcon_core.environment:checking '/home/khaledob/bookros2_ws/install/controller_interface/bin'
[5.952s] INFO:colcon.colcon_core.shell:Creating package script '/home/khaledob/bookros2_ws/install/controller_interface/share/controller_interface/package.ps1'
[5.953s] INFO:colcon.colcon_core.shell:Creating package descriptor '/home/khaledob/bookros2_ws/install/controller_interface/share/controller_interface/package.dsv'
[5.955s] INFO:colcon.colcon_core.shell:Creating package script '/home/khaledob/bookros2_ws/install/controller_interface/share/controller_interface/package.sh'
[5.956s] INFO:colcon.colcon_core.shell:Creating package script '/home/khaledob/bookros2_ws/install/controller_interface/share/controller_interface/package.bash'
[5.958s] INFO:colcon.colcon_core.shell:Creating package script '/home/khaledob/bookros2_ws/install/controller_interface/share/controller_interface/package.zsh'
[5.959s] Level 1:colcon.colcon_core.environment:create_file_with_runtime_dependencies(/home/khaledob/bookros2_ws/install/controller_interface/share/colcon-core/packages/controller_interface)
[5.971s] INFO:colcon.colcon_ros.task.ament_cmake.build:Building ROS package in '/home/khaledob/bookros2_ws/src/ThirdParty/ros2_control/controller_manager' with build type 'ament_cmake'
[5.974s] INFO:colcon.colcon_cmake.task.cmake.build:Building CMake package in '/home/khaledob/bookros2_ws/src/ThirdParty/ros2_control/controller_manager'
[5.975s] INFO:colcon.colcon_core.shell:Skip shell extension 'powershell' for command environment: Not usable outside of PowerShell
[5.977s] DEBUG:colcon.colcon_core.shell:Skip shell extension 'dsv' for command environment
[6.003s] INFO:colcon.colcon_ros.task.ament_cmake.build:Building ROS package in '/home/khaledob/bookros2_ws/src/book_ros2/br2_tiago' with build type 'ament_cmake'
[6.003s] INFO:colcon.colcon_cmake.task.cmake.build:Building CMake package in '/home/khaledob/bookros2_ws/src/book_ros2/br2_tiago'
[6.005s] INFO:colcon.colcon_core.shell:Skip shell extension 'powershell' for command environment: Not usable outside of PowerShell
[6.006s] DEBUG:colcon.colcon_core.shell:Skip shell extension 'dsv' for command environment
[6.027s] Level 1:colcon.colcon_core.environment:create_environment_scripts_only(br2_bt_bumpgo)
[6.029s] Level 1:colcon.colcon_core.environment:checking '/home/khaledob/bookros2_ws/install/br2_bt_bumpgo' for CMake module files
[6.032s] Level 1:colcon.colcon_core.environment:checking '/home/khaledob/bookros2_ws/install/br2_bt_bumpgo' for CMake config files
[6.032s] Level 1:colcon.colcon_core.shell:create_environment_hook('br2_bt_bumpgo', 'cmake_prefix_path')
[6.033s] INFO:colcon.colcon_core.shell:Creating environment hook '/home/khaledob/bookros2_ws/install/br2_bt_bumpgo/share/br2_bt_bumpgo/hook/cmake_prefix_path.ps1'
[6.036s] INFO:colcon.colcon_core.shell:Creating environment descriptor '/home/khaledob/bookros2_ws/install/br2_bt_bumpgo/share/br2_bt_bumpgo/hook/cmake_prefix_path.dsv'
[6.039s] DEBUG:colcon.colcon_core.event_handler.log_command:Invoked command in '/home/khaledob/bookros2_ws/build/br2_bt_bumpgo' returned '0': CMAKE_PREFIX_PATH=${CMAKE_PREFIX_PATH}:/home/khaledob/bookros2_ws/install/ros2controlcli:/home/khaledob/bookros2_ws/install/launch_pal:/home/khaledob/bookros2_ws/install/br2_fsm_bumpgo_py:/opt/ros/foxy /usr/bin/cmake --install /home/khaledob/bookros2_ws/build/br2_bt_bumpgo
[6.046s] INFO:colcon.colcon_core.shell:Creating environment hook '/home/khaledob/bookros2_ws/install/br2_bt_bumpgo/share/br2_bt_bumpgo/hook/cmake_prefix_path.sh'
[6.054s] Level 1:colcon.colcon_core.environment:checking '/home/khaledob/bookros2_ws/install/br2_bt_bumpgo/lib'
[6.055s] Level 1:colcon.colcon_core.shell:create_environment_hook('br2_bt_bumpgo', 'ld_library_path_lib')
[6.055s] INFO:colcon.colcon_core.shell:Creating environment hook '/home/khaledob/bookros2_ws/install/br2_bt_bumpgo/share/br2_bt_bumpgo/hook/ld_library_path_lib.ps1'
[6.056s] INFO:colcon.colcon_core.shell:Creating environment descriptor '/home/khaledob/bookros2_ws/install/br2_bt_bumpgo/share/br2_bt_bumpgo/hook/ld_library_path_lib.dsv'
[6.058s] INFO:colcon.colcon_core.shell:Creating environment hook '/home/khaledob/bookros2_ws/install/br2_bt_bumpgo/share/br2_bt_bumpgo/hook/ld_library_path_lib.sh'
[6.060s] Level 1:colcon.colcon_core.environment:checking '/home/khaledob/bookros2_ws/install/br2_bt_bumpgo/bin'
[6.060s] Level 1:colcon.colcon_core.environment:checking '/home/khaledob/bookros2_ws/install/br2_bt_bumpgo/lib/pkgconfig/br2_bt_bumpgo.pc'
[6.061s] Level 1:colcon.colcon_core.environment:checking '/home/khaledob/bookros2_ws/install/br2_bt_bumpgo/lib/python3.8/site-packages'
[6.061s] Level 1:colcon.colcon_core.environment:checking '/home/khaledob/bookros2_ws/install/br2_bt_bumpgo/bin'
[6.061s] INFO:colcon.colcon_core.shell:Creating package script '/home/khaledob/bookros2_ws/install/br2_bt_bumpgo/share/br2_bt_bumpgo/package.ps1'
[6.062s] INFO:colcon.colcon_core.shell:Creating package descriptor '/home/khaledob/bookros2_ws/install/br2_bt_bumpgo/share/br2_bt_bumpgo/package.dsv'
[6.063s] INFO:colcon.colcon_core.shell:Creating package script '/home/khaledob/bookros2_ws/install/br2_bt_bumpgo/share/br2_bt_bumpgo/package.sh'
[6.064s] INFO:colcon.colcon_core.shell:Creating package script '/home/khaledob/bookros2_ws/install/br2_bt_bumpgo/share/br2_bt_bumpgo/package.bash'
[6.065s] INFO:colcon.colcon_core.shell:Creating package script '/home/khaledob/bookros2_ws/install/br2_bt_bumpgo/share/br2_bt_bumpgo/package.zsh'
[6.066s] Level 1:colcon.colcon_core.environment:create_file_with_runtime_dependencies(/home/khaledob/bookros2_ws/install/br2_bt_bumpgo/share/colcon-core/packages/br2_bt_bumpgo)
[6.068s] Level 1:colcon.colcon_core.environment:create_environment_scripts_only(br2_bt_bumpgo)
[6.069s] Level 1:colcon.colcon_core.environment:checking '/home/khaledob/bookros2_ws/install/br2_bt_bumpgo' for CMake module files
[6.069s] Level 1:colcon.colcon_core.environment:checking '/home/khaledob/bookros2_ws/install/br2_bt_bumpgo' for CMake config files
[6.070s] Level 1:colcon.colcon_core.shell:create_environment_hook('br2_bt_bumpgo', 'cmake_prefix_path')
[6.071s] INFO:colcon.colcon_core.shell:Creating environment hook '/home/khaledob/bookros2_ws/install/br2_bt_bumpgo/share/br2_bt_bumpgo/hook/cmake_prefix_path.ps1'
[6.072s] INFO:colcon.colcon_core.shell:Creating environment descriptor '/home/khaledob/bookros2_ws/install/br2_bt_bumpgo/share/br2_bt_bumpgo/hook/cmake_prefix_path.dsv'
[6.073s] INFO:colcon.colcon_core.shell:Creating environment hook '/home/khaledob/bookros2_ws/install/br2_bt_bumpgo/share/br2_bt_bumpgo/hook/cmake_prefix_path.sh'
[6.083s] Level 1:colcon.colcon_core.environment:checking '/home/khaledob/bookros2_ws/install/br2_bt_bumpgo/lib'
[6.090s] Level 1:colcon.colcon_core.shell:create_environment_hook('br2_bt_bumpgo', 'ld_library_path_lib')
[6.091s] INFO:colcon.colcon_core.shell:Creating environment hook '/home/khaledob/bookros2_ws/install/br2_bt_bumpgo/share/br2_bt_bumpgo/hook/ld_library_path_lib.ps1'
[6.100s] INFO:colcon.colcon_core.shell:Creating environment descriptor '/home/khaledob/bookros2_ws/install/br2_bt_bumpgo/share/br2_bt_bumpgo/hook/ld_library_path_lib.dsv'
[6.104s] INFO:colcon.colcon_core.shell:Creating environment hook '/home/khaledob/bookros2_ws/install/br2_bt_bumpgo/share/br2_bt_bumpgo/hook/ld_library_path_lib.sh'
[6.115s] Level 1:colcon.colcon_core.environment:checking '/home/khaledob/bookros2_ws/install/br2_bt_bumpgo/bin'
[6.115s] Level 1:colcon.colcon_core.environment:checking '/home/khaledob/bookros2_ws/install/br2_bt_bumpgo/lib/pkgconfig/br2_bt_bumpgo.pc'
[6.116s] Level 1:colcon.colcon_core.environment:checking '/home/khaledob/bookros2_ws/install/br2_bt_bumpgo/lib/python3.8/site-packages'
[6.116s] Level 1:colcon.colcon_core.environment:checking '/home/khaledob/bookros2_ws/install/br2_bt_bumpgo/bin'
[6.118s] INFO:colcon.colcon_core.shell:Creating package script '/home/khaledob/bookros2_ws/install/br2_bt_bumpgo/share/br2_bt_bumpgo/package.ps1'
[6.120s] INFO:colcon.colcon_core.shell:Creating package descriptor '/home/khaledob/bookros2_ws/install/br2_bt_bumpgo/share/br2_bt_bumpgo/package.dsv'
[6.122s] INFO:colcon.colcon_core.shell:Creating package script '/home/khaledob/bookros2_ws/install/br2_bt_bumpgo/share/br2_bt_bumpgo/package.sh'
[6.124s] INFO:colcon.colcon_core.shell:Creating package script '/home/khaledob/bookros2_ws/install/br2_bt_bumpgo/share/br2_bt_bumpgo/package.bash'
[6.125s] INFO:colcon.colcon_core.shell:Creating package script '/home/khaledob/bookros2_ws/install/br2_bt_bumpgo/share/br2_bt_bumpgo/package.zsh'
[6.126s] Level 1:colcon.colcon_core.environment:create_file_with_runtime_dependencies(/home/khaledob/bookros2_ws/install/br2_bt_bumpgo/share/colcon-core/packages/br2_bt_bumpgo)
[6.128s] Level 1:colcon.colcon_core.environment:create_environment_scripts_only(br2_fsm_bumpgo_cpp)
[6.129s] Level 1:colcon.colcon_core.environment:checking '/home/khaledob/bookros2_ws/install/br2_fsm_bumpgo_cpp' for CMake module files
[6.131s] Level 1:colcon.colcon_core.environment:checking '/home/khaledob/bookros2_ws/install/br2_fsm_bumpgo_cpp' for CMake config files
[6.134s] Level 1:colcon.colcon_core.shell:create_environment_hook('br2_fsm_bumpgo_cpp', 'cmake_prefix_path')
[6.135s] INFO:colcon.colcon_core.shell:Creating environment hook '/home/khaledob/bookros2_ws/install/br2_fsm_bumpgo_cpp/share/br2_fsm_bumpgo_cpp/hook/cmake_prefix_path.ps1'
[6.143s] DEBUG:colcon.colcon_core.event_handler.log_command:Invoked command in '/home/khaledob/bookros2_ws/build/br2_fsm_bumpgo_cpp' returned '0': CMAKE_PREFIX_PATH=${CMAKE_PREFIX_PATH}:/home/khaledob/bookros2_ws/install/ros2controlcli:/home/khaledob/bookros2_ws/install/launch_pal:/home/khaledob/bookros2_ws/install/br2_fsm_bumpgo_py:/opt/ros/foxy /usr/bin/cmake --install /home/khaledob/bookros2_ws/build/br2_fsm_bumpgo_cpp
[6.147s] INFO:colcon.colcon_core.shell:Creating environment descriptor '/home/khaledob/bookros2_ws/install/br2_fsm_bumpgo_cpp/share/br2_fsm_bumpgo_cpp/hook/cmake_prefix_path.dsv'
[6.150s] INFO:colcon.colcon_core.shell:Creating environment hook '/home/khaledob/bookros2_ws/install/br2_fsm_bumpgo_cpp/share/br2_fsm_bumpgo_cpp/hook/cmake_prefix_path.sh'
[6.153s] Level 1:colcon.colcon_core.environment:checking '/home/khaledob/bookros2_ws/install/br2_fsm_bumpgo_cpp/lib'
[6.153s] Level 1:colcon.colcon_core.environment:checking '/home/khaledob/bookros2_ws/install/br2_fsm_bumpgo_cpp/bin'
[6.153s] Level 1:colcon.colcon_core.environment:checking '/home/khaledob/bookros2_ws/install/br2_fsm_bumpgo_cpp/lib/pkgconfig/br2_fsm_bumpgo_cpp.pc'
[6.154s] Level 1:colcon.colcon_core.environment:checking '/home/khaledob/bookros2_ws/install/br2_fsm_bumpgo_cpp/lib/python3.8/site-packages'
[6.154s] Level 1:colcon.colcon_core.environment:checking '/home/khaledob/bookros2_ws/install/br2_fsm_bumpgo_cpp/bin'
[6.154s] INFO:colcon.colcon_core.shell:Creating package script '/home/khaledob/bookros2_ws/install/br2_fsm_bumpgo_cpp/share/br2_fsm_bumpgo_cpp/package.ps1'
[6.155s] INFO:colcon.colcon_core.shell:Creating package descriptor '/home/khaledob/bookros2_ws/install/br2_fsm_bumpgo_cpp/share/br2_fsm_bumpgo_cpp/package.dsv'
[6.157s] INFO:colcon.colcon_core.shell:Creating package script '/home/khaledob/bookros2_ws/install/br2_fsm_bumpgo_cpp/share/br2_fsm_bumpgo_cpp/package.sh'
[6.157s] INFO:colcon.colcon_core.shell:Creating package script '/home/khaledob/bookros2_ws/install/br2_fsm_bumpgo_cpp/share/br2_fsm_bumpgo_cpp/package.bash'
[6.158s] INFO:colcon.colcon_core.shell:Creating package script '/home/khaledob/bookros2_ws/install/br2_fsm_bumpgo_cpp/share/br2_fsm_bumpgo_cpp/package.zsh'
[6.159s] Level 1:colcon.colcon_core.environment:create_file_with_runtime_dependencies(/home/khaledob/bookros2_ws/install/br2_fsm_bumpgo_cpp/share/colcon-core/packages/br2_fsm_bumpgo_cpp)
[6.161s] Level 1:colcon.colcon_core.environment:create_environment_scripts_only(br2_fsm_bumpgo_cpp)
[6.161s] Level 1:colcon.colcon_core.environment:checking '/home/khaledob/bookros2_ws/install/br2_fsm_bumpgo_cpp' for CMake module files
[6.162s] Level 1:colcon.colcon_core.environment:checking '/home/khaledob/bookros2_ws/install/br2_fsm_bumpgo_cpp' for CMake config files
[6.162s] Level 1:colcon.colcon_core.shell:create_environment_hook('br2_fsm_bumpgo_cpp', 'cmake_prefix_path')
[6.163s] INFO:colcon.colcon_core.shell:Creating environment hook '/home/khaledob/bookros2_ws/install/br2_fsm_bumpgo_cpp/share/br2_fsm_bumpgo_cpp/hook/cmake_prefix_path.ps1'
[6.164s] INFO:colcon.colcon_core.shell:Creating environment descriptor '/home/khaledob/bookros2_ws/install/br2_fsm_bumpgo_cpp/share/br2_fsm_bumpgo_cpp/hook/cmake_prefix_path.dsv'
[6.166s] INFO:colcon.colcon_core.shell:Creating environment hook '/home/khaledob/bookros2_ws/install/br2_fsm_bumpgo_cpp/share/br2_fsm_bumpgo_cpp/hook/cmake_prefix_path.sh'
[6.168s] Level 1:colcon.colcon_core.environment:checking '/home/khaledob/bookros2_ws/install/br2_fsm_bumpgo_cpp/lib'
[6.169s] Level 1:colcon.colcon_core.environment:checking '/home/khaledob/bookros2_ws/install/br2_fsm_bumpgo_cpp/bin'
[6.169s] Level 1:colcon.colcon_core.environment:checking '/home/khaledob/bookros2_ws/install/br2_fsm_bumpgo_cpp/lib/pkgconfig/br2_fsm_bumpgo_cpp.pc'
[6.170s] Level 1:colcon.colcon_core.environment:checking '/home/khaledob/bookros2_ws/install/br2_fsm_bumpgo_cpp/lib/python3.8/site-packages'
[6.170s] Level 1:colcon.colcon_core.environment:checking '/home/khaledob/bookros2_ws/install/br2_fsm_bumpgo_cpp/bin'
[6.171s] INFO:colcon.colcon_core.shell:Creating package script '/home/khaledob/bookros2_ws/install/br2_fsm_bumpgo_cpp/share/br2_fsm_bumpgo_cpp/package.ps1'
[6.173s] INFO:colcon.colcon_core.shell:Creating package descriptor '/home/khaledob/bookros2_ws/install/br2_fsm_bumpgo_cpp/share/br2_fsm_bumpgo_cpp/package.dsv'
[6.175s] INFO:colcon.colcon_core.shell:Creating package script '/home/khaledob/bookros2_ws/install/br2_fsm_bumpgo_cpp/share/br2_fsm_bumpgo_cpp/package.sh'
[6.177s] INFO:colcon.colcon_core.shell:Creating package script '/home/khaledob/bookros2_ws/install/br2_fsm_bumpgo_cpp/share/br2_fsm_bumpgo_cpp/package.bash'
[6.178s] INFO:colcon.colcon_core.shell:Creating package script '/home/khaledob/bookros2_ws/install/br2_fsm_bumpgo_cpp/share/br2_fsm_bumpgo_cpp/package.zsh'
[6.180s] Level 1:colcon.colcon_core.environment:create_file_with_runtime_dependencies(/home/khaledob/bookros2_ws/install/br2_fsm_bumpgo_cpp/share/colcon-core/packages/br2_fsm_bumpgo_cpp)
[6.201s] INFO:colcon.colcon_ros.task.ament_cmake.build:Building ROS package in '/home/khaledob/bookros2_ws/src/book_ros2/br2_vff_avoidance' with build type 'ament_cmake'
[6.203s] INFO:colcon.colcon_cmake.task.cmake.build:Building CMake package in '/home/khaledob/bookros2_ws/src/book_ros2/br2_vff_avoidance'
[6.205s] INFO:colcon.colcon_core.shell:Skip shell extension 'powershell' for command environment: Not usable outside of PowerShell
[6.207s] DEBUG:colcon.colcon_core.shell:Skip shell extension 'dsv' for command environment
[6.242s] DEBUG:colcon.colcon_core.event_handler.log_command:Invoking command in '/home/khaledob/bookros2_ws/build/br2_navigation': CMAKE_PREFIX_PATH=${CMAKE_PREFIX_PATH}:/home/khaledob/bookros2_ws/install/ros2controlcli:/home/khaledob/bookros2_ws/install/launch_pal:/home/khaledob/bookros2_ws/install/br2_fsm_bumpgo_py:/opt/ros/foxy /usr/bin/cmake --build /home/khaledob/bookros2_ws/build/br2_navigation -- -j7 -l7
[6.258s] INFO:colcon.colcon_ros.task.ament_cmake.build:Building ROS package in '/home/khaledob/bookros2_ws/src/ThirdParty/Groot' with build type 'ament_cmake'
[6.260s] INFO:colcon.colcon_cmake.task.cmake.build:Building CMake package in '/home/khaledob/bookros2_ws/src/ThirdParty/Groot'
[6.261s] INFO:colcon.colcon_core.shell:Skip shell extension 'powershell' for command environment: Not usable outside of PowerShell
[6.262s] DEBUG:colcon.colcon_core.shell:Skip shell extension 'dsv' for command environment
[6.336s] DEBUG:colcon.colcon_core.event_handler.log_command:Invoking command in '/home/khaledob/bookros2_ws/build/br2_tf2_detector': CMAKE_PREFIX_PATH=${CMAKE_PREFIX_PATH}:/home/khaledob/bookros2_ws/install/ros2controlcli:/home/khaledob/bookros2_ws/install/launch_pal:/home/khaledob/bookros2_ws/install/br2_fsm_bumpgo_py:/opt/ros/foxy /usr/bin/cmake --build /home/khaledob/bookros2_ws/build/br2_tf2_detector -- -j7 -l7
[6.367s] DEBUG:colcon.colcon_core.event_handler.log_command:Invoking command in '/home/khaledob/bookros2_ws/build/controller_manager': CMAKE_PREFIX_PATH=/home/khaledob/bookros2_ws/install/controller_interface:/home/khaledob/bookros2_ws/install/hardware_interface:/home/khaledob/bookros2_ws/install/ros2_control_test_assets:/home/khaledob/bookros2_ws/install/controller_manager_msgs:/home/khaledob/bookros2_ws/install/task2b:/home/khaledob/bookros2_ws/install/task2a:/home/khaledob/bookros2_ws/install/gazebo_ros2_control_demos:/home/khaledob/bookros2_ws/install/ros2_controllers:/home/khaledob/bookros2_ws/install/velocity_controllers:/home/khaledob/bookros2_ws/install/urdf_test:/home/khaledob/bookros2_ws/install/tiago_simulation:/home/khaledob/bookros2_ws/install/tiago_robot:/home/khaledob/bookros2_ws/install/tiago_2dnav_gazebo:/home/khaledob/bookros2_ws/install/tiago_gazebo:/home/khaledob/bookros2_ws/install/tiago_bringup:/home/khaledob/bookros2_ws/install/pmb2_robot:/home/khaledob/bookros2_ws/install/pmb2_bringup:/home/khaledob/bookros2_ws/install/twist_mux:/home/khaledob/bookros2_ws/install/transmission_interface:/home/khaledob/bookros2_ws/install/tiago_description:/home/khaledob/bookros2_ws/install/tiago_description_calibration:/home/khaledob/bookros2_ws/install/tiago_controller_configuration:/home/khaledob/bookros2_ws/install/task1:/home/khaledob/bookros2_ws/install/ros2_control:/home/khaledob/bookros2_ws/install/pal_gripper:/home/khaledob/bookros2_ws/install/pal_gripper_controller_configuration:/home/khaledob/bookros2_ws/install/position_controllers:/home/khaledob/bookros2_ws/install/pmb2_navigation:/home/khaledob/bookros2_ws/install/pmb2_2dnav:/home/khaledob/bookros2_ws/install/pmb2_maps:/home/khaledob/bookros2_ws/install/pmb2_description:/home/khaledob/bookros2_ws/install/pmb2_controller_configuration:/home/khaledob/bookros2_ws/install/pal_gripper_description:/home/khaledob/bookros2_ws/install/pal_gazebo_worlds:/home/khaledob/bookros2_ws/install/joint_trajectory_controller:/home/khaledob/bookros2_ws/install/joint_state_controller:/home/khaledob/bookros2_ws/install/joint_state_broadcaster:/home/khaledob/bookros2_ws/install/imu_sensor_broadcaster:/home/khaledob/bookros2_ws/install/hey5_description:/home/khaledob/bookros2_ws/install/gripper_controllers:/home/khaledob/bookros2_ws/install/gazebo_ros2_control:/home/khaledob/bookros2_ws/install/effort_controllers:/home/khaledob/bookros2_ws/install/forward_command_controller:/home/khaledob/bookros2_ws/install/force_torque_sensor_broadcaster:/home/khaledob/bookros2_ws/install/diff_drive_controller:/home/khaledob/bookros2_ws/install/controller_manager:/home/khaledob/bookros2_ws/install/groot:/home/khaledob/bookros2_ws/install/br2_vff_avoidance:/home/khaledob/bookros2_ws/install/br2_tracking:/home/khaledob/bookros2_ws/install/br2_tracking_msgs:/home/khaledob/bookros2_ws/install/br2_tiago:/home/khaledob/bookros2_ws/install/br2_tf2_detector:/home/khaledob/bookros2_ws/install/br2_navigation:/home/khaledob/bookros2_ws/install/br2_fsm_bumpgo_cpp:/home/khaledob/bookros2_ws/install/br2_bt_patrolling:/home/khaledob/bookros2_ws/install/br2_bt_bumpgo:/home/khaledob/bookros2_ws/install/br2_basics:/home/khaledob/bookros2_ws/install/ros2controlcli:/home/khaledob/bookros2_ws/install/launch_pal:/home/khaledob/bookros2_ws/install/br2_fsm_bumpgo_py:/opt/ros/foxy LD_LIBRARY_PATH=/home/khaledob/bookros2_ws/install/controller_interface/lib:/home/khaledob/bookros2_ws/install/hardware_interface/lib:/home/khaledob/bookros2_ws/install/controller_manager_msgs/lib:/home/khaledob/bookros2_ws/install/velocity_controllers/lib:/home/khaledob/bookros2_ws/install/position_controllers/lib:/home/khaledob/bookros2_ws/install/joint_trajectory_controller/lib:/home/khaledob/bookros2_ws/install/joint_state_controller/lib:/home/khaledob/bookros2_ws/install/joint_state_broadcaster/lib:/home/khaledob/bookros2_ws/install/imu_sensor_broadcaster/lib:/home/khaledob/bookros2_ws/install/gripper_controllers/lib:/home/khaledob/bookros2_ws/install/gazebo_ros2_control/lib:/home/khaledob/bookros2_ws/install/effort_controllers/lib:/home/khaledob/bookros2_ws/install/forward_command_controller/lib:/home/khaledob/bookros2_ws/install/force_torque_sensor_broadcaster/lib:/home/khaledob/bookros2_ws/install/diff_drive_controller/lib:/home/khaledob/bookros2_ws/install/controller_manager/lib:/home/khaledob/bookros2_ws/install/groot/lib:/home/khaledob/bookros2_ws/install/br2_vff_avoidance/lib:/home/khaledob/bookros2_ws/install/br2_tracking/lib:/home/khaledob/bookros2_ws/install/br2_tracking_msgs/lib:/home/khaledob/bookros2_ws/install/br2_tf2_detector/lib:/home/khaledob/bookros2_ws/install/br2_bt_patrolling/lib:/home/khaledob/bookros2_ws/install/br2_bt_bumpgo/lib:/usr/lib/x86_64-linux-gnu/gazebo-11/plugins:/opt/ros/foxy/opt/yaml_cpp_vendor/lib:/opt/ros/foxy/opt/rviz_ogre_vendor/lib:/opt/ros/foxy/lib/x86_64-linux-gnu:/opt/ros/foxy/lib PYTHONPATH=/home/khaledob/bookros2_ws/install/controller_manager_msgs/lib/python3.8/site-packages:/home/khaledob/bookros2_ws/install/urdf_test/lib/python3.8/site-packages:/home/khaledob/bookros2_ws/install/tiago_description/lib/python3.8/site-packages:/home/khaledob/bookros2_ws/build/ros2controlcli:/home/khaledob/bookros2_ws/install/ros2controlcli/lib/python3.8/site-packages:/home/khaledob/bookros2_ws/install/pmb2_description/lib/python3.8/site-packages:/home/khaledob/bookros2_ws/build/launch_pal:/home/khaledob/bookros2_ws/install/launch_pal/lib/python3.8/site-packages:/home/khaledob/bookros2_ws/install/controller_manager/lib/python3.8/site-packages:/home/khaledob/bookros2_ws/install/br2_tracking_msgs/lib/python3.8/site-packages:/home/khaledob/bookros2_ws/build/br2_fsm_bumpgo_py:/home/khaledob/bookros2_ws/install/br2_fsm_bumpgo_py/lib/python3.8/site-packages:/opt/ros/foxy/lib/python3.8/site-packages /usr/bin/cmake --build /home/khaledob/bookros2_ws/build/controller_manager -- -j7 -l7
[6.381s] DEBUG:colcon.colcon_core.event_handler.log_command:Invoking command in '/home/khaledob/bookros2_ws/build/br2_tiago': CMAKE_PREFIX_PATH=${CMAKE_PREFIX_PATH}:/home/khaledob/bookros2_ws/install/ros2controlcli:/home/khaledob/bookros2_ws/install/launch_pal:/home/khaledob/bookros2_ws/install/br2_fsm_bumpgo_py:/opt/ros/foxy /usr/bin/cmake --build /home/khaledob/bookros2_ws/build/br2_tiago -- -j7 -l7
[6.448s] DEBUG:colcon.colcon_core.event_handler.log_command:Invoking command in '/home/khaledob/bookros2_ws/build/br2_vff_avoidance': CMAKE_PREFIX_PATH=${CMAKE_PREFIX_PATH}:/home/khaledob/bookros2_ws/install/ros2controlcli:/home/khaledob/bookros2_ws/install/launch_pal:/home/khaledob/bookros2_ws/install/br2_fsm_bumpgo_py:/opt/ros/foxy /usr/bin/cmake --build /home/khaledob/bookros2_ws/build/br2_vff_avoidance -- -j7 -l7
[6.502s] DEBUG:colcon.colcon_core.event_handler.log_command:Invoking command in '/home/khaledob/bookros2_ws/build/groot': CMAKE_PREFIX_PATH=${CMAKE_PREFIX_PATH}:/home/khaledob/bookros2_ws/install/ros2controlcli:/home/khaledob/bookros2_ws/install/launch_pal:/home/khaledob/bookros2_ws/install/br2_fsm_bumpgo_py:/opt/ros/foxy /usr/bin/cmake --build /home/khaledob/bookros2_ws/build/groot -- -j7 -l7
[6.540s] DEBUG:colcon.colcon_core.event_handler.log_command:Invoked command in '/home/khaledob/bookros2_ws/build/br2_navigation' returned '0': CMAKE_PREFIX_PATH=${CMAKE_PREFIX_PATH}:/home/khaledob/bookros2_ws/install/ros2controlcli:/home/khaledob/bookros2_ws/install/launch_pal:/home/khaledob/bookros2_ws/install/br2_fsm_bumpgo_py:/opt/ros/foxy /usr/bin/cmake --build /home/khaledob/bookros2_ws/build/br2_navigation -- -j7 -l7
[6.546s] DEBUG:colcon.colcon_core.event_handler.log_command:Invoking command in '/home/khaledob/bookros2_ws/build/br2_navigation': CMAKE_PREFIX_PATH=${CMAKE_PREFIX_PATH}:/home/khaledob/bookros2_ws/install/ros2controlcli:/home/khaledob/bookros2_ws/install/launch_pal:/home/khaledob/bookros2_ws/install/br2_fsm_bumpgo_py:/opt/ros/foxy /usr/bin/cmake --install /home/khaledob/bookros2_ws/build/br2_navigation
[6.628s] DEBUG:colcon.colcon_core.event_handler.log_command:Invoked command in '/home/khaledob/bookros2_ws/build/br2_tiago' returned '0': CMAKE_PREFIX_PATH=${CMAKE_PREFIX_PATH}:/home/khaledob/bookros2_ws/install/ros2controlcli:/home/khaledob/bookros2_ws/install/launch_pal:/home/khaledob/bookros2_ws/install/br2_fsm_bumpgo_py:/opt/ros/foxy /usr/bin/cmake --build /home/khaledob/bookros2_ws/build/br2_tiago -- -j7 -l7
[6.629s] DEBUG:colcon.colcon_core.event_handler.log_command:Invoking command in '/home/khaledob/bookros2_ws/build/br2_tiago': CMAKE_PREFIX_PATH=${CMAKE_PREFIX_PATH}:/home/khaledob/bookros2_ws/install/ros2controlcli:/home/khaledob/bookros2_ws/install/launch_pal:/home/khaledob/bookros2_ws/install/br2_fsm_bumpgo_py:/opt/ros/foxy /usr/bin/cmake --install /home/khaledob/bookros2_ws/build/br2_tiago
[6.640s] Level 1:colcon.colcon_core.environment:create_environment_scripts_only(br2_navigation)
[6.640s] Level 1:colcon.colcon_core.environment:checking '/home/khaledob/bookros2_ws/install/br2_navigation' for CMake module files
[6.641s] Level 1:colcon.colcon_core.environment:checking '/home/khaledob/bookros2_ws/install/br2_navigation' for CMake config files
[6.642s] Level 1:colcon.colcon_core.shell:create_environment_hook('br2_navigation', 'cmake_prefix_path')
[6.642s] INFO:colcon.colcon_core.shell:Creating environment hook '/home/khaledob/bookros2_ws/install/br2_navigation/share/br2_navigation/hook/cmake_prefix_path.ps1'
[6.655s] INFO:colcon.colcon_core.shell:Creating environment descriptor '/home/khaledob/bookros2_ws/install/br2_navigation/share/br2_navigation/hook/cmake_prefix_path.dsv'
[6.657s] DEBUG:colcon.colcon_core.event_handler.log_command:Invoked command in '/home/khaledob/bookros2_ws/build/br2_navigation' returned '0': CMAKE_PREFIX_PATH=${CMAKE_PREFIX_PATH}:/home/khaledob/bookros2_ws/install/ros2controlcli:/home/khaledob/bookros2_ws/install/launch_pal:/home/khaledob/bookros2_ws/install/br2_fsm_bumpgo_py:/opt/ros/foxy /usr/bin/cmake --install /home/khaledob/bookros2_ws/build/br2_navigation
[6.660s] INFO:colcon.colcon_core.shell:Creating environment hook '/home/khaledob/bookros2_ws/install/br2_navigation/share/br2_navigation/hook/cmake_prefix_path.sh'
[6.663s] Level 1:colcon.colcon_core.environment:checking '/home/khaledob/bookros2_ws/install/br2_navigation/bin'
[6.663s] Level 1:colcon.colcon_core.environment:checking '/home/khaledob/bookros2_ws/install/br2_navigation/lib/pkgconfig/br2_navigation.pc'
[6.664s] Level 1:colcon.colcon_core.environment:checking '/home/khaledob/bookros2_ws/install/br2_navigation/lib/python3.8/site-packages'
[6.668s] Level 1:colcon.colcon_core.environment:checking '/home/khaledob/bookros2_ws/install/br2_navigation/bin'
[6.669s] INFO:colcon.colcon_core.shell:Creating package script '/home/khaledob/bookros2_ws/install/br2_navigation/share/br2_navigation/package.ps1'
[6.670s] INFO:colcon.colcon_core.shell:Creating package descriptor '/home/khaledob/bookros2_ws/install/br2_navigation/share/br2_navigation/package.dsv'
[6.677s] INFO:colcon.colcon_core.shell:Creating package script '/home/khaledob/bookros2_ws/install/br2_navigation/share/br2_navigation/package.sh'
[6.683s] INFO:colcon.colcon_core.shell:Creating package script '/home/khaledob/bookros2_ws/install/br2_navigation/share/br2_navigation/package.bash'
[6.688s] INFO:colcon.colcon_core.shell:Creating package script '/home/khaledob/bookros2_ws/install/br2_navigation/share/br2_navigation/package.zsh'
[6.699s] Level 1:colcon.colcon_core.environment:create_file_with_runtime_dependencies(/home/khaledob/bookros2_ws/install/br2_navigation/share/colcon-core/packages/br2_navigation)
[6.705s] Level 1:colcon.colcon_core.environment:create_environment_scripts_only(br2_navigation)
[6.707s] Level 1:colcon.colcon_core.environment:checking '/home/khaledob/bookros2_ws/install/br2_navigation' for CMake module files
[6.707s] Level 1:colcon.colcon_core.environment:checking '/home/khaledob/bookros2_ws/install/br2_navigation' for CMake config files
[6.708s] Level 1:colcon.colcon_core.shell:create_environment_hook('br2_navigation', 'cmake_prefix_path')
[6.709s] INFO:colcon.colcon_core.shell:Creating environment hook '/home/khaledob/bookros2_ws/install/br2_navigation/share/br2_navigation/hook/cmake_prefix_path.ps1'
[6.712s] INFO:colcon.colcon_core.shell:Creating environment descriptor '/home/khaledob/bookros2_ws/install/br2_navigation/share/br2_navigation/hook/cmake_prefix_path.dsv'
[6.732s] INFO:colcon.colcon_core.shell:Creating environment hook '/home/khaledob/bookros2_ws/install/br2_navigation/share/br2_navigation/hook/cmake_prefix_path.sh'
[6.788s] Level 1:colcon.colcon_core.environment:checking '/home/khaledob/bookros2_ws/install/br2_navigation/bin'
[6.788s] Level 1:colcon.colcon_core.environment:checking '/home/khaledob/bookros2_ws/install/br2_navigation/lib/pkgconfig/br2_navigation.pc'
[6.789s] Level 1:colcon.colcon_core.environment:checking '/home/khaledob/bookros2_ws/install/br2_navigation/lib/python3.8/site-packages'
[6.789s] Level 1:colcon.colcon_core.environment:checking '/home/khaledob/bookros2_ws/install/br2_navigation/bin'
[6.790s] INFO:colcon.colcon_core.shell:Creating package script '/home/khaledob/bookros2_ws/install/br2_navigation/share/br2_navigation/package.ps1'
[6.795s] INFO:colcon.colcon_core.shell:Creating package descriptor '/home/khaledob/bookros2_ws/install/br2_navigation/share/br2_navigation/package.dsv'
[6.798s] INFO:colcon.colcon_core.shell:Creating package script '/home/khaledob/bookros2_ws/install/br2_navigation/share/br2_navigation/package.sh'
[6.799s] INFO:colcon.colcon_core.shell:Creating package script '/home/khaledob/bookros2_ws/install/br2_navigation/share/br2_navigation/package.bash'
[6.802s] INFO:colcon.colcon_core.shell:Creating package script '/home/khaledob/bookros2_ws/install/br2_navigation/share/br2_navigation/package.zsh'
[6.815s] Level 1:colcon.colcon_core.environment:create_file_with_runtime_dependencies(/home/khaledob/bookros2_ws/install/br2_navigation/share/colcon-core/packages/br2_navigation)
[6.824s] INFO:colcon.colcon_ros.task.ament_cmake.build:Building ROS package in '/home/khaledob/bookros2_ws/src/task1' with build type 'ament_cmake'
[6.835s] INFO:colcon.colcon_cmake.task.cmake.build:Building CMake package in '/home/khaledob/bookros2_ws/src/task1'
[6.840s] INFO:colcon.colcon_core.shell:Skip shell extension 'powershell' for command environment: Not usable outside of PowerShell
[6.845s] DEBUG:colcon.colcon_core.shell:Skip shell extension 'dsv' for command environment
[6.882s] Level 1:colcon.colcon_core.environment:create_environment_scripts_only(br2_tiago)
[6.885s] Level 1:colcon.colcon_core.environment:checking '/home/khaledob/bookros2_ws/install/br2_tiago' for CMake module files
[6.887s] DEBUG:colcon.colcon_core.event_handler.log_command:Invoked command in '/home/khaledob/bookros2_ws/build/br2_tiago' returned '0': CMAKE_PREFIX_PATH=${CMAKE_PREFIX_PATH}:/home/khaledob/bookros2_ws/install/ros2controlcli:/home/khaledob/bookros2_ws/install/launch_pal:/home/khaledob/bookros2_ws/install/br2_fsm_bumpgo_py:/opt/ros/foxy /usr/bin/cmake --install /home/khaledob/bookros2_ws/build/br2_tiago
[6.891s] Level 1:colcon.colcon_core.environment:checking '/home/khaledob/bookros2_ws/install/br2_tiago' for CMake config files
[6.891s] Level 1:colcon.colcon_core.shell:create_environment_hook('br2_tiago', 'cmake_prefix_path')
[6.892s] INFO:colcon.colcon_core.shell:Creating environment hook '/home/khaledob/bookros2_ws/install/br2_tiago/share/br2_tiago/hook/cmake_prefix_path.ps1'
[6.893s] INFO:colcon.colcon_core.shell:Creating environment descriptor '/home/khaledob/bookros2_ws/install/br2_tiago/share/br2_tiago/hook/cmake_prefix_path.dsv'
[6.898s] INFO:colcon.colcon_core.shell:Creating environment hook '/home/khaledob/bookros2_ws/install/br2_tiago/share/br2_tiago/hook/cmake_prefix_path.sh'
[6.920s] Level 1:colcon.colcon_core.environment:checking '/home/khaledob/bookros2_ws/install/br2_tiago/bin'
[6.921s] Level 1:colcon.colcon_core.environment:checking '/home/khaledob/bookros2_ws/install/br2_tiago/lib/pkgconfig/br2_tiago.pc'
[6.922s] Level 1:colcon.colcon_core.environment:checking '/home/khaledob/bookros2_ws/install/br2_tiago/lib/python3.8/site-packages'
[6.923s] Level 1:colcon.colcon_core.environment:checking '/home/khaledob/bookros2_ws/install/br2_tiago/bin'
[6.924s] INFO:colcon.colcon_core.shell:Creating package script '/home/khaledob/bookros2_ws/install/br2_tiago/share/br2_tiago/package.ps1'
[6.929s] INFO:colcon.colcon_core.shell:Creating package descriptor '/home/khaledob/bookros2_ws/install/br2_tiago/share/br2_tiago/package.dsv'
[6.931s] INFO:colcon.colcon_core.shell:Creating package script '/home/khaledob/bookros2_ws/install/br2_tiago/share/br2_tiago/package.sh'
[6.934s] INFO:colcon.colcon_core.shell:Creating package script '/home/khaledob/bookros2_ws/install/br2_tiago/share/br2_tiago/package.bash'
[6.937s] INFO:colcon.colcon_core.shell:Creating package script '/home/khaledob/bookros2_ws/install/br2_tiago/share/br2_tiago/package.zsh'
[6.941s] Level 1:colcon.colcon_core.environment:create_file_with_runtime_dependencies(/home/khaledob/bookros2_ws/install/br2_tiago/share/colcon-core/packages/br2_tiago)
[6.943s] Level 1:colcon.colcon_core.environment:create_environment_scripts_only(br2_tiago)
[6.943s] Level 1:colcon.colcon_core.environment:checking '/home/khaledob/bookros2_ws/install/br2_tiago' for CMake module files
[6.945s] Level 1:colcon.colcon_core.environment:checking '/home/khaledob/bookros2_ws/install/br2_tiago' for CMake config files
[6.945s] Level 1:colcon.colcon_core.shell:create_environment_hook('br2_tiago', 'cmake_prefix_path')
[6.946s] INFO:colcon.colcon_core.shell:Creating environment hook '/home/khaledob/bookros2_ws/install/br2_tiago/share/br2_tiago/hook/cmake_prefix_path.ps1'
[6.947s] INFO:colcon.colcon_core.shell:Creating environment descriptor '/home/khaledob/bookros2_ws/install/br2_tiago/share/br2_tiago/hook/cmake_prefix_path.dsv'
[6.948s] INFO:colcon.colcon_core.shell:Creating environment hook '/home/khaledob/bookros2_ws/install/br2_tiago/share/br2_tiago/hook/cmake_prefix_path.sh'
[6.950s] Level 1:colcon.colcon_core.environment:checking '/home/khaledob/bookros2_ws/install/br2_tiago/bin'
[6.950s] Level 1:colcon.colcon_core.environment:checking '/home/khaledob/bookros2_ws/install/br2_tiago/lib/pkgconfig/br2_tiago.pc'
[6.950s] Level 1:colcon.colcon_core.environment:checking '/home/khaledob/bookros2_ws/install/br2_tiago/lib/python3.8/site-packages'
[6.951s] Level 1:colcon.colcon_core.environment:checking '/home/khaledob/bookros2_ws/install/br2_tiago/bin'
[6.951s] INFO:colcon.colcon_core.shell:Creating package script '/home/khaledob/bookros2_ws/install/br2_tiago/share/br2_tiago/package.ps1'
[6.952s] INFO:colcon.colcon_core.shell:Creating package descriptor '/home/khaledob/bookros2_ws/install/br2_tiago/share/br2_tiago/package.dsv'
[6.954s] INFO:colcon.colcon_core.shell:Creating package script '/home/khaledob/bookros2_ws/install/br2_tiago/share/br2_tiago/package.sh'
[6.956s] INFO:colcon.colcon_core.shell:Creating package script '/home/khaledob/bookros2_ws/install/br2_tiago/share/br2_tiago/package.bash'
[6.957s] INFO:colcon.colcon_core.shell:Creating package script '/home/khaledob/bookros2_ws/install/br2_tiago/share/br2_tiago/package.zsh'
[6.959s] Level 1:colcon.colcon_core.environment:create_file_with_runtime_dependencies(/home/khaledob/bookros2_ws/install/br2_tiago/share/colcon-core/packages/br2_tiago)
[6.989s] DEBUG:colcon.colcon_core.event_handler.log_command:Invoking command in '/home/khaledob/bookros2_ws/build/br2_fsm_bumpgo_py': PYTHONPATH=/home/khaledob/bookros2_ws/build/br2_fsm_bumpgo_py/prefix_override:/usr/lib/python3/dist-packages/colcon_core/task/python/colcon_distutils_commands:/home/khaledob/bookros2_ws/install/br2_fsm_bumpgo_py/lib/python3.8/site-packages:${PYTHONPATH} /usr/bin/python3 -W ignore:setup.py install is deprecated -W ignore:easy_install command is deprecated setup.py develop --editable --build-directory /home/khaledob/bookros2_ws/build/br2_fsm_bumpgo_py/build --no-deps symlink_data
[6.996s] INFO:colcon.colcon_ros.task.ament_cmake.build:Building ROS package in '/home/khaledob/bookros2_ws/src/task2a' with build type 'ament_cmake'
[6.996s] INFO:colcon.colcon_cmake.task.cmake.build:Building CMake package in '/home/khaledob/bookros2_ws/src/task2a'
[6.997s] INFO:colcon.colcon_core.shell:Skip shell extension 'powershell' for command environment: Not usable outside of PowerShell
[6.997s] DEBUG:colcon.colcon_core.shell:Skip shell extension 'dsv' for command environment
[7.071s] DEBUG:colcon.colcon_core.event_handler.log_command:Invoking command in '/home/khaledob/bookros2_ws/build/task1': CMAKE_PREFIX_PATH=${CMAKE_PREFIX_PATH}:/home/khaledob/bookros2_ws/install/ros2controlcli:/home/khaledob/bookros2_ws/install/launch_pal:/home/khaledob/bookros2_ws/install/br2_fsm_bumpgo_py:/opt/ros/foxy /usr/bin/cmake --build /home/khaledob/bookros2_ws/build/task1 -- -j7 -l7
[7.075s] DEBUG:colcon.colcon_core.event_handler.log_command:Invoked command in '/home/khaledob/bookros2_ws/build/br2_tf2_detector' returned '0': CMAKE_PREFIX_PATH=${CMAKE_PREFIX_PATH}:/home/khaledob/bookros2_ws/install/ros2controlcli:/home/khaledob/bookros2_ws/install/launch_pal:/home/khaledob/bookros2_ws/install/br2_fsm_bumpgo_py:/opt/ros/foxy /usr/bin/cmake --build /home/khaledob/bookros2_ws/build/br2_tf2_detector -- -j7 -l7
[7.128s] DEBUG:colcon.colcon_core.event_handler.log_command:Invoking command in '/home/khaledob/bookros2_ws/build/br2_tf2_detector': CMAKE_PREFIX_PATH=${CMAKE_PREFIX_PATH}:/home/khaledob/bookros2_ws/install/ros2controlcli:/home/khaledob/bookros2_ws/install/launch_pal:/home/khaledob/bookros2_ws/install/br2_fsm_bumpgo_py:/opt/ros/foxy /usr/bin/cmake --install /home/khaledob/bookros2_ws/build/br2_tf2_detector
[7.151s] DEBUG:colcon.colcon_core.event_handler.log_command:Invoking command in '/home/khaledob/bookros2_ws/build/task2a': CMAKE_PREFIX_PATH=${CMAKE_PREFIX_PATH}:/home/khaledob/bookros2_ws/install/ros2controlcli:/home/khaledob/bookros2_ws/install/launch_pal:/home/khaledob/bookros2_ws/install/br2_fsm_bumpgo_py:/opt/ros/foxy /usr/bin/cmake --build /home/khaledob/bookros2_ws/build/task2a -- -j7 -l7
[7.211s] DEBUG:colcon.colcon_core.event_handler.log_command:Invoked command in '/home/khaledob/bookros2_ws/build/br2_vff_avoidance' returned '0': CMAKE_PREFIX_PATH=${CMAKE_PREFIX_PATH}:/home/khaledob/bookros2_ws/install/ros2controlcli:/home/khaledob/bookros2_ws/install/launch_pal:/home/khaledob/bookros2_ws/install/br2_fsm_bumpgo_py:/opt/ros/foxy /usr/bin/cmake --build /home/khaledob/bookros2_ws/build/br2_vff_avoidance -- -j7 -l7
[7.221s] DEBUG:colcon.colcon_core.event_handler.log_command:Invoking command in '/home/khaledob/bookros2_ws/build/br2_vff_avoidance': CMAKE_PREFIX_PATH=${CMAKE_PREFIX_PATH}:/home/khaledob/bookros2_ws/install/ros2controlcli:/home/khaledob/bookros2_ws/install/launch_pal:/home/khaledob/bookros2_ws/install/br2_fsm_bumpgo_py:/opt/ros/foxy /usr/bin/cmake --install /home/khaledob/bookros2_ws/build/br2_vff_avoidance
[7.255s] DEBUG:colcon.colcon_core.event_handler.log_command:Invoked command in '/home/khaledob/bookros2_ws/build/controller_manager' returned '0': CMAKE_PREFIX_PATH=/home/khaledob/bookros2_ws/install/controller_interface:/home/khaledob/bookros2_ws/install/hardware_interface:/home/khaledob/bookros2_ws/install/ros2_control_test_assets:/home/khaledob/bookros2_ws/install/controller_manager_msgs:/home/khaledob/bookros2_ws/install/task2b:/home/khaledob/bookros2_ws/install/task2a:/home/khaledob/bookros2_ws/install/gazebo_ros2_control_demos:/home/khaledob/bookros2_ws/install/ros2_controllers:/home/khaledob/bookros2_ws/install/velocity_controllers:/home/khaledob/bookros2_ws/install/urdf_test:/home/khaledob/bookros2_ws/install/tiago_simulation:/home/khaledob/bookros2_ws/install/tiago_robot:/home/khaledob/bookros2_ws/install/tiago_2dnav_gazebo:/home/khaledob/bookros2_ws/install/tiago_gazebo:/home/khaledob/bookros2_ws/install/tiago_bringup:/home/khaledob/bookros2_ws/install/pmb2_robot:/home/khaledob/bookros2_ws/install/pmb2_bringup:/home/khaledob/bookros2_ws/install/twist_mux:/home/khaledob/bookros2_ws/install/transmission_interface:/home/khaledob/bookros2_ws/install/tiago_description:/home/khaledob/bookros2_ws/install/tiago_description_calibration:/home/khaledob/bookros2_ws/install/tiago_controller_configuration:/home/khaledob/bookros2_ws/install/task1:/home/khaledob/bookros2_ws/install/ros2_control:/home/khaledob/bookros2_ws/install/pal_gripper:/home/khaledob/bookros2_ws/install/pal_gripper_controller_configuration:/home/khaledob/bookros2_ws/install/position_controllers:/home/khaledob/bookros2_ws/install/pmb2_navigation:/home/khaledob/bookros2_ws/install/pmb2_2dnav:/home/khaledob/bookros2_ws/install/pmb2_maps:/home/khaledob/bookros2_ws/install/pmb2_description:/home/khaledob/bookros2_ws/install/pmb2_controller_configuration:/home/khaledob/bookros2_ws/install/pal_gripper_description:/home/khaledob/bookros2_ws/install/pal_gazebo_worlds:/home/khaledob/bookros2_ws/install/joint_trajectory_controller:/home/khaledob/bookros2_ws/install/joint_state_controller:/home/khaledob/bookros2_ws/install/joint_state_broadcaster:/home/khaledob/bookros2_ws/install/imu_sensor_broadcaster:/home/khaledob/bookros2_ws/install/hey5_description:/home/khaledob/bookros2_ws/install/gripper_controllers:/home/khaledob/bookros2_ws/install/gazebo_ros2_control:/home/khaledob/bookros2_ws/install/effort_controllers:/home/khaledob/bookros2_ws/install/forward_command_controller:/home/khaledob/bookros2_ws/install/force_torque_sensor_broadcaster:/home/khaledob/bookros2_ws/install/diff_drive_controller:/home/khaledob/bookros2_ws/install/controller_manager:/home/khaledob/bookros2_ws/install/groot:/home/khaledob/bookros2_ws/install/br2_vff_avoidance:/home/khaledob/bookros2_ws/install/br2_tracking:/home/khaledob/bookros2_ws/install/br2_tracking_msgs:/home/khaledob/bookros2_ws/install/br2_tiago:/home/khaledob/bookros2_ws/install/br2_tf2_detector:/home/khaledob/bookros2_ws/install/br2_navigation:/home/khaledob/bookros2_ws/install/br2_fsm_bumpgo_cpp:/home/khaledob/bookros2_ws/install/br2_bt_patrolling:/home/khaledob/bookros2_ws/install/br2_bt_bumpgo:/home/khaledob/bookros2_ws/install/br2_basics:/home/khaledob/bookros2_ws/install/ros2controlcli:/home/khaledob/bookros2_ws/install/launch_pal:/home/khaledob/bookros2_ws/install/br2_fsm_bumpgo_py:/opt/ros/foxy LD_LIBRARY_PATH=/home/khaledob/bookros2_ws/install/controller_interface/lib:/home/khaledob/bookros2_ws/install/hardware_interface/lib:/home/khaledob/bookros2_ws/install/controller_manager_msgs/lib:/home/khaledob/bookros2_ws/install/velocity_controllers/lib:/home/khaledob/bookros2_ws/install/position_controllers/lib:/home/khaledob/bookros2_ws/install/joint_trajectory_controller/lib:/home/khaledob/bookros2_ws/install/joint_state_controller/lib:/home/khaledob/bookros2_ws/install/joint_state_broadcaster/lib:/home/khaledob/bookros2_ws/install/imu_sensor_broadcaster/lib:/home/khaledob/bookros2_ws/install/gripper_controllers/lib:/home/khaledob/bookros2_ws/install/gazebo_ros2_control/lib:/home/khaledob/bookros2_ws/install/effort_controllers/lib:/home/khaledob/bookros2_ws/install/forward_command_controller/lib:/home/khaledob/bookros2_ws/install/force_torque_sensor_broadcaster/lib:/home/khaledob/bookros2_ws/install/diff_drive_controller/lib:/home/khaledob/bookros2_ws/install/controller_manager/lib:/home/khaledob/bookros2_ws/install/groot/lib:/home/khaledob/bookros2_ws/install/br2_vff_avoidance/lib:/home/khaledob/bookros2_ws/install/br2_tracking/lib:/home/khaledob/bookros2_ws/install/br2_tracking_msgs/lib:/home/khaledob/bookros2_ws/install/br2_tf2_detector/lib:/home/khaledob/bookros2_ws/install/br2_bt_patrolling/lib:/home/khaledob/bookros2_ws/install/br2_bt_bumpgo/lib:/usr/lib/x86_64-linux-gnu/gazebo-11/plugins:/opt/ros/foxy/opt/yaml_cpp_vendor/lib:/opt/ros/foxy/opt/rviz_ogre_vendor/lib:/opt/ros/foxy/lib/x86_64-linux-gnu:/opt/ros/foxy/lib PYTHONPATH=/home/khaledob/bookros2_ws/install/controller_manager_msgs/lib/python3.8/site-packages:/home/khaledob/bookros2_ws/install/urdf_test/lib/python3.8/site-packages:/home/khaledob/bookros2_ws/install/tiago_description/lib/python3.8/site-packages:/home/khaledob/bookros2_ws/build/ros2controlcli:/home/khaledob/bookros2_ws/install/ros2controlcli/lib/python3.8/site-packages:/home/khaledob/bookros2_ws/install/pmb2_description/lib/python3.8/site-packages:/home/khaledob/bookros2_ws/build/launch_pal:/home/khaledob/bookros2_ws/install/launch_pal/lib/python3.8/site-packages:/home/khaledob/bookros2_ws/install/controller_manager/lib/python3.8/site-packages:/home/khaledob/bookros2_ws/install/br2_tracking_msgs/lib/python3.8/site-packages:/home/khaledob/bookros2_ws/build/br2_fsm_bumpgo_py:/home/khaledob/bookros2_ws/install/br2_fsm_bumpgo_py/lib/python3.8/site-packages:/opt/ros/foxy/lib/python3.8/site-packages /usr/bin/cmake --build /home/khaledob/bookros2_ws/build/controller_manager -- -j7 -l7
[7.275s] Level 1:colcon.colcon_core.environment:create_environment_scripts_only(br2_tf2_detector)
[7.281s] Level 1:colcon.colcon_core.environment:checking '/home/khaledob/bookros2_ws/install/br2_tf2_detector' for CMake module files
[7.286s] DEBUG:colcon.colcon_core.event_handler.log_command:Invoking command in '/home/khaledob/bookros2_ws/build/controller_manager': CMAKE_PREFIX_PATH=/home/khaledob/bookros2_ws/install/controller_interface:/home/khaledob/bookros2_ws/install/hardware_interface:/home/khaledob/bookros2_ws/install/ros2_control_test_assets:/home/khaledob/bookros2_ws/install/controller_manager_msgs:/home/khaledob/bookros2_ws/install/task2b:/home/khaledob/bookros2_ws/install/task2a:/home/khaledob/bookros2_ws/install/gazebo_ros2_control_demos:/home/khaledob/bookros2_ws/install/ros2_controllers:/home/khaledob/bookros2_ws/install/velocity_controllers:/home/khaledob/bookros2_ws/install/urdf_test:/home/khaledob/bookros2_ws/install/tiago_simulation:/home/khaledob/bookros2_ws/install/tiago_robot:/home/khaledob/bookros2_ws/install/tiago_2dnav_gazebo:/home/khaledob/bookros2_ws/install/tiago_gazebo:/home/khaledob/bookros2_ws/install/tiago_bringup:/home/khaledob/bookros2_ws/install/pmb2_robot:/home/khaledob/bookros2_ws/install/pmb2_bringup:/home/khaledob/bookros2_ws/install/twist_mux:/home/khaledob/bookros2_ws/install/transmission_interface:/home/khaledob/bookros2_ws/install/tiago_description:/home/khaledob/bookros2_ws/install/tiago_description_calibration:/home/khaledob/bookros2_ws/install/tiago_controller_configuration:/home/khaledob/bookros2_ws/install/task1:/home/khaledob/bookros2_ws/install/ros2_control:/home/khaledob/bookros2_ws/install/pal_gripper:/home/khaledob/bookros2_ws/install/pal_gripper_controller_configuration:/home/khaledob/bookros2_ws/install/position_controllers:/home/khaledob/bookros2_ws/install/pmb2_navigation:/home/khaledob/bookros2_ws/install/pmb2_2dnav:/home/khaledob/bookros2_ws/install/pmb2_maps:/home/khaledob/bookros2_ws/install/pmb2_description:/home/khaledob/bookros2_ws/install/pmb2_controller_configuration:/home/khaledob/bookros2_ws/install/pal_gripper_description:/home/khaledob/bookros2_ws/install/pal_gazebo_worlds:/home/khaledob/bookros2_ws/install/joint_trajectory_controller:/home/khaledob/bookros2_ws/install/joint_state_controller:/home/khaledob/bookros2_ws/install/joint_state_broadcaster:/home/khaledob/bookros2_ws/install/imu_sensor_broadcaster:/home/khaledob/bookros2_ws/install/hey5_description:/home/khaledob/bookros2_ws/install/gripper_controllers:/home/khaledob/bookros2_ws/install/gazebo_ros2_control:/home/khaledob/bookros2_ws/install/effort_controllers:/home/khaledob/bookros2_ws/install/forward_command_controller:/home/khaledob/bookros2_ws/install/force_torque_sensor_broadcaster:/home/khaledob/bookros2_ws/install/diff_drive_controller:/home/khaledob/bookros2_ws/install/controller_manager:/home/khaledob/bookros2_ws/install/groot:/home/khaledob/bookros2_ws/install/br2_vff_avoidance:/home/khaledob/bookros2_ws/install/br2_tracking:/home/khaledob/bookros2_ws/install/br2_tracking_msgs:/home/khaledob/bookros2_ws/install/br2_tiago:/home/khaledob/bookros2_ws/install/br2_tf2_detector:/home/khaledob/bookros2_ws/install/br2_navigation:/home/khaledob/bookros2_ws/install/br2_fsm_bumpgo_cpp:/home/khaledob/bookros2_ws/install/br2_bt_patrolling:/home/khaledob/bookros2_ws/install/br2_bt_bumpgo:/home/khaledob/bookros2_ws/install/br2_basics:/home/khaledob/bookros2_ws/install/ros2controlcli:/home/khaledob/bookros2_ws/install/launch_pal:/home/khaledob/bookros2_ws/install/br2_fsm_bumpgo_py:/opt/ros/foxy LD_LIBRARY_PATH=/home/khaledob/bookros2_ws/install/controller_interface/lib:/home/khaledob/bookros2_ws/install/hardware_interface/lib:/home/khaledob/bookros2_ws/install/controller_manager_msgs/lib:/home/khaledob/bookros2_ws/install/velocity_controllers/lib:/home/khaledob/bookros2_ws/install/position_controllers/lib:/home/khaledob/bookros2_ws/install/joint_trajectory_controller/lib:/home/khaledob/bookros2_ws/install/joint_state_controller/lib:/home/khaledob/bookros2_ws/install/joint_state_broadcaster/lib:/home/khaledob/bookros2_ws/install/imu_sensor_broadcaster/lib:/home/khaledob/bookros2_ws/install/gripper_controllers/lib:/home/khaledob/bookros2_ws/install/gazebo_ros2_control/lib:/home/khaledob/bookros2_ws/install/effort_controllers/lib:/home/khaledob/bookros2_ws/install/forward_command_controller/lib:/home/khaledob/bookros2_ws/install/force_torque_sensor_broadcaster/lib:/home/khaledob/bookros2_ws/install/diff_drive_controller/lib:/home/khaledob/bookros2_ws/install/controller_manager/lib:/home/khaledob/bookros2_ws/install/groot/lib:/home/khaledob/bookros2_ws/install/br2_vff_avoidance/lib:/home/khaledob/bookros2_ws/install/br2_tracking/lib:/home/khaledob/bookros2_ws/install/br2_tracking_msgs/lib:/home/khaledob/bookros2_ws/install/br2_tf2_detector/lib:/home/khaledob/bookros2_ws/install/br2_bt_patrolling/lib:/home/khaledob/bookros2_ws/install/br2_bt_bumpgo/lib:/usr/lib/x86_64-linux-gnu/gazebo-11/plugins:/opt/ros/foxy/opt/yaml_cpp_vendor/lib:/opt/ros/foxy/opt/rviz_ogre_vendor/lib:/opt/ros/foxy/lib/x86_64-linux-gnu:/opt/ros/foxy/lib PYTHONPATH=/home/khaledob/bookros2_ws/install/controller_manager_msgs/lib/python3.8/site-packages:/home/khaledob/bookros2_ws/install/urdf_test/lib/python3.8/site-packages:/home/khaledob/bookros2_ws/install/tiago_description/lib/python3.8/site-packages:/home/khaledob/bookros2_ws/build/ros2controlcli:/home/khaledob/bookros2_ws/install/ros2controlcli/lib/python3.8/site-packages:/home/khaledob/bookros2_ws/install/pmb2_description/lib/python3.8/site-packages:/home/khaledob/bookros2_ws/build/launch_pal:/home/khaledob/bookros2_ws/install/launch_pal/lib/python3.8/site-packages:/home/khaledob/bookros2_ws/install/controller_manager/lib/python3.8/site-packages:/home/khaledob/bookros2_ws/install/br2_tracking_msgs/lib/python3.8/site-packages:/home/khaledob/bookros2_ws/build/br2_fsm_bumpgo_py:/home/khaledob/bookros2_ws/install/br2_fsm_bumpgo_py/lib/python3.8/site-packages:/opt/ros/foxy/lib/python3.8/site-packages /usr/bin/cmake --install /home/khaledob/bookros2_ws/build/controller_manager
[7.289s] Level 1:colcon.colcon_core.environment:checking '/home/khaledob/bookros2_ws/install/br2_tf2_detector' for CMake config files
[7.298s] Level 1:colcon.colcon_core.shell:create_environment_hook('br2_tf2_detector', 'cmake_prefix_path')
[7.304s] INFO:colcon.colcon_core.shell:Creating environment hook '/home/khaledob/bookros2_ws/install/br2_tf2_detector/share/br2_tf2_detector/hook/cmake_prefix_path.ps1'
[7.306s] DEBUG:colcon.colcon_core.event_handler.log_command:Invoked command in '/home/khaledob/bookros2_ws/build/br2_tf2_detector' returned '0': CMAKE_PREFIX_PATH=${CMAKE_PREFIX_PATH}:/home/khaledob/bookros2_ws/install/ros2controlcli:/home/khaledob/bookros2_ws/install/launch_pal:/home/khaledob/bookros2_ws/install/br2_fsm_bumpgo_py:/opt/ros/foxy /usr/bin/cmake --install /home/khaledob/bookros2_ws/build/br2_tf2_detector
[7.315s] INFO:colcon.colcon_core.shell:Creating environment descriptor '/home/khaledob/bookros2_ws/install/br2_tf2_detector/share/br2_tf2_detector/hook/cmake_prefix_path.dsv'
[7.317s] INFO:colcon.colcon_core.shell:Creating environment hook '/home/khaledob/bookros2_ws/install/br2_tf2_detector/share/br2_tf2_detector/hook/cmake_prefix_path.sh'
[7.336s] Level 1:colcon.colcon_core.environment:checking '/home/khaledob/bookros2_ws/install/br2_tf2_detector/lib'
[7.342s] Level 1:colcon.colcon_core.shell:create_environment_hook('br2_tf2_detector', 'ld_library_path_lib')
[7.343s] INFO:colcon.colcon_core.shell:Creating environment hook '/home/khaledob/bookros2_ws/install/br2_tf2_detector/share/br2_tf2_detector/hook/ld_library_path_lib.ps1'
[7.345s] INFO:colcon.colcon_core.shell:Creating environment descriptor '/home/khaledob/bookros2_ws/install/br2_tf2_detector/share/br2_tf2_detector/hook/ld_library_path_lib.dsv'
[7.353s] INFO:colcon.colcon_core.shell:Creating environment hook '/home/khaledob/bookros2_ws/install/br2_tf2_detector/share/br2_tf2_detector/hook/ld_library_path_lib.sh'
[7.371s] Level 1:colcon.colcon_core.environment:checking '/home/khaledob/bookros2_ws/install/br2_tf2_detector/bin'
[7.371s] Level 1:colcon.colcon_core.environment:checking '/home/khaledob/bookros2_ws/install/br2_tf2_detector/lib/pkgconfig/br2_tf2_detector.pc'
[7.372s] Level 1:colcon.colcon_core.environment:checking '/home/khaledob/bookros2_ws/install/br2_tf2_detector/lib/python3.8/site-packages'
[7.372s] Level 1:colcon.colcon_core.environment:checking '/home/khaledob/bookros2_ws/install/br2_tf2_detector/bin'
[7.372s] INFO:colcon.colcon_core.shell:Creating package script '/home/khaledob/bookros2_ws/install/br2_tf2_detector/share/br2_tf2_detector/package.ps1'
[7.373s] INFO:colcon.colcon_core.shell:Creating package descriptor '/home/khaledob/bookros2_ws/install/br2_tf2_detector/share/br2_tf2_detector/package.dsv'
[7.374s] INFO:colcon.colcon_core.shell:Creating package script '/home/khaledob/bookros2_ws/install/br2_tf2_detector/share/br2_tf2_detector/package.sh'
[7.375s] INFO:colcon.colcon_core.shell:Creating package script '/home/khaledob/bookros2_ws/install/br2_tf2_detector/share/br2_tf2_detector/package.bash'
[7.376s] INFO:colcon.colcon_core.shell:Creating package script '/home/khaledob/bookros2_ws/install/br2_tf2_detector/share/br2_tf2_detector/package.zsh'
[7.377s] Level 1:colcon.colcon_core.environment:create_file_with_runtime_dependencies(/home/khaledob/bookros2_ws/install/br2_tf2_detector/share/colcon-core/packages/br2_tf2_detector)
[7.378s] Level 1:colcon.colcon_core.environment:create_environment_scripts_only(br2_tf2_detector)
[7.378s] Level 1:colcon.colcon_core.environment:checking '/home/khaledob/bookros2_ws/install/br2_tf2_detector' for CMake module files
[7.379s] Level 1:colcon.colcon_core.environment:checking '/home/khaledob/bookros2_ws/install/br2_tf2_detector' for CMake config files
[7.379s] Level 1:colcon.colcon_core.shell:create_environment_hook('br2_tf2_detector', 'cmake_prefix_path')
[7.379s] INFO:colcon.colcon_core.shell:Creating environment hook '/home/khaledob/bookros2_ws/install/br2_tf2_detector/share/br2_tf2_detector/hook/cmake_prefix_path.ps1'
[7.380s] INFO:colcon.colcon_core.shell:Creating environment descriptor '/home/khaledob/bookros2_ws/install/br2_tf2_detector/share/br2_tf2_detector/hook/cmake_prefix_path.dsv'
[7.381s] INFO:colcon.colcon_core.shell:Creating environment hook '/home/khaledob/bookros2_ws/install/br2_tf2_detector/share/br2_tf2_detector/hook/cmake_prefix_path.sh'
[7.391s] Level 1:colcon.colcon_core.environment:checking '/home/khaledob/bookros2_ws/install/br2_tf2_detector/lib'
[7.392s] Level 1:colcon.colcon_core.shell:create_environment_hook('br2_tf2_detector', 'ld_library_path_lib')
[7.392s] INFO:colcon.colcon_core.shell:Creating environment hook '/home/khaledob/bookros2_ws/install/br2_tf2_detector/share/br2_tf2_detector/hook/ld_library_path_lib.ps1'
[7.394s] INFO:colcon.colcon_core.shell:Creating environment descriptor '/home/khaledob/bookros2_ws/install/br2_tf2_detector/share/br2_tf2_detector/hook/ld_library_path_lib.dsv'
[7.396s] INFO:colcon.colcon_core.shell:Creating environment hook '/home/khaledob/bookros2_ws/install/br2_tf2_detector/share/br2_tf2_detector/hook/ld_library_path_lib.sh'
[7.398s] Level 1:colcon.colcon_core.environment:checking '/home/khaledob/bookros2_ws/install/br2_tf2_detector/bin'
[7.398s] Level 1:colcon.colcon_core.environment:checking '/home/khaledob/bookros2_ws/install/br2_tf2_detector/lib/pkgconfig/br2_tf2_detector.pc'
[7.399s] Level 1:colcon.colcon_core.environment:checking '/home/khaledob/bookros2_ws/install/br2_tf2_detector/lib/python3.8/site-packages'
[7.399s] Level 1:colcon.colcon_core.environment:checking '/home/khaledob/bookros2_ws/install/br2_tf2_detector/bin'
[7.400s] INFO:colcon.colcon_core.shell:Creating package script '/home/khaledob/bookros2_ws/install/br2_tf2_detector/share/br2_tf2_detector/package.ps1'
[7.403s] INFO:colcon.colcon_core.shell:Creating package descriptor '/home/khaledob/bookros2_ws/install/br2_tf2_detector/share/br2_tf2_detector/package.dsv'
[7.405s] INFO:colcon.colcon_core.shell:Creating package script '/home/khaledob/bookros2_ws/install/br2_tf2_detector/share/br2_tf2_detector/package.sh'
[7.407s] INFO:colcon.colcon_core.shell:Creating package script '/home/khaledob/bookros2_ws/install/br2_tf2_detector/share/br2_tf2_detector/package.bash'
[7.411s] INFO:colcon.colcon_core.shell:Creating package script '/home/khaledob/bookros2_ws/install/br2_tf2_detector/share/br2_tf2_detector/package.zsh'
[7.412s] Level 1:colcon.colcon_core.environment:create_file_with_runtime_dependencies(/home/khaledob/bookros2_ws/install/br2_tf2_detector/share/colcon-core/packages/br2_tf2_detector)
[7.420s] INFO:colcon.colcon_ros.task.ament_cmake.build:Building ROS package in '/home/khaledob/bookros2_ws/src/task2b' with build type 'ament_cmake'
[7.422s] INFO:colcon.colcon_cmake.task.cmake.build:Building CMake package in '/home/khaledob/bookros2_ws/src/task2b'
[7.426s] INFO:colcon.colcon_core.shell:Skip shell extension 'powershell' for command environment: Not usable outside of PowerShell
[7.426s] DEBUG:colcon.colcon_core.shell:Skip shell extension 'dsv' for command environment
[7.448s] Level 1:colcon.colcon_core.environment:create_environment_scripts_only(br2_vff_avoidance)
[7.449s] Level 1:colcon.colcon_core.environment:checking '/home/khaledob/bookros2_ws/install/br2_vff_avoidance' for CMake module files
[7.456s] DEBUG:colcon.colcon_core.event_handler.log_command:Invoked command in '/home/khaledob/bookros2_ws/build/br2_vff_avoidance' returned '0': CMAKE_PREFIX_PATH=${CMAKE_PREFIX_PATH}:/home/khaledob/bookros2_ws/install/ros2controlcli:/home/khaledob/bookros2_ws/install/launch_pal:/home/khaledob/bookros2_ws/install/br2_fsm_bumpgo_py:/opt/ros/foxy /usr/bin/cmake --install /home/khaledob/bookros2_ws/build/br2_vff_avoidance
[7.464s] Level 1:colcon.colcon_core.environment:checking '/home/khaledob/bookros2_ws/install/br2_vff_avoidance' for CMake config files
[7.465s] Level 1:colcon.colcon_core.shell:create_environment_hook('br2_vff_avoidance', 'cmake_prefix_path')
[7.466s] INFO:colcon.colcon_core.shell:Creating environment hook '/home/khaledob/bookros2_ws/install/br2_vff_avoidance/share/br2_vff_avoidance/hook/cmake_prefix_path.ps1'
[7.467s] INFO:colcon.colcon_core.shell:Creating environment descriptor '/home/khaledob/bookros2_ws/install/br2_vff_avoidance/share/br2_vff_avoidance/hook/cmake_prefix_path.dsv'
[7.468s] INFO:colcon.colcon_core.shell:Creating environment hook '/home/khaledob/bookros2_ws/install/br2_vff_avoidance/share/br2_vff_avoidance/hook/cmake_prefix_path.sh'
[7.471s] Level 1:colcon.colcon_core.environment:checking '/home/khaledob/bookros2_ws/install/br2_vff_avoidance/lib'
[7.472s] Level 1:colcon.colcon_core.shell:create_environment_hook('br2_vff_avoidance', 'ld_library_path_lib')
[7.472s] INFO:colcon.colcon_core.shell:Creating environment hook '/home/khaledob/bookros2_ws/install/br2_vff_avoidance/share/br2_vff_avoidance/hook/ld_library_path_lib.ps1'
[7.473s] INFO:colcon.colcon_core.shell:Creating environment descriptor '/home/khaledob/bookros2_ws/install/br2_vff_avoidance/share/br2_vff_avoidance/hook/ld_library_path_lib.dsv'
[7.474s] INFO:colcon.colcon_core.shell:Creating environment hook '/home/khaledob/bookros2_ws/install/br2_vff_avoidance/share/br2_vff_avoidance/hook/ld_library_path_lib.sh'
[7.476s] Level 1:colcon.colcon_core.environment:checking '/home/khaledob/bookros2_ws/install/br2_vff_avoidance/bin'
[7.476s] Level 1:colcon.colcon_core.environment:checking '/home/khaledob/bookros2_ws/install/br2_vff_avoidance/lib/pkgconfig/br2_vff_avoidance.pc'
[7.477s] Level 1:colcon.colcon_core.environment:checking '/home/khaledob/bookros2_ws/install/br2_vff_avoidance/lib/python3.8/site-packages'
[7.478s] Level 1:colcon.colcon_core.environment:checking '/home/khaledob/bookros2_ws/install/br2_vff_avoidance/bin'
[7.479s] INFO:colcon.colcon_core.shell:Creating package script '/home/khaledob/bookros2_ws/install/br2_vff_avoidance/share/br2_vff_avoidance/package.ps1'
[7.480s] INFO:colcon.colcon_core.shell:Creating package descriptor '/home/khaledob/bookros2_ws/install/br2_vff_avoidance/share/br2_vff_avoidance/package.dsv'
[7.483s] INFO:colcon.colcon_core.shell:Creating package script '/home/khaledob/bookros2_ws/install/br2_vff_avoidance/share/br2_vff_avoidance/package.sh'
[7.487s] INFO:colcon.colcon_core.shell:Creating package script '/home/khaledob/bookros2_ws/install/br2_vff_avoidance/share/br2_vff_avoidance/package.bash'
[7.490s] INFO:colcon.colcon_core.shell:Creating package script '/home/khaledob/bookros2_ws/install/br2_vff_avoidance/share/br2_vff_avoidance/package.zsh'
[7.497s] Level 1:colcon.colcon_core.environment:create_file_with_runtime_dependencies(/home/khaledob/bookros2_ws/install/br2_vff_avoidance/share/colcon-core/packages/br2_vff_avoidance)
[7.499s] Level 1:colcon.colcon_core.environment:create_environment_scripts_only(br2_vff_avoidance)
[7.500s] Level 1:colcon.colcon_core.environment:checking '/home/khaledob/bookros2_ws/install/br2_vff_avoidance' for CMake module files
[7.502s] Level 1:colcon.colcon_core.environment:checking '/home/khaledob/bookros2_ws/install/br2_vff_avoidance' for CMake config files
[7.503s] Level 1:colcon.colcon_core.shell:create_environment_hook('br2_vff_avoidance', 'cmake_prefix_path')
[7.503s] INFO:colcon.colcon_core.shell:Creating environment hook '/home/khaledob/bookros2_ws/install/br2_vff_avoidance/share/br2_vff_avoidance/hook/cmake_prefix_path.ps1'
[7.505s] INFO:colcon.colcon_core.shell:Creating environment descriptor '/home/khaledob/bookros2_ws/install/br2_vff_avoidance/share/br2_vff_avoidance/hook/cmake_prefix_path.dsv'
[7.507s] INFO:colcon.colcon_core.shell:Creating environment hook '/home/khaledob/bookros2_ws/install/br2_vff_avoidance/share/br2_vff_avoidance/hook/cmake_prefix_path.sh'
[7.509s] Level 1:colcon.colcon_core.environment:checking '/home/khaledob/bookros2_ws/install/br2_vff_avoidance/lib'
[7.509s] Level 1:colcon.colcon_core.shell:create_environment_hook('br2_vff_avoidance', 'ld_library_path_lib')
[7.510s] INFO:colcon.colcon_core.shell:Creating environment hook '/home/khaledob/bookros2_ws/install/br2_vff_avoidance/share/br2_vff_avoidance/hook/ld_library_path_lib.ps1'
[7.511s] INFO:colcon.colcon_core.shell:Creating environment descriptor '/home/khaledob/bookros2_ws/install/br2_vff_avoidance/share/br2_vff_avoidance/hook/ld_library_path_lib.dsv'
[7.512s] INFO:colcon.colcon_core.shell:Creating environment hook '/home/khaledob/bookros2_ws/install/br2_vff_avoidance/share/br2_vff_avoidance/hook/ld_library_path_lib.sh'
[7.513s] Level 1:colcon.colcon_core.environment:checking '/home/khaledob/bookros2_ws/install/br2_vff_avoidance/bin'
[7.513s] Level 1:colcon.colcon_core.environment:checking '/home/khaledob/bookros2_ws/install/br2_vff_avoidance/lib/pkgconfig/br2_vff_avoidance.pc'
[7.514s] Level 1:colcon.colcon_core.environment:checking '/home/khaledob/bookros2_ws/install/br2_vff_avoidance/lib/python3.8/site-packages'
[7.514s] Level 1:colcon.colcon_core.environment:checking '/home/khaledob/bookros2_ws/install/br2_vff_avoidance/bin'
[7.514s] INFO:colcon.colcon_core.shell:Creating package script '/home/khaledob/bookros2_ws/install/br2_vff_avoidance/share/br2_vff_avoidance/package.ps1'
[7.516s] INFO:colcon.colcon_core.shell:Creating package descriptor '/home/khaledob/bookros2_ws/install/br2_vff_avoidance/share/br2_vff_avoidance/package.dsv'
[7.519s] INFO:colcon.colcon_core.shell:Creating package script '/home/khaledob/bookros2_ws/install/br2_vff_avoidance/share/br2_vff_avoidance/package.sh'
[7.522s] INFO:colcon.colcon_core.shell:Creating package script '/home/khaledob/bookros2_ws/install/br2_vff_avoidance/share/br2_vff_avoidance/package.bash'
[7.523s] INFO:colcon.colcon_core.shell:Creating package script '/home/khaledob/bookros2_ws/install/br2_vff_avoidance/share/br2_vff_avoidance/package.zsh'
[7.531s] Level 1:colcon.colcon_core.environment:create_file_with_runtime_dependencies(/home/khaledob/bookros2_ws/install/br2_vff_avoidance/share/colcon-core/packages/br2_vff_avoidance)
[7.570s] DEBUG:colcon.colcon_core.event_handler.log_command:Invoked command in '/home/khaledob/bookros2_ws/build/task1' returned '0': CMAKE_PREFIX_PATH=${CMAKE_PREFIX_PATH}:/home/khaledob/bookros2_ws/install/ros2controlcli:/home/khaledob/bookros2_ws/install/launch_pal:/home/khaledob/bookros2_ws/install/br2_fsm_bumpgo_py:/opt/ros/foxy /usr/bin/cmake --build /home/khaledob/bookros2_ws/build/task1 -- -j7 -l7
[7.572s] DEBUG:colcon.colcon_core.event_handler.log_command:Invoking command in '/home/khaledob/bookros2_ws/build/task1': CMAKE_PREFIX_PATH=${CMAKE_PREFIX_PATH}:/home/khaledob/bookros2_ws/install/ros2controlcli:/home/khaledob/bookros2_ws/install/launch_pal:/home/khaledob/bookros2_ws/install/br2_fsm_bumpgo_py:/opt/ros/foxy /usr/bin/cmake --install /home/khaledob/bookros2_ws/build/task1
[7.577s] INFO:colcon.colcon_ros.task.ament_cmake.build:Building ROS package in '/home/khaledob/bookros2_ws/src/book_ros2/br2_tracking' with build type 'ament_cmake'
[7.577s] INFO:colcon.colcon_cmake.task.cmake.build:Building CMake package in '/home/khaledob/bookros2_ws/src/book_ros2/br2_tracking'
[7.578s] INFO:colcon.colcon_core.shell:Skip shell extension 'powershell' for command environment: Not usable outside of PowerShell
[7.578s] DEBUG:colcon.colcon_core.shell:Skip shell extension 'dsv' for command environment
[7.619s] DEBUG:colcon.colcon_core.event_handler.log_command:Invoked command in '/home/khaledob/bookros2_ws/build/task2a' returned '0': CMAKE_PREFIX_PATH=${CMAKE_PREFIX_PATH}:/home/khaledob/bookros2_ws/install/ros2controlcli:/home/khaledob/bookros2_ws/install/launch_pal:/home/khaledob/bookros2_ws/install/br2_fsm_bumpgo_py:/opt/ros/foxy /usr/bin/cmake --build /home/khaledob/bookros2_ws/build/task2a -- -j7 -l7
[7.674s] DEBUG:colcon.colcon_core.event_handler.log_command:Invoking command in '/home/khaledob/bookros2_ws/build/task2a': CMAKE_PREFIX_PATH=${CMAKE_PREFIX_PATH}:/home/khaledob/bookros2_ws/install/ros2controlcli:/home/khaledob/bookros2_ws/install/launch_pal:/home/khaledob/bookros2_ws/install/br2_fsm_bumpgo_py:/opt/ros/foxy /usr/bin/cmake --install /home/khaledob/bookros2_ws/build/task2a
[7.675s] Level 1:colcon.colcon_core.environment:create_environment_scripts_only(controller_manager)
[7.676s] Level 1:colcon.colcon_core.environment:checking '/home/khaledob/bookros2_ws/install/controller_manager' for CMake module files
[7.679s] DEBUG:colcon.colcon_core.event_handler.log_command:Invoked command in '/home/khaledob/bookros2_ws/build/controller_manager' returned '0': CMAKE_PREFIX_PATH=/home/khaledob/bookros2_ws/install/controller_interface:/home/khaledob/bookros2_ws/install/hardware_interface:/home/khaledob/bookros2_ws/install/ros2_control_test_assets:/home/khaledob/bookros2_ws/install/controller_manager_msgs:/home/khaledob/bookros2_ws/install/task2b:/home/khaledob/bookros2_ws/install/task2a:/home/khaledob/bookros2_ws/install/gazebo_ros2_control_demos:/home/khaledob/bookros2_ws/install/ros2_controllers:/home/khaledob/bookros2_ws/install/velocity_controllers:/home/khaledob/bookros2_ws/install/urdf_test:/home/khaledob/bookros2_ws/install/tiago_simulation:/home/khaledob/bookros2_ws/install/tiago_robot:/home/khaledob/bookros2_ws/install/tiago_2dnav_gazebo:/home/khaledob/bookros2_ws/install/tiago_gazebo:/home/khaledob/bookros2_ws/install/tiago_bringup:/home/khaledob/bookros2_ws/install/pmb2_robot:/home/khaledob/bookros2_ws/install/pmb2_bringup:/home/khaledob/bookros2_ws/install/twist_mux:/home/khaledob/bookros2_ws/install/transmission_interface:/home/khaledob/bookros2_ws/install/tiago_description:/home/khaledob/bookros2_ws/install/tiago_description_calibration:/home/khaledob/bookros2_ws/install/tiago_controller_configuration:/home/khaledob/bookros2_ws/install/task1:/home/khaledob/bookros2_ws/install/ros2_control:/home/khaledob/bookros2_ws/install/pal_gripper:/home/khaledob/bookros2_ws/install/pal_gripper_controller_configuration:/home/khaledob/bookros2_ws/install/position_controllers:/home/khaledob/bookros2_ws/install/pmb2_navigation:/home/khaledob/bookros2_ws/install/pmb2_2dnav:/home/khaledob/bookros2_ws/install/pmb2_maps:/home/khaledob/bookros2_ws/install/pmb2_description:/home/khaledob/bookros2_ws/install/pmb2_controller_configuration:/home/khaledob/bookros2_ws/install/pal_gripper_description:/home/khaledob/bookros2_ws/install/pal_gazebo_worlds:/home/khaledob/bookros2_ws/install/joint_trajectory_controller:/home/khaledob/bookros2_ws/install/joint_state_controller:/home/khaledob/bookros2_ws/install/joint_state_broadcaster:/home/khaledob/bookros2_ws/install/imu_sensor_broadcaster:/home/khaledob/bookros2_ws/install/hey5_description:/home/khaledob/bookros2_ws/install/gripper_controllers:/home/khaledob/bookros2_ws/install/gazebo_ros2_control:/home/khaledob/bookros2_ws/install/effort_controllers:/home/khaledob/bookros2_ws/install/forward_command_controller:/home/khaledob/bookros2_ws/install/force_torque_sensor_broadcaster:/home/khaledob/bookros2_ws/install/diff_drive_controller:/home/khaledob/bookros2_ws/install/controller_manager:/home/khaledob/bookros2_ws/install/groot:/home/khaledob/bookros2_ws/install/br2_vff_avoidance:/home/khaledob/bookros2_ws/install/br2_tracking:/home/khaledob/bookros2_ws/install/br2_tracking_msgs:/home/khaledob/bookros2_ws/install/br2_tiago:/home/khaledob/bookros2_ws/install/br2_tf2_detector:/home/khaledob/bookros2_ws/install/br2_navigation:/home/khaledob/bookros2_ws/install/br2_fsm_bumpgo_cpp:/home/khaledob/bookros2_ws/install/br2_bt_patrolling:/home/khaledob/bookros2_ws/install/br2_bt_bumpgo:/home/khaledob/bookros2_ws/install/br2_basics:/home/khaledob/bookros2_ws/install/ros2controlcli:/home/khaledob/bookros2_ws/install/launch_pal:/home/khaledob/bookros2_ws/install/br2_fsm_bumpgo_py:/opt/ros/foxy LD_LIBRARY_PATH=/home/khaledob/bookros2_ws/install/controller_interface/lib:/home/khaledob/bookros2_ws/install/hardware_interface/lib:/home/khaledob/bookros2_ws/install/controller_manager_msgs/lib:/home/khaledob/bookros2_ws/install/velocity_controllers/lib:/home/khaledob/bookros2_ws/install/position_controllers/lib:/home/khaledob/bookros2_ws/install/joint_trajectory_controller/lib:/home/khaledob/bookros2_ws/install/joint_state_controller/lib:/home/khaledob/bookros2_ws/install/joint_state_broadcaster/lib:/home/khaledob/bookros2_ws/install/imu_sensor_broadcaster/lib:/home/khaledob/bookros2_ws/install/gripper_controllers/lib:/home/khaledob/bookros2_ws/install/gazebo_ros2_control/lib:/home/khaledob/bookros2_ws/install/effort_controllers/lib:/home/khaledob/bookros2_ws/install/forward_command_controller/lib:/home/khaledob/bookros2_ws/install/force_torque_sensor_broadcaster/lib:/home/khaledob/bookros2_ws/install/diff_drive_controller/lib:/home/khaledob/bookros2_ws/install/controller_manager/lib:/home/khaledob/bookros2_ws/install/groot/lib:/home/khaledob/bookros2_ws/install/br2_vff_avoidance/lib:/home/khaledob/bookros2_ws/install/br2_tracking/lib:/home/khaledob/bookros2_ws/install/br2_tracking_msgs/lib:/home/khaledob/bookros2_ws/install/br2_tf2_detector/lib:/home/khaledob/bookros2_ws/install/br2_bt_patrolling/lib:/home/khaledob/bookros2_ws/install/br2_bt_bumpgo/lib:/usr/lib/x86_64-linux-gnu/gazebo-11/plugins:/opt/ros/foxy/opt/yaml_cpp_vendor/lib:/opt/ros/foxy/opt/rviz_ogre_vendor/lib:/opt/ros/foxy/lib/x86_64-linux-gnu:/opt/ros/foxy/lib PYTHONPATH=/home/khaledob/bookros2_ws/install/controller_manager_msgs/lib/python3.8/site-packages:/home/khaledob/bookros2_ws/install/urdf_test/lib/python3.8/site-packages:/home/khaledob/bookros2_ws/install/tiago_description/lib/python3.8/site-packages:/home/khaledob/bookros2_ws/build/ros2controlcli:/home/khaledob/bookros2_ws/install/ros2controlcli/lib/python3.8/site-packages:/home/khaledob/bookros2_ws/install/pmb2_description/lib/python3.8/site-packages:/home/khaledob/bookros2_ws/build/launch_pal:/home/khaledob/bookros2_ws/install/launch_pal/lib/python3.8/site-packages:/home/khaledob/bookros2_ws/install/controller_manager/lib/python3.8/site-packages:/home/khaledob/bookros2_ws/install/br2_tracking_msgs/lib/python3.8/site-packages:/home/khaledob/bookros2_ws/build/br2_fsm_bumpgo_py:/home/khaledob/bookros2_ws/install/br2_fsm_bumpgo_py/lib/python3.8/site-packages:/opt/ros/foxy/lib/python3.8/site-packages /usr/bin/cmake --install /home/khaledob/bookros2_ws/build/controller_manager
[7.680s] Level 1:colcon.colcon_core.environment:checking '/home/khaledob/bookros2_ws/install/controller_manager' for CMake config files
[7.686s] Level 1:colcon.colcon_core.shell:create_environment_hook('controller_manager', 'cmake_prefix_path')
[7.687s] INFO:colcon.colcon_core.shell:Creating environment hook '/home/khaledob/bookros2_ws/install/controller_manager/share/controller_manager/hook/cmake_prefix_path.ps1'
[7.689s] INFO:colcon.colcon_core.shell:Creating environment descriptor '/home/khaledob/bookros2_ws/install/controller_manager/share/controller_manager/hook/cmake_prefix_path.dsv'
[7.690s] INFO:colcon.colcon_core.shell:Creating environment hook '/home/khaledob/bookros2_ws/install/controller_manager/share/controller_manager/hook/cmake_prefix_path.sh'
[7.692s] Level 1:colcon.colcon_core.environment:checking '/home/khaledob/bookros2_ws/install/controller_manager/lib'
[7.693s] Level 1:colcon.colcon_core.shell:create_environment_hook('controller_manager', 'ld_library_path_lib')
[7.693s] INFO:colcon.colcon_core.shell:Creating environment hook '/home/khaledob/bookros2_ws/install/controller_manager/share/controller_manager/hook/ld_library_path_lib.ps1'
[7.694s] INFO:colcon.colcon_core.shell:Creating environment descriptor '/home/khaledob/bookros2_ws/install/controller_manager/share/controller_manager/hook/ld_library_path_lib.dsv'
[7.696s] INFO:colcon.colcon_core.shell:Creating environment hook '/home/khaledob/bookros2_ws/install/controller_manager/share/controller_manager/hook/ld_library_path_lib.sh'
[7.698s] Level 1:colcon.colcon_core.environment:checking '/home/khaledob/bookros2_ws/install/controller_manager/bin'
[7.698s] Level 1:colcon.colcon_core.environment:checking '/home/khaledob/bookros2_ws/install/controller_manager/lib/pkgconfig/controller_manager.pc'
[7.699s] Level 1:colcon.colcon_core.environment:checking '/home/khaledob/bookros2_ws/install/controller_manager/lib/python3.8/site-packages'
[7.699s] Level 1:colcon.colcon_core.shell:create_environment_hook('controller_manager', 'pythonpath')
[7.700s] INFO:colcon.colcon_core.shell:Creating environment hook '/home/khaledob/bookros2_ws/install/controller_manager/share/controller_manager/hook/pythonpath.ps1'
[7.704s] INFO:colcon.colcon_core.shell:Creating environment descriptor '/home/khaledob/bookros2_ws/install/controller_manager/share/controller_manager/hook/pythonpath.dsv'
[7.705s] INFO:colcon.colcon_core.shell:Creating environment hook '/home/khaledob/bookros2_ws/install/controller_manager/share/controller_manager/hook/pythonpath.sh'
[7.707s] Level 1:colcon.colcon_core.environment:checking '/home/khaledob/bookros2_ws/install/controller_manager/bin'
[7.708s] INFO:colcon.colcon_core.shell:Creating package script '/home/khaledob/bookros2_ws/install/controller_manager/share/controller_manager/package.ps1'
[7.709s] INFO:colcon.colcon_core.shell:Creating package descriptor '/home/khaledob/bookros2_ws/install/controller_manager/share/controller_manager/package.dsv'
[7.710s] INFO:colcon.colcon_core.shell:Creating package script '/home/khaledob/bookros2_ws/install/controller_manager/share/controller_manager/package.sh'
[7.724s] INFO:colcon.colcon_core.shell:Creating package script '/home/khaledob/bookros2_ws/install/controller_manager/share/controller_manager/package.bash'
[7.726s] INFO:colcon.colcon_core.shell:Creating package script '/home/khaledob/bookros2_ws/install/controller_manager/share/controller_manager/package.zsh'
[7.728s] Level 1:colcon.colcon_core.environment:create_file_with_runtime_dependencies(/home/khaledob/bookros2_ws/install/controller_manager/share/colcon-core/packages/controller_manager)
[7.741s] Level 1:colcon.colcon_core.environment:create_environment_scripts_only(controller_manager)
[7.749s] Level 1:colcon.colcon_core.environment:checking '/home/khaledob/bookros2_ws/install/controller_manager' for CMake module files
[7.750s] Level 1:colcon.colcon_core.environment:checking '/home/khaledob/bookros2_ws/install/controller_manager' for CMake config files
[7.755s] Level 1:colcon.colcon_core.shell:create_environment_hook('controller_manager', 'cmake_prefix_path')
[7.757s] INFO:colcon.colcon_core.shell:Creating environment hook '/home/khaledob/bookros2_ws/install/controller_manager/share/controller_manager/hook/cmake_prefix_path.ps1'
[7.761s] INFO:colcon.colcon_core.shell:Creating environment descriptor '/home/khaledob/bookros2_ws/install/controller_manager/share/controller_manager/hook/cmake_prefix_path.dsv'
[7.762s] INFO:colcon.colcon_core.shell:Creating environment hook '/home/khaledob/bookros2_ws/install/controller_manager/share/controller_manager/hook/cmake_prefix_path.sh'
[7.765s] Level 1:colcon.colcon_core.environment:checking '/home/khaledob/bookros2_ws/install/controller_manager/lib'
[7.766s] Level 1:colcon.colcon_core.shell:create_environment_hook('controller_manager', 'ld_library_path_lib')
[7.766s] INFO:colcon.colcon_core.shell:Creating environment hook '/home/khaledob/bookros2_ws/install/controller_manager/share/controller_manager/hook/ld_library_path_lib.ps1'
[7.770s] INFO:colcon.colcon_core.shell:Creating environment descriptor '/home/khaledob/bookros2_ws/install/controller_manager/share/controller_manager/hook/ld_library_path_lib.dsv'
[7.775s] INFO:colcon.colcon_core.shell:Creating environment hook '/home/khaledob/bookros2_ws/install/controller_manager/share/controller_manager/hook/ld_library_path_lib.sh'
[7.776s] Level 1:colcon.colcon_core.environment:checking '/home/khaledob/bookros2_ws/install/controller_manager/bin'
[7.776s] Level 1:colcon.colcon_core.environment:checking '/home/khaledob/bookros2_ws/install/controller_manager/lib/pkgconfig/controller_manager.pc'
[7.777s] Level 1:colcon.colcon_core.environment:checking '/home/khaledob/bookros2_ws/install/controller_manager/lib/python3.8/site-packages'
[7.777s] Level 1:colcon.colcon_core.shell:create_environment_hook('controller_manager', 'pythonpath')
[7.778s] INFO:colcon.colcon_core.shell:Creating environment hook '/home/khaledob/bookros2_ws/install/controller_manager/share/controller_manager/hook/pythonpath.ps1'
[7.779s] INFO:colcon.colcon_core.shell:Creating environment descriptor '/home/khaledob/bookros2_ws/install/controller_manager/share/controller_manager/hook/pythonpath.dsv'
[7.781s] INFO:colcon.colcon_core.shell:Creating environment hook '/home/khaledob/bookros2_ws/install/controller_manager/share/controller_manager/hook/pythonpath.sh'
[7.784s] Level 1:colcon.colcon_core.environment:checking '/home/khaledob/bookros2_ws/install/controller_manager/bin'
[7.785s] INFO:colcon.colcon_core.shell:Creating package script '/home/khaledob/bookros2_ws/install/controller_manager/share/controller_manager/package.ps1'
[7.787s] INFO:colcon.colcon_core.shell:Creating package descriptor '/home/khaledob/bookros2_ws/install/controller_manager/share/controller_manager/package.dsv'
[7.798s] INFO:colcon.colcon_core.shell:Creating package script '/home/khaledob/bookros2_ws/install/controller_manager/share/controller_manager/package.sh'
[7.805s] INFO:colcon.colcon_core.shell:Creating package script '/home/khaledob/bookros2_ws/install/controller_manager/share/controller_manager/package.bash'
[7.808s] INFO:colcon.colcon_core.shell:Creating package script '/home/khaledob/bookros2_ws/install/controller_manager/share/controller_manager/package.zsh'
[7.810s] Level 1:colcon.colcon_core.environment:create_file_with_runtime_dependencies(/home/khaledob/bookros2_ws/install/controller_manager/share/colcon-core/packages/controller_manager)
[7.825s] INFO:colcon.colcon_ros.task.ament_cmake.build:Building ROS package in '/home/khaledob/bookros2_ws/src/ThirdParty/ros2_controllers/forward_command_controller' with build type 'ament_cmake'
[7.830s] INFO:colcon.colcon_cmake.task.cmake.build:Building CMake package in '/home/khaledob/bookros2_ws/src/ThirdParty/ros2_controllers/forward_command_controller'
[7.831s] INFO:colcon.colcon_core.shell:Skip shell extension 'powershell' for command environment: Not usable outside of PowerShell
[7.832s] DEBUG:colcon.colcon_core.shell:Skip shell extension 'dsv' for command environment
[7.887s] DEBUG:colcon.colcon_core.event_handler.log_command:Invoking command in '/home/khaledob/bookros2_ws/build/task2b': CMAKE_PREFIX_PATH=${CMAKE_PREFIX_PATH}:/home/khaledob/bookros2_ws/install/ros2controlcli:/home/khaledob/bookros2_ws/install/launch_pal:/home/khaledob/bookros2_ws/install/br2_fsm_bumpgo_py:/opt/ros/foxy /usr/bin/cmake --build /home/khaledob/bookros2_ws/build/task2b -- -j7 -l7
[7.910s] Level 1:colcon.colcon_core.environment:create_environment_scripts_only(task2a)
[7.927s] Level 1:colcon.colcon_core.environment:checking '/home/khaledob/bookros2_ws/install/task2a' for CMake module files
[7.929s] Level 1:colcon.colcon_core.environment:checking '/home/khaledob/bookros2_ws/install/task2a' for CMake config files
[7.916s] DEBUG:colcon.colcon_core.event_handler.log_command:Invoked command in '/home/khaledob/bookros2_ws/build/task2a' returned '0': CMAKE_PREFIX_PATH=${CMAKE_PREFIX_PATH}:/home/khaledob/bookros2_ws/install/ros2controlcli:/home/khaledob/bookros2_ws/install/launch_pal:/home/khaledob/bookros2_ws/install/br2_fsm_bumpgo_py:/opt/ros/foxy /usr/bin/cmake --install /home/khaledob/bookros2_ws/build/task2a
[7.931s] Level 1:colcon.colcon_core.shell:create_environment_hook('task2a', 'cmake_prefix_path')
[7.936s] INFO:colcon.colcon_core.shell:Creating environment hook '/home/khaledob/bookros2_ws/install/task2a/share/task2a/hook/cmake_prefix_path.ps1'
[7.938s] INFO:colcon.colcon_core.shell:Creating environment descriptor '/home/khaledob/bookros2_ws/install/task2a/share/task2a/hook/cmake_prefix_path.dsv'
[7.940s] INFO:colcon.colcon_core.shell:Creating environment hook '/home/khaledob/bookros2_ws/install/task2a/share/task2a/hook/cmake_prefix_path.sh'
[7.942s] Level 1:colcon.colcon_core.environment:checking '/home/khaledob/bookros2_ws/install/task2a/lib'
[7.943s] Level 1:colcon.colcon_core.environment:checking '/home/khaledob/bookros2_ws/install/task2a/bin'
[7.943s] Level 1:colcon.colcon_core.environment:checking '/home/khaledob/bookros2_ws/install/task2a/lib/pkgconfig/task2a.pc'
[7.943s] Level 1:colcon.colcon_core.environment:checking '/home/khaledob/bookros2_ws/install/task2a/lib/python3.8/site-packages'
[7.944s] Level 1:colcon.colcon_core.environment:checking '/home/khaledob/bookros2_ws/install/task2a/bin'
[7.944s] INFO:colcon.colcon_core.shell:Creating package script '/home/khaledob/bookros2_ws/install/task2a/share/task2a/package.ps1'
[7.945s] INFO:colcon.colcon_core.shell:Creating package descriptor '/home/khaledob/bookros2_ws/install/task2a/share/task2a/package.dsv'
[7.947s] INFO:colcon.colcon_core.shell:Creating package script '/home/khaledob/bookros2_ws/install/task2a/share/task2a/package.sh'
[7.948s] INFO:colcon.colcon_core.shell:Creating package script '/home/khaledob/bookros2_ws/install/task2a/share/task2a/package.bash'
[7.949s] INFO:colcon.colcon_core.shell:Creating package script '/home/khaledob/bookros2_ws/install/task2a/share/task2a/package.zsh'
[7.951s] Level 1:colcon.colcon_core.environment:create_file_with_runtime_dependencies(/home/khaledob/bookros2_ws/install/task2a/share/colcon-core/packages/task2a)
[7.955s] Level 1:colcon.colcon_core.environment:create_environment_scripts_only(task2a)
[7.956s] Level 1:colcon.colcon_core.environment:checking '/home/khaledob/bookros2_ws/install/task2a' for CMake module files
[7.956s] Level 1:colcon.colcon_core.environment:checking '/home/khaledob/bookros2_ws/install/task2a' for CMake config files
[7.957s] Level 1:colcon.colcon_core.shell:create_environment_hook('task2a', 'cmake_prefix_path')
[7.958s] INFO:colcon.colcon_core.shell:Creating environment hook '/home/khaledob/bookros2_ws/install/task2a/share/task2a/hook/cmake_prefix_path.ps1'
[7.959s] INFO:colcon.colcon_core.shell:Creating environment descriptor '/home/khaledob/bookros2_ws/install/task2a/share/task2a/hook/cmake_prefix_path.dsv'
[7.961s] INFO:colcon.colcon_core.shell:Creating environment hook '/home/khaledob/bookros2_ws/install/task2a/share/task2a/hook/cmake_prefix_path.sh'
[7.971s] Level 1:colcon.colcon_core.environment:checking '/home/khaledob/bookros2_ws/install/task2a/lib'
[7.971s] Level 1:colcon.colcon_core.environment:checking '/home/khaledob/bookros2_ws/install/task2a/bin'
[7.971s] Level 1:colcon.colcon_core.environment:checking '/home/khaledob/bookros2_ws/install/task2a/lib/pkgconfig/task2a.pc'
[7.971s] Level 1:colcon.colcon_core.environment:checking '/home/khaledob/bookros2_ws/install/task2a/lib/python3.8/site-packages'
[7.972s] Level 1:colcon.colcon_core.environment:checking '/home/khaledob/bookros2_ws/install/task2a/bin'
[7.972s] INFO:colcon.colcon_core.shell:Creating package script '/home/khaledob/bookros2_ws/install/task2a/share/task2a/package.ps1'
[7.975s] INFO:colcon.colcon_core.shell:Creating package descriptor '/home/khaledob/bookros2_ws/install/task2a/share/task2a/package.dsv'
[7.977s] INFO:colcon.colcon_core.shell:Creating package script '/home/khaledob/bookros2_ws/install/task2a/share/task2a/package.sh'
[7.979s] INFO:colcon.colcon_core.shell:Creating package script '/home/khaledob/bookros2_ws/install/task2a/share/task2a/package.bash'
[7.980s] INFO:colcon.colcon_core.shell:Creating package script '/home/khaledob/bookros2_ws/install/task2a/share/task2a/package.zsh'
[7.983s] Level 1:colcon.colcon_core.environment:create_file_with_runtime_dependencies(/home/khaledob/bookros2_ws/install/task2a/share/colcon-core/packages/task2a)
[7.985s] Level 1:colcon.colcon_core.environment:create_environment_scripts_only(task1)
[7.986s] Level 1:colcon.colcon_core.environment:checking '/home/khaledob/bookros2_ws/install/task1' for CMake module files
[7.991s] DEBUG:colcon.colcon_core.event_handler.log_command:Invoked command in '/home/khaledob/bookros2_ws/build/task1' returned '0': CMAKE_PREFIX_PATH=${CMAKE_PREFIX_PATH}:/home/khaledob/bookros2_ws/install/ros2controlcli:/home/khaledob/bookros2_ws/install/launch_pal:/home/khaledob/bookros2_ws/install/br2_fsm_bumpgo_py:/opt/ros/foxy /usr/bin/cmake --install /home/khaledob/bookros2_ws/build/task1
[7.999s] Level 1:colcon.colcon_core.environment:checking '/home/khaledob/bookros2_ws/install/task1' for CMake config files
[8.000s] Level 1:colcon.colcon_core.shell:create_environment_hook('task1', 'cmake_prefix_path')
[8.007s] INFO:colcon.colcon_core.shell:Creating environment hook '/home/khaledob/bookros2_ws/install/task1/share/task1/hook/cmake_prefix_path.ps1'
[8.008s] INFO:colcon.colcon_core.shell:Creating environment descriptor '/home/khaledob/bookros2_ws/install/task1/share/task1/hook/cmake_prefix_path.dsv'
[8.042s] INFO:colcon.colcon_core.shell:Creating environment hook '/home/khaledob/bookros2_ws/install/task1/share/task1/hook/cmake_prefix_path.sh'
[8.044s] Level 1:colcon.colcon_core.environment:checking '/home/khaledob/bookros2_ws/install/task1/lib'
[8.044s] Level 1:colcon.colcon_core.environment:checking '/home/khaledob/bookros2_ws/install/task1/bin'
[8.044s] Level 1:colcon.colcon_core.environment:checking '/home/khaledob/bookros2_ws/install/task1/lib/pkgconfig/task1.pc'
[8.045s] Level 1:colcon.colcon_core.environment:checking '/home/khaledob/bookros2_ws/install/task1/lib/python3.8/site-packages'
[8.046s] Level 1:colcon.colcon_core.environment:checking '/home/khaledob/bookros2_ws/install/task1/bin'
[8.046s] INFO:colcon.colcon_core.shell:Creating package script '/home/khaledob/bookros2_ws/install/task1/share/task1/package.ps1'
[8.048s] INFO:colcon.colcon_core.shell:Creating package descriptor '/home/khaledob/bookros2_ws/install/task1/share/task1/package.dsv'
[8.050s] INFO:colcon.colcon_core.shell:Creating package script '/home/khaledob/bookros2_ws/install/task1/share/task1/package.sh'
[8.052s] INFO:colcon.colcon_core.shell:Creating package script '/home/khaledob/bookros2_ws/install/task1/share/task1/package.bash'
[8.053s] INFO:colcon.colcon_core.shell:Creating package script '/home/khaledob/bookros2_ws/install/task1/share/task1/package.zsh'
[8.054s] Level 1:colcon.colcon_core.environment:create_file_with_runtime_dependencies(/home/khaledob/bookros2_ws/install/task1/share/colcon-core/packages/task1)
[8.058s] Level 1:colcon.colcon_core.environment:create_environment_scripts_only(task1)
[8.059s] Level 1:colcon.colcon_core.environment:checking '/home/khaledob/bookros2_ws/install/task1' for CMake module files
[8.071s] Level 1:colcon.colcon_core.environment:checking '/home/khaledob/bookros2_ws/install/task1' for CMake config files
[8.072s] Level 1:colcon.colcon_core.shell:create_environment_hook('task1', 'cmake_prefix_path')
[8.072s] INFO:colcon.colcon_core.shell:Creating environment hook '/home/khaledob/bookros2_ws/install/task1/share/task1/hook/cmake_prefix_path.ps1'
[8.073s] INFO:colcon.colcon_core.shell:Creating environment descriptor '/home/khaledob/bookros2_ws/install/task1/share/task1/hook/cmake_prefix_path.dsv'
[8.074s] INFO:colcon.colcon_core.shell:Creating environment hook '/home/khaledob/bookros2_ws/install/task1/share/task1/hook/cmake_prefix_path.sh'
[8.076s] Level 1:colcon.colcon_core.environment:checking '/home/khaledob/bookros2_ws/install/task1/lib'
[8.076s] Level 1:colcon.colcon_core.environment:checking '/home/khaledob/bookros2_ws/install/task1/bin'
[8.076s] Level 1:colcon.colcon_core.environment:checking '/home/khaledob/bookros2_ws/install/task1/lib/pkgconfig/task1.pc'
[8.077s] Level 1:colcon.colcon_core.environment:checking '/home/khaledob/bookros2_ws/install/task1/lib/python3.8/site-packages'
[8.077s] Level 1:colcon.colcon_core.environment:checking '/home/khaledob/bookros2_ws/install/task1/bin'
[8.077s] INFO:colcon.colcon_core.shell:Creating package script '/home/khaledob/bookros2_ws/install/task1/share/task1/package.ps1'
[8.078s] INFO:colcon.colcon_core.shell:Creating package descriptor '/home/khaledob/bookros2_ws/install/task1/share/task1/package.dsv'
[8.080s] INFO:colcon.colcon_core.shell:Creating package script '/home/khaledob/bookros2_ws/install/task1/share/task1/package.sh'
[8.082s] INFO:colcon.colcon_core.shell:Creating package script '/home/khaledob/bookros2_ws/install/task1/share/task1/package.bash'
[8.083s] INFO:colcon.colcon_core.shell:Creating package script '/home/khaledob/bookros2_ws/install/task1/share/task1/package.zsh'
[8.086s] Level 1:colcon.colcon_core.environment:create_file_with_runtime_dependencies(/home/khaledob/bookros2_ws/install/task1/share/colcon-core/packages/task1)
[8.092s] INFO:colcon.colcon_ros.task.ament_cmake.build:Building ROS package in '/home/khaledob/bookros2_ws/src/ThirdParty/ros2_controllers/joint_state_broadcaster' with build type 'ament_cmake'
[8.093s] INFO:colcon.colcon_cmake.task.cmake.build:Building CMake package in '/home/khaledob/bookros2_ws/src/ThirdParty/ros2_controllers/joint_state_broadcaster'
[8.094s] INFO:colcon.colcon_core.shell:Skip shell extension 'powershell' for command environment: Not usable outside of PowerShell
[8.094s] DEBUG:colcon.colcon_core.shell:Skip shell extension 'dsv' for command environment
[8.130s] INFO:colcon.colcon_ros.task.ament_cmake.build:Building ROS package in '/home/khaledob/bookros2_ws/src/ThirdParty/ros2_controllers/diff_drive_controller' with build type 'ament_cmake'
[8.132s] INFO:colcon.colcon_cmake.task.cmake.build:Building CMake package in '/home/khaledob/bookros2_ws/src/ThirdParty/ros2_controllers/diff_drive_controller'
[8.134s] INFO:colcon.colcon_core.shell:Skip shell extension 'powershell' for command environment: Not usable outside of PowerShell
[8.135s] DEBUG:colcon.colcon_core.shell:Skip shell extension 'dsv' for command environment
[8.215s] DEBUG:colcon.colcon_core.event_handler.log_command:Invoking command in '/home/khaledob/bookros2_ws/build/br2_tracking': CMAKE_PREFIX_PATH=/home/khaledob/bookros2_ws/install/br2_tracking_msgs:/home/khaledob/bookros2_ws/install/task2b:/home/khaledob/bookros2_ws/install/task2a:/home/khaledob/bookros2_ws/install/gazebo_ros2_control_demos:/home/khaledob/bookros2_ws/install/ros2_controllers:/home/khaledob/bookros2_ws/install/velocity_controllers:/home/khaledob/bookros2_ws/install/urdf_test:/home/khaledob/bookros2_ws/install/tiago_simulation:/home/khaledob/bookros2_ws/install/tiago_robot:/home/khaledob/bookros2_ws/install/tiago_2dnav_gazebo:/home/khaledob/bookros2_ws/install/tiago_gazebo:/home/khaledob/bookros2_ws/install/tiago_bringup:/home/khaledob/bookros2_ws/install/pmb2_robot:/home/khaledob/bookros2_ws/install/pmb2_bringup:/home/khaledob/bookros2_ws/install/twist_mux:/home/khaledob/bookros2_ws/install/transmission_interface:/home/khaledob/bookros2_ws/install/tiago_description:/home/khaledob/bookros2_ws/install/tiago_description_calibration:/home/khaledob/bookros2_ws/install/tiago_controller_configuration:/home/khaledob/bookros2_ws/install/task1:/home/khaledob/bookros2_ws/install/ros2_control:/home/khaledob/bookros2_ws/install/ros2_control_test_assets:/home/khaledob/bookros2_ws/install/pal_gripper:/home/khaledob/bookros2_ws/install/pal_gripper_controller_configuration:/home/khaledob/bookros2_ws/install/position_controllers:/home/khaledob/bookros2_ws/install/pmb2_navigation:/home/khaledob/bookros2_ws/install/pmb2_2dnav:/home/khaledob/bookros2_ws/install/pmb2_maps:/home/khaledob/bookros2_ws/install/pmb2_description:/home/khaledob/bookros2_ws/install/pmb2_controller_configuration:/home/khaledob/bookros2_ws/install/pal_gripper_description:/home/khaledob/bookros2_ws/install/pal_gazebo_worlds:/home/khaledob/bookros2_ws/install/joint_trajectory_controller:/home/khaledob/bookros2_ws/install/joint_state_controller:/home/khaledob/bookros2_ws/install/joint_state_broadcaster:/home/khaledob/bookros2_ws/install/imu_sensor_broadcaster:/home/khaledob/bookros2_ws/install/hey5_description:/home/khaledob/bookros2_ws/install/gripper_controllers:/home/khaledob/bookros2_ws/install/gazebo_ros2_control:/home/khaledob/bookros2_ws/install/effort_controllers:/home/khaledob/bookros2_ws/install/forward_command_controller:/home/khaledob/bookros2_ws/install/force_torque_sensor_broadcaster:/home/khaledob/bookros2_ws/install/diff_drive_controller:/home/khaledob/bookros2_ws/install/controller_manager:/home/khaledob/bookros2_ws/install/controller_interface:/home/khaledob/bookros2_ws/install/hardware_interface:/home/khaledob/bookros2_ws/install/groot:/home/khaledob/bookros2_ws/install/controller_manager_msgs:/home/khaledob/bookros2_ws/install/br2_vff_avoidance:/home/khaledob/bookros2_ws/install/br2_tracking:/home/khaledob/bookros2_ws/install/br2_tiago:/home/khaledob/bookros2_ws/install/br2_tf2_detector:/home/khaledob/bookros2_ws/install/br2_navigation:/home/khaledob/bookros2_ws/install/br2_fsm_bumpgo_cpp:/home/khaledob/bookros2_ws/install/br2_bt_patrolling:/home/khaledob/bookros2_ws/install/br2_bt_bumpgo:/home/khaledob/bookros2_ws/install/br2_basics:/home/khaledob/bookros2_ws/install/ros2controlcli:/home/khaledob/bookros2_ws/install/launch_pal:/home/khaledob/bookros2_ws/install/br2_fsm_bumpgo_py:/opt/ros/foxy LD_LIBRARY_PATH=/home/khaledob/bookros2_ws/install/br2_tracking_msgs/lib:/home/khaledob/bookros2_ws/install/velocity_controllers/lib:/home/khaledob/bookros2_ws/install/position_controllers/lib:/home/khaledob/bookros2_ws/install/joint_trajectory_controller/lib:/home/khaledob/bookros2_ws/install/joint_state_controller/lib:/home/khaledob/bookros2_ws/install/joint_state_broadcaster/lib:/home/khaledob/bookros2_ws/install/imu_sensor_broadcaster/lib:/home/khaledob/bookros2_ws/install/gripper_controllers/lib:/home/khaledob/bookros2_ws/install/gazebo_ros2_control/lib:/home/khaledob/bookros2_ws/install/effort_controllers/lib:/home/khaledob/bookros2_ws/install/forward_command_controller/lib:/home/khaledob/bookros2_ws/install/force_torque_sensor_broadcaster/lib:/home/khaledob/bookros2_ws/install/diff_drive_controller/lib:/home/khaledob/bookros2_ws/install/controller_manager/lib:/home/khaledob/bookros2_ws/install/controller_interface/lib:/home/khaledob/bookros2_ws/install/hardware_interface/lib:/home/khaledob/bookros2_ws/install/groot/lib:/home/khaledob/bookros2_ws/install/controller_manager_msgs/lib:/home/khaledob/bookros2_ws/install/br2_vff_avoidance/lib:/home/khaledob/bookros2_ws/install/br2_tracking/lib:/home/khaledob/bookros2_ws/install/br2_tf2_detector/lib:/home/khaledob/bookros2_ws/install/br2_bt_patrolling/lib:/home/khaledob/bookros2_ws/install/br2_bt_bumpgo/lib:/usr/lib/x86_64-linux-gnu/gazebo-11/plugins:/opt/ros/foxy/opt/yaml_cpp_vendor/lib:/opt/ros/foxy/opt/rviz_ogre_vendor/lib:/opt/ros/foxy/lib/x86_64-linux-gnu:/opt/ros/foxy/lib PYTHONPATH=/home/khaledob/bookros2_ws/install/br2_tracking_msgs/lib/python3.8/site-packages:/home/khaledob/bookros2_ws/install/urdf_test/lib/python3.8/site-packages:/home/khaledob/bookros2_ws/install/tiago_description/lib/python3.8/site-packages:/home/khaledob/bookros2_ws/build/ros2controlcli:/home/khaledob/bookros2_ws/install/ros2controlcli/lib/python3.8/site-packages:/home/khaledob/bookros2_ws/install/pmb2_description/lib/python3.8/site-packages:/home/khaledob/bookros2_ws/build/launch_pal:/home/khaledob/bookros2_ws/install/launch_pal/lib/python3.8/site-packages:/home/khaledob/bookros2_ws/install/controller_manager/lib/python3.8/site-packages:/home/khaledob/bookros2_ws/install/controller_manager_msgs/lib/python3.8/site-packages:/home/khaledob/bookros2_ws/build/br2_fsm_bumpgo_py:/home/khaledob/bookros2_ws/install/br2_fsm_bumpgo_py/lib/python3.8/site-packages:/opt/ros/foxy/lib/python3.8/site-packages /usr/bin/cmake --build /home/khaledob/bookros2_ws/build/br2_tracking -- -j7 -l7
[8.241s] DEBUG:colcon.colcon_core.event_handler.log_command:Invoked command in '/home/khaledob/bookros2_ws/build/groot' returned '0': CMAKE_PREFIX_PATH=${CMAKE_PREFIX_PATH}:/home/khaledob/bookros2_ws/install/ros2controlcli:/home/khaledob/bookros2_ws/install/launch_pal:/home/khaledob/bookros2_ws/install/br2_fsm_bumpgo_py:/opt/ros/foxy /usr/bin/cmake --build /home/khaledob/bookros2_ws/build/groot -- -j7 -l7
[8.252s] DEBUG:colcon.colcon_core.event_handler.log_command:Invoking command in '/home/khaledob/bookros2_ws/build/groot': CMAKE_PREFIX_PATH=${CMAKE_PREFIX_PATH}:/home/khaledob/bookros2_ws/install/ros2controlcli:/home/khaledob/bookros2_ws/install/launch_pal:/home/khaledob/bookros2_ws/install/br2_fsm_bumpgo_py:/opt/ros/foxy /usr/bin/cmake --install /home/khaledob/bookros2_ws/build/groot
[8.306s] DEBUG:colcon.colcon_core.event_handler.log_command:Invoking command in '/home/khaledob/bookros2_ws/build/forward_command_controller': CMAKE_PREFIX_PATH=/home/khaledob/bookros2_ws/install/controller_manager:/home/khaledob/bookros2_ws/install/controller_interface:/home/khaledob/bookros2_ws/install/hardware_interface:/home/khaledob/bookros2_ws/install/ros2_control_test_assets:/home/khaledob/bookros2_ws/install/controller_manager_msgs:/home/khaledob/bookros2_ws/install/task2b:/home/khaledob/bookros2_ws/install/task2a:/home/khaledob/bookros2_ws/install/gazebo_ros2_control_demos:/home/khaledob/bookros2_ws/install/ros2_controllers:/home/khaledob/bookros2_ws/install/velocity_controllers:/home/khaledob/bookros2_ws/install/urdf_test:/home/khaledob/bookros2_ws/install/tiago_simulation:/home/khaledob/bookros2_ws/install/tiago_robot:/home/khaledob/bookros2_ws/install/tiago_2dnav_gazebo:/home/khaledob/bookros2_ws/install/tiago_gazebo:/home/khaledob/bookros2_ws/install/tiago_bringup:/home/khaledob/bookros2_ws/install/pmb2_robot:/home/khaledob/bookros2_ws/install/pmb2_bringup:/home/khaledob/bookros2_ws/install/twist_mux:/home/khaledob/bookros2_ws/install/transmission_interface:/home/khaledob/bookros2_ws/install/tiago_description:/home/khaledob/bookros2_ws/install/tiago_description_calibration:/home/khaledob/bookros2_ws/install/tiago_controller_configuration:/home/khaledob/bookros2_ws/install/task1:/home/khaledob/bookros2_ws/install/ros2_control:/home/khaledob/bookros2_ws/install/pal_gripper:/home/khaledob/bookros2_ws/install/pal_gripper_controller_configuration:/home/khaledob/bookros2_ws/install/position_controllers:/home/khaledob/bookros2_ws/install/pmb2_navigation:/home/khaledob/bookros2_ws/install/pmb2_2dnav:/home/khaledob/bookros2_ws/install/pmb2_maps:/home/khaledob/bookros2_ws/install/pmb2_description:/home/khaledob/bookros2_ws/install/pmb2_controller_configuration:/home/khaledob/bookros2_ws/install/pal_gripper_description:/home/khaledob/bookros2_ws/install/pal_gazebo_worlds:/home/khaledob/bookros2_ws/install/joint_trajectory_controller:/home/khaledob/bookros2_ws/install/joint_state_controller:/home/khaledob/bookros2_ws/install/joint_state_broadcaster:/home/khaledob/bookros2_ws/install/imu_sensor_broadcaster:/home/khaledob/bookros2_ws/install/hey5_description:/home/khaledob/bookros2_ws/install/gripper_controllers:/home/khaledob/bookros2_ws/install/gazebo_ros2_control:/home/khaledob/bookros2_ws/install/effort_controllers:/home/khaledob/bookros2_ws/install/forward_command_controller:/home/khaledob/bookros2_ws/install/force_torque_sensor_broadcaster:/home/khaledob/bookros2_ws/install/diff_drive_controller:/home/khaledob/bookros2_ws/install/groot:/home/khaledob/bookros2_ws/install/br2_vff_avoidance:/home/khaledob/bookros2_ws/install/br2_tracking:/home/khaledob/bookros2_ws/install/br2_tracking_msgs:/home/khaledob/bookros2_ws/install/br2_tiago:/home/khaledob/bookros2_ws/install/br2_tf2_detector:/home/khaledob/bookros2_ws/install/br2_navigation:/home/khaledob/bookros2_ws/install/br2_fsm_bumpgo_cpp:/home/khaledob/bookros2_ws/install/br2_bt_patrolling:/home/khaledob/bookros2_ws/install/br2_bt_bumpgo:/home/khaledob/bookros2_ws/install/br2_basics:/home/khaledob/bookros2_ws/install/ros2controlcli:/home/khaledob/bookros2_ws/install/launch_pal:/home/khaledob/bookros2_ws/install/br2_fsm_bumpgo_py:/opt/ros/foxy LD_LIBRARY_PATH=/home/khaledob/bookros2_ws/install/controller_manager/lib:/home/khaledob/bookros2_ws/install/controller_interface/lib:/home/khaledob/bookros2_ws/install/hardware_interface/lib:/home/khaledob/bookros2_ws/install/controller_manager_msgs/lib:/home/khaledob/bookros2_ws/install/velocity_controllers/lib:/home/khaledob/bookros2_ws/install/position_controllers/lib:/home/khaledob/bookros2_ws/install/joint_trajectory_controller/lib:/home/khaledob/bookros2_ws/install/joint_state_controller/lib:/home/khaledob/bookros2_ws/install/joint_state_broadcaster/lib:/home/khaledob/bookros2_ws/install/imu_sensor_broadcaster/lib:/home/khaledob/bookros2_ws/install/gripper_controllers/lib:/home/khaledob/bookros2_ws/install/gazebo_ros2_control/lib:/home/khaledob/bookros2_ws/install/effort_controllers/lib:/home/khaledob/bookros2_ws/install/forward_command_controller/lib:/home/khaledob/bookros2_ws/install/force_torque_sensor_broadcaster/lib:/home/khaledob/bookros2_ws/install/diff_drive_controller/lib:/home/khaledob/bookros2_ws/install/groot/lib:/home/khaledob/bookros2_ws/install/br2_vff_avoidance/lib:/home/khaledob/bookros2_ws/install/br2_tracking/lib:/home/khaledob/bookros2_ws/install/br2_tracking_msgs/lib:/home/khaledob/bookros2_ws/install/br2_tf2_detector/lib:/home/khaledob/bookros2_ws/install/br2_bt_patrolling/lib:/home/khaledob/bookros2_ws/install/br2_bt_bumpgo/lib:/usr/lib/x86_64-linux-gnu/gazebo-11/plugins:/opt/ros/foxy/opt/yaml_cpp_vendor/lib:/opt/ros/foxy/opt/rviz_ogre_vendor/lib:/opt/ros/foxy/lib/x86_64-linux-gnu:/opt/ros/foxy/lib PYTHONPATH=/home/khaledob/bookros2_ws/install/controller_manager/lib/python3.8/site-packages:/home/khaledob/bookros2_ws/install/controller_manager_msgs/lib/python3.8/site-packages:/home/khaledob/bookros2_ws/install/urdf_test/lib/python3.8/site-packages:/home/khaledob/bookros2_ws/install/tiago_description/lib/python3.8/site-packages:/home/khaledob/bookros2_ws/build/ros2controlcli:/home/khaledob/bookros2_ws/install/ros2controlcli/lib/python3.8/site-packages:/home/khaledob/bookros2_ws/install/pmb2_description/lib/python3.8/site-packages:/home/khaledob/bookros2_ws/build/launch_pal:/home/khaledob/bookros2_ws/install/launch_pal/lib/python3.8/site-packages:/home/khaledob/bookros2_ws/install/br2_tracking_msgs/lib/python3.8/site-packages:/home/khaledob/bookros2_ws/build/br2_fsm_bumpgo_py:/home/khaledob/bookros2_ws/install/br2_fsm_bumpgo_py/lib/python3.8/site-packages:/opt/ros/foxy/lib/python3.8/site-packages /usr/bin/cmake --build /home/khaledob/bookros2_ws/build/forward_command_controller -- -j7 -l7
[8.347s] DEBUG:colcon.colcon_core.event_handler.log_command:Invoking command in '/home/khaledob/bookros2_ws/build/joint_state_broadcaster': CMAKE_PREFIX_PATH=/home/khaledob/bookros2_ws/install/controller_manager:/home/khaledob/bookros2_ws/install/controller_interface:/home/khaledob/bookros2_ws/install/hardware_interface:/home/khaledob/bookros2_ws/install/ros2_control_test_assets:/home/khaledob/bookros2_ws/install/controller_manager_msgs:/home/khaledob/bookros2_ws/install/task2b:/home/khaledob/bookros2_ws/install/task2a:/home/khaledob/bookros2_ws/install/gazebo_ros2_control_demos:/home/khaledob/bookros2_ws/install/ros2_controllers:/home/khaledob/bookros2_ws/install/velocity_controllers:/home/khaledob/bookros2_ws/install/urdf_test:/home/khaledob/bookros2_ws/install/tiago_simulation:/home/khaledob/bookros2_ws/install/tiago_robot:/home/khaledob/bookros2_ws/install/tiago_2dnav_gazebo:/home/khaledob/bookros2_ws/install/tiago_gazebo:/home/khaledob/bookros2_ws/install/tiago_bringup:/home/khaledob/bookros2_ws/install/pmb2_robot:/home/khaledob/bookros2_ws/install/pmb2_bringup:/home/khaledob/bookros2_ws/install/twist_mux:/home/khaledob/bookros2_ws/install/transmission_interface:/home/khaledob/bookros2_ws/install/tiago_description:/home/khaledob/bookros2_ws/install/tiago_description_calibration:/home/khaledob/bookros2_ws/install/tiago_controller_configuration:/home/khaledob/bookros2_ws/install/task1:/home/khaledob/bookros2_ws/install/ros2_control:/home/khaledob/bookros2_ws/install/pal_gripper:/home/khaledob/bookros2_ws/install/pal_gripper_controller_configuration:/home/khaledob/bookros2_ws/install/position_controllers:/home/khaledob/bookros2_ws/install/pmb2_navigation:/home/khaledob/bookros2_ws/install/pmb2_2dnav:/home/khaledob/bookros2_ws/install/pmb2_maps:/home/khaledob/bookros2_ws/install/pmb2_description:/home/khaledob/bookros2_ws/install/pmb2_controller_configuration:/home/khaledob/bookros2_ws/install/pal_gripper_description:/home/khaledob/bookros2_ws/install/pal_gazebo_worlds:/home/khaledob/bookros2_ws/install/joint_trajectory_controller:/home/khaledob/bookros2_ws/install/joint_state_controller:/home/khaledob/bookros2_ws/install/joint_state_broadcaster:/home/khaledob/bookros2_ws/install/imu_sensor_broadcaster:/home/khaledob/bookros2_ws/install/hey5_description:/home/khaledob/bookros2_ws/install/gripper_controllers:/home/khaledob/bookros2_ws/install/gazebo_ros2_control:/home/khaledob/bookros2_ws/install/effort_controllers:/home/khaledob/bookros2_ws/install/forward_command_controller:/home/khaledob/bookros2_ws/install/force_torque_sensor_broadcaster:/home/khaledob/bookros2_ws/install/diff_drive_controller:/home/khaledob/bookros2_ws/install/groot:/home/khaledob/bookros2_ws/install/br2_vff_avoidance:/home/khaledob/bookros2_ws/install/br2_tracking:/home/khaledob/bookros2_ws/install/br2_tracking_msgs:/home/khaledob/bookros2_ws/install/br2_tiago:/home/khaledob/bookros2_ws/install/br2_tf2_detector:/home/khaledob/bookros2_ws/install/br2_navigation:/home/khaledob/bookros2_ws/install/br2_fsm_bumpgo_cpp:/home/khaledob/bookros2_ws/install/br2_bt_patrolling:/home/khaledob/bookros2_ws/install/br2_bt_bumpgo:/home/khaledob/bookros2_ws/install/br2_basics:/home/khaledob/bookros2_ws/install/ros2controlcli:/home/khaledob/bookros2_ws/install/launch_pal:/home/khaledob/bookros2_ws/install/br2_fsm_bumpgo_py:/opt/ros/foxy LD_LIBRARY_PATH=/home/khaledob/bookros2_ws/install/controller_manager/lib:/home/khaledob/bookros2_ws/install/controller_interface/lib:/home/khaledob/bookros2_ws/install/hardware_interface/lib:/home/khaledob/bookros2_ws/install/controller_manager_msgs/lib:/home/khaledob/bookros2_ws/install/velocity_controllers/lib:/home/khaledob/bookros2_ws/install/position_controllers/lib:/home/khaledob/bookros2_ws/install/joint_trajectory_controller/lib:/home/khaledob/bookros2_ws/install/joint_state_controller/lib:/home/khaledob/bookros2_ws/install/joint_state_broadcaster/lib:/home/khaledob/bookros2_ws/install/imu_sensor_broadcaster/lib:/home/khaledob/bookros2_ws/install/gripper_controllers/lib:/home/khaledob/bookros2_ws/install/gazebo_ros2_control/lib:/home/khaledob/bookros2_ws/install/effort_controllers/lib:/home/khaledob/bookros2_ws/install/forward_command_controller/lib:/home/khaledob/bookros2_ws/install/force_torque_sensor_broadcaster/lib:/home/khaledob/bookros2_ws/install/diff_drive_controller/lib:/home/khaledob/bookros2_ws/install/groot/lib:/home/khaledob/bookros2_ws/install/br2_vff_avoidance/lib:/home/khaledob/bookros2_ws/install/br2_tracking/lib:/home/khaledob/bookros2_ws/install/br2_tracking_msgs/lib:/home/khaledob/bookros2_ws/install/br2_tf2_detector/lib:/home/khaledob/bookros2_ws/install/br2_bt_patrolling/lib:/home/khaledob/bookros2_ws/install/br2_bt_bumpgo/lib:/usr/lib/x86_64-linux-gnu/gazebo-11/plugins:/opt/ros/foxy/opt/yaml_cpp_vendor/lib:/opt/ros/foxy/opt/rviz_ogre_vendor/lib:/opt/ros/foxy/lib/x86_64-linux-gnu:/opt/ros/foxy/lib PYTHONPATH=/home/khaledob/bookros2_ws/install/controller_manager/lib/python3.8/site-packages:/home/khaledob/bookros2_ws/install/controller_manager_msgs/lib/python3.8/site-packages:/home/khaledob/bookros2_ws/install/urdf_test/lib/python3.8/site-packages:/home/khaledob/bookros2_ws/install/tiago_description/lib/python3.8/site-packages:/home/khaledob/bookros2_ws/build/ros2controlcli:/home/khaledob/bookros2_ws/install/ros2controlcli/lib/python3.8/site-packages:/home/khaledob/bookros2_ws/install/pmb2_description/lib/python3.8/site-packages:/home/khaledob/bookros2_ws/build/launch_pal:/home/khaledob/bookros2_ws/install/launch_pal/lib/python3.8/site-packages:/home/khaledob/bookros2_ws/install/br2_tracking_msgs/lib/python3.8/site-packages:/home/khaledob/bookros2_ws/build/br2_fsm_bumpgo_py:/home/khaledob/bookros2_ws/install/br2_fsm_bumpgo_py/lib/python3.8/site-packages:/opt/ros/foxy/lib/python3.8/site-packages /usr/bin/cmake --build /home/khaledob/bookros2_ws/build/joint_state_broadcaster -- -j7 -l7
[8.364s] DEBUG:colcon.colcon_core.event_handler.log_command:Invoking command in '/home/khaledob/bookros2_ws/build/diff_drive_controller': CMAKE_PREFIX_PATH=/home/khaledob/bookros2_ws/install/controller_manager:/home/khaledob/bookros2_ws/install/controller_interface:/home/khaledob/bookros2_ws/install/hardware_interface:/home/khaledob/bookros2_ws/install/ros2_control_test_assets:/home/khaledob/bookros2_ws/install/controller_manager_msgs:/home/khaledob/bookros2_ws/install/task2b:/home/khaledob/bookros2_ws/install/task2a:/home/khaledob/bookros2_ws/install/gazebo_ros2_control_demos:/home/khaledob/bookros2_ws/install/ros2_controllers:/home/khaledob/bookros2_ws/install/velocity_controllers:/home/khaledob/bookros2_ws/install/urdf_test:/home/khaledob/bookros2_ws/install/tiago_simulation:/home/khaledob/bookros2_ws/install/tiago_robot:/home/khaledob/bookros2_ws/install/tiago_2dnav_gazebo:/home/khaledob/bookros2_ws/install/tiago_gazebo:/home/khaledob/bookros2_ws/install/tiago_bringup:/home/khaledob/bookros2_ws/install/pmb2_robot:/home/khaledob/bookros2_ws/install/pmb2_bringup:/home/khaledob/bookros2_ws/install/twist_mux:/home/khaledob/bookros2_ws/install/transmission_interface:/home/khaledob/bookros2_ws/install/tiago_description:/home/khaledob/bookros2_ws/install/tiago_description_calibration:/home/khaledob/bookros2_ws/install/tiago_controller_configuration:/home/khaledob/bookros2_ws/install/task1:/home/khaledob/bookros2_ws/install/ros2_control:/home/khaledob/bookros2_ws/install/pal_gripper:/home/khaledob/bookros2_ws/install/pal_gripper_controller_configuration:/home/khaledob/bookros2_ws/install/position_controllers:/home/khaledob/bookros2_ws/install/pmb2_navigation:/home/khaledob/bookros2_ws/install/pmb2_2dnav:/home/khaledob/bookros2_ws/install/pmb2_maps:/home/khaledob/bookros2_ws/install/pmb2_description:/home/khaledob/bookros2_ws/install/pmb2_controller_configuration:/home/khaledob/bookros2_ws/install/pal_gripper_description:/home/khaledob/bookros2_ws/install/pal_gazebo_worlds:/home/khaledob/bookros2_ws/install/joint_trajectory_controller:/home/khaledob/bookros2_ws/install/joint_state_controller:/home/khaledob/bookros2_ws/install/joint_state_broadcaster:/home/khaledob/bookros2_ws/install/imu_sensor_broadcaster:/home/khaledob/bookros2_ws/install/hey5_description:/home/khaledob/bookros2_ws/install/gripper_controllers:/home/khaledob/bookros2_ws/install/gazebo_ros2_control:/home/khaledob/bookros2_ws/install/effort_controllers:/home/khaledob/bookros2_ws/install/forward_command_controller:/home/khaledob/bookros2_ws/install/force_torque_sensor_broadcaster:/home/khaledob/bookros2_ws/install/diff_drive_controller:/home/khaledob/bookros2_ws/install/groot:/home/khaledob/bookros2_ws/install/br2_vff_avoidance:/home/khaledob/bookros2_ws/install/br2_tracking:/home/khaledob/bookros2_ws/install/br2_tracking_msgs:/home/khaledob/bookros2_ws/install/br2_tiago:/home/khaledob/bookros2_ws/install/br2_tf2_detector:/home/khaledob/bookros2_ws/install/br2_navigation:/home/khaledob/bookros2_ws/install/br2_fsm_bumpgo_cpp:/home/khaledob/bookros2_ws/install/br2_bt_patrolling:/home/khaledob/bookros2_ws/install/br2_bt_bumpgo:/home/khaledob/bookros2_ws/install/br2_basics:/home/khaledob/bookros2_ws/install/ros2controlcli:/home/khaledob/bookros2_ws/install/launch_pal:/home/khaledob/bookros2_ws/install/br2_fsm_bumpgo_py:/opt/ros/foxy LD_LIBRARY_PATH=/home/khaledob/bookros2_ws/install/controller_manager/lib:/home/khaledob/bookros2_ws/install/controller_interface/lib:/home/khaledob/bookros2_ws/install/hardware_interface/lib:/home/khaledob/bookros2_ws/install/controller_manager_msgs/lib:/home/khaledob/bookros2_ws/install/velocity_controllers/lib:/home/khaledob/bookros2_ws/install/position_controllers/lib:/home/khaledob/bookros2_ws/install/joint_trajectory_controller/lib:/home/khaledob/bookros2_ws/install/joint_state_controller/lib:/home/khaledob/bookros2_ws/install/joint_state_broadcaster/lib:/home/khaledob/bookros2_ws/install/imu_sensor_broadcaster/lib:/home/khaledob/bookros2_ws/install/gripper_controllers/lib:/home/khaledob/bookros2_ws/install/gazebo_ros2_control/lib:/home/khaledob/bookros2_ws/install/effort_controllers/lib:/home/khaledob/bookros2_ws/install/forward_command_controller/lib:/home/khaledob/bookros2_ws/install/force_torque_sensor_broadcaster/lib:/home/khaledob/bookros2_ws/install/diff_drive_controller/lib:/home/khaledob/bookros2_ws/install/groot/lib:/home/khaledob/bookros2_ws/install/br2_vff_avoidance/lib:/home/khaledob/bookros2_ws/install/br2_tracking/lib:/home/khaledob/bookros2_ws/install/br2_tracking_msgs/lib:/home/khaledob/bookros2_ws/install/br2_tf2_detector/lib:/home/khaledob/bookros2_ws/install/br2_bt_patrolling/lib:/home/khaledob/bookros2_ws/install/br2_bt_bumpgo/lib:/usr/lib/x86_64-linux-gnu/gazebo-11/plugins:/opt/ros/foxy/opt/yaml_cpp_vendor/lib:/opt/ros/foxy/opt/rviz_ogre_vendor/lib:/opt/ros/foxy/lib/x86_64-linux-gnu:/opt/ros/foxy/lib PYTHONPATH=/home/khaledob/bookros2_ws/install/controller_manager/lib/python3.8/site-packages:/home/khaledob/bookros2_ws/install/controller_manager_msgs/lib/python3.8/site-packages:/home/khaledob/bookros2_ws/install/urdf_test/lib/python3.8/site-packages:/home/khaledob/bookros2_ws/install/tiago_description/lib/python3.8/site-packages:/home/khaledob/bookros2_ws/build/ros2controlcli:/home/khaledob/bookros2_ws/install/ros2controlcli/lib/python3.8/site-packages:/home/khaledob/bookros2_ws/install/pmb2_description/lib/python3.8/site-packages:/home/khaledob/bookros2_ws/build/launch_pal:/home/khaledob/bookros2_ws/install/launch_pal/lib/python3.8/site-packages:/home/khaledob/bookros2_ws/install/br2_tracking_msgs/lib/python3.8/site-packages:/home/khaledob/bookros2_ws/build/br2_fsm_bumpgo_py:/home/khaledob/bookros2_ws/install/br2_fsm_bumpgo_py/lib/python3.8/site-packages:/opt/ros/foxy/lib/python3.8/site-packages /usr/bin/cmake --build /home/khaledob/bookros2_ws/build/diff_drive_controller -- -j7 -l7
[8.410s] Level 1:colcon.colcon_core.shell:create_environment_hook('br2_fsm_bumpgo_py', 'pythonpath_develop')
[8.411s] INFO:colcon.colcon_core.shell:Creating environment hook '/home/khaledob/bookros2_ws/build/br2_fsm_bumpgo_py/share/br2_fsm_bumpgo_py/hook/pythonpath_develop.ps1'
[8.413s] INFO:colcon.colcon_core.shell:Creating environment descriptor '/home/khaledob/bookros2_ws/build/br2_fsm_bumpgo_py/share/br2_fsm_bumpgo_py/hook/pythonpath_develop.dsv'
[8.415s] INFO:colcon.colcon_core.shell:Creating environment hook '/home/khaledob/bookros2_ws/build/br2_fsm_bumpgo_py/share/br2_fsm_bumpgo_py/hook/pythonpath_develop.sh'
[8.417s] Level 1:colcon.colcon_core.environment:checking '/home/khaledob/bookros2_ws/install/br2_fsm_bumpgo_py' for CMake module files
[8.418s] Level 1:colcon.colcon_core.environment:checking '/home/khaledob/bookros2_ws/install/br2_fsm_bumpgo_py' for CMake config files
[8.419s] Level 1:colcon.colcon_core.environment:checking '/home/khaledob/bookros2_ws/install/br2_fsm_bumpgo_py/lib'
[8.420s] Level 1:colcon.colcon_core.environment:checking '/home/khaledob/bookros2_ws/install/br2_fsm_bumpgo_py/bin'
[8.421s] Level 1:colcon.colcon_core.environment:checking '/home/khaledob/bookros2_ws/install/br2_fsm_bumpgo_py/lib/pkgconfig/br2_fsm_bumpgo_py.pc'
[8.421s] Level 1:colcon.colcon_core.environment:checking '/home/khaledob/bookros2_ws/install/br2_fsm_bumpgo_py/lib/python3.8/site-packages'
[8.421s] Level 1:colcon.colcon_core.shell:create_environment_hook('br2_fsm_bumpgo_py', 'pythonpath')
[8.422s] INFO:colcon.colcon_core.shell:Creating environment hook '/home/khaledob/bookros2_ws/install/br2_fsm_bumpgo_py/share/br2_fsm_bumpgo_py/hook/pythonpath.ps1'
[8.423s] INFO:colcon.colcon_core.shell:Creating environment descriptor '/home/khaledob/bookros2_ws/install/br2_fsm_bumpgo_py/share/br2_fsm_bumpgo_py/hook/pythonpath.dsv'
[8.425s] DEBUG:colcon.colcon_core.event_handler.log_command:Invoked command in '/home/khaledob/bookros2_ws/build/br2_fsm_bumpgo_py' returned '0': PYTHONPATH=/home/khaledob/bookros2_ws/build/br2_fsm_bumpgo_py/prefix_override:/usr/lib/python3/dist-packages/colcon_core/task/python/colcon_distutils_commands:/home/khaledob/bookros2_ws/install/br2_fsm_bumpgo_py/lib/python3.8/site-packages:${PYTHONPATH} /usr/bin/python3 -W ignore:setup.py install is deprecated -W ignore:easy_install command is deprecated setup.py develop --editable --build-directory /home/khaledob/bookros2_ws/build/br2_fsm_bumpgo_py/build --no-deps symlink_data
[8.434s] INFO:colcon.colcon_core.shell:Creating environment hook '/home/khaledob/bookros2_ws/install/br2_fsm_bumpgo_py/share/br2_fsm_bumpgo_py/hook/pythonpath.sh'
[8.436s] Level 1:colcon.colcon_core.environment:checking '/home/khaledob/bookros2_ws/install/br2_fsm_bumpgo_py/bin'
[8.436s] Level 1:colcon.colcon_core.environment:create_environment_scripts_only(br2_fsm_bumpgo_py)
[8.437s] INFO:colcon.colcon_core.shell:Creating package script '/home/khaledob/bookros2_ws/install/br2_fsm_bumpgo_py/share/br2_fsm_bumpgo_py/package.ps1'
[8.439s] INFO:colcon.colcon_core.shell:Creating package descriptor '/home/khaledob/bookros2_ws/install/br2_fsm_bumpgo_py/share/br2_fsm_bumpgo_py/package.dsv'
[8.441s] INFO:colcon.colcon_core.shell:Creating package script '/home/khaledob/bookros2_ws/install/br2_fsm_bumpgo_py/share/br2_fsm_bumpgo_py/package.sh'
[8.443s] INFO:colcon.colcon_core.shell:Creating package script '/home/khaledob/bookros2_ws/install/br2_fsm_bumpgo_py/share/br2_fsm_bumpgo_py/package.bash'
[8.444s] INFO:colcon.colcon_core.shell:Creating package script '/home/khaledob/bookros2_ws/install/br2_fsm_bumpgo_py/share/br2_fsm_bumpgo_py/package.zsh'
[8.446s] Level 1:colcon.colcon_core.environment:create_file_with_runtime_dependencies(/home/khaledob/bookros2_ws/install/br2_fsm_bumpgo_py/share/colcon-core/packages/br2_fsm_bumpgo_py)
[8.448s] INFO:colcon.colcon_ros.task.ament_cmake.build:Building ROS package in '/home/khaledob/bookros2_ws/src/ThirdParty/ros2_controllers/imu_sensor_broadcaster' with build type 'ament_cmake'
[8.449s] INFO:colcon.colcon_cmake.task.cmake.build:Building CMake package in '/home/khaledob/bookros2_ws/src/ThirdParty/ros2_controllers/imu_sensor_broadcaster'
[8.454s] INFO:colcon.colcon_core.shell:Skip shell extension 'powershell' for command environment: Not usable outside of PowerShell
[8.455s] DEBUG:colcon.colcon_core.shell:Skip shell extension 'dsv' for command environment
[8.507s] Level 1:colcon.colcon_core.environment:create_environment_scripts_only(groot)
[8.513s] Level 1:colcon.colcon_core.environment:checking '/home/khaledob/bookros2_ws/install/groot' for CMake module files
[8.514s] Level 1:colcon.colcon_core.environment:checking '/home/khaledob/bookros2_ws/install/groot' for CMake config files
[8.515s] Level 1:colcon.colcon_core.shell:create_environment_hook('groot', 'cmake_prefix_path')
[8.516s] INFO:colcon.colcon_core.shell:Creating environment hook '/home/khaledob/bookros2_ws/install/groot/share/groot/hook/cmake_prefix_path.ps1'
[8.518s] DEBUG:colcon.colcon_core.event_handler.log_command:Invoked command in '/home/khaledob/bookros2_ws/build/groot' returned '0': CMAKE_PREFIX_PATH=${CMAKE_PREFIX_PATH}:/home/khaledob/bookros2_ws/install/ros2controlcli:/home/khaledob/bookros2_ws/install/launch_pal:/home/khaledob/bookros2_ws/install/br2_fsm_bumpgo_py:/opt/ros/foxy /usr/bin/cmake --install /home/khaledob/bookros2_ws/build/groot
[8.523s] INFO:colcon.colcon_core.shell:Creating environment descriptor '/home/khaledob/bookros2_ws/install/groot/share/groot/hook/cmake_prefix_path.dsv'
[8.531s] INFO:colcon.colcon_core.shell:Creating environment hook '/home/khaledob/bookros2_ws/install/groot/share/groot/hook/cmake_prefix_path.sh'
[8.546s] Level 1:colcon.colcon_core.environment:checking '/home/khaledob/bookros2_ws/install/groot/lib'
[8.547s] Level 1:colcon.colcon_core.shell:create_environment_hook('groot', 'ld_library_path_lib')
[8.547s] INFO:colcon.colcon_core.shell:Creating environment hook '/home/khaledob/bookros2_ws/install/groot/share/groot/hook/ld_library_path_lib.ps1'
[8.554s] INFO:colcon.colcon_core.shell:Creating environment descriptor '/home/khaledob/bookros2_ws/install/groot/share/groot/hook/ld_library_path_lib.dsv'
[8.556s] INFO:colcon.colcon_core.shell:Creating environment hook '/home/khaledob/bookros2_ws/install/groot/share/groot/hook/ld_library_path_lib.sh'
[8.558s] Level 1:colcon.colcon_core.environment:checking '/home/khaledob/bookros2_ws/install/groot/bin'
[8.558s] Level 1:colcon.colcon_core.environment:checking '/home/khaledob/bookros2_ws/install/groot/lib/pkgconfig/groot.pc'
[8.559s] Level 1:colcon.colcon_core.environment:checking '/home/khaledob/bookros2_ws/install/groot/lib/python3.8/site-packages'
[8.559s] Level 1:colcon.colcon_core.environment:checking '/home/khaledob/bookros2_ws/install/groot/bin'
[8.560s] INFO:colcon.colcon_core.shell:Creating package script '/home/khaledob/bookros2_ws/install/groot/share/groot/package.ps1'
[8.561s] INFO:colcon.colcon_core.shell:Creating package descriptor '/home/khaledob/bookros2_ws/install/groot/share/groot/package.dsv'
[8.597s] INFO:colcon.colcon_core.shell:Creating package script '/home/khaledob/bookros2_ws/install/groot/share/groot/package.sh'
[8.615s] INFO:colcon.colcon_core.shell:Creating package script '/home/khaledob/bookros2_ws/install/groot/share/groot/package.bash'
[8.620s] INFO:colcon.colcon_core.shell:Creating package script '/home/khaledob/bookros2_ws/install/groot/share/groot/package.zsh'
[8.628s] Level 1:colcon.colcon_core.environment:create_file_with_runtime_dependencies(/home/khaledob/bookros2_ws/install/groot/share/colcon-core/packages/groot)
[8.630s] Level 1:colcon.colcon_core.environment:create_environment_scripts_only(groot)
[8.631s] Level 1:colcon.colcon_core.environment:checking '/home/khaledob/bookros2_ws/install/groot' for CMake module files
[8.632s] Level 1:colcon.colcon_core.environment:checking '/home/khaledob/bookros2_ws/install/groot' for CMake config files
[8.632s] Level 1:colcon.colcon_core.shell:create_environment_hook('groot', 'cmake_prefix_path')
[8.632s] INFO:colcon.colcon_core.shell:Creating environment hook '/home/khaledob/bookros2_ws/install/groot/share/groot/hook/cmake_prefix_path.ps1'
[8.634s] INFO:colcon.colcon_core.shell:Creating environment descriptor '/home/khaledob/bookros2_ws/install/groot/share/groot/hook/cmake_prefix_path.dsv'
[8.635s] INFO:colcon.colcon_core.shell:Creating environment hook '/home/khaledob/bookros2_ws/install/groot/share/groot/hook/cmake_prefix_path.sh'
[8.638s] Level 1:colcon.colcon_core.environment:checking '/home/khaledob/bookros2_ws/install/groot/lib'
[8.638s] Level 1:colcon.colcon_core.shell:create_environment_hook('groot', 'ld_library_path_lib')
[8.639s] INFO:colcon.colcon_core.shell:Creating environment hook '/home/khaledob/bookros2_ws/install/groot/share/groot/hook/ld_library_path_lib.ps1'
[8.641s] INFO:colcon.colcon_core.shell:Creating environment descriptor '/home/khaledob/bookros2_ws/install/groot/share/groot/hook/ld_library_path_lib.dsv'
[8.649s] INFO:colcon.colcon_core.shell:Creating environment hook '/home/khaledob/bookros2_ws/install/groot/share/groot/hook/ld_library_path_lib.sh'
[8.652s] Level 1:colcon.colcon_core.environment:checking '/home/khaledob/bookros2_ws/install/groot/bin'
[8.653s] Level 1:colcon.colcon_core.environment:checking '/home/khaledob/bookros2_ws/install/groot/lib/pkgconfig/groot.pc'
[8.654s] Level 1:colcon.colcon_core.environment:checking '/home/khaledob/bookros2_ws/install/groot/lib/python3.8/site-packages'
[8.654s] Level 1:colcon.colcon_core.environment:checking '/home/khaledob/bookros2_ws/install/groot/bin'
[8.655s] INFO:colcon.colcon_core.shell:Creating package script '/home/khaledob/bookros2_ws/install/groot/share/groot/package.ps1'
[8.657s] INFO:colcon.colcon_core.shell:Creating package descriptor '/home/khaledob/bookros2_ws/install/groot/share/groot/package.dsv'
[8.659s] INFO:colcon.colcon_core.shell:Creating package script '/home/khaledob/bookros2_ws/install/groot/share/groot/package.sh'
[8.665s] INFO:colcon.colcon_core.shell:Creating package script '/home/khaledob/bookros2_ws/install/groot/share/groot/package.bash'
[8.666s] INFO:colcon.colcon_core.shell:Creating package script '/home/khaledob/bookros2_ws/install/groot/share/groot/package.zsh'
[8.669s] Level 1:colcon.colcon_core.environment:create_file_with_runtime_dependencies(/home/khaledob/bookros2_ws/install/groot/share/colcon-core/packages/groot)
[8.671s] INFO:colcon.colcon_ros.task.ament_cmake.build:Building ROS package in '/home/khaledob/bookros2_ws/src/ThirdParty/ros2_controllers/joint_trajectory_controller' with build type 'ament_cmake'
[8.672s] INFO:colcon.colcon_cmake.task.cmake.build:Building CMake package in '/home/khaledob/bookros2_ws/src/ThirdParty/ros2_controllers/joint_trajectory_controller'
[8.673s] INFO:colcon.colcon_core.shell:Skip shell extension 'powershell' for command environment: Not usable outside of PowerShell
[8.674s] DEBUG:colcon.colcon_core.shell:Skip shell extension 'dsv' for command environment
[8.823s] DEBUG:colcon.colcon_core.event_handler.log_command:Invoking command in '/home/khaledob/bookros2_ws/build/imu_sensor_broadcaster': CMAKE_PREFIX_PATH=/home/khaledob/bookros2_ws/install/controller_manager:/home/khaledob/bookros2_ws/install/controller_interface:/home/khaledob/bookros2_ws/install/hardware_interface:/home/khaledob/bookros2_ws/install/ros2_control_test_assets:/home/khaledob/bookros2_ws/install/controller_manager_msgs:/home/khaledob/bookros2_ws/install/task2b:/home/khaledob/bookros2_ws/install/task2a:/home/khaledob/bookros2_ws/install/gazebo_ros2_control_demos:/home/khaledob/bookros2_ws/install/ros2_controllers:/home/khaledob/bookros2_ws/install/velocity_controllers:/home/khaledob/bookros2_ws/install/urdf_test:/home/khaledob/bookros2_ws/install/tiago_simulation:/home/khaledob/bookros2_ws/install/tiago_robot:/home/khaledob/bookros2_ws/install/tiago_2dnav_gazebo:/home/khaledob/bookros2_ws/install/tiago_gazebo:/home/khaledob/bookros2_ws/install/tiago_bringup:/home/khaledob/bookros2_ws/install/pmb2_robot:/home/khaledob/bookros2_ws/install/pmb2_bringup:/home/khaledob/bookros2_ws/install/twist_mux:/home/khaledob/bookros2_ws/install/transmission_interface:/home/khaledob/bookros2_ws/install/tiago_description:/home/khaledob/bookros2_ws/install/tiago_description_calibration:/home/khaledob/bookros2_ws/install/tiago_controller_configuration:/home/khaledob/bookros2_ws/install/task1:/home/khaledob/bookros2_ws/install/ros2_control:/home/khaledob/bookros2_ws/install/pal_gripper:/home/khaledob/bookros2_ws/install/pal_gripper_controller_configuration:/home/khaledob/bookros2_ws/install/position_controllers:/home/khaledob/bookros2_ws/install/pmb2_navigation:/home/khaledob/bookros2_ws/install/pmb2_2dnav:/home/khaledob/bookros2_ws/install/pmb2_maps:/home/khaledob/bookros2_ws/install/pmb2_description:/home/khaledob/bookros2_ws/install/pmb2_controller_configuration:/home/khaledob/bookros2_ws/install/pal_gripper_description:/home/khaledob/bookros2_ws/install/pal_gazebo_worlds:/home/khaledob/bookros2_ws/install/joint_trajectory_controller:/home/khaledob/bookros2_ws/install/joint_state_controller:/home/khaledob/bookros2_ws/install/joint_state_broadcaster:/home/khaledob/bookros2_ws/install/imu_sensor_broadcaster:/home/khaledob/bookros2_ws/install/hey5_description:/home/khaledob/bookros2_ws/install/gripper_controllers:/home/khaledob/bookros2_ws/install/gazebo_ros2_control:/home/khaledob/bookros2_ws/install/effort_controllers:/home/khaledob/bookros2_ws/install/forward_command_controller:/home/khaledob/bookros2_ws/install/force_torque_sensor_broadcaster:/home/khaledob/bookros2_ws/install/diff_drive_controller:/home/khaledob/bookros2_ws/install/groot:/home/khaledob/bookros2_ws/install/br2_vff_avoidance:/home/khaledob/bookros2_ws/install/br2_tracking:/home/khaledob/bookros2_ws/install/br2_tracking_msgs:/home/khaledob/bookros2_ws/install/br2_tiago:/home/khaledob/bookros2_ws/install/br2_tf2_detector:/home/khaledob/bookros2_ws/install/br2_navigation:/home/khaledob/bookros2_ws/install/br2_fsm_bumpgo_cpp:/home/khaledob/bookros2_ws/install/br2_bt_patrolling:/home/khaledob/bookros2_ws/install/br2_bt_bumpgo:/home/khaledob/bookros2_ws/install/br2_basics:/home/khaledob/bookros2_ws/install/ros2controlcli:/home/khaledob/bookros2_ws/install/launch_pal:/home/khaledob/bookros2_ws/install/br2_fsm_bumpgo_py:/opt/ros/foxy LD_LIBRARY_PATH=/home/khaledob/bookros2_ws/install/controller_manager/lib:/home/khaledob/bookros2_ws/install/controller_interface/lib:/home/khaledob/bookros2_ws/install/hardware_interface/lib:/home/khaledob/bookros2_ws/install/controller_manager_msgs/lib:/home/khaledob/bookros2_ws/install/velocity_controllers/lib:/home/khaledob/bookros2_ws/install/position_controllers/lib:/home/khaledob/bookros2_ws/install/joint_trajectory_controller/lib:/home/khaledob/bookros2_ws/install/joint_state_controller/lib:/home/khaledob/bookros2_ws/install/joint_state_broadcaster/lib:/home/khaledob/bookros2_ws/install/imu_sensor_broadcaster/lib:/home/khaledob/bookros2_ws/install/gripper_controllers/lib:/home/khaledob/bookros2_ws/install/gazebo_ros2_control/lib:/home/khaledob/bookros2_ws/install/effort_controllers/lib:/home/khaledob/bookros2_ws/install/forward_command_controller/lib:/home/khaledob/bookros2_ws/install/force_torque_sensor_broadcaster/lib:/home/khaledob/bookros2_ws/install/diff_drive_controller/lib:/home/khaledob/bookros2_ws/install/groot/lib:/home/khaledob/bookros2_ws/install/br2_vff_avoidance/lib:/home/khaledob/bookros2_ws/install/br2_tracking/lib:/home/khaledob/bookros2_ws/install/br2_tracking_msgs/lib:/home/khaledob/bookros2_ws/install/br2_tf2_detector/lib:/home/khaledob/bookros2_ws/install/br2_bt_patrolling/lib:/home/khaledob/bookros2_ws/install/br2_bt_bumpgo/lib:/usr/lib/x86_64-linux-gnu/gazebo-11/plugins:/opt/ros/foxy/opt/yaml_cpp_vendor/lib:/opt/ros/foxy/opt/rviz_ogre_vendor/lib:/opt/ros/foxy/lib/x86_64-linux-gnu:/opt/ros/foxy/lib PYTHONPATH=/home/khaledob/bookros2_ws/install/controller_manager/lib/python3.8/site-packages:/home/khaledob/bookros2_ws/install/controller_manager_msgs/lib/python3.8/site-packages:/home/khaledob/bookros2_ws/install/urdf_test/lib/python3.8/site-packages:/home/khaledob/bookros2_ws/install/tiago_description/lib/python3.8/site-packages:/home/khaledob/bookros2_ws/build/ros2controlcli:/home/khaledob/bookros2_ws/install/ros2controlcli/lib/python3.8/site-packages:/home/khaledob/bookros2_ws/install/pmb2_description/lib/python3.8/site-packages:/home/khaledob/bookros2_ws/build/launch_pal:/home/khaledob/bookros2_ws/install/launch_pal/lib/python3.8/site-packages:/home/khaledob/bookros2_ws/install/br2_tracking_msgs/lib/python3.8/site-packages:/home/khaledob/bookros2_ws/build/br2_fsm_bumpgo_py:/home/khaledob/bookros2_ws/install/br2_fsm_bumpgo_py/lib/python3.8/site-packages:/opt/ros/foxy/lib/python3.8/site-packages /usr/bin/cmake --build /home/khaledob/bookros2_ws/build/imu_sensor_broadcaster -- -j7 -l7
[8.997s] DEBUG:colcon.colcon_core.event_handler.log_command:Invoking command in '/home/khaledob/bookros2_ws/build/joint_trajectory_controller': CMAKE_PREFIX_PATH=/home/khaledob/bookros2_ws/install/controller_manager:/home/khaledob/bookros2_ws/install/controller_interface:/home/khaledob/bookros2_ws/install/hardware_interface:/home/khaledob/bookros2_ws/install/ros2_control_test_assets:/home/khaledob/bookros2_ws/install/controller_manager_msgs:/home/khaledob/bookros2_ws/install/task2b:/home/khaledob/bookros2_ws/install/task2a:/home/khaledob/bookros2_ws/install/gazebo_ros2_control_demos:/home/khaledob/bookros2_ws/install/ros2_controllers:/home/khaledob/bookros2_ws/install/velocity_controllers:/home/khaledob/bookros2_ws/install/urdf_test:/home/khaledob/bookros2_ws/install/tiago_simulation:/home/khaledob/bookros2_ws/install/tiago_robot:/home/khaledob/bookros2_ws/install/tiago_2dnav_gazebo:/home/khaledob/bookros2_ws/install/tiago_gazebo:/home/khaledob/bookros2_ws/install/tiago_bringup:/home/khaledob/bookros2_ws/install/pmb2_robot:/home/khaledob/bookros2_ws/install/pmb2_bringup:/home/khaledob/bookros2_ws/install/twist_mux:/home/khaledob/bookros2_ws/install/transmission_interface:/home/khaledob/bookros2_ws/install/tiago_description:/home/khaledob/bookros2_ws/install/tiago_description_calibration:/home/khaledob/bookros2_ws/install/tiago_controller_configuration:/home/khaledob/bookros2_ws/install/task1:/home/khaledob/bookros2_ws/install/ros2_control:/home/khaledob/bookros2_ws/install/pal_gripper:/home/khaledob/bookros2_ws/install/pal_gripper_controller_configuration:/home/khaledob/bookros2_ws/install/position_controllers:/home/khaledob/bookros2_ws/install/pmb2_navigation:/home/khaledob/bookros2_ws/install/pmb2_2dnav:/home/khaledob/bookros2_ws/install/pmb2_maps:/home/khaledob/bookros2_ws/install/pmb2_description:/home/khaledob/bookros2_ws/install/pmb2_controller_configuration:/home/khaledob/bookros2_ws/install/pal_gripper_description:/home/khaledob/bookros2_ws/install/pal_gazebo_worlds:/home/khaledob/bookros2_ws/install/joint_trajectory_controller:/home/khaledob/bookros2_ws/install/joint_state_controller:/home/khaledob/bookros2_ws/install/joint_state_broadcaster:/home/khaledob/bookros2_ws/install/imu_sensor_broadcaster:/home/khaledob/bookros2_ws/install/hey5_description:/home/khaledob/bookros2_ws/install/gripper_controllers:/home/khaledob/bookros2_ws/install/gazebo_ros2_control:/home/khaledob/bookros2_ws/install/effort_controllers:/home/khaledob/bookros2_ws/install/forward_command_controller:/home/khaledob/bookros2_ws/install/force_torque_sensor_broadcaster:/home/khaledob/bookros2_ws/install/diff_drive_controller:/home/khaledob/bookros2_ws/install/groot:/home/khaledob/bookros2_ws/install/br2_vff_avoidance:/home/khaledob/bookros2_ws/install/br2_tracking:/home/khaledob/bookros2_ws/install/br2_tracking_msgs:/home/khaledob/bookros2_ws/install/br2_tiago:/home/khaledob/bookros2_ws/install/br2_tf2_detector:/home/khaledob/bookros2_ws/install/br2_navigation:/home/khaledob/bookros2_ws/install/br2_fsm_bumpgo_cpp:/home/khaledob/bookros2_ws/install/br2_bt_patrolling:/home/khaledob/bookros2_ws/install/br2_bt_bumpgo:/home/khaledob/bookros2_ws/install/br2_basics:/home/khaledob/bookros2_ws/install/ros2controlcli:/home/khaledob/bookros2_ws/install/launch_pal:/home/khaledob/bookros2_ws/install/br2_fsm_bumpgo_py:/opt/ros/foxy LD_LIBRARY_PATH=/home/khaledob/bookros2_ws/install/controller_manager/lib:/home/khaledob/bookros2_ws/install/controller_interface/lib:/home/khaledob/bookros2_ws/install/hardware_interface/lib:/home/khaledob/bookros2_ws/install/controller_manager_msgs/lib:/home/khaledob/bookros2_ws/install/velocity_controllers/lib:/home/khaledob/bookros2_ws/install/position_controllers/lib:/home/khaledob/bookros2_ws/install/joint_trajectory_controller/lib:/home/khaledob/bookros2_ws/install/joint_state_controller/lib:/home/khaledob/bookros2_ws/install/joint_state_broadcaster/lib:/home/khaledob/bookros2_ws/install/imu_sensor_broadcaster/lib:/home/khaledob/bookros2_ws/install/gripper_controllers/lib:/home/khaledob/bookros2_ws/install/gazebo_ros2_control/lib:/home/khaledob/bookros2_ws/install/effort_controllers/lib:/home/khaledob/bookros2_ws/install/forward_command_controller/lib:/home/khaledob/bookros2_ws/install/force_torque_sensor_broadcaster/lib:/home/khaledob/bookros2_ws/install/diff_drive_controller/lib:/home/khaledob/bookros2_ws/install/groot/lib:/home/khaledob/bookros2_ws/install/br2_vff_avoidance/lib:/home/khaledob/bookros2_ws/install/br2_tracking/lib:/home/khaledob/bookros2_ws/install/br2_tracking_msgs/lib:/home/khaledob/bookros2_ws/install/br2_tf2_detector/lib:/home/khaledob/bookros2_ws/install/br2_bt_patrolling/lib:/home/khaledob/bookros2_ws/install/br2_bt_bumpgo/lib:/usr/lib/x86_64-linux-gnu/gazebo-11/plugins:/opt/ros/foxy/opt/yaml_cpp_vendor/lib:/opt/ros/foxy/opt/rviz_ogre_vendor/lib:/opt/ros/foxy/lib/x86_64-linux-gnu:/opt/ros/foxy/lib PYTHONPATH=/home/khaledob/bookros2_ws/install/controller_manager/lib/python3.8/site-packages:/home/khaledob/bookros2_ws/install/controller_manager_msgs/lib/python3.8/site-packages:/home/khaledob/bookros2_ws/install/urdf_test/lib/python3.8/site-packages:/home/khaledob/bookros2_ws/install/tiago_description/lib/python3.8/site-packages:/home/khaledob/bookros2_ws/build/ros2controlcli:/home/khaledob/bookros2_ws/install/ros2controlcli/lib/python3.8/site-packages:/home/khaledob/bookros2_ws/install/pmb2_description/lib/python3.8/site-packages:/home/khaledob/bookros2_ws/build/launch_pal:/home/khaledob/bookros2_ws/install/launch_pal/lib/python3.8/site-packages:/home/khaledob/bookros2_ws/install/br2_tracking_msgs/lib/python3.8/site-packages:/home/khaledob/bookros2_ws/build/br2_fsm_bumpgo_py:/home/khaledob/bookros2_ws/install/br2_fsm_bumpgo_py/lib/python3.8/site-packages:/opt/ros/foxy/lib/python3.8/site-packages /usr/bin/cmake --build /home/khaledob/bookros2_ws/build/joint_trajectory_controller -- -j7 -l7
[9.040s] DEBUG:colcon.colcon_core.event_handler.log_command:Invoked command in '/home/khaledob/bookros2_ws/build/br2_tracking' returned '0': CMAKE_PREFIX_PATH=/home/khaledob/bookros2_ws/install/br2_tracking_msgs:/home/khaledob/bookros2_ws/install/task2b:/home/khaledob/bookros2_ws/install/task2a:/home/khaledob/bookros2_ws/install/gazebo_ros2_control_demos:/home/khaledob/bookros2_ws/install/ros2_controllers:/home/khaledob/bookros2_ws/install/velocity_controllers:/home/khaledob/bookros2_ws/install/urdf_test:/home/khaledob/bookros2_ws/install/tiago_simulation:/home/khaledob/bookros2_ws/install/tiago_robot:/home/khaledob/bookros2_ws/install/tiago_2dnav_gazebo:/home/khaledob/bookros2_ws/install/tiago_gazebo:/home/khaledob/bookros2_ws/install/tiago_bringup:/home/khaledob/bookros2_ws/install/pmb2_robot:/home/khaledob/bookros2_ws/install/pmb2_bringup:/home/khaledob/bookros2_ws/install/twist_mux:/home/khaledob/bookros2_ws/install/transmission_interface:/home/khaledob/bookros2_ws/install/tiago_description:/home/khaledob/bookros2_ws/install/tiago_description_calibration:/home/khaledob/bookros2_ws/install/tiago_controller_configuration:/home/khaledob/bookros2_ws/install/task1:/home/khaledob/bookros2_ws/install/ros2_control:/home/khaledob/bookros2_ws/install/ros2_control_test_assets:/home/khaledob/bookros2_ws/install/pal_gripper:/home/khaledob/bookros2_ws/install/pal_gripper_controller_configuration:/home/khaledob/bookros2_ws/install/position_controllers:/home/khaledob/bookros2_ws/install/pmb2_navigation:/home/khaledob/bookros2_ws/install/pmb2_2dnav:/home/khaledob/bookros2_ws/install/pmb2_maps:/home/khaledob/bookros2_ws/install/pmb2_description:/home/khaledob/bookros2_ws/install/pmb2_controller_configuration:/home/khaledob/bookros2_ws/install/pal_gripper_description:/home/khaledob/bookros2_ws/install/pal_gazebo_worlds:/home/khaledob/bookros2_ws/install/joint_trajectory_controller:/home/khaledob/bookros2_ws/install/joint_state_controller:/home/khaledob/bookros2_ws/install/joint_state_broadcaster:/home/khaledob/bookros2_ws/install/imu_sensor_broadcaster:/home/khaledob/bookros2_ws/install/hey5_description:/home/khaledob/bookros2_ws/install/gripper_controllers:/home/khaledob/bookros2_ws/install/gazebo_ros2_control:/home/khaledob/bookros2_ws/install/effort_controllers:/home/khaledob/bookros2_ws/install/forward_command_controller:/home/khaledob/bookros2_ws/install/force_torque_sensor_broadcaster:/home/khaledob/bookros2_ws/install/diff_drive_controller:/home/khaledob/bookros2_ws/install/controller_manager:/home/khaledob/bookros2_ws/install/controller_interface:/home/khaledob/bookros2_ws/install/hardware_interface:/home/khaledob/bookros2_ws/install/groot:/home/khaledob/bookros2_ws/install/controller_manager_msgs:/home/khaledob/bookros2_ws/install/br2_vff_avoidance:/home/khaledob/bookros2_ws/install/br2_tracking:/home/khaledob/bookros2_ws/install/br2_tiago:/home/khaledob/bookros2_ws/install/br2_tf2_detector:/home/khaledob/bookros2_ws/install/br2_navigation:/home/khaledob/bookros2_ws/install/br2_fsm_bumpgo_cpp:/home/khaledob/bookros2_ws/install/br2_bt_patrolling:/home/khaledob/bookros2_ws/install/br2_bt_bumpgo:/home/khaledob/bookros2_ws/install/br2_basics:/home/khaledob/bookros2_ws/install/ros2controlcli:/home/khaledob/bookros2_ws/install/launch_pal:/home/khaledob/bookros2_ws/install/br2_fsm_bumpgo_py:/opt/ros/foxy LD_LIBRARY_PATH=/home/khaledob/bookros2_ws/install/br2_tracking_msgs/lib:/home/khaledob/bookros2_ws/install/velocity_controllers/lib:/home/khaledob/bookros2_ws/install/position_controllers/lib:/home/khaledob/bookros2_ws/install/joint_trajectory_controller/lib:/home/khaledob/bookros2_ws/install/joint_state_controller/lib:/home/khaledob/bookros2_ws/install/joint_state_broadcaster/lib:/home/khaledob/bookros2_ws/install/imu_sensor_broadcaster/lib:/home/khaledob/bookros2_ws/install/gripper_controllers/lib:/home/khaledob/bookros2_ws/install/gazebo_ros2_control/lib:/home/khaledob/bookros2_ws/install/effort_controllers/lib:/home/khaledob/bookros2_ws/install/forward_command_controller/lib:/home/khaledob/bookros2_ws/install/force_torque_sensor_broadcaster/lib:/home/khaledob/bookros2_ws/install/diff_drive_controller/lib:/home/khaledob/bookros2_ws/install/controller_manager/lib:/home/khaledob/bookros2_ws/install/controller_interface/lib:/home/khaledob/bookros2_ws/install/hardware_interface/lib:/home/khaledob/bookros2_ws/install/groot/lib:/home/khaledob/bookros2_ws/install/controller_manager_msgs/lib:/home/khaledob/bookros2_ws/install/br2_vff_avoidance/lib:/home/khaledob/bookros2_ws/install/br2_tracking/lib:/home/khaledob/bookros2_ws/install/br2_tf2_detector/lib:/home/khaledob/bookros2_ws/install/br2_bt_patrolling/lib:/home/khaledob/bookros2_ws/install/br2_bt_bumpgo/lib:/usr/lib/x86_64-linux-gnu/gazebo-11/plugins:/opt/ros/foxy/opt/yaml_cpp_vendor/lib:/opt/ros/foxy/opt/rviz_ogre_vendor/lib:/opt/ros/foxy/lib/x86_64-linux-gnu:/opt/ros/foxy/lib PYTHONPATH=/home/khaledob/bookros2_ws/install/br2_tracking_msgs/lib/python3.8/site-packages:/home/khaledob/bookros2_ws/install/urdf_test/lib/python3.8/site-packages:/home/khaledob/bookros2_ws/install/tiago_description/lib/python3.8/site-packages:/home/khaledob/bookros2_ws/build/ros2controlcli:/home/khaledob/bookros2_ws/install/ros2controlcli/lib/python3.8/site-packages:/home/khaledob/bookros2_ws/install/pmb2_description/lib/python3.8/site-packages:/home/khaledob/bookros2_ws/build/launch_pal:/home/khaledob/bookros2_ws/install/launch_pal/lib/python3.8/site-packages:/home/khaledob/bookros2_ws/install/controller_manager/lib/python3.8/site-packages:/home/khaledob/bookros2_ws/install/controller_manager_msgs/lib/python3.8/site-packages:/home/khaledob/bookros2_ws/build/br2_fsm_bumpgo_py:/home/khaledob/bookros2_ws/install/br2_fsm_bumpgo_py/lib/python3.8/site-packages:/opt/ros/foxy/lib/python3.8/site-packages /usr/bin/cmake --build /home/khaledob/bookros2_ws/build/br2_tracking -- -j7 -l7
[9.086s] DEBUG:colcon.colcon_core.event_handler.log_command:Invoking command in '/home/khaledob/bookros2_ws/build/br2_tracking': CMAKE_PREFIX_PATH=/home/khaledob/bookros2_ws/install/br2_tracking_msgs:/home/khaledob/bookros2_ws/install/task2b:/home/khaledob/bookros2_ws/install/task2a:/home/khaledob/bookros2_ws/install/gazebo_ros2_control_demos:/home/khaledob/bookros2_ws/install/ros2_controllers:/home/khaledob/bookros2_ws/install/velocity_controllers:/home/khaledob/bookros2_ws/install/urdf_test:/home/khaledob/bookros2_ws/install/tiago_simulation:/home/khaledob/bookros2_ws/install/tiago_robot:/home/khaledob/bookros2_ws/install/tiago_2dnav_gazebo:/home/khaledob/bookros2_ws/install/tiago_gazebo:/home/khaledob/bookros2_ws/install/tiago_bringup:/home/khaledob/bookros2_ws/install/pmb2_robot:/home/khaledob/bookros2_ws/install/pmb2_bringup:/home/khaledob/bookros2_ws/install/twist_mux:/home/khaledob/bookros2_ws/install/transmission_interface:/home/khaledob/bookros2_ws/install/tiago_description:/home/khaledob/bookros2_ws/install/tiago_description_calibration:/home/khaledob/bookros2_ws/install/tiago_controller_configuration:/home/khaledob/bookros2_ws/install/task1:/home/khaledob/bookros2_ws/install/ros2_control:/home/khaledob/bookros2_ws/install/ros2_control_test_assets:/home/khaledob/bookros2_ws/install/pal_gripper:/home/khaledob/bookros2_ws/install/pal_gripper_controller_configuration:/home/khaledob/bookros2_ws/install/position_controllers:/home/khaledob/bookros2_ws/install/pmb2_navigation:/home/khaledob/bookros2_ws/install/pmb2_2dnav:/home/khaledob/bookros2_ws/install/pmb2_maps:/home/khaledob/bookros2_ws/install/pmb2_description:/home/khaledob/bookros2_ws/install/pmb2_controller_configuration:/home/khaledob/bookros2_ws/install/pal_gripper_description:/home/khaledob/bookros2_ws/install/pal_gazebo_worlds:/home/khaledob/bookros2_ws/install/joint_trajectory_controller:/home/khaledob/bookros2_ws/install/joint_state_controller:/home/khaledob/bookros2_ws/install/joint_state_broadcaster:/home/khaledob/bookros2_ws/install/imu_sensor_broadcaster:/home/khaledob/bookros2_ws/install/hey5_description:/home/khaledob/bookros2_ws/install/gripper_controllers:/home/khaledob/bookros2_ws/install/gazebo_ros2_control:/home/khaledob/bookros2_ws/install/effort_controllers:/home/khaledob/bookros2_ws/install/forward_command_controller:/home/khaledob/bookros2_ws/install/force_torque_sensor_broadcaster:/home/khaledob/bookros2_ws/install/diff_drive_controller:/home/khaledob/bookros2_ws/install/controller_manager:/home/khaledob/bookros2_ws/install/controller_interface:/home/khaledob/bookros2_ws/install/hardware_interface:/home/khaledob/bookros2_ws/install/groot:/home/khaledob/bookros2_ws/install/controller_manager_msgs:/home/khaledob/bookros2_ws/install/br2_vff_avoidance:/home/khaledob/bookros2_ws/install/br2_tracking:/home/khaledob/bookros2_ws/install/br2_tiago:/home/khaledob/bookros2_ws/install/br2_tf2_detector:/home/khaledob/bookros2_ws/install/br2_navigation:/home/khaledob/bookros2_ws/install/br2_fsm_bumpgo_cpp:/home/khaledob/bookros2_ws/install/br2_bt_patrolling:/home/khaledob/bookros2_ws/install/br2_bt_bumpgo:/home/khaledob/bookros2_ws/install/br2_basics:/home/khaledob/bookros2_ws/install/ros2controlcli:/home/khaledob/bookros2_ws/install/launch_pal:/home/khaledob/bookros2_ws/install/br2_fsm_bumpgo_py:/opt/ros/foxy LD_LIBRARY_PATH=/home/khaledob/bookros2_ws/install/br2_tracking_msgs/lib:/home/khaledob/bookros2_ws/install/velocity_controllers/lib:/home/khaledob/bookros2_ws/install/position_controllers/lib:/home/khaledob/bookros2_ws/install/joint_trajectory_controller/lib:/home/khaledob/bookros2_ws/install/joint_state_controller/lib:/home/khaledob/bookros2_ws/install/joint_state_broadcaster/lib:/home/khaledob/bookros2_ws/install/imu_sensor_broadcaster/lib:/home/khaledob/bookros2_ws/install/gripper_controllers/lib:/home/khaledob/bookros2_ws/install/gazebo_ros2_control/lib:/home/khaledob/bookros2_ws/install/effort_controllers/lib:/home/khaledob/bookros2_ws/install/forward_command_controller/lib:/home/khaledob/bookros2_ws/install/force_torque_sensor_broadcaster/lib:/home/khaledob/bookros2_ws/install/diff_drive_controller/lib:/home/khaledob/bookros2_ws/install/controller_manager/lib:/home/khaledob/bookros2_ws/install/controller_interface/lib:/home/khaledob/bookros2_ws/install/hardware_interface/lib:/home/khaledob/bookros2_ws/install/groot/lib:/home/khaledob/bookros2_ws/install/controller_manager_msgs/lib:/home/khaledob/bookros2_ws/install/br2_vff_avoidance/lib:/home/khaledob/bookros2_ws/install/br2_tracking/lib:/home/khaledob/bookros2_ws/install/br2_tf2_detector/lib:/home/khaledob/bookros2_ws/install/br2_bt_patrolling/lib:/home/khaledob/bookros2_ws/install/br2_bt_bumpgo/lib:/usr/lib/x86_64-linux-gnu/gazebo-11/plugins:/opt/ros/foxy/opt/yaml_cpp_vendor/lib:/opt/ros/foxy/opt/rviz_ogre_vendor/lib:/opt/ros/foxy/lib/x86_64-linux-gnu:/opt/ros/foxy/lib PYTHONPATH=/home/khaledob/bookros2_ws/install/br2_tracking_msgs/lib/python3.8/site-packages:/home/khaledob/bookros2_ws/install/urdf_test/lib/python3.8/site-packages:/home/khaledob/bookros2_ws/install/tiago_description/lib/python3.8/site-packages:/home/khaledob/bookros2_ws/build/ros2controlcli:/home/khaledob/bookros2_ws/install/ros2controlcli/lib/python3.8/site-packages:/home/khaledob/bookros2_ws/install/pmb2_description/lib/python3.8/site-packages:/home/khaledob/bookros2_ws/build/launch_pal:/home/khaledob/bookros2_ws/install/launch_pal/lib/python3.8/site-packages:/home/khaledob/bookros2_ws/install/controller_manager/lib/python3.8/site-packages:/home/khaledob/bookros2_ws/install/controller_manager_msgs/lib/python3.8/site-packages:/home/khaledob/bookros2_ws/build/br2_fsm_bumpgo_py:/home/khaledob/bookros2_ws/install/br2_fsm_bumpgo_py/lib/python3.8/site-packages:/opt/ros/foxy/lib/python3.8/site-packages /usr/bin/cmake --install /home/khaledob/bookros2_ws/build/br2_tracking
[9.088s] DEBUG:colcon.colcon_core.event_handler.log_command:Invoked command in '/home/khaledob/bookros2_ws/build/joint_state_broadcaster' returned '0': CMAKE_PREFIX_PATH=/home/khaledob/bookros2_ws/install/controller_manager:/home/khaledob/bookros2_ws/install/controller_interface:/home/khaledob/bookros2_ws/install/hardware_interface:/home/khaledob/bookros2_ws/install/ros2_control_test_assets:/home/khaledob/bookros2_ws/install/controller_manager_msgs:/home/khaledob/bookros2_ws/install/task2b:/home/khaledob/bookros2_ws/install/task2a:/home/khaledob/bookros2_ws/install/gazebo_ros2_control_demos:/home/khaledob/bookros2_ws/install/ros2_controllers:/home/khaledob/bookros2_ws/install/velocity_controllers:/home/khaledob/bookros2_ws/install/urdf_test:/home/khaledob/bookros2_ws/install/tiago_simulation:/home/khaledob/bookros2_ws/install/tiago_robot:/home/khaledob/bookros2_ws/install/tiago_2dnav_gazebo:/home/khaledob/bookros2_ws/install/tiago_gazebo:/home/khaledob/bookros2_ws/install/tiago_bringup:/home/khaledob/bookros2_ws/install/pmb2_robot:/home/khaledob/bookros2_ws/install/pmb2_bringup:/home/khaledob/bookros2_ws/install/twist_mux:/home/khaledob/bookros2_ws/install/transmission_interface:/home/khaledob/bookros2_ws/install/tiago_description:/home/khaledob/bookros2_ws/install/tiago_description_calibration:/home/khaledob/bookros2_ws/install/tiago_controller_configuration:/home/khaledob/bookros2_ws/install/task1:/home/khaledob/bookros2_ws/install/ros2_control:/home/khaledob/bookros2_ws/install/pal_gripper:/home/khaledob/bookros2_ws/install/pal_gripper_controller_configuration:/home/khaledob/bookros2_ws/install/position_controllers:/home/khaledob/bookros2_ws/install/pmb2_navigation:/home/khaledob/bookros2_ws/install/pmb2_2dnav:/home/khaledob/bookros2_ws/install/pmb2_maps:/home/khaledob/bookros2_ws/install/pmb2_description:/home/khaledob/bookros2_ws/install/pmb2_controller_configuration:/home/khaledob/bookros2_ws/install/pal_gripper_description:/home/khaledob/bookros2_ws/install/pal_gazebo_worlds:/home/khaledob/bookros2_ws/install/joint_trajectory_controller:/home/khaledob/bookros2_ws/install/joint_state_controller:/home/khaledob/bookros2_ws/install/joint_state_broadcaster:/home/khaledob/bookros2_ws/install/imu_sensor_broadcaster:/home/khaledob/bookros2_ws/install/hey5_description:/home/khaledob/bookros2_ws/install/gripper_controllers:/home/khaledob/bookros2_ws/install/gazebo_ros2_control:/home/khaledob/bookros2_ws/install/effort_controllers:/home/khaledob/bookros2_ws/install/forward_command_controller:/home/khaledob/bookros2_ws/install/force_torque_sensor_broadcaster:/home/khaledob/bookros2_ws/install/diff_drive_controller:/home/khaledob/bookros2_ws/install/groot:/home/khaledob/bookros2_ws/install/br2_vff_avoidance:/home/khaledob/bookros2_ws/install/br2_tracking:/home/khaledob/bookros2_ws/install/br2_tracking_msgs:/home/khaledob/bookros2_ws/install/br2_tiago:/home/khaledob/bookros2_ws/install/br2_tf2_detector:/home/khaledob/bookros2_ws/install/br2_navigation:/home/khaledob/bookros2_ws/install/br2_fsm_bumpgo_cpp:/home/khaledob/bookros2_ws/install/br2_bt_patrolling:/home/khaledob/bookros2_ws/install/br2_bt_bumpgo:/home/khaledob/bookros2_ws/install/br2_basics:/home/khaledob/bookros2_ws/install/ros2controlcli:/home/khaledob/bookros2_ws/install/launch_pal:/home/khaledob/bookros2_ws/install/br2_fsm_bumpgo_py:/opt/ros/foxy LD_LIBRARY_PATH=/home/khaledob/bookros2_ws/install/controller_manager/lib:/home/khaledob/bookros2_ws/install/controller_interface/lib:/home/khaledob/bookros2_ws/install/hardware_interface/lib:/home/khaledob/bookros2_ws/install/controller_manager_msgs/lib:/home/khaledob/bookros2_ws/install/velocity_controllers/lib:/home/khaledob/bookros2_ws/install/position_controllers/lib:/home/khaledob/bookros2_ws/install/joint_trajectory_controller/lib:/home/khaledob/bookros2_ws/install/joint_state_controller/lib:/home/khaledob/bookros2_ws/install/joint_state_broadcaster/lib:/home/khaledob/bookros2_ws/install/imu_sensor_broadcaster/lib:/home/khaledob/bookros2_ws/install/gripper_controllers/lib:/home/khaledob/bookros2_ws/install/gazebo_ros2_control/lib:/home/khaledob/bookros2_ws/install/effort_controllers/lib:/home/khaledob/bookros2_ws/install/forward_command_controller/lib:/home/khaledob/bookros2_ws/install/force_torque_sensor_broadcaster/lib:/home/khaledob/bookros2_ws/install/diff_drive_controller/lib:/home/khaledob/bookros2_ws/install/groot/lib:/home/khaledob/bookros2_ws/install/br2_vff_avoidance/lib:/home/khaledob/bookros2_ws/install/br2_tracking/lib:/home/khaledob/bookros2_ws/install/br2_tracking_msgs/lib:/home/khaledob/bookros2_ws/install/br2_tf2_detector/lib:/home/khaledob/bookros2_ws/install/br2_bt_patrolling/lib:/home/khaledob/bookros2_ws/install/br2_bt_bumpgo/lib:/usr/lib/x86_64-linux-gnu/gazebo-11/plugins:/opt/ros/foxy/opt/yaml_cpp_vendor/lib:/opt/ros/foxy/opt/rviz_ogre_vendor/lib:/opt/ros/foxy/lib/x86_64-linux-gnu:/opt/ros/foxy/lib PYTHONPATH=/home/khaledob/bookros2_ws/install/controller_manager/lib/python3.8/site-packages:/home/khaledob/bookros2_ws/install/controller_manager_msgs/lib/python3.8/site-packages:/home/khaledob/bookros2_ws/install/urdf_test/lib/python3.8/site-packages:/home/khaledob/bookros2_ws/install/tiago_description/lib/python3.8/site-packages:/home/khaledob/bookros2_ws/build/ros2controlcli:/home/khaledob/bookros2_ws/install/ros2controlcli/lib/python3.8/site-packages:/home/khaledob/bookros2_ws/install/pmb2_description/lib/python3.8/site-packages:/home/khaledob/bookros2_ws/build/launch_pal:/home/khaledob/bookros2_ws/install/launch_pal/lib/python3.8/site-packages:/home/khaledob/bookros2_ws/install/br2_tracking_msgs/lib/python3.8/site-packages:/home/khaledob/bookros2_ws/build/br2_fsm_bumpgo_py:/home/khaledob/bookros2_ws/install/br2_fsm_bumpgo_py/lib/python3.8/site-packages:/opt/ros/foxy/lib/python3.8/site-packages /usr/bin/cmake --build /home/khaledob/bookros2_ws/build/joint_state_broadcaster -- -j7 -l7
[9.102s] DEBUG:colcon.colcon_core.event_handler.log_command:Invoking command in '/home/khaledob/bookros2_ws/build/joint_state_broadcaster': CMAKE_PREFIX_PATH=/home/khaledob/bookros2_ws/install/controller_manager:/home/khaledob/bookros2_ws/install/controller_interface:/home/khaledob/bookros2_ws/install/hardware_interface:/home/khaledob/bookros2_ws/install/ros2_control_test_assets:/home/khaledob/bookros2_ws/install/controller_manager_msgs:/home/khaledob/bookros2_ws/install/task2b:/home/khaledob/bookros2_ws/install/task2a:/home/khaledob/bookros2_ws/install/gazebo_ros2_control_demos:/home/khaledob/bookros2_ws/install/ros2_controllers:/home/khaledob/bookros2_ws/install/velocity_controllers:/home/khaledob/bookros2_ws/install/urdf_test:/home/khaledob/bookros2_ws/install/tiago_simulation:/home/khaledob/bookros2_ws/install/tiago_robot:/home/khaledob/bookros2_ws/install/tiago_2dnav_gazebo:/home/khaledob/bookros2_ws/install/tiago_gazebo:/home/khaledob/bookros2_ws/install/tiago_bringup:/home/khaledob/bookros2_ws/install/pmb2_robot:/home/khaledob/bookros2_ws/install/pmb2_bringup:/home/khaledob/bookros2_ws/install/twist_mux:/home/khaledob/bookros2_ws/install/transmission_interface:/home/khaledob/bookros2_ws/install/tiago_description:/home/khaledob/bookros2_ws/install/tiago_description_calibration:/home/khaledob/bookros2_ws/install/tiago_controller_configuration:/home/khaledob/bookros2_ws/install/task1:/home/khaledob/bookros2_ws/install/ros2_control:/home/khaledob/bookros2_ws/install/pal_gripper:/home/khaledob/bookros2_ws/install/pal_gripper_controller_configuration:/home/khaledob/bookros2_ws/install/position_controllers:/home/khaledob/bookros2_ws/install/pmb2_navigation:/home/khaledob/bookros2_ws/install/pmb2_2dnav:/home/khaledob/bookros2_ws/install/pmb2_maps:/home/khaledob/bookros2_ws/install/pmb2_description:/home/khaledob/bookros2_ws/install/pmb2_controller_configuration:/home/khaledob/bookros2_ws/install/pal_gripper_description:/home/khaledob/bookros2_ws/install/pal_gazebo_worlds:/home/khaledob/bookros2_ws/install/joint_trajectory_controller:/home/khaledob/bookros2_ws/install/joint_state_controller:/home/khaledob/bookros2_ws/install/joint_state_broadcaster:/home/khaledob/bookros2_ws/install/imu_sensor_broadcaster:/home/khaledob/bookros2_ws/install/hey5_description:/home/khaledob/bookros2_ws/install/gripper_controllers:/home/khaledob/bookros2_ws/install/gazebo_ros2_control:/home/khaledob/bookros2_ws/install/effort_controllers:/home/khaledob/bookros2_ws/install/forward_command_controller:/home/khaledob/bookros2_ws/install/force_torque_sensor_broadcaster:/home/khaledob/bookros2_ws/install/diff_drive_controller:/home/khaledob/bookros2_ws/install/groot:/home/khaledob/bookros2_ws/install/br2_vff_avoidance:/home/khaledob/bookros2_ws/install/br2_tracking:/home/khaledob/bookros2_ws/install/br2_tracking_msgs:/home/khaledob/bookros2_ws/install/br2_tiago:/home/khaledob/bookros2_ws/install/br2_tf2_detector:/home/khaledob/bookros2_ws/install/br2_navigation:/home/khaledob/bookros2_ws/install/br2_fsm_bumpgo_cpp:/home/khaledob/bookros2_ws/install/br2_bt_patrolling:/home/khaledob/bookros2_ws/install/br2_bt_bumpgo:/home/khaledob/bookros2_ws/install/br2_basics:/home/khaledob/bookros2_ws/install/ros2controlcli:/home/khaledob/bookros2_ws/install/launch_pal:/home/khaledob/bookros2_ws/install/br2_fsm_bumpgo_py:/opt/ros/foxy LD_LIBRARY_PATH=/home/khaledob/bookros2_ws/install/controller_manager/lib:/home/khaledob/bookros2_ws/install/controller_interface/lib:/home/khaledob/bookros2_ws/install/hardware_interface/lib:/home/khaledob/bookros2_ws/install/controller_manager_msgs/lib:/home/khaledob/bookros2_ws/install/velocity_controllers/lib:/home/khaledob/bookros2_ws/install/position_controllers/lib:/home/khaledob/bookros2_ws/install/joint_trajectory_controller/lib:/home/khaledob/bookros2_ws/install/joint_state_controller/lib:/home/khaledob/bookros2_ws/install/joint_state_broadcaster/lib:/home/khaledob/bookros2_ws/install/imu_sensor_broadcaster/lib:/home/khaledob/bookros2_ws/install/gripper_controllers/lib:/home/khaledob/bookros2_ws/install/gazebo_ros2_control/lib:/home/khaledob/bookros2_ws/install/effort_controllers/lib:/home/khaledob/bookros2_ws/install/forward_command_controller/lib:/home/khaledob/bookros2_ws/install/force_torque_sensor_broadcaster/lib:/home/khaledob/bookros2_ws/install/diff_drive_controller/lib:/home/khaledob/bookros2_ws/install/groot/lib:/home/khaledob/bookros2_ws/install/br2_vff_avoidance/lib:/home/khaledob/bookros2_ws/install/br2_tracking/lib:/home/khaledob/bookros2_ws/install/br2_tracking_msgs/lib:/home/khaledob/bookros2_ws/install/br2_tf2_detector/lib:/home/khaledob/bookros2_ws/install/br2_bt_patrolling/lib:/home/khaledob/bookros2_ws/install/br2_bt_bumpgo/lib:/usr/lib/x86_64-linux-gnu/gazebo-11/plugins:/opt/ros/foxy/opt/yaml_cpp_vendor/lib:/opt/ros/foxy/opt/rviz_ogre_vendor/lib:/opt/ros/foxy/lib/x86_64-linux-gnu:/opt/ros/foxy/lib PYTHONPATH=/home/khaledob/bookros2_ws/install/controller_manager/lib/python3.8/site-packages:/home/khaledob/bookros2_ws/install/controller_manager_msgs/lib/python3.8/site-packages:/home/khaledob/bookros2_ws/install/urdf_test/lib/python3.8/site-packages:/home/khaledob/bookros2_ws/install/tiago_description/lib/python3.8/site-packages:/home/khaledob/bookros2_ws/build/ros2controlcli:/home/khaledob/bookros2_ws/install/ros2controlcli/lib/python3.8/site-packages:/home/khaledob/bookros2_ws/install/pmb2_description/lib/python3.8/site-packages:/home/khaledob/bookros2_ws/build/launch_pal:/home/khaledob/bookros2_ws/install/launch_pal/lib/python3.8/site-packages:/home/khaledob/bookros2_ws/install/br2_tracking_msgs/lib/python3.8/site-packages:/home/khaledob/bookros2_ws/build/br2_fsm_bumpgo_py:/home/khaledob/bookros2_ws/install/br2_fsm_bumpgo_py/lib/python3.8/site-packages:/opt/ros/foxy/lib/python3.8/site-packages /usr/bin/cmake --install /home/khaledob/bookros2_ws/build/joint_state_broadcaster
[9.132s] DEBUG:colcon.colcon_core.event_handler.log_command:Invoked command in '/home/khaledob/bookros2_ws/build/forward_command_controller' returned '0': CMAKE_PREFIX_PATH=/home/khaledob/bookros2_ws/install/controller_manager:/home/khaledob/bookros2_ws/install/controller_interface:/home/khaledob/bookros2_ws/install/hardware_interface:/home/khaledob/bookros2_ws/install/ros2_control_test_assets:/home/khaledob/bookros2_ws/install/controller_manager_msgs:/home/khaledob/bookros2_ws/install/task2b:/home/khaledob/bookros2_ws/install/task2a:/home/khaledob/bookros2_ws/install/gazebo_ros2_control_demos:/home/khaledob/bookros2_ws/install/ros2_controllers:/home/khaledob/bookros2_ws/install/velocity_controllers:/home/khaledob/bookros2_ws/install/urdf_test:/home/khaledob/bookros2_ws/install/tiago_simulation:/home/khaledob/bookros2_ws/install/tiago_robot:/home/khaledob/bookros2_ws/install/tiago_2dnav_gazebo:/home/khaledob/bookros2_ws/install/tiago_gazebo:/home/khaledob/bookros2_ws/install/tiago_bringup:/home/khaledob/bookros2_ws/install/pmb2_robot:/home/khaledob/bookros2_ws/install/pmb2_bringup:/home/khaledob/bookros2_ws/install/twist_mux:/home/khaledob/bookros2_ws/install/transmission_interface:/home/khaledob/bookros2_ws/install/tiago_description:/home/khaledob/bookros2_ws/install/tiago_description_calibration:/home/khaledob/bookros2_ws/install/tiago_controller_configuration:/home/khaledob/bookros2_ws/install/task1:/home/khaledob/bookros2_ws/install/ros2_control:/home/khaledob/bookros2_ws/install/pal_gripper:/home/khaledob/bookros2_ws/install/pal_gripper_controller_configuration:/home/khaledob/bookros2_ws/install/position_controllers:/home/khaledob/bookros2_ws/install/pmb2_navigation:/home/khaledob/bookros2_ws/install/pmb2_2dnav:/home/khaledob/bookros2_ws/install/pmb2_maps:/home/khaledob/bookros2_ws/install/pmb2_description:/home/khaledob/bookros2_ws/install/pmb2_controller_configuration:/home/khaledob/bookros2_ws/install/pal_gripper_description:/home/khaledob/bookros2_ws/install/pal_gazebo_worlds:/home/khaledob/bookros2_ws/install/joint_trajectory_controller:/home/khaledob/bookros2_ws/install/joint_state_controller:/home/khaledob/bookros2_ws/install/joint_state_broadcaster:/home/khaledob/bookros2_ws/install/imu_sensor_broadcaster:/home/khaledob/bookros2_ws/install/hey5_description:/home/khaledob/bookros2_ws/install/gripper_controllers:/home/khaledob/bookros2_ws/install/gazebo_ros2_control:/home/khaledob/bookros2_ws/install/effort_controllers:/home/khaledob/bookros2_ws/install/forward_command_controller:/home/khaledob/bookros2_ws/install/force_torque_sensor_broadcaster:/home/khaledob/bookros2_ws/install/diff_drive_controller:/home/khaledob/bookros2_ws/install/groot:/home/khaledob/bookros2_ws/install/br2_vff_avoidance:/home/khaledob/bookros2_ws/install/br2_tracking:/home/khaledob/bookros2_ws/install/br2_tracking_msgs:/home/khaledob/bookros2_ws/install/br2_tiago:/home/khaledob/bookros2_ws/install/br2_tf2_detector:/home/khaledob/bookros2_ws/install/br2_navigation:/home/khaledob/bookros2_ws/install/br2_fsm_bumpgo_cpp:/home/khaledob/bookros2_ws/install/br2_bt_patrolling:/home/khaledob/bookros2_ws/install/br2_bt_bumpgo:/home/khaledob/bookros2_ws/install/br2_basics:/home/khaledob/bookros2_ws/install/ros2controlcli:/home/khaledob/bookros2_ws/install/launch_pal:/home/khaledob/bookros2_ws/install/br2_fsm_bumpgo_py:/opt/ros/foxy LD_LIBRARY_PATH=/home/khaledob/bookros2_ws/install/controller_manager/lib:/home/khaledob/bookros2_ws/install/controller_interface/lib:/home/khaledob/bookros2_ws/install/hardware_interface/lib:/home/khaledob/bookros2_ws/install/controller_manager_msgs/lib:/home/khaledob/bookros2_ws/install/velocity_controllers/lib:/home/khaledob/bookros2_ws/install/position_controllers/lib:/home/khaledob/bookros2_ws/install/joint_trajectory_controller/lib:/home/khaledob/bookros2_ws/install/joint_state_controller/lib:/home/khaledob/bookros2_ws/install/joint_state_broadcaster/lib:/home/khaledob/bookros2_ws/install/imu_sensor_broadcaster/lib:/home/khaledob/bookros2_ws/install/gripper_controllers/lib:/home/khaledob/bookros2_ws/install/gazebo_ros2_control/lib:/home/khaledob/bookros2_ws/install/effort_controllers/lib:/home/khaledob/bookros2_ws/install/forward_command_controller/lib:/home/khaledob/bookros2_ws/install/force_torque_sensor_broadcaster/lib:/home/khaledob/bookros2_ws/install/diff_drive_controller/lib:/home/khaledob/bookros2_ws/install/groot/lib:/home/khaledob/bookros2_ws/install/br2_vff_avoidance/lib:/home/khaledob/bookros2_ws/install/br2_tracking/lib:/home/khaledob/bookros2_ws/install/br2_tracking_msgs/lib:/home/khaledob/bookros2_ws/install/br2_tf2_detector/lib:/home/khaledob/bookros2_ws/install/br2_bt_patrolling/lib:/home/khaledob/bookros2_ws/install/br2_bt_bumpgo/lib:/usr/lib/x86_64-linux-gnu/gazebo-11/plugins:/opt/ros/foxy/opt/yaml_cpp_vendor/lib:/opt/ros/foxy/opt/rviz_ogre_vendor/lib:/opt/ros/foxy/lib/x86_64-linux-gnu:/opt/ros/foxy/lib PYTHONPATH=/home/khaledob/bookros2_ws/install/controller_manager/lib/python3.8/site-packages:/home/khaledob/bookros2_ws/install/controller_manager_msgs/lib/python3.8/site-packages:/home/khaledob/bookros2_ws/install/urdf_test/lib/python3.8/site-packages:/home/khaledob/bookros2_ws/install/tiago_description/lib/python3.8/site-packages:/home/khaledob/bookros2_ws/build/ros2controlcli:/home/khaledob/bookros2_ws/install/ros2controlcli/lib/python3.8/site-packages:/home/khaledob/bookros2_ws/install/pmb2_description/lib/python3.8/site-packages:/home/khaledob/bookros2_ws/build/launch_pal:/home/khaledob/bookros2_ws/install/launch_pal/lib/python3.8/site-packages:/home/khaledob/bookros2_ws/install/br2_tracking_msgs/lib/python3.8/site-packages:/home/khaledob/bookros2_ws/build/br2_fsm_bumpgo_py:/home/khaledob/bookros2_ws/install/br2_fsm_bumpgo_py/lib/python3.8/site-packages:/opt/ros/foxy/lib/python3.8/site-packages /usr/bin/cmake --build /home/khaledob/bookros2_ws/build/forward_command_controller -- -j7 -l7
[9.136s] DEBUG:colcon.colcon_core.event_handler.log_command:Invoking command in '/home/khaledob/bookros2_ws/build/forward_command_controller': CMAKE_PREFIX_PATH=/home/khaledob/bookros2_ws/install/controller_manager:/home/khaledob/bookros2_ws/install/controller_interface:/home/khaledob/bookros2_ws/install/hardware_interface:/home/khaledob/bookros2_ws/install/ros2_control_test_assets:/home/khaledob/bookros2_ws/install/controller_manager_msgs:/home/khaledob/bookros2_ws/install/task2b:/home/khaledob/bookros2_ws/install/task2a:/home/khaledob/bookros2_ws/install/gazebo_ros2_control_demos:/home/khaledob/bookros2_ws/install/ros2_controllers:/home/khaledob/bookros2_ws/install/velocity_controllers:/home/khaledob/bookros2_ws/install/urdf_test:/home/khaledob/bookros2_ws/install/tiago_simulation:/home/khaledob/bookros2_ws/install/tiago_robot:/home/khaledob/bookros2_ws/install/tiago_2dnav_gazebo:/home/khaledob/bookros2_ws/install/tiago_gazebo:/home/khaledob/bookros2_ws/install/tiago_bringup:/home/khaledob/bookros2_ws/install/pmb2_robot:/home/khaledob/bookros2_ws/install/pmb2_bringup:/home/khaledob/bookros2_ws/install/twist_mux:/home/khaledob/bookros2_ws/install/transmission_interface:/home/khaledob/bookros2_ws/install/tiago_description:/home/khaledob/bookros2_ws/install/tiago_description_calibration:/home/khaledob/bookros2_ws/install/tiago_controller_configuration:/home/khaledob/bookros2_ws/install/task1:/home/khaledob/bookros2_ws/install/ros2_control:/home/khaledob/bookros2_ws/install/pal_gripper:/home/khaledob/bookros2_ws/install/pal_gripper_controller_configuration:/home/khaledob/bookros2_ws/install/position_controllers:/home/khaledob/bookros2_ws/install/pmb2_navigation:/home/khaledob/bookros2_ws/install/pmb2_2dnav:/home/khaledob/bookros2_ws/install/pmb2_maps:/home/khaledob/bookros2_ws/install/pmb2_description:/home/khaledob/bookros2_ws/install/pmb2_controller_configuration:/home/khaledob/bookros2_ws/install/pal_gripper_description:/home/khaledob/bookros2_ws/install/pal_gazebo_worlds:/home/khaledob/bookros2_ws/install/joint_trajectory_controller:/home/khaledob/bookros2_ws/install/joint_state_controller:/home/khaledob/bookros2_ws/install/joint_state_broadcaster:/home/khaledob/bookros2_ws/install/imu_sensor_broadcaster:/home/khaledob/bookros2_ws/install/hey5_description:/home/khaledob/bookros2_ws/install/gripper_controllers:/home/khaledob/bookros2_ws/install/gazebo_ros2_control:/home/khaledob/bookros2_ws/install/effort_controllers:/home/khaledob/bookros2_ws/install/forward_command_controller:/home/khaledob/bookros2_ws/install/force_torque_sensor_broadcaster:/home/khaledob/bookros2_ws/install/diff_drive_controller:/home/khaledob/bookros2_ws/install/groot:/home/khaledob/bookros2_ws/install/br2_vff_avoidance:/home/khaledob/bookros2_ws/install/br2_tracking:/home/khaledob/bookros2_ws/install/br2_tracking_msgs:/home/khaledob/bookros2_ws/install/br2_tiago:/home/khaledob/bookros2_ws/install/br2_tf2_detector:/home/khaledob/bookros2_ws/install/br2_navigation:/home/khaledob/bookros2_ws/install/br2_fsm_bumpgo_cpp:/home/khaledob/bookros2_ws/install/br2_bt_patrolling:/home/khaledob/bookros2_ws/install/br2_bt_bumpgo:/home/khaledob/bookros2_ws/install/br2_basics:/home/khaledob/bookros2_ws/install/ros2controlcli:/home/khaledob/bookros2_ws/install/launch_pal:/home/khaledob/bookros2_ws/install/br2_fsm_bumpgo_py:/opt/ros/foxy LD_LIBRARY_PATH=/home/khaledob/bookros2_ws/install/controller_manager/lib:/home/khaledob/bookros2_ws/install/controller_interface/lib:/home/khaledob/bookros2_ws/install/hardware_interface/lib:/home/khaledob/bookros2_ws/install/controller_manager_msgs/lib:/home/khaledob/bookros2_ws/install/velocity_controllers/lib:/home/khaledob/bookros2_ws/install/position_controllers/lib:/home/khaledob/bookros2_ws/install/joint_trajectory_controller/lib:/home/khaledob/bookros2_ws/install/joint_state_controller/lib:/home/khaledob/bookros2_ws/install/joint_state_broadcaster/lib:/home/khaledob/bookros2_ws/install/imu_sensor_broadcaster/lib:/home/khaledob/bookros2_ws/install/gripper_controllers/lib:/home/khaledob/bookros2_ws/install/gazebo_ros2_control/lib:/home/khaledob/bookros2_ws/install/effort_controllers/lib:/home/khaledob/bookros2_ws/install/forward_command_controller/lib:/home/khaledob/bookros2_ws/install/force_torque_sensor_broadcaster/lib:/home/khaledob/bookros2_ws/install/diff_drive_controller/lib:/home/khaledob/bookros2_ws/install/groot/lib:/home/khaledob/bookros2_ws/install/br2_vff_avoidance/lib:/home/khaledob/bookros2_ws/install/br2_tracking/lib:/home/khaledob/bookros2_ws/install/br2_tracking_msgs/lib:/home/khaledob/bookros2_ws/install/br2_tf2_detector/lib:/home/khaledob/bookros2_ws/install/br2_bt_patrolling/lib:/home/khaledob/bookros2_ws/install/br2_bt_bumpgo/lib:/usr/lib/x86_64-linux-gnu/gazebo-11/plugins:/opt/ros/foxy/opt/yaml_cpp_vendor/lib:/opt/ros/foxy/opt/rviz_ogre_vendor/lib:/opt/ros/foxy/lib/x86_64-linux-gnu:/opt/ros/foxy/lib PYTHONPATH=/home/khaledob/bookros2_ws/install/controller_manager/lib/python3.8/site-packages:/home/khaledob/bookros2_ws/install/controller_manager_msgs/lib/python3.8/site-packages:/home/khaledob/bookros2_ws/install/urdf_test/lib/python3.8/site-packages:/home/khaledob/bookros2_ws/install/tiago_description/lib/python3.8/site-packages:/home/khaledob/bookros2_ws/build/ros2controlcli:/home/khaledob/bookros2_ws/install/ros2controlcli/lib/python3.8/site-packages:/home/khaledob/bookros2_ws/install/pmb2_description/lib/python3.8/site-packages:/home/khaledob/bookros2_ws/build/launch_pal:/home/khaledob/bookros2_ws/install/launch_pal/lib/python3.8/site-packages:/home/khaledob/bookros2_ws/install/br2_tracking_msgs/lib/python3.8/site-packages:/home/khaledob/bookros2_ws/build/br2_fsm_bumpgo_py:/home/khaledob/bookros2_ws/install/br2_fsm_bumpgo_py/lib/python3.8/site-packages:/opt/ros/foxy/lib/python3.8/site-packages /usr/bin/cmake --install /home/khaledob/bookros2_ws/build/forward_command_controller
[9.153s] DEBUG:colcon.colcon_core.event_handler.log_command:Invoked command in '/home/khaledob/bookros2_ws/build/diff_drive_controller' returned '0': CMAKE_PREFIX_PATH=/home/khaledob/bookros2_ws/install/controller_manager:/home/khaledob/bookros2_ws/install/controller_interface:/home/khaledob/bookros2_ws/install/hardware_interface:/home/khaledob/bookros2_ws/install/ros2_control_test_assets:/home/khaledob/bookros2_ws/install/controller_manager_msgs:/home/khaledob/bookros2_ws/install/task2b:/home/khaledob/bookros2_ws/install/task2a:/home/khaledob/bookros2_ws/install/gazebo_ros2_control_demos:/home/khaledob/bookros2_ws/install/ros2_controllers:/home/khaledob/bookros2_ws/install/velocity_controllers:/home/khaledob/bookros2_ws/install/urdf_test:/home/khaledob/bookros2_ws/install/tiago_simulation:/home/khaledob/bookros2_ws/install/tiago_robot:/home/khaledob/bookros2_ws/install/tiago_2dnav_gazebo:/home/khaledob/bookros2_ws/install/tiago_gazebo:/home/khaledob/bookros2_ws/install/tiago_bringup:/home/khaledob/bookros2_ws/install/pmb2_robot:/home/khaledob/bookros2_ws/install/pmb2_bringup:/home/khaledob/bookros2_ws/install/twist_mux:/home/khaledob/bookros2_ws/install/transmission_interface:/home/khaledob/bookros2_ws/install/tiago_description:/home/khaledob/bookros2_ws/install/tiago_description_calibration:/home/khaledob/bookros2_ws/install/tiago_controller_configuration:/home/khaledob/bookros2_ws/install/task1:/home/khaledob/bookros2_ws/install/ros2_control:/home/khaledob/bookros2_ws/install/pal_gripper:/home/khaledob/bookros2_ws/install/pal_gripper_controller_configuration:/home/khaledob/bookros2_ws/install/position_controllers:/home/khaledob/bookros2_ws/install/pmb2_navigation:/home/khaledob/bookros2_ws/install/pmb2_2dnav:/home/khaledob/bookros2_ws/install/pmb2_maps:/home/khaledob/bookros2_ws/install/pmb2_description:/home/khaledob/bookros2_ws/install/pmb2_controller_configuration:/home/khaledob/bookros2_ws/install/pal_gripper_description:/home/khaledob/bookros2_ws/install/pal_gazebo_worlds:/home/khaledob/bookros2_ws/install/joint_trajectory_controller:/home/khaledob/bookros2_ws/install/joint_state_controller:/home/khaledob/bookros2_ws/install/joint_state_broadcaster:/home/khaledob/bookros2_ws/install/imu_sensor_broadcaster:/home/khaledob/bookros2_ws/install/hey5_description:/home/khaledob/bookros2_ws/install/gripper_controllers:/home/khaledob/bookros2_ws/install/gazebo_ros2_control:/home/khaledob/bookros2_ws/install/effort_controllers:/home/khaledob/bookros2_ws/install/forward_command_controller:/home/khaledob/bookros2_ws/install/force_torque_sensor_broadcaster:/home/khaledob/bookros2_ws/install/diff_drive_controller:/home/khaledob/bookros2_ws/install/groot:/home/khaledob/bookros2_ws/install/br2_vff_avoidance:/home/khaledob/bookros2_ws/install/br2_tracking:/home/khaledob/bookros2_ws/install/br2_tracking_msgs:/home/khaledob/bookros2_ws/install/br2_tiago:/home/khaledob/bookros2_ws/install/br2_tf2_detector:/home/khaledob/bookros2_ws/install/br2_navigation:/home/khaledob/bookros2_ws/install/br2_fsm_bumpgo_cpp:/home/khaledob/bookros2_ws/install/br2_bt_patrolling:/home/khaledob/bookros2_ws/install/br2_bt_bumpgo:/home/khaledob/bookros2_ws/install/br2_basics:/home/khaledob/bookros2_ws/install/ros2controlcli:/home/khaledob/bookros2_ws/install/launch_pal:/home/khaledob/bookros2_ws/install/br2_fsm_bumpgo_py:/opt/ros/foxy LD_LIBRARY_PATH=/home/khaledob/bookros2_ws/install/controller_manager/lib:/home/khaledob/bookros2_ws/install/controller_interface/lib:/home/khaledob/bookros2_ws/install/hardware_interface/lib:/home/khaledob/bookros2_ws/install/controller_manager_msgs/lib:/home/khaledob/bookros2_ws/install/velocity_controllers/lib:/home/khaledob/bookros2_ws/install/position_controllers/lib:/home/khaledob/bookros2_ws/install/joint_trajectory_controller/lib:/home/khaledob/bookros2_ws/install/joint_state_controller/lib:/home/khaledob/bookros2_ws/install/joint_state_broadcaster/lib:/home/khaledob/bookros2_ws/install/imu_sensor_broadcaster/lib:/home/khaledob/bookros2_ws/install/gripper_controllers/lib:/home/khaledob/bookros2_ws/install/gazebo_ros2_control/lib:/home/khaledob/bookros2_ws/install/effort_controllers/lib:/home/khaledob/bookros2_ws/install/forward_command_controller/lib:/home/khaledob/bookros2_ws/install/force_torque_sensor_broadcaster/lib:/home/khaledob/bookros2_ws/install/diff_drive_controller/lib:/home/khaledob/bookros2_ws/install/groot/lib:/home/khaledob/bookros2_ws/install/br2_vff_avoidance/lib:/home/khaledob/bookros2_ws/install/br2_tracking/lib:/home/khaledob/bookros2_ws/install/br2_tracking_msgs/lib:/home/khaledob/bookros2_ws/install/br2_tf2_detector/lib:/home/khaledob/bookros2_ws/install/br2_bt_patrolling/lib:/home/khaledob/bookros2_ws/install/br2_bt_bumpgo/lib:/usr/lib/x86_64-linux-gnu/gazebo-11/plugins:/opt/ros/foxy/opt/yaml_cpp_vendor/lib:/opt/ros/foxy/opt/rviz_ogre_vendor/lib:/opt/ros/foxy/lib/x86_64-linux-gnu:/opt/ros/foxy/lib PYTHONPATH=/home/khaledob/bookros2_ws/install/controller_manager/lib/python3.8/site-packages:/home/khaledob/bookros2_ws/install/controller_manager_msgs/lib/python3.8/site-packages:/home/khaledob/bookros2_ws/install/urdf_test/lib/python3.8/site-packages:/home/khaledob/bookros2_ws/install/tiago_description/lib/python3.8/site-packages:/home/khaledob/bookros2_ws/build/ros2controlcli:/home/khaledob/bookros2_ws/install/ros2controlcli/lib/python3.8/site-packages:/home/khaledob/bookros2_ws/install/pmb2_description/lib/python3.8/site-packages:/home/khaledob/bookros2_ws/build/launch_pal:/home/khaledob/bookros2_ws/install/launch_pal/lib/python3.8/site-packages:/home/khaledob/bookros2_ws/install/br2_tracking_msgs/lib/python3.8/site-packages:/home/khaledob/bookros2_ws/build/br2_fsm_bumpgo_py:/home/khaledob/bookros2_ws/install/br2_fsm_bumpgo_py/lib/python3.8/site-packages:/opt/ros/foxy/lib/python3.8/site-packages /usr/bin/cmake --build /home/khaledob/bookros2_ws/build/diff_drive_controller -- -j7 -l7
[9.166s] DEBUG:colcon.colcon_core.event_handler.log_command:Invoking command in '/home/khaledob/bookros2_ws/build/diff_drive_controller': CMAKE_PREFIX_PATH=/home/khaledob/bookros2_ws/install/controller_manager:/home/khaledob/bookros2_ws/install/controller_interface:/home/khaledob/bookros2_ws/install/hardware_interface:/home/khaledob/bookros2_ws/install/ros2_control_test_assets:/home/khaledob/bookros2_ws/install/controller_manager_msgs:/home/khaledob/bookros2_ws/install/task2b:/home/khaledob/bookros2_ws/install/task2a:/home/khaledob/bookros2_ws/install/gazebo_ros2_control_demos:/home/khaledob/bookros2_ws/install/ros2_controllers:/home/khaledob/bookros2_ws/install/velocity_controllers:/home/khaledob/bookros2_ws/install/urdf_test:/home/khaledob/bookros2_ws/install/tiago_simulation:/home/khaledob/bookros2_ws/install/tiago_robot:/home/khaledob/bookros2_ws/install/tiago_2dnav_gazebo:/home/khaledob/bookros2_ws/install/tiago_gazebo:/home/khaledob/bookros2_ws/install/tiago_bringup:/home/khaledob/bookros2_ws/install/pmb2_robot:/home/khaledob/bookros2_ws/install/pmb2_bringup:/home/khaledob/bookros2_ws/install/twist_mux:/home/khaledob/bookros2_ws/install/transmission_interface:/home/khaledob/bookros2_ws/install/tiago_description:/home/khaledob/bookros2_ws/install/tiago_description_calibration:/home/khaledob/bookros2_ws/install/tiago_controller_configuration:/home/khaledob/bookros2_ws/install/task1:/home/khaledob/bookros2_ws/install/ros2_control:/home/khaledob/bookros2_ws/install/pal_gripper:/home/khaledob/bookros2_ws/install/pal_gripper_controller_configuration:/home/khaledob/bookros2_ws/install/position_controllers:/home/khaledob/bookros2_ws/install/pmb2_navigation:/home/khaledob/bookros2_ws/install/pmb2_2dnav:/home/khaledob/bookros2_ws/install/pmb2_maps:/home/khaledob/bookros2_ws/install/pmb2_description:/home/khaledob/bookros2_ws/install/pmb2_controller_configuration:/home/khaledob/bookros2_ws/install/pal_gripper_description:/home/khaledob/bookros2_ws/install/pal_gazebo_worlds:/home/khaledob/bookros2_ws/install/joint_trajectory_controller:/home/khaledob/bookros2_ws/install/joint_state_controller:/home/khaledob/bookros2_ws/install/joint_state_broadcaster:/home/khaledob/bookros2_ws/install/imu_sensor_broadcaster:/home/khaledob/bookros2_ws/install/hey5_description:/home/khaledob/bookros2_ws/install/gripper_controllers:/home/khaledob/bookros2_ws/install/gazebo_ros2_control:/home/khaledob/bookros2_ws/install/effort_controllers:/home/khaledob/bookros2_ws/install/forward_command_controller:/home/khaledob/bookros2_ws/install/force_torque_sensor_broadcaster:/home/khaledob/bookros2_ws/install/diff_drive_controller:/home/khaledob/bookros2_ws/install/groot:/home/khaledob/bookros2_ws/install/br2_vff_avoidance:/home/khaledob/bookros2_ws/install/br2_tracking:/home/khaledob/bookros2_ws/install/br2_tracking_msgs:/home/khaledob/bookros2_ws/install/br2_tiago:/home/khaledob/bookros2_ws/install/br2_tf2_detector:/home/khaledob/bookros2_ws/install/br2_navigation:/home/khaledob/bookros2_ws/install/br2_fsm_bumpgo_cpp:/home/khaledob/bookros2_ws/install/br2_bt_patrolling:/home/khaledob/bookros2_ws/install/br2_bt_bumpgo:/home/khaledob/bookros2_ws/install/br2_basics:/home/khaledob/bookros2_ws/install/ros2controlcli:/home/khaledob/bookros2_ws/install/launch_pal:/home/khaledob/bookros2_ws/install/br2_fsm_bumpgo_py:/opt/ros/foxy LD_LIBRARY_PATH=/home/khaledob/bookros2_ws/install/controller_manager/lib:/home/khaledob/bookros2_ws/install/controller_interface/lib:/home/khaledob/bookros2_ws/install/hardware_interface/lib:/home/khaledob/bookros2_ws/install/controller_manager_msgs/lib:/home/khaledob/bookros2_ws/install/velocity_controllers/lib:/home/khaledob/bookros2_ws/install/position_controllers/lib:/home/khaledob/bookros2_ws/install/joint_trajectory_controller/lib:/home/khaledob/bookros2_ws/install/joint_state_controller/lib:/home/khaledob/bookros2_ws/install/joint_state_broadcaster/lib:/home/khaledob/bookros2_ws/install/imu_sensor_broadcaster/lib:/home/khaledob/bookros2_ws/install/gripper_controllers/lib:/home/khaledob/bookros2_ws/install/gazebo_ros2_control/lib:/home/khaledob/bookros2_ws/install/effort_controllers/lib:/home/khaledob/bookros2_ws/install/forward_command_controller/lib:/home/khaledob/bookros2_ws/install/force_torque_sensor_broadcaster/lib:/home/khaledob/bookros2_ws/install/diff_drive_controller/lib:/home/khaledob/bookros2_ws/install/groot/lib:/home/khaledob/bookros2_ws/install/br2_vff_avoidance/lib:/home/khaledob/bookros2_ws/install/br2_tracking/lib:/home/khaledob/bookros2_ws/install/br2_tracking_msgs/lib:/home/khaledob/bookros2_ws/install/br2_tf2_detector/lib:/home/khaledob/bookros2_ws/install/br2_bt_patrolling/lib:/home/khaledob/bookros2_ws/install/br2_bt_bumpgo/lib:/usr/lib/x86_64-linux-gnu/gazebo-11/plugins:/opt/ros/foxy/opt/yaml_cpp_vendor/lib:/opt/ros/foxy/opt/rviz_ogre_vendor/lib:/opt/ros/foxy/lib/x86_64-linux-gnu:/opt/ros/foxy/lib PYTHONPATH=/home/khaledob/bookros2_ws/install/controller_manager/lib/python3.8/site-packages:/home/khaledob/bookros2_ws/install/controller_manager_msgs/lib/python3.8/site-packages:/home/khaledob/bookros2_ws/install/urdf_test/lib/python3.8/site-packages:/home/khaledob/bookros2_ws/install/tiago_description/lib/python3.8/site-packages:/home/khaledob/bookros2_ws/build/ros2controlcli:/home/khaledob/bookros2_ws/install/ros2controlcli/lib/python3.8/site-packages:/home/khaledob/bookros2_ws/install/pmb2_description/lib/python3.8/site-packages:/home/khaledob/bookros2_ws/build/launch_pal:/home/khaledob/bookros2_ws/install/launch_pal/lib/python3.8/site-packages:/home/khaledob/bookros2_ws/install/br2_tracking_msgs/lib/python3.8/site-packages:/home/khaledob/bookros2_ws/build/br2_fsm_bumpgo_py:/home/khaledob/bookros2_ws/install/br2_fsm_bumpgo_py/lib/python3.8/site-packages:/opt/ros/foxy/lib/python3.8/site-packages /usr/bin/cmake --install /home/khaledob/bookros2_ws/build/diff_drive_controller
[9.266s] Level 1:colcon.colcon_core.environment:create_environment_scripts_only(forward_command_controller)
[9.269s] Level 1:colcon.colcon_core.environment:checking '/home/khaledob/bookros2_ws/install/forward_command_controller' for CMake module files
[9.271s] Level 1:colcon.colcon_core.environment:checking '/home/khaledob/bookros2_ws/install/forward_command_controller' for CMake config files
[9.276s] Level 1:colcon.colcon_core.shell:create_environment_hook('forward_command_controller', 'cmake_prefix_path')
[9.278s] INFO:colcon.colcon_core.shell:Creating environment hook '/home/khaledob/bookros2_ws/install/forward_command_controller/share/forward_command_controller/hook/cmake_prefix_path.ps1'
[9.283s] INFO:colcon.colcon_core.shell:Creating environment descriptor '/home/khaledob/bookros2_ws/install/forward_command_controller/share/forward_command_controller/hook/cmake_prefix_path.dsv'
[9.285s] INFO:colcon.colcon_core.shell:Creating environment hook '/home/khaledob/bookros2_ws/install/forward_command_controller/share/forward_command_controller/hook/cmake_prefix_path.sh'
[9.297s] Level 1:colcon.colcon_core.environment:checking '/home/khaledob/bookros2_ws/install/forward_command_controller/lib'
[9.297s] Level 1:colcon.colcon_core.shell:create_environment_hook('forward_command_controller', 'ld_library_path_lib')
[9.298s] INFO:colcon.colcon_core.shell:Creating environment hook '/home/khaledob/bookros2_ws/install/forward_command_controller/share/forward_command_controller/hook/ld_library_path_lib.ps1'
[9.299s] INFO:colcon.colcon_core.shell:Creating environment descriptor '/home/khaledob/bookros2_ws/install/forward_command_controller/share/forward_command_controller/hook/ld_library_path_lib.dsv'
[9.300s] INFO:colcon.colcon_core.shell:Creating environment hook '/home/khaledob/bookros2_ws/install/forward_command_controller/share/forward_command_controller/hook/ld_library_path_lib.sh'
[9.302s] DEBUG:colcon.colcon_core.event_handler.log_command:Invoked command in '/home/khaledob/bookros2_ws/build/forward_command_controller' returned '0': CMAKE_PREFIX_PATH=/home/khaledob/bookros2_ws/install/controller_manager:/home/khaledob/bookros2_ws/install/controller_interface:/home/khaledob/bookros2_ws/install/hardware_interface:/home/khaledob/bookros2_ws/install/ros2_control_test_assets:/home/khaledob/bookros2_ws/install/controller_manager_msgs:/home/khaledob/bookros2_ws/install/task2b:/home/khaledob/bookros2_ws/install/task2a:/home/khaledob/bookros2_ws/install/gazebo_ros2_control_demos:/home/khaledob/bookros2_ws/install/ros2_controllers:/home/khaledob/bookros2_ws/install/velocity_controllers:/home/khaledob/bookros2_ws/install/urdf_test:/home/khaledob/bookros2_ws/install/tiago_simulation:/home/khaledob/bookros2_ws/install/tiago_robot:/home/khaledob/bookros2_ws/install/tiago_2dnav_gazebo:/home/khaledob/bookros2_ws/install/tiago_gazebo:/home/khaledob/bookros2_ws/install/tiago_bringup:/home/khaledob/bookros2_ws/install/pmb2_robot:/home/khaledob/bookros2_ws/install/pmb2_bringup:/home/khaledob/bookros2_ws/install/twist_mux:/home/khaledob/bookros2_ws/install/transmission_interface:/home/khaledob/bookros2_ws/install/tiago_description:/home/khaledob/bookros2_ws/install/tiago_description_calibration:/home/khaledob/bookros2_ws/install/tiago_controller_configuration:/home/khaledob/bookros2_ws/install/task1:/home/khaledob/bookros2_ws/install/ros2_control:/home/khaledob/bookros2_ws/install/pal_gripper:/home/khaledob/bookros2_ws/install/pal_gripper_controller_configuration:/home/khaledob/bookros2_ws/install/position_controllers:/home/khaledob/bookros2_ws/install/pmb2_navigation:/home/khaledob/bookros2_ws/install/pmb2_2dnav:/home/khaledob/bookros2_ws/install/pmb2_maps:/home/khaledob/bookros2_ws/install/pmb2_description:/home/khaledob/bookros2_ws/install/pmb2_controller_configuration:/home/khaledob/bookros2_ws/install/pal_gripper_description:/home/khaledob/bookros2_ws/install/pal_gazebo_worlds:/home/khaledob/bookros2_ws/install/joint_trajectory_controller:/home/khaledob/bookros2_ws/install/joint_state_controller:/home/khaledob/bookros2_ws/install/joint_state_broadcaster:/home/khaledob/bookros2_ws/install/imu_sensor_broadcaster:/home/khaledob/bookros2_ws/install/hey5_description:/home/khaledob/bookros2_ws/install/gripper_controllers:/home/khaledob/bookros2_ws/install/gazebo_ros2_control:/home/khaledob/bookros2_ws/install/effort_controllers:/home/khaledob/bookros2_ws/install/forward_command_controller:/home/khaledob/bookros2_ws/install/force_torque_sensor_broadcaster:/home/khaledob/bookros2_ws/install/diff_drive_controller:/home/khaledob/bookros2_ws/install/groot:/home/khaledob/bookros2_ws/install/br2_vff_avoidance:/home/khaledob/bookros2_ws/install/br2_tracking:/home/khaledob/bookros2_ws/install/br2_tracking_msgs:/home/khaledob/bookros2_ws/install/br2_tiago:/home/khaledob/bookros2_ws/install/br2_tf2_detector:/home/khaledob/bookros2_ws/install/br2_navigation:/home/khaledob/bookros2_ws/install/br2_fsm_bumpgo_cpp:/home/khaledob/bookros2_ws/install/br2_bt_patrolling:/home/khaledob/bookros2_ws/install/br2_bt_bumpgo:/home/khaledob/bookros2_ws/install/br2_basics:/home/khaledob/bookros2_ws/install/ros2controlcli:/home/khaledob/bookros2_ws/install/launch_pal:/home/khaledob/bookros2_ws/install/br2_fsm_bumpgo_py:/opt/ros/foxy LD_LIBRARY_PATH=/home/khaledob/bookros2_ws/install/controller_manager/lib:/home/khaledob/bookros2_ws/install/controller_interface/lib:/home/khaledob/bookros2_ws/install/hardware_interface/lib:/home/khaledob/bookros2_ws/install/controller_manager_msgs/lib:/home/khaledob/bookros2_ws/install/velocity_controllers/lib:/home/khaledob/bookros2_ws/install/position_controllers/lib:/home/khaledob/bookros2_ws/install/joint_trajectory_controller/lib:/home/khaledob/bookros2_ws/install/joint_state_controller/lib:/home/khaledob/bookros2_ws/install/joint_state_broadcaster/lib:/home/khaledob/bookros2_ws/install/imu_sensor_broadcaster/lib:/home/khaledob/bookros2_ws/install/gripper_controllers/lib:/home/khaledob/bookros2_ws/install/gazebo_ros2_control/lib:/home/khaledob/bookros2_ws/install/effort_controllers/lib:/home/khaledob/bookros2_ws/install/forward_command_controller/lib:/home/khaledob/bookros2_ws/install/force_torque_sensor_broadcaster/lib:/home/khaledob/bookros2_ws/install/diff_drive_controller/lib:/home/khaledob/bookros2_ws/install/groot/lib:/home/khaledob/bookros2_ws/install/br2_vff_avoidance/lib:/home/khaledob/bookros2_ws/install/br2_tracking/lib:/home/khaledob/bookros2_ws/install/br2_tracking_msgs/lib:/home/khaledob/bookros2_ws/install/br2_tf2_detector/lib:/home/khaledob/bookros2_ws/install/br2_bt_patrolling/lib:/home/khaledob/bookros2_ws/install/br2_bt_bumpgo/lib:/usr/lib/x86_64-linux-gnu/gazebo-11/plugins:/opt/ros/foxy/opt/yaml_cpp_vendor/lib:/opt/ros/foxy/opt/rviz_ogre_vendor/lib:/opt/ros/foxy/lib/x86_64-linux-gnu:/opt/ros/foxy/lib PYTHONPATH=/home/khaledob/bookros2_ws/install/controller_manager/lib/python3.8/site-packages:/home/khaledob/bookros2_ws/install/controller_manager_msgs/lib/python3.8/site-packages:/home/khaledob/bookros2_ws/install/urdf_test/lib/python3.8/site-packages:/home/khaledob/bookros2_ws/install/tiago_description/lib/python3.8/site-packages:/home/khaledob/bookros2_ws/build/ros2controlcli:/home/khaledob/bookros2_ws/install/ros2controlcli/lib/python3.8/site-packages:/home/khaledob/bookros2_ws/install/pmb2_description/lib/python3.8/site-packages:/home/khaledob/bookros2_ws/build/launch_pal:/home/khaledob/bookros2_ws/install/launch_pal/lib/python3.8/site-packages:/home/khaledob/bookros2_ws/install/br2_tracking_msgs/lib/python3.8/site-packages:/home/khaledob/bookros2_ws/build/br2_fsm_bumpgo_py:/home/khaledob/bookros2_ws/install/br2_fsm_bumpgo_py/lib/python3.8/site-packages:/opt/ros/foxy/lib/python3.8/site-packages /usr/bin/cmake --install /home/khaledob/bookros2_ws/build/forward_command_controller
[9.309s] Level 1:colcon.colcon_core.environment:checking '/home/khaledob/bookros2_ws/install/forward_command_controller/bin'
[9.310s] Level 1:colcon.colcon_core.environment:checking '/home/khaledob/bookros2_ws/install/forward_command_controller/lib/pkgconfig/forward_command_controller.pc'
[9.310s] Level 1:colcon.colcon_core.environment:checking '/home/khaledob/bookros2_ws/install/forward_command_controller/lib/python3.8/site-packages'
[9.310s] Level 1:colcon.colcon_core.environment:checking '/home/khaledob/bookros2_ws/install/forward_command_controller/bin'
[9.311s] INFO:colcon.colcon_core.shell:Creating package script '/home/khaledob/bookros2_ws/install/forward_command_controller/share/forward_command_controller/package.ps1'
[9.313s] INFO:colcon.colcon_core.shell:Creating package descriptor '/home/khaledob/bookros2_ws/install/forward_command_controller/share/forward_command_controller/package.dsv'
[9.316s] INFO:colcon.colcon_core.shell:Creating package script '/home/khaledob/bookros2_ws/install/forward_command_controller/share/forward_command_controller/package.sh'
[9.317s] INFO:colcon.colcon_core.shell:Creating package script '/home/khaledob/bookros2_ws/install/forward_command_controller/share/forward_command_controller/package.bash'
[9.319s] INFO:colcon.colcon_core.shell:Creating package script '/home/khaledob/bookros2_ws/install/forward_command_controller/share/forward_command_controller/package.zsh'
[9.322s] Level 1:colcon.colcon_core.environment:create_file_with_runtime_dependencies(/home/khaledob/bookros2_ws/install/forward_command_controller/share/colcon-core/packages/forward_command_controller)
[9.324s] Level 1:colcon.colcon_core.environment:create_environment_scripts_only(forward_command_controller)
[9.325s] Level 1:colcon.colcon_core.environment:checking '/home/khaledob/bookros2_ws/install/forward_command_controller' for CMake module files
[9.329s] Level 1:colcon.colcon_core.environment:checking '/home/khaledob/bookros2_ws/install/forward_command_controller' for CMake config files
[9.330s] Level 1:colcon.colcon_core.shell:create_environment_hook('forward_command_controller', 'cmake_prefix_path')
[9.330s] INFO:colcon.colcon_core.shell:Creating environment hook '/home/khaledob/bookros2_ws/install/forward_command_controller/share/forward_command_controller/hook/cmake_prefix_path.ps1'
[9.332s] INFO:colcon.colcon_core.shell:Creating environment descriptor '/home/khaledob/bookros2_ws/install/forward_command_controller/share/forward_command_controller/hook/cmake_prefix_path.dsv'
[9.333s] INFO:colcon.colcon_core.shell:Creating environment hook '/home/khaledob/bookros2_ws/install/forward_command_controller/share/forward_command_controller/hook/cmake_prefix_path.sh'
[9.335s] Level 1:colcon.colcon_core.environment:checking '/home/khaledob/bookros2_ws/install/forward_command_controller/lib'
[9.336s] Level 1:colcon.colcon_core.shell:create_environment_hook('forward_command_controller', 'ld_library_path_lib')
[9.336s] INFO:colcon.colcon_core.shell:Creating environment hook '/home/khaledob/bookros2_ws/install/forward_command_controller/share/forward_command_controller/hook/ld_library_path_lib.ps1'
[9.338s] INFO:colcon.colcon_core.shell:Creating environment descriptor '/home/khaledob/bookros2_ws/install/forward_command_controller/share/forward_command_controller/hook/ld_library_path_lib.dsv'
[9.339s] INFO:colcon.colcon_core.shell:Creating environment hook '/home/khaledob/bookros2_ws/install/forward_command_controller/share/forward_command_controller/hook/ld_library_path_lib.sh'
[9.343s] Level 1:colcon.colcon_core.environment:checking '/home/khaledob/bookros2_ws/install/forward_command_controller/bin'
[9.343s] Level 1:colcon.colcon_core.environment:checking '/home/khaledob/bookros2_ws/install/forward_command_controller/lib/pkgconfig/forward_command_controller.pc'
[9.343s] Level 1:colcon.colcon_core.environment:checking '/home/khaledob/bookros2_ws/install/forward_command_controller/lib/python3.8/site-packages'
[9.344s] Level 1:colcon.colcon_core.environment:checking '/home/khaledob/bookros2_ws/install/forward_command_controller/bin'
[9.344s] INFO:colcon.colcon_core.shell:Creating package script '/home/khaledob/bookros2_ws/install/forward_command_controller/share/forward_command_controller/package.ps1'
[9.346s] INFO:colcon.colcon_core.shell:Creating package descriptor '/home/khaledob/bookros2_ws/install/forward_command_controller/share/forward_command_controller/package.dsv'
[9.348s] INFO:colcon.colcon_core.shell:Creating package script '/home/khaledob/bookros2_ws/install/forward_command_controller/share/forward_command_controller/package.sh'
[9.351s] INFO:colcon.colcon_core.shell:Creating package script '/home/khaledob/bookros2_ws/install/forward_command_controller/share/forward_command_controller/package.bash'
[9.353s] INFO:colcon.colcon_core.shell:Creating package script '/home/khaledob/bookros2_ws/install/forward_command_controller/share/forward_command_controller/package.zsh'
[9.354s] Level 1:colcon.colcon_core.environment:create_file_with_runtime_dependencies(/home/khaledob/bookros2_ws/install/forward_command_controller/share/colcon-core/packages/forward_command_controller)
[9.355s] Level 1:colcon.colcon_core.environment:create_environment_scripts_only(joint_state_broadcaster)
[9.356s] Level 1:colcon.colcon_core.environment:checking '/home/khaledob/bookros2_ws/install/joint_state_broadcaster' for CMake module files
[9.357s] Level 1:colcon.colcon_core.environment:checking '/home/khaledob/bookros2_ws/install/joint_state_broadcaster' for CMake config files
[9.358s] Level 1:colcon.colcon_core.shell:create_environment_hook('joint_state_broadcaster', 'cmake_prefix_path')
[9.358s] INFO:colcon.colcon_core.shell:Creating environment hook '/home/khaledob/bookros2_ws/install/joint_state_broadcaster/share/joint_state_broadcaster/hook/cmake_prefix_path.ps1'
[9.360s] INFO:colcon.colcon_core.shell:Creating environment descriptor '/home/khaledob/bookros2_ws/install/joint_state_broadcaster/share/joint_state_broadcaster/hook/cmake_prefix_path.dsv'
[9.361s] INFO:colcon.colcon_core.shell:Creating environment hook '/home/khaledob/bookros2_ws/install/joint_state_broadcaster/share/joint_state_broadcaster/hook/cmake_prefix_path.sh'
[9.374s] Level 1:colcon.colcon_core.environment:checking '/home/khaledob/bookros2_ws/install/joint_state_broadcaster/lib'
[9.375s] Level 1:colcon.colcon_core.shell:create_environment_hook('joint_state_broadcaster', 'ld_library_path_lib')
[9.381s] INFO:colcon.colcon_core.shell:Creating environment hook '/home/khaledob/bookros2_ws/install/joint_state_broadcaster/share/joint_state_broadcaster/hook/ld_library_path_lib.ps1'
[9.384s] INFO:colcon.colcon_core.shell:Creating environment descriptor '/home/khaledob/bookros2_ws/install/joint_state_broadcaster/share/joint_state_broadcaster/hook/ld_library_path_lib.dsv'
[9.385s] INFO:colcon.colcon_core.shell:Creating environment hook '/home/khaledob/bookros2_ws/install/joint_state_broadcaster/share/joint_state_broadcaster/hook/ld_library_path_lib.sh'
[9.393s] DEBUG:colcon.colcon_core.event_handler.log_command:Invoked command in '/home/khaledob/bookros2_ws/build/joint_state_broadcaster' returned '0': CMAKE_PREFIX_PATH=/home/khaledob/bookros2_ws/install/controller_manager:/home/khaledob/bookros2_ws/install/controller_interface:/home/khaledob/bookros2_ws/install/hardware_interface:/home/khaledob/bookros2_ws/install/ros2_control_test_assets:/home/khaledob/bookros2_ws/install/controller_manager_msgs:/home/khaledob/bookros2_ws/install/task2b:/home/khaledob/bookros2_ws/install/task2a:/home/khaledob/bookros2_ws/install/gazebo_ros2_control_demos:/home/khaledob/bookros2_ws/install/ros2_controllers:/home/khaledob/bookros2_ws/install/velocity_controllers:/home/khaledob/bookros2_ws/install/urdf_test:/home/khaledob/bookros2_ws/install/tiago_simulation:/home/khaledob/bookros2_ws/install/tiago_robot:/home/khaledob/bookros2_ws/install/tiago_2dnav_gazebo:/home/khaledob/bookros2_ws/install/tiago_gazebo:/home/khaledob/bookros2_ws/install/tiago_bringup:/home/khaledob/bookros2_ws/install/pmb2_robot:/home/khaledob/bookros2_ws/install/pmb2_bringup:/home/khaledob/bookros2_ws/install/twist_mux:/home/khaledob/bookros2_ws/install/transmission_interface:/home/khaledob/bookros2_ws/install/tiago_description:/home/khaledob/bookros2_ws/install/tiago_description_calibration:/home/khaledob/bookros2_ws/install/tiago_controller_configuration:/home/khaledob/bookros2_ws/install/task1:/home/khaledob/bookros2_ws/install/ros2_control:/home/khaledob/bookros2_ws/install/pal_gripper:/home/khaledob/bookros2_ws/install/pal_gripper_controller_configuration:/home/khaledob/bookros2_ws/install/position_controllers:/home/khaledob/bookros2_ws/install/pmb2_navigation:/home/khaledob/bookros2_ws/install/pmb2_2dnav:/home/khaledob/bookros2_ws/install/pmb2_maps:/home/khaledob/bookros2_ws/install/pmb2_description:/home/khaledob/bookros2_ws/install/pmb2_controller_configuration:/home/khaledob/bookros2_ws/install/pal_gripper_description:/home/khaledob/bookros2_ws/install/pal_gazebo_worlds:/home/khaledob/bookros2_ws/install/joint_trajectory_controller:/home/khaledob/bookros2_ws/install/joint_state_controller:/home/khaledob/bookros2_ws/install/joint_state_broadcaster:/home/khaledob/bookros2_ws/install/imu_sensor_broadcaster:/home/khaledob/bookros2_ws/install/hey5_description:/home/khaledob/bookros2_ws/install/gripper_controllers:/home/khaledob/bookros2_ws/install/gazebo_ros2_control:/home/khaledob/bookros2_ws/install/effort_controllers:/home/khaledob/bookros2_ws/install/forward_command_controller:/home/khaledob/bookros2_ws/install/force_torque_sensor_broadcaster:/home/khaledob/bookros2_ws/install/diff_drive_controller:/home/khaledob/bookros2_ws/install/groot:/home/khaledob/bookros2_ws/install/br2_vff_avoidance:/home/khaledob/bookros2_ws/install/br2_tracking:/home/khaledob/bookros2_ws/install/br2_tracking_msgs:/home/khaledob/bookros2_ws/install/br2_tiago:/home/khaledob/bookros2_ws/install/br2_tf2_detector:/home/khaledob/bookros2_ws/install/br2_navigation:/home/khaledob/bookros2_ws/install/br2_fsm_bumpgo_cpp:/home/khaledob/bookros2_ws/install/br2_bt_patrolling:/home/khaledob/bookros2_ws/install/br2_bt_bumpgo:/home/khaledob/bookros2_ws/install/br2_basics:/home/khaledob/bookros2_ws/install/ros2controlcli:/home/khaledob/bookros2_ws/install/launch_pal:/home/khaledob/bookros2_ws/install/br2_fsm_bumpgo_py:/opt/ros/foxy LD_LIBRARY_PATH=/home/khaledob/bookros2_ws/install/controller_manager/lib:/home/khaledob/bookros2_ws/install/controller_interface/lib:/home/khaledob/bookros2_ws/install/hardware_interface/lib:/home/khaledob/bookros2_ws/install/controller_manager_msgs/lib:/home/khaledob/bookros2_ws/install/velocity_controllers/lib:/home/khaledob/bookros2_ws/install/position_controllers/lib:/home/khaledob/bookros2_ws/install/joint_trajectory_controller/lib:/home/khaledob/bookros2_ws/install/joint_state_controller/lib:/home/khaledob/bookros2_ws/install/joint_state_broadcaster/lib:/home/khaledob/bookros2_ws/install/imu_sensor_broadcaster/lib:/home/khaledob/bookros2_ws/install/gripper_controllers/lib:/home/khaledob/bookros2_ws/install/gazebo_ros2_control/lib:/home/khaledob/bookros2_ws/install/effort_controllers/lib:/home/khaledob/bookros2_ws/install/forward_command_controller/lib:/home/khaledob/bookros2_ws/install/force_torque_sensor_broadcaster/lib:/home/khaledob/bookros2_ws/install/diff_drive_controller/lib:/home/khaledob/bookros2_ws/install/groot/lib:/home/khaledob/bookros2_ws/install/br2_vff_avoidance/lib:/home/khaledob/bookros2_ws/install/br2_tracking/lib:/home/khaledob/bookros2_ws/install/br2_tracking_msgs/lib:/home/khaledob/bookros2_ws/install/br2_tf2_detector/lib:/home/khaledob/bookros2_ws/install/br2_bt_patrolling/lib:/home/khaledob/bookros2_ws/install/br2_bt_bumpgo/lib:/usr/lib/x86_64-linux-gnu/gazebo-11/plugins:/opt/ros/foxy/opt/yaml_cpp_vendor/lib:/opt/ros/foxy/opt/rviz_ogre_vendor/lib:/opt/ros/foxy/lib/x86_64-linux-gnu:/opt/ros/foxy/lib PYTHONPATH=/home/khaledob/bookros2_ws/install/controller_manager/lib/python3.8/site-packages:/home/khaledob/bookros2_ws/install/controller_manager_msgs/lib/python3.8/site-packages:/home/khaledob/bookros2_ws/install/urdf_test/lib/python3.8/site-packages:/home/khaledob/bookros2_ws/install/tiago_description/lib/python3.8/site-packages:/home/khaledob/bookros2_ws/build/ros2controlcli:/home/khaledob/bookros2_ws/install/ros2controlcli/lib/python3.8/site-packages:/home/khaledob/bookros2_ws/install/pmb2_description/lib/python3.8/site-packages:/home/khaledob/bookros2_ws/build/launch_pal:/home/khaledob/bookros2_ws/install/launch_pal/lib/python3.8/site-packages:/home/khaledob/bookros2_ws/install/br2_tracking_msgs/lib/python3.8/site-packages:/home/khaledob/bookros2_ws/build/br2_fsm_bumpgo_py:/home/khaledob/bookros2_ws/install/br2_fsm_bumpgo_py/lib/python3.8/site-packages:/opt/ros/foxy/lib/python3.8/site-packages /usr/bin/cmake --install /home/khaledob/bookros2_ws/build/joint_state_broadcaster
[9.397s] Level 1:colcon.colcon_core.environment:checking '/home/khaledob/bookros2_ws/install/joint_state_broadcaster/bin'
[9.398s] Level 1:colcon.colcon_core.environment:checking '/home/khaledob/bookros2_ws/install/joint_state_broadcaster/lib/pkgconfig/joint_state_broadcaster.pc'
[9.398s] Level 1:colcon.colcon_core.environment:checking '/home/khaledob/bookros2_ws/install/joint_state_broadcaster/lib/python3.8/site-packages'
[9.399s] Level 1:colcon.colcon_core.environment:checking '/home/khaledob/bookros2_ws/install/joint_state_broadcaster/bin'
[9.399s] INFO:colcon.colcon_core.shell:Creating package script '/home/khaledob/bookros2_ws/install/joint_state_broadcaster/share/joint_state_broadcaster/package.ps1'
[9.401s] INFO:colcon.colcon_core.shell:Creating package descriptor '/home/khaledob/bookros2_ws/install/joint_state_broadcaster/share/joint_state_broadcaster/package.dsv'
[9.403s] INFO:colcon.colcon_core.shell:Creating package script '/home/khaledob/bookros2_ws/install/joint_state_broadcaster/share/joint_state_broadcaster/package.sh'
[9.404s] INFO:colcon.colcon_core.shell:Creating package script '/home/khaledob/bookros2_ws/install/joint_state_broadcaster/share/joint_state_broadcaster/package.bash'
[9.406s] INFO:colcon.colcon_core.shell:Creating package script '/home/khaledob/bookros2_ws/install/joint_state_broadcaster/share/joint_state_broadcaster/package.zsh'
[9.407s] Level 1:colcon.colcon_core.environment:create_file_with_runtime_dependencies(/home/khaledob/bookros2_ws/install/joint_state_broadcaster/share/colcon-core/packages/joint_state_broadcaster)
[9.409s] Level 1:colcon.colcon_core.environment:create_environment_scripts_only(joint_state_broadcaster)
[9.409s] Level 1:colcon.colcon_core.environment:checking '/home/khaledob/bookros2_ws/install/joint_state_broadcaster' for CMake module files
[9.410s] Level 1:colcon.colcon_core.environment:checking '/home/khaledob/bookros2_ws/install/joint_state_broadcaster' for CMake config files
[9.413s] Level 1:colcon.colcon_core.shell:create_environment_hook('joint_state_broadcaster', 'cmake_prefix_path')
[9.414s] INFO:colcon.colcon_core.shell:Creating environment hook '/home/khaledob/bookros2_ws/install/joint_state_broadcaster/share/joint_state_broadcaster/hook/cmake_prefix_path.ps1'
[9.416s] INFO:colcon.colcon_core.shell:Creating environment descriptor '/home/khaledob/bookros2_ws/install/joint_state_broadcaster/share/joint_state_broadcaster/hook/cmake_prefix_path.dsv'
[9.420s] INFO:colcon.colcon_core.shell:Creating environment hook '/home/khaledob/bookros2_ws/install/joint_state_broadcaster/share/joint_state_broadcaster/hook/cmake_prefix_path.sh'
[9.424s] Level 1:colcon.colcon_core.environment:checking '/home/khaledob/bookros2_ws/install/joint_state_broadcaster/lib'
[9.424s] Level 1:colcon.colcon_core.shell:create_environment_hook('joint_state_broadcaster', 'ld_library_path_lib')
[9.424s] INFO:colcon.colcon_core.shell:Creating environment hook '/home/khaledob/bookros2_ws/install/joint_state_broadcaster/share/joint_state_broadcaster/hook/ld_library_path_lib.ps1'
[9.426s] INFO:colcon.colcon_core.shell:Creating environment descriptor '/home/khaledob/bookros2_ws/install/joint_state_broadcaster/share/joint_state_broadcaster/hook/ld_library_path_lib.dsv'
[9.429s] INFO:colcon.colcon_core.shell:Creating environment hook '/home/khaledob/bookros2_ws/install/joint_state_broadcaster/share/joint_state_broadcaster/hook/ld_library_path_lib.sh'
[9.431s] Level 1:colcon.colcon_core.environment:checking '/home/khaledob/bookros2_ws/install/joint_state_broadcaster/bin'
[9.431s] Level 1:colcon.colcon_core.environment:checking '/home/khaledob/bookros2_ws/install/joint_state_broadcaster/lib/pkgconfig/joint_state_broadcaster.pc'
[9.432s] Level 1:colcon.colcon_core.environment:checking '/home/khaledob/bookros2_ws/install/joint_state_broadcaster/lib/python3.8/site-packages'
[9.432s] Level 1:colcon.colcon_core.environment:checking '/home/khaledob/bookros2_ws/install/joint_state_broadcaster/bin'
[9.432s] INFO:colcon.colcon_core.shell:Creating package script '/home/khaledob/bookros2_ws/install/joint_state_broadcaster/share/joint_state_broadcaster/package.ps1'
[9.434s] INFO:colcon.colcon_core.shell:Creating package descriptor '/home/khaledob/bookros2_ws/install/joint_state_broadcaster/share/joint_state_broadcaster/package.dsv'
[9.436s] INFO:colcon.colcon_core.shell:Creating package script '/home/khaledob/bookros2_ws/install/joint_state_broadcaster/share/joint_state_broadcaster/package.sh'
[9.439s] INFO:colcon.colcon_core.shell:Creating package script '/home/khaledob/bookros2_ws/install/joint_state_broadcaster/share/joint_state_broadcaster/package.bash'
[9.440s] INFO:colcon.colcon_core.shell:Creating package script '/home/khaledob/bookros2_ws/install/joint_state_broadcaster/share/joint_state_broadcaster/package.zsh'
[9.443s] Level 1:colcon.colcon_core.environment:create_file_with_runtime_dependencies(/home/khaledob/bookros2_ws/install/joint_state_broadcaster/share/colcon-core/packages/joint_state_broadcaster)
[9.445s] Level 1:colcon.colcon_core.environment:create_environment_scripts_only(br2_tracking)
[9.446s] Level 1:colcon.colcon_core.environment:checking '/home/khaledob/bookros2_ws/install/br2_tracking' for CMake module files
[9.447s] Level 1:colcon.colcon_core.environment:checking '/home/khaledob/bookros2_ws/install/br2_tracking' for CMake config files
[9.450s] Level 1:colcon.colcon_core.shell:create_environment_hook('br2_tracking', 'cmake_prefix_path')
[9.451s] INFO:colcon.colcon_core.shell:Creating environment hook '/home/khaledob/bookros2_ws/install/br2_tracking/share/br2_tracking/hook/cmake_prefix_path.ps1'
[9.455s] INFO:colcon.colcon_core.shell:Creating environment descriptor '/home/khaledob/bookros2_ws/install/br2_tracking/share/br2_tracking/hook/cmake_prefix_path.dsv'
[9.456s] DEBUG:colcon.colcon_core.event_handler.log_command:Invoked command in '/home/khaledob/bookros2_ws/build/br2_tracking' returned '0': CMAKE_PREFIX_PATH=/home/khaledob/bookros2_ws/install/br2_tracking_msgs:/home/khaledob/bookros2_ws/install/task2b:/home/khaledob/bookros2_ws/install/task2a:/home/khaledob/bookros2_ws/install/gazebo_ros2_control_demos:/home/khaledob/bookros2_ws/install/ros2_controllers:/home/khaledob/bookros2_ws/install/velocity_controllers:/home/khaledob/bookros2_ws/install/urdf_test:/home/khaledob/bookros2_ws/install/tiago_simulation:/home/khaledob/bookros2_ws/install/tiago_robot:/home/khaledob/bookros2_ws/install/tiago_2dnav_gazebo:/home/khaledob/bookros2_ws/install/tiago_gazebo:/home/khaledob/bookros2_ws/install/tiago_bringup:/home/khaledob/bookros2_ws/install/pmb2_robot:/home/khaledob/bookros2_ws/install/pmb2_bringup:/home/khaledob/bookros2_ws/install/twist_mux:/home/khaledob/bookros2_ws/install/transmission_interface:/home/khaledob/bookros2_ws/install/tiago_description:/home/khaledob/bookros2_ws/install/tiago_description_calibration:/home/khaledob/bookros2_ws/install/tiago_controller_configuration:/home/khaledob/bookros2_ws/install/task1:/home/khaledob/bookros2_ws/install/ros2_control:/home/khaledob/bookros2_ws/install/ros2_control_test_assets:/home/khaledob/bookros2_ws/install/pal_gripper:/home/khaledob/bookros2_ws/install/pal_gripper_controller_configuration:/home/khaledob/bookros2_ws/install/position_controllers:/home/khaledob/bookros2_ws/install/pmb2_navigation:/home/khaledob/bookros2_ws/install/pmb2_2dnav:/home/khaledob/bookros2_ws/install/pmb2_maps:/home/khaledob/bookros2_ws/install/pmb2_description:/home/khaledob/bookros2_ws/install/pmb2_controller_configuration:/home/khaledob/bookros2_ws/install/pal_gripper_description:/home/khaledob/bookros2_ws/install/pal_gazebo_worlds:/home/khaledob/bookros2_ws/install/joint_trajectory_controller:/home/khaledob/bookros2_ws/install/joint_state_controller:/home/khaledob/bookros2_ws/install/joint_state_broadcaster:/home/khaledob/bookros2_ws/install/imu_sensor_broadcaster:/home/khaledob/bookros2_ws/install/hey5_description:/home/khaledob/bookros2_ws/install/gripper_controllers:/home/khaledob/bookros2_ws/install/gazebo_ros2_control:/home/khaledob/bookros2_ws/install/effort_controllers:/home/khaledob/bookros2_ws/install/forward_command_controller:/home/khaledob/bookros2_ws/install/force_torque_sensor_broadcaster:/home/khaledob/bookros2_ws/install/diff_drive_controller:/home/khaledob/bookros2_ws/install/controller_manager:/home/khaledob/bookros2_ws/install/controller_interface:/home/khaledob/bookros2_ws/install/hardware_interface:/home/khaledob/bookros2_ws/install/groot:/home/khaledob/bookros2_ws/install/controller_manager_msgs:/home/khaledob/bookros2_ws/install/br2_vff_avoidance:/home/khaledob/bookros2_ws/install/br2_tracking:/home/khaledob/bookros2_ws/install/br2_tiago:/home/khaledob/bookros2_ws/install/br2_tf2_detector:/home/khaledob/bookros2_ws/install/br2_navigation:/home/khaledob/bookros2_ws/install/br2_fsm_bumpgo_cpp:/home/khaledob/bookros2_ws/install/br2_bt_patrolling:/home/khaledob/bookros2_ws/install/br2_bt_bumpgo:/home/khaledob/bookros2_ws/install/br2_basics:/home/khaledob/bookros2_ws/install/ros2controlcli:/home/khaledob/bookros2_ws/install/launch_pal:/home/khaledob/bookros2_ws/install/br2_fsm_bumpgo_py:/opt/ros/foxy LD_LIBRARY_PATH=/home/khaledob/bookros2_ws/install/br2_tracking_msgs/lib:/home/khaledob/bookros2_ws/install/velocity_controllers/lib:/home/khaledob/bookros2_ws/install/position_controllers/lib:/home/khaledob/bookros2_ws/install/joint_trajectory_controller/lib:/home/khaledob/bookros2_ws/install/joint_state_controller/lib:/home/khaledob/bookros2_ws/install/joint_state_broadcaster/lib:/home/khaledob/bookros2_ws/install/imu_sensor_broadcaster/lib:/home/khaledob/bookros2_ws/install/gripper_controllers/lib:/home/khaledob/bookros2_ws/install/gazebo_ros2_control/lib:/home/khaledob/bookros2_ws/install/effort_controllers/lib:/home/khaledob/bookros2_ws/install/forward_command_controller/lib:/home/khaledob/bookros2_ws/install/force_torque_sensor_broadcaster/lib:/home/khaledob/bookros2_ws/install/diff_drive_controller/lib:/home/khaledob/bookros2_ws/install/controller_manager/lib:/home/khaledob/bookros2_ws/install/controller_interface/lib:/home/khaledob/bookros2_ws/install/hardware_interface/lib:/home/khaledob/bookros2_ws/install/groot/lib:/home/khaledob/bookros2_ws/install/controller_manager_msgs/lib:/home/khaledob/bookros2_ws/install/br2_vff_avoidance/lib:/home/khaledob/bookros2_ws/install/br2_tracking/lib:/home/khaledob/bookros2_ws/install/br2_tf2_detector/lib:/home/khaledob/bookros2_ws/install/br2_bt_patrolling/lib:/home/khaledob/bookros2_ws/install/br2_bt_bumpgo/lib:/usr/lib/x86_64-linux-gnu/gazebo-11/plugins:/opt/ros/foxy/opt/yaml_cpp_vendor/lib:/opt/ros/foxy/opt/rviz_ogre_vendor/lib:/opt/ros/foxy/lib/x86_64-linux-gnu:/opt/ros/foxy/lib PYTHONPATH=/home/khaledob/bookros2_ws/install/br2_tracking_msgs/lib/python3.8/site-packages:/home/khaledob/bookros2_ws/install/urdf_test/lib/python3.8/site-packages:/home/khaledob/bookros2_ws/install/tiago_description/lib/python3.8/site-packages:/home/khaledob/bookros2_ws/build/ros2controlcli:/home/khaledob/bookros2_ws/install/ros2controlcli/lib/python3.8/site-packages:/home/khaledob/bookros2_ws/install/pmb2_description/lib/python3.8/site-packages:/home/khaledob/bookros2_ws/build/launch_pal:/home/khaledob/bookros2_ws/install/launch_pal/lib/python3.8/site-packages:/home/khaledob/bookros2_ws/install/controller_manager/lib/python3.8/site-packages:/home/khaledob/bookros2_ws/install/controller_manager_msgs/lib/python3.8/site-packages:/home/khaledob/bookros2_ws/build/br2_fsm_bumpgo_py:/home/khaledob/bookros2_ws/install/br2_fsm_bumpgo_py/lib/python3.8/site-packages:/opt/ros/foxy/lib/python3.8/site-packages /usr/bin/cmake --install /home/khaledob/bookros2_ws/build/br2_tracking
[9.458s] INFO:colcon.colcon_core.shell:Creating environment hook '/home/khaledob/bookros2_ws/install/br2_tracking/share/br2_tracking/hook/cmake_prefix_path.sh'
[9.459s] Level 1:colcon.colcon_core.environment:checking '/home/khaledob/bookros2_ws/install/br2_tracking/lib'
[9.459s] Level 1:colcon.colcon_core.shell:create_environment_hook('br2_tracking', 'ld_library_path_lib')
[9.460s] INFO:colcon.colcon_core.shell:Creating environment hook '/home/khaledob/bookros2_ws/install/br2_tracking/share/br2_tracking/hook/ld_library_path_lib.ps1'
[9.463s] INFO:colcon.colcon_core.shell:Creating environment descriptor '/home/khaledob/bookros2_ws/install/br2_tracking/share/br2_tracking/hook/ld_library_path_lib.dsv'
[9.464s] INFO:colcon.colcon_core.shell:Creating environment hook '/home/khaledob/bookros2_ws/install/br2_tracking/share/br2_tracking/hook/ld_library_path_lib.sh'
[9.465s] Level 1:colcon.colcon_core.environment:checking '/home/khaledob/bookros2_ws/install/br2_tracking/bin'
[9.465s] Level 1:colcon.colcon_core.environment:checking '/home/khaledob/bookros2_ws/install/br2_tracking/lib/pkgconfig/br2_tracking.pc'
[9.466s] Level 1:colcon.colcon_core.environment:checking '/home/khaledob/bookros2_ws/install/br2_tracking/lib/python3.8/site-packages'
[9.466s] Level 1:colcon.colcon_core.environment:checking '/home/khaledob/bookros2_ws/install/br2_tracking/bin'
[9.466s] INFO:colcon.colcon_core.shell:Creating package script '/home/khaledob/bookros2_ws/install/br2_tracking/share/br2_tracking/package.ps1'
[9.469s] INFO:colcon.colcon_core.shell:Creating package descriptor '/home/khaledob/bookros2_ws/install/br2_tracking/share/br2_tracking/package.dsv'
[9.472s] INFO:colcon.colcon_core.shell:Creating package script '/home/khaledob/bookros2_ws/install/br2_tracking/share/br2_tracking/package.sh'
[9.475s] INFO:colcon.colcon_core.shell:Creating package script '/home/khaledob/bookros2_ws/install/br2_tracking/share/br2_tracking/package.bash'
[9.478s] INFO:colcon.colcon_core.shell:Creating package script '/home/khaledob/bookros2_ws/install/br2_tracking/share/br2_tracking/package.zsh'
[9.479s] Level 1:colcon.colcon_core.environment:create_file_with_runtime_dependencies(/home/khaledob/bookros2_ws/install/br2_tracking/share/colcon-core/packages/br2_tracking)
[9.481s] Level 1:colcon.colcon_core.environment:create_environment_scripts_only(br2_tracking)
[9.482s] Level 1:colcon.colcon_core.environment:checking '/home/khaledob/bookros2_ws/install/br2_tracking' for CMake module files
[9.484s] Level 1:colcon.colcon_core.environment:checking '/home/khaledob/bookros2_ws/install/br2_tracking' for CMake config files
[9.485s] Level 1:colcon.colcon_core.shell:create_environment_hook('br2_tracking', 'cmake_prefix_path')
[9.486s] INFO:colcon.colcon_core.shell:Creating environment hook '/home/khaledob/bookros2_ws/install/br2_tracking/share/br2_tracking/hook/cmake_prefix_path.ps1'
[9.488s] INFO:colcon.colcon_core.shell:Creating environment descriptor '/home/khaledob/bookros2_ws/install/br2_tracking/share/br2_tracking/hook/cmake_prefix_path.dsv'
[9.490s] INFO:colcon.colcon_core.shell:Creating environment hook '/home/khaledob/bookros2_ws/install/br2_tracking/share/br2_tracking/hook/cmake_prefix_path.sh'
[9.505s] Level 1:colcon.colcon_core.environment:checking '/home/khaledob/bookros2_ws/install/br2_tracking/lib'
[9.508s] Level 1:colcon.colcon_core.shell:create_environment_hook('br2_tracking', 'ld_library_path_lib')
[9.508s] INFO:colcon.colcon_core.shell:Creating environment hook '/home/khaledob/bookros2_ws/install/br2_tracking/share/br2_tracking/hook/ld_library_path_lib.ps1'
[9.515s] INFO:colcon.colcon_core.shell:Creating environment descriptor '/home/khaledob/bookros2_ws/install/br2_tracking/share/br2_tracking/hook/ld_library_path_lib.dsv'
[9.540s] INFO:colcon.colcon_core.shell:Creating environment hook '/home/khaledob/bookros2_ws/install/br2_tracking/share/br2_tracking/hook/ld_library_path_lib.sh'
[9.543s] Level 1:colcon.colcon_core.environment:checking '/home/khaledob/bookros2_ws/install/br2_tracking/bin'
[9.543s] Level 1:colcon.colcon_core.environment:checking '/home/khaledob/bookros2_ws/install/br2_tracking/lib/pkgconfig/br2_tracking.pc'
[9.544s] Level 1:colcon.colcon_core.environment:checking '/home/khaledob/bookros2_ws/install/br2_tracking/lib/python3.8/site-packages'
[9.544s] Level 1:colcon.colcon_core.environment:checking '/home/khaledob/bookros2_ws/install/br2_tracking/bin'
[9.544s] INFO:colcon.colcon_core.shell:Creating package script '/home/khaledob/bookros2_ws/install/br2_tracking/share/br2_tracking/package.ps1'
[9.554s] INFO:colcon.colcon_core.shell:Creating package descriptor '/home/khaledob/bookros2_ws/install/br2_tracking/share/br2_tracking/package.dsv'
[9.557s] INFO:colcon.colcon_core.shell:Creating package script '/home/khaledob/bookros2_ws/install/br2_tracking/share/br2_tracking/package.sh'
[9.565s] INFO:colcon.colcon_core.shell:Creating package script '/home/khaledob/bookros2_ws/install/br2_tracking/share/br2_tracking/package.bash'
[9.570s] INFO:colcon.colcon_core.shell:Creating package script '/home/khaledob/bookros2_ws/install/br2_tracking/share/br2_tracking/package.zsh'
[9.573s] Level 1:colcon.colcon_core.environment:create_file_with_runtime_dependencies(/home/khaledob/bookros2_ws/install/br2_tracking/share/colcon-core/packages/br2_tracking)
[9.577s] INFO:colcon.colcon_ros.task.ament_cmake.build:Building ROS package in '/home/khaledob/bookros2_ws/src/ThirdParty/ros2_controllers/joint_state_controller' with build type 'ament_cmake'
[9.577s] INFO:colcon.colcon_cmake.task.cmake.build:Building CMake package in '/home/khaledob/bookros2_ws/src/ThirdParty/ros2_controllers/joint_state_controller'
[9.578s] INFO:colcon.colcon_core.shell:Skip shell extension 'powershell' for command environment: Not usable outside of PowerShell
[9.578s] DEBUG:colcon.colcon_core.shell:Skip shell extension 'dsv' for command environment
[9.610s] INFO:colcon.colcon_ros.task.ament_cmake.build:Building ROS package in '/home/khaledob/bookros2_ws/src/ThirdParty/ros2_controllers/position_controllers' with build type 'ament_cmake'
[9.615s] INFO:colcon.colcon_cmake.task.cmake.build:Building CMake package in '/home/khaledob/bookros2_ws/src/ThirdParty/ros2_controllers/position_controllers'
[9.618s] INFO:colcon.colcon_core.shell:Skip shell extension 'powershell' for command environment: Not usable outside of PowerShell
[9.620s] DEBUG:colcon.colcon_core.shell:Skip shell extension 'dsv' for command environment
[9.666s] INFO:colcon.colcon_ros.task.ament_cmake.build:Building ROS package in '/home/khaledob/bookros2_ws/src/ThirdParty/ros2_controllers/force_torque_sensor_broadcaster' with build type 'ament_cmake'
[9.672s] INFO:colcon.colcon_cmake.task.cmake.build:Building CMake package in '/home/khaledob/bookros2_ws/src/ThirdParty/ros2_controllers/force_torque_sensor_broadcaster'
[9.695s] INFO:colcon.colcon_core.shell:Skip shell extension 'powershell' for command environment: Not usable outside of PowerShell
[9.695s] DEBUG:colcon.colcon_core.shell:Skip shell extension 'dsv' for command environment
[9.744s] Level 1:colcon.colcon_core.environment:create_environment_scripts_only(diff_drive_controller)
[9.746s] Level 1:colcon.colcon_core.environment:checking '/home/khaledob/bookros2_ws/install/diff_drive_controller' for CMake module files
[9.774s] Level 1:colcon.colcon_core.environment:checking '/home/khaledob/bookros2_ws/install/diff_drive_controller' for CMake config files
[9.779s] Level 1:colcon.colcon_core.shell:create_environment_hook('diff_drive_controller', 'cmake_prefix_path')
[9.779s] INFO:colcon.colcon_core.shell:Creating environment hook '/home/khaledob/bookros2_ws/install/diff_drive_controller/share/diff_drive_controller/hook/cmake_prefix_path.ps1'
[9.780s] DEBUG:colcon.colcon_core.event_handler.log_command:Invoked command in '/home/khaledob/bookros2_ws/build/diff_drive_controller' returned '0': CMAKE_PREFIX_PATH=/home/khaledob/bookros2_ws/install/controller_manager:/home/khaledob/bookros2_ws/install/controller_interface:/home/khaledob/bookros2_ws/install/hardware_interface:/home/khaledob/bookros2_ws/install/ros2_control_test_assets:/home/khaledob/bookros2_ws/install/controller_manager_msgs:/home/khaledob/bookros2_ws/install/task2b:/home/khaledob/bookros2_ws/install/task2a:/home/khaledob/bookros2_ws/install/gazebo_ros2_control_demos:/home/khaledob/bookros2_ws/install/ros2_controllers:/home/khaledob/bookros2_ws/install/velocity_controllers:/home/khaledob/bookros2_ws/install/urdf_test:/home/khaledob/bookros2_ws/install/tiago_simulation:/home/khaledob/bookros2_ws/install/tiago_robot:/home/khaledob/bookros2_ws/install/tiago_2dnav_gazebo:/home/khaledob/bookros2_ws/install/tiago_gazebo:/home/khaledob/bookros2_ws/install/tiago_bringup:/home/khaledob/bookros2_ws/install/pmb2_robot:/home/khaledob/bookros2_ws/install/pmb2_bringup:/home/khaledob/bookros2_ws/install/twist_mux:/home/khaledob/bookros2_ws/install/transmission_interface:/home/khaledob/bookros2_ws/install/tiago_description:/home/khaledob/bookros2_ws/install/tiago_description_calibration:/home/khaledob/bookros2_ws/install/tiago_controller_configuration:/home/khaledob/bookros2_ws/install/task1:/home/khaledob/bookros2_ws/install/ros2_control:/home/khaledob/bookros2_ws/install/pal_gripper:/home/khaledob/bookros2_ws/install/pal_gripper_controller_configuration:/home/khaledob/bookros2_ws/install/position_controllers:/home/khaledob/bookros2_ws/install/pmb2_navigation:/home/khaledob/bookros2_ws/install/pmb2_2dnav:/home/khaledob/bookros2_ws/install/pmb2_maps:/home/khaledob/bookros2_ws/install/pmb2_description:/home/khaledob/bookros2_ws/install/pmb2_controller_configuration:/home/khaledob/bookros2_ws/install/pal_gripper_description:/home/khaledob/bookros2_ws/install/pal_gazebo_worlds:/home/khaledob/bookros2_ws/install/joint_trajectory_controller:/home/khaledob/bookros2_ws/install/joint_state_controller:/home/khaledob/bookros2_ws/install/joint_state_broadcaster:/home/khaledob/bookros2_ws/install/imu_sensor_broadcaster:/home/khaledob/bookros2_ws/install/hey5_description:/home/khaledob/bookros2_ws/install/gripper_controllers:/home/khaledob/bookros2_ws/install/gazebo_ros2_control:/home/khaledob/bookros2_ws/install/effort_controllers:/home/khaledob/bookros2_ws/install/forward_command_controller:/home/khaledob/bookros2_ws/install/force_torque_sensor_broadcaster:/home/khaledob/bookros2_ws/install/diff_drive_controller:/home/khaledob/bookros2_ws/install/groot:/home/khaledob/bookros2_ws/install/br2_vff_avoidance:/home/khaledob/bookros2_ws/install/br2_tracking:/home/khaledob/bookros2_ws/install/br2_tracking_msgs:/home/khaledob/bookros2_ws/install/br2_tiago:/home/khaledob/bookros2_ws/install/br2_tf2_detector:/home/khaledob/bookros2_ws/install/br2_navigation:/home/khaledob/bookros2_ws/install/br2_fsm_bumpgo_cpp:/home/khaledob/bookros2_ws/install/br2_bt_patrolling:/home/khaledob/bookros2_ws/install/br2_bt_bumpgo:/home/khaledob/bookros2_ws/install/br2_basics:/home/khaledob/bookros2_ws/install/ros2controlcli:/home/khaledob/bookros2_ws/install/launch_pal:/home/khaledob/bookros2_ws/install/br2_fsm_bumpgo_py:/opt/ros/foxy LD_LIBRARY_PATH=/home/khaledob/bookros2_ws/install/controller_manager/lib:/home/khaledob/bookros2_ws/install/controller_interface/lib:/home/khaledob/bookros2_ws/install/hardware_interface/lib:/home/khaledob/bookros2_ws/install/controller_manager_msgs/lib:/home/khaledob/bookros2_ws/install/velocity_controllers/lib:/home/khaledob/bookros2_ws/install/position_controllers/lib:/home/khaledob/bookros2_ws/install/joint_trajectory_controller/lib:/home/khaledob/bookros2_ws/install/joint_state_controller/lib:/home/khaledob/bookros2_ws/install/joint_state_broadcaster/lib:/home/khaledob/bookros2_ws/install/imu_sensor_broadcaster/lib:/home/khaledob/bookros2_ws/install/gripper_controllers/lib:/home/khaledob/bookros2_ws/install/gazebo_ros2_control/lib:/home/khaledob/bookros2_ws/install/effort_controllers/lib:/home/khaledob/bookros2_ws/install/forward_command_controller/lib:/home/khaledob/bookros2_ws/install/force_torque_sensor_broadcaster/lib:/home/khaledob/bookros2_ws/install/diff_drive_controller/lib:/home/khaledob/bookros2_ws/install/groot/lib:/home/khaledob/bookros2_ws/install/br2_vff_avoidance/lib:/home/khaledob/bookros2_ws/install/br2_tracking/lib:/home/khaledob/bookros2_ws/install/br2_tracking_msgs/lib:/home/khaledob/bookros2_ws/install/br2_tf2_detector/lib:/home/khaledob/bookros2_ws/install/br2_bt_patrolling/lib:/home/khaledob/bookros2_ws/install/br2_bt_bumpgo/lib:/usr/lib/x86_64-linux-gnu/gazebo-11/plugins:/opt/ros/foxy/opt/yaml_cpp_vendor/lib:/opt/ros/foxy/opt/rviz_ogre_vendor/lib:/opt/ros/foxy/lib/x86_64-linux-gnu:/opt/ros/foxy/lib PYTHONPATH=/home/khaledob/bookros2_ws/install/controller_manager/lib/python3.8/site-packages:/home/khaledob/bookros2_ws/install/controller_manager_msgs/lib/python3.8/site-packages:/home/khaledob/bookros2_ws/install/urdf_test/lib/python3.8/site-packages:/home/khaledob/bookros2_ws/install/tiago_description/lib/python3.8/site-packages:/home/khaledob/bookros2_ws/build/ros2controlcli:/home/khaledob/bookros2_ws/install/ros2controlcli/lib/python3.8/site-packages:/home/khaledob/bookros2_ws/install/pmb2_description/lib/python3.8/site-packages:/home/khaledob/bookros2_ws/build/launch_pal:/home/khaledob/bookros2_ws/install/launch_pal/lib/python3.8/site-packages:/home/khaledob/bookros2_ws/install/br2_tracking_msgs/lib/python3.8/site-packages:/home/khaledob/bookros2_ws/build/br2_fsm_bumpgo_py:/home/khaledob/bookros2_ws/install/br2_fsm_bumpgo_py/lib/python3.8/site-packages:/opt/ros/foxy/lib/python3.8/site-packages /usr/bin/cmake --install /home/khaledob/bookros2_ws/build/diff_drive_controller
[9.784s] INFO:colcon.colcon_core.shell:Creating environment descriptor '/home/khaledob/bookros2_ws/install/diff_drive_controller/share/diff_drive_controller/hook/cmake_prefix_path.dsv'
[9.786s] INFO:colcon.colcon_core.shell:Creating environment hook '/home/khaledob/bookros2_ws/install/diff_drive_controller/share/diff_drive_controller/hook/cmake_prefix_path.sh'
[9.789s] Level 1:colcon.colcon_core.environment:checking '/home/khaledob/bookros2_ws/install/diff_drive_controller/lib'
[9.789s] Level 1:colcon.colcon_core.shell:create_environment_hook('diff_drive_controller', 'ld_library_path_lib')
[9.790s] INFO:colcon.colcon_core.shell:Creating environment hook '/home/khaledob/bookros2_ws/install/diff_drive_controller/share/diff_drive_controller/hook/ld_library_path_lib.ps1'
[9.790s] INFO:colcon.colcon_core.shell:Creating environment descriptor '/home/khaledob/bookros2_ws/install/diff_drive_controller/share/diff_drive_controller/hook/ld_library_path_lib.dsv'
[9.791s] INFO:colcon.colcon_core.shell:Creating environment hook '/home/khaledob/bookros2_ws/install/diff_drive_controller/share/diff_drive_controller/hook/ld_library_path_lib.sh'
[9.793s] Level 1:colcon.colcon_core.environment:checking '/home/khaledob/bookros2_ws/install/diff_drive_controller/bin'
[9.794s] Level 1:colcon.colcon_core.environment:checking '/home/khaledob/bookros2_ws/install/diff_drive_controller/lib/pkgconfig/diff_drive_controller.pc'
[9.794s] Level 1:colcon.colcon_core.environment:checking '/home/khaledob/bookros2_ws/install/diff_drive_controller/lib/python3.8/site-packages'
[9.795s] Level 1:colcon.colcon_core.environment:checking '/home/khaledob/bookros2_ws/install/diff_drive_controller/bin'
[9.795s] INFO:colcon.colcon_core.shell:Creating package script '/home/khaledob/bookros2_ws/install/diff_drive_controller/share/diff_drive_controller/package.ps1'
[9.801s] INFO:colcon.colcon_core.shell:Creating package descriptor '/home/khaledob/bookros2_ws/install/diff_drive_controller/share/diff_drive_controller/package.dsv'
[9.803s] INFO:colcon.colcon_core.shell:Creating package script '/home/khaledob/bookros2_ws/install/diff_drive_controller/share/diff_drive_controller/package.sh'
[9.805s] INFO:colcon.colcon_core.shell:Creating package script '/home/khaledob/bookros2_ws/install/diff_drive_controller/share/diff_drive_controller/package.bash'
[9.806s] INFO:colcon.colcon_core.shell:Creating package script '/home/khaledob/bookros2_ws/install/diff_drive_controller/share/diff_drive_controller/package.zsh'
[9.813s] Level 1:colcon.colcon_core.environment:create_file_with_runtime_dependencies(/home/khaledob/bookros2_ws/install/diff_drive_controller/share/colcon-core/packages/diff_drive_controller)
[9.816s] Level 1:colcon.colcon_core.environment:create_environment_scripts_only(diff_drive_controller)
[9.816s] Level 1:colcon.colcon_core.environment:checking '/home/khaledob/bookros2_ws/install/diff_drive_controller' for CMake module files
[9.819s] Level 1:colcon.colcon_core.environment:checking '/home/khaledob/bookros2_ws/install/diff_drive_controller' for CMake config files
[9.820s] Level 1:colcon.colcon_core.shell:create_environment_hook('diff_drive_controller', 'cmake_prefix_path')
[9.821s] INFO:colcon.colcon_core.shell:Creating environment hook '/home/khaledob/bookros2_ws/install/diff_drive_controller/share/diff_drive_controller/hook/cmake_prefix_path.ps1'
[9.822s] INFO:colcon.colcon_core.shell:Creating environment descriptor '/home/khaledob/bookros2_ws/install/diff_drive_controller/share/diff_drive_controller/hook/cmake_prefix_path.dsv'
[9.823s] INFO:colcon.colcon_core.shell:Creating environment hook '/home/khaledob/bookros2_ws/install/diff_drive_controller/share/diff_drive_controller/hook/cmake_prefix_path.sh'
[9.824s] Level 1:colcon.colcon_core.environment:checking '/home/khaledob/bookros2_ws/install/diff_drive_controller/lib'
[9.825s] Level 1:colcon.colcon_core.shell:create_environment_hook('diff_drive_controller', 'ld_library_path_lib')
[9.825s] INFO:colcon.colcon_core.shell:Creating environment hook '/home/khaledob/bookros2_ws/install/diff_drive_controller/share/diff_drive_controller/hook/ld_library_path_lib.ps1'
[9.826s] INFO:colcon.colcon_core.shell:Creating environment descriptor '/home/khaledob/bookros2_ws/install/diff_drive_controller/share/diff_drive_controller/hook/ld_library_path_lib.dsv'
[9.828s] INFO:colcon.colcon_core.shell:Creating environment hook '/home/khaledob/bookros2_ws/install/diff_drive_controller/share/diff_drive_controller/hook/ld_library_path_lib.sh'
[9.829s] Level 1:colcon.colcon_core.environment:checking '/home/khaledob/bookros2_ws/install/diff_drive_controller/bin'
[9.829s] Level 1:colcon.colcon_core.environment:checking '/home/khaledob/bookros2_ws/install/diff_drive_controller/lib/pkgconfig/diff_drive_controller.pc'
[9.830s] Level 1:colcon.colcon_core.environment:checking '/home/khaledob/bookros2_ws/install/diff_drive_controller/lib/python3.8/site-packages'
[9.831s] Level 1:colcon.colcon_core.environment:checking '/home/khaledob/bookros2_ws/install/diff_drive_controller/bin'
[9.831s] INFO:colcon.colcon_core.shell:Creating package script '/home/khaledob/bookros2_ws/install/diff_drive_controller/share/diff_drive_controller/package.ps1'
[9.833s] INFO:colcon.colcon_core.shell:Creating package descriptor '/home/khaledob/bookros2_ws/install/diff_drive_controller/share/diff_drive_controller/package.dsv'
[9.835s] INFO:colcon.colcon_core.shell:Creating package script '/home/khaledob/bookros2_ws/install/diff_drive_controller/share/diff_drive_controller/package.sh'
[9.836s] INFO:colcon.colcon_core.shell:Creating package script '/home/khaledob/bookros2_ws/install/diff_drive_controller/share/diff_drive_controller/package.bash'
[9.838s] INFO:colcon.colcon_core.shell:Creating package script '/home/khaledob/bookros2_ws/install/diff_drive_controller/share/diff_drive_controller/package.zsh'
[9.839s] Level 1:colcon.colcon_core.environment:create_file_with_runtime_dependencies(/home/khaledob/bookros2_ws/install/diff_drive_controller/share/colcon-core/packages/diff_drive_controller)
[9.844s] INFO:colcon.colcon_ros.task.ament_python.build:Building ROS package in '/home/khaledob/bookros2_ws/src/ThirdParty/ros2_control/ros2controlcli' with build type 'ament_python'
[9.844s] Level 1:colcon.colcon_core.shell:create_environment_hook('ros2controlcli', 'ament_prefix_path')
[9.848s] INFO:colcon.colcon_core.shell:Creating environment hook '/home/khaledob/bookros2_ws/install/ros2controlcli/share/ros2controlcli/hook/ament_prefix_path.ps1'
[9.851s] INFO:colcon.colcon_core.shell:Creating environment descriptor '/home/khaledob/bookros2_ws/install/ros2controlcli/share/ros2controlcli/hook/ament_prefix_path.dsv'
[9.853s] INFO:colcon.colcon_core.shell:Creating environment hook '/home/khaledob/bookros2_ws/install/ros2controlcli/share/ros2controlcli/hook/ament_prefix_path.sh'
[9.854s] INFO:colcon.colcon_core.shell:Skip shell extension 'powershell' for command environment: Not usable outside of PowerShell
[9.855s] DEBUG:colcon.colcon_core.shell:Skip shell extension 'dsv' for command environment
[9.875s] DEBUG:colcon.colcon_core.event_handler.log_command:Invoked command in '/home/khaledob/bookros2_ws/build/joint_trajectory_controller' returned '0': CMAKE_PREFIX_PATH=/home/khaledob/bookros2_ws/install/controller_manager:/home/khaledob/bookros2_ws/install/controller_interface:/home/khaledob/bookros2_ws/install/hardware_interface:/home/khaledob/bookros2_ws/install/ros2_control_test_assets:/home/khaledob/bookros2_ws/install/controller_manager_msgs:/home/khaledob/bookros2_ws/install/task2b:/home/khaledob/bookros2_ws/install/task2a:/home/khaledob/bookros2_ws/install/gazebo_ros2_control_demos:/home/khaledob/bookros2_ws/install/ros2_controllers:/home/khaledob/bookros2_ws/install/velocity_controllers:/home/khaledob/bookros2_ws/install/urdf_test:/home/khaledob/bookros2_ws/install/tiago_simulation:/home/khaledob/bookros2_ws/install/tiago_robot:/home/khaledob/bookros2_ws/install/tiago_2dnav_gazebo:/home/khaledob/bookros2_ws/install/tiago_gazebo:/home/khaledob/bookros2_ws/install/tiago_bringup:/home/khaledob/bookros2_ws/install/pmb2_robot:/home/khaledob/bookros2_ws/install/pmb2_bringup:/home/khaledob/bookros2_ws/install/twist_mux:/home/khaledob/bookros2_ws/install/transmission_interface:/home/khaledob/bookros2_ws/install/tiago_description:/home/khaledob/bookros2_ws/install/tiago_description_calibration:/home/khaledob/bookros2_ws/install/tiago_controller_configuration:/home/khaledob/bookros2_ws/install/task1:/home/khaledob/bookros2_ws/install/ros2_control:/home/khaledob/bookros2_ws/install/pal_gripper:/home/khaledob/bookros2_ws/install/pal_gripper_controller_configuration:/home/khaledob/bookros2_ws/install/position_controllers:/home/khaledob/bookros2_ws/install/pmb2_navigation:/home/khaledob/bookros2_ws/install/pmb2_2dnav:/home/khaledob/bookros2_ws/install/pmb2_maps:/home/khaledob/bookros2_ws/install/pmb2_description:/home/khaledob/bookros2_ws/install/pmb2_controller_configuration:/home/khaledob/bookros2_ws/install/pal_gripper_description:/home/khaledob/bookros2_ws/install/pal_gazebo_worlds:/home/khaledob/bookros2_ws/install/joint_trajectory_controller:/home/khaledob/bookros2_ws/install/joint_state_controller:/home/khaledob/bookros2_ws/install/joint_state_broadcaster:/home/khaledob/bookros2_ws/install/imu_sensor_broadcaster:/home/khaledob/bookros2_ws/install/hey5_description:/home/khaledob/bookros2_ws/install/gripper_controllers:/home/khaledob/bookros2_ws/install/gazebo_ros2_control:/home/khaledob/bookros2_ws/install/effort_controllers:/home/khaledob/bookros2_ws/install/forward_command_controller:/home/khaledob/bookros2_ws/install/force_torque_sensor_broadcaster:/home/khaledob/bookros2_ws/install/diff_drive_controller:/home/khaledob/bookros2_ws/install/groot:/home/khaledob/bookros2_ws/install/br2_vff_avoidance:/home/khaledob/bookros2_ws/install/br2_tracking:/home/khaledob/bookros2_ws/install/br2_tracking_msgs:/home/khaledob/bookros2_ws/install/br2_tiago:/home/khaledob/bookros2_ws/install/br2_tf2_detector:/home/khaledob/bookros2_ws/install/br2_navigation:/home/khaledob/bookros2_ws/install/br2_fsm_bumpgo_cpp:/home/khaledob/bookros2_ws/install/br2_bt_patrolling:/home/khaledob/bookros2_ws/install/br2_bt_bumpgo:/home/khaledob/bookros2_ws/install/br2_basics:/home/khaledob/bookros2_ws/install/ros2controlcli:/home/khaledob/bookros2_ws/install/launch_pal:/home/khaledob/bookros2_ws/install/br2_fsm_bumpgo_py:/opt/ros/foxy LD_LIBRARY_PATH=/home/khaledob/bookros2_ws/install/controller_manager/lib:/home/khaledob/bookros2_ws/install/controller_interface/lib:/home/khaledob/bookros2_ws/install/hardware_interface/lib:/home/khaledob/bookros2_ws/install/controller_manager_msgs/lib:/home/khaledob/bookros2_ws/install/velocity_controllers/lib:/home/khaledob/bookros2_ws/install/position_controllers/lib:/home/khaledob/bookros2_ws/install/joint_trajectory_controller/lib:/home/khaledob/bookros2_ws/install/joint_state_controller/lib:/home/khaledob/bookros2_ws/install/joint_state_broadcaster/lib:/home/khaledob/bookros2_ws/install/imu_sensor_broadcaster/lib:/home/khaledob/bookros2_ws/install/gripper_controllers/lib:/home/khaledob/bookros2_ws/install/gazebo_ros2_control/lib:/home/khaledob/bookros2_ws/install/effort_controllers/lib:/home/khaledob/bookros2_ws/install/forward_command_controller/lib:/home/khaledob/bookros2_ws/install/force_torque_sensor_broadcaster/lib:/home/khaledob/bookros2_ws/install/diff_drive_controller/lib:/home/khaledob/bookros2_ws/install/groot/lib:/home/khaledob/bookros2_ws/install/br2_vff_avoidance/lib:/home/khaledob/bookros2_ws/install/br2_tracking/lib:/home/khaledob/bookros2_ws/install/br2_tracking_msgs/lib:/home/khaledob/bookros2_ws/install/br2_tf2_detector/lib:/home/khaledob/bookros2_ws/install/br2_bt_patrolling/lib:/home/khaledob/bookros2_ws/install/br2_bt_bumpgo/lib:/usr/lib/x86_64-linux-gnu/gazebo-11/plugins:/opt/ros/foxy/opt/yaml_cpp_vendor/lib:/opt/ros/foxy/opt/rviz_ogre_vendor/lib:/opt/ros/foxy/lib/x86_64-linux-gnu:/opt/ros/foxy/lib PYTHONPATH=/home/khaledob/bookros2_ws/install/controller_manager/lib/python3.8/site-packages:/home/khaledob/bookros2_ws/install/controller_manager_msgs/lib/python3.8/site-packages:/home/khaledob/bookros2_ws/install/urdf_test/lib/python3.8/site-packages:/home/khaledob/bookros2_ws/install/tiago_description/lib/python3.8/site-packages:/home/khaledob/bookros2_ws/build/ros2controlcli:/home/khaledob/bookros2_ws/install/ros2controlcli/lib/python3.8/site-packages:/home/khaledob/bookros2_ws/install/pmb2_description/lib/python3.8/site-packages:/home/khaledob/bookros2_ws/build/launch_pal:/home/khaledob/bookros2_ws/install/launch_pal/lib/python3.8/site-packages:/home/khaledob/bookros2_ws/install/br2_tracking_msgs/lib/python3.8/site-packages:/home/khaledob/bookros2_ws/build/br2_fsm_bumpgo_py:/home/khaledob/bookros2_ws/install/br2_fsm_bumpgo_py/lib/python3.8/site-packages:/opt/ros/foxy/lib/python3.8/site-packages /usr/bin/cmake --build /home/khaledob/bookros2_ws/build/joint_trajectory_controller -- -j7 -l7
[9.877s] DEBUG:colcon.colcon_core.event_handler.log_command:Invoking command in '/home/khaledob/bookros2_ws/build/joint_trajectory_controller': CMAKE_PREFIX_PATH=/home/khaledob/bookros2_ws/install/controller_manager:/home/khaledob/bookros2_ws/install/controller_interface:/home/khaledob/bookros2_ws/install/hardware_interface:/home/khaledob/bookros2_ws/install/ros2_control_test_assets:/home/khaledob/bookros2_ws/install/controller_manager_msgs:/home/khaledob/bookros2_ws/install/task2b:/home/khaledob/bookros2_ws/install/task2a:/home/khaledob/bookros2_ws/install/gazebo_ros2_control_demos:/home/khaledob/bookros2_ws/install/ros2_controllers:/home/khaledob/bookros2_ws/install/velocity_controllers:/home/khaledob/bookros2_ws/install/urdf_test:/home/khaledob/bookros2_ws/install/tiago_simulation:/home/khaledob/bookros2_ws/install/tiago_robot:/home/khaledob/bookros2_ws/install/tiago_2dnav_gazebo:/home/khaledob/bookros2_ws/install/tiago_gazebo:/home/khaledob/bookros2_ws/install/tiago_bringup:/home/khaledob/bookros2_ws/install/pmb2_robot:/home/khaledob/bookros2_ws/install/pmb2_bringup:/home/khaledob/bookros2_ws/install/twist_mux:/home/khaledob/bookros2_ws/install/transmission_interface:/home/khaledob/bookros2_ws/install/tiago_description:/home/khaledob/bookros2_ws/install/tiago_description_calibration:/home/khaledob/bookros2_ws/install/tiago_controller_configuration:/home/khaledob/bookros2_ws/install/task1:/home/khaledob/bookros2_ws/install/ros2_control:/home/khaledob/bookros2_ws/install/pal_gripper:/home/khaledob/bookros2_ws/install/pal_gripper_controller_configuration:/home/khaledob/bookros2_ws/install/position_controllers:/home/khaledob/bookros2_ws/install/pmb2_navigation:/home/khaledob/bookros2_ws/install/pmb2_2dnav:/home/khaledob/bookros2_ws/install/pmb2_maps:/home/khaledob/bookros2_ws/install/pmb2_description:/home/khaledob/bookros2_ws/install/pmb2_controller_configuration:/home/khaledob/bookros2_ws/install/pal_gripper_description:/home/khaledob/bookros2_ws/install/pal_gazebo_worlds:/home/khaledob/bookros2_ws/install/joint_trajectory_controller:/home/khaledob/bookros2_ws/install/joint_state_controller:/home/khaledob/bookros2_ws/install/joint_state_broadcaster:/home/khaledob/bookros2_ws/install/imu_sensor_broadcaster:/home/khaledob/bookros2_ws/install/hey5_description:/home/khaledob/bookros2_ws/install/gripper_controllers:/home/khaledob/bookros2_ws/install/gazebo_ros2_control:/home/khaledob/bookros2_ws/install/effort_controllers:/home/khaledob/bookros2_ws/install/forward_command_controller:/home/khaledob/bookros2_ws/install/force_torque_sensor_broadcaster:/home/khaledob/bookros2_ws/install/diff_drive_controller:/home/khaledob/bookros2_ws/install/groot:/home/khaledob/bookros2_ws/install/br2_vff_avoidance:/home/khaledob/bookros2_ws/install/br2_tracking:/home/khaledob/bookros2_ws/install/br2_tracking_msgs:/home/khaledob/bookros2_ws/install/br2_tiago:/home/khaledob/bookros2_ws/install/br2_tf2_detector:/home/khaledob/bookros2_ws/install/br2_navigation:/home/khaledob/bookros2_ws/install/br2_fsm_bumpgo_cpp:/home/khaledob/bookros2_ws/install/br2_bt_patrolling:/home/khaledob/bookros2_ws/install/br2_bt_bumpgo:/home/khaledob/bookros2_ws/install/br2_basics:/home/khaledob/bookros2_ws/install/ros2controlcli:/home/khaledob/bookros2_ws/install/launch_pal:/home/khaledob/bookros2_ws/install/br2_fsm_bumpgo_py:/opt/ros/foxy LD_LIBRARY_PATH=/home/khaledob/bookros2_ws/install/controller_manager/lib:/home/khaledob/bookros2_ws/install/controller_interface/lib:/home/khaledob/bookros2_ws/install/hardware_interface/lib:/home/khaledob/bookros2_ws/install/controller_manager_msgs/lib:/home/khaledob/bookros2_ws/install/velocity_controllers/lib:/home/khaledob/bookros2_ws/install/position_controllers/lib:/home/khaledob/bookros2_ws/install/joint_trajectory_controller/lib:/home/khaledob/bookros2_ws/install/joint_state_controller/lib:/home/khaledob/bookros2_ws/install/joint_state_broadcaster/lib:/home/khaledob/bookros2_ws/install/imu_sensor_broadcaster/lib:/home/khaledob/bookros2_ws/install/gripper_controllers/lib:/home/khaledob/bookros2_ws/install/gazebo_ros2_control/lib:/home/khaledob/bookros2_ws/install/effort_controllers/lib:/home/khaledob/bookros2_ws/install/forward_command_controller/lib:/home/khaledob/bookros2_ws/install/force_torque_sensor_broadcaster/lib:/home/khaledob/bookros2_ws/install/diff_drive_controller/lib:/home/khaledob/bookros2_ws/install/groot/lib:/home/khaledob/bookros2_ws/install/br2_vff_avoidance/lib:/home/khaledob/bookros2_ws/install/br2_tracking/lib:/home/khaledob/bookros2_ws/install/br2_tracking_msgs/lib:/home/khaledob/bookros2_ws/install/br2_tf2_detector/lib:/home/khaledob/bookros2_ws/install/br2_bt_patrolling/lib:/home/khaledob/bookros2_ws/install/br2_bt_bumpgo/lib:/usr/lib/x86_64-linux-gnu/gazebo-11/plugins:/opt/ros/foxy/opt/yaml_cpp_vendor/lib:/opt/ros/foxy/opt/rviz_ogre_vendor/lib:/opt/ros/foxy/lib/x86_64-linux-gnu:/opt/ros/foxy/lib PYTHONPATH=/home/khaledob/bookros2_ws/install/controller_manager/lib/python3.8/site-packages:/home/khaledob/bookros2_ws/install/controller_manager_msgs/lib/python3.8/site-packages:/home/khaledob/bookros2_ws/install/urdf_test/lib/python3.8/site-packages:/home/khaledob/bookros2_ws/install/tiago_description/lib/python3.8/site-packages:/home/khaledob/bookros2_ws/build/ros2controlcli:/home/khaledob/bookros2_ws/install/ros2controlcli/lib/python3.8/site-packages:/home/khaledob/bookros2_ws/install/pmb2_description/lib/python3.8/site-packages:/home/khaledob/bookros2_ws/build/launch_pal:/home/khaledob/bookros2_ws/install/launch_pal/lib/python3.8/site-packages:/home/khaledob/bookros2_ws/install/br2_tracking_msgs/lib/python3.8/site-packages:/home/khaledob/bookros2_ws/build/br2_fsm_bumpgo_py:/home/khaledob/bookros2_ws/install/br2_fsm_bumpgo_py/lib/python3.8/site-packages:/opt/ros/foxy/lib/python3.8/site-packages /usr/bin/cmake --install /home/khaledob/bookros2_ws/build/joint_trajectory_controller
[9.933s] DEBUG:colcon.colcon_core.event_handler.log_command:Invoked command in '/home/khaledob/bookros2_ws/build/imu_sensor_broadcaster' returned '0': CMAKE_PREFIX_PATH=/home/khaledob/bookros2_ws/install/controller_manager:/home/khaledob/bookros2_ws/install/controller_interface:/home/khaledob/bookros2_ws/install/hardware_interface:/home/khaledob/bookros2_ws/install/ros2_control_test_assets:/home/khaledob/bookros2_ws/install/controller_manager_msgs:/home/khaledob/bookros2_ws/install/task2b:/home/khaledob/bookros2_ws/install/task2a:/home/khaledob/bookros2_ws/install/gazebo_ros2_control_demos:/home/khaledob/bookros2_ws/install/ros2_controllers:/home/khaledob/bookros2_ws/install/velocity_controllers:/home/khaledob/bookros2_ws/install/urdf_test:/home/khaledob/bookros2_ws/install/tiago_simulation:/home/khaledob/bookros2_ws/install/tiago_robot:/home/khaledob/bookros2_ws/install/tiago_2dnav_gazebo:/home/khaledob/bookros2_ws/install/tiago_gazebo:/home/khaledob/bookros2_ws/install/tiago_bringup:/home/khaledob/bookros2_ws/install/pmb2_robot:/home/khaledob/bookros2_ws/install/pmb2_bringup:/home/khaledob/bookros2_ws/install/twist_mux:/home/khaledob/bookros2_ws/install/transmission_interface:/home/khaledob/bookros2_ws/install/tiago_description:/home/khaledob/bookros2_ws/install/tiago_description_calibration:/home/khaledob/bookros2_ws/install/tiago_controller_configuration:/home/khaledob/bookros2_ws/install/task1:/home/khaledob/bookros2_ws/install/ros2_control:/home/khaledob/bookros2_ws/install/pal_gripper:/home/khaledob/bookros2_ws/install/pal_gripper_controller_configuration:/home/khaledob/bookros2_ws/install/position_controllers:/home/khaledob/bookros2_ws/install/pmb2_navigation:/home/khaledob/bookros2_ws/install/pmb2_2dnav:/home/khaledob/bookros2_ws/install/pmb2_maps:/home/khaledob/bookros2_ws/install/pmb2_description:/home/khaledob/bookros2_ws/install/pmb2_controller_configuration:/home/khaledob/bookros2_ws/install/pal_gripper_description:/home/khaledob/bookros2_ws/install/pal_gazebo_worlds:/home/khaledob/bookros2_ws/install/joint_trajectory_controller:/home/khaledob/bookros2_ws/install/joint_state_controller:/home/khaledob/bookros2_ws/install/joint_state_broadcaster:/home/khaledob/bookros2_ws/install/imu_sensor_broadcaster:/home/khaledob/bookros2_ws/install/hey5_description:/home/khaledob/bookros2_ws/install/gripper_controllers:/home/khaledob/bookros2_ws/install/gazebo_ros2_control:/home/khaledob/bookros2_ws/install/effort_controllers:/home/khaledob/bookros2_ws/install/forward_command_controller:/home/khaledob/bookros2_ws/install/force_torque_sensor_broadcaster:/home/khaledob/bookros2_ws/install/diff_drive_controller:/home/khaledob/bookros2_ws/install/groot:/home/khaledob/bookros2_ws/install/br2_vff_avoidance:/home/khaledob/bookros2_ws/install/br2_tracking:/home/khaledob/bookros2_ws/install/br2_tracking_msgs:/home/khaledob/bookros2_ws/install/br2_tiago:/home/khaledob/bookros2_ws/install/br2_tf2_detector:/home/khaledob/bookros2_ws/install/br2_navigation:/home/khaledob/bookros2_ws/install/br2_fsm_bumpgo_cpp:/home/khaledob/bookros2_ws/install/br2_bt_patrolling:/home/khaledob/bookros2_ws/install/br2_bt_bumpgo:/home/khaledob/bookros2_ws/install/br2_basics:/home/khaledob/bookros2_ws/install/ros2controlcli:/home/khaledob/bookros2_ws/install/launch_pal:/home/khaledob/bookros2_ws/install/br2_fsm_bumpgo_py:/opt/ros/foxy LD_LIBRARY_PATH=/home/khaledob/bookros2_ws/install/controller_manager/lib:/home/khaledob/bookros2_ws/install/controller_interface/lib:/home/khaledob/bookros2_ws/install/hardware_interface/lib:/home/khaledob/bookros2_ws/install/controller_manager_msgs/lib:/home/khaledob/bookros2_ws/install/velocity_controllers/lib:/home/khaledob/bookros2_ws/install/position_controllers/lib:/home/khaledob/bookros2_ws/install/joint_trajectory_controller/lib:/home/khaledob/bookros2_ws/install/joint_state_controller/lib:/home/khaledob/bookros2_ws/install/joint_state_broadcaster/lib:/home/khaledob/bookros2_ws/install/imu_sensor_broadcaster/lib:/home/khaledob/bookros2_ws/install/gripper_controllers/lib:/home/khaledob/bookros2_ws/install/gazebo_ros2_control/lib:/home/khaledob/bookros2_ws/install/effort_controllers/lib:/home/khaledob/bookros2_ws/install/forward_command_controller/lib:/home/khaledob/bookros2_ws/install/force_torque_sensor_broadcaster/lib:/home/khaledob/bookros2_ws/install/diff_drive_controller/lib:/home/khaledob/bookros2_ws/install/groot/lib:/home/khaledob/bookros2_ws/install/br2_vff_avoidance/lib:/home/khaledob/bookros2_ws/install/br2_tracking/lib:/home/khaledob/bookros2_ws/install/br2_tracking_msgs/lib:/home/khaledob/bookros2_ws/install/br2_tf2_detector/lib:/home/khaledob/bookros2_ws/install/br2_bt_patrolling/lib:/home/khaledob/bookros2_ws/install/br2_bt_bumpgo/lib:/usr/lib/x86_64-linux-gnu/gazebo-11/plugins:/opt/ros/foxy/opt/yaml_cpp_vendor/lib:/opt/ros/foxy/opt/rviz_ogre_vendor/lib:/opt/ros/foxy/lib/x86_64-linux-gnu:/opt/ros/foxy/lib PYTHONPATH=/home/khaledob/bookros2_ws/install/controller_manager/lib/python3.8/site-packages:/home/khaledob/bookros2_ws/install/controller_manager_msgs/lib/python3.8/site-packages:/home/khaledob/bookros2_ws/install/urdf_test/lib/python3.8/site-packages:/home/khaledob/bookros2_ws/install/tiago_description/lib/python3.8/site-packages:/home/khaledob/bookros2_ws/build/ros2controlcli:/home/khaledob/bookros2_ws/install/ros2controlcli/lib/python3.8/site-packages:/home/khaledob/bookros2_ws/install/pmb2_description/lib/python3.8/site-packages:/home/khaledob/bookros2_ws/build/launch_pal:/home/khaledob/bookros2_ws/install/launch_pal/lib/python3.8/site-packages:/home/khaledob/bookros2_ws/install/br2_tracking_msgs/lib/python3.8/site-packages:/home/khaledob/bookros2_ws/build/br2_fsm_bumpgo_py:/home/khaledob/bookros2_ws/install/br2_fsm_bumpgo_py/lib/python3.8/site-packages:/opt/ros/foxy/lib/python3.8/site-packages /usr/bin/cmake --build /home/khaledob/bookros2_ws/build/imu_sensor_broadcaster -- -j7 -l7
[9.934s] DEBUG:colcon.colcon_core.event_handler.log_command:Invoking command in '/home/khaledob/bookros2_ws/build/imu_sensor_broadcaster': CMAKE_PREFIX_PATH=/home/khaledob/bookros2_ws/install/controller_manager:/home/khaledob/bookros2_ws/install/controller_interface:/home/khaledob/bookros2_ws/install/hardware_interface:/home/khaledob/bookros2_ws/install/ros2_control_test_assets:/home/khaledob/bookros2_ws/install/controller_manager_msgs:/home/khaledob/bookros2_ws/install/task2b:/home/khaledob/bookros2_ws/install/task2a:/home/khaledob/bookros2_ws/install/gazebo_ros2_control_demos:/home/khaledob/bookros2_ws/install/ros2_controllers:/home/khaledob/bookros2_ws/install/velocity_controllers:/home/khaledob/bookros2_ws/install/urdf_test:/home/khaledob/bookros2_ws/install/tiago_simulation:/home/khaledob/bookros2_ws/install/tiago_robot:/home/khaledob/bookros2_ws/install/tiago_2dnav_gazebo:/home/khaledob/bookros2_ws/install/tiago_gazebo:/home/khaledob/bookros2_ws/install/tiago_bringup:/home/khaledob/bookros2_ws/install/pmb2_robot:/home/khaledob/bookros2_ws/install/pmb2_bringup:/home/khaledob/bookros2_ws/install/twist_mux:/home/khaledob/bookros2_ws/install/transmission_interface:/home/khaledob/bookros2_ws/install/tiago_description:/home/khaledob/bookros2_ws/install/tiago_description_calibration:/home/khaledob/bookros2_ws/install/tiago_controller_configuration:/home/khaledob/bookros2_ws/install/task1:/home/khaledob/bookros2_ws/install/ros2_control:/home/khaledob/bookros2_ws/install/pal_gripper:/home/khaledob/bookros2_ws/install/pal_gripper_controller_configuration:/home/khaledob/bookros2_ws/install/position_controllers:/home/khaledob/bookros2_ws/install/pmb2_navigation:/home/khaledob/bookros2_ws/install/pmb2_2dnav:/home/khaledob/bookros2_ws/install/pmb2_maps:/home/khaledob/bookros2_ws/install/pmb2_description:/home/khaledob/bookros2_ws/install/pmb2_controller_configuration:/home/khaledob/bookros2_ws/install/pal_gripper_description:/home/khaledob/bookros2_ws/install/pal_gazebo_worlds:/home/khaledob/bookros2_ws/install/joint_trajectory_controller:/home/khaledob/bookros2_ws/install/joint_state_controller:/home/khaledob/bookros2_ws/install/joint_state_broadcaster:/home/khaledob/bookros2_ws/install/imu_sensor_broadcaster:/home/khaledob/bookros2_ws/install/hey5_description:/home/khaledob/bookros2_ws/install/gripper_controllers:/home/khaledob/bookros2_ws/install/gazebo_ros2_control:/home/khaledob/bookros2_ws/install/effort_controllers:/home/khaledob/bookros2_ws/install/forward_command_controller:/home/khaledob/bookros2_ws/install/force_torque_sensor_broadcaster:/home/khaledob/bookros2_ws/install/diff_drive_controller:/home/khaledob/bookros2_ws/install/groot:/home/khaledob/bookros2_ws/install/br2_vff_avoidance:/home/khaledob/bookros2_ws/install/br2_tracking:/home/khaledob/bookros2_ws/install/br2_tracking_msgs:/home/khaledob/bookros2_ws/install/br2_tiago:/home/khaledob/bookros2_ws/install/br2_tf2_detector:/home/khaledob/bookros2_ws/install/br2_navigation:/home/khaledob/bookros2_ws/install/br2_fsm_bumpgo_cpp:/home/khaledob/bookros2_ws/install/br2_bt_patrolling:/home/khaledob/bookros2_ws/install/br2_bt_bumpgo:/home/khaledob/bookros2_ws/install/br2_basics:/home/khaledob/bookros2_ws/install/ros2controlcli:/home/khaledob/bookros2_ws/install/launch_pal:/home/khaledob/bookros2_ws/install/br2_fsm_bumpgo_py:/opt/ros/foxy LD_LIBRARY_PATH=/home/khaledob/bookros2_ws/install/controller_manager/lib:/home/khaledob/bookros2_ws/install/controller_interface/lib:/home/khaledob/bookros2_ws/install/hardware_interface/lib:/home/khaledob/bookros2_ws/install/controller_manager_msgs/lib:/home/khaledob/bookros2_ws/install/velocity_controllers/lib:/home/khaledob/bookros2_ws/install/position_controllers/lib:/home/khaledob/bookros2_ws/install/joint_trajectory_controller/lib:/home/khaledob/bookros2_ws/install/joint_state_controller/lib:/home/khaledob/bookros2_ws/install/joint_state_broadcaster/lib:/home/khaledob/bookros2_ws/install/imu_sensor_broadcaster/lib:/home/khaledob/bookros2_ws/install/gripper_controllers/lib:/home/khaledob/bookros2_ws/install/gazebo_ros2_control/lib:/home/khaledob/bookros2_ws/install/effort_controllers/lib:/home/khaledob/bookros2_ws/install/forward_command_controller/lib:/home/khaledob/bookros2_ws/install/force_torque_sensor_broadcaster/lib:/home/khaledob/bookros2_ws/install/diff_drive_controller/lib:/home/khaledob/bookros2_ws/install/groot/lib:/home/khaledob/bookros2_ws/install/br2_vff_avoidance/lib:/home/khaledob/bookros2_ws/install/br2_tracking/lib:/home/khaledob/bookros2_ws/install/br2_tracking_msgs/lib:/home/khaledob/bookros2_ws/install/br2_tf2_detector/lib:/home/khaledob/bookros2_ws/install/br2_bt_patrolling/lib:/home/khaledob/bookros2_ws/install/br2_bt_bumpgo/lib:/usr/lib/x86_64-linux-gnu/gazebo-11/plugins:/opt/ros/foxy/opt/yaml_cpp_vendor/lib:/opt/ros/foxy/opt/rviz_ogre_vendor/lib:/opt/ros/foxy/lib/x86_64-linux-gnu:/opt/ros/foxy/lib PYTHONPATH=/home/khaledob/bookros2_ws/install/controller_manager/lib/python3.8/site-packages:/home/khaledob/bookros2_ws/install/controller_manager_msgs/lib/python3.8/site-packages:/home/khaledob/bookros2_ws/install/urdf_test/lib/python3.8/site-packages:/home/khaledob/bookros2_ws/install/tiago_description/lib/python3.8/site-packages:/home/khaledob/bookros2_ws/build/ros2controlcli:/home/khaledob/bookros2_ws/install/ros2controlcli/lib/python3.8/site-packages:/home/khaledob/bookros2_ws/install/pmb2_description/lib/python3.8/site-packages:/home/khaledob/bookros2_ws/build/launch_pal:/home/khaledob/bookros2_ws/install/launch_pal/lib/python3.8/site-packages:/home/khaledob/bookros2_ws/install/br2_tracking_msgs/lib/python3.8/site-packages:/home/khaledob/bookros2_ws/build/br2_fsm_bumpgo_py:/home/khaledob/bookros2_ws/install/br2_fsm_bumpgo_py/lib/python3.8/site-packages:/opt/ros/foxy/lib/python3.8/site-packages /usr/bin/cmake --install /home/khaledob/bookros2_ws/build/imu_sensor_broadcaster
[10.056s] DEBUG:colcon.colcon_core.event_handler.log_command:Invoking command in '/home/khaledob/bookros2_ws/build/joint_state_controller': CMAKE_PREFIX_PATH=/home/khaledob/bookros2_ws/install/joint_state_broadcaster:/home/khaledob/bookros2_ws/install/controller_manager:/home/khaledob/bookros2_ws/install/controller_interface:/home/khaledob/bookros2_ws/install/hardware_interface:/home/khaledob/bookros2_ws/install/ros2_control_test_assets:/home/khaledob/bookros2_ws/install/controller_manager_msgs:/home/khaledob/bookros2_ws/install/task2b:/home/khaledob/bookros2_ws/install/task2a:/home/khaledob/bookros2_ws/install/gazebo_ros2_control_demos:/home/khaledob/bookros2_ws/install/ros2_controllers:/home/khaledob/bookros2_ws/install/velocity_controllers:/home/khaledob/bookros2_ws/install/urdf_test:/home/khaledob/bookros2_ws/install/tiago_simulation:/home/khaledob/bookros2_ws/install/tiago_robot:/home/khaledob/bookros2_ws/install/tiago_2dnav_gazebo:/home/khaledob/bookros2_ws/install/tiago_gazebo:/home/khaledob/bookros2_ws/install/tiago_bringup:/home/khaledob/bookros2_ws/install/pmb2_robot:/home/khaledob/bookros2_ws/install/pmb2_bringup:/home/khaledob/bookros2_ws/install/twist_mux:/home/khaledob/bookros2_ws/install/transmission_interface:/home/khaledob/bookros2_ws/install/tiago_description:/home/khaledob/bookros2_ws/install/tiago_description_calibration:/home/khaledob/bookros2_ws/install/tiago_controller_configuration:/home/khaledob/bookros2_ws/install/task1:/home/khaledob/bookros2_ws/install/ros2_control:/home/khaledob/bookros2_ws/install/pal_gripper:/home/khaledob/bookros2_ws/install/pal_gripper_controller_configuration:/home/khaledob/bookros2_ws/install/position_controllers:/home/khaledob/bookros2_ws/install/pmb2_navigation:/home/khaledob/bookros2_ws/install/pmb2_2dnav:/home/khaledob/bookros2_ws/install/pmb2_maps:/home/khaledob/bookros2_ws/install/pmb2_description:/home/khaledob/bookros2_ws/install/pmb2_controller_configuration:/home/khaledob/bookros2_ws/install/pal_gripper_description:/home/khaledob/bookros2_ws/install/pal_gazebo_worlds:/home/khaledob/bookros2_ws/install/joint_trajectory_controller:/home/khaledob/bookros2_ws/install/joint_state_controller:/home/khaledob/bookros2_ws/install/imu_sensor_broadcaster:/home/khaledob/bookros2_ws/install/hey5_description:/home/khaledob/bookros2_ws/install/gripper_controllers:/home/khaledob/bookros2_ws/install/gazebo_ros2_control:/home/khaledob/bookros2_ws/install/effort_controllers:/home/khaledob/bookros2_ws/install/forward_command_controller:/home/khaledob/bookros2_ws/install/force_torque_sensor_broadcaster:/home/khaledob/bookros2_ws/install/diff_drive_controller:/home/khaledob/bookros2_ws/install/groot:/home/khaledob/bookros2_ws/install/br2_vff_avoidance:/home/khaledob/bookros2_ws/install/br2_tracking:/home/khaledob/bookros2_ws/install/br2_tracking_msgs:/home/khaledob/bookros2_ws/install/br2_tiago:/home/khaledob/bookros2_ws/install/br2_tf2_detector:/home/khaledob/bookros2_ws/install/br2_navigation:/home/khaledob/bookros2_ws/install/br2_fsm_bumpgo_cpp:/home/khaledob/bookros2_ws/install/br2_bt_patrolling:/home/khaledob/bookros2_ws/install/br2_bt_bumpgo:/home/khaledob/bookros2_ws/install/br2_basics:/home/khaledob/bookros2_ws/install/ros2controlcli:/home/khaledob/bookros2_ws/install/launch_pal:/home/khaledob/bookros2_ws/install/br2_fsm_bumpgo_py:/opt/ros/foxy LD_LIBRARY_PATH=/home/khaledob/bookros2_ws/install/joint_state_broadcaster/lib:/home/khaledob/bookros2_ws/install/controller_manager/lib:/home/khaledob/bookros2_ws/install/controller_interface/lib:/home/khaledob/bookros2_ws/install/hardware_interface/lib:/home/khaledob/bookros2_ws/install/controller_manager_msgs/lib:/home/khaledob/bookros2_ws/install/velocity_controllers/lib:/home/khaledob/bookros2_ws/install/position_controllers/lib:/home/khaledob/bookros2_ws/install/joint_trajectory_controller/lib:/home/khaledob/bookros2_ws/install/joint_state_controller/lib:/home/khaledob/bookros2_ws/install/imu_sensor_broadcaster/lib:/home/khaledob/bookros2_ws/install/gripper_controllers/lib:/home/khaledob/bookros2_ws/install/gazebo_ros2_control/lib:/home/khaledob/bookros2_ws/install/effort_controllers/lib:/home/khaledob/bookros2_ws/install/forward_command_controller/lib:/home/khaledob/bookros2_ws/install/force_torque_sensor_broadcaster/lib:/home/khaledob/bookros2_ws/install/diff_drive_controller/lib:/home/khaledob/bookros2_ws/install/groot/lib:/home/khaledob/bookros2_ws/install/br2_vff_avoidance/lib:/home/khaledob/bookros2_ws/install/br2_tracking/lib:/home/khaledob/bookros2_ws/install/br2_tracking_msgs/lib:/home/khaledob/bookros2_ws/install/br2_tf2_detector/lib:/home/khaledob/bookros2_ws/install/br2_bt_patrolling/lib:/home/khaledob/bookros2_ws/install/br2_bt_bumpgo/lib:/usr/lib/x86_64-linux-gnu/gazebo-11/plugins:/opt/ros/foxy/opt/yaml_cpp_vendor/lib:/opt/ros/foxy/opt/rviz_ogre_vendor/lib:/opt/ros/foxy/lib/x86_64-linux-gnu:/opt/ros/foxy/lib PYTHONPATH=/home/khaledob/bookros2_ws/install/controller_manager/lib/python3.8/site-packages:/home/khaledob/bookros2_ws/install/controller_manager_msgs/lib/python3.8/site-packages:/home/khaledob/bookros2_ws/install/urdf_test/lib/python3.8/site-packages:/home/khaledob/bookros2_ws/install/tiago_description/lib/python3.8/site-packages:/home/khaledob/bookros2_ws/build/ros2controlcli:/home/khaledob/bookros2_ws/install/ros2controlcli/lib/python3.8/site-packages:/home/khaledob/bookros2_ws/install/pmb2_description/lib/python3.8/site-packages:/home/khaledob/bookros2_ws/build/launch_pal:/home/khaledob/bookros2_ws/install/launch_pal/lib/python3.8/site-packages:/home/khaledob/bookros2_ws/install/br2_tracking_msgs/lib/python3.8/site-packages:/home/khaledob/bookros2_ws/build/br2_fsm_bumpgo_py:/home/khaledob/bookros2_ws/install/br2_fsm_bumpgo_py/lib/python3.8/site-packages:/opt/ros/foxy/lib/python3.8/site-packages /usr/bin/cmake --build /home/khaledob/bookros2_ws/build/joint_state_controller -- -j7 -l7
[10.060s] DEBUG:colcon.colcon_core.event_handler.log_command:Invoking command in '/home/khaledob/bookros2_ws/build/position_controllers': CMAKE_PREFIX_PATH=/home/khaledob/bookros2_ws/install/forward_command_controller:/home/khaledob/bookros2_ws/install/controller_manager:/home/khaledob/bookros2_ws/install/controller_interface:/home/khaledob/bookros2_ws/install/hardware_interface:/home/khaledob/bookros2_ws/install/ros2_control_test_assets:/home/khaledob/bookros2_ws/install/controller_manager_msgs:/home/khaledob/bookros2_ws/install/task2b:/home/khaledob/bookros2_ws/install/task2a:/home/khaledob/bookros2_ws/install/gazebo_ros2_control_demos:/home/khaledob/bookros2_ws/install/ros2_controllers:/home/khaledob/bookros2_ws/install/velocity_controllers:/home/khaledob/bookros2_ws/install/urdf_test:/home/khaledob/bookros2_ws/install/tiago_simulation:/home/khaledob/bookros2_ws/install/tiago_robot:/home/khaledob/bookros2_ws/install/tiago_2dnav_gazebo:/home/khaledob/bookros2_ws/install/tiago_gazebo:/home/khaledob/bookros2_ws/install/tiago_bringup:/home/khaledob/bookros2_ws/install/pmb2_robot:/home/khaledob/bookros2_ws/install/pmb2_bringup:/home/khaledob/bookros2_ws/install/twist_mux:/home/khaledob/bookros2_ws/install/transmission_interface:/home/khaledob/bookros2_ws/install/tiago_description:/home/khaledob/bookros2_ws/install/tiago_description_calibration:/home/khaledob/bookros2_ws/install/tiago_controller_configuration:/home/khaledob/bookros2_ws/install/task1:/home/khaledob/bookros2_ws/install/ros2_control:/home/khaledob/bookros2_ws/install/pal_gripper:/home/khaledob/bookros2_ws/install/pal_gripper_controller_configuration:/home/khaledob/bookros2_ws/install/position_controllers:/home/khaledob/bookros2_ws/install/pmb2_navigation:/home/khaledob/bookros2_ws/install/pmb2_2dnav:/home/khaledob/bookros2_ws/install/pmb2_maps:/home/khaledob/bookros2_ws/install/pmb2_description:/home/khaledob/bookros2_ws/install/pmb2_controller_configuration:/home/khaledob/bookros2_ws/install/pal_gripper_description:/home/khaledob/bookros2_ws/install/pal_gazebo_worlds:/home/khaledob/bookros2_ws/install/joint_trajectory_controller:/home/khaledob/bookros2_ws/install/joint_state_controller:/home/khaledob/bookros2_ws/install/joint_state_broadcaster:/home/khaledob/bookros2_ws/install/imu_sensor_broadcaster:/home/khaledob/bookros2_ws/install/hey5_description:/home/khaledob/bookros2_ws/install/gripper_controllers:/home/khaledob/bookros2_ws/install/gazebo_ros2_control:/home/khaledob/bookros2_ws/install/effort_controllers:/home/khaledob/bookros2_ws/install/force_torque_sensor_broadcaster:/home/khaledob/bookros2_ws/install/diff_drive_controller:/home/khaledob/bookros2_ws/install/groot:/home/khaledob/bookros2_ws/install/br2_vff_avoidance:/home/khaledob/bookros2_ws/install/br2_tracking:/home/khaledob/bookros2_ws/install/br2_tracking_msgs:/home/khaledob/bookros2_ws/install/br2_tiago:/home/khaledob/bookros2_ws/install/br2_tf2_detector:/home/khaledob/bookros2_ws/install/br2_navigation:/home/khaledob/bookros2_ws/install/br2_fsm_bumpgo_cpp:/home/khaledob/bookros2_ws/install/br2_bt_patrolling:/home/khaledob/bookros2_ws/install/br2_bt_bumpgo:/home/khaledob/bookros2_ws/install/br2_basics:/home/khaledob/bookros2_ws/install/ros2controlcli:/home/khaledob/bookros2_ws/install/launch_pal:/home/khaledob/bookros2_ws/install/br2_fsm_bumpgo_py:/opt/ros/foxy LD_LIBRARY_PATH=/home/khaledob/bookros2_ws/install/forward_command_controller/lib:/home/khaledob/bookros2_ws/install/controller_manager/lib:/home/khaledob/bookros2_ws/install/controller_interface/lib:/home/khaledob/bookros2_ws/install/hardware_interface/lib:/home/khaledob/bookros2_ws/install/controller_manager_msgs/lib:/home/khaledob/bookros2_ws/install/velocity_controllers/lib:/home/khaledob/bookros2_ws/install/position_controllers/lib:/home/khaledob/bookros2_ws/install/joint_trajectory_controller/lib:/home/khaledob/bookros2_ws/install/joint_state_controller/lib:/home/khaledob/bookros2_ws/install/joint_state_broadcaster/lib:/home/khaledob/bookros2_ws/install/imu_sensor_broadcaster/lib:/home/khaledob/bookros2_ws/install/gripper_controllers/lib:/home/khaledob/bookros2_ws/install/gazebo_ros2_control/lib:/home/khaledob/bookros2_ws/install/effort_controllers/lib:/home/khaledob/bookros2_ws/install/force_torque_sensor_broadcaster/lib:/home/khaledob/bookros2_ws/install/diff_drive_controller/lib:/home/khaledob/bookros2_ws/install/groot/lib:/home/khaledob/bookros2_ws/install/br2_vff_avoidance/lib:/home/khaledob/bookros2_ws/install/br2_tracking/lib:/home/khaledob/bookros2_ws/install/br2_tracking_msgs/lib:/home/khaledob/bookros2_ws/install/br2_tf2_detector/lib:/home/khaledob/bookros2_ws/install/br2_bt_patrolling/lib:/home/khaledob/bookros2_ws/install/br2_bt_bumpgo/lib:/usr/lib/x86_64-linux-gnu/gazebo-11/plugins:/opt/ros/foxy/opt/yaml_cpp_vendor/lib:/opt/ros/foxy/opt/rviz_ogre_vendor/lib:/opt/ros/foxy/lib/x86_64-linux-gnu:/opt/ros/foxy/lib PYTHONPATH=/home/khaledob/bookros2_ws/install/controller_manager/lib/python3.8/site-packages:/home/khaledob/bookros2_ws/install/controller_manager_msgs/lib/python3.8/site-packages:/home/khaledob/bookros2_ws/install/urdf_test/lib/python3.8/site-packages:/home/khaledob/bookros2_ws/install/tiago_description/lib/python3.8/site-packages:/home/khaledob/bookros2_ws/build/ros2controlcli:/home/khaledob/bookros2_ws/install/ros2controlcli/lib/python3.8/site-packages:/home/khaledob/bookros2_ws/install/pmb2_description/lib/python3.8/site-packages:/home/khaledob/bookros2_ws/build/launch_pal:/home/khaledob/bookros2_ws/install/launch_pal/lib/python3.8/site-packages:/home/khaledob/bookros2_ws/install/br2_tracking_msgs/lib/python3.8/site-packages:/home/khaledob/bookros2_ws/build/br2_fsm_bumpgo_py:/home/khaledob/bookros2_ws/install/br2_fsm_bumpgo_py/lib/python3.8/site-packages:/opt/ros/foxy/lib/python3.8/site-packages /usr/bin/cmake --build /home/khaledob/bookros2_ws/build/position_controllers -- -j7 -l7
[10.076s] DEBUG:colcon.colcon_core.event_handler.log_command:Invoking command in '/home/khaledob/bookros2_ws/build/force_torque_sensor_broadcaster': CMAKE_PREFIX_PATH=/home/khaledob/bookros2_ws/install/controller_manager:/home/khaledob/bookros2_ws/install/controller_interface:/home/khaledob/bookros2_ws/install/hardware_interface:/home/khaledob/bookros2_ws/install/ros2_control_test_assets:/home/khaledob/bookros2_ws/install/controller_manager_msgs:/home/khaledob/bookros2_ws/install/task2b:/home/khaledob/bookros2_ws/install/task2a:/home/khaledob/bookros2_ws/install/gazebo_ros2_control_demos:/home/khaledob/bookros2_ws/install/ros2_controllers:/home/khaledob/bookros2_ws/install/velocity_controllers:/home/khaledob/bookros2_ws/install/urdf_test:/home/khaledob/bookros2_ws/install/tiago_simulation:/home/khaledob/bookros2_ws/install/tiago_robot:/home/khaledob/bookros2_ws/install/tiago_2dnav_gazebo:/home/khaledob/bookros2_ws/install/tiago_gazebo:/home/khaledob/bookros2_ws/install/tiago_bringup:/home/khaledob/bookros2_ws/install/pmb2_robot:/home/khaledob/bookros2_ws/install/pmb2_bringup:/home/khaledob/bookros2_ws/install/twist_mux:/home/khaledob/bookros2_ws/install/transmission_interface:/home/khaledob/bookros2_ws/install/tiago_description:/home/khaledob/bookros2_ws/install/tiago_description_calibration:/home/khaledob/bookros2_ws/install/tiago_controller_configuration:/home/khaledob/bookros2_ws/install/task1:/home/khaledob/bookros2_ws/install/ros2_control:/home/khaledob/bookros2_ws/install/pal_gripper:/home/khaledob/bookros2_ws/install/pal_gripper_controller_configuration:/home/khaledob/bookros2_ws/install/position_controllers:/home/khaledob/bookros2_ws/install/pmb2_navigation:/home/khaledob/bookros2_ws/install/pmb2_2dnav:/home/khaledob/bookros2_ws/install/pmb2_maps:/home/khaledob/bookros2_ws/install/pmb2_description:/home/khaledob/bookros2_ws/install/pmb2_controller_configuration:/home/khaledob/bookros2_ws/install/pal_gripper_description:/home/khaledob/bookros2_ws/install/pal_gazebo_worlds:/home/khaledob/bookros2_ws/install/joint_trajectory_controller:/home/khaledob/bookros2_ws/install/joint_state_controller:/home/khaledob/bookros2_ws/install/joint_state_broadcaster:/home/khaledob/bookros2_ws/install/imu_sensor_broadcaster:/home/khaledob/bookros2_ws/install/hey5_description:/home/khaledob/bookros2_ws/install/gripper_controllers:/home/khaledob/bookros2_ws/install/gazebo_ros2_control:/home/khaledob/bookros2_ws/install/effort_controllers:/home/khaledob/bookros2_ws/install/forward_command_controller:/home/khaledob/bookros2_ws/install/force_torque_sensor_broadcaster:/home/khaledob/bookros2_ws/install/diff_drive_controller:/home/khaledob/bookros2_ws/install/groot:/home/khaledob/bookros2_ws/install/br2_vff_avoidance:/home/khaledob/bookros2_ws/install/br2_tracking:/home/khaledob/bookros2_ws/install/br2_tracking_msgs:/home/khaledob/bookros2_ws/install/br2_tiago:/home/khaledob/bookros2_ws/install/br2_tf2_detector:/home/khaledob/bookros2_ws/install/br2_navigation:/home/khaledob/bookros2_ws/install/br2_fsm_bumpgo_cpp:/home/khaledob/bookros2_ws/install/br2_bt_patrolling:/home/khaledob/bookros2_ws/install/br2_bt_bumpgo:/home/khaledob/bookros2_ws/install/br2_basics:/home/khaledob/bookros2_ws/install/ros2controlcli:/home/khaledob/bookros2_ws/install/launch_pal:/home/khaledob/bookros2_ws/install/br2_fsm_bumpgo_py:/opt/ros/foxy LD_LIBRARY_PATH=/home/khaledob/bookros2_ws/install/controller_manager/lib:/home/khaledob/bookros2_ws/install/controller_interface/lib:/home/khaledob/bookros2_ws/install/hardware_interface/lib:/home/khaledob/bookros2_ws/install/controller_manager_msgs/lib:/home/khaledob/bookros2_ws/install/velocity_controllers/lib:/home/khaledob/bookros2_ws/install/position_controllers/lib:/home/khaledob/bookros2_ws/install/joint_trajectory_controller/lib:/home/khaledob/bookros2_ws/install/joint_state_controller/lib:/home/khaledob/bookros2_ws/install/joint_state_broadcaster/lib:/home/khaledob/bookros2_ws/install/imu_sensor_broadcaster/lib:/home/khaledob/bookros2_ws/install/gripper_controllers/lib:/home/khaledob/bookros2_ws/install/gazebo_ros2_control/lib:/home/khaledob/bookros2_ws/install/effort_controllers/lib:/home/khaledob/bookros2_ws/install/forward_command_controller/lib:/home/khaledob/bookros2_ws/install/force_torque_sensor_broadcaster/lib:/home/khaledob/bookros2_ws/install/diff_drive_controller/lib:/home/khaledob/bookros2_ws/install/groot/lib:/home/khaledob/bookros2_ws/install/br2_vff_avoidance/lib:/home/khaledob/bookros2_ws/install/br2_tracking/lib:/home/khaledob/bookros2_ws/install/br2_tracking_msgs/lib:/home/khaledob/bookros2_ws/install/br2_tf2_detector/lib:/home/khaledob/bookros2_ws/install/br2_bt_patrolling/lib:/home/khaledob/bookros2_ws/install/br2_bt_bumpgo/lib:/usr/lib/x86_64-linux-gnu/gazebo-11/plugins:/opt/ros/foxy/opt/yaml_cpp_vendor/lib:/opt/ros/foxy/opt/rviz_ogre_vendor/lib:/opt/ros/foxy/lib/x86_64-linux-gnu:/opt/ros/foxy/lib PYTHONPATH=/home/khaledob/bookros2_ws/install/controller_manager/lib/python3.8/site-packages:/home/khaledob/bookros2_ws/install/controller_manager_msgs/lib/python3.8/site-packages:/home/khaledob/bookros2_ws/install/urdf_test/lib/python3.8/site-packages:/home/khaledob/bookros2_ws/install/tiago_description/lib/python3.8/site-packages:/home/khaledob/bookros2_ws/build/ros2controlcli:/home/khaledob/bookros2_ws/install/ros2controlcli/lib/python3.8/site-packages:/home/khaledob/bookros2_ws/install/pmb2_description/lib/python3.8/site-packages:/home/khaledob/bookros2_ws/build/launch_pal:/home/khaledob/bookros2_ws/install/launch_pal/lib/python3.8/site-packages:/home/khaledob/bookros2_ws/install/br2_tracking_msgs/lib/python3.8/site-packages:/home/khaledob/bookros2_ws/build/br2_fsm_bumpgo_py:/home/khaledob/bookros2_ws/install/br2_fsm_bumpgo_py/lib/python3.8/site-packages:/opt/ros/foxy/lib/python3.8/site-packages /usr/bin/cmake --build /home/khaledob/bookros2_ws/build/force_torque_sensor_broadcaster -- -j7 -l7
[10.590s] INFO:colcon.colcon_core.task.python.build:Building Python package in '/home/khaledob/bookros2_ws/src/ThirdParty/ros2_control/ros2controlcli'
[10.590s] INFO:colcon.colcon_core.shell:Skip shell extension 'powershell' for command environment: Not usable outside of PowerShell
[10.590s] DEBUG:colcon.colcon_core.shell:Skip shell extension 'dsv' for command environment
[10.607s] Level 1:colcon.colcon_core.environment:create_environment_scripts_only(imu_sensor_broadcaster)
[10.610s] DEBUG:colcon.colcon_core.event_handler.log_command:Invoked command in '/home/khaledob/bookros2_ws/build/imu_sensor_broadcaster' returned '0': CMAKE_PREFIX_PATH=/home/khaledob/bookros2_ws/install/controller_manager:/home/khaledob/bookros2_ws/install/controller_interface:/home/khaledob/bookros2_ws/install/hardware_interface:/home/khaledob/bookros2_ws/install/ros2_control_test_assets:/home/khaledob/bookros2_ws/install/controller_manager_msgs:/home/khaledob/bookros2_ws/install/task2b:/home/khaledob/bookros2_ws/install/task2a:/home/khaledob/bookros2_ws/install/gazebo_ros2_control_demos:/home/khaledob/bookros2_ws/install/ros2_controllers:/home/khaledob/bookros2_ws/install/velocity_controllers:/home/khaledob/bookros2_ws/install/urdf_test:/home/khaledob/bookros2_ws/install/tiago_simulation:/home/khaledob/bookros2_ws/install/tiago_robot:/home/khaledob/bookros2_ws/install/tiago_2dnav_gazebo:/home/khaledob/bookros2_ws/install/tiago_gazebo:/home/khaledob/bookros2_ws/install/tiago_bringup:/home/khaledob/bookros2_ws/install/pmb2_robot:/home/khaledob/bookros2_ws/install/pmb2_bringup:/home/khaledob/bookros2_ws/install/twist_mux:/home/khaledob/bookros2_ws/install/transmission_interface:/home/khaledob/bookros2_ws/install/tiago_description:/home/khaledob/bookros2_ws/install/tiago_description_calibration:/home/khaledob/bookros2_ws/install/tiago_controller_configuration:/home/khaledob/bookros2_ws/install/task1:/home/khaledob/bookros2_ws/install/ros2_control:/home/khaledob/bookros2_ws/install/pal_gripper:/home/khaledob/bookros2_ws/install/pal_gripper_controller_configuration:/home/khaledob/bookros2_ws/install/position_controllers:/home/khaledob/bookros2_ws/install/pmb2_navigation:/home/khaledob/bookros2_ws/install/pmb2_2dnav:/home/khaledob/bookros2_ws/install/pmb2_maps:/home/khaledob/bookros2_ws/install/pmb2_description:/home/khaledob/bookros2_ws/install/pmb2_controller_configuration:/home/khaledob/bookros2_ws/install/pal_gripper_description:/home/khaledob/bookros2_ws/install/pal_gazebo_worlds:/home/khaledob/bookros2_ws/install/joint_trajectory_controller:/home/khaledob/bookros2_ws/install/joint_state_controller:/home/khaledob/bookros2_ws/install/joint_state_broadcaster:/home/khaledob/bookros2_ws/install/imu_sensor_broadcaster:/home/khaledob/bookros2_ws/install/hey5_description:/home/khaledob/bookros2_ws/install/gripper_controllers:/home/khaledob/bookros2_ws/install/gazebo_ros2_control:/home/khaledob/bookros2_ws/install/effort_controllers:/home/khaledob/bookros2_ws/install/forward_command_controller:/home/khaledob/bookros2_ws/install/force_torque_sensor_broadcaster:/home/khaledob/bookros2_ws/install/diff_drive_controller:/home/khaledob/bookros2_ws/install/groot:/home/khaledob/bookros2_ws/install/br2_vff_avoidance:/home/khaledob/bookros2_ws/install/br2_tracking:/home/khaledob/bookros2_ws/install/br2_tracking_msgs:/home/khaledob/bookros2_ws/install/br2_tiago:/home/khaledob/bookros2_ws/install/br2_tf2_detector:/home/khaledob/bookros2_ws/install/br2_navigation:/home/khaledob/bookros2_ws/install/br2_fsm_bumpgo_cpp:/home/khaledob/bookros2_ws/install/br2_bt_patrolling:/home/khaledob/bookros2_ws/install/br2_bt_bumpgo:/home/khaledob/bookros2_ws/install/br2_basics:/home/khaledob/bookros2_ws/install/ros2controlcli:/home/khaledob/bookros2_ws/install/launch_pal:/home/khaledob/bookros2_ws/install/br2_fsm_bumpgo_py:/opt/ros/foxy LD_LIBRARY_PATH=/home/khaledob/bookros2_ws/install/controller_manager/lib:/home/khaledob/bookros2_ws/install/controller_interface/lib:/home/khaledob/bookros2_ws/install/hardware_interface/lib:/home/khaledob/bookros2_ws/install/controller_manager_msgs/lib:/home/khaledob/bookros2_ws/install/velocity_controllers/lib:/home/khaledob/bookros2_ws/install/position_controllers/lib:/home/khaledob/bookros2_ws/install/joint_trajectory_controller/lib:/home/khaledob/bookros2_ws/install/joint_state_controller/lib:/home/khaledob/bookros2_ws/install/joint_state_broadcaster/lib:/home/khaledob/bookros2_ws/install/imu_sensor_broadcaster/lib:/home/khaledob/bookros2_ws/install/gripper_controllers/lib:/home/khaledob/bookros2_ws/install/gazebo_ros2_control/lib:/home/khaledob/bookros2_ws/install/effort_controllers/lib:/home/khaledob/bookros2_ws/install/forward_command_controller/lib:/home/khaledob/bookros2_ws/install/force_torque_sensor_broadcaster/lib:/home/khaledob/bookros2_ws/install/diff_drive_controller/lib:/home/khaledob/bookros2_ws/install/groot/lib:/home/khaledob/bookros2_ws/install/br2_vff_avoidance/lib:/home/khaledob/bookros2_ws/install/br2_tracking/lib:/home/khaledob/bookros2_ws/install/br2_tracking_msgs/lib:/home/khaledob/bookros2_ws/install/br2_tf2_detector/lib:/home/khaledob/bookros2_ws/install/br2_bt_patrolling/lib:/home/khaledob/bookros2_ws/install/br2_bt_bumpgo/lib:/usr/lib/x86_64-linux-gnu/gazebo-11/plugins:/opt/ros/foxy/opt/yaml_cpp_vendor/lib:/opt/ros/foxy/opt/rviz_ogre_vendor/lib:/opt/ros/foxy/lib/x86_64-linux-gnu:/opt/ros/foxy/lib PYTHONPATH=/home/khaledob/bookros2_ws/install/controller_manager/lib/python3.8/site-packages:/home/khaledob/bookros2_ws/install/controller_manager_msgs/lib/python3.8/site-packages:/home/khaledob/bookros2_ws/install/urdf_test/lib/python3.8/site-packages:/home/khaledob/bookros2_ws/install/tiago_description/lib/python3.8/site-packages:/home/khaledob/bookros2_ws/build/ros2controlcli:/home/khaledob/bookros2_ws/install/ros2controlcli/lib/python3.8/site-packages:/home/khaledob/bookros2_ws/install/pmb2_description/lib/python3.8/site-packages:/home/khaledob/bookros2_ws/build/launch_pal:/home/khaledob/bookros2_ws/install/launch_pal/lib/python3.8/site-packages:/home/khaledob/bookros2_ws/install/br2_tracking_msgs/lib/python3.8/site-packages:/home/khaledob/bookros2_ws/build/br2_fsm_bumpgo_py:/home/khaledob/bookros2_ws/install/br2_fsm_bumpgo_py/lib/python3.8/site-packages:/opt/ros/foxy/lib/python3.8/site-packages /usr/bin/cmake --install /home/khaledob/bookros2_ws/build/imu_sensor_broadcaster
[10.611s] Level 1:colcon.colcon_core.environment:checking '/home/khaledob/bookros2_ws/install/imu_sensor_broadcaster' for CMake module files
[10.612s] Level 1:colcon.colcon_core.environment:checking '/home/khaledob/bookros2_ws/install/imu_sensor_broadcaster' for CMake config files
[10.613s] Level 1:colcon.colcon_core.shell:create_environment_hook('imu_sensor_broadcaster', 'cmake_prefix_path')
[10.613s] INFO:colcon.colcon_core.shell:Creating environment hook '/home/khaledob/bookros2_ws/install/imu_sensor_broadcaster/share/imu_sensor_broadcaster/hook/cmake_prefix_path.ps1'
[10.615s] INFO:colcon.colcon_core.shell:Creating environment descriptor '/home/khaledob/bookros2_ws/install/imu_sensor_broadcaster/share/imu_sensor_broadcaster/hook/cmake_prefix_path.dsv'
[10.616s] INFO:colcon.colcon_core.shell:Creating environment hook '/home/khaledob/bookros2_ws/install/imu_sensor_broadcaster/share/imu_sensor_broadcaster/hook/cmake_prefix_path.sh'
[10.617s] Level 1:colcon.colcon_core.environment:checking '/home/khaledob/bookros2_ws/install/imu_sensor_broadcaster/lib'
[10.618s] Level 1:colcon.colcon_core.shell:create_environment_hook('imu_sensor_broadcaster', 'ld_library_path_lib')
[10.619s] INFO:colcon.colcon_core.shell:Creating environment hook '/home/khaledob/bookros2_ws/install/imu_sensor_broadcaster/share/imu_sensor_broadcaster/hook/ld_library_path_lib.ps1'
[10.620s] INFO:colcon.colcon_core.shell:Creating environment descriptor '/home/khaledob/bookros2_ws/install/imu_sensor_broadcaster/share/imu_sensor_broadcaster/hook/ld_library_path_lib.dsv'
[10.621s] INFO:colcon.colcon_core.shell:Creating environment hook '/home/khaledob/bookros2_ws/install/imu_sensor_broadcaster/share/imu_sensor_broadcaster/hook/ld_library_path_lib.sh'
[10.622s] Level 1:colcon.colcon_core.environment:checking '/home/khaledob/bookros2_ws/install/imu_sensor_broadcaster/bin'
[10.622s] Level 1:colcon.colcon_core.environment:checking '/home/khaledob/bookros2_ws/install/imu_sensor_broadcaster/lib/pkgconfig/imu_sensor_broadcaster.pc'
[10.623s] Level 1:colcon.colcon_core.environment:checking '/home/khaledob/bookros2_ws/install/imu_sensor_broadcaster/lib/python3.8/site-packages'
[10.623s] Level 1:colcon.colcon_core.environment:checking '/home/khaledob/bookros2_ws/install/imu_sensor_broadcaster/bin'
[10.623s] INFO:colcon.colcon_core.shell:Creating package script '/home/khaledob/bookros2_ws/install/imu_sensor_broadcaster/share/imu_sensor_broadcaster/package.ps1'
[10.624s] INFO:colcon.colcon_core.shell:Creating package descriptor '/home/khaledob/bookros2_ws/install/imu_sensor_broadcaster/share/imu_sensor_broadcaster/package.dsv'
[10.626s] INFO:colcon.colcon_core.shell:Creating package script '/home/khaledob/bookros2_ws/install/imu_sensor_broadcaster/share/imu_sensor_broadcaster/package.sh'
[10.627s] INFO:colcon.colcon_core.shell:Creating package script '/home/khaledob/bookros2_ws/install/imu_sensor_broadcaster/share/imu_sensor_broadcaster/package.bash'
[10.629s] INFO:colcon.colcon_core.shell:Creating package script '/home/khaledob/bookros2_ws/install/imu_sensor_broadcaster/share/imu_sensor_broadcaster/package.zsh'
[10.630s] Level 1:colcon.colcon_core.environment:create_file_with_runtime_dependencies(/home/khaledob/bookros2_ws/install/imu_sensor_broadcaster/share/colcon-core/packages/imu_sensor_broadcaster)
[10.632s] Level 1:colcon.colcon_core.environment:create_environment_scripts_only(imu_sensor_broadcaster)
[10.633s] Level 1:colcon.colcon_core.environment:checking '/home/khaledob/bookros2_ws/install/imu_sensor_broadcaster' for CMake module files
[10.633s] Level 1:colcon.colcon_core.environment:checking '/home/khaledob/bookros2_ws/install/imu_sensor_broadcaster' for CMake config files
[10.634s] Level 1:colcon.colcon_core.shell:create_environment_hook('imu_sensor_broadcaster', 'cmake_prefix_path')
[10.634s] INFO:colcon.colcon_core.shell:Creating environment hook '/home/khaledob/bookros2_ws/install/imu_sensor_broadcaster/share/imu_sensor_broadcaster/hook/cmake_prefix_path.ps1'
[10.635s] INFO:colcon.colcon_core.shell:Creating environment descriptor '/home/khaledob/bookros2_ws/install/imu_sensor_broadcaster/share/imu_sensor_broadcaster/hook/cmake_prefix_path.dsv'
[10.637s] INFO:colcon.colcon_core.shell:Creating environment hook '/home/khaledob/bookros2_ws/install/imu_sensor_broadcaster/share/imu_sensor_broadcaster/hook/cmake_prefix_path.sh'
[10.638s] Level 1:colcon.colcon_core.environment:checking '/home/khaledob/bookros2_ws/install/imu_sensor_broadcaster/lib'
[10.638s] Level 1:colcon.colcon_core.shell:create_environment_hook('imu_sensor_broadcaster', 'ld_library_path_lib')
[10.639s] INFO:colcon.colcon_core.shell:Creating environment hook '/home/khaledob/bookros2_ws/install/imu_sensor_broadcaster/share/imu_sensor_broadcaster/hook/ld_library_path_lib.ps1'
[10.640s] INFO:colcon.colcon_core.shell:Creating environment descriptor '/home/khaledob/bookros2_ws/install/imu_sensor_broadcaster/share/imu_sensor_broadcaster/hook/ld_library_path_lib.dsv'
[10.641s] INFO:colcon.colcon_core.shell:Creating environment hook '/home/khaledob/bookros2_ws/install/imu_sensor_broadcaster/share/imu_sensor_broadcaster/hook/ld_library_path_lib.sh'
[10.642s] Level 1:colcon.colcon_core.environment:checking '/home/khaledob/bookros2_ws/install/imu_sensor_broadcaster/bin'
[10.642s] Level 1:colcon.colcon_core.environment:checking '/home/khaledob/bookros2_ws/install/imu_sensor_broadcaster/lib/pkgconfig/imu_sensor_broadcaster.pc'
[10.643s] Level 1:colcon.colcon_core.environment:checking '/home/khaledob/bookros2_ws/install/imu_sensor_broadcaster/lib/python3.8/site-packages'
[10.643s] Level 1:colcon.colcon_core.environment:checking '/home/khaledob/bookros2_ws/install/imu_sensor_broadcaster/bin'
[10.644s] INFO:colcon.colcon_core.shell:Creating package script '/home/khaledob/bookros2_ws/install/imu_sensor_broadcaster/share/imu_sensor_broadcaster/package.ps1'
[10.646s] INFO:colcon.colcon_core.shell:Creating package descriptor '/home/khaledob/bookros2_ws/install/imu_sensor_broadcaster/share/imu_sensor_broadcaster/package.dsv'
[10.649s] INFO:colcon.colcon_core.shell:Creating package script '/home/khaledob/bookros2_ws/install/imu_sensor_broadcaster/share/imu_sensor_broadcaster/package.sh'
[10.650s] INFO:colcon.colcon_core.shell:Creating package script '/home/khaledob/bookros2_ws/install/imu_sensor_broadcaster/share/imu_sensor_broadcaster/package.bash'
[10.651s] INFO:colcon.colcon_core.shell:Creating package script '/home/khaledob/bookros2_ws/install/imu_sensor_broadcaster/share/imu_sensor_broadcaster/package.zsh'
[10.654s] Level 1:colcon.colcon_core.environment:create_file_with_runtime_dependencies(/home/khaledob/bookros2_ws/install/imu_sensor_broadcaster/share/colcon-core/packages/imu_sensor_broadcaster)
[10.654s] Level 1:colcon.colcon_core.environment:create_environment_scripts_only(joint_trajectory_controller)
[10.657s] Level 1:colcon.colcon_core.environment:checking '/home/khaledob/bookros2_ws/install/joint_trajectory_controller' for CMake module files
[10.658s] DEBUG:colcon.colcon_core.event_handler.log_command:Invoked command in '/home/khaledob/bookros2_ws/build/joint_trajectory_controller' returned '0': CMAKE_PREFIX_PATH=/home/khaledob/bookros2_ws/install/controller_manager:/home/khaledob/bookros2_ws/install/controller_interface:/home/khaledob/bookros2_ws/install/hardware_interface:/home/khaledob/bookros2_ws/install/ros2_control_test_assets:/home/khaledob/bookros2_ws/install/controller_manager_msgs:/home/khaledob/bookros2_ws/install/task2b:/home/khaledob/bookros2_ws/install/task2a:/home/khaledob/bookros2_ws/install/gazebo_ros2_control_demos:/home/khaledob/bookros2_ws/install/ros2_controllers:/home/khaledob/bookros2_ws/install/velocity_controllers:/home/khaledob/bookros2_ws/install/urdf_test:/home/khaledob/bookros2_ws/install/tiago_simulation:/home/khaledob/bookros2_ws/install/tiago_robot:/home/khaledob/bookros2_ws/install/tiago_2dnav_gazebo:/home/khaledob/bookros2_ws/install/tiago_gazebo:/home/khaledob/bookros2_ws/install/tiago_bringup:/home/khaledob/bookros2_ws/install/pmb2_robot:/home/khaledob/bookros2_ws/install/pmb2_bringup:/home/khaledob/bookros2_ws/install/twist_mux:/home/khaledob/bookros2_ws/install/transmission_interface:/home/khaledob/bookros2_ws/install/tiago_description:/home/khaledob/bookros2_ws/install/tiago_description_calibration:/home/khaledob/bookros2_ws/install/tiago_controller_configuration:/home/khaledob/bookros2_ws/install/task1:/home/khaledob/bookros2_ws/install/ros2_control:/home/khaledob/bookros2_ws/install/pal_gripper:/home/khaledob/bookros2_ws/install/pal_gripper_controller_configuration:/home/khaledob/bookros2_ws/install/position_controllers:/home/khaledob/bookros2_ws/install/pmb2_navigation:/home/khaledob/bookros2_ws/install/pmb2_2dnav:/home/khaledob/bookros2_ws/install/pmb2_maps:/home/khaledob/bookros2_ws/install/pmb2_description:/home/khaledob/bookros2_ws/install/pmb2_controller_configuration:/home/khaledob/bookros2_ws/install/pal_gripper_description:/home/khaledob/bookros2_ws/install/pal_gazebo_worlds:/home/khaledob/bookros2_ws/install/joint_trajectory_controller:/home/khaledob/bookros2_ws/install/joint_state_controller:/home/khaledob/bookros2_ws/install/joint_state_broadcaster:/home/khaledob/bookros2_ws/install/imu_sensor_broadcaster:/home/khaledob/bookros2_ws/install/hey5_description:/home/khaledob/bookros2_ws/install/gripper_controllers:/home/khaledob/bookros2_ws/install/gazebo_ros2_control:/home/khaledob/bookros2_ws/install/effort_controllers:/home/khaledob/bookros2_ws/install/forward_command_controller:/home/khaledob/bookros2_ws/install/force_torque_sensor_broadcaster:/home/khaledob/bookros2_ws/install/diff_drive_controller:/home/khaledob/bookros2_ws/install/groot:/home/khaledob/bookros2_ws/install/br2_vff_avoidance:/home/khaledob/bookros2_ws/install/br2_tracking:/home/khaledob/bookros2_ws/install/br2_tracking_msgs:/home/khaledob/bookros2_ws/install/br2_tiago:/home/khaledob/bookros2_ws/install/br2_tf2_detector:/home/khaledob/bookros2_ws/install/br2_navigation:/home/khaledob/bookros2_ws/install/br2_fsm_bumpgo_cpp:/home/khaledob/bookros2_ws/install/br2_bt_patrolling:/home/khaledob/bookros2_ws/install/br2_bt_bumpgo:/home/khaledob/bookros2_ws/install/br2_basics:/home/khaledob/bookros2_ws/install/ros2controlcli:/home/khaledob/bookros2_ws/install/launch_pal:/home/khaledob/bookros2_ws/install/br2_fsm_bumpgo_py:/opt/ros/foxy LD_LIBRARY_PATH=/home/khaledob/bookros2_ws/install/controller_manager/lib:/home/khaledob/bookros2_ws/install/controller_interface/lib:/home/khaledob/bookros2_ws/install/hardware_interface/lib:/home/khaledob/bookros2_ws/install/controller_manager_msgs/lib:/home/khaledob/bookros2_ws/install/velocity_controllers/lib:/home/khaledob/bookros2_ws/install/position_controllers/lib:/home/khaledob/bookros2_ws/install/joint_trajectory_controller/lib:/home/khaledob/bookros2_ws/install/joint_state_controller/lib:/home/khaledob/bookros2_ws/install/joint_state_broadcaster/lib:/home/khaledob/bookros2_ws/install/imu_sensor_broadcaster/lib:/home/khaledob/bookros2_ws/install/gripper_controllers/lib:/home/khaledob/bookros2_ws/install/gazebo_ros2_control/lib:/home/khaledob/bookros2_ws/install/effort_controllers/lib:/home/khaledob/bookros2_ws/install/forward_command_controller/lib:/home/khaledob/bookros2_ws/install/force_torque_sensor_broadcaster/lib:/home/khaledob/bookros2_ws/install/diff_drive_controller/lib:/home/khaledob/bookros2_ws/install/groot/lib:/home/khaledob/bookros2_ws/install/br2_vff_avoidance/lib:/home/khaledob/bookros2_ws/install/br2_tracking/lib:/home/khaledob/bookros2_ws/install/br2_tracking_msgs/lib:/home/khaledob/bookros2_ws/install/br2_tf2_detector/lib:/home/khaledob/bookros2_ws/install/br2_bt_patrolling/lib:/home/khaledob/bookros2_ws/install/br2_bt_bumpgo/lib:/usr/lib/x86_64-linux-gnu/gazebo-11/plugins:/opt/ros/foxy/opt/yaml_cpp_vendor/lib:/opt/ros/foxy/opt/rviz_ogre_vendor/lib:/opt/ros/foxy/lib/x86_64-linux-gnu:/opt/ros/foxy/lib PYTHONPATH=/home/khaledob/bookros2_ws/install/controller_manager/lib/python3.8/site-packages:/home/khaledob/bookros2_ws/install/controller_manager_msgs/lib/python3.8/site-packages:/home/khaledob/bookros2_ws/install/urdf_test/lib/python3.8/site-packages:/home/khaledob/bookros2_ws/install/tiago_description/lib/python3.8/site-packages:/home/khaledob/bookros2_ws/build/ros2controlcli:/home/khaledob/bookros2_ws/install/ros2controlcli/lib/python3.8/site-packages:/home/khaledob/bookros2_ws/install/pmb2_description/lib/python3.8/site-packages:/home/khaledob/bookros2_ws/build/launch_pal:/home/khaledob/bookros2_ws/install/launch_pal/lib/python3.8/site-packages:/home/khaledob/bookros2_ws/install/br2_tracking_msgs/lib/python3.8/site-packages:/home/khaledob/bookros2_ws/build/br2_fsm_bumpgo_py:/home/khaledob/bookros2_ws/install/br2_fsm_bumpgo_py/lib/python3.8/site-packages:/opt/ros/foxy/lib/python3.8/site-packages /usr/bin/cmake --install /home/khaledob/bookros2_ws/build/joint_trajectory_controller
[10.658s] Level 1:colcon.colcon_core.environment:checking '/home/khaledob/bookros2_ws/install/joint_trajectory_controller' for CMake config files
[10.659s] Level 1:colcon.colcon_core.shell:create_environment_hook('joint_trajectory_controller', 'cmake_prefix_path')
[10.659s] INFO:colcon.colcon_core.shell:Creating environment hook '/home/khaledob/bookros2_ws/install/joint_trajectory_controller/share/joint_trajectory_controller/hook/cmake_prefix_path.ps1'
[10.660s] INFO:colcon.colcon_core.shell:Creating environment descriptor '/home/khaledob/bookros2_ws/install/joint_trajectory_controller/share/joint_trajectory_controller/hook/cmake_prefix_path.dsv'
[10.662s] INFO:colcon.colcon_core.shell:Creating environment hook '/home/khaledob/bookros2_ws/install/joint_trajectory_controller/share/joint_trajectory_controller/hook/cmake_prefix_path.sh'
[10.663s] Level 1:colcon.colcon_core.environment:checking '/home/khaledob/bookros2_ws/install/joint_trajectory_controller/lib'
[10.663s] Level 1:colcon.colcon_core.shell:create_environment_hook('joint_trajectory_controller', 'ld_library_path_lib')
[10.664s] INFO:colcon.colcon_core.shell:Creating environment hook '/home/khaledob/bookros2_ws/install/joint_trajectory_controller/share/joint_trajectory_controller/hook/ld_library_path_lib.ps1'
[10.665s] INFO:colcon.colcon_core.shell:Creating environment descriptor '/home/khaledob/bookros2_ws/install/joint_trajectory_controller/share/joint_trajectory_controller/hook/ld_library_path_lib.dsv'
[10.666s] INFO:colcon.colcon_core.shell:Creating environment hook '/home/khaledob/bookros2_ws/install/joint_trajectory_controller/share/joint_trajectory_controller/hook/ld_library_path_lib.sh'
[10.668s] Level 1:colcon.colcon_core.environment:checking '/home/khaledob/bookros2_ws/install/joint_trajectory_controller/bin'
[10.668s] Level 1:colcon.colcon_core.environment:checking '/home/khaledob/bookros2_ws/install/joint_trajectory_controller/lib/pkgconfig/joint_trajectory_controller.pc'
[10.668s] Level 1:colcon.colcon_core.environment:checking '/home/khaledob/bookros2_ws/install/joint_trajectory_controller/lib/python3.8/site-packages'
[10.668s] Level 1:colcon.colcon_core.environment:checking '/home/khaledob/bookros2_ws/install/joint_trajectory_controller/bin'
[10.669s] INFO:colcon.colcon_core.shell:Creating package script '/home/khaledob/bookros2_ws/install/joint_trajectory_controller/share/joint_trajectory_controller/package.ps1'
[10.670s] INFO:colcon.colcon_core.shell:Creating package descriptor '/home/khaledob/bookros2_ws/install/joint_trajectory_controller/share/joint_trajectory_controller/package.dsv'
[10.671s] INFO:colcon.colcon_core.shell:Creating package script '/home/khaledob/bookros2_ws/install/joint_trajectory_controller/share/joint_trajectory_controller/package.sh'
[10.672s] INFO:colcon.colcon_core.shell:Creating package script '/home/khaledob/bookros2_ws/install/joint_trajectory_controller/share/joint_trajectory_controller/package.bash'
[10.674s] INFO:colcon.colcon_core.shell:Creating package script '/home/khaledob/bookros2_ws/install/joint_trajectory_controller/share/joint_trajectory_controller/package.zsh'
[10.675s] Level 1:colcon.colcon_core.environment:create_file_with_runtime_dependencies(/home/khaledob/bookros2_ws/install/joint_trajectory_controller/share/colcon-core/packages/joint_trajectory_controller)
[10.676s] Level 1:colcon.colcon_core.environment:create_environment_scripts_only(joint_trajectory_controller)
[10.677s] Level 1:colcon.colcon_core.environment:checking '/home/khaledob/bookros2_ws/install/joint_trajectory_controller' for CMake module files
[10.677s] Level 1:colcon.colcon_core.environment:checking '/home/khaledob/bookros2_ws/install/joint_trajectory_controller' for CMake config files
[10.678s] Level 1:colcon.colcon_core.shell:create_environment_hook('joint_trajectory_controller', 'cmake_prefix_path')
[10.678s] INFO:colcon.colcon_core.shell:Creating environment hook '/home/khaledob/bookros2_ws/install/joint_trajectory_controller/share/joint_trajectory_controller/hook/cmake_prefix_path.ps1'
[10.679s] INFO:colcon.colcon_core.shell:Creating environment descriptor '/home/khaledob/bookros2_ws/install/joint_trajectory_controller/share/joint_trajectory_controller/hook/cmake_prefix_path.dsv'
[10.681s] INFO:colcon.colcon_core.shell:Creating environment hook '/home/khaledob/bookros2_ws/install/joint_trajectory_controller/share/joint_trajectory_controller/hook/cmake_prefix_path.sh'
[10.682s] Level 1:colcon.colcon_core.environment:checking '/home/khaledob/bookros2_ws/install/joint_trajectory_controller/lib'
[10.682s] Level 1:colcon.colcon_core.shell:create_environment_hook('joint_trajectory_controller', 'ld_library_path_lib')
[10.683s] INFO:colcon.colcon_core.shell:Creating environment hook '/home/khaledob/bookros2_ws/install/joint_trajectory_controller/share/joint_trajectory_controller/hook/ld_library_path_lib.ps1'
[10.684s] INFO:colcon.colcon_core.shell:Creating environment descriptor '/home/khaledob/bookros2_ws/install/joint_trajectory_controller/share/joint_trajectory_controller/hook/ld_library_path_lib.dsv'
[10.685s] INFO:colcon.colcon_core.shell:Creating environment hook '/home/khaledob/bookros2_ws/install/joint_trajectory_controller/share/joint_trajectory_controller/hook/ld_library_path_lib.sh'
[10.687s] Level 1:colcon.colcon_core.environment:checking '/home/khaledob/bookros2_ws/install/joint_trajectory_controller/bin'
[10.687s] Level 1:colcon.colcon_core.environment:checking '/home/khaledob/bookros2_ws/install/joint_trajectory_controller/lib/pkgconfig/joint_trajectory_controller.pc'
[10.687s] Level 1:colcon.colcon_core.environment:checking '/home/khaledob/bookros2_ws/install/joint_trajectory_controller/lib/python3.8/site-packages'
[10.687s] Level 1:colcon.colcon_core.environment:checking '/home/khaledob/bookros2_ws/install/joint_trajectory_controller/bin'
[10.688s] INFO:colcon.colcon_core.shell:Creating package script '/home/khaledob/bookros2_ws/install/joint_trajectory_controller/share/joint_trajectory_controller/package.ps1'
[10.689s] INFO:colcon.colcon_core.shell:Creating package descriptor '/home/khaledob/bookros2_ws/install/joint_trajectory_controller/share/joint_trajectory_controller/package.dsv'
[10.691s] INFO:colcon.colcon_core.shell:Creating package script '/home/khaledob/bookros2_ws/install/joint_trajectory_controller/share/joint_trajectory_controller/package.sh'
[10.692s] INFO:colcon.colcon_core.shell:Creating package script '/home/khaledob/bookros2_ws/install/joint_trajectory_controller/share/joint_trajectory_controller/package.bash'
[10.693s] INFO:colcon.colcon_core.shell:Creating package script '/home/khaledob/bookros2_ws/install/joint_trajectory_controller/share/joint_trajectory_controller/package.zsh'
[10.695s] Level 1:colcon.colcon_core.environment:create_file_with_runtime_dependencies(/home/khaledob/bookros2_ws/install/joint_trajectory_controller/share/colcon-core/packages/joint_trajectory_controller)
[10.697s] INFO:colcon.colcon_ros.task.ament_cmake.build:Building ROS package in '/home/khaledob/bookros2_ws/src/ThirdParty/ros2_controllers/effort_controllers' with build type 'ament_cmake'
[10.698s] INFO:colcon.colcon_cmake.task.cmake.build:Building CMake package in '/home/khaledob/bookros2_ws/src/ThirdParty/ros2_controllers/effort_controllers'
[10.698s] INFO:colcon.colcon_core.shell:Skip shell extension 'powershell' for command environment: Not usable outside of PowerShell
[10.698s] DEBUG:colcon.colcon_core.shell:Skip shell extension 'dsv' for command environment
[10.728s] INFO:colcon.colcon_ros.task.ament_cmake.build:Building ROS package in '/home/khaledob/bookros2_ws/src/ThirdParty/ros2_controllers/velocity_controllers' with build type 'ament_cmake'
[10.734s] INFO:colcon.colcon_cmake.task.cmake.build:Building CMake package in '/home/khaledob/bookros2_ws/src/ThirdParty/ros2_controllers/velocity_controllers'
[10.735s] INFO:colcon.colcon_core.shell:Skip shell extension 'powershell' for command environment: Not usable outside of PowerShell
[10.739s] DEBUG:colcon.colcon_core.shell:Skip shell extension 'dsv' for command environment
[10.774s] DEBUG:colcon.colcon_core.event_handler.log_command:Invoked command in '/home/khaledob/bookros2_ws/build/joint_state_controller' returned '0': CMAKE_PREFIX_PATH=/home/khaledob/bookros2_ws/install/joint_state_broadcaster:/home/khaledob/bookros2_ws/install/controller_manager:/home/khaledob/bookros2_ws/install/controller_interface:/home/khaledob/bookros2_ws/install/hardware_interface:/home/khaledob/bookros2_ws/install/ros2_control_test_assets:/home/khaledob/bookros2_ws/install/controller_manager_msgs:/home/khaledob/bookros2_ws/install/task2b:/home/khaledob/bookros2_ws/install/task2a:/home/khaledob/bookros2_ws/install/gazebo_ros2_control_demos:/home/khaledob/bookros2_ws/install/ros2_controllers:/home/khaledob/bookros2_ws/install/velocity_controllers:/home/khaledob/bookros2_ws/install/urdf_test:/home/khaledob/bookros2_ws/install/tiago_simulation:/home/khaledob/bookros2_ws/install/tiago_robot:/home/khaledob/bookros2_ws/install/tiago_2dnav_gazebo:/home/khaledob/bookros2_ws/install/tiago_gazebo:/home/khaledob/bookros2_ws/install/tiago_bringup:/home/khaledob/bookros2_ws/install/pmb2_robot:/home/khaledob/bookros2_ws/install/pmb2_bringup:/home/khaledob/bookros2_ws/install/twist_mux:/home/khaledob/bookros2_ws/install/transmission_interface:/home/khaledob/bookros2_ws/install/tiago_description:/home/khaledob/bookros2_ws/install/tiago_description_calibration:/home/khaledob/bookros2_ws/install/tiago_controller_configuration:/home/khaledob/bookros2_ws/install/task1:/home/khaledob/bookros2_ws/install/ros2_control:/home/khaledob/bookros2_ws/install/pal_gripper:/home/khaledob/bookros2_ws/install/pal_gripper_controller_configuration:/home/khaledob/bookros2_ws/install/position_controllers:/home/khaledob/bookros2_ws/install/pmb2_navigation:/home/khaledob/bookros2_ws/install/pmb2_2dnav:/home/khaledob/bookros2_ws/install/pmb2_maps:/home/khaledob/bookros2_ws/install/pmb2_description:/home/khaledob/bookros2_ws/install/pmb2_controller_configuration:/home/khaledob/bookros2_ws/install/pal_gripper_description:/home/khaledob/bookros2_ws/install/pal_gazebo_worlds:/home/khaledob/bookros2_ws/install/joint_trajectory_controller:/home/khaledob/bookros2_ws/install/joint_state_controller:/home/khaledob/bookros2_ws/install/imu_sensor_broadcaster:/home/khaledob/bookros2_ws/install/hey5_description:/home/khaledob/bookros2_ws/install/gripper_controllers:/home/khaledob/bookros2_ws/install/gazebo_ros2_control:/home/khaledob/bookros2_ws/install/effort_controllers:/home/khaledob/bookros2_ws/install/forward_command_controller:/home/khaledob/bookros2_ws/install/force_torque_sensor_broadcaster:/home/khaledob/bookros2_ws/install/diff_drive_controller:/home/khaledob/bookros2_ws/install/groot:/home/khaledob/bookros2_ws/install/br2_vff_avoidance:/home/khaledob/bookros2_ws/install/br2_tracking:/home/khaledob/bookros2_ws/install/br2_tracking_msgs:/home/khaledob/bookros2_ws/install/br2_tiago:/home/khaledob/bookros2_ws/install/br2_tf2_detector:/home/khaledob/bookros2_ws/install/br2_navigation:/home/khaledob/bookros2_ws/install/br2_fsm_bumpgo_cpp:/home/khaledob/bookros2_ws/install/br2_bt_patrolling:/home/khaledob/bookros2_ws/install/br2_bt_bumpgo:/home/khaledob/bookros2_ws/install/br2_basics:/home/khaledob/bookros2_ws/install/ros2controlcli:/home/khaledob/bookros2_ws/install/launch_pal:/home/khaledob/bookros2_ws/install/br2_fsm_bumpgo_py:/opt/ros/foxy LD_LIBRARY_PATH=/home/khaledob/bookros2_ws/install/joint_state_broadcaster/lib:/home/khaledob/bookros2_ws/install/controller_manager/lib:/home/khaledob/bookros2_ws/install/controller_interface/lib:/home/khaledob/bookros2_ws/install/hardware_interface/lib:/home/khaledob/bookros2_ws/install/controller_manager_msgs/lib:/home/khaledob/bookros2_ws/install/velocity_controllers/lib:/home/khaledob/bookros2_ws/install/position_controllers/lib:/home/khaledob/bookros2_ws/install/joint_trajectory_controller/lib:/home/khaledob/bookros2_ws/install/joint_state_controller/lib:/home/khaledob/bookros2_ws/install/imu_sensor_broadcaster/lib:/home/khaledob/bookros2_ws/install/gripper_controllers/lib:/home/khaledob/bookros2_ws/install/gazebo_ros2_control/lib:/home/khaledob/bookros2_ws/install/effort_controllers/lib:/home/khaledob/bookros2_ws/install/forward_command_controller/lib:/home/khaledob/bookros2_ws/install/force_torque_sensor_broadcaster/lib:/home/khaledob/bookros2_ws/install/diff_drive_controller/lib:/home/khaledob/bookros2_ws/install/groot/lib:/home/khaledob/bookros2_ws/install/br2_vff_avoidance/lib:/home/khaledob/bookros2_ws/install/br2_tracking/lib:/home/khaledob/bookros2_ws/install/br2_tracking_msgs/lib:/home/khaledob/bookros2_ws/install/br2_tf2_detector/lib:/home/khaledob/bookros2_ws/install/br2_bt_patrolling/lib:/home/khaledob/bookros2_ws/install/br2_bt_bumpgo/lib:/usr/lib/x86_64-linux-gnu/gazebo-11/plugins:/opt/ros/foxy/opt/yaml_cpp_vendor/lib:/opt/ros/foxy/opt/rviz_ogre_vendor/lib:/opt/ros/foxy/lib/x86_64-linux-gnu:/opt/ros/foxy/lib PYTHONPATH=/home/khaledob/bookros2_ws/install/controller_manager/lib/python3.8/site-packages:/home/khaledob/bookros2_ws/install/controller_manager_msgs/lib/python3.8/site-packages:/home/khaledob/bookros2_ws/install/urdf_test/lib/python3.8/site-packages:/home/khaledob/bookros2_ws/install/tiago_description/lib/python3.8/site-packages:/home/khaledob/bookros2_ws/build/ros2controlcli:/home/khaledob/bookros2_ws/install/ros2controlcli/lib/python3.8/site-packages:/home/khaledob/bookros2_ws/install/pmb2_description/lib/python3.8/site-packages:/home/khaledob/bookros2_ws/build/launch_pal:/home/khaledob/bookros2_ws/install/launch_pal/lib/python3.8/site-packages:/home/khaledob/bookros2_ws/install/br2_tracking_msgs/lib/python3.8/site-packages:/home/khaledob/bookros2_ws/build/br2_fsm_bumpgo_py:/home/khaledob/bookros2_ws/install/br2_fsm_bumpgo_py/lib/python3.8/site-packages:/opt/ros/foxy/lib/python3.8/site-packages /usr/bin/cmake --build /home/khaledob/bookros2_ws/build/joint_state_controller -- -j7 -l7
[10.808s] DEBUG:colcon.colcon_core.event_handler.log_command:Invoking command in '/home/khaledob/bookros2_ws/build/joint_state_controller': CMAKE_PREFIX_PATH=/home/khaledob/bookros2_ws/install/joint_state_broadcaster:/home/khaledob/bookros2_ws/install/controller_manager:/home/khaledob/bookros2_ws/install/controller_interface:/home/khaledob/bookros2_ws/install/hardware_interface:/home/khaledob/bookros2_ws/install/ros2_control_test_assets:/home/khaledob/bookros2_ws/install/controller_manager_msgs:/home/khaledob/bookros2_ws/install/task2b:/home/khaledob/bookros2_ws/install/task2a:/home/khaledob/bookros2_ws/install/gazebo_ros2_control_demos:/home/khaledob/bookros2_ws/install/ros2_controllers:/home/khaledob/bookros2_ws/install/velocity_controllers:/home/khaledob/bookros2_ws/install/urdf_test:/home/khaledob/bookros2_ws/install/tiago_simulation:/home/khaledob/bookros2_ws/install/tiago_robot:/home/khaledob/bookros2_ws/install/tiago_2dnav_gazebo:/home/khaledob/bookros2_ws/install/tiago_gazebo:/home/khaledob/bookros2_ws/install/tiago_bringup:/home/khaledob/bookros2_ws/install/pmb2_robot:/home/khaledob/bookros2_ws/install/pmb2_bringup:/home/khaledob/bookros2_ws/install/twist_mux:/home/khaledob/bookros2_ws/install/transmission_interface:/home/khaledob/bookros2_ws/install/tiago_description:/home/khaledob/bookros2_ws/install/tiago_description_calibration:/home/khaledob/bookros2_ws/install/tiago_controller_configuration:/home/khaledob/bookros2_ws/install/task1:/home/khaledob/bookros2_ws/install/ros2_control:/home/khaledob/bookros2_ws/install/pal_gripper:/home/khaledob/bookros2_ws/install/pal_gripper_controller_configuration:/home/khaledob/bookros2_ws/install/position_controllers:/home/khaledob/bookros2_ws/install/pmb2_navigation:/home/khaledob/bookros2_ws/install/pmb2_2dnav:/home/khaledob/bookros2_ws/install/pmb2_maps:/home/khaledob/bookros2_ws/install/pmb2_description:/home/khaledob/bookros2_ws/install/pmb2_controller_configuration:/home/khaledob/bookros2_ws/install/pal_gripper_description:/home/khaledob/bookros2_ws/install/pal_gazebo_worlds:/home/khaledob/bookros2_ws/install/joint_trajectory_controller:/home/khaledob/bookros2_ws/install/joint_state_controller:/home/khaledob/bookros2_ws/install/imu_sensor_broadcaster:/home/khaledob/bookros2_ws/install/hey5_description:/home/khaledob/bookros2_ws/install/gripper_controllers:/home/khaledob/bookros2_ws/install/gazebo_ros2_control:/home/khaledob/bookros2_ws/install/effort_controllers:/home/khaledob/bookros2_ws/install/forward_command_controller:/home/khaledob/bookros2_ws/install/force_torque_sensor_broadcaster:/home/khaledob/bookros2_ws/install/diff_drive_controller:/home/khaledob/bookros2_ws/install/groot:/home/khaledob/bookros2_ws/install/br2_vff_avoidance:/home/khaledob/bookros2_ws/install/br2_tracking:/home/khaledob/bookros2_ws/install/br2_tracking_msgs:/home/khaledob/bookros2_ws/install/br2_tiago:/home/khaledob/bookros2_ws/install/br2_tf2_detector:/home/khaledob/bookros2_ws/install/br2_navigation:/home/khaledob/bookros2_ws/install/br2_fsm_bumpgo_cpp:/home/khaledob/bookros2_ws/install/br2_bt_patrolling:/home/khaledob/bookros2_ws/install/br2_bt_bumpgo:/home/khaledob/bookros2_ws/install/br2_basics:/home/khaledob/bookros2_ws/install/ros2controlcli:/home/khaledob/bookros2_ws/install/launch_pal:/home/khaledob/bookros2_ws/install/br2_fsm_bumpgo_py:/opt/ros/foxy LD_LIBRARY_PATH=/home/khaledob/bookros2_ws/install/joint_state_broadcaster/lib:/home/khaledob/bookros2_ws/install/controller_manager/lib:/home/khaledob/bookros2_ws/install/controller_interface/lib:/home/khaledob/bookros2_ws/install/hardware_interface/lib:/home/khaledob/bookros2_ws/install/controller_manager_msgs/lib:/home/khaledob/bookros2_ws/install/velocity_controllers/lib:/home/khaledob/bookros2_ws/install/position_controllers/lib:/home/khaledob/bookros2_ws/install/joint_trajectory_controller/lib:/home/khaledob/bookros2_ws/install/joint_state_controller/lib:/home/khaledob/bookros2_ws/install/imu_sensor_broadcaster/lib:/home/khaledob/bookros2_ws/install/gripper_controllers/lib:/home/khaledob/bookros2_ws/install/gazebo_ros2_control/lib:/home/khaledob/bookros2_ws/install/effort_controllers/lib:/home/khaledob/bookros2_ws/install/forward_command_controller/lib:/home/khaledob/bookros2_ws/install/force_torque_sensor_broadcaster/lib:/home/khaledob/bookros2_ws/install/diff_drive_controller/lib:/home/khaledob/bookros2_ws/install/groot/lib:/home/khaledob/bookros2_ws/install/br2_vff_avoidance/lib:/home/khaledob/bookros2_ws/install/br2_tracking/lib:/home/khaledob/bookros2_ws/install/br2_tracking_msgs/lib:/home/khaledob/bookros2_ws/install/br2_tf2_detector/lib:/home/khaledob/bookros2_ws/install/br2_bt_patrolling/lib:/home/khaledob/bookros2_ws/install/br2_bt_bumpgo/lib:/usr/lib/x86_64-linux-gnu/gazebo-11/plugins:/opt/ros/foxy/opt/yaml_cpp_vendor/lib:/opt/ros/foxy/opt/rviz_ogre_vendor/lib:/opt/ros/foxy/lib/x86_64-linux-gnu:/opt/ros/foxy/lib PYTHONPATH=/home/khaledob/bookros2_ws/install/controller_manager/lib/python3.8/site-packages:/home/khaledob/bookros2_ws/install/controller_manager_msgs/lib/python3.8/site-packages:/home/khaledob/bookros2_ws/install/urdf_test/lib/python3.8/site-packages:/home/khaledob/bookros2_ws/install/tiago_description/lib/python3.8/site-packages:/home/khaledob/bookros2_ws/build/ros2controlcli:/home/khaledob/bookros2_ws/install/ros2controlcli/lib/python3.8/site-packages:/home/khaledob/bookros2_ws/install/pmb2_description/lib/python3.8/site-packages:/home/khaledob/bookros2_ws/build/launch_pal:/home/khaledob/bookros2_ws/install/launch_pal/lib/python3.8/site-packages:/home/khaledob/bookros2_ws/install/br2_tracking_msgs/lib/python3.8/site-packages:/home/khaledob/bookros2_ws/build/br2_fsm_bumpgo_py:/home/khaledob/bookros2_ws/install/br2_fsm_bumpgo_py/lib/python3.8/site-packages:/opt/ros/foxy/lib/python3.8/site-packages /usr/bin/cmake --install /home/khaledob/bookros2_ws/build/joint_state_controller
[10.825s] DEBUG:colcon.colcon_core.event_handler.log_command:Invoked command in '/home/khaledob/bookros2_ws/build/force_torque_sensor_broadcaster' returned '0': CMAKE_PREFIX_PATH=/home/khaledob/bookros2_ws/install/controller_manager:/home/khaledob/bookros2_ws/install/controller_interface:/home/khaledob/bookros2_ws/install/hardware_interface:/home/khaledob/bookros2_ws/install/ros2_control_test_assets:/home/khaledob/bookros2_ws/install/controller_manager_msgs:/home/khaledob/bookros2_ws/install/task2b:/home/khaledob/bookros2_ws/install/task2a:/home/khaledob/bookros2_ws/install/gazebo_ros2_control_demos:/home/khaledob/bookros2_ws/install/ros2_controllers:/home/khaledob/bookros2_ws/install/velocity_controllers:/home/khaledob/bookros2_ws/install/urdf_test:/home/khaledob/bookros2_ws/install/tiago_simulation:/home/khaledob/bookros2_ws/install/tiago_robot:/home/khaledob/bookros2_ws/install/tiago_2dnav_gazebo:/home/khaledob/bookros2_ws/install/tiago_gazebo:/home/khaledob/bookros2_ws/install/tiago_bringup:/home/khaledob/bookros2_ws/install/pmb2_robot:/home/khaledob/bookros2_ws/install/pmb2_bringup:/home/khaledob/bookros2_ws/install/twist_mux:/home/khaledob/bookros2_ws/install/transmission_interface:/home/khaledob/bookros2_ws/install/tiago_description:/home/khaledob/bookros2_ws/install/tiago_description_calibration:/home/khaledob/bookros2_ws/install/tiago_controller_configuration:/home/khaledob/bookros2_ws/install/task1:/home/khaledob/bookros2_ws/install/ros2_control:/home/khaledob/bookros2_ws/install/pal_gripper:/home/khaledob/bookros2_ws/install/pal_gripper_controller_configuration:/home/khaledob/bookros2_ws/install/position_controllers:/home/khaledob/bookros2_ws/install/pmb2_navigation:/home/khaledob/bookros2_ws/install/pmb2_2dnav:/home/khaledob/bookros2_ws/install/pmb2_maps:/home/khaledob/bookros2_ws/install/pmb2_description:/home/khaledob/bookros2_ws/install/pmb2_controller_configuration:/home/khaledob/bookros2_ws/install/pal_gripper_description:/home/khaledob/bookros2_ws/install/pal_gazebo_worlds:/home/khaledob/bookros2_ws/install/joint_trajectory_controller:/home/khaledob/bookros2_ws/install/joint_state_controller:/home/khaledob/bookros2_ws/install/joint_state_broadcaster:/home/khaledob/bookros2_ws/install/imu_sensor_broadcaster:/home/khaledob/bookros2_ws/install/hey5_description:/home/khaledob/bookros2_ws/install/gripper_controllers:/home/khaledob/bookros2_ws/install/gazebo_ros2_control:/home/khaledob/bookros2_ws/install/effort_controllers:/home/khaledob/bookros2_ws/install/forward_command_controller:/home/khaledob/bookros2_ws/install/force_torque_sensor_broadcaster:/home/khaledob/bookros2_ws/install/diff_drive_controller:/home/khaledob/bookros2_ws/install/groot:/home/khaledob/bookros2_ws/install/br2_vff_avoidance:/home/khaledob/bookros2_ws/install/br2_tracking:/home/khaledob/bookros2_ws/install/br2_tracking_msgs:/home/khaledob/bookros2_ws/install/br2_tiago:/home/khaledob/bookros2_ws/install/br2_tf2_detector:/home/khaledob/bookros2_ws/install/br2_navigation:/home/khaledob/bookros2_ws/install/br2_fsm_bumpgo_cpp:/home/khaledob/bookros2_ws/install/br2_bt_patrolling:/home/khaledob/bookros2_ws/install/br2_bt_bumpgo:/home/khaledob/bookros2_ws/install/br2_basics:/home/khaledob/bookros2_ws/install/ros2controlcli:/home/khaledob/bookros2_ws/install/launch_pal:/home/khaledob/bookros2_ws/install/br2_fsm_bumpgo_py:/opt/ros/foxy LD_LIBRARY_PATH=/home/khaledob/bookros2_ws/install/controller_manager/lib:/home/khaledob/bookros2_ws/install/controller_interface/lib:/home/khaledob/bookros2_ws/install/hardware_interface/lib:/home/khaledob/bookros2_ws/install/controller_manager_msgs/lib:/home/khaledob/bookros2_ws/install/velocity_controllers/lib:/home/khaledob/bookros2_ws/install/position_controllers/lib:/home/khaledob/bookros2_ws/install/joint_trajectory_controller/lib:/home/khaledob/bookros2_ws/install/joint_state_controller/lib:/home/khaledob/bookros2_ws/install/joint_state_broadcaster/lib:/home/khaledob/bookros2_ws/install/imu_sensor_broadcaster/lib:/home/khaledob/bookros2_ws/install/gripper_controllers/lib:/home/khaledob/bookros2_ws/install/gazebo_ros2_control/lib:/home/khaledob/bookros2_ws/install/effort_controllers/lib:/home/khaledob/bookros2_ws/install/forward_command_controller/lib:/home/khaledob/bookros2_ws/install/force_torque_sensor_broadcaster/lib:/home/khaledob/bookros2_ws/install/diff_drive_controller/lib:/home/khaledob/bookros2_ws/install/groot/lib:/home/khaledob/bookros2_ws/install/br2_vff_avoidance/lib:/home/khaledob/bookros2_ws/install/br2_tracking/lib:/home/khaledob/bookros2_ws/install/br2_tracking_msgs/lib:/home/khaledob/bookros2_ws/install/br2_tf2_detector/lib:/home/khaledob/bookros2_ws/install/br2_bt_patrolling/lib:/home/khaledob/bookros2_ws/install/br2_bt_bumpgo/lib:/usr/lib/x86_64-linux-gnu/gazebo-11/plugins:/opt/ros/foxy/opt/yaml_cpp_vendor/lib:/opt/ros/foxy/opt/rviz_ogre_vendor/lib:/opt/ros/foxy/lib/x86_64-linux-gnu:/opt/ros/foxy/lib PYTHONPATH=/home/khaledob/bookros2_ws/install/controller_manager/lib/python3.8/site-packages:/home/khaledob/bookros2_ws/install/controller_manager_msgs/lib/python3.8/site-packages:/home/khaledob/bookros2_ws/install/urdf_test/lib/python3.8/site-packages:/home/khaledob/bookros2_ws/install/tiago_description/lib/python3.8/site-packages:/home/khaledob/bookros2_ws/build/ros2controlcli:/home/khaledob/bookros2_ws/install/ros2controlcli/lib/python3.8/site-packages:/home/khaledob/bookros2_ws/install/pmb2_description/lib/python3.8/site-packages:/home/khaledob/bookros2_ws/build/launch_pal:/home/khaledob/bookros2_ws/install/launch_pal/lib/python3.8/site-packages:/home/khaledob/bookros2_ws/install/br2_tracking_msgs/lib/python3.8/site-packages:/home/khaledob/bookros2_ws/build/br2_fsm_bumpgo_py:/home/khaledob/bookros2_ws/install/br2_fsm_bumpgo_py/lib/python3.8/site-packages:/opt/ros/foxy/lib/python3.8/site-packages /usr/bin/cmake --build /home/khaledob/bookros2_ws/build/force_torque_sensor_broadcaster -- -j7 -l7
[10.867s] DEBUG:colcon.colcon_core.event_handler.log_command:Invoking command in '/home/khaledob/bookros2_ws/build/force_torque_sensor_broadcaster': CMAKE_PREFIX_PATH=/home/khaledob/bookros2_ws/install/controller_manager:/home/khaledob/bookros2_ws/install/controller_interface:/home/khaledob/bookros2_ws/install/hardware_interface:/home/khaledob/bookros2_ws/install/ros2_control_test_assets:/home/khaledob/bookros2_ws/install/controller_manager_msgs:/home/khaledob/bookros2_ws/install/task2b:/home/khaledob/bookros2_ws/install/task2a:/home/khaledob/bookros2_ws/install/gazebo_ros2_control_demos:/home/khaledob/bookros2_ws/install/ros2_controllers:/home/khaledob/bookros2_ws/install/velocity_controllers:/home/khaledob/bookros2_ws/install/urdf_test:/home/khaledob/bookros2_ws/install/tiago_simulation:/home/khaledob/bookros2_ws/install/tiago_robot:/home/khaledob/bookros2_ws/install/tiago_2dnav_gazebo:/home/khaledob/bookros2_ws/install/tiago_gazebo:/home/khaledob/bookros2_ws/install/tiago_bringup:/home/khaledob/bookros2_ws/install/pmb2_robot:/home/khaledob/bookros2_ws/install/pmb2_bringup:/home/khaledob/bookros2_ws/install/twist_mux:/home/khaledob/bookros2_ws/install/transmission_interface:/home/khaledob/bookros2_ws/install/tiago_description:/home/khaledob/bookros2_ws/install/tiago_description_calibration:/home/khaledob/bookros2_ws/install/tiago_controller_configuration:/home/khaledob/bookros2_ws/install/task1:/home/khaledob/bookros2_ws/install/ros2_control:/home/khaledob/bookros2_ws/install/pal_gripper:/home/khaledob/bookros2_ws/install/pal_gripper_controller_configuration:/home/khaledob/bookros2_ws/install/position_controllers:/home/khaledob/bookros2_ws/install/pmb2_navigation:/home/khaledob/bookros2_ws/install/pmb2_2dnav:/home/khaledob/bookros2_ws/install/pmb2_maps:/home/khaledob/bookros2_ws/install/pmb2_description:/home/khaledob/bookros2_ws/install/pmb2_controller_configuration:/home/khaledob/bookros2_ws/install/pal_gripper_description:/home/khaledob/bookros2_ws/install/pal_gazebo_worlds:/home/khaledob/bookros2_ws/install/joint_trajectory_controller:/home/khaledob/bookros2_ws/install/joint_state_controller:/home/khaledob/bookros2_ws/install/joint_state_broadcaster:/home/khaledob/bookros2_ws/install/imu_sensor_broadcaster:/home/khaledob/bookros2_ws/install/hey5_description:/home/khaledob/bookros2_ws/install/gripper_controllers:/home/khaledob/bookros2_ws/install/gazebo_ros2_control:/home/khaledob/bookros2_ws/install/effort_controllers:/home/khaledob/bookros2_ws/install/forward_command_controller:/home/khaledob/bookros2_ws/install/force_torque_sensor_broadcaster:/home/khaledob/bookros2_ws/install/diff_drive_controller:/home/khaledob/bookros2_ws/install/groot:/home/khaledob/bookros2_ws/install/br2_vff_avoidance:/home/khaledob/bookros2_ws/install/br2_tracking:/home/khaledob/bookros2_ws/install/br2_tracking_msgs:/home/khaledob/bookros2_ws/install/br2_tiago:/home/khaledob/bookros2_ws/install/br2_tf2_detector:/home/khaledob/bookros2_ws/install/br2_navigation:/home/khaledob/bookros2_ws/install/br2_fsm_bumpgo_cpp:/home/khaledob/bookros2_ws/install/br2_bt_patrolling:/home/khaledob/bookros2_ws/install/br2_bt_bumpgo:/home/khaledob/bookros2_ws/install/br2_basics:/home/khaledob/bookros2_ws/install/ros2controlcli:/home/khaledob/bookros2_ws/install/launch_pal:/home/khaledob/bookros2_ws/install/br2_fsm_bumpgo_py:/opt/ros/foxy LD_LIBRARY_PATH=/home/khaledob/bookros2_ws/install/controller_manager/lib:/home/khaledob/bookros2_ws/install/controller_interface/lib:/home/khaledob/bookros2_ws/install/hardware_interface/lib:/home/khaledob/bookros2_ws/install/controller_manager_msgs/lib:/home/khaledob/bookros2_ws/install/velocity_controllers/lib:/home/khaledob/bookros2_ws/install/position_controllers/lib:/home/khaledob/bookros2_ws/install/joint_trajectory_controller/lib:/home/khaledob/bookros2_ws/install/joint_state_controller/lib:/home/khaledob/bookros2_ws/install/joint_state_broadcaster/lib:/home/khaledob/bookros2_ws/install/imu_sensor_broadcaster/lib:/home/khaledob/bookros2_ws/install/gripper_controllers/lib:/home/khaledob/bookros2_ws/install/gazebo_ros2_control/lib:/home/khaledob/bookros2_ws/install/effort_controllers/lib:/home/khaledob/bookros2_ws/install/forward_command_controller/lib:/home/khaledob/bookros2_ws/install/force_torque_sensor_broadcaster/lib:/home/khaledob/bookros2_ws/install/diff_drive_controller/lib:/home/khaledob/bookros2_ws/install/groot/lib:/home/khaledob/bookros2_ws/install/br2_vff_avoidance/lib:/home/khaledob/bookros2_ws/install/br2_tracking/lib:/home/khaledob/bookros2_ws/install/br2_tracking_msgs/lib:/home/khaledob/bookros2_ws/install/br2_tf2_detector/lib:/home/khaledob/bookros2_ws/install/br2_bt_patrolling/lib:/home/khaledob/bookros2_ws/install/br2_bt_bumpgo/lib:/usr/lib/x86_64-linux-gnu/gazebo-11/plugins:/opt/ros/foxy/opt/yaml_cpp_vendor/lib:/opt/ros/foxy/opt/rviz_ogre_vendor/lib:/opt/ros/foxy/lib/x86_64-linux-gnu:/opt/ros/foxy/lib PYTHONPATH=/home/khaledob/bookros2_ws/install/controller_manager/lib/python3.8/site-packages:/home/khaledob/bookros2_ws/install/controller_manager_msgs/lib/python3.8/site-packages:/home/khaledob/bookros2_ws/install/urdf_test/lib/python3.8/site-packages:/home/khaledob/bookros2_ws/install/tiago_description/lib/python3.8/site-packages:/home/khaledob/bookros2_ws/build/ros2controlcli:/home/khaledob/bookros2_ws/install/ros2controlcli/lib/python3.8/site-packages:/home/khaledob/bookros2_ws/install/pmb2_description/lib/python3.8/site-packages:/home/khaledob/bookros2_ws/build/launch_pal:/home/khaledob/bookros2_ws/install/launch_pal/lib/python3.8/site-packages:/home/khaledob/bookros2_ws/install/br2_tracking_msgs/lib/python3.8/site-packages:/home/khaledob/bookros2_ws/build/br2_fsm_bumpgo_py:/home/khaledob/bookros2_ws/install/br2_fsm_bumpgo_py/lib/python3.8/site-packages:/opt/ros/foxy/lib/python3.8/site-packages /usr/bin/cmake --install /home/khaledob/bookros2_ws/build/force_torque_sensor_broadcaster
[10.871s] DEBUG:colcon.colcon_core.event_handler.log_command:Invoked command in '/home/khaledob/bookros2_ws/build/position_controllers' returned '0': CMAKE_PREFIX_PATH=/home/khaledob/bookros2_ws/install/forward_command_controller:/home/khaledob/bookros2_ws/install/controller_manager:/home/khaledob/bookros2_ws/install/controller_interface:/home/khaledob/bookros2_ws/install/hardware_interface:/home/khaledob/bookros2_ws/install/ros2_control_test_assets:/home/khaledob/bookros2_ws/install/controller_manager_msgs:/home/khaledob/bookros2_ws/install/task2b:/home/khaledob/bookros2_ws/install/task2a:/home/khaledob/bookros2_ws/install/gazebo_ros2_control_demos:/home/khaledob/bookros2_ws/install/ros2_controllers:/home/khaledob/bookros2_ws/install/velocity_controllers:/home/khaledob/bookros2_ws/install/urdf_test:/home/khaledob/bookros2_ws/install/tiago_simulation:/home/khaledob/bookros2_ws/install/tiago_robot:/home/khaledob/bookros2_ws/install/tiago_2dnav_gazebo:/home/khaledob/bookros2_ws/install/tiago_gazebo:/home/khaledob/bookros2_ws/install/tiago_bringup:/home/khaledob/bookros2_ws/install/pmb2_robot:/home/khaledob/bookros2_ws/install/pmb2_bringup:/home/khaledob/bookros2_ws/install/twist_mux:/home/khaledob/bookros2_ws/install/transmission_interface:/home/khaledob/bookros2_ws/install/tiago_description:/home/khaledob/bookros2_ws/install/tiago_description_calibration:/home/khaledob/bookros2_ws/install/tiago_controller_configuration:/home/khaledob/bookros2_ws/install/task1:/home/khaledob/bookros2_ws/install/ros2_control:/home/khaledob/bookros2_ws/install/pal_gripper:/home/khaledob/bookros2_ws/install/pal_gripper_controller_configuration:/home/khaledob/bookros2_ws/install/position_controllers:/home/khaledob/bookros2_ws/install/pmb2_navigation:/home/khaledob/bookros2_ws/install/pmb2_2dnav:/home/khaledob/bookros2_ws/install/pmb2_maps:/home/khaledob/bookros2_ws/install/pmb2_description:/home/khaledob/bookros2_ws/install/pmb2_controller_configuration:/home/khaledob/bookros2_ws/install/pal_gripper_description:/home/khaledob/bookros2_ws/install/pal_gazebo_worlds:/home/khaledob/bookros2_ws/install/joint_trajectory_controller:/home/khaledob/bookros2_ws/install/joint_state_controller:/home/khaledob/bookros2_ws/install/joint_state_broadcaster:/home/khaledob/bookros2_ws/install/imu_sensor_broadcaster:/home/khaledob/bookros2_ws/install/hey5_description:/home/khaledob/bookros2_ws/install/gripper_controllers:/home/khaledob/bookros2_ws/install/gazebo_ros2_control:/home/khaledob/bookros2_ws/install/effort_controllers:/home/khaledob/bookros2_ws/install/force_torque_sensor_broadcaster:/home/khaledob/bookros2_ws/install/diff_drive_controller:/home/khaledob/bookros2_ws/install/groot:/home/khaledob/bookros2_ws/install/br2_vff_avoidance:/home/khaledob/bookros2_ws/install/br2_tracking:/home/khaledob/bookros2_ws/install/br2_tracking_msgs:/home/khaledob/bookros2_ws/install/br2_tiago:/home/khaledob/bookros2_ws/install/br2_tf2_detector:/home/khaledob/bookros2_ws/install/br2_navigation:/home/khaledob/bookros2_ws/install/br2_fsm_bumpgo_cpp:/home/khaledob/bookros2_ws/install/br2_bt_patrolling:/home/khaledob/bookros2_ws/install/br2_bt_bumpgo:/home/khaledob/bookros2_ws/install/br2_basics:/home/khaledob/bookros2_ws/install/ros2controlcli:/home/khaledob/bookros2_ws/install/launch_pal:/home/khaledob/bookros2_ws/install/br2_fsm_bumpgo_py:/opt/ros/foxy LD_LIBRARY_PATH=/home/khaledob/bookros2_ws/install/forward_command_controller/lib:/home/khaledob/bookros2_ws/install/controller_manager/lib:/home/khaledob/bookros2_ws/install/controller_interface/lib:/home/khaledob/bookros2_ws/install/hardware_interface/lib:/home/khaledob/bookros2_ws/install/controller_manager_msgs/lib:/home/khaledob/bookros2_ws/install/velocity_controllers/lib:/home/khaledob/bookros2_ws/install/position_controllers/lib:/home/khaledob/bookros2_ws/install/joint_trajectory_controller/lib:/home/khaledob/bookros2_ws/install/joint_state_controller/lib:/home/khaledob/bookros2_ws/install/joint_state_broadcaster/lib:/home/khaledob/bookros2_ws/install/imu_sensor_broadcaster/lib:/home/khaledob/bookros2_ws/install/gripper_controllers/lib:/home/khaledob/bookros2_ws/install/gazebo_ros2_control/lib:/home/khaledob/bookros2_ws/install/effort_controllers/lib:/home/khaledob/bookros2_ws/install/force_torque_sensor_broadcaster/lib:/home/khaledob/bookros2_ws/install/diff_drive_controller/lib:/home/khaledob/bookros2_ws/install/groot/lib:/home/khaledob/bookros2_ws/install/br2_vff_avoidance/lib:/home/khaledob/bookros2_ws/install/br2_tracking/lib:/home/khaledob/bookros2_ws/install/br2_tracking_msgs/lib:/home/khaledob/bookros2_ws/install/br2_tf2_detector/lib:/home/khaledob/bookros2_ws/install/br2_bt_patrolling/lib:/home/khaledob/bookros2_ws/install/br2_bt_bumpgo/lib:/usr/lib/x86_64-linux-gnu/gazebo-11/plugins:/opt/ros/foxy/opt/yaml_cpp_vendor/lib:/opt/ros/foxy/opt/rviz_ogre_vendor/lib:/opt/ros/foxy/lib/x86_64-linux-gnu:/opt/ros/foxy/lib PYTHONPATH=/home/khaledob/bookros2_ws/install/controller_manager/lib/python3.8/site-packages:/home/khaledob/bookros2_ws/install/controller_manager_msgs/lib/python3.8/site-packages:/home/khaledob/bookros2_ws/install/urdf_test/lib/python3.8/site-packages:/home/khaledob/bookros2_ws/install/tiago_description/lib/python3.8/site-packages:/home/khaledob/bookros2_ws/build/ros2controlcli:/home/khaledob/bookros2_ws/install/ros2controlcli/lib/python3.8/site-packages:/home/khaledob/bookros2_ws/install/pmb2_description/lib/python3.8/site-packages:/home/khaledob/bookros2_ws/build/launch_pal:/home/khaledob/bookros2_ws/install/launch_pal/lib/python3.8/site-packages:/home/khaledob/bookros2_ws/install/br2_tracking_msgs/lib/python3.8/site-packages:/home/khaledob/bookros2_ws/build/br2_fsm_bumpgo_py:/home/khaledob/bookros2_ws/install/br2_fsm_bumpgo_py/lib/python3.8/site-packages:/opt/ros/foxy/lib/python3.8/site-packages /usr/bin/cmake --build /home/khaledob/bookros2_ws/build/position_controllers -- -j7 -l7
[10.888s] DEBUG:colcon.colcon_core.event_handler.log_command:Invoking command in '/home/khaledob/bookros2_ws/build/position_controllers': CMAKE_PREFIX_PATH=/home/khaledob/bookros2_ws/install/forward_command_controller:/home/khaledob/bookros2_ws/install/controller_manager:/home/khaledob/bookros2_ws/install/controller_interface:/home/khaledob/bookros2_ws/install/hardware_interface:/home/khaledob/bookros2_ws/install/ros2_control_test_assets:/home/khaledob/bookros2_ws/install/controller_manager_msgs:/home/khaledob/bookros2_ws/install/task2b:/home/khaledob/bookros2_ws/install/task2a:/home/khaledob/bookros2_ws/install/gazebo_ros2_control_demos:/home/khaledob/bookros2_ws/install/ros2_controllers:/home/khaledob/bookros2_ws/install/velocity_controllers:/home/khaledob/bookros2_ws/install/urdf_test:/home/khaledob/bookros2_ws/install/tiago_simulation:/home/khaledob/bookros2_ws/install/tiago_robot:/home/khaledob/bookros2_ws/install/tiago_2dnav_gazebo:/home/khaledob/bookros2_ws/install/tiago_gazebo:/home/khaledob/bookros2_ws/install/tiago_bringup:/home/khaledob/bookros2_ws/install/pmb2_robot:/home/khaledob/bookros2_ws/install/pmb2_bringup:/home/khaledob/bookros2_ws/install/twist_mux:/home/khaledob/bookros2_ws/install/transmission_interface:/home/khaledob/bookros2_ws/install/tiago_description:/home/khaledob/bookros2_ws/install/tiago_description_calibration:/home/khaledob/bookros2_ws/install/tiago_controller_configuration:/home/khaledob/bookros2_ws/install/task1:/home/khaledob/bookros2_ws/install/ros2_control:/home/khaledob/bookros2_ws/install/pal_gripper:/home/khaledob/bookros2_ws/install/pal_gripper_controller_configuration:/home/khaledob/bookros2_ws/install/position_controllers:/home/khaledob/bookros2_ws/install/pmb2_navigation:/home/khaledob/bookros2_ws/install/pmb2_2dnav:/home/khaledob/bookros2_ws/install/pmb2_maps:/home/khaledob/bookros2_ws/install/pmb2_description:/home/khaledob/bookros2_ws/install/pmb2_controller_configuration:/home/khaledob/bookros2_ws/install/pal_gripper_description:/home/khaledob/bookros2_ws/install/pal_gazebo_worlds:/home/khaledob/bookros2_ws/install/joint_trajectory_controller:/home/khaledob/bookros2_ws/install/joint_state_controller:/home/khaledob/bookros2_ws/install/joint_state_broadcaster:/home/khaledob/bookros2_ws/install/imu_sensor_broadcaster:/home/khaledob/bookros2_ws/install/hey5_description:/home/khaledob/bookros2_ws/install/gripper_controllers:/home/khaledob/bookros2_ws/install/gazebo_ros2_control:/home/khaledob/bookros2_ws/install/effort_controllers:/home/khaledob/bookros2_ws/install/force_torque_sensor_broadcaster:/home/khaledob/bookros2_ws/install/diff_drive_controller:/home/khaledob/bookros2_ws/install/groot:/home/khaledob/bookros2_ws/install/br2_vff_avoidance:/home/khaledob/bookros2_ws/install/br2_tracking:/home/khaledob/bookros2_ws/install/br2_tracking_msgs:/home/khaledob/bookros2_ws/install/br2_tiago:/home/khaledob/bookros2_ws/install/br2_tf2_detector:/home/khaledob/bookros2_ws/install/br2_navigation:/home/khaledob/bookros2_ws/install/br2_fsm_bumpgo_cpp:/home/khaledob/bookros2_ws/install/br2_bt_patrolling:/home/khaledob/bookros2_ws/install/br2_bt_bumpgo:/home/khaledob/bookros2_ws/install/br2_basics:/home/khaledob/bookros2_ws/install/ros2controlcli:/home/khaledob/bookros2_ws/install/launch_pal:/home/khaledob/bookros2_ws/install/br2_fsm_bumpgo_py:/opt/ros/foxy LD_LIBRARY_PATH=/home/khaledob/bookros2_ws/install/forward_command_controller/lib:/home/khaledob/bookros2_ws/install/controller_manager/lib:/home/khaledob/bookros2_ws/install/controller_interface/lib:/home/khaledob/bookros2_ws/install/hardware_interface/lib:/home/khaledob/bookros2_ws/install/controller_manager_msgs/lib:/home/khaledob/bookros2_ws/install/velocity_controllers/lib:/home/khaledob/bookros2_ws/install/position_controllers/lib:/home/khaledob/bookros2_ws/install/joint_trajectory_controller/lib:/home/khaledob/bookros2_ws/install/joint_state_controller/lib:/home/khaledob/bookros2_ws/install/joint_state_broadcaster/lib:/home/khaledob/bookros2_ws/install/imu_sensor_broadcaster/lib:/home/khaledob/bookros2_ws/install/gripper_controllers/lib:/home/khaledob/bookros2_ws/install/gazebo_ros2_control/lib:/home/khaledob/bookros2_ws/install/effort_controllers/lib:/home/khaledob/bookros2_ws/install/force_torque_sensor_broadcaster/lib:/home/khaledob/bookros2_ws/install/diff_drive_controller/lib:/home/khaledob/bookros2_ws/install/groot/lib:/home/khaledob/bookros2_ws/install/br2_vff_avoidance/lib:/home/khaledob/bookros2_ws/install/br2_tracking/lib:/home/khaledob/bookros2_ws/install/br2_tracking_msgs/lib:/home/khaledob/bookros2_ws/install/br2_tf2_detector/lib:/home/khaledob/bookros2_ws/install/br2_bt_patrolling/lib:/home/khaledob/bookros2_ws/install/br2_bt_bumpgo/lib:/usr/lib/x86_64-linux-gnu/gazebo-11/plugins:/opt/ros/foxy/opt/yaml_cpp_vendor/lib:/opt/ros/foxy/opt/rviz_ogre_vendor/lib:/opt/ros/foxy/lib/x86_64-linux-gnu:/opt/ros/foxy/lib PYTHONPATH=/home/khaledob/bookros2_ws/install/controller_manager/lib/python3.8/site-packages:/home/khaledob/bookros2_ws/install/controller_manager_msgs/lib/python3.8/site-packages:/home/khaledob/bookros2_ws/install/urdf_test/lib/python3.8/site-packages:/home/khaledob/bookros2_ws/install/tiago_description/lib/python3.8/site-packages:/home/khaledob/bookros2_ws/build/ros2controlcli:/home/khaledob/bookros2_ws/install/ros2controlcli/lib/python3.8/site-packages:/home/khaledob/bookros2_ws/install/pmb2_description/lib/python3.8/site-packages:/home/khaledob/bookros2_ws/build/launch_pal:/home/khaledob/bookros2_ws/install/launch_pal/lib/python3.8/site-packages:/home/khaledob/bookros2_ws/install/br2_tracking_msgs/lib/python3.8/site-packages:/home/khaledob/bookros2_ws/build/br2_fsm_bumpgo_py:/home/khaledob/bookros2_ws/install/br2_fsm_bumpgo_py/lib/python3.8/site-packages:/opt/ros/foxy/lib/python3.8/site-packages /usr/bin/cmake --install /home/khaledob/bookros2_ws/build/position_controllers
[10.917s] Level 1:colcon.colcon_core.environment:create_environment_scripts_only(task2b)
[10.919s] Level 1:colcon.colcon_core.environment:checking '/home/khaledob/bookros2_ws/install/task2b' for CMake module files
[10.922s] DEBUG:colcon.colcon_core.event_handler.log_command:Invoked command in '/home/khaledob/bookros2_ws/build/task2b' returned '2': CMAKE_PREFIX_PATH=${CMAKE_PREFIX_PATH}:/home/khaledob/bookros2_ws/install/ros2controlcli:/home/khaledob/bookros2_ws/install/launch_pal:/home/khaledob/bookros2_ws/install/br2_fsm_bumpgo_py:/opt/ros/foxy /usr/bin/cmake --build /home/khaledob/bookros2_ws/build/task2b -- -j7 -l7
[10.924s] Level 1:colcon.colcon_core.environment:checking '/home/khaledob/bookros2_ws/install/task2b' for CMake config files
[10.925s] Level 1:colcon.colcon_core.shell:create_environment_hook('task2b', 'cmake_prefix_path')
[10.926s] INFO:colcon.colcon_core.shell:Creating environment hook '/home/khaledob/bookros2_ws/install/task2b/share/task2b/hook/cmake_prefix_path.ps1'
[10.927s] INFO:colcon.colcon_core.shell:Creating environment descriptor '/home/khaledob/bookros2_ws/install/task2b/share/task2b/hook/cmake_prefix_path.dsv'
[10.928s] INFO:colcon.colcon_core.shell:Creating environment hook '/home/khaledob/bookros2_ws/install/task2b/share/task2b/hook/cmake_prefix_path.sh'
[10.931s] Level 1:colcon.colcon_core.environment:checking '/home/khaledob/bookros2_ws/install/task2b/bin'
[10.932s] Level 1:colcon.colcon_core.environment:checking '/home/khaledob/bookros2_ws/install/task2b/lib/pkgconfig/task2b.pc'
[10.932s] Level 1:colcon.colcon_core.environment:checking '/home/khaledob/bookros2_ws/install/task2b/lib/python3.8/site-packages'
[10.932s] Level 1:colcon.colcon_core.environment:checking '/home/khaledob/bookros2_ws/install/task2b/bin'
[10.933s] INFO:colcon.colcon_core.shell:Creating package script '/home/khaledob/bookros2_ws/install/task2b/share/task2b/package.ps1'
[10.936s] INFO:colcon.colcon_core.shell:Creating package descriptor '/home/khaledob/bookros2_ws/install/task2b/share/task2b/package.dsv'
[10.945s] INFO:colcon.colcon_core.shell:Creating package script '/home/khaledob/bookros2_ws/install/task2b/share/task2b/package.sh'
[10.952s] INFO:colcon.colcon_core.shell:Creating package script '/home/khaledob/bookros2_ws/install/task2b/share/task2b/package.bash'
[10.966s] INFO:colcon.colcon_core.shell:Creating package script '/home/khaledob/bookros2_ws/install/task2b/share/task2b/package.zsh'
[10.975s] Level 1:colcon.colcon_core.environment:create_file_with_runtime_dependencies(/home/khaledob/bookros2_ws/install/task2b/share/colcon-core/packages/task2b)
[11.013s] DEBUG:colcon.colcon_parallel_executor.executor.parallel:closing loop
[11.013s] DEBUG:colcon.colcon_parallel_executor.executor.parallel:loop closed
[11.013s] DEBUG:colcon.colcon_parallel_executor.executor.parallel:run_until_complete finished with '2'
[11.014s] DEBUG:colcon.colcon_core.event_reactor:joining thread
[11.041s] INFO:colcon.colcon_core.plugin_system:Skipping extension 'colcon_notification.desktop_notification.terminal_notifier': Not used on non-Darwin systems
[11.041s] INFO:colcon.colcon_core.plugin_system:Skipping extension 'colcon_notification.desktop_notification.win32': Not used on non-Windows systems
[11.041s] INFO:colcon.colcon_notification.desktop_notification:Sending desktop notification using 'notify2'
[11.104s] DEBUG:colcon.colcon_core.event_reactor:joined thread
[11.105s] INFO:colcon.colcon_core.shell:Creating prefix script '/home/khaledob/bookros2_ws/install/local_setup.ps1'
[11.107s] INFO:colcon.colcon_core.shell:Creating prefix util module '/home/khaledob/bookros2_ws/install/_local_setup_util_ps1.py'
[11.109s] INFO:colcon.colcon_core.shell:Creating prefix chain script '/home/khaledob/bookros2_ws/install/setup.ps1'
[11.116s] INFO:colcon.colcon_core.shell:Creating prefix script '/home/khaledob/bookros2_ws/install/local_setup.sh'
[11.118s] INFO:colcon.colcon_core.shell:Creating prefix util module '/home/khaledob/bookros2_ws/install/_local_setup_util_sh.py'
[11.120s] INFO:colcon.colcon_core.shell:Creating prefix chain script '/home/khaledob/bookros2_ws/install/setup.sh'
[11.135s] INFO:colcon.colcon_core.shell:Creating prefix script '/home/khaledob/bookros2_ws/install/local_setup.bash'
[11.138s] INFO:colcon.colcon_core.shell:Creating prefix chain script '/home/khaledob/bookros2_ws/install/setup.bash'
[11.151s] INFO:colcon.colcon_core.shell:Creating prefix script '/home/khaledob/bookros2_ws/install/local_setup.zsh'
[11.162s] INFO:colcon.colcon_core.shell:Creating prefix chain script '/home/khaledob/bookros2_ws/install/setup.zsh'
