[0.221s] DEBUG:colcon:Command line arguments: ['/usr/bin/colcon', 'build', '--symlink-install']
[0.222s] DEBUG:colcon:Parsed command line arguments: Namespace(allow_overriding=[], ament_cmake_args=None, base_paths=['.'], build_base='build', catkin_cmake_args=None, catkin_skip_building_tests=False, cmake_args=None, cmake_clean_cache=False, cmake_clean_first=False, cmake_force_configure=False, cmake_target=None, cmake_target_skip_unavailable=False, continue_on_error=False, event_handlers=None, executor='parallel', ignore_user_meta=False, install_base='install', log_base=None, log_level=None, main=<bound method BuildVerb.main of <colcon_core.verb.build.BuildVerb object at 0x7f57547f5ee0>>, merge_install=False, metas=['./colcon.meta'], mixin=None, mixin_files=None, mixin_verb=('build',), packages_above=None, packages_above_and_dependencies=None, packages_above_depth=None, packages_end=None, packages_ignore=None, packages_ignore_regex=None, packages_select=None, packages_select_build_failed=False, packages_select_by_dep=None, packages_select_regex=None, packages_select_test_failures=False, packages_skip=None, packages_skip_build_finished=False, packages_skip_by_dep=None, packages_skip_regex=None, packages_skip_test_passed=False, packages_skip_up_to=None, packages_start=None, packages_up_to=None, packages_up_to_regex=None, parallel_workers=7, paths=None, symlink_install=True, test_result_base=None, verb_extension=<colcon_core.verb.build.BuildVerb object at 0x7f57547f5ee0>, verb_name='build', verb_parser=<colcon_mixin.mixin.mixin_argument.MixinArgumentDecorator object at 0x7f57546d74f0>)
[0.396s] Level 1:colcon.colcon_core.package_discovery:discover_packages(colcon_meta) check parameters
[0.396s] Level 1:colcon.colcon_core.package_discovery:discover_packages(recursive) check parameters
[0.396s] Level 1:colcon.colcon_core.package_discovery:discover_packages(ignore) check parameters
[0.396s] Level 1:colcon.colcon_core.package_discovery:discover_packages(path) check parameters
[0.396s] Level 1:colcon.colcon_core.package_discovery:discover_packages(colcon_meta) discover
[0.397s] Level 1:colcon.colcon_core.package_discovery:discover_packages(recursive) discover
[0.397s] INFO:colcon.colcon_core.package_discovery:Crawling recursively for packages in '/home/khaledob/bookros2_ws'
[0.397s] Level 1:colcon.colcon_core.package_identification:_identify(.) by extensions ['ignore', 'ignore_ament_install']
[0.397s] Level 1:colcon.colcon_core.package_identification:_identify(.) by extension 'ignore'
[0.397s] Level 1:colcon.colcon_core.package_identification:_identify(.) by extension 'ignore_ament_install'
[0.397s] Level 1:colcon.colcon_core.package_identification:_identify(.) by extensions ['colcon_pkg']
[0.397s] Level 1:colcon.colcon_core.package_identification:_identify(.) by extension 'colcon_pkg'
[0.397s] Level 1:colcon.colcon_core.package_identification:_identify(.) by extensions ['colcon_meta']
[0.397s] Level 1:colcon.colcon_core.package_identification:_identify(.) by extension 'colcon_meta'
[0.398s] Level 1:colcon.colcon_core.package_identification:_identify(.) by extensions ['ros']
[0.398s] Level 1:colcon.colcon_core.package_identification:_identify(.) by extension 'ros'
[0.411s] Level 1:colcon.colcon_core.package_identification:_identify(.) by extensions ['cmake', 'python']
[0.411s] Level 1:colcon.colcon_core.package_identification:_identify(.) by extension 'cmake'
[0.411s] Level 1:colcon.colcon_core.package_identification:_identify(.) by extension 'python'
[0.411s] Level 1:colcon.colcon_core.package_identification:_identify(.) by extensions ['python_setup_py']
[0.411s] Level 1:colcon.colcon_core.package_identification:_identify(.) by extension 'python_setup_py'
[0.412s] Level 1:colcon.colcon_core.package_identification:_identify(build) by extensions ['ignore', 'ignore_ament_install']
[0.412s] Level 1:colcon.colcon_core.package_identification:_identify(build) by extension 'ignore'
[0.412s] Level 1:colcon.colcon_core.package_identification:_identify(build) ignored
[0.412s] Level 1:colcon.colcon_core.package_identification:_identify(install) by extensions ['ignore', 'ignore_ament_install']
[0.412s] Level 1:colcon.colcon_core.package_identification:_identify(install) by extension 'ignore'
[0.412s] Level 1:colcon.colcon_core.package_identification:_identify(install) ignored
[0.412s] Level 1:colcon.colcon_core.package_identification:_identify(log) by extensions ['ignore', 'ignore_ament_install']
[0.413s] Level 1:colcon.colcon_core.package_identification:_identify(log) by extension 'ignore'
[0.413s] Level 1:colcon.colcon_core.package_identification:_identify(log) ignored
[0.413s] Level 1:colcon.colcon_core.package_identification:_identify(src) by extensions ['ignore', 'ignore_ament_install']
[0.413s] Level 1:colcon.colcon_core.package_identification:_identify(src) by extension 'ignore'
[0.413s] Level 1:colcon.colcon_core.package_identification:_identify(src) by extension 'ignore_ament_install'
[0.413s] Level 1:colcon.colcon_core.package_identification:_identify(src) by extensions ['colcon_pkg']
[0.414s] Level 1:colcon.colcon_core.package_identification:_identify(src) by extension 'colcon_pkg'
[0.414s] Level 1:colcon.colcon_core.package_identification:_identify(src) by extensions ['colcon_meta']
[0.414s] Level 1:colcon.colcon_core.package_identification:_identify(src) by extension 'colcon_meta'
[0.414s] Level 1:colcon.colcon_core.package_identification:_identify(src) by extensions ['ros']
[0.414s] Level 1:colcon.colcon_core.package_identification:_identify(src) by extension 'ros'
[0.414s] Level 1:colcon.colcon_core.package_identification:_identify(src) by extensions ['cmake', 'python']
[0.414s] Level 1:colcon.colcon_core.package_identification:_identify(src) by extension 'cmake'
[0.414s] Level 1:colcon.colcon_core.package_identification:_identify(src) by extension 'python'
[0.414s] Level 1:colcon.colcon_core.package_identification:_identify(src) by extensions ['python_setup_py']
[0.414s] Level 1:colcon.colcon_core.package_identification:_identify(src) by extension 'python_setup_py'
[0.414s] Level 1:colcon.colcon_core.package_identification:_identify(src/ThirdParty) by extensions ['ignore', 'ignore_ament_install']
[0.414s] Level 1:colcon.colcon_core.package_identification:_identify(src/ThirdParty) by extension 'ignore'
[0.414s] Level 1:colcon.colcon_core.package_identification:_identify(src/ThirdParty) by extension 'ignore_ament_install'
[0.414s] Level 1:colcon.colcon_core.package_identification:_identify(src/ThirdParty) by extensions ['colcon_pkg']
[0.414s] Level 1:colcon.colcon_core.package_identification:_identify(src/ThirdParty) by extension 'colcon_pkg'
[0.414s] Level 1:colcon.colcon_core.package_identification:_identify(src/ThirdParty) by extensions ['colcon_meta']
[0.414s] Level 1:colcon.colcon_core.package_identification:_identify(src/ThirdParty) by extension 'colcon_meta'
[0.414s] Level 1:colcon.colcon_core.package_identification:_identify(src/ThirdParty) by extensions ['ros']
[0.414s] Level 1:colcon.colcon_core.package_identification:_identify(src/ThirdParty) by extension 'ros'
[0.415s] Level 1:colcon.colcon_core.package_identification:_identify(src/ThirdParty) by extensions ['cmake', 'python']
[0.415s] Level 1:colcon.colcon_core.package_identification:_identify(src/ThirdParty) by extension 'cmake'
[0.415s] Level 1:colcon.colcon_core.package_identification:_identify(src/ThirdParty) by extension 'python'
[0.415s] Level 1:colcon.colcon_core.package_identification:_identify(src/ThirdParty) by extensions ['python_setup_py']
[0.415s] Level 1:colcon.colcon_core.package_identification:_identify(src/ThirdParty) by extension 'python_setup_py'
[0.415s] Level 1:colcon.colcon_core.package_identification:_identify(src/ThirdParty/Groot) by extensions ['ignore', 'ignore_ament_install']
[0.415s] Level 1:colcon.colcon_core.package_identification:_identify(src/ThirdParty/Groot) by extension 'ignore'
[0.415s] Level 1:colcon.colcon_core.package_identification:_identify(src/ThirdParty/Groot) by extension 'ignore_ament_install'
[0.415s] Level 1:colcon.colcon_core.package_identification:_identify(src/ThirdParty/Groot) by extensions ['colcon_pkg']
[0.415s] Level 1:colcon.colcon_core.package_identification:_identify(src/ThirdParty/Groot) by extension 'colcon_pkg'
[0.415s] Level 1:colcon.colcon_core.package_identification:_identify(src/ThirdParty/Groot) by extensions ['colcon_meta']
[0.415s] Level 1:colcon.colcon_core.package_identification:_identify(src/ThirdParty/Groot) by extension 'colcon_meta'
[0.415s] Level 1:colcon.colcon_core.package_identification:_identify(src/ThirdParty/Groot) by extensions ['ros']
[0.415s] Level 1:colcon.colcon_core.package_identification:_identify(src/ThirdParty/Groot) by extension 'ros'
[0.420s] DEBUG:colcon.colcon_core.package_identification:Package 'src/ThirdParty/Groot' with type 'ros.ament_cmake' and name 'groot'
[0.421s] Level 1:colcon.colcon_core.package_identification:_identify(src/ThirdParty/gazebo_ros2_control) by extensions ['ignore', 'ignore_ament_install']
[0.421s] Level 1:colcon.colcon_core.package_identification:_identify(src/ThirdParty/gazebo_ros2_control) by extension 'ignore'
[0.421s] Level 1:colcon.colcon_core.package_identification:_identify(src/ThirdParty/gazebo_ros2_control) by extension 'ignore_ament_install'
[0.421s] Level 1:colcon.colcon_core.package_identification:_identify(src/ThirdParty/gazebo_ros2_control) by extensions ['colcon_pkg']
[0.421s] Level 1:colcon.colcon_core.package_identification:_identify(src/ThirdParty/gazebo_ros2_control) by extension 'colcon_pkg'
[0.421s] Level 1:colcon.colcon_core.package_identification:_identify(src/ThirdParty/gazebo_ros2_control) by extensions ['colcon_meta']
[0.421s] Level 1:colcon.colcon_core.package_identification:_identify(src/ThirdParty/gazebo_ros2_control) by extension 'colcon_meta'
[0.421s] Level 1:colcon.colcon_core.package_identification:_identify(src/ThirdParty/gazebo_ros2_control) by extensions ['ros']
[0.421s] Level 1:colcon.colcon_core.package_identification:_identify(src/ThirdParty/gazebo_ros2_control) by extension 'ros'
[0.421s] Level 1:colcon.colcon_core.package_identification:_identify(src/ThirdParty/gazebo_ros2_control) by extensions ['cmake', 'python']
[0.421s] Level 1:colcon.colcon_core.package_identification:_identify(src/ThirdParty/gazebo_ros2_control) by extension 'cmake'
[0.421s] Level 1:colcon.colcon_core.package_identification:_identify(src/ThirdParty/gazebo_ros2_control) by extension 'python'
[0.421s] Level 1:colcon.colcon_core.package_identification:_identify(src/ThirdParty/gazebo_ros2_control) by extensions ['python_setup_py']
[0.421s] Level 1:colcon.colcon_core.package_identification:_identify(src/ThirdParty/gazebo_ros2_control) by extension 'python_setup_py'
[0.422s] Level 1:colcon.colcon_core.package_identification:_identify(src/ThirdParty/gazebo_ros2_control/Docker) by extensions ['ignore', 'ignore_ament_install']
[0.422s] Level 1:colcon.colcon_core.package_identification:_identify(src/ThirdParty/gazebo_ros2_control/Docker) by extension 'ignore'
[0.422s] Level 1:colcon.colcon_core.package_identification:_identify(src/ThirdParty/gazebo_ros2_control/Docker) by extension 'ignore_ament_install'
[0.422s] Level 1:colcon.colcon_core.package_identification:_identify(src/ThirdParty/gazebo_ros2_control/Docker) by extensions ['colcon_pkg']
[0.422s] Level 1:colcon.colcon_core.package_identification:_identify(src/ThirdParty/gazebo_ros2_control/Docker) by extension 'colcon_pkg'
[0.422s] Level 1:colcon.colcon_core.package_identification:_identify(src/ThirdParty/gazebo_ros2_control/Docker) by extensions ['colcon_meta']
[0.422s] Level 1:colcon.colcon_core.package_identification:_identify(src/ThirdParty/gazebo_ros2_control/Docker) by extension 'colcon_meta'
[0.422s] Level 1:colcon.colcon_core.package_identification:_identify(src/ThirdParty/gazebo_ros2_control/Docker) by extensions ['ros']
[0.422s] Level 1:colcon.colcon_core.package_identification:_identify(src/ThirdParty/gazebo_ros2_control/Docker) by extension 'ros'
[0.422s] Level 1:colcon.colcon_core.package_identification:_identify(src/ThirdParty/gazebo_ros2_control/Docker) by extensions ['cmake', 'python']
[0.422s] Level 1:colcon.colcon_core.package_identification:_identify(src/ThirdParty/gazebo_ros2_control/Docker) by extension 'cmake'
[0.422s] Level 1:colcon.colcon_core.package_identification:_identify(src/ThirdParty/gazebo_ros2_control/Docker) by extension 'python'
[0.422s] Level 1:colcon.colcon_core.package_identification:_identify(src/ThirdParty/gazebo_ros2_control/Docker) by extensions ['python_setup_py']
[0.422s] Level 1:colcon.colcon_core.package_identification:_identify(src/ThirdParty/gazebo_ros2_control/Docker) by extension 'python_setup_py'
[0.423s] Level 1:colcon.colcon_core.package_identification:_identify(src/ThirdParty/gazebo_ros2_control/gazebo_ros2_control) by extensions ['ignore', 'ignore_ament_install']
[0.423s] Level 1:colcon.colcon_core.package_identification:_identify(src/ThirdParty/gazebo_ros2_control/gazebo_ros2_control) by extension 'ignore'
[0.423s] Level 1:colcon.colcon_core.package_identification:_identify(src/ThirdParty/gazebo_ros2_control/gazebo_ros2_control) by extension 'ignore_ament_install'
[0.423s] Level 1:colcon.colcon_core.package_identification:_identify(src/ThirdParty/gazebo_ros2_control/gazebo_ros2_control) by extensions ['colcon_pkg']
[0.423s] Level 1:colcon.colcon_core.package_identification:_identify(src/ThirdParty/gazebo_ros2_control/gazebo_ros2_control) by extension 'colcon_pkg'
[0.423s] Level 1:colcon.colcon_core.package_identification:_identify(src/ThirdParty/gazebo_ros2_control/gazebo_ros2_control) by extensions ['colcon_meta']
[0.423s] Level 1:colcon.colcon_core.package_identification:_identify(src/ThirdParty/gazebo_ros2_control/gazebo_ros2_control) by extension 'colcon_meta'
[0.423s] Level 1:colcon.colcon_core.package_identification:_identify(src/ThirdParty/gazebo_ros2_control/gazebo_ros2_control) by extensions ['ros']
[0.424s] Level 1:colcon.colcon_core.package_identification:_identify(src/ThirdParty/gazebo_ros2_control/gazebo_ros2_control) by extension 'ros'
[0.426s] DEBUG:colcon.colcon_core.package_identification:Package 'src/ThirdParty/gazebo_ros2_control/gazebo_ros2_control' with type 'ros.ament_cmake' and name 'gazebo_ros2_control'
[0.427s] Level 1:colcon.colcon_core.package_identification:_identify(src/ThirdParty/gazebo_ros2_control/gazebo_ros2_control_demos) by extensions ['ignore', 'ignore_ament_install']
[0.427s] Level 1:colcon.colcon_core.package_identification:_identify(src/ThirdParty/gazebo_ros2_control/gazebo_ros2_control_demos) by extension 'ignore'
[0.427s] Level 1:colcon.colcon_core.package_identification:_identify(src/ThirdParty/gazebo_ros2_control/gazebo_ros2_control_demos) by extension 'ignore_ament_install'
[0.427s] Level 1:colcon.colcon_core.package_identification:_identify(src/ThirdParty/gazebo_ros2_control/gazebo_ros2_control_demos) by extensions ['colcon_pkg']
[0.427s] Level 1:colcon.colcon_core.package_identification:_identify(src/ThirdParty/gazebo_ros2_control/gazebo_ros2_control_demos) by extension 'colcon_pkg'
[0.427s] Level 1:colcon.colcon_core.package_identification:_identify(src/ThirdParty/gazebo_ros2_control/gazebo_ros2_control_demos) by extensions ['colcon_meta']
[0.427s] Level 1:colcon.colcon_core.package_identification:_identify(src/ThirdParty/gazebo_ros2_control/gazebo_ros2_control_demos) by extension 'colcon_meta'
[0.427s] Level 1:colcon.colcon_core.package_identification:_identify(src/ThirdParty/gazebo_ros2_control/gazebo_ros2_control_demos) by extensions ['ros']
[0.427s] Level 1:colcon.colcon_core.package_identification:_identify(src/ThirdParty/gazebo_ros2_control/gazebo_ros2_control_demos) by extension 'ros'
[0.429s] DEBUG:colcon.colcon_core.package_identification:Package 'src/ThirdParty/gazebo_ros2_control/gazebo_ros2_control_demos' with type 'ros.ament_cmake' and name 'gazebo_ros2_control_demos'
[0.430s] Level 1:colcon.colcon_core.package_identification:_identify(src/ThirdParty/gazebo_ros2_control/img) by extensions ['ignore', 'ignore_ament_install']
[0.430s] Level 1:colcon.colcon_core.package_identification:_identify(src/ThirdParty/gazebo_ros2_control/img) by extension 'ignore'
[0.430s] Level 1:colcon.colcon_core.package_identification:_identify(src/ThirdParty/gazebo_ros2_control/img) by extension 'ignore_ament_install'
[0.430s] Level 1:colcon.colcon_core.package_identification:_identify(src/ThirdParty/gazebo_ros2_control/img) by extensions ['colcon_pkg']
[0.430s] Level 1:colcon.colcon_core.package_identification:_identify(src/ThirdParty/gazebo_ros2_control/img) by extension 'colcon_pkg'
[0.430s] Level 1:colcon.colcon_core.package_identification:_identify(src/ThirdParty/gazebo_ros2_control/img) by extensions ['colcon_meta']
[0.430s] Level 1:colcon.colcon_core.package_identification:_identify(src/ThirdParty/gazebo_ros2_control/img) by extension 'colcon_meta'
[0.430s] Level 1:colcon.colcon_core.package_identification:_identify(src/ThirdParty/gazebo_ros2_control/img) by extensions ['ros']
[0.430s] Level 1:colcon.colcon_core.package_identification:_identify(src/ThirdParty/gazebo_ros2_control/img) by extension 'ros'
[0.430s] Level 1:colcon.colcon_core.package_identification:_identify(src/ThirdParty/gazebo_ros2_control/img) by extensions ['cmake', 'python']
[0.430s] Level 1:colcon.colcon_core.package_identification:_identify(src/ThirdParty/gazebo_ros2_control/img) by extension 'cmake'
[0.430s] Level 1:colcon.colcon_core.package_identification:_identify(src/ThirdParty/gazebo_ros2_control/img) by extension 'python'
[0.430s] Level 1:colcon.colcon_core.package_identification:_identify(src/ThirdParty/gazebo_ros2_control/img) by extensions ['python_setup_py']
[0.430s] Level 1:colcon.colcon_core.package_identification:_identify(src/ThirdParty/gazebo_ros2_control/img) by extension 'python_setup_py'
[0.430s] Level 1:colcon.colcon_core.package_identification:_identify(src/ThirdParty/hey5_description) by extensions ['ignore', 'ignore_ament_install']
[0.431s] Level 1:colcon.colcon_core.package_identification:_identify(src/ThirdParty/hey5_description) by extension 'ignore'
[0.431s] Level 1:colcon.colcon_core.package_identification:_identify(src/ThirdParty/hey5_description) by extension 'ignore_ament_install'
[0.431s] Level 1:colcon.colcon_core.package_identification:_identify(src/ThirdParty/hey5_description) by extensions ['colcon_pkg']
[0.431s] Level 1:colcon.colcon_core.package_identification:_identify(src/ThirdParty/hey5_description) by extension 'colcon_pkg'
[0.431s] Level 1:colcon.colcon_core.package_identification:_identify(src/ThirdParty/hey5_description) by extensions ['colcon_meta']
[0.431s] Level 1:colcon.colcon_core.package_identification:_identify(src/ThirdParty/hey5_description) by extension 'colcon_meta'
[0.431s] Level 1:colcon.colcon_core.package_identification:_identify(src/ThirdParty/hey5_description) by extensions ['ros']
[0.431s] Level 1:colcon.colcon_core.package_identification:_identify(src/ThirdParty/hey5_description) by extension 'ros'
[0.432s] DEBUG:colcon.colcon_core.package_identification:Package 'src/ThirdParty/hey5_description' with type 'ros.ament_cmake' and name 'hey5_description'
[0.432s] Level 1:colcon.colcon_core.package_identification:_identify(src/ThirdParty/launch_pal) by extensions ['ignore', 'ignore_ament_install']
[0.432s] Level 1:colcon.colcon_core.package_identification:_identify(src/ThirdParty/launch_pal) by extension 'ignore'
[0.432s] Level 1:colcon.colcon_core.package_identification:_identify(src/ThirdParty/launch_pal) by extension 'ignore_ament_install'
[0.432s] Level 1:colcon.colcon_core.package_identification:_identify(src/ThirdParty/launch_pal) by extensions ['colcon_pkg']
[0.432s] Level 1:colcon.colcon_core.package_identification:_identify(src/ThirdParty/launch_pal) by extension 'colcon_pkg'
[0.432s] Level 1:colcon.colcon_core.package_identification:_identify(src/ThirdParty/launch_pal) by extensions ['colcon_meta']
[0.432s] Level 1:colcon.colcon_core.package_identification:_identify(src/ThirdParty/launch_pal) by extension 'colcon_meta'
[0.432s] Level 1:colcon.colcon_core.package_identification:_identify(src/ThirdParty/launch_pal) by extensions ['ros']
[0.433s] Level 1:colcon.colcon_core.package_identification:_identify(src/ThirdParty/launch_pal) by extension 'ros'
[0.434s] DEBUG:colcon.colcon_core.package_identification:Package 'src/ThirdParty/launch_pal' with type 'ros.ament_python' and name 'launch_pal'
[0.434s] Level 1:colcon.colcon_core.package_identification:_identify(src/ThirdParty/pal_gazebo_worlds) by extensions ['ignore', 'ignore_ament_install']
[0.434s] Level 1:colcon.colcon_core.package_identification:_identify(src/ThirdParty/pal_gazebo_worlds) by extension 'ignore'
[0.435s] Level 1:colcon.colcon_core.package_identification:_identify(src/ThirdParty/pal_gazebo_worlds) by extension 'ignore_ament_install'
[0.435s] Level 1:colcon.colcon_core.package_identification:_identify(src/ThirdParty/pal_gazebo_worlds) by extensions ['colcon_pkg']
[0.435s] Level 1:colcon.colcon_core.package_identification:_identify(src/ThirdParty/pal_gazebo_worlds) by extension 'colcon_pkg'
[0.435s] Level 1:colcon.colcon_core.package_identification:_identify(src/ThirdParty/pal_gazebo_worlds) by extensions ['colcon_meta']
[0.435s] Level 1:colcon.colcon_core.package_identification:_identify(src/ThirdParty/pal_gazebo_worlds) by extension 'colcon_meta'
[0.435s] Level 1:colcon.colcon_core.package_identification:_identify(src/ThirdParty/pal_gazebo_worlds) by extensions ['ros']
[0.435s] Level 1:colcon.colcon_core.package_identification:_identify(src/ThirdParty/pal_gazebo_worlds) by extension 'ros'
[0.435s] DEBUG:colcon.colcon_core.package_identification:Package 'src/ThirdParty/pal_gazebo_worlds' with type 'ros.ament_cmake' and name 'pal_gazebo_worlds'
[0.436s] Level 1:colcon.colcon_core.package_identification:_identify(src/ThirdParty/pal_gripper) by extensions ['ignore', 'ignore_ament_install']
[0.436s] Level 1:colcon.colcon_core.package_identification:_identify(src/ThirdParty/pal_gripper) by extension 'ignore'
[0.436s] Level 1:colcon.colcon_core.package_identification:_identify(src/ThirdParty/pal_gripper) by extension 'ignore_ament_install'
[0.436s] Level 1:colcon.colcon_core.package_identification:_identify(src/ThirdParty/pal_gripper) by extensions ['colcon_pkg']
[0.436s] Level 1:colcon.colcon_core.package_identification:_identify(src/ThirdParty/pal_gripper) by extension 'colcon_pkg'
[0.436s] Level 1:colcon.colcon_core.package_identification:_identify(src/ThirdParty/pal_gripper) by extensions ['colcon_meta']
[0.436s] Level 1:colcon.colcon_core.package_identification:_identify(src/ThirdParty/pal_gripper) by extension 'colcon_meta'
[0.436s] Level 1:colcon.colcon_core.package_identification:_identify(src/ThirdParty/pal_gripper) by extensions ['ros']
[0.436s] Level 1:colcon.colcon_core.package_identification:_identify(src/ThirdParty/pal_gripper) by extension 'ros'
[0.436s] Level 1:colcon.colcon_core.package_identification:_identify(src/ThirdParty/pal_gripper) by extensions ['cmake', 'python']
[0.436s] Level 1:colcon.colcon_core.package_identification:_identify(src/ThirdParty/pal_gripper) by extension 'cmake'
[0.436s] Level 1:colcon.colcon_core.package_identification:_identify(src/ThirdParty/pal_gripper) by extension 'python'
[0.436s] Level 1:colcon.colcon_core.package_identification:_identify(src/ThirdParty/pal_gripper) by extensions ['python_setup_py']
[0.436s] Level 1:colcon.colcon_core.package_identification:_identify(src/ThirdParty/pal_gripper) by extension 'python_setup_py'
[0.436s] Level 1:colcon.colcon_core.package_identification:_identify(src/ThirdParty/pal_gripper/pal_gripper) by extensions ['ignore', 'ignore_ament_install']
[0.437s] Level 1:colcon.colcon_core.package_identification:_identify(src/ThirdParty/pal_gripper/pal_gripper) by extension 'ignore'
[0.437s] Level 1:colcon.colcon_core.package_identification:_identify(src/ThirdParty/pal_gripper/pal_gripper) by extension 'ignore_ament_install'
[0.437s] Level 1:colcon.colcon_core.package_identification:_identify(src/ThirdParty/pal_gripper/pal_gripper) by extensions ['colcon_pkg']
[0.437s] Level 1:colcon.colcon_core.package_identification:_identify(src/ThirdParty/pal_gripper/pal_gripper) by extension 'colcon_pkg'
[0.437s] Level 1:colcon.colcon_core.package_identification:_identify(src/ThirdParty/pal_gripper/pal_gripper) by extensions ['colcon_meta']
[0.437s] Level 1:colcon.colcon_core.package_identification:_identify(src/ThirdParty/pal_gripper/pal_gripper) by extension 'colcon_meta'
[0.437s] Level 1:colcon.colcon_core.package_identification:_identify(src/ThirdParty/pal_gripper/pal_gripper) by extensions ['ros']
[0.437s] Level 1:colcon.colcon_core.package_identification:_identify(src/ThirdParty/pal_gripper/pal_gripper) by extension 'ros'
[0.438s] DEBUG:colcon.colcon_core.package_identification:Package 'src/ThirdParty/pal_gripper/pal_gripper' with type 'ros.ament_cmake' and name 'pal_gripper'
[0.438s] Level 1:colcon.colcon_core.package_identification:_identify(src/ThirdParty/pal_gripper/pal_gripper_controller_configuration) by extensions ['ignore', 'ignore_ament_install']
[0.438s] Level 1:colcon.colcon_core.package_identification:_identify(src/ThirdParty/pal_gripper/pal_gripper_controller_configuration) by extension 'ignore'
[0.438s] Level 1:colcon.colcon_core.package_identification:_identify(src/ThirdParty/pal_gripper/pal_gripper_controller_configuration) by extension 'ignore_ament_install'
[0.438s] Level 1:colcon.colcon_core.package_identification:_identify(src/ThirdParty/pal_gripper/pal_gripper_controller_configuration) by extensions ['colcon_pkg']
[0.438s] Level 1:colcon.colcon_core.package_identification:_identify(src/ThirdParty/pal_gripper/pal_gripper_controller_configuration) by extension 'colcon_pkg'
[0.438s] Level 1:colcon.colcon_core.package_identification:_identify(src/ThirdParty/pal_gripper/pal_gripper_controller_configuration) by extensions ['colcon_meta']
[0.438s] Level 1:colcon.colcon_core.package_identification:_identify(src/ThirdParty/pal_gripper/pal_gripper_controller_configuration) by extension 'colcon_meta'
[0.438s] Level 1:colcon.colcon_core.package_identification:_identify(src/ThirdParty/pal_gripper/pal_gripper_controller_configuration) by extensions ['ros']
[0.438s] Level 1:colcon.colcon_core.package_identification:_identify(src/ThirdParty/pal_gripper/pal_gripper_controller_configuration) by extension 'ros'
[0.439s] DEBUG:colcon.colcon_core.package_identification:Package 'src/ThirdParty/pal_gripper/pal_gripper_controller_configuration' with type 'ros.ament_cmake' and name 'pal_gripper_controller_configuration'
[0.439s] Level 1:colcon.colcon_core.package_identification:_identify(src/ThirdParty/pal_gripper/pal_gripper_controller_configuration_gazebo) by extensions ['ignore', 'ignore_ament_install']
[0.439s] Level 1:colcon.colcon_core.package_identification:_identify(src/ThirdParty/pal_gripper/pal_gripper_controller_configuration_gazebo) by extension 'ignore'
[0.439s] Level 1:colcon.colcon_core.package_identification:_identify(src/ThirdParty/pal_gripper/pal_gripper_controller_configuration_gazebo) ignored
[0.439s] Level 1:colcon.colcon_core.package_identification:_identify(src/ThirdParty/pal_gripper/pal_gripper_description) by extensions ['ignore', 'ignore_ament_install']
[0.440s] Level 1:colcon.colcon_core.package_identification:_identify(src/ThirdParty/pal_gripper/pal_gripper_description) by extension 'ignore'
[0.440s] Level 1:colcon.colcon_core.package_identification:_identify(src/ThirdParty/pal_gripper/pal_gripper_description) by extension 'ignore_ament_install'
[0.440s] Level 1:colcon.colcon_core.package_identification:_identify(src/ThirdParty/pal_gripper/pal_gripper_description) by extensions ['colcon_pkg']
[0.440s] Level 1:colcon.colcon_core.package_identification:_identify(src/ThirdParty/pal_gripper/pal_gripper_description) by extension 'colcon_pkg'
[0.440s] Level 1:colcon.colcon_core.package_identification:_identify(src/ThirdParty/pal_gripper/pal_gripper_description) by extensions ['colcon_meta']
[0.440s] Level 1:colcon.colcon_core.package_identification:_identify(src/ThirdParty/pal_gripper/pal_gripper_description) by extension 'colcon_meta'
[0.440s] Level 1:colcon.colcon_core.package_identification:_identify(src/ThirdParty/pal_gripper/pal_gripper_description) by extensions ['ros']
[0.440s] Level 1:colcon.colcon_core.package_identification:_identify(src/ThirdParty/pal_gripper/pal_gripper_description) by extension 'ros'
[0.440s] DEBUG:colcon.colcon_core.package_identification:Package 'src/ThirdParty/pal_gripper/pal_gripper_description' with type 'ros.ament_cmake' and name 'pal_gripper_description'
[0.441s] Level 1:colcon.colcon_core.package_identification:_identify(src/ThirdParty/pal_gripper/pal_gripper_gazebo) by extensions ['ignore', 'ignore_ament_install']
[0.441s] Level 1:colcon.colcon_core.package_identification:_identify(src/ThirdParty/pal_gripper/pal_gripper_gazebo) by extension 'ignore'
[0.441s] Level 1:colcon.colcon_core.package_identification:_identify(src/ThirdParty/pal_gripper/pal_gripper_gazebo) ignored
[0.441s] Level 1:colcon.colcon_core.package_identification:_identify(src/ThirdParty/pal_gripper/pal_parallel_gripper_wrapper) by extensions ['ignore', 'ignore_ament_install']
[0.442s] Level 1:colcon.colcon_core.package_identification:_identify(src/ThirdParty/pal_gripper/pal_parallel_gripper_wrapper) by extension 'ignore'
[0.442s] Level 1:colcon.colcon_core.package_identification:_identify(src/ThirdParty/pal_gripper/pal_parallel_gripper_wrapper) ignored
[0.442s] Level 1:colcon.colcon_core.package_identification:_identify(src/ThirdParty/pmb2_navigation) by extensions ['ignore', 'ignore_ament_install']
[0.442s] Level 1:colcon.colcon_core.package_identification:_identify(src/ThirdParty/pmb2_navigation) by extension 'ignore'
[0.442s] Level 1:colcon.colcon_core.package_identification:_identify(src/ThirdParty/pmb2_navigation) by extension 'ignore_ament_install'
[0.442s] Level 1:colcon.colcon_core.package_identification:_identify(src/ThirdParty/pmb2_navigation) by extensions ['colcon_pkg']
[0.442s] Level 1:colcon.colcon_core.package_identification:_identify(src/ThirdParty/pmb2_navigation) by extension 'colcon_pkg'
[0.442s] Level 1:colcon.colcon_core.package_identification:_identify(src/ThirdParty/pmb2_navigation) by extensions ['colcon_meta']
[0.442s] Level 1:colcon.colcon_core.package_identification:_identify(src/ThirdParty/pmb2_navigation) by extension 'colcon_meta'
[0.442s] Level 1:colcon.colcon_core.package_identification:_identify(src/ThirdParty/pmb2_navigation) by extensions ['ros']
[0.442s] Level 1:colcon.colcon_core.package_identification:_identify(src/ThirdParty/pmb2_navigation) by extension 'ros'
[0.443s] Level 1:colcon.colcon_core.package_identification:_identify(src/ThirdParty/pmb2_navigation) by extensions ['cmake', 'python']
[0.443s] Level 1:colcon.colcon_core.package_identification:_identify(src/ThirdParty/pmb2_navigation) by extension 'cmake'
[0.443s] Level 1:colcon.colcon_core.package_identification:_identify(src/ThirdParty/pmb2_navigation) by extension 'python'
[0.443s] Level 1:colcon.colcon_core.package_identification:_identify(src/ThirdParty/pmb2_navigation) by extensions ['python_setup_py']
[0.443s] Level 1:colcon.colcon_core.package_identification:_identify(src/ThirdParty/pmb2_navigation) by extension 'python_setup_py'
[0.443s] Level 1:colcon.colcon_core.package_identification:_identify(src/ThirdParty/pmb2_navigation/pmb2_2dnav) by extensions ['ignore', 'ignore_ament_install']
[0.443s] Level 1:colcon.colcon_core.package_identification:_identify(src/ThirdParty/pmb2_navigation/pmb2_2dnav) by extension 'ignore'
[0.443s] Level 1:colcon.colcon_core.package_identification:_identify(src/ThirdParty/pmb2_navigation/pmb2_2dnav) by extension 'ignore_ament_install'
[0.443s] Level 1:colcon.colcon_core.package_identification:_identify(src/ThirdParty/pmb2_navigation/pmb2_2dnav) by extensions ['colcon_pkg']
[0.443s] Level 1:colcon.colcon_core.package_identification:_identify(src/ThirdParty/pmb2_navigation/pmb2_2dnav) by extension 'colcon_pkg'
[0.443s] Level 1:colcon.colcon_core.package_identification:_identify(src/ThirdParty/pmb2_navigation/pmb2_2dnav) by extensions ['colcon_meta']
[0.443s] Level 1:colcon.colcon_core.package_identification:_identify(src/ThirdParty/pmb2_navigation/pmb2_2dnav) by extension 'colcon_meta'
[0.443s] Level 1:colcon.colcon_core.package_identification:_identify(src/ThirdParty/pmb2_navigation/pmb2_2dnav) by extensions ['ros']
[0.443s] Level 1:colcon.colcon_core.package_identification:_identify(src/ThirdParty/pmb2_navigation/pmb2_2dnav) by extension 'ros'
[0.444s] DEBUG:colcon.colcon_core.package_identification:Package 'src/ThirdParty/pmb2_navigation/pmb2_2dnav' with type 'ros.ament_cmake' and name 'pmb2_2dnav'
[0.445s] Level 1:colcon.colcon_core.package_identification:_identify(src/ThirdParty/pmb2_navigation/pmb2_laser_sensors) by extensions ['ignore', 'ignore_ament_install']
[0.445s] Level 1:colcon.colcon_core.package_identification:_identify(src/ThirdParty/pmb2_navigation/pmb2_laser_sensors) by extension 'ignore'
[0.445s] Level 1:colcon.colcon_core.package_identification:_identify(src/ThirdParty/pmb2_navigation/pmb2_laser_sensors) ignored
[0.445s] Level 1:colcon.colcon_core.package_identification:_identify(src/ThirdParty/pmb2_navigation/pmb2_maps) by extensions ['ignore', 'ignore_ament_install']
[0.445s] Level 1:colcon.colcon_core.package_identification:_identify(src/ThirdParty/pmb2_navigation/pmb2_maps) by extension 'ignore'
[0.445s] Level 1:colcon.colcon_core.package_identification:_identify(src/ThirdParty/pmb2_navigation/pmb2_maps) by extension 'ignore_ament_install'
[0.446s] Level 1:colcon.colcon_core.package_identification:_identify(src/ThirdParty/pmb2_navigation/pmb2_maps) by extensions ['colcon_pkg']
[0.446s] Level 1:colcon.colcon_core.package_identification:_identify(src/ThirdParty/pmb2_navigation/pmb2_maps) by extension 'colcon_pkg'
[0.446s] Level 1:colcon.colcon_core.package_identification:_identify(src/ThirdParty/pmb2_navigation/pmb2_maps) by extensions ['colcon_meta']
[0.446s] Level 1:colcon.colcon_core.package_identification:_identify(src/ThirdParty/pmb2_navigation/pmb2_maps) by extension 'colcon_meta'
[0.447s] Level 1:colcon.colcon_core.package_identification:_identify(src/ThirdParty/pmb2_navigation/pmb2_maps) by extensions ['ros']
[0.447s] Level 1:colcon.colcon_core.package_identification:_identify(src/ThirdParty/pmb2_navigation/pmb2_maps) by extension 'ros'
[0.447s] DEBUG:colcon.colcon_core.package_identification:Package 'src/ThirdParty/pmb2_navigation/pmb2_maps' with type 'ros.ament_cmake' and name 'pmb2_maps'
[0.447s] Level 1:colcon.colcon_core.package_identification:_identify(src/ThirdParty/pmb2_navigation/pmb2_navigation) by extensions ['ignore', 'ignore_ament_install']
[0.448s] Level 1:colcon.colcon_core.package_identification:_identify(src/ThirdParty/pmb2_navigation/pmb2_navigation) by extension 'ignore'
[0.448s] Level 1:colcon.colcon_core.package_identification:_identify(src/ThirdParty/pmb2_navigation/pmb2_navigation) by extension 'ignore_ament_install'
[0.448s] Level 1:colcon.colcon_core.package_identification:_identify(src/ThirdParty/pmb2_navigation/pmb2_navigation) by extensions ['colcon_pkg']
[0.448s] Level 1:colcon.colcon_core.package_identification:_identify(src/ThirdParty/pmb2_navigation/pmb2_navigation) by extension 'colcon_pkg'
[0.448s] Level 1:colcon.colcon_core.package_identification:_identify(src/ThirdParty/pmb2_navigation/pmb2_navigation) by extensions ['colcon_meta']
[0.448s] Level 1:colcon.colcon_core.package_identification:_identify(src/ThirdParty/pmb2_navigation/pmb2_navigation) by extension 'colcon_meta'
[0.448s] Level 1:colcon.colcon_core.package_identification:_identify(src/ThirdParty/pmb2_navigation/pmb2_navigation) by extensions ['ros']
[0.448s] Level 1:colcon.colcon_core.package_identification:_identify(src/ThirdParty/pmb2_navigation/pmb2_navigation) by extension 'ros'
[0.449s] DEBUG:colcon.colcon_core.package_identification:Package 'src/ThirdParty/pmb2_navigation/pmb2_navigation' with type 'ros.ament_cmake' and name 'pmb2_navigation'
[0.450s] Level 1:colcon.colcon_core.package_identification:_identify(src/ThirdParty/pmb2_navigation/pmb2_rgbd_sensors) by extensions ['ignore', 'ignore_ament_install']
[0.450s] Level 1:colcon.colcon_core.package_identification:_identify(src/ThirdParty/pmb2_navigation/pmb2_rgbd_sensors) by extension 'ignore'
[0.450s] Level 1:colcon.colcon_core.package_identification:_identify(src/ThirdParty/pmb2_navigation/pmb2_rgbd_sensors) ignored
[0.450s] Level 1:colcon.colcon_core.package_identification:_identify(src/ThirdParty/pmb2_robot) by extensions ['ignore', 'ignore_ament_install']
[0.450s] Level 1:colcon.colcon_core.package_identification:_identify(src/ThirdParty/pmb2_robot) by extension 'ignore'
[0.450s] Level 1:colcon.colcon_core.package_identification:_identify(src/ThirdParty/pmb2_robot) by extension 'ignore_ament_install'
[0.450s] Level 1:colcon.colcon_core.package_identification:_identify(src/ThirdParty/pmb2_robot) by extensions ['colcon_pkg']
[0.450s] Level 1:colcon.colcon_core.package_identification:_identify(src/ThirdParty/pmb2_robot) by extension 'colcon_pkg'
[0.451s] Level 1:colcon.colcon_core.package_identification:_identify(src/ThirdParty/pmb2_robot) by extensions ['colcon_meta']
[0.451s] Level 1:colcon.colcon_core.package_identification:_identify(src/ThirdParty/pmb2_robot) by extension 'colcon_meta'
[0.451s] Level 1:colcon.colcon_core.package_identification:_identify(src/ThirdParty/pmb2_robot) by extensions ['ros']
[0.451s] Level 1:colcon.colcon_core.package_identification:_identify(src/ThirdParty/pmb2_robot) by extension 'ros'
[0.451s] Level 1:colcon.colcon_core.package_identification:_identify(src/ThirdParty/pmb2_robot) by extensions ['cmake', 'python']
[0.451s] Level 1:colcon.colcon_core.package_identification:_identify(src/ThirdParty/pmb2_robot) by extension 'cmake'
[0.451s] Level 1:colcon.colcon_core.package_identification:_identify(src/ThirdParty/pmb2_robot) by extension 'python'
[0.451s] Level 1:colcon.colcon_core.package_identification:_identify(src/ThirdParty/pmb2_robot) by extensions ['python_setup_py']
[0.451s] Level 1:colcon.colcon_core.package_identification:_identify(src/ThirdParty/pmb2_robot) by extension 'python_setup_py'
[0.451s] Level 1:colcon.colcon_core.package_identification:_identify(src/ThirdParty/pmb2_robot/pmb2_bringup) by extensions ['ignore', 'ignore_ament_install']
[0.451s] Level 1:colcon.colcon_core.package_identification:_identify(src/ThirdParty/pmb2_robot/pmb2_bringup) by extension 'ignore'
[0.451s] Level 1:colcon.colcon_core.package_identification:_identify(src/ThirdParty/pmb2_robot/pmb2_bringup) by extension 'ignore_ament_install'
[0.451s] Level 1:colcon.colcon_core.package_identification:_identify(src/ThirdParty/pmb2_robot/pmb2_bringup) by extensions ['colcon_pkg']
[0.451s] Level 1:colcon.colcon_core.package_identification:_identify(src/ThirdParty/pmb2_robot/pmb2_bringup) by extension 'colcon_pkg'
[0.451s] Level 1:colcon.colcon_core.package_identification:_identify(src/ThirdParty/pmb2_robot/pmb2_bringup) by extensions ['colcon_meta']
[0.451s] Level 1:colcon.colcon_core.package_identification:_identify(src/ThirdParty/pmb2_robot/pmb2_bringup) by extension 'colcon_meta'
[0.451s] Level 1:colcon.colcon_core.package_identification:_identify(src/ThirdParty/pmb2_robot/pmb2_bringup) by extensions ['ros']
[0.451s] Level 1:colcon.colcon_core.package_identification:_identify(src/ThirdParty/pmb2_robot/pmb2_bringup) by extension 'ros'
[0.452s] DEBUG:colcon.colcon_core.package_identification:Package 'src/ThirdParty/pmb2_robot/pmb2_bringup' with type 'ros.ament_cmake' and name 'pmb2_bringup'
[0.452s] Level 1:colcon.colcon_core.package_identification:_identify(src/ThirdParty/pmb2_robot/pmb2_controller_configuration) by extensions ['ignore', 'ignore_ament_install']
[0.452s] Level 1:colcon.colcon_core.package_identification:_identify(src/ThirdParty/pmb2_robot/pmb2_controller_configuration) by extension 'ignore'
[0.452s] Level 1:colcon.colcon_core.package_identification:_identify(src/ThirdParty/pmb2_robot/pmb2_controller_configuration) by extension 'ignore_ament_install'
[0.453s] Level 1:colcon.colcon_core.package_identification:_identify(src/ThirdParty/pmb2_robot/pmb2_controller_configuration) by extensions ['colcon_pkg']
[0.453s] Level 1:colcon.colcon_core.package_identification:_identify(src/ThirdParty/pmb2_robot/pmb2_controller_configuration) by extension 'colcon_pkg'
[0.453s] Level 1:colcon.colcon_core.package_identification:_identify(src/ThirdParty/pmb2_robot/pmb2_controller_configuration) by extensions ['colcon_meta']
[0.453s] Level 1:colcon.colcon_core.package_identification:_identify(src/ThirdParty/pmb2_robot/pmb2_controller_configuration) by extension 'colcon_meta'
[0.453s] Level 1:colcon.colcon_core.package_identification:_identify(src/ThirdParty/pmb2_robot/pmb2_controller_configuration) by extensions ['ros']
[0.453s] Level 1:colcon.colcon_core.package_identification:_identify(src/ThirdParty/pmb2_robot/pmb2_controller_configuration) by extension 'ros'
[0.454s] DEBUG:colcon.colcon_core.package_identification:Package 'src/ThirdParty/pmb2_robot/pmb2_controller_configuration' with type 'ros.ament_cmake' and name 'pmb2_controller_configuration'
[0.454s] Level 1:colcon.colcon_core.package_identification:_identify(src/ThirdParty/pmb2_robot/pmb2_description) by extensions ['ignore', 'ignore_ament_install']
[0.454s] Level 1:colcon.colcon_core.package_identification:_identify(src/ThirdParty/pmb2_robot/pmb2_description) by extension 'ignore'
[0.454s] Level 1:colcon.colcon_core.package_identification:_identify(src/ThirdParty/pmb2_robot/pmb2_description) by extension 'ignore_ament_install'
[0.454s] Level 1:colcon.colcon_core.package_identification:_identify(src/ThirdParty/pmb2_robot/pmb2_description) by extensions ['colcon_pkg']
[0.454s] Level 1:colcon.colcon_core.package_identification:_identify(src/ThirdParty/pmb2_robot/pmb2_description) by extension 'colcon_pkg'
[0.454s] Level 1:colcon.colcon_core.package_identification:_identify(src/ThirdParty/pmb2_robot/pmb2_description) by extensions ['colcon_meta']
[0.454s] Level 1:colcon.colcon_core.package_identification:_identify(src/ThirdParty/pmb2_robot/pmb2_description) by extension 'colcon_meta'
[0.454s] Level 1:colcon.colcon_core.package_identification:_identify(src/ThirdParty/pmb2_robot/pmb2_description) by extensions ['ros']
[0.454s] Level 1:colcon.colcon_core.package_identification:_identify(src/ThirdParty/pmb2_robot/pmb2_description) by extension 'ros'
[0.455s] DEBUG:colcon.colcon_core.package_identification:Package 'src/ThirdParty/pmb2_robot/pmb2_description' with type 'ros.ament_cmake' and name 'pmb2_description'
[0.456s] Level 1:colcon.colcon_core.package_identification:_identify(src/ThirdParty/pmb2_robot/pmb2_robot) by extensions ['ignore', 'ignore_ament_install']
[0.456s] Level 1:colcon.colcon_core.package_identification:_identify(src/ThirdParty/pmb2_robot/pmb2_robot) by extension 'ignore'
[0.456s] Level 1:colcon.colcon_core.package_identification:_identify(src/ThirdParty/pmb2_robot/pmb2_robot) by extension 'ignore_ament_install'
[0.456s] Level 1:colcon.colcon_core.package_identification:_identify(src/ThirdParty/pmb2_robot/pmb2_robot) by extensions ['colcon_pkg']
[0.456s] Level 1:colcon.colcon_core.package_identification:_identify(src/ThirdParty/pmb2_robot/pmb2_robot) by extension 'colcon_pkg'
[0.456s] Level 1:colcon.colcon_core.package_identification:_identify(src/ThirdParty/pmb2_robot/pmb2_robot) by extensions ['colcon_meta']
[0.456s] Level 1:colcon.colcon_core.package_identification:_identify(src/ThirdParty/pmb2_robot/pmb2_robot) by extension 'colcon_meta'
[0.456s] Level 1:colcon.colcon_core.package_identification:_identify(src/ThirdParty/pmb2_robot/pmb2_robot) by extensions ['ros']
[0.456s] Level 1:colcon.colcon_core.package_identification:_identify(src/ThirdParty/pmb2_robot/pmb2_robot) by extension 'ros'
[0.457s] DEBUG:colcon.colcon_core.package_identification:Package 'src/ThirdParty/pmb2_robot/pmb2_robot' with type 'ros.ament_cmake' and name 'pmb2_robot'
[0.458s] Level 1:colcon.colcon_core.package_identification:_identify(src/ThirdParty/ros2_control) by extensions ['ignore', 'ignore_ament_install']
[0.458s] Level 1:colcon.colcon_core.package_identification:_identify(src/ThirdParty/ros2_control) by extension 'ignore'
[0.458s] Level 1:colcon.colcon_core.package_identification:_identify(src/ThirdParty/ros2_control) by extension 'ignore_ament_install'
[0.458s] Level 1:colcon.colcon_core.package_identification:_identify(src/ThirdParty/ros2_control) by extensions ['colcon_pkg']
[0.458s] Level 1:colcon.colcon_core.package_identification:_identify(src/ThirdParty/ros2_control) by extension 'colcon_pkg'
[0.458s] Level 1:colcon.colcon_core.package_identification:_identify(src/ThirdParty/ros2_control) by extensions ['colcon_meta']
[0.458s] Level 1:colcon.colcon_core.package_identification:_identify(src/ThirdParty/ros2_control) by extension 'colcon_meta'
[0.459s] Level 1:colcon.colcon_core.package_identification:_identify(src/ThirdParty/ros2_control) by extensions ['ros']
[0.459s] Level 1:colcon.colcon_core.package_identification:_identify(src/ThirdParty/ros2_control) by extension 'ros'
[0.459s] Level 1:colcon.colcon_core.package_identification:_identify(src/ThirdParty/ros2_control) by extensions ['cmake', 'python']
[0.459s] Level 1:colcon.colcon_core.package_identification:_identify(src/ThirdParty/ros2_control) by extension 'cmake'
[0.459s] Level 1:colcon.colcon_core.package_identification:_identify(src/ThirdParty/ros2_control) by extension 'python'
[0.459s] Level 1:colcon.colcon_core.package_identification:_identify(src/ThirdParty/ros2_control) by extensions ['python_setup_py']
[0.459s] Level 1:colcon.colcon_core.package_identification:_identify(src/ThirdParty/ros2_control) by extension 'python_setup_py'
[0.459s] Level 1:colcon.colcon_core.package_identification:_identify(src/ThirdParty/ros2_control/controller_interface) by extensions ['ignore', 'ignore_ament_install']
[0.460s] Level 1:colcon.colcon_core.package_identification:_identify(src/ThirdParty/ros2_control/controller_interface) by extension 'ignore'
[0.460s] Level 1:colcon.colcon_core.package_identification:_identify(src/ThirdParty/ros2_control/controller_interface) by extension 'ignore_ament_install'
[0.460s] Level 1:colcon.colcon_core.package_identification:_identify(src/ThirdParty/ros2_control/controller_interface) by extensions ['colcon_pkg']
[0.460s] Level 1:colcon.colcon_core.package_identification:_identify(src/ThirdParty/ros2_control/controller_interface) by extension 'colcon_pkg'
[0.460s] Level 1:colcon.colcon_core.package_identification:_identify(src/ThirdParty/ros2_control/controller_interface) by extensions ['colcon_meta']
[0.460s] Level 1:colcon.colcon_core.package_identification:_identify(src/ThirdParty/ros2_control/controller_interface) by extension 'colcon_meta'
[0.460s] Level 1:colcon.colcon_core.package_identification:_identify(src/ThirdParty/ros2_control/controller_interface) by extensions ['ros']
[0.460s] Level 1:colcon.colcon_core.package_identification:_identify(src/ThirdParty/ros2_control/controller_interface) by extension 'ros'
[0.461s] DEBUG:colcon.colcon_core.package_identification:Package 'src/ThirdParty/ros2_control/controller_interface' with type 'ros.ament_cmake' and name 'controller_interface'
[0.462s] Level 1:colcon.colcon_core.package_identification:_identify(src/ThirdParty/ros2_control/controller_manager) by extensions ['ignore', 'ignore_ament_install']
[0.462s] Level 1:colcon.colcon_core.package_identification:_identify(src/ThirdParty/ros2_control/controller_manager) by extension 'ignore'
[0.462s] Level 1:colcon.colcon_core.package_identification:_identify(src/ThirdParty/ros2_control/controller_manager) by extension 'ignore_ament_install'
[0.462s] Level 1:colcon.colcon_core.package_identification:_identify(src/ThirdParty/ros2_control/controller_manager) by extensions ['colcon_pkg']
[0.462s] Level 1:colcon.colcon_core.package_identification:_identify(src/ThirdParty/ros2_control/controller_manager) by extension 'colcon_pkg'
[0.462s] Level 1:colcon.colcon_core.package_identification:_identify(src/ThirdParty/ros2_control/controller_manager) by extensions ['colcon_meta']
[0.462s] Level 1:colcon.colcon_core.package_identification:_identify(src/ThirdParty/ros2_control/controller_manager) by extension 'colcon_meta'
[0.462s] Level 1:colcon.colcon_core.package_identification:_identify(src/ThirdParty/ros2_control/controller_manager) by extensions ['ros']
[0.462s] Level 1:colcon.colcon_core.package_identification:_identify(src/ThirdParty/ros2_control/controller_manager) by extension 'ros'
[0.464s] DEBUG:colcon.colcon_core.package_identification:Package 'src/ThirdParty/ros2_control/controller_manager' with type 'ros.ament_cmake' and name 'controller_manager'
[0.464s] Level 1:colcon.colcon_core.package_identification:_identify(src/ThirdParty/ros2_control/controller_manager_msgs) by extensions ['ignore', 'ignore_ament_install']
[0.464s] Level 1:colcon.colcon_core.package_identification:_identify(src/ThirdParty/ros2_control/controller_manager_msgs) by extension 'ignore'
[0.464s] Level 1:colcon.colcon_core.package_identification:_identify(src/ThirdParty/ros2_control/controller_manager_msgs) by extension 'ignore_ament_install'
[0.464s] Level 1:colcon.colcon_core.package_identification:_identify(src/ThirdParty/ros2_control/controller_manager_msgs) by extensions ['colcon_pkg']
[0.464s] Level 1:colcon.colcon_core.package_identification:_identify(src/ThirdParty/ros2_control/controller_manager_msgs) by extension 'colcon_pkg'
[0.465s] Level 1:colcon.colcon_core.package_identification:_identify(src/ThirdParty/ros2_control/controller_manager_msgs) by extensions ['colcon_meta']
[0.465s] Level 1:colcon.colcon_core.package_identification:_identify(src/ThirdParty/ros2_control/controller_manager_msgs) by extension 'colcon_meta'
[0.465s] Level 1:colcon.colcon_core.package_identification:_identify(src/ThirdParty/ros2_control/controller_manager_msgs) by extensions ['ros']
[0.465s] Level 1:colcon.colcon_core.package_identification:_identify(src/ThirdParty/ros2_control/controller_manager_msgs) by extension 'ros'
[0.466s] DEBUG:colcon.colcon_core.package_identification:Package 'src/ThirdParty/ros2_control/controller_manager_msgs' with type 'ros.ament_cmake' and name 'controller_manager_msgs'
[0.467s] Level 1:colcon.colcon_core.package_identification:_identify(src/ThirdParty/ros2_control/hardware_interface) by extensions ['ignore', 'ignore_ament_install']
[0.467s] Level 1:colcon.colcon_core.package_identification:_identify(src/ThirdParty/ros2_control/hardware_interface) by extension 'ignore'
[0.467s] Level 1:colcon.colcon_core.package_identification:_identify(src/ThirdParty/ros2_control/hardware_interface) by extension 'ignore_ament_install'
[0.467s] Level 1:colcon.colcon_core.package_identification:_identify(src/ThirdParty/ros2_control/hardware_interface) by extensions ['colcon_pkg']
[0.467s] Level 1:colcon.colcon_core.package_identification:_identify(src/ThirdParty/ros2_control/hardware_interface) by extension 'colcon_pkg'
[0.467s] Level 1:colcon.colcon_core.package_identification:_identify(src/ThirdParty/ros2_control/hardware_interface) by extensions ['colcon_meta']
[0.467s] Level 1:colcon.colcon_core.package_identification:_identify(src/ThirdParty/ros2_control/hardware_interface) by extension 'colcon_meta'
[0.468s] Level 1:colcon.colcon_core.package_identification:_identify(src/ThirdParty/ros2_control/hardware_interface) by extensions ['ros']
[0.468s] Level 1:colcon.colcon_core.package_identification:_identify(src/ThirdParty/ros2_control/hardware_interface) by extension 'ros'
[0.469s] DEBUG:colcon.colcon_core.package_identification:Package 'src/ThirdParty/ros2_control/hardware_interface' with type 'ros.ament_cmake' and name 'hardware_interface'
[0.470s] Level 1:colcon.colcon_core.package_identification:_identify(src/ThirdParty/ros2_control/joint_limits_interface) by extensions ['ignore', 'ignore_ament_install']
[0.470s] Level 1:colcon.colcon_core.package_identification:_identify(src/ThirdParty/ros2_control/joint_limits_interface) by extension 'ignore'
[0.470s] Level 1:colcon.colcon_core.package_identification:_identify(src/ThirdParty/ros2_control/joint_limits_interface) ignored
[0.471s] Level 1:colcon.colcon_core.package_identification:_identify(src/ThirdParty/ros2_control/ros2_control) by extensions ['ignore', 'ignore_ament_install']
[0.471s] Level 1:colcon.colcon_core.package_identification:_identify(src/ThirdParty/ros2_control/ros2_control) by extension 'ignore'
[0.471s] Level 1:colcon.colcon_core.package_identification:_identify(src/ThirdParty/ros2_control/ros2_control) by extension 'ignore_ament_install'
[0.471s] Level 1:colcon.colcon_core.package_identification:_identify(src/ThirdParty/ros2_control/ros2_control) by extensions ['colcon_pkg']
[0.471s] Level 1:colcon.colcon_core.package_identification:_identify(src/ThirdParty/ros2_control/ros2_control) by extension 'colcon_pkg'
[0.471s] Level 1:colcon.colcon_core.package_identification:_identify(src/ThirdParty/ros2_control/ros2_control) by extensions ['colcon_meta']
[0.472s] Level 1:colcon.colcon_core.package_identification:_identify(src/ThirdParty/ros2_control/ros2_control) by extension 'colcon_meta'
[0.472s] Level 1:colcon.colcon_core.package_identification:_identify(src/ThirdParty/ros2_control/ros2_control) by extensions ['ros']
[0.472s] Level 1:colcon.colcon_core.package_identification:_identify(src/ThirdParty/ros2_control/ros2_control) by extension 'ros'
[0.473s] DEBUG:colcon.colcon_core.package_identification:Package 'src/ThirdParty/ros2_control/ros2_control' with type 'ros.ament_cmake' and name 'ros2_control'
[0.474s] Level 1:colcon.colcon_core.package_identification:_identify(src/ThirdParty/ros2_control/ros2_control_test_assets) by extensions ['ignore', 'ignore_ament_install']
[0.474s] Level 1:colcon.colcon_core.package_identification:_identify(src/ThirdParty/ros2_control/ros2_control_test_assets) by extension 'ignore'
[0.474s] Level 1:colcon.colcon_core.package_identification:_identify(src/ThirdParty/ros2_control/ros2_control_test_assets) by extension 'ignore_ament_install'
[0.474s] Level 1:colcon.colcon_core.package_identification:_identify(src/ThirdParty/ros2_control/ros2_control_test_assets) by extensions ['colcon_pkg']
[0.474s] Level 1:colcon.colcon_core.package_identification:_identify(src/ThirdParty/ros2_control/ros2_control_test_assets) by extension 'colcon_pkg'
[0.474s] Level 1:colcon.colcon_core.package_identification:_identify(src/ThirdParty/ros2_control/ros2_control_test_assets) by extensions ['colcon_meta']
[0.474s] Level 1:colcon.colcon_core.package_identification:_identify(src/ThirdParty/ros2_control/ros2_control_test_assets) by extension 'colcon_meta'
[0.475s] Level 1:colcon.colcon_core.package_identification:_identify(src/ThirdParty/ros2_control/ros2_control_test_assets) by extensions ['ros']
[0.475s] Level 1:colcon.colcon_core.package_identification:_identify(src/ThirdParty/ros2_control/ros2_control_test_assets) by extension 'ros'
[0.476s] DEBUG:colcon.colcon_core.package_identification:Package 'src/ThirdParty/ros2_control/ros2_control_test_assets' with type 'ros.ament_cmake' and name 'ros2_control_test_assets'
[0.476s] Level 1:colcon.colcon_core.package_identification:_identify(src/ThirdParty/ros2_control/ros2controlcli) by extensions ['ignore', 'ignore_ament_install']
[0.477s] Level 1:colcon.colcon_core.package_identification:_identify(src/ThirdParty/ros2_control/ros2controlcli) by extension 'ignore'
[0.477s] Level 1:colcon.colcon_core.package_identification:_identify(src/ThirdParty/ros2_control/ros2controlcli) by extension 'ignore_ament_install'
[0.478s] Level 1:colcon.colcon_core.package_identification:_identify(src/ThirdParty/ros2_control/ros2controlcli) by extensions ['colcon_pkg']
[0.478s] Level 1:colcon.colcon_core.package_identification:_identify(src/ThirdParty/ros2_control/ros2controlcli) by extension 'colcon_pkg'
[0.478s] Level 1:colcon.colcon_core.package_identification:_identify(src/ThirdParty/ros2_control/ros2controlcli) by extensions ['colcon_meta']
[0.478s] Level 1:colcon.colcon_core.package_identification:_identify(src/ThirdParty/ros2_control/ros2controlcli) by extension 'colcon_meta'
[0.478s] Level 1:colcon.colcon_core.package_identification:_identify(src/ThirdParty/ros2_control/ros2controlcli) by extensions ['ros']
[0.478s] Level 1:colcon.colcon_core.package_identification:_identify(src/ThirdParty/ros2_control/ros2controlcli) by extension 'ros'
[0.480s] DEBUG:colcon.colcon_core.package_identification:Package 'src/ThirdParty/ros2_control/ros2controlcli' with type 'ros.ament_python' and name 'ros2controlcli'
[0.480s] Level 1:colcon.colcon_core.package_identification:_identify(src/ThirdParty/ros2_control/transmission_interface) by extensions ['ignore', 'ignore_ament_install']
[0.480s] Level 1:colcon.colcon_core.package_identification:_identify(src/ThirdParty/ros2_control/transmission_interface) by extension 'ignore'
[0.481s] Level 1:colcon.colcon_core.package_identification:_identify(src/ThirdParty/ros2_control/transmission_interface) by extension 'ignore_ament_install'
[0.481s] Level 1:colcon.colcon_core.package_identification:_identify(src/ThirdParty/ros2_control/transmission_interface) by extensions ['colcon_pkg']
[0.481s] Level 1:colcon.colcon_core.package_identification:_identify(src/ThirdParty/ros2_control/transmission_interface) by extension 'colcon_pkg'
[0.481s] Level 1:colcon.colcon_core.package_identification:_identify(src/ThirdParty/ros2_control/transmission_interface) by extensions ['colcon_meta']
[0.481s] Level 1:colcon.colcon_core.package_identification:_identify(src/ThirdParty/ros2_control/transmission_interface) by extension 'colcon_meta'
[0.481s] Level 1:colcon.colcon_core.package_identification:_identify(src/ThirdParty/ros2_control/transmission_interface) by extensions ['ros']
[0.481s] Level 1:colcon.colcon_core.package_identification:_identify(src/ThirdParty/ros2_control/transmission_interface) by extension 'ros'
[0.483s] DEBUG:colcon.colcon_core.package_identification:Package 'src/ThirdParty/ros2_control/transmission_interface' with type 'ros.ament_cmake' and name 'transmission_interface'
[0.483s] Level 1:colcon.colcon_core.package_identification:_identify(src/ThirdParty/ros2_controllers) by extensions ['ignore', 'ignore_ament_install']
[0.483s] Level 1:colcon.colcon_core.package_identification:_identify(src/ThirdParty/ros2_controllers) by extension 'ignore'
[0.483s] Level 1:colcon.colcon_core.package_identification:_identify(src/ThirdParty/ros2_controllers) by extension 'ignore_ament_install'
[0.483s] Level 1:colcon.colcon_core.package_identification:_identify(src/ThirdParty/ros2_controllers) by extensions ['colcon_pkg']
[0.483s] Level 1:colcon.colcon_core.package_identification:_identify(src/ThirdParty/ros2_controllers) by extension 'colcon_pkg'
[0.483s] Level 1:colcon.colcon_core.package_identification:_identify(src/ThirdParty/ros2_controllers) by extensions ['colcon_meta']
[0.483s] Level 1:colcon.colcon_core.package_identification:_identify(src/ThirdParty/ros2_controllers) by extension 'colcon_meta'
[0.483s] Level 1:colcon.colcon_core.package_identification:_identify(src/ThirdParty/ros2_controllers) by extensions ['ros']
[0.483s] Level 1:colcon.colcon_core.package_identification:_identify(src/ThirdParty/ros2_controllers) by extension 'ros'
[0.484s] Level 1:colcon.colcon_core.package_identification:_identify(src/ThirdParty/ros2_controllers) by extensions ['cmake', 'python']
[0.484s] Level 1:colcon.colcon_core.package_identification:_identify(src/ThirdParty/ros2_controllers) by extension 'cmake'
[0.484s] Level 1:colcon.colcon_core.package_identification:_identify(src/ThirdParty/ros2_controllers) by extension 'python'
[0.484s] Level 1:colcon.colcon_core.package_identification:_identify(src/ThirdParty/ros2_controllers) by extensions ['python_setup_py']
[0.484s] Level 1:colcon.colcon_core.package_identification:_identify(src/ThirdParty/ros2_controllers) by extension 'python_setup_py'
[0.484s] Level 1:colcon.colcon_core.package_identification:_identify(src/ThirdParty/ros2_controllers/diff_drive_controller) by extensions ['ignore', 'ignore_ament_install']
[0.484s] Level 1:colcon.colcon_core.package_identification:_identify(src/ThirdParty/ros2_controllers/diff_drive_controller) by extension 'ignore'
[0.484s] Level 1:colcon.colcon_core.package_identification:_identify(src/ThirdParty/ros2_controllers/diff_drive_controller) by extension 'ignore_ament_install'
[0.484s] Level 1:colcon.colcon_core.package_identification:_identify(src/ThirdParty/ros2_controllers/diff_drive_controller) by extensions ['colcon_pkg']
[0.484s] Level 1:colcon.colcon_core.package_identification:_identify(src/ThirdParty/ros2_controllers/diff_drive_controller) by extension 'colcon_pkg'
[0.484s] Level 1:colcon.colcon_core.package_identification:_identify(src/ThirdParty/ros2_controllers/diff_drive_controller) by extensions ['colcon_meta']
[0.484s] Level 1:colcon.colcon_core.package_identification:_identify(src/ThirdParty/ros2_controllers/diff_drive_controller) by extension 'colcon_meta'
[0.484s] Level 1:colcon.colcon_core.package_identification:_identify(src/ThirdParty/ros2_controllers/diff_drive_controller) by extensions ['ros']
[0.484s] Level 1:colcon.colcon_core.package_identification:_identify(src/ThirdParty/ros2_controllers/diff_drive_controller) by extension 'ros'
[0.486s] DEBUG:colcon.colcon_core.package_identification:Package 'src/ThirdParty/ros2_controllers/diff_drive_controller' with type 'ros.ament_cmake' and name 'diff_drive_controller'
[0.486s] Level 1:colcon.colcon_core.package_identification:_identify(src/ThirdParty/ros2_controllers/doc) by extensions ['ignore', 'ignore_ament_install']
[0.487s] Level 1:colcon.colcon_core.package_identification:_identify(src/ThirdParty/ros2_controllers/doc) by extension 'ignore'
[0.487s] Level 1:colcon.colcon_core.package_identification:_identify(src/ThirdParty/ros2_controllers/doc) by extension 'ignore_ament_install'
[0.487s] Level 1:colcon.colcon_core.package_identification:_identify(src/ThirdParty/ros2_controllers/doc) by extensions ['colcon_pkg']
[0.487s] Level 1:colcon.colcon_core.package_identification:_identify(src/ThirdParty/ros2_controllers/doc) by extension 'colcon_pkg'
[0.487s] Level 1:colcon.colcon_core.package_identification:_identify(src/ThirdParty/ros2_controllers/doc) by extensions ['colcon_meta']
[0.487s] Level 1:colcon.colcon_core.package_identification:_identify(src/ThirdParty/ros2_controllers/doc) by extension 'colcon_meta'
[0.487s] Level 1:colcon.colcon_core.package_identification:_identify(src/ThirdParty/ros2_controllers/doc) by extensions ['ros']
[0.487s] Level 1:colcon.colcon_core.package_identification:_identify(src/ThirdParty/ros2_controllers/doc) by extension 'ros'
[0.487s] Level 1:colcon.colcon_core.package_identification:_identify(src/ThirdParty/ros2_controllers/doc) by extensions ['cmake', 'python']
[0.487s] Level 1:colcon.colcon_core.package_identification:_identify(src/ThirdParty/ros2_controllers/doc) by extension 'cmake'
[0.487s] Level 1:colcon.colcon_core.package_identification:_identify(src/ThirdParty/ros2_controllers/doc) by extension 'python'
[0.487s] Level 1:colcon.colcon_core.package_identification:_identify(src/ThirdParty/ros2_controllers/doc) by extensions ['python_setup_py']
[0.488s] Level 1:colcon.colcon_core.package_identification:_identify(src/ThirdParty/ros2_controllers/doc) by extension 'python_setup_py'
[0.488s] Level 1:colcon.colcon_core.package_identification:_identify(src/ThirdParty/ros2_controllers/effort_controllers) by extensions ['ignore', 'ignore_ament_install']
[0.488s] Level 1:colcon.colcon_core.package_identification:_identify(src/ThirdParty/ros2_controllers/effort_controllers) by extension 'ignore'
[0.488s] Level 1:colcon.colcon_core.package_identification:_identify(src/ThirdParty/ros2_controllers/effort_controllers) by extension 'ignore_ament_install'
[0.488s] Level 1:colcon.colcon_core.package_identification:_identify(src/ThirdParty/ros2_controllers/effort_controllers) by extensions ['colcon_pkg']
[0.488s] Level 1:colcon.colcon_core.package_identification:_identify(src/ThirdParty/ros2_controllers/effort_controllers) by extension 'colcon_pkg'
[0.488s] Level 1:colcon.colcon_core.package_identification:_identify(src/ThirdParty/ros2_controllers/effort_controllers) by extensions ['colcon_meta']
[0.488s] Level 1:colcon.colcon_core.package_identification:_identify(src/ThirdParty/ros2_controllers/effort_controllers) by extension 'colcon_meta'
[0.488s] Level 1:colcon.colcon_core.package_identification:_identify(src/ThirdParty/ros2_controllers/effort_controllers) by extensions ['ros']
[0.488s] Level 1:colcon.colcon_core.package_identification:_identify(src/ThirdParty/ros2_controllers/effort_controllers) by extension 'ros'
[0.489s] DEBUG:colcon.colcon_core.package_identification:Package 'src/ThirdParty/ros2_controllers/effort_controllers' with type 'ros.ament_cmake' and name 'effort_controllers'
[0.490s] Level 1:colcon.colcon_core.package_identification:_identify(src/ThirdParty/ros2_controllers/force_torque_sensor_broadcaster) by extensions ['ignore', 'ignore_ament_install']
[0.490s] Level 1:colcon.colcon_core.package_identification:_identify(src/ThirdParty/ros2_controllers/force_torque_sensor_broadcaster) by extension 'ignore'
[0.490s] Level 1:colcon.colcon_core.package_identification:_identify(src/ThirdParty/ros2_controllers/force_torque_sensor_broadcaster) by extension 'ignore_ament_install'
[0.490s] Level 1:colcon.colcon_core.package_identification:_identify(src/ThirdParty/ros2_controllers/force_torque_sensor_broadcaster) by extensions ['colcon_pkg']
[0.490s] Level 1:colcon.colcon_core.package_identification:_identify(src/ThirdParty/ros2_controllers/force_torque_sensor_broadcaster) by extension 'colcon_pkg'
[0.490s] Level 1:colcon.colcon_core.package_identification:_identify(src/ThirdParty/ros2_controllers/force_torque_sensor_broadcaster) by extensions ['colcon_meta']
[0.490s] Level 1:colcon.colcon_core.package_identification:_identify(src/ThirdParty/ros2_controllers/force_torque_sensor_broadcaster) by extension 'colcon_meta'
[0.490s] Level 1:colcon.colcon_core.package_identification:_identify(src/ThirdParty/ros2_controllers/force_torque_sensor_broadcaster) by extensions ['ros']
[0.490s] Level 1:colcon.colcon_core.package_identification:_identify(src/ThirdParty/ros2_controllers/force_torque_sensor_broadcaster) by extension 'ros'
[0.492s] DEBUG:colcon.colcon_core.package_identification:Package 'src/ThirdParty/ros2_controllers/force_torque_sensor_broadcaster' with type 'ros.ament_cmake' and name 'force_torque_sensor_broadcaster'
[0.492s] Level 1:colcon.colcon_core.package_identification:_identify(src/ThirdParty/ros2_controllers/forward_command_controller) by extensions ['ignore', 'ignore_ament_install']
[0.492s] Level 1:colcon.colcon_core.package_identification:_identify(src/ThirdParty/ros2_controllers/forward_command_controller) by extension 'ignore'
[0.492s] Level 1:colcon.colcon_core.package_identification:_identify(src/ThirdParty/ros2_controllers/forward_command_controller) by extension 'ignore_ament_install'
[0.493s] Level 1:colcon.colcon_core.package_identification:_identify(src/ThirdParty/ros2_controllers/forward_command_controller) by extensions ['colcon_pkg']
[0.493s] Level 1:colcon.colcon_core.package_identification:_identify(src/ThirdParty/ros2_controllers/forward_command_controller) by extension 'colcon_pkg'
[0.493s] Level 1:colcon.colcon_core.package_identification:_identify(src/ThirdParty/ros2_controllers/forward_command_controller) by extensions ['colcon_meta']
[0.493s] Level 1:colcon.colcon_core.package_identification:_identify(src/ThirdParty/ros2_controllers/forward_command_controller) by extension 'colcon_meta'
[0.493s] Level 1:colcon.colcon_core.package_identification:_identify(src/ThirdParty/ros2_controllers/forward_command_controller) by extensions ['ros']
[0.493s] Level 1:colcon.colcon_core.package_identification:_identify(src/ThirdParty/ros2_controllers/forward_command_controller) by extension 'ros'
[0.494s] DEBUG:colcon.colcon_core.package_identification:Package 'src/ThirdParty/ros2_controllers/forward_command_controller' with type 'ros.ament_cmake' and name 'forward_command_controller'
[0.495s] Level 1:colcon.colcon_core.package_identification:_identify(src/ThirdParty/ros2_controllers/gripper_controllers) by extensions ['ignore', 'ignore_ament_install']
[0.495s] Level 1:colcon.colcon_core.package_identification:_identify(src/ThirdParty/ros2_controllers/gripper_controllers) by extension 'ignore'
[0.495s] Level 1:colcon.colcon_core.package_identification:_identify(src/ThirdParty/ros2_controllers/gripper_controllers) by extension 'ignore_ament_install'
[0.495s] Level 1:colcon.colcon_core.package_identification:_identify(src/ThirdParty/ros2_controllers/gripper_controllers) by extensions ['colcon_pkg']
[0.495s] Level 1:colcon.colcon_core.package_identification:_identify(src/ThirdParty/ros2_controllers/gripper_controllers) by extension 'colcon_pkg'
[0.495s] Level 1:colcon.colcon_core.package_identification:_identify(src/ThirdParty/ros2_controllers/gripper_controllers) by extensions ['colcon_meta']
[0.495s] Level 1:colcon.colcon_core.package_identification:_identify(src/ThirdParty/ros2_controllers/gripper_controllers) by extension 'colcon_meta'
[0.495s] Level 1:colcon.colcon_core.package_identification:_identify(src/ThirdParty/ros2_controllers/gripper_controllers) by extensions ['ros']
[0.495s] Level 1:colcon.colcon_core.package_identification:_identify(src/ThirdParty/ros2_controllers/gripper_controllers) by extension 'ros'
[0.498s] DEBUG:colcon.colcon_core.package_identification:Package 'src/ThirdParty/ros2_controllers/gripper_controllers' with type 'ros.ament_cmake' and name 'gripper_controllers'
[0.501s] Level 1:colcon.colcon_core.package_identification:_identify(src/ThirdParty/ros2_controllers/imu_sensor_broadcaster) by extensions ['ignore', 'ignore_ament_install']
[0.501s] Level 1:colcon.colcon_core.package_identification:_identify(src/ThirdParty/ros2_controllers/imu_sensor_broadcaster) by extension 'ignore'
[0.501s] Level 1:colcon.colcon_core.package_identification:_identify(src/ThirdParty/ros2_controllers/imu_sensor_broadcaster) by extension 'ignore_ament_install'
[0.502s] Level 1:colcon.colcon_core.package_identification:_identify(src/ThirdParty/ros2_controllers/imu_sensor_broadcaster) by extensions ['colcon_pkg']
[0.502s] Level 1:colcon.colcon_core.package_identification:_identify(src/ThirdParty/ros2_controllers/imu_sensor_broadcaster) by extension 'colcon_pkg'
[0.502s] Level 1:colcon.colcon_core.package_identification:_identify(src/ThirdParty/ros2_controllers/imu_sensor_broadcaster) by extensions ['colcon_meta']
[0.502s] Level 1:colcon.colcon_core.package_identification:_identify(src/ThirdParty/ros2_controllers/imu_sensor_broadcaster) by extension 'colcon_meta'
[0.502s] Level 1:colcon.colcon_core.package_identification:_identify(src/ThirdParty/ros2_controllers/imu_sensor_broadcaster) by extensions ['ros']
[0.502s] Level 1:colcon.colcon_core.package_identification:_identify(src/ThirdParty/ros2_controllers/imu_sensor_broadcaster) by extension 'ros'
[0.503s] DEBUG:colcon.colcon_core.package_identification:Package 'src/ThirdParty/ros2_controllers/imu_sensor_broadcaster' with type 'ros.ament_cmake' and name 'imu_sensor_broadcaster'
[0.503s] Level 1:colcon.colcon_core.package_identification:_identify(src/ThirdParty/ros2_controllers/joint_state_broadcaster) by extensions ['ignore', 'ignore_ament_install']
[0.503s] Level 1:colcon.colcon_core.package_identification:_identify(src/ThirdParty/ros2_controllers/joint_state_broadcaster) by extension 'ignore'
[0.503s] Level 1:colcon.colcon_core.package_identification:_identify(src/ThirdParty/ros2_controllers/joint_state_broadcaster) by extension 'ignore_ament_install'
[0.503s] Level 1:colcon.colcon_core.package_identification:_identify(src/ThirdParty/ros2_controllers/joint_state_broadcaster) by extensions ['colcon_pkg']
[0.503s] Level 1:colcon.colcon_core.package_identification:_identify(src/ThirdParty/ros2_controllers/joint_state_broadcaster) by extension 'colcon_pkg'
[0.503s] Level 1:colcon.colcon_core.package_identification:_identify(src/ThirdParty/ros2_controllers/joint_state_broadcaster) by extensions ['colcon_meta']
[0.503s] Level 1:colcon.colcon_core.package_identification:_identify(src/ThirdParty/ros2_controllers/joint_state_broadcaster) by extension 'colcon_meta'
[0.503s] Level 1:colcon.colcon_core.package_identification:_identify(src/ThirdParty/ros2_controllers/joint_state_broadcaster) by extensions ['ros']
[0.503s] Level 1:colcon.colcon_core.package_identification:_identify(src/ThirdParty/ros2_controllers/joint_state_broadcaster) by extension 'ros'
[0.505s] DEBUG:colcon.colcon_core.package_identification:Package 'src/ThirdParty/ros2_controllers/joint_state_broadcaster' with type 'ros.ament_cmake' and name 'joint_state_broadcaster'
[0.506s] Level 1:colcon.colcon_core.package_identification:_identify(src/ThirdParty/ros2_controllers/joint_state_controller) by extensions ['ignore', 'ignore_ament_install']
[0.506s] Level 1:colcon.colcon_core.package_identification:_identify(src/ThirdParty/ros2_controllers/joint_state_controller) by extension 'ignore'
[0.506s] Level 1:colcon.colcon_core.package_identification:_identify(src/ThirdParty/ros2_controllers/joint_state_controller) by extension 'ignore_ament_install'
[0.506s] Level 1:colcon.colcon_core.package_identification:_identify(src/ThirdParty/ros2_controllers/joint_state_controller) by extensions ['colcon_pkg']
[0.506s] Level 1:colcon.colcon_core.package_identification:_identify(src/ThirdParty/ros2_controllers/joint_state_controller) by extension 'colcon_pkg'
[0.506s] Level 1:colcon.colcon_core.package_identification:_identify(src/ThirdParty/ros2_controllers/joint_state_controller) by extensions ['colcon_meta']
[0.506s] Level 1:colcon.colcon_core.package_identification:_identify(src/ThirdParty/ros2_controllers/joint_state_controller) by extension 'colcon_meta'
[0.507s] Level 1:colcon.colcon_core.package_identification:_identify(src/ThirdParty/ros2_controllers/joint_state_controller) by extensions ['ros']
[0.507s] Level 1:colcon.colcon_core.package_identification:_identify(src/ThirdParty/ros2_controllers/joint_state_controller) by extension 'ros'
[0.507s] DEBUG:colcon.colcon_core.package_identification:Package 'src/ThirdParty/ros2_controllers/joint_state_controller' with type 'ros.ament_cmake' and name 'joint_state_controller'
[0.508s] Level 1:colcon.colcon_core.package_identification:_identify(src/ThirdParty/ros2_controllers/joint_trajectory_controller) by extensions ['ignore', 'ignore_ament_install']
[0.509s] Level 1:colcon.colcon_core.package_identification:_identify(src/ThirdParty/ros2_controllers/joint_trajectory_controller) by extension 'ignore'
[0.509s] Level 1:colcon.colcon_core.package_identification:_identify(src/ThirdParty/ros2_controllers/joint_trajectory_controller) by extension 'ignore_ament_install'
[0.509s] Level 1:colcon.colcon_core.package_identification:_identify(src/ThirdParty/ros2_controllers/joint_trajectory_controller) by extensions ['colcon_pkg']
[0.509s] Level 1:colcon.colcon_core.package_identification:_identify(src/ThirdParty/ros2_controllers/joint_trajectory_controller) by extension 'colcon_pkg'
[0.510s] Level 1:colcon.colcon_core.package_identification:_identify(src/ThirdParty/ros2_controllers/joint_trajectory_controller) by extensions ['colcon_meta']
[0.510s] Level 1:colcon.colcon_core.package_identification:_identify(src/ThirdParty/ros2_controllers/joint_trajectory_controller) by extension 'colcon_meta'
[0.510s] Level 1:colcon.colcon_core.package_identification:_identify(src/ThirdParty/ros2_controllers/joint_trajectory_controller) by extensions ['ros']
[0.510s] Level 1:colcon.colcon_core.package_identification:_identify(src/ThirdParty/ros2_controllers/joint_trajectory_controller) by extension 'ros'
[0.524s] DEBUG:colcon.colcon_core.package_identification:Package 'src/ThirdParty/ros2_controllers/joint_trajectory_controller' with type 'ros.ament_cmake' and name 'joint_trajectory_controller'
[0.525s] Level 1:colcon.colcon_core.package_identification:_identify(src/ThirdParty/ros2_controllers/position_controllers) by extensions ['ignore', 'ignore_ament_install']
[0.525s] Level 1:colcon.colcon_core.package_identification:_identify(src/ThirdParty/ros2_controllers/position_controllers) by extension 'ignore'
[0.526s] Level 1:colcon.colcon_core.package_identification:_identify(src/ThirdParty/ros2_controllers/position_controllers) by extension 'ignore_ament_install'
[0.526s] Level 1:colcon.colcon_core.package_identification:_identify(src/ThirdParty/ros2_controllers/position_controllers) by extensions ['colcon_pkg']
[0.526s] Level 1:colcon.colcon_core.package_identification:_identify(src/ThirdParty/ros2_controllers/position_controllers) by extension 'colcon_pkg'
[0.526s] Level 1:colcon.colcon_core.package_identification:_identify(src/ThirdParty/ros2_controllers/position_controllers) by extensions ['colcon_meta']
[0.526s] Level 1:colcon.colcon_core.package_identification:_identify(src/ThirdParty/ros2_controllers/position_controllers) by extension 'colcon_meta'
[0.526s] Level 1:colcon.colcon_core.package_identification:_identify(src/ThirdParty/ros2_controllers/position_controllers) by extensions ['ros']
[0.526s] Level 1:colcon.colcon_core.package_identification:_identify(src/ThirdParty/ros2_controllers/position_controllers) by extension 'ros'
[0.527s] DEBUG:colcon.colcon_core.package_identification:Package 'src/ThirdParty/ros2_controllers/position_controllers' with type 'ros.ament_cmake' and name 'position_controllers'
[0.528s] Level 1:colcon.colcon_core.package_identification:_identify(src/ThirdParty/ros2_controllers/ros2_controllers) by extensions ['ignore', 'ignore_ament_install']
[0.528s] Level 1:colcon.colcon_core.package_identification:_identify(src/ThirdParty/ros2_controllers/ros2_controllers) by extension 'ignore'
[0.528s] Level 1:colcon.colcon_core.package_identification:_identify(src/ThirdParty/ros2_controllers/ros2_controllers) by extension 'ignore_ament_install'
[0.528s] Level 1:colcon.colcon_core.package_identification:_identify(src/ThirdParty/ros2_controllers/ros2_controllers) by extensions ['colcon_pkg']
[0.528s] Level 1:colcon.colcon_core.package_identification:_identify(src/ThirdParty/ros2_controllers/ros2_controllers) by extension 'colcon_pkg'
[0.528s] Level 1:colcon.colcon_core.package_identification:_identify(src/ThirdParty/ros2_controllers/ros2_controllers) by extensions ['colcon_meta']
[0.528s] Level 1:colcon.colcon_core.package_identification:_identify(src/ThirdParty/ros2_controllers/ros2_controllers) by extension 'colcon_meta'
[0.528s] Level 1:colcon.colcon_core.package_identification:_identify(src/ThirdParty/ros2_controllers/ros2_controllers) by extensions ['ros']
[0.528s] Level 1:colcon.colcon_core.package_identification:_identify(src/ThirdParty/ros2_controllers/ros2_controllers) by extension 'ros'
[0.529s] DEBUG:colcon.colcon_core.package_identification:Package 'src/ThirdParty/ros2_controllers/ros2_controllers' with type 'ros.ament_cmake' and name 'ros2_controllers'
[0.530s] Level 1:colcon.colcon_core.package_identification:_identify(src/ThirdParty/ros2_controllers/velocity_controllers) by extensions ['ignore', 'ignore_ament_install']
[0.530s] Level 1:colcon.colcon_core.package_identification:_identify(src/ThirdParty/ros2_controllers/velocity_controllers) by extension 'ignore'
[0.530s] Level 1:colcon.colcon_core.package_identification:_identify(src/ThirdParty/ros2_controllers/velocity_controllers) by extension 'ignore_ament_install'
[0.530s] Level 1:colcon.colcon_core.package_identification:_identify(src/ThirdParty/ros2_controllers/velocity_controllers) by extensions ['colcon_pkg']
[0.530s] Level 1:colcon.colcon_core.package_identification:_identify(src/ThirdParty/ros2_controllers/velocity_controllers) by extension 'colcon_pkg'
[0.530s] Level 1:colcon.colcon_core.package_identification:_identify(src/ThirdParty/ros2_controllers/velocity_controllers) by extensions ['colcon_meta']
[0.530s] Level 1:colcon.colcon_core.package_identification:_identify(src/ThirdParty/ros2_controllers/velocity_controllers) by extension 'colcon_meta'
[0.530s] Level 1:colcon.colcon_core.package_identification:_identify(src/ThirdParty/ros2_controllers/velocity_controllers) by extensions ['ros']
[0.530s] Level 1:colcon.colcon_core.package_identification:_identify(src/ThirdParty/ros2_controllers/velocity_controllers) by extension 'ros'
[0.531s] DEBUG:colcon.colcon_core.package_identification:Package 'src/ThirdParty/ros2_controllers/velocity_controllers' with type 'ros.ament_cmake' and name 'velocity_controllers'
[0.531s] Level 1:colcon.colcon_core.package_identification:_identify(src/ThirdParty/tiago_description_calibration) by extensions ['ignore', 'ignore_ament_install']
[0.532s] Level 1:colcon.colcon_core.package_identification:_identify(src/ThirdParty/tiago_description_calibration) by extension 'ignore'
[0.532s] Level 1:colcon.colcon_core.package_identification:_identify(src/ThirdParty/tiago_description_calibration) by extension 'ignore_ament_install'
[0.532s] Level 1:colcon.colcon_core.package_identification:_identify(src/ThirdParty/tiago_description_calibration) by extensions ['colcon_pkg']
[0.532s] Level 1:colcon.colcon_core.package_identification:_identify(src/ThirdParty/tiago_description_calibration) by extension 'colcon_pkg'
[0.532s] Level 1:colcon.colcon_core.package_identification:_identify(src/ThirdParty/tiago_description_calibration) by extensions ['colcon_meta']
[0.532s] Level 1:colcon.colcon_core.package_identification:_identify(src/ThirdParty/tiago_description_calibration) by extension 'colcon_meta'
[0.532s] Level 1:colcon.colcon_core.package_identification:_identify(src/ThirdParty/tiago_description_calibration) by extensions ['ros']
[0.532s] Level 1:colcon.colcon_core.package_identification:_identify(src/ThirdParty/tiago_description_calibration) by extension 'ros'
[0.532s] DEBUG:colcon.colcon_core.package_identification:Package 'src/ThirdParty/tiago_description_calibration' with type 'ros.ament_cmake' and name 'tiago_description_calibration'
[0.533s] Level 1:colcon.colcon_core.package_identification:_identify(src/ThirdParty/tiago_robot) by extensions ['ignore', 'ignore_ament_install']
[0.533s] Level 1:colcon.colcon_core.package_identification:_identify(src/ThirdParty/tiago_robot) by extension 'ignore'
[0.533s] Level 1:colcon.colcon_core.package_identification:_identify(src/ThirdParty/tiago_robot) by extension 'ignore_ament_install'
[0.533s] Level 1:colcon.colcon_core.package_identification:_identify(src/ThirdParty/tiago_robot) by extensions ['colcon_pkg']
[0.533s] Level 1:colcon.colcon_core.package_identification:_identify(src/ThirdParty/tiago_robot) by extension 'colcon_pkg'
[0.533s] Level 1:colcon.colcon_core.package_identification:_identify(src/ThirdParty/tiago_robot) by extensions ['colcon_meta']
[0.534s] Level 1:colcon.colcon_core.package_identification:_identify(src/ThirdParty/tiago_robot) by extension 'colcon_meta'
[0.534s] Level 1:colcon.colcon_core.package_identification:_identify(src/ThirdParty/tiago_robot) by extensions ['ros']
[0.534s] Level 1:colcon.colcon_core.package_identification:_identify(src/ThirdParty/tiago_robot) by extension 'ros'
[0.534s] Level 1:colcon.colcon_core.package_identification:_identify(src/ThirdParty/tiago_robot) by extensions ['cmake', 'python']
[0.534s] Level 1:colcon.colcon_core.package_identification:_identify(src/ThirdParty/tiago_robot) by extension 'cmake'
[0.534s] Level 1:colcon.colcon_core.package_identification:_identify(src/ThirdParty/tiago_robot) by extension 'python'
[0.534s] Level 1:colcon.colcon_core.package_identification:_identify(src/ThirdParty/tiago_robot) by extensions ['python_setup_py']
[0.534s] Level 1:colcon.colcon_core.package_identification:_identify(src/ThirdParty/tiago_robot) by extension 'python_setup_py'
[0.534s] Level 1:colcon.colcon_core.package_identification:_identify(src/ThirdParty/tiago_robot/tiago_bringup) by extensions ['ignore', 'ignore_ament_install']
[0.535s] Level 1:colcon.colcon_core.package_identification:_identify(src/ThirdParty/tiago_robot/tiago_bringup) by extension 'ignore'
[0.535s] Level 1:colcon.colcon_core.package_identification:_identify(src/ThirdParty/tiago_robot/tiago_bringup) by extension 'ignore_ament_install'
[0.535s] Level 1:colcon.colcon_core.package_identification:_identify(src/ThirdParty/tiago_robot/tiago_bringup) by extensions ['colcon_pkg']
[0.535s] Level 1:colcon.colcon_core.package_identification:_identify(src/ThirdParty/tiago_robot/tiago_bringup) by extension 'colcon_pkg'
[0.535s] Level 1:colcon.colcon_core.package_identification:_identify(src/ThirdParty/tiago_robot/tiago_bringup) by extensions ['colcon_meta']
[0.535s] Level 1:colcon.colcon_core.package_identification:_identify(src/ThirdParty/tiago_robot/tiago_bringup) by extension 'colcon_meta'
[0.535s] Level 1:colcon.colcon_core.package_identification:_identify(src/ThirdParty/tiago_robot/tiago_bringup) by extensions ['ros']
[0.535s] Level 1:colcon.colcon_core.package_identification:_identify(src/ThirdParty/tiago_robot/tiago_bringup) by extension 'ros'
[0.536s] DEBUG:colcon.colcon_core.package_identification:Package 'src/ThirdParty/tiago_robot/tiago_bringup' with type 'ros.ament_cmake' and name 'tiago_bringup'
[0.536s] Level 1:colcon.colcon_core.package_identification:_identify(src/ThirdParty/tiago_robot/tiago_controller_configuration) by extensions ['ignore', 'ignore_ament_install']
[0.536s] Level 1:colcon.colcon_core.package_identification:_identify(src/ThirdParty/tiago_robot/tiago_controller_configuration) by extension 'ignore'
[0.536s] Level 1:colcon.colcon_core.package_identification:_identify(src/ThirdParty/tiago_robot/tiago_controller_configuration) by extension 'ignore_ament_install'
[0.536s] Level 1:colcon.colcon_core.package_identification:_identify(src/ThirdParty/tiago_robot/tiago_controller_configuration) by extensions ['colcon_pkg']
[0.536s] Level 1:colcon.colcon_core.package_identification:_identify(src/ThirdParty/tiago_robot/tiago_controller_configuration) by extension 'colcon_pkg'
[0.536s] Level 1:colcon.colcon_core.package_identification:_identify(src/ThirdParty/tiago_robot/tiago_controller_configuration) by extensions ['colcon_meta']
[0.536s] Level 1:colcon.colcon_core.package_identification:_identify(src/ThirdParty/tiago_robot/tiago_controller_configuration) by extension 'colcon_meta'
[0.536s] Level 1:colcon.colcon_core.package_identification:_identify(src/ThirdParty/tiago_robot/tiago_controller_configuration) by extensions ['ros']
[0.536s] Level 1:colcon.colcon_core.package_identification:_identify(src/ThirdParty/tiago_robot/tiago_controller_configuration) by extension 'ros'
[0.537s] DEBUG:colcon.colcon_core.package_identification:Package 'src/ThirdParty/tiago_robot/tiago_controller_configuration' with type 'ros.ament_cmake' and name 'tiago_controller_configuration'
[0.538s] Level 1:colcon.colcon_core.package_identification:_identify(src/ThirdParty/tiago_robot/tiago_description) by extensions ['ignore', 'ignore_ament_install']
[0.538s] Level 1:colcon.colcon_core.package_identification:_identify(src/ThirdParty/tiago_robot/tiago_description) by extension 'ignore'
[0.538s] Level 1:colcon.colcon_core.package_identification:_identify(src/ThirdParty/tiago_robot/tiago_description) by extension 'ignore_ament_install'
[0.538s] Level 1:colcon.colcon_core.package_identification:_identify(src/ThirdParty/tiago_robot/tiago_description) by extensions ['colcon_pkg']
[0.538s] Level 1:colcon.colcon_core.package_identification:_identify(src/ThirdParty/tiago_robot/tiago_description) by extension 'colcon_pkg'
[0.538s] Level 1:colcon.colcon_core.package_identification:_identify(src/ThirdParty/tiago_robot/tiago_description) by extensions ['colcon_meta']
[0.538s] Level 1:colcon.colcon_core.package_identification:_identify(src/ThirdParty/tiago_robot/tiago_description) by extension 'colcon_meta'
[0.538s] Level 1:colcon.colcon_core.package_identification:_identify(src/ThirdParty/tiago_robot/tiago_description) by extensions ['ros']
[0.538s] Level 1:colcon.colcon_core.package_identification:_identify(src/ThirdParty/tiago_robot/tiago_description) by extension 'ros'
[0.539s] DEBUG:colcon.colcon_core.package_identification:Package 'src/ThirdParty/tiago_robot/tiago_description' with type 'ros.ament_cmake' and name 'tiago_description'
[0.539s] Level 1:colcon.colcon_core.package_identification:_identify(src/ThirdParty/tiago_robot/tiago_robot) by extensions ['ignore', 'ignore_ament_install']
[0.539s] Level 1:colcon.colcon_core.package_identification:_identify(src/ThirdParty/tiago_robot/tiago_robot) by extension 'ignore'
[0.539s] Level 1:colcon.colcon_core.package_identification:_identify(src/ThirdParty/tiago_robot/tiago_robot) by extension 'ignore_ament_install'
[0.539s] Level 1:colcon.colcon_core.package_identification:_identify(src/ThirdParty/tiago_robot/tiago_robot) by extensions ['colcon_pkg']
[0.539s] Level 1:colcon.colcon_core.package_identification:_identify(src/ThirdParty/tiago_robot/tiago_robot) by extension 'colcon_pkg'
[0.539s] Level 1:colcon.colcon_core.package_identification:_identify(src/ThirdParty/tiago_robot/tiago_robot) by extensions ['colcon_meta']
[0.539s] Level 1:colcon.colcon_core.package_identification:_identify(src/ThirdParty/tiago_robot/tiago_robot) by extension 'colcon_meta'
[0.539s] Level 1:colcon.colcon_core.package_identification:_identify(src/ThirdParty/tiago_robot/tiago_robot) by extensions ['ros']
[0.539s] Level 1:colcon.colcon_core.package_identification:_identify(src/ThirdParty/tiago_robot/tiago_robot) by extension 'ros'
[0.540s] DEBUG:colcon.colcon_core.package_identification:Package 'src/ThirdParty/tiago_robot/tiago_robot' with type 'ros.ament_cmake' and name 'tiago_robot'
[0.540s] Level 1:colcon.colcon_core.package_identification:_identify(src/ThirdParty/tiago_simulation) by extensions ['ignore', 'ignore_ament_install']
[0.540s] Level 1:colcon.colcon_core.package_identification:_identify(src/ThirdParty/tiago_simulation) by extension 'ignore'
[0.540s] Level 1:colcon.colcon_core.package_identification:_identify(src/ThirdParty/tiago_simulation) by extension 'ignore_ament_install'
[0.540s] Level 1:colcon.colcon_core.package_identification:_identify(src/ThirdParty/tiago_simulation) by extensions ['colcon_pkg']
[0.540s] Level 1:colcon.colcon_core.package_identification:_identify(src/ThirdParty/tiago_simulation) by extension 'colcon_pkg'
[0.541s] Level 1:colcon.colcon_core.package_identification:_identify(src/ThirdParty/tiago_simulation) by extensions ['colcon_meta']
[0.541s] Level 1:colcon.colcon_core.package_identification:_identify(src/ThirdParty/tiago_simulation) by extension 'colcon_meta'
[0.541s] Level 1:colcon.colcon_core.package_identification:_identify(src/ThirdParty/tiago_simulation) by extensions ['ros']
[0.541s] Level 1:colcon.colcon_core.package_identification:_identify(src/ThirdParty/tiago_simulation) by extension 'ros'
[0.541s] Level 1:colcon.colcon_core.package_identification:_identify(src/ThirdParty/tiago_simulation) by extensions ['cmake', 'python']
[0.541s] Level 1:colcon.colcon_core.package_identification:_identify(src/ThirdParty/tiago_simulation) by extension 'cmake'
[0.541s] Level 1:colcon.colcon_core.package_identification:_identify(src/ThirdParty/tiago_simulation) by extension 'python'
[0.541s] Level 1:colcon.colcon_core.package_identification:_identify(src/ThirdParty/tiago_simulation) by extensions ['python_setup_py']
[0.541s] Level 1:colcon.colcon_core.package_identification:_identify(src/ThirdParty/tiago_simulation) by extension 'python_setup_py'
[0.541s] Level 1:colcon.colcon_core.package_identification:_identify(src/ThirdParty/tiago_simulation/tiago_2dnav_gazebo) by extensions ['ignore', 'ignore_ament_install']
[0.541s] Level 1:colcon.colcon_core.package_identification:_identify(src/ThirdParty/tiago_simulation/tiago_2dnav_gazebo) by extension 'ignore'
[0.542s] Level 1:colcon.colcon_core.package_identification:_identify(src/ThirdParty/tiago_simulation/tiago_2dnav_gazebo) by extension 'ignore_ament_install'
[0.542s] Level 1:colcon.colcon_core.package_identification:_identify(src/ThirdParty/tiago_simulation/tiago_2dnav_gazebo) by extensions ['colcon_pkg']
[0.542s] Level 1:colcon.colcon_core.package_identification:_identify(src/ThirdParty/tiago_simulation/tiago_2dnav_gazebo) by extension 'colcon_pkg'
[0.542s] Level 1:colcon.colcon_core.package_identification:_identify(src/ThirdParty/tiago_simulation/tiago_2dnav_gazebo) by extensions ['colcon_meta']
[0.542s] Level 1:colcon.colcon_core.package_identification:_identify(src/ThirdParty/tiago_simulation/tiago_2dnav_gazebo) by extension 'colcon_meta'
[0.542s] Level 1:colcon.colcon_core.package_identification:_identify(src/ThirdParty/tiago_simulation/tiago_2dnav_gazebo) by extensions ['ros']
[0.542s] Level 1:colcon.colcon_core.package_identification:_identify(src/ThirdParty/tiago_simulation/tiago_2dnav_gazebo) by extension 'ros'
[0.543s] DEBUG:colcon.colcon_core.package_identification:Package 'src/ThirdParty/tiago_simulation/tiago_2dnav_gazebo' with type 'ros.ament_cmake' and name 'tiago_2dnav_gazebo'
[0.544s] Level 1:colcon.colcon_core.package_identification:_identify(src/ThirdParty/tiago_simulation/tiago_controller_configuration_gazebo) by extensions ['ignore', 'ignore_ament_install']
[0.544s] Level 1:colcon.colcon_core.package_identification:_identify(src/ThirdParty/tiago_simulation/tiago_controller_configuration_gazebo) by extension 'ignore'
[0.544s] Level 1:colcon.colcon_core.package_identification:_identify(src/ThirdParty/tiago_simulation/tiago_controller_configuration_gazebo) ignored
[0.545s] Level 1:colcon.colcon_core.package_identification:_identify(src/ThirdParty/tiago_simulation/tiago_gazebo) by extensions ['ignore', 'ignore_ament_install']
[0.545s] Level 1:colcon.colcon_core.package_identification:_identify(src/ThirdParty/tiago_simulation/tiago_gazebo) by extension 'ignore'
[0.545s] Level 1:colcon.colcon_core.package_identification:_identify(src/ThirdParty/tiago_simulation/tiago_gazebo) by extension 'ignore_ament_install'
[0.545s] Level 1:colcon.colcon_core.package_identification:_identify(src/ThirdParty/tiago_simulation/tiago_gazebo) by extensions ['colcon_pkg']
[0.545s] Level 1:colcon.colcon_core.package_identification:_identify(src/ThirdParty/tiago_simulation/tiago_gazebo) by extension 'colcon_pkg'
[0.546s] Level 1:colcon.colcon_core.package_identification:_identify(src/ThirdParty/tiago_simulation/tiago_gazebo) by extensions ['colcon_meta']
[0.546s] Level 1:colcon.colcon_core.package_identification:_identify(src/ThirdParty/tiago_simulation/tiago_gazebo) by extension 'colcon_meta'
[0.546s] Level 1:colcon.colcon_core.package_identification:_identify(src/ThirdParty/tiago_simulation/tiago_gazebo) by extensions ['ros']
[0.546s] Level 1:colcon.colcon_core.package_identification:_identify(src/ThirdParty/tiago_simulation/tiago_gazebo) by extension 'ros'
[0.547s] DEBUG:colcon.colcon_core.package_identification:Package 'src/ThirdParty/tiago_simulation/tiago_gazebo' with type 'ros.ament_cmake' and name 'tiago_gazebo'
[0.547s] Level 1:colcon.colcon_core.package_identification:_identify(src/ThirdParty/tiago_simulation/tiago_multi) by extensions ['ignore', 'ignore_ament_install']
[0.547s] Level 1:colcon.colcon_core.package_identification:_identify(src/ThirdParty/tiago_simulation/tiago_multi) by extension 'ignore'
[0.547s] Level 1:colcon.colcon_core.package_identification:_identify(src/ThirdParty/tiago_simulation/tiago_multi) ignored
[0.547s] Level 1:colcon.colcon_core.package_identification:_identify(src/ThirdParty/tiago_simulation/tiago_simulation) by extensions ['ignore', 'ignore_ament_install']
[0.548s] Level 1:colcon.colcon_core.package_identification:_identify(src/ThirdParty/tiago_simulation/tiago_simulation) by extension 'ignore'
[0.548s] Level 1:colcon.colcon_core.package_identification:_identify(src/ThirdParty/tiago_simulation/tiago_simulation) by extension 'ignore_ament_install'
[0.548s] Level 1:colcon.colcon_core.package_identification:_identify(src/ThirdParty/tiago_simulation/tiago_simulation) by extensions ['colcon_pkg']
[0.548s] Level 1:colcon.colcon_core.package_identification:_identify(src/ThirdParty/tiago_simulation/tiago_simulation) by extension 'colcon_pkg'
[0.548s] Level 1:colcon.colcon_core.package_identification:_identify(src/ThirdParty/tiago_simulation/tiago_simulation) by extensions ['colcon_meta']
[0.548s] Level 1:colcon.colcon_core.package_identification:_identify(src/ThirdParty/tiago_simulation/tiago_simulation) by extension 'colcon_meta'
[0.548s] Level 1:colcon.colcon_core.package_identification:_identify(src/ThirdParty/tiago_simulation/tiago_simulation) by extensions ['ros']
[0.548s] Level 1:colcon.colcon_core.package_identification:_identify(src/ThirdParty/tiago_simulation/tiago_simulation) by extension 'ros'
[0.549s] DEBUG:colcon.colcon_core.package_identification:Package 'src/ThirdParty/tiago_simulation/tiago_simulation' with type 'ros.ament_cmake' and name 'tiago_simulation'
[0.549s] Level 1:colcon.colcon_core.package_identification:_identify(src/ThirdParty/twist_mux) by extensions ['ignore', 'ignore_ament_install']
[0.549s] Level 1:colcon.colcon_core.package_identification:_identify(src/ThirdParty/twist_mux) by extension 'ignore'
[0.549s] Level 1:colcon.colcon_core.package_identification:_identify(src/ThirdParty/twist_mux) by extension 'ignore_ament_install'
[0.550s] Level 1:colcon.colcon_core.package_identification:_identify(src/ThirdParty/twist_mux) by extensions ['colcon_pkg']
[0.550s] Level 1:colcon.colcon_core.package_identification:_identify(src/ThirdParty/twist_mux) by extension 'colcon_pkg'
[0.550s] Level 1:colcon.colcon_core.package_identification:_identify(src/ThirdParty/twist_mux) by extensions ['colcon_meta']
[0.550s] Level 1:colcon.colcon_core.package_identification:_identify(src/ThirdParty/twist_mux) by extension 'colcon_meta'
[0.550s] Level 1:colcon.colcon_core.package_identification:_identify(src/ThirdParty/twist_mux) by extensions ['ros']
[0.550s] Level 1:colcon.colcon_core.package_identification:_identify(src/ThirdParty/twist_mux) by extension 'ros'
[0.551s] DEBUG:colcon.colcon_core.package_identification:Package 'src/ThirdParty/twist_mux' with type 'ros.ament_cmake' and name 'twist_mux'
[0.552s] Level 1:colcon.colcon_core.package_identification:_identify(src/ThirdParty/urdf_test) by extensions ['ignore', 'ignore_ament_install']
[0.552s] Level 1:colcon.colcon_core.package_identification:_identify(src/ThirdParty/urdf_test) by extension 'ignore'
[0.552s] Level 1:colcon.colcon_core.package_identification:_identify(src/ThirdParty/urdf_test) by extension 'ignore_ament_install'
[0.552s] Level 1:colcon.colcon_core.package_identification:_identify(src/ThirdParty/urdf_test) by extensions ['colcon_pkg']
[0.552s] Level 1:colcon.colcon_core.package_identification:_identify(src/ThirdParty/urdf_test) by extension 'colcon_pkg'
[0.552s] Level 1:colcon.colcon_core.package_identification:_identify(src/ThirdParty/urdf_test) by extensions ['colcon_meta']
[0.552s] Level 1:colcon.colcon_core.package_identification:_identify(src/ThirdParty/urdf_test) by extension 'colcon_meta'
[0.552s] Level 1:colcon.colcon_core.package_identification:_identify(src/ThirdParty/urdf_test) by extensions ['ros']
[0.552s] Level 1:colcon.colcon_core.package_identification:_identify(src/ThirdParty/urdf_test) by extension 'ros'
[0.553s] DEBUG:colcon.colcon_core.package_identification:Package 'src/ThirdParty/urdf_test' with type 'ros.ament_cmake' and name 'urdf_test'
[0.553s] Level 1:colcon.colcon_core.package_identification:_identify(src/book_ros2) by extensions ['ignore', 'ignore_ament_install']
[0.553s] Level 1:colcon.colcon_core.package_identification:_identify(src/book_ros2) by extension 'ignore'
[0.553s] Level 1:colcon.colcon_core.package_identification:_identify(src/book_ros2) by extension 'ignore_ament_install'
[0.554s] Level 1:colcon.colcon_core.package_identification:_identify(src/book_ros2) by extensions ['colcon_pkg']
[0.554s] Level 1:colcon.colcon_core.package_identification:_identify(src/book_ros2) by extension 'colcon_pkg'
[0.554s] Level 1:colcon.colcon_core.package_identification:_identify(src/book_ros2) by extensions ['colcon_meta']
[0.554s] Level 1:colcon.colcon_core.package_identification:_identify(src/book_ros2) by extension 'colcon_meta'
[0.554s] Level 1:colcon.colcon_core.package_identification:_identify(src/book_ros2) by extensions ['ros']
[0.554s] Level 1:colcon.colcon_core.package_identification:_identify(src/book_ros2) by extension 'ros'
[0.554s] Level 1:colcon.colcon_core.package_identification:_identify(src/book_ros2) by extensions ['cmake', 'python']
[0.554s] Level 1:colcon.colcon_core.package_identification:_identify(src/book_ros2) by extension 'cmake'
[0.554s] Level 1:colcon.colcon_core.package_identification:_identify(src/book_ros2) by extension 'python'
[0.554s] Level 1:colcon.colcon_core.package_identification:_identify(src/book_ros2) by extensions ['python_setup_py']
[0.554s] Level 1:colcon.colcon_core.package_identification:_identify(src/book_ros2) by extension 'python_setup_py'
[0.554s] Level 1:colcon.colcon_core.package_identification:_identify(src/book_ros2/br2_basics) by extensions ['ignore', 'ignore_ament_install']
[0.554s] Level 1:colcon.colcon_core.package_identification:_identify(src/book_ros2/br2_basics) by extension 'ignore'
[0.554s] Level 1:colcon.colcon_core.package_identification:_identify(src/book_ros2/br2_basics) by extension 'ignore_ament_install'
[0.554s] Level 1:colcon.colcon_core.package_identification:_identify(src/book_ros2/br2_basics) by extensions ['colcon_pkg']
[0.554s] Level 1:colcon.colcon_core.package_identification:_identify(src/book_ros2/br2_basics) by extension 'colcon_pkg'
[0.554s] Level 1:colcon.colcon_core.package_identification:_identify(src/book_ros2/br2_basics) by extensions ['colcon_meta']
[0.554s] Level 1:colcon.colcon_core.package_identification:_identify(src/book_ros2/br2_basics) by extension 'colcon_meta'
[0.555s] Level 1:colcon.colcon_core.package_identification:_identify(src/book_ros2/br2_basics) by extensions ['ros']
[0.555s] Level 1:colcon.colcon_core.package_identification:_identify(src/book_ros2/br2_basics) by extension 'ros'
[0.555s] DEBUG:colcon.colcon_core.package_identification:Package 'src/book_ros2/br2_basics' with type 'ros.ament_cmake' and name 'br2_basics'
[0.556s] Level 1:colcon.colcon_core.package_identification:_identify(src/book_ros2/br2_bt_bumpgo) by extensions ['ignore', 'ignore_ament_install']
[0.556s] Level 1:colcon.colcon_core.package_identification:_identify(src/book_ros2/br2_bt_bumpgo) by extension 'ignore'
[0.556s] Level 1:colcon.colcon_core.package_identification:_identify(src/book_ros2/br2_bt_bumpgo) by extension 'ignore_ament_install'
[0.556s] Level 1:colcon.colcon_core.package_identification:_identify(src/book_ros2/br2_bt_bumpgo) by extensions ['colcon_pkg']
[0.556s] Level 1:colcon.colcon_core.package_identification:_identify(src/book_ros2/br2_bt_bumpgo) by extension 'colcon_pkg'
[0.556s] Level 1:colcon.colcon_core.package_identification:_identify(src/book_ros2/br2_bt_bumpgo) by extensions ['colcon_meta']
[0.556s] Level 1:colcon.colcon_core.package_identification:_identify(src/book_ros2/br2_bt_bumpgo) by extension 'colcon_meta'
[0.556s] Level 1:colcon.colcon_core.package_identification:_identify(src/book_ros2/br2_bt_bumpgo) by extensions ['ros']
[0.556s] Level 1:colcon.colcon_core.package_identification:_identify(src/book_ros2/br2_bt_bumpgo) by extension 'ros'
[0.557s] DEBUG:colcon.colcon_core.package_identification:Package 'src/book_ros2/br2_bt_bumpgo' with type 'ros.ament_cmake' and name 'br2_bt_bumpgo'
[0.557s] Level 1:colcon.colcon_core.package_identification:_identify(src/book_ros2/br2_bt_patrolling) by extensions ['ignore', 'ignore_ament_install']
[0.557s] Level 1:colcon.colcon_core.package_identification:_identify(src/book_ros2/br2_bt_patrolling) by extension 'ignore'
[0.557s] Level 1:colcon.colcon_core.package_identification:_identify(src/book_ros2/br2_bt_patrolling) by extension 'ignore_ament_install'
[0.558s] Level 1:colcon.colcon_core.package_identification:_identify(src/book_ros2/br2_bt_patrolling) by extensions ['colcon_pkg']
[0.558s] Level 1:colcon.colcon_core.package_identification:_identify(src/book_ros2/br2_bt_patrolling) by extension 'colcon_pkg'
[0.558s] Level 1:colcon.colcon_core.package_identification:_identify(src/book_ros2/br2_bt_patrolling) by extensions ['colcon_meta']
[0.558s] Level 1:colcon.colcon_core.package_identification:_identify(src/book_ros2/br2_bt_patrolling) by extension 'colcon_meta'
[0.558s] Level 1:colcon.colcon_core.package_identification:_identify(src/book_ros2/br2_bt_patrolling) by extensions ['ros']
[0.558s] Level 1:colcon.colcon_core.package_identification:_identify(src/book_ros2/br2_bt_patrolling) by extension 'ros'
[0.559s] DEBUG:colcon.colcon_core.package_identification:Package 'src/book_ros2/br2_bt_patrolling' with type 'ros.ament_cmake' and name 'br2_bt_patrolling'
[0.560s] Level 1:colcon.colcon_core.package_identification:_identify(src/book_ros2/br2_fsm_bumpgo_cpp) by extensions ['ignore', 'ignore_ament_install']
[0.560s] Level 1:colcon.colcon_core.package_identification:_identify(src/book_ros2/br2_fsm_bumpgo_cpp) by extension 'ignore'
[0.560s] Level 1:colcon.colcon_core.package_identification:_identify(src/book_ros2/br2_fsm_bumpgo_cpp) by extension 'ignore_ament_install'
[0.560s] Level 1:colcon.colcon_core.package_identification:_identify(src/book_ros2/br2_fsm_bumpgo_cpp) by extensions ['colcon_pkg']
[0.560s] Level 1:colcon.colcon_core.package_identification:_identify(src/book_ros2/br2_fsm_bumpgo_cpp) by extension 'colcon_pkg'
[0.560s] Level 1:colcon.colcon_core.package_identification:_identify(src/book_ros2/br2_fsm_bumpgo_cpp) by extensions ['colcon_meta']
[0.560s] Level 1:colcon.colcon_core.package_identification:_identify(src/book_ros2/br2_fsm_bumpgo_cpp) by extension 'colcon_meta'
[0.560s] Level 1:colcon.colcon_core.package_identification:_identify(src/book_ros2/br2_fsm_bumpgo_cpp) by extensions ['ros']
[0.560s] Level 1:colcon.colcon_core.package_identification:_identify(src/book_ros2/br2_fsm_bumpgo_cpp) by extension 'ros'
[0.561s] DEBUG:colcon.colcon_core.package_identification:Package 'src/book_ros2/br2_fsm_bumpgo_cpp' with type 'ros.ament_cmake' and name 'br2_fsm_bumpgo_cpp'
[0.562s] Level 1:colcon.colcon_core.package_identification:_identify(src/book_ros2/br2_fsm_bumpgo_py) by extensions ['ignore', 'ignore_ament_install']
[0.562s] Level 1:colcon.colcon_core.package_identification:_identify(src/book_ros2/br2_fsm_bumpgo_py) by extension 'ignore'
[0.562s] Level 1:colcon.colcon_core.package_identification:_identify(src/book_ros2/br2_fsm_bumpgo_py) by extension 'ignore_ament_install'
[0.562s] Level 1:colcon.colcon_core.package_identification:_identify(src/book_ros2/br2_fsm_bumpgo_py) by extensions ['colcon_pkg']
[0.562s] Level 1:colcon.colcon_core.package_identification:_identify(src/book_ros2/br2_fsm_bumpgo_py) by extension 'colcon_pkg'
[0.562s] Level 1:colcon.colcon_core.package_identification:_identify(src/book_ros2/br2_fsm_bumpgo_py) by extensions ['colcon_meta']
[0.562s] Level 1:colcon.colcon_core.package_identification:_identify(src/book_ros2/br2_fsm_bumpgo_py) by extension 'colcon_meta'
[0.562s] Level 1:colcon.colcon_core.package_identification:_identify(src/book_ros2/br2_fsm_bumpgo_py) by extensions ['ros']
[0.562s] Level 1:colcon.colcon_core.package_identification:_identify(src/book_ros2/br2_fsm_bumpgo_py) by extension 'ros'
[0.563s] DEBUG:colcon.colcon_core.package_identification:Package 'src/book_ros2/br2_fsm_bumpgo_py' with type 'ros.ament_python' and name 'br2_fsm_bumpgo_py'
[0.564s] Level 1:colcon.colcon_core.package_identification:_identify(src/book_ros2/br2_navigation) by extensions ['ignore', 'ignore_ament_install']
[0.564s] Level 1:colcon.colcon_core.package_identification:_identify(src/book_ros2/br2_navigation) by extension 'ignore'
[0.564s] Level 1:colcon.colcon_core.package_identification:_identify(src/book_ros2/br2_navigation) by extension 'ignore_ament_install'
[0.564s] Level 1:colcon.colcon_core.package_identification:_identify(src/book_ros2/br2_navigation) by extensions ['colcon_pkg']
[0.564s] Level 1:colcon.colcon_core.package_identification:_identify(src/book_ros2/br2_navigation) by extension 'colcon_pkg'
[0.564s] Level 1:colcon.colcon_core.package_identification:_identify(src/book_ros2/br2_navigation) by extensions ['colcon_meta']
[0.564s] Level 1:colcon.colcon_core.package_identification:_identify(src/book_ros2/br2_navigation) by extension 'colcon_meta'
[0.564s] Level 1:colcon.colcon_core.package_identification:_identify(src/book_ros2/br2_navigation) by extensions ['ros']
[0.564s] Level 1:colcon.colcon_core.package_identification:_identify(src/book_ros2/br2_navigation) by extension 'ros'
[0.565s] DEBUG:colcon.colcon_core.package_identification:Package 'src/book_ros2/br2_navigation' with type 'ros.ament_cmake' and name 'br2_navigation'
[0.565s] Level 1:colcon.colcon_core.package_identification:_identify(src/book_ros2/br2_tf2_detector) by extensions ['ignore', 'ignore_ament_install']
[0.566s] Level 1:colcon.colcon_core.package_identification:_identify(src/book_ros2/br2_tf2_detector) by extension 'ignore'
[0.566s] Level 1:colcon.colcon_core.package_identification:_identify(src/book_ros2/br2_tf2_detector) by extension 'ignore_ament_install'
[0.566s] Level 1:colcon.colcon_core.package_identification:_identify(src/book_ros2/br2_tf2_detector) by extensions ['colcon_pkg']
[0.566s] Level 1:colcon.colcon_core.package_identification:_identify(src/book_ros2/br2_tf2_detector) by extension 'colcon_pkg'
[0.566s] Level 1:colcon.colcon_core.package_identification:_identify(src/book_ros2/br2_tf2_detector) by extensions ['colcon_meta']
[0.566s] Level 1:colcon.colcon_core.package_identification:_identify(src/book_ros2/br2_tf2_detector) by extension 'colcon_meta'
[0.566s] Level 1:colcon.colcon_core.package_identification:_identify(src/book_ros2/br2_tf2_detector) by extensions ['ros']
[0.566s] Level 1:colcon.colcon_core.package_identification:_identify(src/book_ros2/br2_tf2_detector) by extension 'ros'
[0.567s] DEBUG:colcon.colcon_core.package_identification:Package 'src/book_ros2/br2_tf2_detector' with type 'ros.ament_cmake' and name 'br2_tf2_detector'
[0.568s] Level 1:colcon.colcon_core.package_identification:_identify(src/book_ros2/br2_tiago) by extensions ['ignore', 'ignore_ament_install']
[0.568s] Level 1:colcon.colcon_core.package_identification:_identify(src/book_ros2/br2_tiago) by extension 'ignore'
[0.568s] Level 1:colcon.colcon_core.package_identification:_identify(src/book_ros2/br2_tiago) by extension 'ignore_ament_install'
[0.568s] Level 1:colcon.colcon_core.package_identification:_identify(src/book_ros2/br2_tiago) by extensions ['colcon_pkg']
[0.568s] Level 1:colcon.colcon_core.package_identification:_identify(src/book_ros2/br2_tiago) by extension 'colcon_pkg'
[0.568s] Level 1:colcon.colcon_core.package_identification:_identify(src/book_ros2/br2_tiago) by extensions ['colcon_meta']
[0.568s] Level 1:colcon.colcon_core.package_identification:_identify(src/book_ros2/br2_tiago) by extension 'colcon_meta'
[0.568s] Level 1:colcon.colcon_core.package_identification:_identify(src/book_ros2/br2_tiago) by extensions ['ros']
[0.568s] Level 1:colcon.colcon_core.package_identification:_identify(src/book_ros2/br2_tiago) by extension 'ros'
[0.569s] DEBUG:colcon.colcon_core.package_identification:Package 'src/book_ros2/br2_tiago' with type 'ros.ament_cmake' and name 'br2_tiago'
[0.570s] Level 1:colcon.colcon_core.package_identification:_identify(src/book_ros2/br2_tracking) by extensions ['ignore', 'ignore_ament_install']
[0.570s] Level 1:colcon.colcon_core.package_identification:_identify(src/book_ros2/br2_tracking) by extension 'ignore'
[0.570s] Level 1:colcon.colcon_core.package_identification:_identify(src/book_ros2/br2_tracking) by extension 'ignore_ament_install'
[0.570s] Level 1:colcon.colcon_core.package_identification:_identify(src/book_ros2/br2_tracking) by extensions ['colcon_pkg']
[0.570s] Level 1:colcon.colcon_core.package_identification:_identify(src/book_ros2/br2_tracking) by extension 'colcon_pkg'
[0.570s] Level 1:colcon.colcon_core.package_identification:_identify(src/book_ros2/br2_tracking) by extensions ['colcon_meta']
[0.570s] Level 1:colcon.colcon_core.package_identification:_identify(src/book_ros2/br2_tracking) by extension 'colcon_meta'
[0.570s] Level 1:colcon.colcon_core.package_identification:_identify(src/book_ros2/br2_tracking) by extensions ['ros']
[0.570s] Level 1:colcon.colcon_core.package_identification:_identify(src/book_ros2/br2_tracking) by extension 'ros'
[0.571s] DEBUG:colcon.colcon_core.package_identification:Package 'src/book_ros2/br2_tracking' with type 'ros.ament_cmake' and name 'br2_tracking'
[0.572s] Level 1:colcon.colcon_core.package_identification:_identify(src/book_ros2/br2_tracking_msgs) by extensions ['ignore', 'ignore_ament_install']
[0.572s] Level 1:colcon.colcon_core.package_identification:_identify(src/book_ros2/br2_tracking_msgs) by extension 'ignore'
[0.572s] Level 1:colcon.colcon_core.package_identification:_identify(src/book_ros2/br2_tracking_msgs) by extension 'ignore_ament_install'
[0.572s] Level 1:colcon.colcon_core.package_identification:_identify(src/book_ros2/br2_tracking_msgs) by extensions ['colcon_pkg']
[0.572s] Level 1:colcon.colcon_core.package_identification:_identify(src/book_ros2/br2_tracking_msgs) by extension 'colcon_pkg'
[0.572s] Level 1:colcon.colcon_core.package_identification:_identify(src/book_ros2/br2_tracking_msgs) by extensions ['colcon_meta']
[0.572s] Level 1:colcon.colcon_core.package_identification:_identify(src/book_ros2/br2_tracking_msgs) by extension 'colcon_meta'
[0.572s] Level 1:colcon.colcon_core.package_identification:_identify(src/book_ros2/br2_tracking_msgs) by extensions ['ros']
[0.572s] Level 1:colcon.colcon_core.package_identification:_identify(src/book_ros2/br2_tracking_msgs) by extension 'ros'
[0.573s] DEBUG:colcon.colcon_core.package_identification:Package 'src/book_ros2/br2_tracking_msgs' with type 'ros.ament_cmake' and name 'br2_tracking_msgs'
[0.573s] Level 1:colcon.colcon_core.package_identification:_identify(src/book_ros2/br2_vff_avoidance) by extensions ['ignore', 'ignore_ament_install']
[0.574s] Level 1:colcon.colcon_core.package_identification:_identify(src/book_ros2/br2_vff_avoidance) by extension 'ignore'
[0.574s] Level 1:colcon.colcon_core.package_identification:_identify(src/book_ros2/br2_vff_avoidance) by extension 'ignore_ament_install'
[0.574s] Level 1:colcon.colcon_core.package_identification:_identify(src/book_ros2/br2_vff_avoidance) by extensions ['colcon_pkg']
[0.574s] Level 1:colcon.colcon_core.package_identification:_identify(src/book_ros2/br2_vff_avoidance) by extension 'colcon_pkg'
[0.574s] Level 1:colcon.colcon_core.package_identification:_identify(src/book_ros2/br2_vff_avoidance) by extensions ['colcon_meta']
[0.574s] Level 1:colcon.colcon_core.package_identification:_identify(src/book_ros2/br2_vff_avoidance) by extension 'colcon_meta'
[0.574s] Level 1:colcon.colcon_core.package_identification:_identify(src/book_ros2/br2_vff_avoidance) by extensions ['ros']
[0.574s] Level 1:colcon.colcon_core.package_identification:_identify(src/book_ros2/br2_vff_avoidance) by extension 'ros'
[0.575s] DEBUG:colcon.colcon_core.package_identification:Package 'src/book_ros2/br2_vff_avoidance' with type 'ros.ament_cmake' and name 'br2_vff_avoidance'
[0.575s] Level 1:colcon.colcon_core.package_identification:_identify(src/task1) by extensions ['ignore', 'ignore_ament_install']
[0.575s] Level 1:colcon.colcon_core.package_identification:_identify(src/task1) by extension 'ignore'
[0.576s] Level 1:colcon.colcon_core.package_identification:_identify(src/task1) by extension 'ignore_ament_install'
[0.576s] Level 1:colcon.colcon_core.package_identification:_identify(src/task1) by extensions ['colcon_pkg']
[0.576s] Level 1:colcon.colcon_core.package_identification:_identify(src/task1) by extension 'colcon_pkg'
[0.576s] Level 1:colcon.colcon_core.package_identification:_identify(src/task1) by extensions ['colcon_meta']
[0.576s] Level 1:colcon.colcon_core.package_identification:_identify(src/task1) by extension 'colcon_meta'
[0.576s] Level 1:colcon.colcon_core.package_identification:_identify(src/task1) by extensions ['ros']
[0.576s] Level 1:colcon.colcon_core.package_identification:_identify(src/task1) by extension 'ros'
[0.577s] DEBUG:colcon.colcon_core.package_identification:Package 'src/task1' with type 'ros.ament_cmake' and name 'task1'
[0.577s] Level 1:colcon.colcon_core.package_discovery:discover_packages(recursive) using defaults
[0.578s] Level 1:colcon.colcon_core.package_discovery:discover_packages(ignore) discover
[0.578s] Level 1:colcon.colcon_core.package_discovery:discover_packages(ignore) using defaults
[0.578s] Level 1:colcon.colcon_core.package_discovery:discover_packages(path) discover
[0.578s] Level 1:colcon.colcon_core.package_discovery:discover_packages(path) using defaults
[0.628s] Level 1:colcon.colcon_core.package_discovery:discover_packages(prefix_path) check parameters
[0.628s] Level 1:colcon.colcon_core.package_discovery:discover_packages(prefix_path) discover
[0.631s] DEBUG:colcon.colcon_installed_package_information.package_discovery:Found 274 installed packages in /opt/ros/foxy
[0.633s] Level 1:colcon.colcon_core.package_discovery:discover_packages(prefix_path) using defaults
[0.705s] Level 5:colcon.colcon_core.verb:set package 'br2_basics' build argument 'cmake_args' from command line to 'None'
[0.706s] Level 5:colcon.colcon_core.verb:set package 'br2_basics' build argument 'cmake_target' from command line to 'None'
[0.706s] Level 5:colcon.colcon_core.verb:set package 'br2_basics' build argument 'cmake_target_skip_unavailable' from command line to 'False'
[0.706s] Level 5:colcon.colcon_core.verb:set package 'br2_basics' build argument 'cmake_clean_cache' from command line to 'False'
[0.706s] Level 5:colcon.colcon_core.verb:set package 'br2_basics' build argument 'cmake_clean_first' from command line to 'False'
[0.706s] Level 5:colcon.colcon_core.verb:set package 'br2_basics' build argument 'cmake_force_configure' from command line to 'False'
[0.706s] Level 5:colcon.colcon_core.verb:set package 'br2_basics' build argument 'ament_cmake_args' from command line to 'None'
[0.706s] Level 5:colcon.colcon_core.verb:set package 'br2_basics' build argument 'catkin_cmake_args' from command line to 'None'
[0.706s] Level 5:colcon.colcon_core.verb:set package 'br2_basics' build argument 'catkin_skip_building_tests' from command line to 'False'
[0.706s] DEBUG:colcon.colcon_core.verb:Building package 'br2_basics' with the following arguments: {'ament_cmake_args': None, 'build_base': '/home/khaledob/bookros2_ws/build/br2_basics', 'catkin_cmake_args': None, 'catkin_skip_building_tests': False, 'cmake_args': None, 'cmake_clean_cache': False, 'cmake_clean_first': False, 'cmake_force_configure': False, 'cmake_target': None, 'cmake_target_skip_unavailable': False, 'install_base': '/home/khaledob/bookros2_ws/install/br2_basics', 'merge_install': False, 'path': '/home/khaledob/bookros2_ws/src/book_ros2/br2_basics', 'symlink_install': True, 'test_result_base': None}
[0.707s] Level 5:colcon.colcon_core.verb:set package 'br2_bt_bumpgo' build argument 'cmake_args' from command line to 'None'
[0.707s] Level 5:colcon.colcon_core.verb:set package 'br2_bt_bumpgo' build argument 'cmake_target' from command line to 'None'
[0.707s] Level 5:colcon.colcon_core.verb:set package 'br2_bt_bumpgo' build argument 'cmake_target_skip_unavailable' from command line to 'False'
[0.707s] Level 5:colcon.colcon_core.verb:set package 'br2_bt_bumpgo' build argument 'cmake_clean_cache' from command line to 'False'
[0.707s] Level 5:colcon.colcon_core.verb:set package 'br2_bt_bumpgo' build argument 'cmake_clean_first' from command line to 'False'
[0.707s] Level 5:colcon.colcon_core.verb:set package 'br2_bt_bumpgo' build argument 'cmake_force_configure' from command line to 'False'
[0.707s] Level 5:colcon.colcon_core.verb:set package 'br2_bt_bumpgo' build argument 'ament_cmake_args' from command line to 'None'
[0.707s] Level 5:colcon.colcon_core.verb:set package 'br2_bt_bumpgo' build argument 'catkin_cmake_args' from command line to 'None'
[0.707s] Level 5:colcon.colcon_core.verb:set package 'br2_bt_bumpgo' build argument 'catkin_skip_building_tests' from command line to 'False'
[0.707s] DEBUG:colcon.colcon_core.verb:Building package 'br2_bt_bumpgo' with the following arguments: {'ament_cmake_args': None, 'build_base': '/home/khaledob/bookros2_ws/build/br2_bt_bumpgo', 'catkin_cmake_args': None, 'catkin_skip_building_tests': False, 'cmake_args': None, 'cmake_clean_cache': False, 'cmake_clean_first': False, 'cmake_force_configure': False, 'cmake_target': None, 'cmake_target_skip_unavailable': False, 'install_base': '/home/khaledob/bookros2_ws/install/br2_bt_bumpgo', 'merge_install': False, 'path': '/home/khaledob/bookros2_ws/src/book_ros2/br2_bt_bumpgo', 'symlink_install': True, 'test_result_base': None}
[0.708s] Level 5:colcon.colcon_core.verb:set package 'br2_bt_patrolling' build argument 'cmake_args' from command line to 'None'
[0.708s] Level 5:colcon.colcon_core.verb:set package 'br2_bt_patrolling' build argument 'cmake_target' from command line to 'None'
[0.708s] Level 5:colcon.colcon_core.verb:set package 'br2_bt_patrolling' build argument 'cmake_target_skip_unavailable' from command line to 'False'
[0.708s] Level 5:colcon.colcon_core.verb:set package 'br2_bt_patrolling' build argument 'cmake_clean_cache' from command line to 'False'
[0.708s] Level 5:colcon.colcon_core.verb:set package 'br2_bt_patrolling' build argument 'cmake_clean_first' from command line to 'False'
[0.708s] Level 5:colcon.colcon_core.verb:set package 'br2_bt_patrolling' build argument 'cmake_force_configure' from command line to 'False'
[0.708s] Level 5:colcon.colcon_core.verb:set package 'br2_bt_patrolling' build argument 'ament_cmake_args' from command line to 'None'
[0.708s] Level 5:colcon.colcon_core.verb:set package 'br2_bt_patrolling' build argument 'catkin_cmake_args' from command line to 'None'
[0.708s] Level 5:colcon.colcon_core.verb:set package 'br2_bt_patrolling' build argument 'catkin_skip_building_tests' from command line to 'False'
[0.708s] DEBUG:colcon.colcon_core.verb:Building package 'br2_bt_patrolling' with the following arguments: {'ament_cmake_args': None, 'build_base': '/home/khaledob/bookros2_ws/build/br2_bt_patrolling', 'catkin_cmake_args': None, 'catkin_skip_building_tests': False, 'cmake_args': None, 'cmake_clean_cache': False, 'cmake_clean_first': False, 'cmake_force_configure': False, 'cmake_target': None, 'cmake_target_skip_unavailable': False, 'install_base': '/home/khaledob/bookros2_ws/install/br2_bt_patrolling', 'merge_install': False, 'path': '/home/khaledob/bookros2_ws/src/book_ros2/br2_bt_patrolling', 'symlink_install': True, 'test_result_base': None}
[0.709s] Level 5:colcon.colcon_core.verb:set package 'br2_fsm_bumpgo_cpp' build argument 'cmake_args' from command line to 'None'
[0.709s] Level 5:colcon.colcon_core.verb:set package 'br2_fsm_bumpgo_cpp' build argument 'cmake_target' from command line to 'None'
[0.709s] Level 5:colcon.colcon_core.verb:set package 'br2_fsm_bumpgo_cpp' build argument 'cmake_target_skip_unavailable' from command line to 'False'
[0.709s] Level 5:colcon.colcon_core.verb:set package 'br2_fsm_bumpgo_cpp' build argument 'cmake_clean_cache' from command line to 'False'
[0.709s] Level 5:colcon.colcon_core.verb:set package 'br2_fsm_bumpgo_cpp' build argument 'cmake_clean_first' from command line to 'False'
[0.709s] Level 5:colcon.colcon_core.verb:set package 'br2_fsm_bumpgo_cpp' build argument 'cmake_force_configure' from command line to 'False'
[0.709s] Level 5:colcon.colcon_core.verb:set package 'br2_fsm_bumpgo_cpp' build argument 'ament_cmake_args' from command line to 'None'
[0.710s] Level 5:colcon.colcon_core.verb:set package 'br2_fsm_bumpgo_cpp' build argument 'catkin_cmake_args' from command line to 'None'
[0.710s] Level 5:colcon.colcon_core.verb:set package 'br2_fsm_bumpgo_cpp' build argument 'catkin_skip_building_tests' from command line to 'False'
[0.710s] DEBUG:colcon.colcon_core.verb:Building package 'br2_fsm_bumpgo_cpp' with the following arguments: {'ament_cmake_args': None, 'build_base': '/home/khaledob/bookros2_ws/build/br2_fsm_bumpgo_cpp', 'catkin_cmake_args': None, 'catkin_skip_building_tests': False, 'cmake_args': None, 'cmake_clean_cache': False, 'cmake_clean_first': False, 'cmake_force_configure': False, 'cmake_target': None, 'cmake_target_skip_unavailable': False, 'install_base': '/home/khaledob/bookros2_ws/install/br2_fsm_bumpgo_cpp', 'merge_install': False, 'path': '/home/khaledob/bookros2_ws/src/book_ros2/br2_fsm_bumpgo_cpp', 'symlink_install': True, 'test_result_base': None}
[0.710s] Level 5:colcon.colcon_core.verb:set package 'br2_fsm_bumpgo_py' build argument 'cmake_args' from command line to 'None'
[0.710s] Level 5:colcon.colcon_core.verb:set package 'br2_fsm_bumpgo_py' build argument 'cmake_target' from command line to 'None'
[0.710s] Level 5:colcon.colcon_core.verb:set package 'br2_fsm_bumpgo_py' build argument 'cmake_target_skip_unavailable' from command line to 'False'
[0.710s] Level 5:colcon.colcon_core.verb:set package 'br2_fsm_bumpgo_py' build argument 'cmake_clean_cache' from command line to 'False'
[0.710s] Level 5:colcon.colcon_core.verb:set package 'br2_fsm_bumpgo_py' build argument 'cmake_clean_first' from command line to 'False'
[0.710s] Level 5:colcon.colcon_core.verb:set package 'br2_fsm_bumpgo_py' build argument 'cmake_force_configure' from command line to 'False'
[0.711s] Level 5:colcon.colcon_core.verb:set package 'br2_fsm_bumpgo_py' build argument 'ament_cmake_args' from command line to 'None'
[0.711s] Level 5:colcon.colcon_core.verb:set package 'br2_fsm_bumpgo_py' build argument 'catkin_cmake_args' from command line to 'None'
[0.711s] Level 5:colcon.colcon_core.verb:set package 'br2_fsm_bumpgo_py' build argument 'catkin_skip_building_tests' from command line to 'False'
[0.711s] DEBUG:colcon.colcon_core.verb:Building package 'br2_fsm_bumpgo_py' with the following arguments: {'ament_cmake_args': None, 'build_base': '/home/khaledob/bookros2_ws/build/br2_fsm_bumpgo_py', 'catkin_cmake_args': None, 'catkin_skip_building_tests': False, 'cmake_args': None, 'cmake_clean_cache': False, 'cmake_clean_first': False, 'cmake_force_configure': False, 'cmake_target': None, 'cmake_target_skip_unavailable': False, 'install_base': '/home/khaledob/bookros2_ws/install/br2_fsm_bumpgo_py', 'merge_install': False, 'path': '/home/khaledob/bookros2_ws/src/book_ros2/br2_fsm_bumpgo_py', 'symlink_install': True, 'test_result_base': None}
[0.711s] Level 5:colcon.colcon_core.verb:set package 'br2_navigation' build argument 'cmake_args' from command line to 'None'
[0.711s] Level 5:colcon.colcon_core.verb:set package 'br2_navigation' build argument 'cmake_target' from command line to 'None'
[0.711s] Level 5:colcon.colcon_core.verb:set package 'br2_navigation' build argument 'cmake_target_skip_unavailable' from command line to 'False'
[0.711s] Level 5:colcon.colcon_core.verb:set package 'br2_navigation' build argument 'cmake_clean_cache' from command line to 'False'
[0.711s] Level 5:colcon.colcon_core.verb:set package 'br2_navigation' build argument 'cmake_clean_first' from command line to 'False'
[0.711s] Level 5:colcon.colcon_core.verb:set package 'br2_navigation' build argument 'cmake_force_configure' from command line to 'False'
[0.711s] Level 5:colcon.colcon_core.verb:set package 'br2_navigation' build argument 'ament_cmake_args' from command line to 'None'
[0.711s] Level 5:colcon.colcon_core.verb:set package 'br2_navigation' build argument 'catkin_cmake_args' from command line to 'None'
[0.711s] Level 5:colcon.colcon_core.verb:set package 'br2_navigation' build argument 'catkin_skip_building_tests' from command line to 'False'
[0.711s] DEBUG:colcon.colcon_core.verb:Building package 'br2_navigation' with the following arguments: {'ament_cmake_args': None, 'build_base': '/home/khaledob/bookros2_ws/build/br2_navigation', 'catkin_cmake_args': None, 'catkin_skip_building_tests': False, 'cmake_args': None, 'cmake_clean_cache': False, 'cmake_clean_first': False, 'cmake_force_configure': False, 'cmake_target': None, 'cmake_target_skip_unavailable': False, 'install_base': '/home/khaledob/bookros2_ws/install/br2_navigation', 'merge_install': False, 'path': '/home/khaledob/bookros2_ws/src/book_ros2/br2_navigation', 'symlink_install': True, 'test_result_base': None}
[0.712s] Level 5:colcon.colcon_core.verb:set package 'br2_tf2_detector' build argument 'cmake_args' from command line to 'None'
[0.712s] Level 5:colcon.colcon_core.verb:set package 'br2_tf2_detector' build argument 'cmake_target' from command line to 'None'
[0.712s] Level 5:colcon.colcon_core.verb:set package 'br2_tf2_detector' build argument 'cmake_target_skip_unavailable' from command line to 'False'
[0.712s] Level 5:colcon.colcon_core.verb:set package 'br2_tf2_detector' build argument 'cmake_clean_cache' from command line to 'False'
[0.712s] Level 5:colcon.colcon_core.verb:set package 'br2_tf2_detector' build argument 'cmake_clean_first' from command line to 'False'
[0.712s] Level 5:colcon.colcon_core.verb:set package 'br2_tf2_detector' build argument 'cmake_force_configure' from command line to 'False'
[0.712s] Level 5:colcon.colcon_core.verb:set package 'br2_tf2_detector' build argument 'ament_cmake_args' from command line to 'None'
[0.712s] Level 5:colcon.colcon_core.verb:set package 'br2_tf2_detector' build argument 'catkin_cmake_args' from command line to 'None'
[0.712s] Level 5:colcon.colcon_core.verb:set package 'br2_tf2_detector' build argument 'catkin_skip_building_tests' from command line to 'False'
[0.713s] DEBUG:colcon.colcon_core.verb:Building package 'br2_tf2_detector' with the following arguments: {'ament_cmake_args': None, 'build_base': '/home/khaledob/bookros2_ws/build/br2_tf2_detector', 'catkin_cmake_args': None, 'catkin_skip_building_tests': False, 'cmake_args': None, 'cmake_clean_cache': False, 'cmake_clean_first': False, 'cmake_force_configure': False, 'cmake_target': None, 'cmake_target_skip_unavailable': False, 'install_base': '/home/khaledob/bookros2_ws/install/br2_tf2_detector', 'merge_install': False, 'path': '/home/khaledob/bookros2_ws/src/book_ros2/br2_tf2_detector', 'symlink_install': True, 'test_result_base': None}
[0.713s] Level 5:colcon.colcon_core.verb:set package 'br2_tiago' build argument 'cmake_args' from command line to 'None'
[0.713s] Level 5:colcon.colcon_core.verb:set package 'br2_tiago' build argument 'cmake_target' from command line to 'None'
[0.713s] Level 5:colcon.colcon_core.verb:set package 'br2_tiago' build argument 'cmake_target_skip_unavailable' from command line to 'False'
[0.713s] Level 5:colcon.colcon_core.verb:set package 'br2_tiago' build argument 'cmake_clean_cache' from command line to 'False'
[0.713s] Level 5:colcon.colcon_core.verb:set package 'br2_tiago' build argument 'cmake_clean_first' from command line to 'False'
[0.713s] Level 5:colcon.colcon_core.verb:set package 'br2_tiago' build argument 'cmake_force_configure' from command line to 'False'
[0.713s] Level 5:colcon.colcon_core.verb:set package 'br2_tiago' build argument 'ament_cmake_args' from command line to 'None'
[0.713s] Level 5:colcon.colcon_core.verb:set package 'br2_tiago' build argument 'catkin_cmake_args' from command line to 'None'
[0.714s] Level 5:colcon.colcon_core.verb:set package 'br2_tiago' build argument 'catkin_skip_building_tests' from command line to 'False'
[0.714s] DEBUG:colcon.colcon_core.verb:Building package 'br2_tiago' with the following arguments: {'ament_cmake_args': None, 'build_base': '/home/khaledob/bookros2_ws/build/br2_tiago', 'catkin_cmake_args': None, 'catkin_skip_building_tests': False, 'cmake_args': None, 'cmake_clean_cache': False, 'cmake_clean_first': False, 'cmake_force_configure': False, 'cmake_target': None, 'cmake_target_skip_unavailable': False, 'install_base': '/home/khaledob/bookros2_ws/install/br2_tiago', 'merge_install': False, 'path': '/home/khaledob/bookros2_ws/src/book_ros2/br2_tiago', 'symlink_install': True, 'test_result_base': None}
[0.714s] Level 5:colcon.colcon_core.verb:set package 'br2_tracking_msgs' build argument 'cmake_args' from command line to 'None'
[0.714s] Level 5:colcon.colcon_core.verb:set package 'br2_tracking_msgs' build argument 'cmake_target' from command line to 'None'
[0.714s] Level 5:colcon.colcon_core.verb:set package 'br2_tracking_msgs' build argument 'cmake_target_skip_unavailable' from command line to 'False'
[0.714s] Level 5:colcon.colcon_core.verb:set package 'br2_tracking_msgs' build argument 'cmake_clean_cache' from command line to 'False'
[0.714s] Level 5:colcon.colcon_core.verb:set package 'br2_tracking_msgs' build argument 'cmake_clean_first' from command line to 'False'
[0.714s] Level 5:colcon.colcon_core.verb:set package 'br2_tracking_msgs' build argument 'cmake_force_configure' from command line to 'False'
[0.714s] Level 5:colcon.colcon_core.verb:set package 'br2_tracking_msgs' build argument 'ament_cmake_args' from command line to 'None'
[0.714s] Level 5:colcon.colcon_core.verb:set package 'br2_tracking_msgs' build argument 'catkin_cmake_args' from command line to 'None'
[0.714s] Level 5:colcon.colcon_core.verb:set package 'br2_tracking_msgs' build argument 'catkin_skip_building_tests' from command line to 'False'
[0.714s] DEBUG:colcon.colcon_core.verb:Building package 'br2_tracking_msgs' with the following arguments: {'ament_cmake_args': None, 'build_base': '/home/khaledob/bookros2_ws/build/br2_tracking_msgs', 'catkin_cmake_args': None, 'catkin_skip_building_tests': False, 'cmake_args': None, 'cmake_clean_cache': False, 'cmake_clean_first': False, 'cmake_force_configure': False, 'cmake_target': None, 'cmake_target_skip_unavailable': False, 'install_base': '/home/khaledob/bookros2_ws/install/br2_tracking_msgs', 'merge_install': False, 'path': '/home/khaledob/bookros2_ws/src/book_ros2/br2_tracking_msgs', 'symlink_install': True, 'test_result_base': None}
[0.715s] Level 5:colcon.colcon_core.verb:set package 'br2_vff_avoidance' build argument 'cmake_args' from command line to 'None'
[0.715s] Level 5:colcon.colcon_core.verb:set package 'br2_vff_avoidance' build argument 'cmake_target' from command line to 'None'
[0.715s] Level 5:colcon.colcon_core.verb:set package 'br2_vff_avoidance' build argument 'cmake_target_skip_unavailable' from command line to 'False'
[0.715s] Level 5:colcon.colcon_core.verb:set package 'br2_vff_avoidance' build argument 'cmake_clean_cache' from command line to 'False'
[0.715s] Level 5:colcon.colcon_core.verb:set package 'br2_vff_avoidance' build argument 'cmake_clean_first' from command line to 'False'
[0.715s] Level 5:colcon.colcon_core.verb:set package 'br2_vff_avoidance' build argument 'cmake_force_configure' from command line to 'False'
[0.715s] Level 5:colcon.colcon_core.verb:set package 'br2_vff_avoidance' build argument 'ament_cmake_args' from command line to 'None'
[0.715s] Level 5:colcon.colcon_core.verb:set package 'br2_vff_avoidance' build argument 'catkin_cmake_args' from command line to 'None'
[0.715s] Level 5:colcon.colcon_core.verb:set package 'br2_vff_avoidance' build argument 'catkin_skip_building_tests' from command line to 'False'
[0.715s] DEBUG:colcon.colcon_core.verb:Building package 'br2_vff_avoidance' with the following arguments: {'ament_cmake_args': None, 'build_base': '/home/khaledob/bookros2_ws/build/br2_vff_avoidance', 'catkin_cmake_args': None, 'catkin_skip_building_tests': False, 'cmake_args': None, 'cmake_clean_cache': False, 'cmake_clean_first': False, 'cmake_force_configure': False, 'cmake_target': None, 'cmake_target_skip_unavailable': False, 'install_base': '/home/khaledob/bookros2_ws/install/br2_vff_avoidance', 'merge_install': False, 'path': '/home/khaledob/bookros2_ws/src/book_ros2/br2_vff_avoidance', 'symlink_install': True, 'test_result_base': None}
[0.716s] Level 5:colcon.colcon_core.verb:set package 'controller_manager_msgs' build argument 'cmake_args' from command line to 'None'
[0.716s] Level 5:colcon.colcon_core.verb:set package 'controller_manager_msgs' build argument 'cmake_target' from command line to 'None'
[0.716s] Level 5:colcon.colcon_core.verb:set package 'controller_manager_msgs' build argument 'cmake_target_skip_unavailable' from command line to 'False'
[0.716s] Level 5:colcon.colcon_core.verb:set package 'controller_manager_msgs' build argument 'cmake_clean_cache' from command line to 'False'
[0.716s] Level 5:colcon.colcon_core.verb:set package 'controller_manager_msgs' build argument 'cmake_clean_first' from command line to 'False'
[0.716s] Level 5:colcon.colcon_core.verb:set package 'controller_manager_msgs' build argument 'cmake_force_configure' from command line to 'False'
[0.716s] Level 5:colcon.colcon_core.verb:set package 'controller_manager_msgs' build argument 'ament_cmake_args' from command line to 'None'
[0.716s] Level 5:colcon.colcon_core.verb:set package 'controller_manager_msgs' build argument 'catkin_cmake_args' from command line to 'None'
[0.716s] Level 5:colcon.colcon_core.verb:set package 'controller_manager_msgs' build argument 'catkin_skip_building_tests' from command line to 'False'
[0.716s] DEBUG:colcon.colcon_core.verb:Building package 'controller_manager_msgs' with the following arguments: {'ament_cmake_args': None, 'build_base': '/home/khaledob/bookros2_ws/build/controller_manager_msgs', 'catkin_cmake_args': None, 'catkin_skip_building_tests': False, 'cmake_args': None, 'cmake_clean_cache': False, 'cmake_clean_first': False, 'cmake_force_configure': False, 'cmake_target': None, 'cmake_target_skip_unavailable': False, 'install_base': '/home/khaledob/bookros2_ws/install/controller_manager_msgs', 'merge_install': False, 'path': '/home/khaledob/bookros2_ws/src/ThirdParty/ros2_control/controller_manager_msgs', 'symlink_install': True, 'test_result_base': None}
[0.716s] Level 5:colcon.colcon_core.verb:set package 'groot' build argument 'cmake_args' from command line to 'None'
[0.716s] Level 5:colcon.colcon_core.verb:set package 'groot' build argument 'cmake_target' from command line to 'None'
[0.716s] Level 5:colcon.colcon_core.verb:set package 'groot' build argument 'cmake_target_skip_unavailable' from command line to 'False'
[0.716s] Level 5:colcon.colcon_core.verb:set package 'groot' build argument 'cmake_clean_cache' from command line to 'False'
[0.716s] Level 5:colcon.colcon_core.verb:set package 'groot' build argument 'cmake_clean_first' from command line to 'False'
[0.716s] Level 5:colcon.colcon_core.verb:set package 'groot' build argument 'cmake_force_configure' from command line to 'False'
[0.716s] Level 5:colcon.colcon_core.verb:set package 'groot' build argument 'ament_cmake_args' from command line to 'None'
[0.717s] Level 5:colcon.colcon_core.verb:set package 'groot' build argument 'catkin_cmake_args' from command line to 'None'
[0.717s] Level 5:colcon.colcon_core.verb:set package 'groot' build argument 'catkin_skip_building_tests' from command line to 'False'
[0.717s] DEBUG:colcon.colcon_core.verb:Building package 'groot' with the following arguments: {'ament_cmake_args': None, 'build_base': '/home/khaledob/bookros2_ws/build/groot', 'catkin_cmake_args': None, 'catkin_skip_building_tests': False, 'cmake_args': None, 'cmake_clean_cache': False, 'cmake_clean_first': False, 'cmake_force_configure': False, 'cmake_target': None, 'cmake_target_skip_unavailable': False, 'install_base': '/home/khaledob/bookros2_ws/install/groot', 'merge_install': False, 'path': '/home/khaledob/bookros2_ws/src/ThirdParty/Groot', 'symlink_install': True, 'test_result_base': None}
[0.717s] Level 5:colcon.colcon_core.verb:set package 'hey5_description' build argument 'cmake_args' from command line to 'None'
[0.717s] Level 5:colcon.colcon_core.verb:set package 'hey5_description' build argument 'cmake_target' from command line to 'None'
[0.717s] Level 5:colcon.colcon_core.verb:set package 'hey5_description' build argument 'cmake_target_skip_unavailable' from command line to 'False'
[0.717s] Level 5:colcon.colcon_core.verb:set package 'hey5_description' build argument 'cmake_clean_cache' from command line to 'False'
[0.717s] Level 5:colcon.colcon_core.verb:set package 'hey5_description' build argument 'cmake_clean_first' from command line to 'False'
[0.717s] Level 5:colcon.colcon_core.verb:set package 'hey5_description' build argument 'cmake_force_configure' from command line to 'False'
[0.717s] Level 5:colcon.colcon_core.verb:set package 'hey5_description' build argument 'ament_cmake_args' from command line to 'None'
[0.717s] Level 5:colcon.colcon_core.verb:set package 'hey5_description' build argument 'catkin_cmake_args' from command line to 'None'
[0.717s] Level 5:colcon.colcon_core.verb:set package 'hey5_description' build argument 'catkin_skip_building_tests' from command line to 'False'
[0.717s] DEBUG:colcon.colcon_core.verb:Building package 'hey5_description' with the following arguments: {'ament_cmake_args': None, 'build_base': '/home/khaledob/bookros2_ws/build/hey5_description', 'catkin_cmake_args': None, 'catkin_skip_building_tests': False, 'cmake_args': None, 'cmake_clean_cache': False, 'cmake_clean_first': False, 'cmake_force_configure': False, 'cmake_target': None, 'cmake_target_skip_unavailable': False, 'install_base': '/home/khaledob/bookros2_ws/install/hey5_description', 'merge_install': False, 'path': '/home/khaledob/bookros2_ws/src/ThirdParty/hey5_description', 'symlink_install': True, 'test_result_base': None}
[0.718s] Level 5:colcon.colcon_core.verb:set package 'launch_pal' build argument 'cmake_args' from command line to 'None'
[0.718s] Level 5:colcon.colcon_core.verb:set package 'launch_pal' build argument 'cmake_target' from command line to 'None'
[0.718s] Level 5:colcon.colcon_core.verb:set package 'launch_pal' build argument 'cmake_target_skip_unavailable' from command line to 'False'
[0.718s] Level 5:colcon.colcon_core.verb:set package 'launch_pal' build argument 'cmake_clean_cache' from command line to 'False'
[0.718s] Level 5:colcon.colcon_core.verb:set package 'launch_pal' build argument 'cmake_clean_first' from command line to 'False'
[0.718s] Level 5:colcon.colcon_core.verb:set package 'launch_pal' build argument 'cmake_force_configure' from command line to 'False'
[0.718s] Level 5:colcon.colcon_core.verb:set package 'launch_pal' build argument 'ament_cmake_args' from command line to 'None'
[0.718s] Level 5:colcon.colcon_core.verb:set package 'launch_pal' build argument 'catkin_cmake_args' from command line to 'None'
[0.718s] Level 5:colcon.colcon_core.verb:set package 'launch_pal' build argument 'catkin_skip_building_tests' from command line to 'False'
[0.718s] DEBUG:colcon.colcon_core.verb:Building package 'launch_pal' with the following arguments: {'ament_cmake_args': None, 'build_base': '/home/khaledob/bookros2_ws/build/launch_pal', 'catkin_cmake_args': None, 'catkin_skip_building_tests': False, 'cmake_args': None, 'cmake_clean_cache': False, 'cmake_clean_first': False, 'cmake_force_configure': False, 'cmake_target': None, 'cmake_target_skip_unavailable': False, 'install_base': '/home/khaledob/bookros2_ws/install/launch_pal', 'merge_install': False, 'path': '/home/khaledob/bookros2_ws/src/ThirdParty/launch_pal', 'symlink_install': True, 'test_result_base': None}
[0.718s] Level 5:colcon.colcon_core.verb:set package 'pal_gazebo_worlds' build argument 'cmake_args' from command line to 'None'
[0.718s] Level 5:colcon.colcon_core.verb:set package 'pal_gazebo_worlds' build argument 'cmake_target' from command line to 'None'
[0.718s] Level 5:colcon.colcon_core.verb:set package 'pal_gazebo_worlds' build argument 'cmake_target_skip_unavailable' from command line to 'False'
[0.718s] Level 5:colcon.colcon_core.verb:set package 'pal_gazebo_worlds' build argument 'cmake_clean_cache' from command line to 'False'
[0.718s] Level 5:colcon.colcon_core.verb:set package 'pal_gazebo_worlds' build argument 'cmake_clean_first' from command line to 'False'
[0.718s] Level 5:colcon.colcon_core.verb:set package 'pal_gazebo_worlds' build argument 'cmake_force_configure' from command line to 'False'
[0.718s] Level 5:colcon.colcon_core.verb:set package 'pal_gazebo_worlds' build argument 'ament_cmake_args' from command line to 'None'
[0.719s] Level 5:colcon.colcon_core.verb:set package 'pal_gazebo_worlds' build argument 'catkin_cmake_args' from command line to 'None'
[0.719s] Level 5:colcon.colcon_core.verb:set package 'pal_gazebo_worlds' build argument 'catkin_skip_building_tests' from command line to 'False'
[0.719s] DEBUG:colcon.colcon_core.verb:Building package 'pal_gazebo_worlds' with the following arguments: {'ament_cmake_args': None, 'build_base': '/home/khaledob/bookros2_ws/build/pal_gazebo_worlds', 'catkin_cmake_args': None, 'catkin_skip_building_tests': False, 'cmake_args': None, 'cmake_clean_cache': False, 'cmake_clean_first': False, 'cmake_force_configure': False, 'cmake_target': None, 'cmake_target_skip_unavailable': False, 'install_base': '/home/khaledob/bookros2_ws/install/pal_gazebo_worlds', 'merge_install': False, 'path': '/home/khaledob/bookros2_ws/src/ThirdParty/pal_gazebo_worlds', 'symlink_install': True, 'test_result_base': None}
[0.719s] Level 5:colcon.colcon_core.verb:set package 'pmb2_maps' build argument 'cmake_args' from command line to 'None'
[0.719s] Level 5:colcon.colcon_core.verb:set package 'pmb2_maps' build argument 'cmake_target' from command line to 'None'
[0.719s] Level 5:colcon.colcon_core.verb:set package 'pmb2_maps' build argument 'cmake_target_skip_unavailable' from command line to 'False'
[0.719s] Level 5:colcon.colcon_core.verb:set package 'pmb2_maps' build argument 'cmake_clean_cache' from command line to 'False'
[0.719s] Level 5:colcon.colcon_core.verb:set package 'pmb2_maps' build argument 'cmake_clean_first' from command line to 'False'
[0.719s] Level 5:colcon.colcon_core.verb:set package 'pmb2_maps' build argument 'cmake_force_configure' from command line to 'False'
[0.719s] Level 5:colcon.colcon_core.verb:set package 'pmb2_maps' build argument 'ament_cmake_args' from command line to 'None'
[0.719s] Level 5:colcon.colcon_core.verb:set package 'pmb2_maps' build argument 'catkin_cmake_args' from command line to 'None'
[0.719s] Level 5:colcon.colcon_core.verb:set package 'pmb2_maps' build argument 'catkin_skip_building_tests' from command line to 'False'
[0.719s] DEBUG:colcon.colcon_core.verb:Building package 'pmb2_maps' with the following arguments: {'ament_cmake_args': None, 'build_base': '/home/khaledob/bookros2_ws/build/pmb2_maps', 'catkin_cmake_args': None, 'catkin_skip_building_tests': False, 'cmake_args': None, 'cmake_clean_cache': False, 'cmake_clean_first': False, 'cmake_force_configure': False, 'cmake_target': None, 'cmake_target_skip_unavailable': False, 'install_base': '/home/khaledob/bookros2_ws/install/pmb2_maps', 'merge_install': False, 'path': '/home/khaledob/bookros2_ws/src/ThirdParty/pmb2_navigation/pmb2_maps', 'symlink_install': True, 'test_result_base': None}
[0.720s] Level 5:colcon.colcon_core.verb:set package 'ros2_control_test_assets' build argument 'cmake_args' from command line to 'None'
[0.720s] Level 5:colcon.colcon_core.verb:set package 'ros2_control_test_assets' build argument 'cmake_target' from command line to 'None'
[0.720s] Level 5:colcon.colcon_core.verb:set package 'ros2_control_test_assets' build argument 'cmake_target_skip_unavailable' from command line to 'False'
[0.720s] Level 5:colcon.colcon_core.verb:set package 'ros2_control_test_assets' build argument 'cmake_clean_cache' from command line to 'False'
[0.720s] Level 5:colcon.colcon_core.verb:set package 'ros2_control_test_assets' build argument 'cmake_clean_first' from command line to 'False'
[0.720s] Level 5:colcon.colcon_core.verb:set package 'ros2_control_test_assets' build argument 'cmake_force_configure' from command line to 'False'
[0.720s] Level 5:colcon.colcon_core.verb:set package 'ros2_control_test_assets' build argument 'ament_cmake_args' from command line to 'None'
[0.720s] Level 5:colcon.colcon_core.verb:set package 'ros2_control_test_assets' build argument 'catkin_cmake_args' from command line to 'None'
[0.720s] Level 5:colcon.colcon_core.verb:set package 'ros2_control_test_assets' build argument 'catkin_skip_building_tests' from command line to 'False'
[0.720s] DEBUG:colcon.colcon_core.verb:Building package 'ros2_control_test_assets' with the following arguments: {'ament_cmake_args': None, 'build_base': '/home/khaledob/bookros2_ws/build/ros2_control_test_assets', 'catkin_cmake_args': None, 'catkin_skip_building_tests': False, 'cmake_args': None, 'cmake_clean_cache': False, 'cmake_clean_first': False, 'cmake_force_configure': False, 'cmake_target': None, 'cmake_target_skip_unavailable': False, 'install_base': '/home/khaledob/bookros2_ws/install/ros2_control_test_assets', 'merge_install': False, 'path': '/home/khaledob/bookros2_ws/src/ThirdParty/ros2_control/ros2_control_test_assets', 'symlink_install': True, 'test_result_base': None}
[0.720s] Level 5:colcon.colcon_core.verb:set package 'task1' build argument 'cmake_args' from command line to 'None'
[0.720s] Level 5:colcon.colcon_core.verb:set package 'task1' build argument 'cmake_target' from command line to 'None'
[0.720s] Level 5:colcon.colcon_core.verb:set package 'task1' build argument 'cmake_target_skip_unavailable' from command line to 'False'
[0.721s] Level 5:colcon.colcon_core.verb:set package 'task1' build argument 'cmake_clean_cache' from command line to 'False'
[0.721s] Level 5:colcon.colcon_core.verb:set package 'task1' build argument 'cmake_clean_first' from command line to 'False'
[0.721s] Level 5:colcon.colcon_core.verb:set package 'task1' build argument 'cmake_force_configure' from command line to 'False'
[0.721s] Level 5:colcon.colcon_core.verb:set package 'task1' build argument 'ament_cmake_args' from command line to 'None'
[0.721s] Level 5:colcon.colcon_core.verb:set package 'task1' build argument 'catkin_cmake_args' from command line to 'None'
[0.721s] Level 5:colcon.colcon_core.verb:set package 'task1' build argument 'catkin_skip_building_tests' from command line to 'False'
[0.721s] DEBUG:colcon.colcon_core.verb:Building package 'task1' with the following arguments: {'ament_cmake_args': None, 'build_base': '/home/khaledob/bookros2_ws/build/task1', 'catkin_cmake_args': None, 'catkin_skip_building_tests': False, 'cmake_args': None, 'cmake_clean_cache': False, 'cmake_clean_first': False, 'cmake_force_configure': False, 'cmake_target': None, 'cmake_target_skip_unavailable': False, 'install_base': '/home/khaledob/bookros2_ws/install/task1', 'merge_install': False, 'path': '/home/khaledob/bookros2_ws/src/task1', 'symlink_install': True, 'test_result_base': None}
[0.722s] Level 5:colcon.colcon_core.verb:set package 'tiago_description_calibration' build argument 'cmake_args' from command line to 'None'
[0.722s] Level 5:colcon.colcon_core.verb:set package 'tiago_description_calibration' build argument 'cmake_target' from command line to 'None'
[0.722s] Level 5:colcon.colcon_core.verb:set package 'tiago_description_calibration' build argument 'cmake_target_skip_unavailable' from command line to 'False'
[0.722s] Level 5:colcon.colcon_core.verb:set package 'tiago_description_calibration' build argument 'cmake_clean_cache' from command line to 'False'
[0.722s] Level 5:colcon.colcon_core.verb:set package 'tiago_description_calibration' build argument 'cmake_clean_first' from command line to 'False'
[0.722s] Level 5:colcon.colcon_core.verb:set package 'tiago_description_calibration' build argument 'cmake_force_configure' from command line to 'False'
[0.722s] Level 5:colcon.colcon_core.verb:set package 'tiago_description_calibration' build argument 'ament_cmake_args' from command line to 'None'
[0.722s] Level 5:colcon.colcon_core.verb:set package 'tiago_description_calibration' build argument 'catkin_cmake_args' from command line to 'None'
[0.722s] Level 5:colcon.colcon_core.verb:set package 'tiago_description_calibration' build argument 'catkin_skip_building_tests' from command line to 'False'
[0.722s] DEBUG:colcon.colcon_core.verb:Building package 'tiago_description_calibration' with the following arguments: {'ament_cmake_args': None, 'build_base': '/home/khaledob/bookros2_ws/build/tiago_description_calibration', 'catkin_cmake_args': None, 'catkin_skip_building_tests': False, 'cmake_args': None, 'cmake_clean_cache': False, 'cmake_clean_first': False, 'cmake_force_configure': False, 'cmake_target': None, 'cmake_target_skip_unavailable': False, 'install_base': '/home/khaledob/bookros2_ws/install/tiago_description_calibration', 'merge_install': False, 'path': '/home/khaledob/bookros2_ws/src/ThirdParty/tiago_description_calibration', 'symlink_install': True, 'test_result_base': None}
[0.723s] Level 5:colcon.colcon_core.verb:set package 'twist_mux' build argument 'cmake_args' from command line to 'None'
[0.723s] Level 5:colcon.colcon_core.verb:set package 'twist_mux' build argument 'cmake_target' from command line to 'None'
[0.723s] Level 5:colcon.colcon_core.verb:set package 'twist_mux' build argument 'cmake_target_skip_unavailable' from command line to 'False'
[0.723s] Level 5:colcon.colcon_core.verb:set package 'twist_mux' build argument 'cmake_clean_cache' from command line to 'False'
[0.723s] Level 5:colcon.colcon_core.verb:set package 'twist_mux' build argument 'cmake_clean_first' from command line to 'False'
[0.723s] Level 5:colcon.colcon_core.verb:set package 'twist_mux' build argument 'cmake_force_configure' from command line to 'False'
[0.723s] Level 5:colcon.colcon_core.verb:set package 'twist_mux' build argument 'ament_cmake_args' from command line to 'None'
[0.723s] Level 5:colcon.colcon_core.verb:set package 'twist_mux' build argument 'catkin_cmake_args' from command line to 'None'
[0.723s] Level 5:colcon.colcon_core.verb:set package 'twist_mux' build argument 'catkin_skip_building_tests' from command line to 'False'
[0.723s] DEBUG:colcon.colcon_core.verb:Building package 'twist_mux' with the following arguments: {'ament_cmake_args': None, 'build_base': '/home/khaledob/bookros2_ws/build/twist_mux', 'catkin_cmake_args': None, 'catkin_skip_building_tests': False, 'cmake_args': None, 'cmake_clean_cache': False, 'cmake_clean_first': False, 'cmake_force_configure': False, 'cmake_target': None, 'cmake_target_skip_unavailable': False, 'install_base': '/home/khaledob/bookros2_ws/install/twist_mux', 'merge_install': False, 'path': '/home/khaledob/bookros2_ws/src/ThirdParty/twist_mux', 'symlink_install': True, 'test_result_base': None}
[0.724s] Level 5:colcon.colcon_core.verb:set package 'urdf_test' build argument 'cmake_args' from command line to 'None'
[0.725s] Level 5:colcon.colcon_core.verb:set package 'urdf_test' build argument 'cmake_target' from command line to 'None'
[0.725s] Level 5:colcon.colcon_core.verb:set package 'urdf_test' build argument 'cmake_target_skip_unavailable' from command line to 'False'
[0.725s] Level 5:colcon.colcon_core.verb:set package 'urdf_test' build argument 'cmake_clean_cache' from command line to 'False'
[0.725s] Level 5:colcon.colcon_core.verb:set package 'urdf_test' build argument 'cmake_clean_first' from command line to 'False'
[0.725s] Level 5:colcon.colcon_core.verb:set package 'urdf_test' build argument 'cmake_force_configure' from command line to 'False'
[0.725s] Level 5:colcon.colcon_core.verb:set package 'urdf_test' build argument 'ament_cmake_args' from command line to 'None'
[0.725s] Level 5:colcon.colcon_core.verb:set package 'urdf_test' build argument 'catkin_cmake_args' from command line to 'None'
[0.725s] Level 5:colcon.colcon_core.verb:set package 'urdf_test' build argument 'catkin_skip_building_tests' from command line to 'False'
[0.725s] DEBUG:colcon.colcon_core.verb:Building package 'urdf_test' with the following arguments: {'ament_cmake_args': None, 'build_base': '/home/khaledob/bookros2_ws/build/urdf_test', 'catkin_cmake_args': None, 'catkin_skip_building_tests': False, 'cmake_args': None, 'cmake_clean_cache': False, 'cmake_clean_first': False, 'cmake_force_configure': False, 'cmake_target': None, 'cmake_target_skip_unavailable': False, 'install_base': '/home/khaledob/bookros2_ws/install/urdf_test', 'merge_install': False, 'path': '/home/khaledob/bookros2_ws/src/ThirdParty/urdf_test', 'symlink_install': True, 'test_result_base': None}
[0.726s] Level 5:colcon.colcon_core.verb:set package 'br2_tracking' build argument 'cmake_args' from command line to 'None'
[0.727s] Level 5:colcon.colcon_core.verb:set package 'br2_tracking' build argument 'cmake_target' from command line to 'None'
[0.727s] Level 5:colcon.colcon_core.verb:set package 'br2_tracking' build argument 'cmake_target_skip_unavailable' from command line to 'False'
[0.727s] Level 5:colcon.colcon_core.verb:set package 'br2_tracking' build argument 'cmake_clean_cache' from command line to 'False'
[0.727s] Level 5:colcon.colcon_core.verb:set package 'br2_tracking' build argument 'cmake_clean_first' from command line to 'False'
[0.727s] Level 5:colcon.colcon_core.verb:set package 'br2_tracking' build argument 'cmake_force_configure' from command line to 'False'
[0.727s] Level 5:colcon.colcon_core.verb:set package 'br2_tracking' build argument 'ament_cmake_args' from command line to 'None'
[0.727s] Level 5:colcon.colcon_core.verb:set package 'br2_tracking' build argument 'catkin_cmake_args' from command line to 'None'
[0.727s] Level 5:colcon.colcon_core.verb:set package 'br2_tracking' build argument 'catkin_skip_building_tests' from command line to 'False'
[0.727s] DEBUG:colcon.colcon_core.verb:Building package 'br2_tracking' with the following arguments: {'ament_cmake_args': None, 'build_base': '/home/khaledob/bookros2_ws/build/br2_tracking', 'catkin_cmake_args': None, 'catkin_skip_building_tests': False, 'cmake_args': None, 'cmake_clean_cache': False, 'cmake_clean_first': False, 'cmake_force_configure': False, 'cmake_target': None, 'cmake_target_skip_unavailable': False, 'install_base': '/home/khaledob/bookros2_ws/install/br2_tracking', 'merge_install': False, 'path': '/home/khaledob/bookros2_ws/src/book_ros2/br2_tracking', 'symlink_install': True, 'test_result_base': None}
[0.728s] Level 5:colcon.colcon_core.verb:set package 'hardware_interface' build argument 'cmake_args' from command line to 'None'
[0.728s] Level 5:colcon.colcon_core.verb:set package 'hardware_interface' build argument 'cmake_target' from command line to 'None'
[0.728s] Level 5:colcon.colcon_core.verb:set package 'hardware_interface' build argument 'cmake_target_skip_unavailable' from command line to 'False'
[0.728s] Level 5:colcon.colcon_core.verb:set package 'hardware_interface' build argument 'cmake_clean_cache' from command line to 'False'
[0.728s] Level 5:colcon.colcon_core.verb:set package 'hardware_interface' build argument 'cmake_clean_first' from command line to 'False'
[0.728s] Level 5:colcon.colcon_core.verb:set package 'hardware_interface' build argument 'cmake_force_configure' from command line to 'False'
[0.728s] Level 5:colcon.colcon_core.verb:set package 'hardware_interface' build argument 'ament_cmake_args' from command line to 'None'
[0.728s] Level 5:colcon.colcon_core.verb:set package 'hardware_interface' build argument 'catkin_cmake_args' from command line to 'None'
[0.728s] Level 5:colcon.colcon_core.verb:set package 'hardware_interface' build argument 'catkin_skip_building_tests' from command line to 'False'
[0.728s] DEBUG:colcon.colcon_core.verb:Building package 'hardware_interface' with the following arguments: {'ament_cmake_args': None, 'build_base': '/home/khaledob/bookros2_ws/build/hardware_interface', 'catkin_cmake_args': None, 'catkin_skip_building_tests': False, 'cmake_args': None, 'cmake_clean_cache': False, 'cmake_clean_first': False, 'cmake_force_configure': False, 'cmake_target': None, 'cmake_target_skip_unavailable': False, 'install_base': '/home/khaledob/bookros2_ws/install/hardware_interface', 'merge_install': False, 'path': '/home/khaledob/bookros2_ws/src/ThirdParty/ros2_control/hardware_interface', 'symlink_install': True, 'test_result_base': None}
[0.728s] Level 5:colcon.colcon_core.verb:set package 'pal_gripper_description' build argument 'cmake_args' from command line to 'None'
[0.728s] Level 5:colcon.colcon_core.verb:set package 'pal_gripper_description' build argument 'cmake_target' from command line to 'None'
[0.729s] Level 5:colcon.colcon_core.verb:set package 'pal_gripper_description' build argument 'cmake_target_skip_unavailable' from command line to 'False'
[0.729s] Level 5:colcon.colcon_core.verb:set package 'pal_gripper_description' build argument 'cmake_clean_cache' from command line to 'False'
[0.731s] Level 5:colcon.colcon_core.verb:set package 'pal_gripper_description' build argument 'cmake_clean_first' from command line to 'False'
[0.731s] Level 5:colcon.colcon_core.verb:set package 'pal_gripper_description' build argument 'cmake_force_configure' from command line to 'False'
[0.731s] Level 5:colcon.colcon_core.verb:set package 'pal_gripper_description' build argument 'ament_cmake_args' from command line to 'None'
[0.731s] Level 5:colcon.colcon_core.verb:set package 'pal_gripper_description' build argument 'catkin_cmake_args' from command line to 'None'
[0.731s] Level 5:colcon.colcon_core.verb:set package 'pal_gripper_description' build argument 'catkin_skip_building_tests' from command line to 'False'
[0.731s] DEBUG:colcon.colcon_core.verb:Building package 'pal_gripper_description' with the following arguments: {'ament_cmake_args': None, 'build_base': '/home/khaledob/bookros2_ws/build/pal_gripper_description', 'catkin_cmake_args': None, 'catkin_skip_building_tests': False, 'cmake_args': None, 'cmake_clean_cache': False, 'cmake_clean_first': False, 'cmake_force_configure': False, 'cmake_target': None, 'cmake_target_skip_unavailable': False, 'install_base': '/home/khaledob/bookros2_ws/install/pal_gripper_description', 'merge_install': False, 'path': '/home/khaledob/bookros2_ws/src/ThirdParty/pal_gripper/pal_gripper_description', 'symlink_install': True, 'test_result_base': None}
[0.731s] Level 5:colcon.colcon_core.verb:set package 'pmb2_2dnav' build argument 'cmake_args' from command line to 'None'
[0.732s] Level 5:colcon.colcon_core.verb:set package 'pmb2_2dnav' build argument 'cmake_target' from command line to 'None'
[0.732s] Level 5:colcon.colcon_core.verb:set package 'pmb2_2dnav' build argument 'cmake_target_skip_unavailable' from command line to 'False'
[0.732s] Level 5:colcon.colcon_core.verb:set package 'pmb2_2dnav' build argument 'cmake_clean_cache' from command line to 'False'
[0.732s] Level 5:colcon.colcon_core.verb:set package 'pmb2_2dnav' build argument 'cmake_clean_first' from command line to 'False'
[0.732s] Level 5:colcon.colcon_core.verb:set package 'pmb2_2dnav' build argument 'cmake_force_configure' from command line to 'False'
[0.732s] Level 5:colcon.colcon_core.verb:set package 'pmb2_2dnav' build argument 'ament_cmake_args' from command line to 'None'
[0.732s] Level 5:colcon.colcon_core.verb:set package 'pmb2_2dnav' build argument 'catkin_cmake_args' from command line to 'None'
[0.732s] Level 5:colcon.colcon_core.verb:set package 'pmb2_2dnav' build argument 'catkin_skip_building_tests' from command line to 'False'
[0.732s] DEBUG:colcon.colcon_core.verb:Building package 'pmb2_2dnav' with the following arguments: {'ament_cmake_args': None, 'build_base': '/home/khaledob/bookros2_ws/build/pmb2_2dnav', 'catkin_cmake_args': None, 'catkin_skip_building_tests': False, 'cmake_args': None, 'cmake_clean_cache': False, 'cmake_clean_first': False, 'cmake_force_configure': False, 'cmake_target': None, 'cmake_target_skip_unavailable': False, 'install_base': '/home/khaledob/bookros2_ws/install/pmb2_2dnav', 'merge_install': False, 'path': '/home/khaledob/bookros2_ws/src/ThirdParty/pmb2_navigation/pmb2_2dnav', 'symlink_install': True, 'test_result_base': None}
[0.733s] Level 5:colcon.colcon_core.verb:set package 'controller_interface' build argument 'cmake_args' from command line to 'None'
[0.733s] Level 5:colcon.colcon_core.verb:set package 'controller_interface' build argument 'cmake_target' from command line to 'None'
[0.733s] Level 5:colcon.colcon_core.verb:set package 'controller_interface' build argument 'cmake_target_skip_unavailable' from command line to 'False'
[0.733s] Level 5:colcon.colcon_core.verb:set package 'controller_interface' build argument 'cmake_clean_cache' from command line to 'False'
[0.733s] Level 5:colcon.colcon_core.verb:set package 'controller_interface' build argument 'cmake_clean_first' from command line to 'False'
[0.733s] Level 5:colcon.colcon_core.verb:set package 'controller_interface' build argument 'cmake_force_configure' from command line to 'False'
[0.733s] Level 5:colcon.colcon_core.verb:set package 'controller_interface' build argument 'ament_cmake_args' from command line to 'None'
[0.733s] Level 5:colcon.colcon_core.verb:set package 'controller_interface' build argument 'catkin_cmake_args' from command line to 'None'
[0.733s] Level 5:colcon.colcon_core.verb:set package 'controller_interface' build argument 'catkin_skip_building_tests' from command line to 'False'
[0.733s] DEBUG:colcon.colcon_core.verb:Building package 'controller_interface' with the following arguments: {'ament_cmake_args': None, 'build_base': '/home/khaledob/bookros2_ws/build/controller_interface', 'catkin_cmake_args': None, 'catkin_skip_building_tests': False, 'cmake_args': None, 'cmake_clean_cache': False, 'cmake_clean_first': False, 'cmake_force_configure': False, 'cmake_target': None, 'cmake_target_skip_unavailable': False, 'install_base': '/home/khaledob/bookros2_ws/install/controller_interface', 'merge_install': False, 'path': '/home/khaledob/bookros2_ws/src/ThirdParty/ros2_control/controller_interface', 'symlink_install': True, 'test_result_base': None}
[0.734s] Level 5:colcon.colcon_core.verb:set package 'pmb2_navigation' build argument 'cmake_args' from command line to 'None'
[0.734s] Level 5:colcon.colcon_core.verb:set package 'pmb2_navigation' build argument 'cmake_target' from command line to 'None'
[0.734s] Level 5:colcon.colcon_core.verb:set package 'pmb2_navigation' build argument 'cmake_target_skip_unavailable' from command line to 'False'
[0.734s] Level 5:colcon.colcon_core.verb:set package 'pmb2_navigation' build argument 'cmake_clean_cache' from command line to 'False'
[0.734s] Level 5:colcon.colcon_core.verb:set package 'pmb2_navigation' build argument 'cmake_clean_first' from command line to 'False'
[0.734s] Level 5:colcon.colcon_core.verb:set package 'pmb2_navigation' build argument 'cmake_force_configure' from command line to 'False'
[0.734s] Level 5:colcon.colcon_core.verb:set package 'pmb2_navigation' build argument 'ament_cmake_args' from command line to 'None'
[0.734s] Level 5:colcon.colcon_core.verb:set package 'pmb2_navigation' build argument 'catkin_cmake_args' from command line to 'None'
[0.734s] Level 5:colcon.colcon_core.verb:set package 'pmb2_navigation' build argument 'catkin_skip_building_tests' from command line to 'False'
[0.734s] DEBUG:colcon.colcon_core.verb:Building package 'pmb2_navigation' with the following arguments: {'ament_cmake_args': None, 'build_base': '/home/khaledob/bookros2_ws/build/pmb2_navigation', 'catkin_cmake_args': None, 'catkin_skip_building_tests': False, 'cmake_args': None, 'cmake_clean_cache': False, 'cmake_clean_first': False, 'cmake_force_configure': False, 'cmake_target': None, 'cmake_target_skip_unavailable': False, 'install_base': '/home/khaledob/bookros2_ws/install/pmb2_navigation', 'merge_install': False, 'path': '/home/khaledob/bookros2_ws/src/ThirdParty/pmb2_navigation/pmb2_navigation', 'symlink_install': True, 'test_result_base': None}
[0.735s] Level 5:colcon.colcon_core.verb:set package 'transmission_interface' build argument 'cmake_args' from command line to 'None'
[0.735s] Level 5:colcon.colcon_core.verb:set package 'transmission_interface' build argument 'cmake_target' from command line to 'None'
[0.735s] Level 5:colcon.colcon_core.verb:set package 'transmission_interface' build argument 'cmake_target_skip_unavailable' from command line to 'False'
[0.735s] Level 5:colcon.colcon_core.verb:set package 'transmission_interface' build argument 'cmake_clean_cache' from command line to 'False'
[0.735s] Level 5:colcon.colcon_core.verb:set package 'transmission_interface' build argument 'cmake_clean_first' from command line to 'False'
[0.735s] Level 5:colcon.colcon_core.verb:set package 'transmission_interface' build argument 'cmake_force_configure' from command line to 'False'
[0.735s] Level 5:colcon.colcon_core.verb:set package 'transmission_interface' build argument 'ament_cmake_args' from command line to 'None'
[0.735s] Level 5:colcon.colcon_core.verb:set package 'transmission_interface' build argument 'catkin_cmake_args' from command line to 'None'
[0.735s] Level 5:colcon.colcon_core.verb:set package 'transmission_interface' build argument 'catkin_skip_building_tests' from command line to 'False'
[0.735s] DEBUG:colcon.colcon_core.verb:Building package 'transmission_interface' with the following arguments: {'ament_cmake_args': None, 'build_base': '/home/khaledob/bookros2_ws/build/transmission_interface', 'catkin_cmake_args': None, 'catkin_skip_building_tests': False, 'cmake_args': None, 'cmake_clean_cache': False, 'cmake_clean_first': False, 'cmake_force_configure': False, 'cmake_target': None, 'cmake_target_skip_unavailable': False, 'install_base': '/home/khaledob/bookros2_ws/install/transmission_interface', 'merge_install': False, 'path': '/home/khaledob/bookros2_ws/src/ThirdParty/ros2_control/transmission_interface', 'symlink_install': True, 'test_result_base': None}
[0.735s] Level 5:colcon.colcon_core.verb:set package 'controller_manager' build argument 'cmake_args' from command line to 'None'
[0.736s] Level 5:colcon.colcon_core.verb:set package 'controller_manager' build argument 'cmake_target' from command line to 'None'
[0.736s] Level 5:colcon.colcon_core.verb:set package 'controller_manager' build argument 'cmake_target_skip_unavailable' from command line to 'False'
[0.736s] Level 5:colcon.colcon_core.verb:set package 'controller_manager' build argument 'cmake_clean_cache' from command line to 'False'
[0.736s] Level 5:colcon.colcon_core.verb:set package 'controller_manager' build argument 'cmake_clean_first' from command line to 'False'
[0.736s] Level 5:colcon.colcon_core.verb:set package 'controller_manager' build argument 'cmake_force_configure' from command line to 'False'
[0.736s] Level 5:colcon.colcon_core.verb:set package 'controller_manager' build argument 'ament_cmake_args' from command line to 'None'
[0.736s] Level 5:colcon.colcon_core.verb:set package 'controller_manager' build argument 'catkin_cmake_args' from command line to 'None'
[0.736s] Level 5:colcon.colcon_core.verb:set package 'controller_manager' build argument 'catkin_skip_building_tests' from command line to 'False'
[0.736s] DEBUG:colcon.colcon_core.verb:Building package 'controller_manager' with the following arguments: {'ament_cmake_args': None, 'build_base': '/home/khaledob/bookros2_ws/build/controller_manager', 'catkin_cmake_args': None, 'catkin_skip_building_tests': False, 'cmake_args': None, 'cmake_clean_cache': False, 'cmake_clean_first': False, 'cmake_force_configure': False, 'cmake_target': None, 'cmake_target_skip_unavailable': False, 'install_base': '/home/khaledob/bookros2_ws/install/controller_manager', 'merge_install': False, 'path': '/home/khaledob/bookros2_ws/src/ThirdParty/ros2_control/controller_manager', 'symlink_install': True, 'test_result_base': None}
[0.736s] Level 5:colcon.colcon_core.verb:set package 'diff_drive_controller' build argument 'cmake_args' from command line to 'None'
[0.736s] Level 5:colcon.colcon_core.verb:set package 'diff_drive_controller' build argument 'cmake_target' from command line to 'None'
[0.736s] Level 5:colcon.colcon_core.verb:set package 'diff_drive_controller' build argument 'cmake_target_skip_unavailable' from command line to 'False'
[0.736s] Level 5:colcon.colcon_core.verb:set package 'diff_drive_controller' build argument 'cmake_clean_cache' from command line to 'False'
[0.736s] Level 5:colcon.colcon_core.verb:set package 'diff_drive_controller' build argument 'cmake_clean_first' from command line to 'False'
[0.736s] Level 5:colcon.colcon_core.verb:set package 'diff_drive_controller' build argument 'cmake_force_configure' from command line to 'False'
[0.736s] Level 5:colcon.colcon_core.verb:set package 'diff_drive_controller' build argument 'ament_cmake_args' from command line to 'None'
[0.736s] Level 5:colcon.colcon_core.verb:set package 'diff_drive_controller' build argument 'catkin_cmake_args' from command line to 'None'
[0.736s] Level 5:colcon.colcon_core.verb:set package 'diff_drive_controller' build argument 'catkin_skip_building_tests' from command line to 'False'
[0.736s] DEBUG:colcon.colcon_core.verb:Building package 'diff_drive_controller' with the following arguments: {'ament_cmake_args': None, 'build_base': '/home/khaledob/bookros2_ws/build/diff_drive_controller', 'catkin_cmake_args': None, 'catkin_skip_building_tests': False, 'cmake_args': None, 'cmake_clean_cache': False, 'cmake_clean_first': False, 'cmake_force_configure': False, 'cmake_target': None, 'cmake_target_skip_unavailable': False, 'install_base': '/home/khaledob/bookros2_ws/install/diff_drive_controller', 'merge_install': False, 'path': '/home/khaledob/bookros2_ws/src/ThirdParty/ros2_controllers/diff_drive_controller', 'symlink_install': True, 'test_result_base': None}
[0.737s] Level 5:colcon.colcon_core.verb:set package 'force_torque_sensor_broadcaster' build argument 'cmake_args' from command line to 'None'
[0.737s] Level 5:colcon.colcon_core.verb:set package 'force_torque_sensor_broadcaster' build argument 'cmake_target' from command line to 'None'
[0.737s] Level 5:colcon.colcon_core.verb:set package 'force_torque_sensor_broadcaster' build argument 'cmake_target_skip_unavailable' from command line to 'False'
[0.737s] Level 5:colcon.colcon_core.verb:set package 'force_torque_sensor_broadcaster' build argument 'cmake_clean_cache' from command line to 'False'
[0.737s] Level 5:colcon.colcon_core.verb:set package 'force_torque_sensor_broadcaster' build argument 'cmake_clean_first' from command line to 'False'
[0.737s] Level 5:colcon.colcon_core.verb:set package 'force_torque_sensor_broadcaster' build argument 'cmake_force_configure' from command line to 'False'
[0.737s] Level 5:colcon.colcon_core.verb:set package 'force_torque_sensor_broadcaster' build argument 'ament_cmake_args' from command line to 'None'
[0.737s] Level 5:colcon.colcon_core.verb:set package 'force_torque_sensor_broadcaster' build argument 'catkin_cmake_args' from command line to 'None'
[0.737s] Level 5:colcon.colcon_core.verb:set package 'force_torque_sensor_broadcaster' build argument 'catkin_skip_building_tests' from command line to 'False'
[0.737s] DEBUG:colcon.colcon_core.verb:Building package 'force_torque_sensor_broadcaster' with the following arguments: {'ament_cmake_args': None, 'build_base': '/home/khaledob/bookros2_ws/build/force_torque_sensor_broadcaster', 'catkin_cmake_args': None, 'catkin_skip_building_tests': False, 'cmake_args': None, 'cmake_clean_cache': False, 'cmake_clean_first': False, 'cmake_force_configure': False, 'cmake_target': None, 'cmake_target_skip_unavailable': False, 'install_base': '/home/khaledob/bookros2_ws/install/force_torque_sensor_broadcaster', 'merge_install': False, 'path': '/home/khaledob/bookros2_ws/src/ThirdParty/ros2_controllers/force_torque_sensor_broadcaster', 'symlink_install': True, 'test_result_base': None}
[0.737s] Level 5:colcon.colcon_core.verb:set package 'forward_command_controller' build argument 'cmake_args' from command line to 'None'
[0.738s] Level 5:colcon.colcon_core.verb:set package 'forward_command_controller' build argument 'cmake_target' from command line to 'None'
[0.738s] Level 5:colcon.colcon_core.verb:set package 'forward_command_controller' build argument 'cmake_target_skip_unavailable' from command line to 'False'
[0.738s] Level 5:colcon.colcon_core.verb:set package 'forward_command_controller' build argument 'cmake_clean_cache' from command line to 'False'
[0.738s] Level 5:colcon.colcon_core.verb:set package 'forward_command_controller' build argument 'cmake_clean_first' from command line to 'False'
[0.738s] Level 5:colcon.colcon_core.verb:set package 'forward_command_controller' build argument 'cmake_force_configure' from command line to 'False'
[0.738s] Level 5:colcon.colcon_core.verb:set package 'forward_command_controller' build argument 'ament_cmake_args' from command line to 'None'
[0.738s] Level 5:colcon.colcon_core.verb:set package 'forward_command_controller' build argument 'catkin_cmake_args' from command line to 'None'
[0.738s] Level 5:colcon.colcon_core.verb:set package 'forward_command_controller' build argument 'catkin_skip_building_tests' from command line to 'False'
[0.738s] DEBUG:colcon.colcon_core.verb:Building package 'forward_command_controller' with the following arguments: {'ament_cmake_args': None, 'build_base': '/home/khaledob/bookros2_ws/build/forward_command_controller', 'catkin_cmake_args': None, 'catkin_skip_building_tests': False, 'cmake_args': None, 'cmake_clean_cache': False, 'cmake_clean_first': False, 'cmake_force_configure': False, 'cmake_target': None, 'cmake_target_skip_unavailable': False, 'install_base': '/home/khaledob/bookros2_ws/install/forward_command_controller', 'merge_install': False, 'path': '/home/khaledob/bookros2_ws/src/ThirdParty/ros2_controllers/forward_command_controller', 'symlink_install': True, 'test_result_base': None}
[0.738s] Level 5:colcon.colcon_core.verb:set package 'gazebo_ros2_control' build argument 'cmake_args' from command line to 'None'
[0.738s] Level 5:colcon.colcon_core.verb:set package 'gazebo_ros2_control' build argument 'cmake_target' from command line to 'None'
[0.738s] Level 5:colcon.colcon_core.verb:set package 'gazebo_ros2_control' build argument 'cmake_target_skip_unavailable' from command line to 'False'
[0.738s] Level 5:colcon.colcon_core.verb:set package 'gazebo_ros2_control' build argument 'cmake_clean_cache' from command line to 'False'
[0.738s] Level 5:colcon.colcon_core.verb:set package 'gazebo_ros2_control' build argument 'cmake_clean_first' from command line to 'False'
[0.738s] Level 5:colcon.colcon_core.verb:set package 'gazebo_ros2_control' build argument 'cmake_force_configure' from command line to 'False'
[0.738s] Level 5:colcon.colcon_core.verb:set package 'gazebo_ros2_control' build argument 'ament_cmake_args' from command line to 'None'
[0.738s] Level 5:colcon.colcon_core.verb:set package 'gazebo_ros2_control' build argument 'catkin_cmake_args' from command line to 'None'
[0.738s] Level 5:colcon.colcon_core.verb:set package 'gazebo_ros2_control' build argument 'catkin_skip_building_tests' from command line to 'False'
[0.738s] DEBUG:colcon.colcon_core.verb:Building package 'gazebo_ros2_control' with the following arguments: {'ament_cmake_args': None, 'build_base': '/home/khaledob/bookros2_ws/build/gazebo_ros2_control', 'catkin_cmake_args': None, 'catkin_skip_building_tests': False, 'cmake_args': None, 'cmake_clean_cache': False, 'cmake_clean_first': False, 'cmake_force_configure': False, 'cmake_target': None, 'cmake_target_skip_unavailable': False, 'install_base': '/home/khaledob/bookros2_ws/install/gazebo_ros2_control', 'merge_install': False, 'path': '/home/khaledob/bookros2_ws/src/ThirdParty/gazebo_ros2_control/gazebo_ros2_control', 'symlink_install': True, 'test_result_base': None}
[0.739s] Level 5:colcon.colcon_core.verb:set package 'gripper_controllers' build argument 'cmake_args' from command line to 'None'
[0.739s] Level 5:colcon.colcon_core.verb:set package 'gripper_controllers' build argument 'cmake_target' from command line to 'None'
[0.739s] Level 5:colcon.colcon_core.verb:set package 'gripper_controllers' build argument 'cmake_target_skip_unavailable' from command line to 'False'
[0.739s] Level 5:colcon.colcon_core.verb:set package 'gripper_controllers' build argument 'cmake_clean_cache' from command line to 'False'
[0.739s] Level 5:colcon.colcon_core.verb:set package 'gripper_controllers' build argument 'cmake_clean_first' from command line to 'False'
[0.739s] Level 5:colcon.colcon_core.verb:set package 'gripper_controllers' build argument 'cmake_force_configure' from command line to 'False'
[0.739s] Level 5:colcon.colcon_core.verb:set package 'gripper_controllers' build argument 'ament_cmake_args' from command line to 'None'
[0.739s] Level 5:colcon.colcon_core.verb:set package 'gripper_controllers' build argument 'catkin_cmake_args' from command line to 'None'
[0.739s] Level 5:colcon.colcon_core.verb:set package 'gripper_controllers' build argument 'catkin_skip_building_tests' from command line to 'False'
[0.739s] DEBUG:colcon.colcon_core.verb:Building package 'gripper_controllers' with the following arguments: {'ament_cmake_args': None, 'build_base': '/home/khaledob/bookros2_ws/build/gripper_controllers', 'catkin_cmake_args': None, 'catkin_skip_building_tests': False, 'cmake_args': None, 'cmake_clean_cache': False, 'cmake_clean_first': False, 'cmake_force_configure': False, 'cmake_target': None, 'cmake_target_skip_unavailable': False, 'install_base': '/home/khaledob/bookros2_ws/install/gripper_controllers', 'merge_install': False, 'path': '/home/khaledob/bookros2_ws/src/ThirdParty/ros2_controllers/gripper_controllers', 'symlink_install': True, 'test_result_base': None}
[0.739s] Level 5:colcon.colcon_core.verb:set package 'imu_sensor_broadcaster' build argument 'cmake_args' from command line to 'None'
[0.740s] Level 5:colcon.colcon_core.verb:set package 'imu_sensor_broadcaster' build argument 'cmake_target' from command line to 'None'
[0.740s] Level 5:colcon.colcon_core.verb:set package 'imu_sensor_broadcaster' build argument 'cmake_target_skip_unavailable' from command line to 'False'
[0.740s] Level 5:colcon.colcon_core.verb:set package 'imu_sensor_broadcaster' build argument 'cmake_clean_cache' from command line to 'False'
[0.740s] Level 5:colcon.colcon_core.verb:set package 'imu_sensor_broadcaster' build argument 'cmake_clean_first' from command line to 'False'
[0.740s] Level 5:colcon.colcon_core.verb:set package 'imu_sensor_broadcaster' build argument 'cmake_force_configure' from command line to 'False'
[0.740s] Level 5:colcon.colcon_core.verb:set package 'imu_sensor_broadcaster' build argument 'ament_cmake_args' from command line to 'None'
[0.740s] Level 5:colcon.colcon_core.verb:set package 'imu_sensor_broadcaster' build argument 'catkin_cmake_args' from command line to 'None'
[0.740s] Level 5:colcon.colcon_core.verb:set package 'imu_sensor_broadcaster' build argument 'catkin_skip_building_tests' from command line to 'False'
[0.740s] DEBUG:colcon.colcon_core.verb:Building package 'imu_sensor_broadcaster' with the following arguments: {'ament_cmake_args': None, 'build_base': '/home/khaledob/bookros2_ws/build/imu_sensor_broadcaster', 'catkin_cmake_args': None, 'catkin_skip_building_tests': False, 'cmake_args': None, 'cmake_clean_cache': False, 'cmake_clean_first': False, 'cmake_force_configure': False, 'cmake_target': None, 'cmake_target_skip_unavailable': False, 'install_base': '/home/khaledob/bookros2_ws/install/imu_sensor_broadcaster', 'merge_install': False, 'path': '/home/khaledob/bookros2_ws/src/ThirdParty/ros2_controllers/imu_sensor_broadcaster', 'symlink_install': True, 'test_result_base': None}
[0.740s] Level 5:colcon.colcon_core.verb:set package 'joint_state_broadcaster' build argument 'cmake_args' from command line to 'None'
[0.740s] Level 5:colcon.colcon_core.verb:set package 'joint_state_broadcaster' build argument 'cmake_target' from command line to 'None'
[0.740s] Level 5:colcon.colcon_core.verb:set package 'joint_state_broadcaster' build argument 'cmake_target_skip_unavailable' from command line to 'False'
[0.740s] Level 5:colcon.colcon_core.verb:set package 'joint_state_broadcaster' build argument 'cmake_clean_cache' from command line to 'False'
[0.740s] Level 5:colcon.colcon_core.verb:set package 'joint_state_broadcaster' build argument 'cmake_clean_first' from command line to 'False'
[0.740s] Level 5:colcon.colcon_core.verb:set package 'joint_state_broadcaster' build argument 'cmake_force_configure' from command line to 'False'
[0.740s] Level 5:colcon.colcon_core.verb:set package 'joint_state_broadcaster' build argument 'ament_cmake_args' from command line to 'None'
[0.740s] Level 5:colcon.colcon_core.verb:set package 'joint_state_broadcaster' build argument 'catkin_cmake_args' from command line to 'None'
[0.740s] Level 5:colcon.colcon_core.verb:set package 'joint_state_broadcaster' build argument 'catkin_skip_building_tests' from command line to 'False'
[0.740s] DEBUG:colcon.colcon_core.verb:Building package 'joint_state_broadcaster' with the following arguments: {'ament_cmake_args': None, 'build_base': '/home/khaledob/bookros2_ws/build/joint_state_broadcaster', 'catkin_cmake_args': None, 'catkin_skip_building_tests': False, 'cmake_args': None, 'cmake_clean_cache': False, 'cmake_clean_first': False, 'cmake_force_configure': False, 'cmake_target': None, 'cmake_target_skip_unavailable': False, 'install_base': '/home/khaledob/bookros2_ws/install/joint_state_broadcaster', 'merge_install': False, 'path': '/home/khaledob/bookros2_ws/src/ThirdParty/ros2_controllers/joint_state_broadcaster', 'symlink_install': True, 'test_result_base': None}
[0.741s] Level 5:colcon.colcon_core.verb:set package 'joint_trajectory_controller' build argument 'cmake_args' from command line to 'None'
[0.741s] Level 5:colcon.colcon_core.verb:set package 'joint_trajectory_controller' build argument 'cmake_target' from command line to 'None'
[0.741s] Level 5:colcon.colcon_core.verb:set package 'joint_trajectory_controller' build argument 'cmake_target_skip_unavailable' from command line to 'False'
[0.741s] Level 5:colcon.colcon_core.verb:set package 'joint_trajectory_controller' build argument 'cmake_clean_cache' from command line to 'False'
[0.741s] Level 5:colcon.colcon_core.verb:set package 'joint_trajectory_controller' build argument 'cmake_clean_first' from command line to 'False'
[0.741s] Level 5:colcon.colcon_core.verb:set package 'joint_trajectory_controller' build argument 'cmake_force_configure' from command line to 'False'
[0.741s] Level 5:colcon.colcon_core.verb:set package 'joint_trajectory_controller' build argument 'ament_cmake_args' from command line to 'None'
[0.741s] Level 5:colcon.colcon_core.verb:set package 'joint_trajectory_controller' build argument 'catkin_cmake_args' from command line to 'None'
[0.741s] Level 5:colcon.colcon_core.verb:set package 'joint_trajectory_controller' build argument 'catkin_skip_building_tests' from command line to 'False'
[0.741s] DEBUG:colcon.colcon_core.verb:Building package 'joint_trajectory_controller' with the following arguments: {'ament_cmake_args': None, 'build_base': '/home/khaledob/bookros2_ws/build/joint_trajectory_controller', 'catkin_cmake_args': None, 'catkin_skip_building_tests': False, 'cmake_args': None, 'cmake_clean_cache': False, 'cmake_clean_first': False, 'cmake_force_configure': False, 'cmake_target': None, 'cmake_target_skip_unavailable': False, 'install_base': '/home/khaledob/bookros2_ws/install/joint_trajectory_controller', 'merge_install': False, 'path': '/home/khaledob/bookros2_ws/src/ThirdParty/ros2_controllers/joint_trajectory_controller', 'symlink_install': True, 'test_result_base': None}
[0.742s] Level 5:colcon.colcon_core.verb:set package 'ros2controlcli' build argument 'cmake_args' from command line to 'None'
[0.743s] Level 5:colcon.colcon_core.verb:set package 'ros2controlcli' build argument 'cmake_target' from command line to 'None'
[0.743s] Level 5:colcon.colcon_core.verb:set package 'ros2controlcli' build argument 'cmake_target_skip_unavailable' from command line to 'False'
[0.743s] Level 5:colcon.colcon_core.verb:set package 'ros2controlcli' build argument 'cmake_clean_cache' from command line to 'False'
[0.743s] Level 5:colcon.colcon_core.verb:set package 'ros2controlcli' build argument 'cmake_clean_first' from command line to 'False'
[0.743s] Level 5:colcon.colcon_core.verb:set package 'ros2controlcli' build argument 'cmake_force_configure' from command line to 'False'
[0.743s] Level 5:colcon.colcon_core.verb:set package 'ros2controlcli' build argument 'ament_cmake_args' from command line to 'None'
[0.743s] Level 5:colcon.colcon_core.verb:set package 'ros2controlcli' build argument 'catkin_cmake_args' from command line to 'None'
[0.743s] Level 5:colcon.colcon_core.verb:set package 'ros2controlcli' build argument 'catkin_skip_building_tests' from command line to 'False'
[0.743s] DEBUG:colcon.colcon_core.verb:Building package 'ros2controlcli' with the following arguments: {'ament_cmake_args': None, 'build_base': '/home/khaledob/bookros2_ws/build/ros2controlcli', 'catkin_cmake_args': None, 'catkin_skip_building_tests': False, 'cmake_args': None, 'cmake_clean_cache': False, 'cmake_clean_first': False, 'cmake_force_configure': False, 'cmake_target': None, 'cmake_target_skip_unavailable': False, 'install_base': '/home/khaledob/bookros2_ws/install/ros2controlcli', 'merge_install': False, 'path': '/home/khaledob/bookros2_ws/src/ThirdParty/ros2_control/ros2controlcli', 'symlink_install': True, 'test_result_base': None}
[0.743s] Level 5:colcon.colcon_core.verb:set package 'effort_controllers' build argument 'cmake_args' from command line to 'None'
[0.744s] Level 5:colcon.colcon_core.verb:set package 'effort_controllers' build argument 'cmake_target' from command line to 'None'
[0.744s] Level 5:colcon.colcon_core.verb:set package 'effort_controllers' build argument 'cmake_target_skip_unavailable' from command line to 'False'
[0.744s] Level 5:colcon.colcon_core.verb:set package 'effort_controllers' build argument 'cmake_clean_cache' from command line to 'False'
[0.744s] Level 5:colcon.colcon_core.verb:set package 'effort_controllers' build argument 'cmake_clean_first' from command line to 'False'
[0.744s] Level 5:colcon.colcon_core.verb:set package 'effort_controllers' build argument 'cmake_force_configure' from command line to 'False'
[0.744s] Level 5:colcon.colcon_core.verb:set package 'effort_controllers' build argument 'ament_cmake_args' from command line to 'None'
[0.744s] Level 5:colcon.colcon_core.verb:set package 'effort_controllers' build argument 'catkin_cmake_args' from command line to 'None'
[0.744s] Level 5:colcon.colcon_core.verb:set package 'effort_controllers' build argument 'catkin_skip_building_tests' from command line to 'False'
[0.744s] DEBUG:colcon.colcon_core.verb:Building package 'effort_controllers' with the following arguments: {'ament_cmake_args': None, 'build_base': '/home/khaledob/bookros2_ws/build/effort_controllers', 'catkin_cmake_args': None, 'catkin_skip_building_tests': False, 'cmake_args': None, 'cmake_clean_cache': False, 'cmake_clean_first': False, 'cmake_force_configure': False, 'cmake_target': None, 'cmake_target_skip_unavailable': False, 'install_base': '/home/khaledob/bookros2_ws/install/effort_controllers', 'merge_install': False, 'path': '/home/khaledob/bookros2_ws/src/ThirdParty/ros2_controllers/effort_controllers', 'symlink_install': True, 'test_result_base': None}
[0.745s] Level 5:colcon.colcon_core.verb:set package 'joint_state_controller' build argument 'cmake_args' from command line to 'None'
[0.745s] Level 5:colcon.colcon_core.verb:set package 'joint_state_controller' build argument 'cmake_target' from command line to 'None'
[0.745s] Level 5:colcon.colcon_core.verb:set package 'joint_state_controller' build argument 'cmake_target_skip_unavailable' from command line to 'False'
[0.745s] Level 5:colcon.colcon_core.verb:set package 'joint_state_controller' build argument 'cmake_clean_cache' from command line to 'False'
[0.745s] Level 5:colcon.colcon_core.verb:set package 'joint_state_controller' build argument 'cmake_clean_first' from command line to 'False'
[0.745s] Level 5:colcon.colcon_core.verb:set package 'joint_state_controller' build argument 'cmake_force_configure' from command line to 'False'
[0.745s] Level 5:colcon.colcon_core.verb:set package 'joint_state_controller' build argument 'ament_cmake_args' from command line to 'None'
[0.745s] Level 5:colcon.colcon_core.verb:set package 'joint_state_controller' build argument 'catkin_cmake_args' from command line to 'None'
[0.745s] Level 5:colcon.colcon_core.verb:set package 'joint_state_controller' build argument 'catkin_skip_building_tests' from command line to 'False'
[0.745s] DEBUG:colcon.colcon_core.verb:Building package 'joint_state_controller' with the following arguments: {'ament_cmake_args': None, 'build_base': '/home/khaledob/bookros2_ws/build/joint_state_controller', 'catkin_cmake_args': None, 'catkin_skip_building_tests': False, 'cmake_args': None, 'cmake_clean_cache': False, 'cmake_clean_first': False, 'cmake_force_configure': False, 'cmake_target': None, 'cmake_target_skip_unavailable': False, 'install_base': '/home/khaledob/bookros2_ws/install/joint_state_controller', 'merge_install': False, 'path': '/home/khaledob/bookros2_ws/src/ThirdParty/ros2_controllers/joint_state_controller', 'symlink_install': True, 'test_result_base': None}
[0.746s] Level 5:colcon.colcon_core.verb:set package 'position_controllers' build argument 'cmake_args' from command line to 'None'
[0.746s] Level 5:colcon.colcon_core.verb:set package 'position_controllers' build argument 'cmake_target' from command line to 'None'
[0.746s] Level 5:colcon.colcon_core.verb:set package 'position_controllers' build argument 'cmake_target_skip_unavailable' from command line to 'False'
[0.746s] Level 5:colcon.colcon_core.verb:set package 'position_controllers' build argument 'cmake_clean_cache' from command line to 'False'
[0.746s] Level 5:colcon.colcon_core.verb:set package 'position_controllers' build argument 'cmake_clean_first' from command line to 'False'
[0.746s] Level 5:colcon.colcon_core.verb:set package 'position_controllers' build argument 'cmake_force_configure' from command line to 'False'
[0.746s] Level 5:colcon.colcon_core.verb:set package 'position_controllers' build argument 'ament_cmake_args' from command line to 'None'
[0.746s] Level 5:colcon.colcon_core.verb:set package 'position_controllers' build argument 'catkin_cmake_args' from command line to 'None'
[0.746s] Level 5:colcon.colcon_core.verb:set package 'position_controllers' build argument 'catkin_skip_building_tests' from command line to 'False'
[0.746s] DEBUG:colcon.colcon_core.verb:Building package 'position_controllers' with the following arguments: {'ament_cmake_args': None, 'build_base': '/home/khaledob/bookros2_ws/build/position_controllers', 'catkin_cmake_args': None, 'catkin_skip_building_tests': False, 'cmake_args': None, 'cmake_clean_cache': False, 'cmake_clean_first': False, 'cmake_force_configure': False, 'cmake_target': None, 'cmake_target_skip_unavailable': False, 'install_base': '/home/khaledob/bookros2_ws/install/position_controllers', 'merge_install': False, 'path': '/home/khaledob/bookros2_ws/src/ThirdParty/ros2_controllers/position_controllers', 'symlink_install': True, 'test_result_base': None}
[0.747s] Level 5:colcon.colcon_core.verb:set package 'ros2_control' build argument 'cmake_args' from command line to 'None'
[0.747s] Level 5:colcon.colcon_core.verb:set package 'ros2_control' build argument 'cmake_target' from command line to 'None'
[0.747s] Level 5:colcon.colcon_core.verb:set package 'ros2_control' build argument 'cmake_target_skip_unavailable' from command line to 'False'
[0.747s] Level 5:colcon.colcon_core.verb:set package 'ros2_control' build argument 'cmake_clean_cache' from command line to 'False'
[0.747s] Level 5:colcon.colcon_core.verb:set package 'ros2_control' build argument 'cmake_clean_first' from command line to 'False'
[0.747s] Level 5:colcon.colcon_core.verb:set package 'ros2_control' build argument 'cmake_force_configure' from command line to 'False'
[0.747s] Level 5:colcon.colcon_core.verb:set package 'ros2_control' build argument 'ament_cmake_args' from command line to 'None'
[0.747s] Level 5:colcon.colcon_core.verb:set package 'ros2_control' build argument 'catkin_cmake_args' from command line to 'None'
[0.747s] Level 5:colcon.colcon_core.verb:set package 'ros2_control' build argument 'catkin_skip_building_tests' from command line to 'False'
[0.747s] DEBUG:colcon.colcon_core.verb:Building package 'ros2_control' with the following arguments: {'ament_cmake_args': None, 'build_base': '/home/khaledob/bookros2_ws/build/ros2_control', 'catkin_cmake_args': None, 'catkin_skip_building_tests': False, 'cmake_args': None, 'cmake_clean_cache': False, 'cmake_clean_first': False, 'cmake_force_configure': False, 'cmake_target': None, 'cmake_target_skip_unavailable': False, 'install_base': '/home/khaledob/bookros2_ws/install/ros2_control', 'merge_install': False, 'path': '/home/khaledob/bookros2_ws/src/ThirdParty/ros2_control/ros2_control', 'symlink_install': True, 'test_result_base': None}
[0.747s] Level 5:colcon.colcon_core.verb:set package 'velocity_controllers' build argument 'cmake_args' from command line to 'None'
[0.747s] Level 5:colcon.colcon_core.verb:set package 'velocity_controllers' build argument 'cmake_target' from command line to 'None'
[0.747s] Level 5:colcon.colcon_core.verb:set package 'velocity_controllers' build argument 'cmake_target_skip_unavailable' from command line to 'False'
[0.747s] Level 5:colcon.colcon_core.verb:set package 'velocity_controllers' build argument 'cmake_clean_cache' from command line to 'False'
[0.748s] Level 5:colcon.colcon_core.verb:set package 'velocity_controllers' build argument 'cmake_clean_first' from command line to 'False'
[0.748s] Level 5:colcon.colcon_core.verb:set package 'velocity_controllers' build argument 'cmake_force_configure' from command line to 'False'
[0.748s] Level 5:colcon.colcon_core.verb:set package 'velocity_controllers' build argument 'ament_cmake_args' from command line to 'None'
[0.748s] Level 5:colcon.colcon_core.verb:set package 'velocity_controllers' build argument 'catkin_cmake_args' from command line to 'None'
[0.748s] Level 5:colcon.colcon_core.verb:set package 'velocity_controllers' build argument 'catkin_skip_building_tests' from command line to 'False'
[0.748s] DEBUG:colcon.colcon_core.verb:Building package 'velocity_controllers' with the following arguments: {'ament_cmake_args': None, 'build_base': '/home/khaledob/bookros2_ws/build/velocity_controllers', 'catkin_cmake_args': None, 'catkin_skip_building_tests': False, 'cmake_args': None, 'cmake_clean_cache': False, 'cmake_clean_first': False, 'cmake_force_configure': False, 'cmake_target': None, 'cmake_target_skip_unavailable': False, 'install_base': '/home/khaledob/bookros2_ws/install/velocity_controllers', 'merge_install': False, 'path': '/home/khaledob/bookros2_ws/src/ThirdParty/ros2_controllers/velocity_controllers', 'symlink_install': True, 'test_result_base': None}
[0.748s] Level 5:colcon.colcon_core.verb:set package 'pal_gripper_controller_configuration' build argument 'cmake_args' from command line to 'None'
[0.748s] Level 5:colcon.colcon_core.verb:set package 'pal_gripper_controller_configuration' build argument 'cmake_target' from command line to 'None'
[0.748s] Level 5:colcon.colcon_core.verb:set package 'pal_gripper_controller_configuration' build argument 'cmake_target_skip_unavailable' from command line to 'False'
[0.748s] Level 5:colcon.colcon_core.verb:set package 'pal_gripper_controller_configuration' build argument 'cmake_clean_cache' from command line to 'False'
[0.748s] Level 5:colcon.colcon_core.verb:set package 'pal_gripper_controller_configuration' build argument 'cmake_clean_first' from command line to 'False'
[0.748s] Level 5:colcon.colcon_core.verb:set package 'pal_gripper_controller_configuration' build argument 'cmake_force_configure' from command line to 'False'
[0.748s] Level 5:colcon.colcon_core.verb:set package 'pal_gripper_controller_configuration' build argument 'ament_cmake_args' from command line to 'None'
[0.748s] Level 5:colcon.colcon_core.verb:set package 'pal_gripper_controller_configuration' build argument 'catkin_cmake_args' from command line to 'None'
[0.748s] Level 5:colcon.colcon_core.verb:set package 'pal_gripper_controller_configuration' build argument 'catkin_skip_building_tests' from command line to 'False'
[0.748s] DEBUG:colcon.colcon_core.verb:Building package 'pal_gripper_controller_configuration' with the following arguments: {'ament_cmake_args': None, 'build_base': '/home/khaledob/bookros2_ws/build/pal_gripper_controller_configuration', 'catkin_cmake_args': None, 'catkin_skip_building_tests': False, 'cmake_args': None, 'cmake_clean_cache': False, 'cmake_clean_first': False, 'cmake_force_configure': False, 'cmake_target': None, 'cmake_target_skip_unavailable': False, 'install_base': '/home/khaledob/bookros2_ws/install/pal_gripper_controller_configuration', 'merge_install': False, 'path': '/home/khaledob/bookros2_ws/src/ThirdParty/pal_gripper/pal_gripper_controller_configuration', 'symlink_install': True, 'test_result_base': None}
[0.749s] Level 5:colcon.colcon_core.verb:set package 'pmb2_controller_configuration' build argument 'cmake_args' from command line to 'None'
[0.749s] Level 5:colcon.colcon_core.verb:set package 'pmb2_controller_configuration' build argument 'cmake_target' from command line to 'None'
[0.749s] Level 5:colcon.colcon_core.verb:set package 'pmb2_controller_configuration' build argument 'cmake_target_skip_unavailable' from command line to 'False'
[0.749s] Level 5:colcon.colcon_core.verb:set package 'pmb2_controller_configuration' build argument 'cmake_clean_cache' from command line to 'False'
[0.749s] Level 5:colcon.colcon_core.verb:set package 'pmb2_controller_configuration' build argument 'cmake_clean_first' from command line to 'False'
[0.749s] Level 5:colcon.colcon_core.verb:set package 'pmb2_controller_configuration' build argument 'cmake_force_configure' from command line to 'False'
[0.749s] Level 5:colcon.colcon_core.verb:set package 'pmb2_controller_configuration' build argument 'ament_cmake_args' from command line to 'None'
[0.749s] Level 5:colcon.colcon_core.verb:set package 'pmb2_controller_configuration' build argument 'catkin_cmake_args' from command line to 'None'
[0.749s] Level 5:colcon.colcon_core.verb:set package 'pmb2_controller_configuration' build argument 'catkin_skip_building_tests' from command line to 'False'
[0.749s] DEBUG:colcon.colcon_core.verb:Building package 'pmb2_controller_configuration' with the following arguments: {'ament_cmake_args': None, 'build_base': '/home/khaledob/bookros2_ws/build/pmb2_controller_configuration', 'catkin_cmake_args': None, 'catkin_skip_building_tests': False, 'cmake_args': None, 'cmake_clean_cache': False, 'cmake_clean_first': False, 'cmake_force_configure': False, 'cmake_target': None, 'cmake_target_skip_unavailable': False, 'install_base': '/home/khaledob/bookros2_ws/install/pmb2_controller_configuration', 'merge_install': False, 'path': '/home/khaledob/bookros2_ws/src/ThirdParty/pmb2_robot/pmb2_controller_configuration', 'symlink_install': True, 'test_result_base': None}
[0.749s] Level 5:colcon.colcon_core.verb:set package 'ros2_controllers' build argument 'cmake_args' from command line to 'None'
[0.749s] Level 5:colcon.colcon_core.verb:set package 'ros2_controllers' build argument 'cmake_target' from command line to 'None'
[0.749s] Level 5:colcon.colcon_core.verb:set package 'ros2_controllers' build argument 'cmake_target_skip_unavailable' from command line to 'False'
[0.750s] Level 5:colcon.colcon_core.verb:set package 'ros2_controllers' build argument 'cmake_clean_cache' from command line to 'False'
[0.750s] Level 5:colcon.colcon_core.verb:set package 'ros2_controllers' build argument 'cmake_clean_first' from command line to 'False'
[0.750s] Level 5:colcon.colcon_core.verb:set package 'ros2_controllers' build argument 'cmake_force_configure' from command line to 'False'
[0.750s] Level 5:colcon.colcon_core.verb:set package 'ros2_controllers' build argument 'ament_cmake_args' from command line to 'None'
[0.750s] Level 5:colcon.colcon_core.verb:set package 'ros2_controllers' build argument 'catkin_cmake_args' from command line to 'None'
[0.750s] Level 5:colcon.colcon_core.verb:set package 'ros2_controllers' build argument 'catkin_skip_building_tests' from command line to 'False'
[0.750s] DEBUG:colcon.colcon_core.verb:Building package 'ros2_controllers' with the following arguments: {'ament_cmake_args': None, 'build_base': '/home/khaledob/bookros2_ws/build/ros2_controllers', 'catkin_cmake_args': None, 'catkin_skip_building_tests': False, 'cmake_args': None, 'cmake_clean_cache': False, 'cmake_clean_first': False, 'cmake_force_configure': False, 'cmake_target': None, 'cmake_target_skip_unavailable': False, 'install_base': '/home/khaledob/bookros2_ws/install/ros2_controllers', 'merge_install': False, 'path': '/home/khaledob/bookros2_ws/src/ThirdParty/ros2_controllers/ros2_controllers', 'symlink_install': True, 'test_result_base': None}
[0.750s] Level 5:colcon.colcon_core.verb:set package 'gazebo_ros2_control_demos' build argument 'cmake_args' from command line to 'None'
[0.750s] Level 5:colcon.colcon_core.verb:set package 'gazebo_ros2_control_demos' build argument 'cmake_target' from command line to 'None'
[0.750s] Level 5:colcon.colcon_core.verb:set package 'gazebo_ros2_control_demos' build argument 'cmake_target_skip_unavailable' from command line to 'False'
[0.750s] Level 5:colcon.colcon_core.verb:set package 'gazebo_ros2_control_demos' build argument 'cmake_clean_cache' from command line to 'False'
[0.750s] Level 5:colcon.colcon_core.verb:set package 'gazebo_ros2_control_demos' build argument 'cmake_clean_first' from command line to 'False'
[0.750s] Level 5:colcon.colcon_core.verb:set package 'gazebo_ros2_control_demos' build argument 'cmake_force_configure' from command line to 'False'
[0.750s] Level 5:colcon.colcon_core.verb:set package 'gazebo_ros2_control_demos' build argument 'ament_cmake_args' from command line to 'None'
[0.750s] Level 5:colcon.colcon_core.verb:set package 'gazebo_ros2_control_demos' build argument 'catkin_cmake_args' from command line to 'None'
[0.751s] Level 5:colcon.colcon_core.verb:set package 'gazebo_ros2_control_demos' build argument 'catkin_skip_building_tests' from command line to 'False'
[0.751s] DEBUG:colcon.colcon_core.verb:Building package 'gazebo_ros2_control_demos' with the following arguments: {'ament_cmake_args': None, 'build_base': '/home/khaledob/bookros2_ws/build/gazebo_ros2_control_demos', 'catkin_cmake_args': None, 'catkin_skip_building_tests': False, 'cmake_args': None, 'cmake_clean_cache': False, 'cmake_clean_first': False, 'cmake_force_configure': False, 'cmake_target': None, 'cmake_target_skip_unavailable': False, 'install_base': '/home/khaledob/bookros2_ws/install/gazebo_ros2_control_demos', 'merge_install': False, 'path': '/home/khaledob/bookros2_ws/src/ThirdParty/gazebo_ros2_control/gazebo_ros2_control_demos', 'symlink_install': True, 'test_result_base': None}
[0.751s] Level 5:colcon.colcon_core.verb:set package 'pal_gripper' build argument 'cmake_args' from command line to 'None'
[0.751s] Level 5:colcon.colcon_core.verb:set package 'pal_gripper' build argument 'cmake_target' from command line to 'None'
[0.751s] Level 5:colcon.colcon_core.verb:set package 'pal_gripper' build argument 'cmake_target_skip_unavailable' from command line to 'False'
[0.751s] Level 5:colcon.colcon_core.verb:set package 'pal_gripper' build argument 'cmake_clean_cache' from command line to 'False'
[0.751s] Level 5:colcon.colcon_core.verb:set package 'pal_gripper' build argument 'cmake_clean_first' from command line to 'False'
[0.751s] Level 5:colcon.colcon_core.verb:set package 'pal_gripper' build argument 'cmake_force_configure' from command line to 'False'
[0.751s] Level 5:colcon.colcon_core.verb:set package 'pal_gripper' build argument 'ament_cmake_args' from command line to 'None'
[0.751s] Level 5:colcon.colcon_core.verb:set package 'pal_gripper' build argument 'catkin_cmake_args' from command line to 'None'
[0.751s] Level 5:colcon.colcon_core.verb:set package 'pal_gripper' build argument 'catkin_skip_building_tests' from command line to 'False'
[0.751s] DEBUG:colcon.colcon_core.verb:Building package 'pal_gripper' with the following arguments: {'ament_cmake_args': None, 'build_base': '/home/khaledob/bookros2_ws/build/pal_gripper', 'catkin_cmake_args': None, 'catkin_skip_building_tests': False, 'cmake_args': None, 'cmake_clean_cache': False, 'cmake_clean_first': False, 'cmake_force_configure': False, 'cmake_target': None, 'cmake_target_skip_unavailable': False, 'install_base': '/home/khaledob/bookros2_ws/install/pal_gripper', 'merge_install': False, 'path': '/home/khaledob/bookros2_ws/src/ThirdParty/pal_gripper/pal_gripper', 'symlink_install': True, 'test_result_base': None}
[0.752s] Level 5:colcon.colcon_core.verb:set package 'pmb2_description' build argument 'cmake_args' from command line to 'None'
[0.752s] Level 5:colcon.colcon_core.verb:set package 'pmb2_description' build argument 'cmake_target' from command line to 'None'
[0.752s] Level 5:colcon.colcon_core.verb:set package 'pmb2_description' build argument 'cmake_target_skip_unavailable' from command line to 'False'
[0.752s] Level 5:colcon.colcon_core.verb:set package 'pmb2_description' build argument 'cmake_clean_cache' from command line to 'False'
[0.752s] Level 5:colcon.colcon_core.verb:set package 'pmb2_description' build argument 'cmake_clean_first' from command line to 'False'
[0.752s] Level 5:colcon.colcon_core.verb:set package 'pmb2_description' build argument 'cmake_force_configure' from command line to 'False'
[0.752s] Level 5:colcon.colcon_core.verb:set package 'pmb2_description' build argument 'ament_cmake_args' from command line to 'None'
[0.752s] Level 5:colcon.colcon_core.verb:set package 'pmb2_description' build argument 'catkin_cmake_args' from command line to 'None'
[0.752s] Level 5:colcon.colcon_core.verb:set package 'pmb2_description' build argument 'catkin_skip_building_tests' from command line to 'False'
[0.752s] DEBUG:colcon.colcon_core.verb:Building package 'pmb2_description' with the following arguments: {'ament_cmake_args': None, 'build_base': '/home/khaledob/bookros2_ws/build/pmb2_description', 'catkin_cmake_args': None, 'catkin_skip_building_tests': False, 'cmake_args': None, 'cmake_clean_cache': False, 'cmake_clean_first': False, 'cmake_force_configure': False, 'cmake_target': None, 'cmake_target_skip_unavailable': False, 'install_base': '/home/khaledob/bookros2_ws/install/pmb2_description', 'merge_install': False, 'path': '/home/khaledob/bookros2_ws/src/ThirdParty/pmb2_robot/pmb2_description', 'symlink_install': True, 'test_result_base': None}
[0.753s] Level 5:colcon.colcon_core.verb:set package 'tiago_controller_configuration' build argument 'cmake_args' from command line to 'None'
[0.753s] Level 5:colcon.colcon_core.verb:set package 'tiago_controller_configuration' build argument 'cmake_target' from command line to 'None'
[0.753s] Level 5:colcon.colcon_core.verb:set package 'tiago_controller_configuration' build argument 'cmake_target_skip_unavailable' from command line to 'False'
[0.753s] Level 5:colcon.colcon_core.verb:set package 'tiago_controller_configuration' build argument 'cmake_clean_cache' from command line to 'False'
[0.753s] Level 5:colcon.colcon_core.verb:set package 'tiago_controller_configuration' build argument 'cmake_clean_first' from command line to 'False'
[0.753s] Level 5:colcon.colcon_core.verb:set package 'tiago_controller_configuration' build argument 'cmake_force_configure' from command line to 'False'
[0.753s] Level 5:colcon.colcon_core.verb:set package 'tiago_controller_configuration' build argument 'ament_cmake_args' from command line to 'None'
[0.753s] Level 5:colcon.colcon_core.verb:set package 'tiago_controller_configuration' build argument 'catkin_cmake_args' from command line to 'None'
[0.753s] Level 5:colcon.colcon_core.verb:set package 'tiago_controller_configuration' build argument 'catkin_skip_building_tests' from command line to 'False'
[0.753s] DEBUG:colcon.colcon_core.verb:Building package 'tiago_controller_configuration' with the following arguments: {'ament_cmake_args': None, 'build_base': '/home/khaledob/bookros2_ws/build/tiago_controller_configuration', 'catkin_cmake_args': None, 'catkin_skip_building_tests': False, 'cmake_args': None, 'cmake_clean_cache': False, 'cmake_clean_first': False, 'cmake_force_configure': False, 'cmake_target': None, 'cmake_target_skip_unavailable': False, 'install_base': '/home/khaledob/bookros2_ws/install/tiago_controller_configuration', 'merge_install': False, 'path': '/home/khaledob/bookros2_ws/src/ThirdParty/tiago_robot/tiago_controller_configuration', 'symlink_install': True, 'test_result_base': None}
[0.754s] Level 5:colcon.colcon_core.verb:set package 'pmb2_bringup' build argument 'cmake_args' from command line to 'None'
[0.754s] Level 5:colcon.colcon_core.verb:set package 'pmb2_bringup' build argument 'cmake_target' from command line to 'None'
[0.754s] Level 5:colcon.colcon_core.verb:set package 'pmb2_bringup' build argument 'cmake_target_skip_unavailable' from command line to 'False'
[0.754s] Level 5:colcon.colcon_core.verb:set package 'pmb2_bringup' build argument 'cmake_clean_cache' from command line to 'False'
[0.754s] Level 5:colcon.colcon_core.verb:set package 'pmb2_bringup' build argument 'cmake_clean_first' from command line to 'False'
[0.754s] Level 5:colcon.colcon_core.verb:set package 'pmb2_bringup' build argument 'cmake_force_configure' from command line to 'False'
[0.754s] Level 5:colcon.colcon_core.verb:set package 'pmb2_bringup' build argument 'ament_cmake_args' from command line to 'None'
[0.754s] Level 5:colcon.colcon_core.verb:set package 'pmb2_bringup' build argument 'catkin_cmake_args' from command line to 'None'
[0.754s] Level 5:colcon.colcon_core.verb:set package 'pmb2_bringup' build argument 'catkin_skip_building_tests' from command line to 'False'
[0.754s] DEBUG:colcon.colcon_core.verb:Building package 'pmb2_bringup' with the following arguments: {'ament_cmake_args': None, 'build_base': '/home/khaledob/bookros2_ws/build/pmb2_bringup', 'catkin_cmake_args': None, 'catkin_skip_building_tests': False, 'cmake_args': None, 'cmake_clean_cache': False, 'cmake_clean_first': False, 'cmake_force_configure': False, 'cmake_target': None, 'cmake_target_skip_unavailable': False, 'install_base': '/home/khaledob/bookros2_ws/install/pmb2_bringup', 'merge_install': False, 'path': '/home/khaledob/bookros2_ws/src/ThirdParty/pmb2_robot/pmb2_bringup', 'symlink_install': True, 'test_result_base': None}
[0.754s] Level 5:colcon.colcon_core.verb:set package 'tiago_description' build argument 'cmake_args' from command line to 'None'
[0.754s] Level 5:colcon.colcon_core.verb:set package 'tiago_description' build argument 'cmake_target' from command line to 'None'
[0.754s] Level 5:colcon.colcon_core.verb:set package 'tiago_description' build argument 'cmake_target_skip_unavailable' from command line to 'False'
[0.755s] Level 5:colcon.colcon_core.verb:set package 'tiago_description' build argument 'cmake_clean_cache' from command line to 'False'
[0.755s] Level 5:colcon.colcon_core.verb:set package 'tiago_description' build argument 'cmake_clean_first' from command line to 'False'
[0.755s] Level 5:colcon.colcon_core.verb:set package 'tiago_description' build argument 'cmake_force_configure' from command line to 'False'
[0.755s] Level 5:colcon.colcon_core.verb:set package 'tiago_description' build argument 'ament_cmake_args' from command line to 'None'
[0.755s] Level 5:colcon.colcon_core.verb:set package 'tiago_description' build argument 'catkin_cmake_args' from command line to 'None'
[0.755s] Level 5:colcon.colcon_core.verb:set package 'tiago_description' build argument 'catkin_skip_building_tests' from command line to 'False'
[0.755s] DEBUG:colcon.colcon_core.verb:Building package 'tiago_description' with the following arguments: {'ament_cmake_args': None, 'build_base': '/home/khaledob/bookros2_ws/build/tiago_description', 'catkin_cmake_args': None, 'catkin_skip_building_tests': False, 'cmake_args': None, 'cmake_clean_cache': False, 'cmake_clean_first': False, 'cmake_force_configure': False, 'cmake_target': None, 'cmake_target_skip_unavailable': False, 'install_base': '/home/khaledob/bookros2_ws/install/tiago_description', 'merge_install': False, 'path': '/home/khaledob/bookros2_ws/src/ThirdParty/tiago_robot/tiago_description', 'symlink_install': True, 'test_result_base': None}
[0.755s] Level 5:colcon.colcon_core.verb:set package 'pmb2_robot' build argument 'cmake_args' from command line to 'None'
[0.755s] Level 5:colcon.colcon_core.verb:set package 'pmb2_robot' build argument 'cmake_target' from command line to 'None'
[0.755s] Level 5:colcon.colcon_core.verb:set package 'pmb2_robot' build argument 'cmake_target_skip_unavailable' from command line to 'False'
[0.755s] Level 5:colcon.colcon_core.verb:set package 'pmb2_robot' build argument 'cmake_clean_cache' from command line to 'False'
[0.755s] Level 5:colcon.colcon_core.verb:set package 'pmb2_robot' build argument 'cmake_clean_first' from command line to 'False'
[0.755s] Level 5:colcon.colcon_core.verb:set package 'pmb2_robot' build argument 'cmake_force_configure' from command line to 'False'
[0.755s] Level 5:colcon.colcon_core.verb:set package 'pmb2_robot' build argument 'ament_cmake_args' from command line to 'None'
[0.755s] Level 5:colcon.colcon_core.verb:set package 'pmb2_robot' build argument 'catkin_cmake_args' from command line to 'None'
[0.755s] Level 5:colcon.colcon_core.verb:set package 'pmb2_robot' build argument 'catkin_skip_building_tests' from command line to 'False'
[0.755s] DEBUG:colcon.colcon_core.verb:Building package 'pmb2_robot' with the following arguments: {'ament_cmake_args': None, 'build_base': '/home/khaledob/bookros2_ws/build/pmb2_robot', 'catkin_cmake_args': None, 'catkin_skip_building_tests': False, 'cmake_args': None, 'cmake_clean_cache': False, 'cmake_clean_first': False, 'cmake_force_configure': False, 'cmake_target': None, 'cmake_target_skip_unavailable': False, 'install_base': '/home/khaledob/bookros2_ws/install/pmb2_robot', 'merge_install': False, 'path': '/home/khaledob/bookros2_ws/src/ThirdParty/pmb2_robot/pmb2_robot', 'symlink_install': True, 'test_result_base': None}
[0.756s] Level 5:colcon.colcon_core.verb:set package 'tiago_bringup' build argument 'cmake_args' from command line to 'None'
[0.756s] Level 5:colcon.colcon_core.verb:set package 'tiago_bringup' build argument 'cmake_target' from command line to 'None'
[0.756s] Level 5:colcon.colcon_core.verb:set package 'tiago_bringup' build argument 'cmake_target_skip_unavailable' from command line to 'False'
[0.756s] Level 5:colcon.colcon_core.verb:set package 'tiago_bringup' build argument 'cmake_clean_cache' from command line to 'False'
[0.756s] Level 5:colcon.colcon_core.verb:set package 'tiago_bringup' build argument 'cmake_clean_first' from command line to 'False'
[0.756s] Level 5:colcon.colcon_core.verb:set package 'tiago_bringup' build argument 'cmake_force_configure' from command line to 'False'
[0.756s] Level 5:colcon.colcon_core.verb:set package 'tiago_bringup' build argument 'ament_cmake_args' from command line to 'None'
[0.756s] Level 5:colcon.colcon_core.verb:set package 'tiago_bringup' build argument 'catkin_cmake_args' from command line to 'None'
[0.756s] Level 5:colcon.colcon_core.verb:set package 'tiago_bringup' build argument 'catkin_skip_building_tests' from command line to 'False'
[0.756s] DEBUG:colcon.colcon_core.verb:Building package 'tiago_bringup' with the following arguments: {'ament_cmake_args': None, 'build_base': '/home/khaledob/bookros2_ws/build/tiago_bringup', 'catkin_cmake_args': None, 'catkin_skip_building_tests': False, 'cmake_args': None, 'cmake_clean_cache': False, 'cmake_clean_first': False, 'cmake_force_configure': False, 'cmake_target': None, 'cmake_target_skip_unavailable': False, 'install_base': '/home/khaledob/bookros2_ws/install/tiago_bringup', 'merge_install': False, 'path': '/home/khaledob/bookros2_ws/src/ThirdParty/tiago_robot/tiago_bringup', 'symlink_install': True, 'test_result_base': None}
[0.756s] Level 5:colcon.colcon_core.verb:set package 'tiago_gazebo' build argument 'cmake_args' from command line to 'None'
[0.757s] Level 5:colcon.colcon_core.verb:set package 'tiago_gazebo' build argument 'cmake_target' from command line to 'None'
[0.757s] Level 5:colcon.colcon_core.verb:set package 'tiago_gazebo' build argument 'cmake_target_skip_unavailable' from command line to 'False'
[0.757s] Level 5:colcon.colcon_core.verb:set package 'tiago_gazebo' build argument 'cmake_clean_cache' from command line to 'False'
[0.757s] Level 5:colcon.colcon_core.verb:set package 'tiago_gazebo' build argument 'cmake_clean_first' from command line to 'False'
[0.757s] Level 5:colcon.colcon_core.verb:set package 'tiago_gazebo' build argument 'cmake_force_configure' from command line to 'False'
[0.757s] Level 5:colcon.colcon_core.verb:set package 'tiago_gazebo' build argument 'ament_cmake_args' from command line to 'None'
[0.757s] Level 5:colcon.colcon_core.verb:set package 'tiago_gazebo' build argument 'catkin_cmake_args' from command line to 'None'
[0.757s] Level 5:colcon.colcon_core.verb:set package 'tiago_gazebo' build argument 'catkin_skip_building_tests' from command line to 'False'
[0.757s] DEBUG:colcon.colcon_core.verb:Building package 'tiago_gazebo' with the following arguments: {'ament_cmake_args': None, 'build_base': '/home/khaledob/bookros2_ws/build/tiago_gazebo', 'catkin_cmake_args': None, 'catkin_skip_building_tests': False, 'cmake_args': None, 'cmake_clean_cache': False, 'cmake_clean_first': False, 'cmake_force_configure': False, 'cmake_target': None, 'cmake_target_skip_unavailable': False, 'install_base': '/home/khaledob/bookros2_ws/install/tiago_gazebo', 'merge_install': False, 'path': '/home/khaledob/bookros2_ws/src/ThirdParty/tiago_simulation/tiago_gazebo', 'symlink_install': True, 'test_result_base': None}
[0.757s] Level 5:colcon.colcon_core.verb:set package 'tiago_robot' build argument 'cmake_args' from command line to 'None'
[0.757s] Level 5:colcon.colcon_core.verb:set package 'tiago_robot' build argument 'cmake_target' from command line to 'None'
[0.757s] Level 5:colcon.colcon_core.verb:set package 'tiago_robot' build argument 'cmake_target_skip_unavailable' from command line to 'False'
[0.757s] Level 5:colcon.colcon_core.verb:set package 'tiago_robot' build argument 'cmake_clean_cache' from command line to 'False'
[0.757s] Level 5:colcon.colcon_core.verb:set package 'tiago_robot' build argument 'cmake_clean_first' from command line to 'False'
[0.757s] Level 5:colcon.colcon_core.verb:set package 'tiago_robot' build argument 'cmake_force_configure' from command line to 'False'
[0.758s] Level 5:colcon.colcon_core.verb:set package 'tiago_robot' build argument 'ament_cmake_args' from command line to 'None'
[0.758s] Level 5:colcon.colcon_core.verb:set package 'tiago_robot' build argument 'catkin_cmake_args' from command line to 'None'
[0.758s] Level 5:colcon.colcon_core.verb:set package 'tiago_robot' build argument 'catkin_skip_building_tests' from command line to 'False'
[0.758s] DEBUG:colcon.colcon_core.verb:Building package 'tiago_robot' with the following arguments: {'ament_cmake_args': None, 'build_base': '/home/khaledob/bookros2_ws/build/tiago_robot', 'catkin_cmake_args': None, 'catkin_skip_building_tests': False, 'cmake_args': None, 'cmake_clean_cache': False, 'cmake_clean_first': False, 'cmake_force_configure': False, 'cmake_target': None, 'cmake_target_skip_unavailable': False, 'install_base': '/home/khaledob/bookros2_ws/install/tiago_robot', 'merge_install': False, 'path': '/home/khaledob/bookros2_ws/src/ThirdParty/tiago_robot/tiago_robot', 'symlink_install': True, 'test_result_base': None}
[0.758s] Level 5:colcon.colcon_core.verb:set package 'tiago_2dnav_gazebo' build argument 'cmake_args' from command line to 'None'
[0.758s] Level 5:colcon.colcon_core.verb:set package 'tiago_2dnav_gazebo' build argument 'cmake_target' from command line to 'None'
[0.758s] Level 5:colcon.colcon_core.verb:set package 'tiago_2dnav_gazebo' build argument 'cmake_target_skip_unavailable' from command line to 'False'
[0.758s] Level 5:colcon.colcon_core.verb:set package 'tiago_2dnav_gazebo' build argument 'cmake_clean_cache' from command line to 'False'
[0.758s] Level 5:colcon.colcon_core.verb:set package 'tiago_2dnav_gazebo' build argument 'cmake_clean_first' from command line to 'False'
[0.759s] Level 5:colcon.colcon_core.verb:set package 'tiago_2dnav_gazebo' build argument 'cmake_force_configure' from command line to 'False'
[0.759s] Level 5:colcon.colcon_core.verb:set package 'tiago_2dnav_gazebo' build argument 'ament_cmake_args' from command line to 'None'
[0.759s] Level 5:colcon.colcon_core.verb:set package 'tiago_2dnav_gazebo' build argument 'catkin_cmake_args' from command line to 'None'
[0.759s] Level 5:colcon.colcon_core.verb:set package 'tiago_2dnav_gazebo' build argument 'catkin_skip_building_tests' from command line to 'False'
[0.759s] DEBUG:colcon.colcon_core.verb:Building package 'tiago_2dnav_gazebo' with the following arguments: {'ament_cmake_args': None, 'build_base': '/home/khaledob/bookros2_ws/build/tiago_2dnav_gazebo', 'catkin_cmake_args': None, 'catkin_skip_building_tests': False, 'cmake_args': None, 'cmake_clean_cache': False, 'cmake_clean_first': False, 'cmake_force_configure': False, 'cmake_target': None, 'cmake_target_skip_unavailable': False, 'install_base': '/home/khaledob/bookros2_ws/install/tiago_2dnav_gazebo', 'merge_install': False, 'path': '/home/khaledob/bookros2_ws/src/ThirdParty/tiago_simulation/tiago_2dnav_gazebo', 'symlink_install': True, 'test_result_base': None}
[0.759s] Level 5:colcon.colcon_core.verb:set package 'tiago_simulation' build argument 'cmake_args' from command line to 'None'
[0.759s] Level 5:colcon.colcon_core.verb:set package 'tiago_simulation' build argument 'cmake_target' from command line to 'None'
[0.760s] Level 5:colcon.colcon_core.verb:set package 'tiago_simulation' build argument 'cmake_target_skip_unavailable' from command line to 'False'
[0.760s] Level 5:colcon.colcon_core.verb:set package 'tiago_simulation' build argument 'cmake_clean_cache' from command line to 'False'
[0.760s] Level 5:colcon.colcon_core.verb:set package 'tiago_simulation' build argument 'cmake_clean_first' from command line to 'False'
[0.760s] Level 5:colcon.colcon_core.verb:set package 'tiago_simulation' build argument 'cmake_force_configure' from command line to 'False'
[0.760s] Level 5:colcon.colcon_core.verb:set package 'tiago_simulation' build argument 'ament_cmake_args' from command line to 'None'
[0.760s] Level 5:colcon.colcon_core.verb:set package 'tiago_simulation' build argument 'catkin_cmake_args' from command line to 'None'
[0.760s] Level 5:colcon.colcon_core.verb:set package 'tiago_simulation' build argument 'catkin_skip_building_tests' from command line to 'False'
[0.760s] DEBUG:colcon.colcon_core.verb:Building package 'tiago_simulation' with the following arguments: {'ament_cmake_args': None, 'build_base': '/home/khaledob/bookros2_ws/build/tiago_simulation', 'catkin_cmake_args': None, 'catkin_skip_building_tests': False, 'cmake_args': None, 'cmake_clean_cache': False, 'cmake_clean_first': False, 'cmake_force_configure': False, 'cmake_target': None, 'cmake_target_skip_unavailable': False, 'install_base': '/home/khaledob/bookros2_ws/install/tiago_simulation', 'merge_install': False, 'path': '/home/khaledob/bookros2_ws/src/ThirdParty/tiago_simulation/tiago_simulation', 'symlink_install': True, 'test_result_base': None}
[0.760s] INFO:colcon.colcon_core.executor:Executing jobs using 'parallel' executor
[0.762s] DEBUG:colcon.colcon_parallel_executor.executor.parallel:run_until_complete
[0.763s] INFO:colcon.colcon_ros.task.ament_cmake.build:Building ROS package in '/home/khaledob/bookros2_ws/src/ThirdParty/ros2_control/ros2_control_test_assets' with build type 'ament_cmake'
[0.763s] INFO:colcon.colcon_cmake.task.cmake.build:Building CMake package in '/home/khaledob/bookros2_ws/src/ThirdParty/ros2_control/ros2_control_test_assets'
[0.767s] INFO:colcon.colcon_core.plugin_system:Skipping extension 'colcon_core.shell.bat': Not used on non-Windows systems
[0.767s] INFO:colcon.colcon_core.shell:Skip shell extension 'powershell' for command environment: Not usable outside of PowerShell
[0.767s] DEBUG:colcon.colcon_core.shell:Skip shell extension 'dsv' for command environment
[0.781s] INFO:colcon.colcon_ros.task.ament_cmake.build:Building ROS package in '/home/khaledob/bookros2_ws/src/ThirdParty/ros2_control/controller_manager_msgs' with build type 'ament_cmake'
[0.782s] INFO:colcon.colcon_cmake.task.cmake.build:Building CMake package in '/home/khaledob/bookros2_ws/src/ThirdParty/ros2_control/controller_manager_msgs'
[0.782s] INFO:colcon.colcon_core.shell:Skip shell extension 'powershell' for command environment: Not usable outside of PowerShell
[0.783s] DEBUG:colcon.colcon_core.shell:Skip shell extension 'dsv' for command environment
[0.795s] INFO:colcon.colcon_ros.task.ament_cmake.build:Building ROS package in '/home/khaledob/bookros2_ws/src/ThirdParty/urdf_test' with build type 'ament_cmake'
[0.796s] INFO:colcon.colcon_cmake.task.cmake.build:Building CMake package in '/home/khaledob/bookros2_ws/src/ThirdParty/urdf_test'
[0.797s] INFO:colcon.colcon_core.shell:Skip shell extension 'powershell' for command environment: Not usable outside of PowerShell
[0.798s] DEBUG:colcon.colcon_core.shell:Skip shell extension 'dsv' for command environment
[0.806s] INFO:colcon.colcon_ros.task.ament_python.build:Building ROS package in '/home/khaledob/bookros2_ws/src/ThirdParty/launch_pal' with build type 'ament_python'
[0.807s] Level 1:colcon.colcon_core.shell:create_environment_hook('launch_pal', 'ament_prefix_path')
[0.808s] INFO:colcon.colcon_core.shell:Creating environment hook '/home/khaledob/bookros2_ws/install/launch_pal/share/launch_pal/hook/ament_prefix_path.ps1'
[0.811s] INFO:colcon.colcon_core.shell:Creating environment descriptor '/home/khaledob/bookros2_ws/install/launch_pal/share/launch_pal/hook/ament_prefix_path.dsv'
[0.814s] INFO:colcon.colcon_core.shell:Creating environment hook '/home/khaledob/bookros2_ws/install/launch_pal/share/launch_pal/hook/ament_prefix_path.sh'
[0.817s] INFO:colcon.colcon_core.shell:Skip shell extension 'powershell' for command environment: Not usable outside of PowerShell
[0.818s] DEBUG:colcon.colcon_core.shell:Skip shell extension 'dsv' for command environment
[0.827s] INFO:colcon.colcon_ros.task.ament_cmake.build:Building ROS package in '/home/khaledob/bookros2_ws/src/ThirdParty/twist_mux' with build type 'ament_cmake'
[0.828s] INFO:colcon.colcon_cmake.task.cmake.build:Building CMake package in '/home/khaledob/bookros2_ws/src/ThirdParty/twist_mux'
[0.829s] INFO:colcon.colcon_core.shell:Skip shell extension 'powershell' for command environment: Not usable outside of PowerShell
[0.829s] DEBUG:colcon.colcon_core.shell:Skip shell extension 'dsv' for command environment
[0.852s] INFO:colcon.colcon_ros.task.ament_cmake.build:Building ROS package in '/home/khaledob/bookros2_ws/src/ThirdParty/hey5_description' with build type 'ament_cmake'
[0.853s] INFO:colcon.colcon_cmake.task.cmake.build:Building CMake package in '/home/khaledob/bookros2_ws/src/ThirdParty/hey5_description'
[0.854s] INFO:colcon.colcon_core.shell:Skip shell extension 'powershell' for command environment: Not usable outside of PowerShell
[0.854s] DEBUG:colcon.colcon_core.shell:Skip shell extension 'dsv' for command environment
[0.865s] INFO:colcon.colcon_ros.task.ament_cmake.build:Building ROS package in '/home/khaledob/bookros2_ws/src/ThirdParty/tiago_description_calibration' with build type 'ament_cmake'
[0.866s] INFO:colcon.colcon_cmake.task.cmake.build:Building CMake package in '/home/khaledob/bookros2_ws/src/ThirdParty/tiago_description_calibration'
[0.867s] INFO:colcon.colcon_core.shell:Skip shell extension 'powershell' for command environment: Not usable outside of PowerShell
[0.867s] DEBUG:colcon.colcon_core.shell:Skip shell extension 'dsv' for command environment
[0.906s] DEBUG:colcon.colcon_core.event_handler.log_command:Invoking command in '/home/khaledob/bookros2_ws/build/ros2_control_test_assets': CMAKE_PREFIX_PATH=/opt/ros/foxy /usr/bin/cmake --build /home/khaledob/bookros2_ws/build/ros2_control_test_assets -- -j7 -l7
[0.979s] DEBUG:colcon.colcon_core.event_handler.log_command:Invoking command in '/home/khaledob/bookros2_ws/build/controller_manager_msgs': CMAKE_PREFIX_PATH=/opt/ros/foxy /usr/bin/cmake --build /home/khaledob/bookros2_ws/build/controller_manager_msgs -- -j7 -l7
[0.986s] DEBUG:colcon.colcon_core.event_handler.log_command:Invoking command in '/home/khaledob/bookros2_ws/build/urdf_test': CMAKE_PREFIX_PATH=/opt/ros/foxy /usr/bin/cmake --build /home/khaledob/bookros2_ws/build/urdf_test -- -j7 -l7
[1.348s] INFO:colcon.colcon_core.task.python.build:Building Python package in '/home/khaledob/bookros2_ws/src/ThirdParty/launch_pal'
[1.349s] INFO:colcon.colcon_core.shell:Skip shell extension 'powershell' for command environment: Not usable outside of PowerShell
[1.349s] DEBUG:colcon.colcon_core.shell:Skip shell extension 'dsv' for command environment
[1.368s] DEBUG:colcon.colcon_core.event_handler.log_command:Invoking command in '/home/khaledob/bookros2_ws/build/twist_mux': CMAKE_PREFIX_PATH=/opt/ros/foxy /usr/bin/cmake --build /home/khaledob/bookros2_ws/build/twist_mux -- -j7 -l7
[1.379s] DEBUG:colcon.colcon_core.event_handler.log_command:Invoking command in '/home/khaledob/bookros2_ws/build/hey5_description': CMAKE_PREFIX_PATH=/opt/ros/foxy /usr/bin/cmake --build /home/khaledob/bookros2_ws/build/hey5_description -- -j7 -l7
[1.428s] DEBUG:colcon.colcon_core.event_handler.log_command:Invoked command in '/home/khaledob/bookros2_ws/build/ros2_control_test_assets' returned '0': CMAKE_PREFIX_PATH=/opt/ros/foxy /usr/bin/cmake --build /home/khaledob/bookros2_ws/build/ros2_control_test_assets -- -j7 -l7
[1.457s] DEBUG:colcon.colcon_core.event_handler.log_command:Invoking command in '/home/khaledob/bookros2_ws/build/ros2_control_test_assets': CMAKE_PREFIX_PATH=/opt/ros/foxy /usr/bin/cmake --install /home/khaledob/bookros2_ws/build/ros2_control_test_assets
[1.500s] DEBUG:colcon.colcon_core.event_handler.log_command:Invoking command in '/home/khaledob/bookros2_ws/build/tiago_description_calibration': CMAKE_PREFIX_PATH=/opt/ros/foxy /usr/bin/cmake --build /home/khaledob/bookros2_ws/build/tiago_description_calibration -- -j7 -l7
[1.504s] DEBUG:colcon.colcon_core.event_handler.log_command:Invoked command in '/home/khaledob/bookros2_ws/build/urdf_test' returned '0': CMAKE_PREFIX_PATH=/opt/ros/foxy /usr/bin/cmake --build /home/khaledob/bookros2_ws/build/urdf_test -- -j7 -l7
[1.510s] DEBUG:colcon.colcon_core.event_handler.log_command:Invoking command in '/home/khaledob/bookros2_ws/build/urdf_test': CMAKE_PREFIX_PATH=/opt/ros/foxy /usr/bin/cmake --install /home/khaledob/bookros2_ws/build/urdf_test
[1.573s] DEBUG:colcon.colcon_core.event_handler.log_command:Invoked command in '/home/khaledob/bookros2_ws/build/hey5_description' returned '0': CMAKE_PREFIX_PATH=/opt/ros/foxy /usr/bin/cmake --build /home/khaledob/bookros2_ws/build/hey5_description -- -j7 -l7
[1.583s] DEBUG:colcon.colcon_core.event_handler.log_command:Invoking command in '/home/khaledob/bookros2_ws/build/hey5_description': CMAKE_PREFIX_PATH=/opt/ros/foxy /usr/bin/cmake --install /home/khaledob/bookros2_ws/build/hey5_description
[1.594s] Level 1:colcon.colcon_core.environment:create_environment_scripts_only(ros2_control_test_assets)
[1.607s] DEBUG:colcon.colcon_core.event_handler.log_command:Invoked command in '/home/khaledob/bookros2_ws/build/ros2_control_test_assets' returned '0': CMAKE_PREFIX_PATH=/opt/ros/foxy /usr/bin/cmake --install /home/khaledob/bookros2_ws/build/ros2_control_test_assets
[1.648s] Level 1:colcon.colcon_core.environment:checking '/home/khaledob/bookros2_ws/install/ros2_control_test_assets' for CMake module files
[1.650s] Level 1:colcon.colcon_core.environment:checking '/home/khaledob/bookros2_ws/install/ros2_control_test_assets' for CMake config files
[1.651s] Level 1:colcon.colcon_core.shell:create_environment_hook('ros2_control_test_assets', 'cmake_prefix_path')
[1.651s] INFO:colcon.colcon_core.shell:Creating environment hook '/home/khaledob/bookros2_ws/install/ros2_control_test_assets/share/ros2_control_test_assets/hook/cmake_prefix_path.ps1'
[1.653s] INFO:colcon.colcon_core.shell:Creating environment descriptor '/home/khaledob/bookros2_ws/install/ros2_control_test_assets/share/ros2_control_test_assets/hook/cmake_prefix_path.dsv'
[1.655s] INFO:colcon.colcon_core.shell:Creating environment hook '/home/khaledob/bookros2_ws/install/ros2_control_test_assets/share/ros2_control_test_assets/hook/cmake_prefix_path.sh'
[1.658s] Level 1:colcon.colcon_core.environment:checking '/home/khaledob/bookros2_ws/install/ros2_control_test_assets/bin'
[1.659s] Level 1:colcon.colcon_core.environment:checking '/home/khaledob/bookros2_ws/install/ros2_control_test_assets/lib/pkgconfig/ros2_control_test_assets.pc'
[1.659s] Level 1:colcon.colcon_core.environment:checking '/home/khaledob/bookros2_ws/install/ros2_control_test_assets/lib/python3.8/site-packages'
[1.659s] Level 1:colcon.colcon_core.environment:checking '/home/khaledob/bookros2_ws/install/ros2_control_test_assets/bin'
[1.660s] INFO:colcon.colcon_core.shell:Creating package script '/home/khaledob/bookros2_ws/install/ros2_control_test_assets/share/ros2_control_test_assets/package.ps1'
[1.665s] INFO:colcon.colcon_core.shell:Creating package descriptor '/home/khaledob/bookros2_ws/install/ros2_control_test_assets/share/ros2_control_test_assets/package.dsv'
[1.668s] INFO:colcon.colcon_core.shell:Creating package script '/home/khaledob/bookros2_ws/install/ros2_control_test_assets/share/ros2_control_test_assets/package.sh'
[1.670s] INFO:colcon.colcon_core.shell:Creating package script '/home/khaledob/bookros2_ws/install/ros2_control_test_assets/share/ros2_control_test_assets/package.bash'
[1.672s] INFO:colcon.colcon_core.shell:Creating package script '/home/khaledob/bookros2_ws/install/ros2_control_test_assets/share/ros2_control_test_assets/package.zsh'
[1.676s] Level 1:colcon.colcon_core.environment:create_file_with_runtime_dependencies(/home/khaledob/bookros2_ws/install/ros2_control_test_assets/share/colcon-core/packages/ros2_control_test_assets)
[1.679s] Level 1:colcon.colcon_core.environment:create_environment_scripts_only(ros2_control_test_assets)
[1.680s] Level 1:colcon.colcon_core.environment:checking '/home/khaledob/bookros2_ws/install/ros2_control_test_assets' for CMake module files
[1.680s] Level 1:colcon.colcon_core.environment:checking '/home/khaledob/bookros2_ws/install/ros2_control_test_assets' for CMake config files
[1.681s] Level 1:colcon.colcon_core.shell:create_environment_hook('ros2_control_test_assets', 'cmake_prefix_path')
[1.682s] INFO:colcon.colcon_core.shell:Creating environment hook '/home/khaledob/bookros2_ws/install/ros2_control_test_assets/share/ros2_control_test_assets/hook/cmake_prefix_path.ps1'
[1.683s] INFO:colcon.colcon_core.shell:Creating environment descriptor '/home/khaledob/bookros2_ws/install/ros2_control_test_assets/share/ros2_control_test_assets/hook/cmake_prefix_path.dsv'
[1.684s] INFO:colcon.colcon_core.shell:Creating environment hook '/home/khaledob/bookros2_ws/install/ros2_control_test_assets/share/ros2_control_test_assets/hook/cmake_prefix_path.sh'
[1.685s] Level 1:colcon.colcon_core.environment:checking '/home/khaledob/bookros2_ws/install/ros2_control_test_assets/bin'
[1.686s] Level 1:colcon.colcon_core.environment:checking '/home/khaledob/bookros2_ws/install/ros2_control_test_assets/lib/pkgconfig/ros2_control_test_assets.pc'
[1.686s] Level 1:colcon.colcon_core.environment:checking '/home/khaledob/bookros2_ws/install/ros2_control_test_assets/lib/python3.8/site-packages'
[1.687s] Level 1:colcon.colcon_core.environment:checking '/home/khaledob/bookros2_ws/install/ros2_control_test_assets/bin'
[1.687s] INFO:colcon.colcon_core.shell:Creating package script '/home/khaledob/bookros2_ws/install/ros2_control_test_assets/share/ros2_control_test_assets/package.ps1'
[1.689s] INFO:colcon.colcon_core.shell:Creating package descriptor '/home/khaledob/bookros2_ws/install/ros2_control_test_assets/share/ros2_control_test_assets/package.dsv'
[1.690s] INFO:colcon.colcon_core.shell:Creating package script '/home/khaledob/bookros2_ws/install/ros2_control_test_assets/share/ros2_control_test_assets/package.sh'
[1.691s] INFO:colcon.colcon_core.shell:Creating package script '/home/khaledob/bookros2_ws/install/ros2_control_test_assets/share/ros2_control_test_assets/package.bash'
[1.693s] INFO:colcon.colcon_core.shell:Creating package script '/home/khaledob/bookros2_ws/install/ros2_control_test_assets/share/ros2_control_test_assets/package.zsh'
[1.695s] Level 1:colcon.colcon_core.environment:create_file_with_runtime_dependencies(/home/khaledob/bookros2_ws/install/ros2_control_test_assets/share/colcon-core/packages/ros2_control_test_assets)
[1.702s] INFO:colcon.colcon_ros.task.ament_cmake.build:Building ROS package in '/home/khaledob/bookros2_ws/src/ThirdParty/ros2_control/hardware_interface' with build type 'ament_cmake'
[1.702s] INFO:colcon.colcon_cmake.task.cmake.build:Building CMake package in '/home/khaledob/bookros2_ws/src/ThirdParty/ros2_control/hardware_interface'
[1.703s] INFO:colcon.colcon_core.shell:Skip shell extension 'powershell' for command environment: Not usable outside of PowerShell
[1.703s] DEBUG:colcon.colcon_core.shell:Skip shell extension 'dsv' for command environment
[1.720s] DEBUG:colcon.colcon_core.event_handler.log_command:Invoked command in '/home/khaledob/bookros2_ws/build/controller_manager_msgs' returned '0': CMAKE_PREFIX_PATH=/opt/ros/foxy /usr/bin/cmake --build /home/khaledob/bookros2_ws/build/controller_manager_msgs -- -j7 -l7
[1.732s] Level 1:colcon.colcon_core.environment:create_environment_scripts_only(urdf_test)
[1.736s] Level 1:colcon.colcon_core.environment:checking '/home/khaledob/bookros2_ws/install/urdf_test' for CMake module files
[1.737s] Level 1:colcon.colcon_core.environment:checking '/home/khaledob/bookros2_ws/install/urdf_test' for CMake config files
[1.738s] Level 1:colcon.colcon_core.shell:create_environment_hook('urdf_test', 'cmake_prefix_path')
[1.739s] INFO:colcon.colcon_core.shell:Creating environment hook '/home/khaledob/bookros2_ws/install/urdf_test/share/urdf_test/hook/cmake_prefix_path.ps1'
[1.740s] INFO:colcon.colcon_core.shell:Creating environment descriptor '/home/khaledob/bookros2_ws/install/urdf_test/share/urdf_test/hook/cmake_prefix_path.dsv'
[1.742s] INFO:colcon.colcon_core.shell:Creating environment hook '/home/khaledob/bookros2_ws/install/urdf_test/share/urdf_test/hook/cmake_prefix_path.sh'
[1.743s] DEBUG:colcon.colcon_core.event_handler.log_command:Invoking command in '/home/khaledob/bookros2_ws/build/controller_manager_msgs': CMAKE_PREFIX_PATH=/opt/ros/foxy /usr/bin/cmake --install /home/khaledob/bookros2_ws/build/controller_manager_msgs
[1.759s] DEBUG:colcon.colcon_core.event_handler.log_command:Invoked command in '/home/khaledob/bookros2_ws/build/urdf_test' returned '0': CMAKE_PREFIX_PATH=/opt/ros/foxy /usr/bin/cmake --install /home/khaledob/bookros2_ws/build/urdf_test
[1.770s] Level 1:colcon.colcon_core.environment:checking '/home/khaledob/bookros2_ws/install/urdf_test/lib'
[1.772s] Level 1:colcon.colcon_core.environment:checking '/home/khaledob/bookros2_ws/install/urdf_test/bin'
[1.774s] Level 1:colcon.colcon_core.environment:checking '/home/khaledob/bookros2_ws/install/urdf_test/lib/pkgconfig/urdf_test.pc'
[1.774s] Level 1:colcon.colcon_core.environment:checking '/home/khaledob/bookros2_ws/install/urdf_test/lib/python3.8/site-packages'
[1.775s] Level 1:colcon.colcon_core.shell:create_environment_hook('urdf_test', 'pythonpath')
[1.776s] INFO:colcon.colcon_core.shell:Creating environment hook '/home/khaledob/bookros2_ws/install/urdf_test/share/urdf_test/hook/pythonpath.ps1'
[1.778s] INFO:colcon.colcon_core.shell:Creating environment descriptor '/home/khaledob/bookros2_ws/install/urdf_test/share/urdf_test/hook/pythonpath.dsv'
[1.796s] INFO:colcon.colcon_core.shell:Creating environment hook '/home/khaledob/bookros2_ws/install/urdf_test/share/urdf_test/hook/pythonpath.sh'
[1.825s] Level 1:colcon.colcon_core.environment:checking '/home/khaledob/bookros2_ws/install/urdf_test/bin'
[1.829s] INFO:colcon.colcon_core.shell:Creating package script '/home/khaledob/bookros2_ws/install/urdf_test/share/urdf_test/package.ps1'
[1.839s] INFO:colcon.colcon_core.shell:Creating package descriptor '/home/khaledob/bookros2_ws/install/urdf_test/share/urdf_test/package.dsv'
[1.844s] INFO:colcon.colcon_core.shell:Creating package script '/home/khaledob/bookros2_ws/install/urdf_test/share/urdf_test/package.sh'
[1.856s] INFO:colcon.colcon_core.shell:Creating package script '/home/khaledob/bookros2_ws/install/urdf_test/share/urdf_test/package.bash'
[1.857s] INFO:colcon.colcon_core.shell:Creating package script '/home/khaledob/bookros2_ws/install/urdf_test/share/urdf_test/package.zsh'
[1.859s] Level 1:colcon.colcon_core.environment:create_file_with_runtime_dependencies(/home/khaledob/bookros2_ws/install/urdf_test/share/colcon-core/packages/urdf_test)
[1.861s] Level 1:colcon.colcon_core.environment:create_environment_scripts_only(urdf_test)
[1.862s] Level 1:colcon.colcon_core.environment:checking '/home/khaledob/bookros2_ws/install/urdf_test' for CMake module files
[1.863s] Level 1:colcon.colcon_core.environment:checking '/home/khaledob/bookros2_ws/install/urdf_test' for CMake config files
[1.872s] Level 1:colcon.colcon_core.shell:create_environment_hook('urdf_test', 'cmake_prefix_path')
[1.872s] INFO:colcon.colcon_core.shell:Creating environment hook '/home/khaledob/bookros2_ws/install/urdf_test/share/urdf_test/hook/cmake_prefix_path.ps1'
[1.926s] INFO:colcon.colcon_core.shell:Creating environment descriptor '/home/khaledob/bookros2_ws/install/urdf_test/share/urdf_test/hook/cmake_prefix_path.dsv'
[1.949s] INFO:colcon.colcon_core.shell:Creating environment hook '/home/khaledob/bookros2_ws/install/urdf_test/share/urdf_test/hook/cmake_prefix_path.sh'
[1.951s] Level 1:colcon.colcon_core.environment:checking '/home/khaledob/bookros2_ws/install/urdf_test/lib'
[1.960s] Level 1:colcon.colcon_core.environment:checking '/home/khaledob/bookros2_ws/install/urdf_test/bin'
[1.962s] Level 1:colcon.colcon_core.environment:checking '/home/khaledob/bookros2_ws/install/urdf_test/lib/pkgconfig/urdf_test.pc'
[1.963s] Level 1:colcon.colcon_core.environment:checking '/home/khaledob/bookros2_ws/install/urdf_test/lib/python3.8/site-packages'
[1.963s] Level 1:colcon.colcon_core.shell:create_environment_hook('urdf_test', 'pythonpath')
[1.963s] INFO:colcon.colcon_core.shell:Creating environment hook '/home/khaledob/bookros2_ws/install/urdf_test/share/urdf_test/hook/pythonpath.ps1'
[1.978s] INFO:colcon.colcon_core.shell:Creating environment descriptor '/home/khaledob/bookros2_ws/install/urdf_test/share/urdf_test/hook/pythonpath.dsv'
[2.001s] INFO:colcon.colcon_core.shell:Creating environment hook '/home/khaledob/bookros2_ws/install/urdf_test/share/urdf_test/hook/pythonpath.sh'
[2.017s] Level 1:colcon.colcon_core.environment:checking '/home/khaledob/bookros2_ws/install/urdf_test/bin'
[2.018s] INFO:colcon.colcon_core.shell:Creating package script '/home/khaledob/bookros2_ws/install/urdf_test/share/urdf_test/package.ps1'
[2.024s] INFO:colcon.colcon_core.shell:Creating package descriptor '/home/khaledob/bookros2_ws/install/urdf_test/share/urdf_test/package.dsv'
[2.027s] INFO:colcon.colcon_core.shell:Creating package script '/home/khaledob/bookros2_ws/install/urdf_test/share/urdf_test/package.sh'
[2.036s] INFO:colcon.colcon_core.shell:Creating package script '/home/khaledob/bookros2_ws/install/urdf_test/share/urdf_test/package.bash'
[2.038s] INFO:colcon.colcon_core.shell:Creating package script '/home/khaledob/bookros2_ws/install/urdf_test/share/urdf_test/package.zsh'
[2.039s] Level 1:colcon.colcon_core.environment:create_file_with_runtime_dependencies(/home/khaledob/bookros2_ws/install/urdf_test/share/colcon-core/packages/urdf_test)
[2.088s] DEBUG:colcon.colcon_core.event_handler.log_command:Invoked command in '/home/khaledob/bookros2_ws/build/twist_mux' returned '0': CMAKE_PREFIX_PATH=/opt/ros/foxy /usr/bin/cmake --build /home/khaledob/bookros2_ws/build/twist_mux -- -j7 -l7
[2.092s] DEBUG:colcon.colcon_core.event_handler.log_command:Invoking command in '/home/khaledob/bookros2_ws/build/twist_mux': CMAKE_PREFIX_PATH=/opt/ros/foxy /usr/bin/cmake --install /home/khaledob/bookros2_ws/build/twist_mux
[2.096s] DEBUG:colcon.colcon_core.event_handler.log_command:Invoked command in '/home/khaledob/bookros2_ws/build/tiago_description_calibration' returned '0': CMAKE_PREFIX_PATH=/opt/ros/foxy /usr/bin/cmake --build /home/khaledob/bookros2_ws/build/tiago_description_calibration -- -j7 -l7
[2.099s] DEBUG:colcon.colcon_core.event_handler.log_command:Invoking command in '/home/khaledob/bookros2_ws/build/tiago_description_calibration': CMAKE_PREFIX_PATH=/opt/ros/foxy /usr/bin/cmake --install /home/khaledob/bookros2_ws/build/tiago_description_calibration
[2.101s] Level 1:colcon.colcon_core.environment:create_environment_scripts_only(hey5_description)
[2.102s] Level 1:colcon.colcon_core.environment:checking '/home/khaledob/bookros2_ws/install/hey5_description' for CMake module files
[2.118s] DEBUG:colcon.colcon_core.event_handler.log_command:Invoked command in '/home/khaledob/bookros2_ws/build/hey5_description' returned '0': CMAKE_PREFIX_PATH=/opt/ros/foxy /usr/bin/cmake --install /home/khaledob/bookros2_ws/build/hey5_description
[2.119s] Level 1:colcon.colcon_core.environment:checking '/home/khaledob/bookros2_ws/install/hey5_description' for CMake config files
[2.120s] Level 1:colcon.colcon_core.shell:create_environment_hook('hey5_description', 'cmake_prefix_path')
[2.120s] INFO:colcon.colcon_core.shell:Creating environment hook '/home/khaledob/bookros2_ws/install/hey5_description/share/hey5_description/hook/cmake_prefix_path.ps1'
[2.122s] INFO:colcon.colcon_core.shell:Creating environment descriptor '/home/khaledob/bookros2_ws/install/hey5_description/share/hey5_description/hook/cmake_prefix_path.dsv'
[2.123s] INFO:colcon.colcon_core.shell:Creating environment hook '/home/khaledob/bookros2_ws/install/hey5_description/share/hey5_description/hook/cmake_prefix_path.sh'
[2.126s] Level 1:colcon.colcon_core.environment:checking '/home/khaledob/bookros2_ws/install/hey5_description/bin'
[2.127s] Level 1:colcon.colcon_core.environment:checking '/home/khaledob/bookros2_ws/install/hey5_description/lib/pkgconfig/hey5_description.pc'
[2.127s] Level 1:colcon.colcon_core.environment:checking '/home/khaledob/bookros2_ws/install/hey5_description/lib/python3.8/site-packages'
[2.128s] Level 1:colcon.colcon_core.environment:checking '/home/khaledob/bookros2_ws/install/hey5_description/bin'
[2.128s] INFO:colcon.colcon_core.shell:Creating package script '/home/khaledob/bookros2_ws/install/hey5_description/share/hey5_description/package.ps1'
[2.130s] INFO:colcon.colcon_core.shell:Creating package descriptor '/home/khaledob/bookros2_ws/install/hey5_description/share/hey5_description/package.dsv'
[2.132s] INFO:colcon.colcon_core.shell:Creating package script '/home/khaledob/bookros2_ws/install/hey5_description/share/hey5_description/package.sh'
[2.134s] INFO:colcon.colcon_core.shell:Creating package script '/home/khaledob/bookros2_ws/install/hey5_description/share/hey5_description/package.bash'
[2.136s] INFO:colcon.colcon_core.shell:Creating package script '/home/khaledob/bookros2_ws/install/hey5_description/share/hey5_description/package.zsh'
[2.138s] Level 1:colcon.colcon_core.environment:create_file_with_runtime_dependencies(/home/khaledob/bookros2_ws/install/hey5_description/share/colcon-core/packages/hey5_description)
[2.140s] Level 1:colcon.colcon_core.environment:create_environment_scripts_only(hey5_description)
[2.140s] Level 1:colcon.colcon_core.environment:checking '/home/khaledob/bookros2_ws/install/hey5_description' for CMake module files
[2.141s] Level 1:colcon.colcon_core.environment:checking '/home/khaledob/bookros2_ws/install/hey5_description' for CMake config files
[2.148s] Level 1:colcon.colcon_core.shell:create_environment_hook('hey5_description', 'cmake_prefix_path')
[2.148s] INFO:colcon.colcon_core.shell:Creating environment hook '/home/khaledob/bookros2_ws/install/hey5_description/share/hey5_description/hook/cmake_prefix_path.ps1'
[2.151s] INFO:colcon.colcon_core.shell:Creating environment descriptor '/home/khaledob/bookros2_ws/install/hey5_description/share/hey5_description/hook/cmake_prefix_path.dsv'
[2.152s] INFO:colcon.colcon_core.shell:Creating environment hook '/home/khaledob/bookros2_ws/install/hey5_description/share/hey5_description/hook/cmake_prefix_path.sh'
[2.164s] Level 1:colcon.colcon_core.environment:checking '/home/khaledob/bookros2_ws/install/hey5_description/bin'
[2.164s] Level 1:colcon.colcon_core.environment:checking '/home/khaledob/bookros2_ws/install/hey5_description/lib/pkgconfig/hey5_description.pc'
[2.164s] Level 1:colcon.colcon_core.environment:checking '/home/khaledob/bookros2_ws/install/hey5_description/lib/python3.8/site-packages'
[2.164s] Level 1:colcon.colcon_core.environment:checking '/home/khaledob/bookros2_ws/install/hey5_description/bin'
[2.164s] INFO:colcon.colcon_core.shell:Creating package script '/home/khaledob/bookros2_ws/install/hey5_description/share/hey5_description/package.ps1'
[2.171s] INFO:colcon.colcon_core.shell:Creating package descriptor '/home/khaledob/bookros2_ws/install/hey5_description/share/hey5_description/package.dsv'
[2.186s] INFO:colcon.colcon_core.shell:Creating package script '/home/khaledob/bookros2_ws/install/hey5_description/share/hey5_description/package.sh'
[2.195s] INFO:colcon.colcon_core.shell:Creating package script '/home/khaledob/bookros2_ws/install/hey5_description/share/hey5_description/package.bash'
[2.196s] INFO:colcon.colcon_core.shell:Creating package script '/home/khaledob/bookros2_ws/install/hey5_description/share/hey5_description/package.zsh'
[2.199s] Level 1:colcon.colcon_core.environment:create_file_with_runtime_dependencies(/home/khaledob/bookros2_ws/install/hey5_description/share/colcon-core/packages/hey5_description)
[2.202s] INFO:colcon.colcon_ros.task.ament_cmake.build:Building ROS package in '/home/khaledob/bookros2_ws/src/ThirdParty/pal_gripper/pal_gripper_description' with build type 'ament_cmake'
[2.203s] INFO:colcon.colcon_cmake.task.cmake.build:Building CMake package in '/home/khaledob/bookros2_ws/src/ThirdParty/pal_gripper/pal_gripper_description'
[2.204s] INFO:colcon.colcon_core.shell:Skip shell extension 'powershell' for command environment: Not usable outside of PowerShell
[2.204s] DEBUG:colcon.colcon_core.shell:Skip shell extension 'dsv' for command environment
[2.231s] INFO:colcon.colcon_ros.task.ament_cmake.build:Building ROS package in '/home/khaledob/bookros2_ws/src/ThirdParty/pal_gazebo_worlds' with build type 'ament_cmake'
[2.234s] INFO:colcon.colcon_cmake.task.cmake.build:Building CMake package in '/home/khaledob/bookros2_ws/src/ThirdParty/pal_gazebo_worlds'
[2.235s] INFO:colcon.colcon_core.shell:Skip shell extension 'powershell' for command environment: Not usable outside of PowerShell
[2.240s] DEBUG:colcon.colcon_core.shell:Skip shell extension 'dsv' for command environment
[2.300s] Level 1:colcon.colcon_core.environment:create_environment_scripts_only(tiago_description_calibration)
[2.300s] Level 1:colcon.colcon_core.environment:checking '/home/khaledob/bookros2_ws/install/tiago_description_calibration' for CMake module files
[2.303s] Level 1:colcon.colcon_core.environment:checking '/home/khaledob/bookros2_ws/install/tiago_description_calibration' for CMake config files
[2.309s] Level 1:colcon.colcon_core.shell:create_environment_hook('tiago_description_calibration', 'cmake_prefix_path')
[2.312s] INFO:colcon.colcon_core.shell:Creating environment hook '/home/khaledob/bookros2_ws/install/tiago_description_calibration/share/tiago_description_calibration/hook/cmake_prefix_path.ps1'
[2.316s] INFO:colcon.colcon_core.shell:Creating environment descriptor '/home/khaledob/bookros2_ws/install/tiago_description_calibration/share/tiago_description_calibration/hook/cmake_prefix_path.dsv'
[2.320s] DEBUG:colcon.colcon_core.event_handler.log_command:Invoked command in '/home/khaledob/bookros2_ws/build/tiago_description_calibration' returned '0': CMAKE_PREFIX_PATH=/opt/ros/foxy /usr/bin/cmake --install /home/khaledob/bookros2_ws/build/tiago_description_calibration
[2.323s] INFO:colcon.colcon_core.shell:Creating environment hook '/home/khaledob/bookros2_ws/install/tiago_description_calibration/share/tiago_description_calibration/hook/cmake_prefix_path.sh'
[2.325s] Level 1:colcon.colcon_core.environment:checking '/home/khaledob/bookros2_ws/install/tiago_description_calibration/bin'
[2.326s] Level 1:colcon.colcon_core.environment:checking '/home/khaledob/bookros2_ws/install/tiago_description_calibration/lib/pkgconfig/tiago_description_calibration.pc'
[2.327s] Level 1:colcon.colcon_core.environment:checking '/home/khaledob/bookros2_ws/install/tiago_description_calibration/lib/python3.8/site-packages'
[2.327s] Level 1:colcon.colcon_core.environment:checking '/home/khaledob/bookros2_ws/install/tiago_description_calibration/bin'
[2.327s] INFO:colcon.colcon_core.shell:Creating package script '/home/khaledob/bookros2_ws/install/tiago_description_calibration/share/tiago_description_calibration/package.ps1'
[2.328s] INFO:colcon.colcon_core.shell:Creating package descriptor '/home/khaledob/bookros2_ws/install/tiago_description_calibration/share/tiago_description_calibration/package.dsv'
[2.329s] INFO:colcon.colcon_core.shell:Creating package script '/home/khaledob/bookros2_ws/install/tiago_description_calibration/share/tiago_description_calibration/package.sh'
[2.329s] INFO:colcon.colcon_core.shell:Creating package script '/home/khaledob/bookros2_ws/install/tiago_description_calibration/share/tiago_description_calibration/package.bash'
[2.331s] INFO:colcon.colcon_core.shell:Creating package script '/home/khaledob/bookros2_ws/install/tiago_description_calibration/share/tiago_description_calibration/package.zsh'
[2.332s] Level 1:colcon.colcon_core.environment:create_file_with_runtime_dependencies(/home/khaledob/bookros2_ws/install/tiago_description_calibration/share/colcon-core/packages/tiago_description_calibration)
[2.335s] Level 1:colcon.colcon_core.environment:create_environment_scripts_only(tiago_description_calibration)
[2.335s] Level 1:colcon.colcon_core.environment:checking '/home/khaledob/bookros2_ws/install/tiago_description_calibration' for CMake module files
[2.336s] Level 1:colcon.colcon_core.environment:checking '/home/khaledob/bookros2_ws/install/tiago_description_calibration' for CMake config files
[2.337s] Level 1:colcon.colcon_core.shell:create_environment_hook('tiago_description_calibration', 'cmake_prefix_path')
[2.337s] INFO:colcon.colcon_core.shell:Creating environment hook '/home/khaledob/bookros2_ws/install/tiago_description_calibration/share/tiago_description_calibration/hook/cmake_prefix_path.ps1'
[2.371s] INFO:colcon.colcon_core.shell:Creating environment descriptor '/home/khaledob/bookros2_ws/install/tiago_description_calibration/share/tiago_description_calibration/hook/cmake_prefix_path.dsv'
[2.372s] INFO:colcon.colcon_core.shell:Creating environment hook '/home/khaledob/bookros2_ws/install/tiago_description_calibration/share/tiago_description_calibration/hook/cmake_prefix_path.sh'
[2.374s] Level 1:colcon.colcon_core.environment:checking '/home/khaledob/bookros2_ws/install/tiago_description_calibration/bin'
[2.374s] Level 1:colcon.colcon_core.environment:checking '/home/khaledob/bookros2_ws/install/tiago_description_calibration/lib/pkgconfig/tiago_description_calibration.pc'
[2.374s] Level 1:colcon.colcon_core.environment:checking '/home/khaledob/bookros2_ws/install/tiago_description_calibration/lib/python3.8/site-packages'
[2.375s] Level 1:colcon.colcon_core.environment:checking '/home/khaledob/bookros2_ws/install/tiago_description_calibration/bin'
[2.375s] INFO:colcon.colcon_core.shell:Creating package script '/home/khaledob/bookros2_ws/install/tiago_description_calibration/share/tiago_description_calibration/package.ps1'
[2.384s] INFO:colcon.colcon_core.shell:Creating package descriptor '/home/khaledob/bookros2_ws/install/tiago_description_calibration/share/tiago_description_calibration/package.dsv'
[2.388s] INFO:colcon.colcon_core.shell:Creating package script '/home/khaledob/bookros2_ws/install/tiago_description_calibration/share/tiago_description_calibration/package.sh'
[2.391s] INFO:colcon.colcon_core.shell:Creating package script '/home/khaledob/bookros2_ws/install/tiago_description_calibration/share/tiago_description_calibration/package.bash'
[2.403s] INFO:colcon.colcon_core.shell:Creating package script '/home/khaledob/bookros2_ws/install/tiago_description_calibration/share/tiago_description_calibration/package.zsh'
[2.404s] Level 1:colcon.colcon_core.environment:create_file_with_runtime_dependencies(/home/khaledob/bookros2_ws/install/tiago_description_calibration/share/colcon-core/packages/tiago_description_calibration)
[2.422s] DEBUG:colcon.colcon_core.event_handler.log_command:Invoking command in '/home/khaledob/bookros2_ws/build/hardware_interface': AMENT_PREFIX_PATH=/home/khaledob/bookros2_ws/install/ros2_control_test_assets:${AMENT_PREFIX_PATH} CMAKE_PREFIX_PATH=/home/khaledob/bookros2_ws/install/ros2_control_test_assets:/opt/ros/foxy /usr/bin/cmake --build /home/khaledob/bookros2_ws/build/hardware_interface -- -j7 -l7
[2.425s] INFO:colcon.colcon_ros.task.ament_cmake.build:Building ROS package in '/home/khaledob/bookros2_ws/src/ThirdParty/pmb2_navigation/pmb2_maps' with build type 'ament_cmake'
[2.426s] INFO:colcon.colcon_cmake.task.cmake.build:Building CMake package in '/home/khaledob/bookros2_ws/src/ThirdParty/pmb2_navigation/pmb2_maps'
[2.428s] INFO:colcon.colcon_core.shell:Skip shell extension 'powershell' for command environment: Not usable outside of PowerShell
[2.429s] DEBUG:colcon.colcon_core.shell:Skip shell extension 'dsv' for command environment
[2.441s] Level 1:colcon.colcon_core.environment:create_environment_scripts_only(twist_mux)
[2.442s] Level 1:colcon.colcon_core.environment:checking '/home/khaledob/bookros2_ws/install/twist_mux' for CMake module files
[2.448s] DEBUG:colcon.colcon_core.event_handler.log_command:Invoked command in '/home/khaledob/bookros2_ws/build/twist_mux' returned '0': CMAKE_PREFIX_PATH=/opt/ros/foxy /usr/bin/cmake --install /home/khaledob/bookros2_ws/build/twist_mux
[2.450s] Level 1:colcon.colcon_core.environment:checking '/home/khaledob/bookros2_ws/install/twist_mux' for CMake config files
[2.451s] Level 1:colcon.colcon_core.shell:create_environment_hook('twist_mux', 'cmake_prefix_path')
[2.451s] INFO:colcon.colcon_core.shell:Creating environment hook '/home/khaledob/bookros2_ws/install/twist_mux/share/twist_mux/hook/cmake_prefix_path.ps1'
[2.452s] INFO:colcon.colcon_core.shell:Creating environment descriptor '/home/khaledob/bookros2_ws/install/twist_mux/share/twist_mux/hook/cmake_prefix_path.dsv'
[2.454s] INFO:colcon.colcon_core.shell:Creating environment hook '/home/khaledob/bookros2_ws/install/twist_mux/share/twist_mux/hook/cmake_prefix_path.sh'
[2.462s] Level 1:colcon.colcon_core.environment:checking '/home/khaledob/bookros2_ws/install/twist_mux/lib'
[2.463s] Level 1:colcon.colcon_core.environment:checking '/home/khaledob/bookros2_ws/install/twist_mux/bin'
[2.463s] Level 1:colcon.colcon_core.environment:checking '/home/khaledob/bookros2_ws/install/twist_mux/lib/pkgconfig/twist_mux.pc'
[2.463s] Level 1:colcon.colcon_core.environment:checking '/home/khaledob/bookros2_ws/install/twist_mux/lib/python3.8/site-packages'
[2.463s] Level 1:colcon.colcon_core.environment:checking '/home/khaledob/bookros2_ws/install/twist_mux/bin'
[2.464s] INFO:colcon.colcon_core.shell:Creating package script '/home/khaledob/bookros2_ws/install/twist_mux/share/twist_mux/package.ps1'
[2.466s] INFO:colcon.colcon_core.shell:Creating package descriptor '/home/khaledob/bookros2_ws/install/twist_mux/share/twist_mux/package.dsv'
[2.467s] INFO:colcon.colcon_core.shell:Creating package script '/home/khaledob/bookros2_ws/install/twist_mux/share/twist_mux/package.sh'
[2.471s] INFO:colcon.colcon_core.shell:Creating package script '/home/khaledob/bookros2_ws/install/twist_mux/share/twist_mux/package.bash'
[2.472s] INFO:colcon.colcon_core.shell:Creating package script '/home/khaledob/bookros2_ws/install/twist_mux/share/twist_mux/package.zsh'
[2.483s] Level 1:colcon.colcon_core.environment:create_file_with_runtime_dependencies(/home/khaledob/bookros2_ws/install/twist_mux/share/colcon-core/packages/twist_mux)
[2.485s] Level 1:colcon.colcon_core.environment:create_environment_scripts_only(twist_mux)
[2.486s] Level 1:colcon.colcon_core.environment:checking '/home/khaledob/bookros2_ws/install/twist_mux' for CMake module files
[2.486s] Level 1:colcon.colcon_core.environment:checking '/home/khaledob/bookros2_ws/install/twist_mux' for CMake config files
[2.487s] Level 1:colcon.colcon_core.shell:create_environment_hook('twist_mux', 'cmake_prefix_path')
[2.487s] INFO:colcon.colcon_core.shell:Creating environment hook '/home/khaledob/bookros2_ws/install/twist_mux/share/twist_mux/hook/cmake_prefix_path.ps1'
[2.488s] INFO:colcon.colcon_core.shell:Creating environment descriptor '/home/khaledob/bookros2_ws/install/twist_mux/share/twist_mux/hook/cmake_prefix_path.dsv'
[2.490s] INFO:colcon.colcon_core.shell:Creating environment hook '/home/khaledob/bookros2_ws/install/twist_mux/share/twist_mux/hook/cmake_prefix_path.sh'
[2.492s] Level 1:colcon.colcon_core.environment:checking '/home/khaledob/bookros2_ws/install/twist_mux/lib'
[2.492s] Level 1:colcon.colcon_core.environment:checking '/home/khaledob/bookros2_ws/install/twist_mux/bin'
[2.493s] Level 1:colcon.colcon_core.environment:checking '/home/khaledob/bookros2_ws/install/twist_mux/lib/pkgconfig/twist_mux.pc'
[2.493s] Level 1:colcon.colcon_core.environment:checking '/home/khaledob/bookros2_ws/install/twist_mux/lib/python3.8/site-packages'
[2.493s] Level 1:colcon.colcon_core.environment:checking '/home/khaledob/bookros2_ws/install/twist_mux/bin'
[2.494s] INFO:colcon.colcon_core.shell:Creating package script '/home/khaledob/bookros2_ws/install/twist_mux/share/twist_mux/package.ps1'
[2.495s] INFO:colcon.colcon_core.shell:Creating package descriptor '/home/khaledob/bookros2_ws/install/twist_mux/share/twist_mux/package.dsv'
[2.497s] INFO:colcon.colcon_core.shell:Creating package script '/home/khaledob/bookros2_ws/install/twist_mux/share/twist_mux/package.sh'
[2.498s] INFO:colcon.colcon_core.shell:Creating package script '/home/khaledob/bookros2_ws/install/twist_mux/share/twist_mux/package.bash'
[2.499s] INFO:colcon.colcon_core.shell:Creating package script '/home/khaledob/bookros2_ws/install/twist_mux/share/twist_mux/package.zsh'
[2.500s] Level 1:colcon.colcon_core.environment:create_file_with_runtime_dependencies(/home/khaledob/bookros2_ws/install/twist_mux/share/colcon-core/packages/twist_mux)
[2.501s] Level 1:colcon.colcon_core.environment:create_environment_scripts_only(controller_manager_msgs)
[2.502s] Level 1:colcon.colcon_core.environment:checking '/home/khaledob/bookros2_ws/install/controller_manager_msgs' for CMake module files
[2.512s] Level 1:colcon.colcon_core.environment:checking '/home/khaledob/bookros2_ws/install/controller_manager_msgs' for CMake config files
[2.535s] Level 1:colcon.colcon_core.shell:create_environment_hook('controller_manager_msgs', 'cmake_prefix_path')
[2.539s] INFO:colcon.colcon_core.shell:Creating environment hook '/home/khaledob/bookros2_ws/install/controller_manager_msgs/share/controller_manager_msgs/hook/cmake_prefix_path.ps1'
[2.540s] INFO:colcon.colcon_core.shell:Creating environment descriptor '/home/khaledob/bookros2_ws/install/controller_manager_msgs/share/controller_manager_msgs/hook/cmake_prefix_path.dsv'
[2.541s] INFO:colcon.colcon_core.shell:Creating environment hook '/home/khaledob/bookros2_ws/install/controller_manager_msgs/share/controller_manager_msgs/hook/cmake_prefix_path.sh'
[2.548s] Level 1:colcon.colcon_core.environment:checking '/home/khaledob/bookros2_ws/install/controller_manager_msgs/lib'
[2.548s] Level 1:colcon.colcon_core.shell:create_environment_hook('controller_manager_msgs', 'ld_library_path_lib')
[2.548s] INFO:colcon.colcon_core.shell:Creating environment hook '/home/khaledob/bookros2_ws/install/controller_manager_msgs/share/controller_manager_msgs/hook/ld_library_path_lib.ps1'
[2.549s] INFO:colcon.colcon_core.shell:Creating environment descriptor '/home/khaledob/bookros2_ws/install/controller_manager_msgs/share/controller_manager_msgs/hook/ld_library_path_lib.dsv'
[2.550s] INFO:colcon.colcon_core.shell:Creating environment hook '/home/khaledob/bookros2_ws/install/controller_manager_msgs/share/controller_manager_msgs/hook/ld_library_path_lib.sh'
[2.551s] Level 1:colcon.colcon_core.environment:checking '/home/khaledob/bookros2_ws/install/controller_manager_msgs/bin'
[2.551s] Level 1:colcon.colcon_core.environment:checking '/home/khaledob/bookros2_ws/install/controller_manager_msgs/lib/pkgconfig/controller_manager_msgs.pc'
[2.552s] Level 1:colcon.colcon_core.environment:checking '/home/khaledob/bookros2_ws/install/controller_manager_msgs/lib/python3.8/site-packages'
[2.552s] Level 1:colcon.colcon_core.shell:create_environment_hook('controller_manager_msgs', 'pythonpath')
[2.553s] INFO:colcon.colcon_core.shell:Creating environment hook '/home/khaledob/bookros2_ws/install/controller_manager_msgs/share/controller_manager_msgs/hook/pythonpath.ps1'
[2.554s] INFO:colcon.colcon_core.shell:Creating environment descriptor '/home/khaledob/bookros2_ws/install/controller_manager_msgs/share/controller_manager_msgs/hook/pythonpath.dsv'
[2.555s] INFO:colcon.colcon_core.shell:Creating environment hook '/home/khaledob/bookros2_ws/install/controller_manager_msgs/share/controller_manager_msgs/hook/pythonpath.sh'
[2.533s] DEBUG:colcon.colcon_core.event_handler.log_command:Invoked command in '/home/khaledob/bookros2_ws/build/controller_manager_msgs' returned '0': CMAKE_PREFIX_PATH=/opt/ros/foxy /usr/bin/cmake --install /home/khaledob/bookros2_ws/build/controller_manager_msgs
[2.557s] Level 1:colcon.colcon_core.environment:checking '/home/khaledob/bookros2_ws/install/controller_manager_msgs/bin'
[2.561s] INFO:colcon.colcon_core.shell:Creating package script '/home/khaledob/bookros2_ws/install/controller_manager_msgs/share/controller_manager_msgs/package.ps1'
[2.567s] INFO:colcon.colcon_core.shell:Creating package descriptor '/home/khaledob/bookros2_ws/install/controller_manager_msgs/share/controller_manager_msgs/package.dsv'
[2.568s] INFO:colcon.colcon_core.shell:Creating package script '/home/khaledob/bookros2_ws/install/controller_manager_msgs/share/controller_manager_msgs/package.sh'
[2.584s] INFO:colcon.colcon_core.shell:Creating package script '/home/khaledob/bookros2_ws/install/controller_manager_msgs/share/controller_manager_msgs/package.bash'
[2.590s] INFO:colcon.colcon_core.shell:Creating package script '/home/khaledob/bookros2_ws/install/controller_manager_msgs/share/controller_manager_msgs/package.zsh'
[2.593s] Level 1:colcon.colcon_core.environment:create_file_with_runtime_dependencies(/home/khaledob/bookros2_ws/install/controller_manager_msgs/share/colcon-core/packages/controller_manager_msgs)
[2.599s] Level 1:colcon.colcon_core.environment:create_environment_scripts_only(controller_manager_msgs)
[2.599s] Level 1:colcon.colcon_core.environment:checking '/home/khaledob/bookros2_ws/install/controller_manager_msgs' for CMake module files
[2.600s] Level 1:colcon.colcon_core.environment:checking '/home/khaledob/bookros2_ws/install/controller_manager_msgs' for CMake config files
[2.601s] Level 1:colcon.colcon_core.shell:create_environment_hook('controller_manager_msgs', 'cmake_prefix_path')
[2.607s] INFO:colcon.colcon_core.shell:Creating environment hook '/home/khaledob/bookros2_ws/install/controller_manager_msgs/share/controller_manager_msgs/hook/cmake_prefix_path.ps1'
[2.610s] INFO:colcon.colcon_core.shell:Creating environment descriptor '/home/khaledob/bookros2_ws/install/controller_manager_msgs/share/controller_manager_msgs/hook/cmake_prefix_path.dsv'
[2.613s] INFO:colcon.colcon_core.shell:Creating environment hook '/home/khaledob/bookros2_ws/install/controller_manager_msgs/share/controller_manager_msgs/hook/cmake_prefix_path.sh'
[2.615s] Level 1:colcon.colcon_core.environment:checking '/home/khaledob/bookros2_ws/install/controller_manager_msgs/lib'
[2.615s] Level 1:colcon.colcon_core.shell:create_environment_hook('controller_manager_msgs', 'ld_library_path_lib')
[2.615s] INFO:colcon.colcon_core.shell:Creating environment hook '/home/khaledob/bookros2_ws/install/controller_manager_msgs/share/controller_manager_msgs/hook/ld_library_path_lib.ps1'
[2.616s] INFO:colcon.colcon_core.shell:Creating environment descriptor '/home/khaledob/bookros2_ws/install/controller_manager_msgs/share/controller_manager_msgs/hook/ld_library_path_lib.dsv'
[2.620s] INFO:colcon.colcon_core.shell:Creating environment hook '/home/khaledob/bookros2_ws/install/controller_manager_msgs/share/controller_manager_msgs/hook/ld_library_path_lib.sh'
[2.622s] Level 1:colcon.colcon_core.environment:checking '/home/khaledob/bookros2_ws/install/controller_manager_msgs/bin'
[2.622s] Level 1:colcon.colcon_core.environment:checking '/home/khaledob/bookros2_ws/install/controller_manager_msgs/lib/pkgconfig/controller_manager_msgs.pc'
[2.623s] Level 1:colcon.colcon_core.environment:checking '/home/khaledob/bookros2_ws/install/controller_manager_msgs/lib/python3.8/site-packages'
[2.623s] Level 1:colcon.colcon_core.shell:create_environment_hook('controller_manager_msgs', 'pythonpath')
[2.624s] INFO:colcon.colcon_core.shell:Creating environment hook '/home/khaledob/bookros2_ws/install/controller_manager_msgs/share/controller_manager_msgs/hook/pythonpath.ps1'
[2.627s] INFO:colcon.colcon_core.shell:Creating environment descriptor '/home/khaledob/bookros2_ws/install/controller_manager_msgs/share/controller_manager_msgs/hook/pythonpath.dsv'
[2.630s] INFO:colcon.colcon_core.shell:Creating environment hook '/home/khaledob/bookros2_ws/install/controller_manager_msgs/share/controller_manager_msgs/hook/pythonpath.sh'
[2.632s] Level 1:colcon.colcon_core.environment:checking '/home/khaledob/bookros2_ws/install/controller_manager_msgs/bin'
[2.633s] INFO:colcon.colcon_core.shell:Creating package script '/home/khaledob/bookros2_ws/install/controller_manager_msgs/share/controller_manager_msgs/package.ps1'
[2.635s] INFO:colcon.colcon_core.shell:Creating package descriptor '/home/khaledob/bookros2_ws/install/controller_manager_msgs/share/controller_manager_msgs/package.dsv'
[2.637s] INFO:colcon.colcon_core.shell:Creating package script '/home/khaledob/bookros2_ws/install/controller_manager_msgs/share/controller_manager_msgs/package.sh'
[2.643s] INFO:colcon.colcon_core.shell:Creating package script '/home/khaledob/bookros2_ws/install/controller_manager_msgs/share/controller_manager_msgs/package.bash'
[2.644s] INFO:colcon.colcon_core.shell:Creating package script '/home/khaledob/bookros2_ws/install/controller_manager_msgs/share/controller_manager_msgs/package.zsh'
[2.645s] Level 1:colcon.colcon_core.environment:create_file_with_runtime_dependencies(/home/khaledob/bookros2_ws/install/controller_manager_msgs/share/colcon-core/packages/controller_manager_msgs)
[2.675s] INFO:colcon.colcon_ros.task.ament_cmake.build:Building ROS package in '/home/khaledob/bookros2_ws/src/book_ros2/br2_tracking_msgs' with build type 'ament_cmake'
[2.682s] INFO:colcon.colcon_cmake.task.cmake.build:Building CMake package in '/home/khaledob/bookros2_ws/src/book_ros2/br2_tracking_msgs'
[2.683s] INFO:colcon.colcon_core.shell:Skip shell extension 'powershell' for command environment: Not usable outside of PowerShell
[2.683s] DEBUG:colcon.colcon_core.shell:Skip shell extension 'dsv' for command environment
[2.714s] DEBUG:colcon.colcon_core.event_handler.log_command:Invoking command in '/home/khaledob/bookros2_ws/build/launch_pal': PYTHONPATH=/home/khaledob/bookros2_ws/build/launch_pal/prefix_override:/usr/lib/python3/dist-packages/colcon_core/task/python/colcon_distutils_commands:/home/khaledob/bookros2_ws/install/launch_pal/lib/python3.8/site-packages:${PYTHONPATH} /usr/bin/python3 -W ignore:setup.py install is deprecated -W ignore:easy_install command is deprecated setup.py develop --editable --build-directory /home/khaledob/bookros2_ws/build/launch_pal/build --no-deps symlink_data
[2.725s] INFO:colcon.colcon_ros.task.ament_cmake.build:Building ROS package in '/home/khaledob/bookros2_ws/src/book_ros2/br2_basics' with build type 'ament_cmake'
[2.728s] INFO:colcon.colcon_cmake.task.cmake.build:Building CMake package in '/home/khaledob/bookros2_ws/src/book_ros2/br2_basics'
[2.728s] INFO:colcon.colcon_core.shell:Skip shell extension 'powershell' for command environment: Not usable outside of PowerShell
[2.728s] DEBUG:colcon.colcon_core.shell:Skip shell extension 'dsv' for command environment
[2.768s] DEBUG:colcon.colcon_core.event_handler.log_command:Invoking command in '/home/khaledob/bookros2_ws/build/pal_gripper_description': AMENT_PREFIX_PATH=/home/khaledob/bookros2_ws/install/urdf_test:${AMENT_PREFIX_PATH} CMAKE_PREFIX_PATH=/home/khaledob/bookros2_ws/install/urdf_test:/opt/ros/foxy PYTHONPATH=/home/khaledob/bookros2_ws/install/urdf_test/lib/python3.8/site-packages:${PYTHONPATH} /usr/bin/cmake --build /home/khaledob/bookros2_ws/build/pal_gripper_description -- -j7 -l7
[2.791s] DEBUG:colcon.colcon_core.event_handler.log_command:Invoking command in '/home/khaledob/bookros2_ws/build/pal_gazebo_worlds': CMAKE_PREFIX_PATH=/opt/ros/foxy /usr/bin/cmake --build /home/khaledob/bookros2_ws/build/pal_gazebo_worlds -- -j7 -l7
[2.865s] DEBUG:colcon.colcon_core.event_handler.log_command:Invoking command in '/home/khaledob/bookros2_ws/build/pmb2_maps': CMAKE_PREFIX_PATH=/opt/ros/foxy /usr/bin/cmake --build /home/khaledob/bookros2_ws/build/pmb2_maps -- -j7 -l7
[2.898s] DEBUG:colcon.colcon_core.event_handler.log_command:Invoking command in '/home/khaledob/bookros2_ws/build/br2_tracking_msgs': CMAKE_PREFIX_PATH=/opt/ros/foxy /usr/bin/cmake --build /home/khaledob/bookros2_ws/build/br2_tracking_msgs -- -j7 -l7
[2.924s] DEBUG:colcon.colcon_core.event_handler.log_command:Invoking command in '/home/khaledob/bookros2_ws/build/br2_basics': CMAKE_PREFIX_PATH=/opt/ros/foxy /usr/bin/cmake --build /home/khaledob/bookros2_ws/build/br2_basics -- -j7 -l7
[2.941s] DEBUG:colcon.colcon_core.event_handler.log_command:Invoked command in '/home/khaledob/bookros2_ws/build/pal_gripper_description' returned '0': AMENT_PREFIX_PATH=/home/khaledob/bookros2_ws/install/urdf_test:${AMENT_PREFIX_PATH} CMAKE_PREFIX_PATH=/home/khaledob/bookros2_ws/install/urdf_test:/opt/ros/foxy PYTHONPATH=/home/khaledob/bookros2_ws/install/urdf_test/lib/python3.8/site-packages:${PYTHONPATH} /usr/bin/cmake --build /home/khaledob/bookros2_ws/build/pal_gripper_description -- -j7 -l7
[2.963s] DEBUG:colcon.colcon_core.event_handler.log_command:Invoking command in '/home/khaledob/bookros2_ws/build/pal_gripper_description': AMENT_PREFIX_PATH=/home/khaledob/bookros2_ws/install/urdf_test:${AMENT_PREFIX_PATH} CMAKE_PREFIX_PATH=/home/khaledob/bookros2_ws/install/urdf_test:/opt/ros/foxy PYTHONPATH=/home/khaledob/bookros2_ws/install/urdf_test/lib/python3.8/site-packages:${PYTHONPATH} /usr/bin/cmake --install /home/khaledob/bookros2_ws/build/pal_gripper_description
[2.970s] DEBUG:colcon.colcon_core.event_handler.log_command:Invoked command in '/home/khaledob/bookros2_ws/build/pal_gazebo_worlds' returned '0': CMAKE_PREFIX_PATH=/opt/ros/foxy /usr/bin/cmake --build /home/khaledob/bookros2_ws/build/pal_gazebo_worlds -- -j7 -l7
[2.987s] DEBUG:colcon.colcon_core.event_handler.log_command:Invoking command in '/home/khaledob/bookros2_ws/build/pal_gazebo_worlds': CMAKE_PREFIX_PATH=/opt/ros/foxy /usr/bin/cmake --install /home/khaledob/bookros2_ws/build/pal_gazebo_worlds
[3.037s] DEBUG:colcon.colcon_core.event_handler.log_command:Invoked command in '/home/khaledob/bookros2_ws/build/hardware_interface' returned '0': AMENT_PREFIX_PATH=/home/khaledob/bookros2_ws/install/ros2_control_test_assets:${AMENT_PREFIX_PATH} CMAKE_PREFIX_PATH=/home/khaledob/bookros2_ws/install/ros2_control_test_assets:/opt/ros/foxy /usr/bin/cmake --build /home/khaledob/bookros2_ws/build/hardware_interface -- -j7 -l7
[3.039s] DEBUG:colcon.colcon_core.event_handler.log_command:Invoking command in '/home/khaledob/bookros2_ws/build/hardware_interface': AMENT_PREFIX_PATH=/home/khaledob/bookros2_ws/install/ros2_control_test_assets:${AMENT_PREFIX_PATH} CMAKE_PREFIX_PATH=/home/khaledob/bookros2_ws/install/ros2_control_test_assets:/opt/ros/foxy /usr/bin/cmake --install /home/khaledob/bookros2_ws/build/hardware_interface
[3.132s] Level 1:colcon.colcon_core.environment:create_environment_scripts_only(pal_gripper_description)
[3.133s] Level 1:colcon.colcon_core.environment:checking '/home/khaledob/bookros2_ws/install/pal_gripper_description' for CMake module files
[3.139s] Level 1:colcon.colcon_core.environment:checking '/home/khaledob/bookros2_ws/install/pal_gripper_description' for CMake config files
[3.146s] Level 1:colcon.colcon_core.shell:create_environment_hook('pal_gripper_description', 'cmake_prefix_path')
[3.146s] INFO:colcon.colcon_core.shell:Creating environment hook '/home/khaledob/bookros2_ws/install/pal_gripper_description/share/pal_gripper_description/hook/cmake_prefix_path.ps1'
[3.163s] INFO:colcon.colcon_core.shell:Creating environment descriptor '/home/khaledob/bookros2_ws/install/pal_gripper_description/share/pal_gripper_description/hook/cmake_prefix_path.dsv'
[3.165s] INFO:colcon.colcon_core.shell:Creating environment hook '/home/khaledob/bookros2_ws/install/pal_gripper_description/share/pal_gripper_description/hook/cmake_prefix_path.sh'
[3.178s] Level 1:colcon.colcon_core.environment:checking '/home/khaledob/bookros2_ws/install/pal_gripper_description/bin'
[3.179s] Level 1:colcon.colcon_core.environment:checking '/home/khaledob/bookros2_ws/install/pal_gripper_description/lib/pkgconfig/pal_gripper_description.pc'
[3.180s] Level 1:colcon.colcon_core.environment:checking '/home/khaledob/bookros2_ws/install/pal_gripper_description/lib/python3.8/site-packages'
[3.181s] Level 1:colcon.colcon_core.environment:checking '/home/khaledob/bookros2_ws/install/pal_gripper_description/bin'
[3.184s] INFO:colcon.colcon_core.shell:Creating package script '/home/khaledob/bookros2_ws/install/pal_gripper_description/share/pal_gripper_description/package.ps1'
[3.197s] DEBUG:colcon.colcon_core.event_handler.log_command:Invoked command in '/home/khaledob/bookros2_ws/build/pmb2_maps' returned '0': CMAKE_PREFIX_PATH=/opt/ros/foxy /usr/bin/cmake --build /home/khaledob/bookros2_ws/build/pmb2_maps -- -j7 -l7
[3.215s] DEBUG:colcon.colcon_core.event_handler.log_command:Invoking command in '/home/khaledob/bookros2_ws/build/pmb2_maps': CMAKE_PREFIX_PATH=/opt/ros/foxy /usr/bin/cmake --install /home/khaledob/bookros2_ws/build/pmb2_maps
[3.217s] INFO:colcon.colcon_core.shell:Creating package descriptor '/home/khaledob/bookros2_ws/install/pal_gripper_description/share/pal_gripper_description/package.dsv'
[3.225s] INFO:colcon.colcon_core.shell:Creating package script '/home/khaledob/bookros2_ws/install/pal_gripper_description/share/pal_gripper_description/package.sh'
[3.233s] INFO:colcon.colcon_core.shell:Creating package script '/home/khaledob/bookros2_ws/install/pal_gripper_description/share/pal_gripper_description/package.bash'
[3.241s] INFO:colcon.colcon_core.shell:Creating package script '/home/khaledob/bookros2_ws/install/pal_gripper_description/share/pal_gripper_description/package.zsh'
[3.243s] Level 1:colcon.colcon_core.environment:create_file_with_runtime_dependencies(/home/khaledob/bookros2_ws/install/pal_gripper_description/share/colcon-core/packages/pal_gripper_description)
[3.256s] Level 1:colcon.colcon_core.environment:create_environment_scripts_only(pal_gripper_description)
[3.258s] Level 1:colcon.colcon_core.environment:checking '/home/khaledob/bookros2_ws/install/pal_gripper_description' for CMake module files
[3.283s] Level 1:colcon.colcon_core.environment:checking '/home/khaledob/bookros2_ws/install/pal_gripper_description' for CMake config files
[3.312s] Level 1:colcon.colcon_core.shell:create_environment_hook('pal_gripper_description', 'cmake_prefix_path')
[3.313s] INFO:colcon.colcon_core.shell:Creating environment hook '/home/khaledob/bookros2_ws/install/pal_gripper_description/share/pal_gripper_description/hook/cmake_prefix_path.ps1'
[3.317s] INFO:colcon.colcon_core.shell:Creating environment descriptor '/home/khaledob/bookros2_ws/install/pal_gripper_description/share/pal_gripper_description/hook/cmake_prefix_path.dsv'
[3.326s] INFO:colcon.colcon_core.shell:Creating environment hook '/home/khaledob/bookros2_ws/install/pal_gripper_description/share/pal_gripper_description/hook/cmake_prefix_path.sh'
[3.331s] Level 1:colcon.colcon_core.environment:checking '/home/khaledob/bookros2_ws/install/pal_gripper_description/bin'
[3.333s] Level 1:colcon.colcon_core.environment:checking '/home/khaledob/bookros2_ws/install/pal_gripper_description/lib/pkgconfig/pal_gripper_description.pc'
[3.333s] Level 1:colcon.colcon_core.environment:checking '/home/khaledob/bookros2_ws/install/pal_gripper_description/lib/python3.8/site-packages'
[3.334s] Level 1:colcon.colcon_core.environment:checking '/home/khaledob/bookros2_ws/install/pal_gripper_description/bin'
[3.335s] INFO:colcon.colcon_core.shell:Creating package script '/home/khaledob/bookros2_ws/install/pal_gripper_description/share/pal_gripper_description/package.ps1'
[3.338s] INFO:colcon.colcon_core.shell:Creating package descriptor '/home/khaledob/bookros2_ws/install/pal_gripper_description/share/pal_gripper_description/package.dsv'
[3.350s] INFO:colcon.colcon_core.shell:Creating package script '/home/khaledob/bookros2_ws/install/pal_gripper_description/share/pal_gripper_description/package.sh'
[3.356s] INFO:colcon.colcon_core.shell:Creating package script '/home/khaledob/bookros2_ws/install/pal_gripper_description/share/pal_gripper_description/package.bash'
[3.376s] INFO:colcon.colcon_core.shell:Creating package script '/home/khaledob/bookros2_ws/install/pal_gripper_description/share/pal_gripper_description/package.zsh'
[3.378s] Level 1:colcon.colcon_core.environment:create_file_with_runtime_dependencies(/home/khaledob/bookros2_ws/install/pal_gripper_description/share/colcon-core/packages/pal_gripper_description)
[3.390s] INFO:colcon.colcon_ros.task.ament_cmake.build:Building ROS package in '/home/khaledob/bookros2_ws/src/book_ros2/br2_bt_bumpgo' with build type 'ament_cmake'
[3.392s] INFO:colcon.colcon_cmake.task.cmake.build:Building CMake package in '/home/khaledob/bookros2_ws/src/book_ros2/br2_bt_bumpgo'
[3.393s] INFO:colcon.colcon_core.shell:Skip shell extension 'powershell' for command environment: Not usable outside of PowerShell
[3.393s] DEBUG:colcon.colcon_core.shell:Skip shell extension 'dsv' for command environment
[3.431s] Level 1:colcon.colcon_core.environment:create_environment_scripts_only(pmb2_maps)
[3.432s] Level 1:colcon.colcon_core.environment:checking '/home/khaledob/bookros2_ws/install/pmb2_maps' for CMake module files
[3.438s] Level 1:colcon.colcon_core.environment:checking '/home/khaledob/bookros2_ws/install/pmb2_maps' for CMake config files
[3.444s] Level 1:colcon.colcon_core.shell:create_environment_hook('pmb2_maps', 'cmake_prefix_path')
[3.445s] INFO:colcon.colcon_core.shell:Creating environment hook '/home/khaledob/bookros2_ws/install/pmb2_maps/share/pmb2_maps/hook/cmake_prefix_path.ps1'
[3.446s] DEBUG:colcon.colcon_core.event_handler.log_command:Invoked command in '/home/khaledob/bookros2_ws/build/pal_gripper_description' returned '0': AMENT_PREFIX_PATH=/home/khaledob/bookros2_ws/install/urdf_test:${AMENT_PREFIX_PATH} CMAKE_PREFIX_PATH=/home/khaledob/bookros2_ws/install/urdf_test:/opt/ros/foxy PYTHONPATH=/home/khaledob/bookros2_ws/install/urdf_test/lib/python3.8/site-packages:${PYTHONPATH} /usr/bin/cmake --install /home/khaledob/bookros2_ws/build/pal_gripper_description
[3.448s] INFO:colcon.colcon_core.shell:Creating environment descriptor '/home/khaledob/bookros2_ws/install/pmb2_maps/share/pmb2_maps/hook/cmake_prefix_path.dsv'
[3.449s] INFO:colcon.colcon_core.shell:Creating environment hook '/home/khaledob/bookros2_ws/install/pmb2_maps/share/pmb2_maps/hook/cmake_prefix_path.sh'
[3.460s] Level 1:colcon.colcon_core.environment:checking '/home/khaledob/bookros2_ws/install/pmb2_maps/bin'
[3.461s] Level 1:colcon.colcon_core.environment:checking '/home/khaledob/bookros2_ws/install/pmb2_maps/lib/pkgconfig/pmb2_maps.pc'
[3.461s] Level 1:colcon.colcon_core.environment:checking '/home/khaledob/bookros2_ws/install/pmb2_maps/lib/python3.8/site-packages'
[3.462s] Level 1:colcon.colcon_core.environment:checking '/home/khaledob/bookros2_ws/install/pmb2_maps/bin'
[3.463s] INFO:colcon.colcon_core.shell:Creating package script '/home/khaledob/bookros2_ws/install/pmb2_maps/share/pmb2_maps/package.ps1'
[3.489s] INFO:colcon.colcon_core.shell:Creating package descriptor '/home/khaledob/bookros2_ws/install/pmb2_maps/share/pmb2_maps/package.dsv'
[3.491s] INFO:colcon.colcon_core.shell:Creating package script '/home/khaledob/bookros2_ws/install/pmb2_maps/share/pmb2_maps/package.sh'
[3.492s] INFO:colcon.colcon_core.shell:Creating package script '/home/khaledob/bookros2_ws/install/pmb2_maps/share/pmb2_maps/package.bash'
[3.495s] INFO:colcon.colcon_core.shell:Creating package script '/home/khaledob/bookros2_ws/install/pmb2_maps/share/pmb2_maps/package.zsh'
[3.496s] Level 1:colcon.colcon_core.environment:create_file_with_runtime_dependencies(/home/khaledob/bookros2_ws/install/pmb2_maps/share/colcon-core/packages/pmb2_maps)
[3.498s] Level 1:colcon.colcon_core.environment:create_environment_scripts_only(pmb2_maps)
[3.499s] Level 1:colcon.colcon_core.environment:checking '/home/khaledob/bookros2_ws/install/pmb2_maps' for CMake module files
[3.500s] Level 1:colcon.colcon_core.environment:checking '/home/khaledob/bookros2_ws/install/pmb2_maps' for CMake config files
[3.500s] Level 1:colcon.colcon_core.shell:create_environment_hook('pmb2_maps', 'cmake_prefix_path')
[3.501s] INFO:colcon.colcon_core.shell:Creating environment hook '/home/khaledob/bookros2_ws/install/pmb2_maps/share/pmb2_maps/hook/cmake_prefix_path.ps1'
[3.502s] INFO:colcon.colcon_core.shell:Creating environment descriptor '/home/khaledob/bookros2_ws/install/pmb2_maps/share/pmb2_maps/hook/cmake_prefix_path.dsv'
[3.527s] INFO:colcon.colcon_core.shell:Creating environment hook '/home/khaledob/bookros2_ws/install/pmb2_maps/share/pmb2_maps/hook/cmake_prefix_path.sh'
[3.530s] Level 1:colcon.colcon_core.environment:checking '/home/khaledob/bookros2_ws/install/pmb2_maps/bin'
[3.530s] Level 1:colcon.colcon_core.environment:checking '/home/khaledob/bookros2_ws/install/pmb2_maps/lib/pkgconfig/pmb2_maps.pc'
[3.530s] Level 1:colcon.colcon_core.environment:checking '/home/khaledob/bookros2_ws/install/pmb2_maps/lib/python3.8/site-packages'
[3.531s] Level 1:colcon.colcon_core.environment:checking '/home/khaledob/bookros2_ws/install/pmb2_maps/bin'
[3.532s] INFO:colcon.colcon_core.shell:Creating package script '/home/khaledob/bookros2_ws/install/pmb2_maps/share/pmb2_maps/package.ps1'
[3.533s] INFO:colcon.colcon_core.shell:Creating package descriptor '/home/khaledob/bookros2_ws/install/pmb2_maps/share/pmb2_maps/package.dsv'
[3.535s] INFO:colcon.colcon_core.shell:Creating package script '/home/khaledob/bookros2_ws/install/pmb2_maps/share/pmb2_maps/package.sh'
[3.542s] INFO:colcon.colcon_core.shell:Creating package script '/home/khaledob/bookros2_ws/install/pmb2_maps/share/pmb2_maps/package.bash'
[3.562s] INFO:colcon.colcon_core.shell:Creating package script '/home/khaledob/bookros2_ws/install/pmb2_maps/share/pmb2_maps/package.zsh'
[3.564s] Level 1:colcon.colcon_core.environment:create_file_with_runtime_dependencies(/home/khaledob/bookros2_ws/install/pmb2_maps/share/colcon-core/packages/pmb2_maps)
[3.565s] Level 1:colcon.colcon_core.environment:create_environment_scripts_only(hardware_interface)
[3.568s] Level 1:colcon.colcon_core.environment:checking '/home/khaledob/bookros2_ws/install/hardware_interface' for CMake module files
[3.569s] Level 1:colcon.colcon_core.environment:checking '/home/khaledob/bookros2_ws/install/hardware_interface' for CMake config files
[3.572s] Level 1:colcon.colcon_core.shell:create_environment_hook('hardware_interface', 'cmake_prefix_path')
[3.573s] INFO:colcon.colcon_core.shell:Creating environment hook '/home/khaledob/bookros2_ws/install/hardware_interface/share/hardware_interface/hook/cmake_prefix_path.ps1'
[3.574s] INFO:colcon.colcon_core.shell:Creating environment descriptor '/home/khaledob/bookros2_ws/install/hardware_interface/share/hardware_interface/hook/cmake_prefix_path.dsv'
[3.578s] INFO:colcon.colcon_core.shell:Creating environment hook '/home/khaledob/bookros2_ws/install/hardware_interface/share/hardware_interface/hook/cmake_prefix_path.sh'
[3.581s] DEBUG:colcon.colcon_core.event_handler.log_command:Invoked command in '/home/khaledob/bookros2_ws/build/pmb2_maps' returned '0': CMAKE_PREFIX_PATH=/opt/ros/foxy /usr/bin/cmake --install /home/khaledob/bookros2_ws/build/pmb2_maps
[3.585s] DEBUG:colcon.colcon_core.event_handler.log_command:Invoked command in '/home/khaledob/bookros2_ws/build/hardware_interface' returned '0': AMENT_PREFIX_PATH=/home/khaledob/bookros2_ws/install/ros2_control_test_assets:${AMENT_PREFIX_PATH} CMAKE_PREFIX_PATH=/home/khaledob/bookros2_ws/install/ros2_control_test_assets:/opt/ros/foxy /usr/bin/cmake --install /home/khaledob/bookros2_ws/build/hardware_interface
[3.586s] Level 1:colcon.colcon_core.environment:checking '/home/khaledob/bookros2_ws/install/hardware_interface/lib'
[3.586s] Level 1:colcon.colcon_core.shell:create_environment_hook('hardware_interface', 'ld_library_path_lib')
[3.587s] INFO:colcon.colcon_core.shell:Creating environment hook '/home/khaledob/bookros2_ws/install/hardware_interface/share/hardware_interface/hook/ld_library_path_lib.ps1'
[3.588s] INFO:colcon.colcon_core.shell:Creating environment descriptor '/home/khaledob/bookros2_ws/install/hardware_interface/share/hardware_interface/hook/ld_library_path_lib.dsv'
[3.589s] INFO:colcon.colcon_core.shell:Creating environment hook '/home/khaledob/bookros2_ws/install/hardware_interface/share/hardware_interface/hook/ld_library_path_lib.sh'
[3.590s] Level 1:colcon.colcon_core.environment:checking '/home/khaledob/bookros2_ws/install/hardware_interface/bin'
[3.590s] Level 1:colcon.colcon_core.environment:checking '/home/khaledob/bookros2_ws/install/hardware_interface/lib/pkgconfig/hardware_interface.pc'
[3.591s] Level 1:colcon.colcon_core.environment:checking '/home/khaledob/bookros2_ws/install/hardware_interface/lib/python3.8/site-packages'
[3.591s] Level 1:colcon.colcon_core.environment:checking '/home/khaledob/bookros2_ws/install/hardware_interface/bin'
[3.592s] INFO:colcon.colcon_core.shell:Creating package script '/home/khaledob/bookros2_ws/install/hardware_interface/share/hardware_interface/package.ps1'
[3.594s] INFO:colcon.colcon_core.shell:Creating package descriptor '/home/khaledob/bookros2_ws/install/hardware_interface/share/hardware_interface/package.dsv'
[3.595s] INFO:colcon.colcon_core.shell:Creating package script '/home/khaledob/bookros2_ws/install/hardware_interface/share/hardware_interface/package.sh'
[3.597s] INFO:colcon.colcon_core.shell:Creating package script '/home/khaledob/bookros2_ws/install/hardware_interface/share/hardware_interface/package.bash'
[3.598s] INFO:colcon.colcon_core.shell:Creating package script '/home/khaledob/bookros2_ws/install/hardware_interface/share/hardware_interface/package.zsh'
[3.600s] Level 1:colcon.colcon_core.environment:create_file_with_runtime_dependencies(/home/khaledob/bookros2_ws/install/hardware_interface/share/colcon-core/packages/hardware_interface)
[3.602s] Level 1:colcon.colcon_core.environment:create_environment_scripts_only(hardware_interface)
[3.603s] Level 1:colcon.colcon_core.environment:checking '/home/khaledob/bookros2_ws/install/hardware_interface' for CMake module files
[3.603s] Level 1:colcon.colcon_core.environment:checking '/home/khaledob/bookros2_ws/install/hardware_interface' for CMake config files
[3.604s] Level 1:colcon.colcon_core.shell:create_environment_hook('hardware_interface', 'cmake_prefix_path')
[3.605s] INFO:colcon.colcon_core.shell:Creating environment hook '/home/khaledob/bookros2_ws/install/hardware_interface/share/hardware_interface/hook/cmake_prefix_path.ps1'
[3.606s] INFO:colcon.colcon_core.shell:Creating environment descriptor '/home/khaledob/bookros2_ws/install/hardware_interface/share/hardware_interface/hook/cmake_prefix_path.dsv'
[3.608s] INFO:colcon.colcon_core.shell:Creating environment hook '/home/khaledob/bookros2_ws/install/hardware_interface/share/hardware_interface/hook/cmake_prefix_path.sh'
[3.610s] Level 1:colcon.colcon_core.environment:checking '/home/khaledob/bookros2_ws/install/hardware_interface/lib'
[3.611s] Level 1:colcon.colcon_core.shell:create_environment_hook('hardware_interface', 'ld_library_path_lib')
[3.611s] INFO:colcon.colcon_core.shell:Creating environment hook '/home/khaledob/bookros2_ws/install/hardware_interface/share/hardware_interface/hook/ld_library_path_lib.ps1'
[3.612s] INFO:colcon.colcon_core.shell:Creating environment descriptor '/home/khaledob/bookros2_ws/install/hardware_interface/share/hardware_interface/hook/ld_library_path_lib.dsv'
[3.614s] INFO:colcon.colcon_core.shell:Creating environment hook '/home/khaledob/bookros2_ws/install/hardware_interface/share/hardware_interface/hook/ld_library_path_lib.sh'
[3.615s] Level 1:colcon.colcon_core.environment:checking '/home/khaledob/bookros2_ws/install/hardware_interface/bin'
[3.615s] Level 1:colcon.colcon_core.environment:checking '/home/khaledob/bookros2_ws/install/hardware_interface/lib/pkgconfig/hardware_interface.pc'
[3.615s] Level 1:colcon.colcon_core.environment:checking '/home/khaledob/bookros2_ws/install/hardware_interface/lib/python3.8/site-packages'
[3.616s] Level 1:colcon.colcon_core.environment:checking '/home/khaledob/bookros2_ws/install/hardware_interface/bin'
[3.616s] INFO:colcon.colcon_core.shell:Creating package script '/home/khaledob/bookros2_ws/install/hardware_interface/share/hardware_interface/package.ps1'
[3.617s] INFO:colcon.colcon_core.shell:Creating package descriptor '/home/khaledob/bookros2_ws/install/hardware_interface/share/hardware_interface/package.dsv'
[3.619s] INFO:colcon.colcon_core.shell:Creating package script '/home/khaledob/bookros2_ws/install/hardware_interface/share/hardware_interface/package.sh'
[3.621s] INFO:colcon.colcon_core.shell:Creating package script '/home/khaledob/bookros2_ws/install/hardware_interface/share/hardware_interface/package.bash'
[3.623s] INFO:colcon.colcon_core.shell:Creating package script '/home/khaledob/bookros2_ws/install/hardware_interface/share/hardware_interface/package.zsh'
[3.625s] Level 1:colcon.colcon_core.environment:create_file_with_runtime_dependencies(/home/khaledob/bookros2_ws/install/hardware_interface/share/colcon-core/packages/hardware_interface)
[3.630s] INFO:colcon.colcon_ros.task.ament_cmake.build:Building ROS package in '/home/khaledob/bookros2_ws/src/ThirdParty/ros2_control/controller_interface' with build type 'ament_cmake'
[3.631s] INFO:colcon.colcon_cmake.task.cmake.build:Building CMake package in '/home/khaledob/bookros2_ws/src/ThirdParty/ros2_control/controller_interface'
[3.632s] INFO:colcon.colcon_core.shell:Skip shell extension 'powershell' for command environment: Not usable outside of PowerShell
[3.632s] DEBUG:colcon.colcon_core.shell:Skip shell extension 'dsv' for command environment
[3.655s] INFO:colcon.colcon_ros.task.ament_cmake.build:Building ROS package in '/home/khaledob/bookros2_ws/src/ThirdParty/pmb2_navigation/pmb2_2dnav' with build type 'ament_cmake'
[3.655s] INFO:colcon.colcon_cmake.task.cmake.build:Building CMake package in '/home/khaledob/bookros2_ws/src/ThirdParty/pmb2_navigation/pmb2_2dnav'
[3.656s] INFO:colcon.colcon_core.shell:Skip shell extension 'powershell' for command environment: Not usable outside of PowerShell
[3.656s] DEBUG:colcon.colcon_core.shell:Skip shell extension 'dsv' for command environment
[3.674s] DEBUG:colcon.colcon_core.event_handler.log_command:Invoked command in '/home/khaledob/bookros2_ws/build/br2_basics' returned '0': CMAKE_PREFIX_PATH=/opt/ros/foxy /usr/bin/cmake --build /home/khaledob/bookros2_ws/build/br2_basics -- -j7 -l7
[3.679s] DEBUG:colcon.colcon_core.event_handler.log_command:Invoking command in '/home/khaledob/bookros2_ws/build/br2_basics': CMAKE_PREFIX_PATH=/opt/ros/foxy /usr/bin/cmake --install /home/khaledob/bookros2_ws/build/br2_basics
[3.697s] Level 1:colcon.colcon_core.environment:create_environment_scripts_only(pal_gazebo_worlds)
[3.698s] Level 1:colcon.colcon_core.environment:checking '/home/khaledob/bookros2_ws/install/pal_gazebo_worlds' for CMake module files
[3.709s] Level 1:colcon.colcon_core.environment:checking '/home/khaledob/bookros2_ws/install/pal_gazebo_worlds' for CMake config files
[3.719s] DEBUG:colcon.colcon_core.event_handler.log_command:Invoked command in '/home/khaledob/bookros2_ws/build/pal_gazebo_worlds' returned '0': CMAKE_PREFIX_PATH=/opt/ros/foxy /usr/bin/cmake --install /home/khaledob/bookros2_ws/build/pal_gazebo_worlds
[3.751s] Level 1:colcon.colcon_core.shell:create_environment_hook('pal_gazebo_worlds', 'cmake_prefix_path')
[3.751s] INFO:colcon.colcon_core.shell:Creating environment hook '/home/khaledob/bookros2_ws/install/pal_gazebo_worlds/share/pal_gazebo_worlds/hook/cmake_prefix_path.ps1'
[3.752s] INFO:colcon.colcon_core.shell:Creating environment descriptor '/home/khaledob/bookros2_ws/install/pal_gazebo_worlds/share/pal_gazebo_worlds/hook/cmake_prefix_path.dsv'
[3.754s] INFO:colcon.colcon_core.shell:Creating environment hook '/home/khaledob/bookros2_ws/install/pal_gazebo_worlds/share/pal_gazebo_worlds/hook/cmake_prefix_path.sh'
[3.755s] Level 1:colcon.colcon_core.environment:checking '/home/khaledob/bookros2_ws/install/pal_gazebo_worlds/bin'
[3.755s] Level 1:colcon.colcon_core.environment:checking '/home/khaledob/bookros2_ws/install/pal_gazebo_worlds/lib/pkgconfig/pal_gazebo_worlds.pc'
[3.756s] Level 1:colcon.colcon_core.environment:checking '/home/khaledob/bookros2_ws/install/pal_gazebo_worlds/lib/python3.8/site-packages'
[3.756s] Level 1:colcon.colcon_core.environment:checking '/home/khaledob/bookros2_ws/install/pal_gazebo_worlds/bin'
[3.756s] INFO:colcon.colcon_core.shell:Creating package script '/home/khaledob/bookros2_ws/install/pal_gazebo_worlds/share/pal_gazebo_worlds/package.ps1'
[3.757s] INFO:colcon.colcon_core.shell:Creating package descriptor '/home/khaledob/bookros2_ws/install/pal_gazebo_worlds/share/pal_gazebo_worlds/package.dsv'
[3.758s] INFO:colcon.colcon_core.shell:Creating package script '/home/khaledob/bookros2_ws/install/pal_gazebo_worlds/share/pal_gazebo_worlds/package.sh'
[3.759s] INFO:colcon.colcon_core.shell:Creating package script '/home/khaledob/bookros2_ws/install/pal_gazebo_worlds/share/pal_gazebo_worlds/package.bash'
[3.760s] INFO:colcon.colcon_core.shell:Creating package script '/home/khaledob/bookros2_ws/install/pal_gazebo_worlds/share/pal_gazebo_worlds/package.zsh'
[3.761s] Level 1:colcon.colcon_core.environment:create_file_with_runtime_dependencies(/home/khaledob/bookros2_ws/install/pal_gazebo_worlds/share/colcon-core/packages/pal_gazebo_worlds)
[3.766s] Level 1:colcon.colcon_core.environment:create_environment_scripts_only(pal_gazebo_worlds)
[3.769s] Level 1:colcon.colcon_core.environment:checking '/home/khaledob/bookros2_ws/install/pal_gazebo_worlds' for CMake module files
[3.771s] Level 1:colcon.colcon_core.environment:checking '/home/khaledob/bookros2_ws/install/pal_gazebo_worlds' for CMake config files
[3.804s] Level 1:colcon.colcon_core.shell:create_environment_hook('pal_gazebo_worlds', 'cmake_prefix_path')
[3.807s] INFO:colcon.colcon_core.shell:Creating environment hook '/home/khaledob/bookros2_ws/install/pal_gazebo_worlds/share/pal_gazebo_worlds/hook/cmake_prefix_path.ps1'
[3.809s] INFO:colcon.colcon_core.shell:Creating environment descriptor '/home/khaledob/bookros2_ws/install/pal_gazebo_worlds/share/pal_gazebo_worlds/hook/cmake_prefix_path.dsv'
[3.811s] INFO:colcon.colcon_core.shell:Creating environment hook '/home/khaledob/bookros2_ws/install/pal_gazebo_worlds/share/pal_gazebo_worlds/hook/cmake_prefix_path.sh'
[3.814s] Level 1:colcon.colcon_core.environment:checking '/home/khaledob/bookros2_ws/install/pal_gazebo_worlds/bin'
[3.814s] Level 1:colcon.colcon_core.environment:checking '/home/khaledob/bookros2_ws/install/pal_gazebo_worlds/lib/pkgconfig/pal_gazebo_worlds.pc'
[3.815s] Level 1:colcon.colcon_core.environment:checking '/home/khaledob/bookros2_ws/install/pal_gazebo_worlds/lib/python3.8/site-packages'
[3.815s] Level 1:colcon.colcon_core.environment:checking '/home/khaledob/bookros2_ws/install/pal_gazebo_worlds/bin'
[3.816s] INFO:colcon.colcon_core.shell:Creating package script '/home/khaledob/bookros2_ws/install/pal_gazebo_worlds/share/pal_gazebo_worlds/package.ps1'
[3.818s] INFO:colcon.colcon_core.shell:Creating package descriptor '/home/khaledob/bookros2_ws/install/pal_gazebo_worlds/share/pal_gazebo_worlds/package.dsv'
[3.821s] INFO:colcon.colcon_core.shell:Creating package script '/home/khaledob/bookros2_ws/install/pal_gazebo_worlds/share/pal_gazebo_worlds/package.sh'
[3.823s] INFO:colcon.colcon_core.shell:Creating package script '/home/khaledob/bookros2_ws/install/pal_gazebo_worlds/share/pal_gazebo_worlds/package.bash'
[3.826s] INFO:colcon.colcon_core.shell:Creating package script '/home/khaledob/bookros2_ws/install/pal_gazebo_worlds/share/pal_gazebo_worlds/package.zsh'
[3.828s] Level 1:colcon.colcon_core.environment:create_file_with_runtime_dependencies(/home/khaledob/bookros2_ws/install/pal_gazebo_worlds/share/colcon-core/packages/pal_gazebo_worlds)
[3.832s] INFO:colcon.colcon_ros.task.ament_cmake.build:Building ROS package in '/home/khaledob/bookros2_ws/src/book_ros2/br2_bt_patrolling' with build type 'ament_cmake'
[3.832s] INFO:colcon.colcon_cmake.task.cmake.build:Building CMake package in '/home/khaledob/bookros2_ws/src/book_ros2/br2_bt_patrolling'
[3.833s] INFO:colcon.colcon_core.shell:Skip shell extension 'powershell' for command environment: Not usable outside of PowerShell
[3.834s] DEBUG:colcon.colcon_core.shell:Skip shell extension 'dsv' for command environment
[3.951s] Level 1:colcon.colcon_core.environment:create_environment_scripts_only(br2_basics)
[3.953s] Level 1:colcon.colcon_core.environment:checking '/home/khaledob/bookros2_ws/install/br2_basics' for CMake module files
[3.956s] Level 1:colcon.colcon_core.environment:checking '/home/khaledob/bookros2_ws/install/br2_basics' for CMake config files
[3.960s] Level 1:colcon.colcon_core.shell:create_environment_hook('br2_basics', 'cmake_prefix_path')
[3.961s] INFO:colcon.colcon_core.shell:Creating environment hook '/home/khaledob/bookros2_ws/install/br2_basics/share/br2_basics/hook/cmake_prefix_path.ps1'
[3.966s] DEBUG:colcon.colcon_core.event_handler.log_command:Invoking command in '/home/khaledob/bookros2_ws/build/br2_bt_bumpgo': CMAKE_PREFIX_PATH=/opt/ros/foxy /usr/bin/cmake --build /home/khaledob/bookros2_ws/build/br2_bt_bumpgo -- -j7 -l7
[3.973s] INFO:colcon.colcon_core.shell:Creating environment descriptor '/home/khaledob/bookros2_ws/install/br2_basics/share/br2_basics/hook/cmake_prefix_path.dsv'
[3.981s] DEBUG:colcon.colcon_core.event_handler.log_command:Invoked command in '/home/khaledob/bookros2_ws/build/br2_basics' returned '0': CMAKE_PREFIX_PATH=/opt/ros/foxy /usr/bin/cmake --install /home/khaledob/bookros2_ws/build/br2_basics
[3.986s] INFO:colcon.colcon_core.shell:Creating environment hook '/home/khaledob/bookros2_ws/install/br2_basics/share/br2_basics/hook/cmake_prefix_path.sh'
[3.988s] Level 1:colcon.colcon_core.environment:checking '/home/khaledob/bookros2_ws/install/br2_basics/lib'
[3.988s] Level 1:colcon.colcon_core.environment:checking '/home/khaledob/bookros2_ws/install/br2_basics/bin'
[3.988s] Level 1:colcon.colcon_core.environment:checking '/home/khaledob/bookros2_ws/install/br2_basics/lib/pkgconfig/br2_basics.pc'
[3.989s] Level 1:colcon.colcon_core.environment:checking '/home/khaledob/bookros2_ws/install/br2_basics/lib/python3.8/site-packages'
[3.989s] Level 1:colcon.colcon_core.environment:checking '/home/khaledob/bookros2_ws/install/br2_basics/bin'
[3.990s] INFO:colcon.colcon_core.shell:Creating package script '/home/khaledob/bookros2_ws/install/br2_basics/share/br2_basics/package.ps1'
[3.991s] INFO:colcon.colcon_core.shell:Creating package descriptor '/home/khaledob/bookros2_ws/install/br2_basics/share/br2_basics/package.dsv'
[3.994s] INFO:colcon.colcon_core.shell:Creating package script '/home/khaledob/bookros2_ws/install/br2_basics/share/br2_basics/package.sh'
[3.995s] INFO:colcon.colcon_core.shell:Creating package script '/home/khaledob/bookros2_ws/install/br2_basics/share/br2_basics/package.bash'
[3.997s] INFO:colcon.colcon_core.shell:Creating package script '/home/khaledob/bookros2_ws/install/br2_basics/share/br2_basics/package.zsh'
[3.998s] Level 1:colcon.colcon_core.environment:create_file_with_runtime_dependencies(/home/khaledob/bookros2_ws/install/br2_basics/share/colcon-core/packages/br2_basics)
[4.001s] Level 1:colcon.colcon_core.environment:create_environment_scripts_only(br2_basics)
[4.002s] Level 1:colcon.colcon_core.environment:checking '/home/khaledob/bookros2_ws/install/br2_basics' for CMake module files
[4.003s] Level 1:colcon.colcon_core.environment:checking '/home/khaledob/bookros2_ws/install/br2_basics' for CMake config files
[4.003s] Level 1:colcon.colcon_core.shell:create_environment_hook('br2_basics', 'cmake_prefix_path')
[4.004s] INFO:colcon.colcon_core.shell:Creating environment hook '/home/khaledob/bookros2_ws/install/br2_basics/share/br2_basics/hook/cmake_prefix_path.ps1'
[4.005s] INFO:colcon.colcon_core.shell:Creating environment descriptor '/home/khaledob/bookros2_ws/install/br2_basics/share/br2_basics/hook/cmake_prefix_path.dsv'
[4.006s] INFO:colcon.colcon_core.shell:Creating environment hook '/home/khaledob/bookros2_ws/install/br2_basics/share/br2_basics/hook/cmake_prefix_path.sh'
[4.008s] Level 1:colcon.colcon_core.environment:checking '/home/khaledob/bookros2_ws/install/br2_basics/lib'
[4.008s] Level 1:colcon.colcon_core.environment:checking '/home/khaledob/bookros2_ws/install/br2_basics/bin'
[4.008s] Level 1:colcon.colcon_core.environment:checking '/home/khaledob/bookros2_ws/install/br2_basics/lib/pkgconfig/br2_basics.pc'
[4.008s] Level 1:colcon.colcon_core.environment:checking '/home/khaledob/bookros2_ws/install/br2_basics/lib/python3.8/site-packages'
[4.008s] Level 1:colcon.colcon_core.environment:checking '/home/khaledob/bookros2_ws/install/br2_basics/bin'
[4.009s] INFO:colcon.colcon_core.shell:Creating package script '/home/khaledob/bookros2_ws/install/br2_basics/share/br2_basics/package.ps1'
[4.011s] INFO:colcon.colcon_core.shell:Creating package descriptor '/home/khaledob/bookros2_ws/install/br2_basics/share/br2_basics/package.dsv'
[4.013s] INFO:colcon.colcon_core.shell:Creating package script '/home/khaledob/bookros2_ws/install/br2_basics/share/br2_basics/package.sh'
[4.015s] INFO:colcon.colcon_core.shell:Creating package script '/home/khaledob/bookros2_ws/install/br2_basics/share/br2_basics/package.bash'
[4.018s] INFO:colcon.colcon_core.shell:Creating package script '/home/khaledob/bookros2_ws/install/br2_basics/share/br2_basics/package.zsh'
[4.027s] Level 1:colcon.colcon_core.environment:create_file_with_runtime_dependencies(/home/khaledob/bookros2_ws/install/br2_basics/share/colcon-core/packages/br2_basics)
[4.082s] DEBUG:colcon.colcon_core.event_handler.log_command:Invoking command in '/home/khaledob/bookros2_ws/build/controller_interface': AMENT_PREFIX_PATH=/home/khaledob/bookros2_ws/install/hardware_interface:/home/khaledob/bookros2_ws/install/ros2_control_test_assets:${AMENT_PREFIX_PATH} CMAKE_PREFIX_PATH=/home/khaledob/bookros2_ws/install/hardware_interface:/home/khaledob/bookros2_ws/install/ros2_control_test_assets:/opt/ros/foxy LD_LIBRARY_PATH=/home/khaledob/bookros2_ws/install/hardware_interface/lib:${LD_LIBRARY_PATH} /usr/bin/cmake --build /home/khaledob/bookros2_ws/build/controller_interface -- -j7 -l7
[4.104s] DEBUG:colcon.colcon_core.event_handler.log_command:Invoking command in '/home/khaledob/bookros2_ws/build/pmb2_2dnav': AMENT_PREFIX_PATH=/home/khaledob/bookros2_ws/install/pmb2_maps:${AMENT_PREFIX_PATH} CMAKE_PREFIX_PATH=/home/khaledob/bookros2_ws/install/pmb2_maps:/opt/ros/foxy /usr/bin/cmake --build /home/khaledob/bookros2_ws/build/pmb2_2dnav -- -j7 -l7
[4.122s] INFO:colcon.colcon_ros.task.ament_cmake.build:Building ROS package in '/home/khaledob/bookros2_ws/src/book_ros2/br2_fsm_bumpgo_cpp' with build type 'ament_cmake'
[4.123s] INFO:colcon.colcon_cmake.task.cmake.build:Building CMake package in '/home/khaledob/bookros2_ws/src/book_ros2/br2_fsm_bumpgo_cpp'
[4.125s] INFO:colcon.colcon_core.shell:Skip shell extension 'powershell' for command environment: Not usable outside of PowerShell
[4.128s] DEBUG:colcon.colcon_core.shell:Skip shell extension 'dsv' for command environment
[4.202s] DEBUG:colcon.colcon_core.event_handler.log_command:Invoking command in '/home/khaledob/bookros2_ws/build/br2_bt_patrolling': CMAKE_PREFIX_PATH=/opt/ros/foxy /usr/bin/cmake --build /home/khaledob/bookros2_ws/build/br2_bt_patrolling -- -j7 -l7
[4.246s] DEBUG:colcon.colcon_core.event_handler.log_command:Invoked command in '/home/khaledob/bookros2_ws/build/br2_tracking_msgs' returned '0': CMAKE_PREFIX_PATH=/opt/ros/foxy /usr/bin/cmake --build /home/khaledob/bookros2_ws/build/br2_tracking_msgs -- -j7 -l7
[4.274s] DEBUG:colcon.colcon_core.event_handler.log_command:Invoking command in '/home/khaledob/bookros2_ws/build/br2_tracking_msgs': CMAKE_PREFIX_PATH=/opt/ros/foxy /usr/bin/cmake --install /home/khaledob/bookros2_ws/build/br2_tracking_msgs
[4.279s] Level 1:colcon.colcon_core.shell:create_environment_hook('launch_pal', 'pythonpath_develop')
[4.282s] INFO:colcon.colcon_core.shell:Creating environment hook '/home/khaledob/bookros2_ws/build/launch_pal/share/launch_pal/hook/pythonpath_develop.ps1'
[4.291s] DEBUG:colcon.colcon_core.event_handler.log_command:Invoked command in '/home/khaledob/bookros2_ws/build/launch_pal' returned '0': PYTHONPATH=/home/khaledob/bookros2_ws/build/launch_pal/prefix_override:/usr/lib/python3/dist-packages/colcon_core/task/python/colcon_distutils_commands:/home/khaledob/bookros2_ws/install/launch_pal/lib/python3.8/site-packages:${PYTHONPATH} /usr/bin/python3 -W ignore:setup.py install is deprecated -W ignore:easy_install command is deprecated setup.py develop --editable --build-directory /home/khaledob/bookros2_ws/build/launch_pal/build --no-deps symlink_data
[4.292s] INFO:colcon.colcon_core.shell:Creating environment descriptor '/home/khaledob/bookros2_ws/build/launch_pal/share/launch_pal/hook/pythonpath_develop.dsv'
[4.300s] INFO:colcon.colcon_core.shell:Creating environment hook '/home/khaledob/bookros2_ws/build/launch_pal/share/launch_pal/hook/pythonpath_develop.sh'
[4.303s] Level 1:colcon.colcon_core.environment:checking '/home/khaledob/bookros2_ws/install/launch_pal' for CMake module files
[4.340s] Level 1:colcon.colcon_core.environment:checking '/home/khaledob/bookros2_ws/install/launch_pal' for CMake config files
[4.345s] Level 1:colcon.colcon_core.environment:checking '/home/khaledob/bookros2_ws/install/launch_pal/lib'
[4.345s] Level 1:colcon.colcon_core.environment:checking '/home/khaledob/bookros2_ws/install/launch_pal/bin'
[4.346s] Level 1:colcon.colcon_core.environment:checking '/home/khaledob/bookros2_ws/install/launch_pal/lib/pkgconfig/launch_pal.pc'
[4.347s] Level 1:colcon.colcon_core.environment:checking '/home/khaledob/bookros2_ws/install/launch_pal/lib/python3.8/site-packages'
[4.347s] Level 1:colcon.colcon_core.shell:create_environment_hook('launch_pal', 'pythonpath')
[4.347s] INFO:colcon.colcon_core.shell:Creating environment hook '/home/khaledob/bookros2_ws/install/launch_pal/share/launch_pal/hook/pythonpath.ps1'
[4.419s] INFO:colcon.colcon_core.shell:Creating environment descriptor '/home/khaledob/bookros2_ws/install/launch_pal/share/launch_pal/hook/pythonpath.dsv'
[4.421s] INFO:colcon.colcon_core.shell:Creating environment hook '/home/khaledob/bookros2_ws/install/launch_pal/share/launch_pal/hook/pythonpath.sh'
[4.435s] Level 1:colcon.colcon_core.environment:checking '/home/khaledob/bookros2_ws/install/launch_pal/bin'
[4.436s] Level 1:colcon.colcon_core.environment:create_environment_scripts_only(launch_pal)
[4.451s] INFO:colcon.colcon_core.shell:Creating package script '/home/khaledob/bookros2_ws/install/launch_pal/share/launch_pal/package.ps1'
[4.466s] INFO:colcon.colcon_core.shell:Creating package descriptor '/home/khaledob/bookros2_ws/install/launch_pal/share/launch_pal/package.dsv'
[4.494s] INFO:colcon.colcon_core.shell:Creating package script '/home/khaledob/bookros2_ws/install/launch_pal/share/launch_pal/package.sh'
[4.498s] INFO:colcon.colcon_core.shell:Creating package script '/home/khaledob/bookros2_ws/install/launch_pal/share/launch_pal/package.bash'
[4.538s] INFO:colcon.colcon_core.shell:Creating package script '/home/khaledob/bookros2_ws/install/launch_pal/share/launch_pal/package.zsh'
[4.539s] Level 1:colcon.colcon_core.environment:create_file_with_runtime_dependencies(/home/khaledob/bookros2_ws/install/launch_pal/share/colcon-core/packages/launch_pal)
[4.553s] INFO:colcon.colcon_ros.task.ament_python.build:Building ROS package in '/home/khaledob/bookros2_ws/src/book_ros2/br2_fsm_bumpgo_py' with build type 'ament_python'
[4.553s] Level 1:colcon.colcon_core.shell:create_environment_hook('br2_fsm_bumpgo_py', 'ament_prefix_path')
[4.554s] INFO:colcon.colcon_core.shell:Creating environment hook '/home/khaledob/bookros2_ws/install/br2_fsm_bumpgo_py/share/br2_fsm_bumpgo_py/hook/ament_prefix_path.ps1'
[4.561s] INFO:colcon.colcon_core.shell:Creating environment descriptor '/home/khaledob/bookros2_ws/install/br2_fsm_bumpgo_py/share/br2_fsm_bumpgo_py/hook/ament_prefix_path.dsv'
[4.577s] INFO:colcon.colcon_core.shell:Creating environment hook '/home/khaledob/bookros2_ws/install/br2_fsm_bumpgo_py/share/br2_fsm_bumpgo_py/hook/ament_prefix_path.sh'
[4.579s] INFO:colcon.colcon_core.shell:Skip shell extension 'powershell' for command environment: Not usable outside of PowerShell
[4.579s] DEBUG:colcon.colcon_core.shell:Skip shell extension 'dsv' for command environment
[4.651s] DEBUG:colcon.colcon_core.event_handler.log_command:Invoking command in '/home/khaledob/bookros2_ws/build/br2_fsm_bumpgo_cpp': CMAKE_PREFIX_PATH=/opt/ros/foxy /usr/bin/cmake --build /home/khaledob/bookros2_ws/build/br2_fsm_bumpgo_cpp -- -j7 -l7
[4.700s] DEBUG:colcon.colcon_core.event_handler.log_command:Invoked command in '/home/khaledob/bookros2_ws/build/pmb2_2dnav' returned '0': AMENT_PREFIX_PATH=/home/khaledob/bookros2_ws/install/pmb2_maps:${AMENT_PREFIX_PATH} CMAKE_PREFIX_PATH=/home/khaledob/bookros2_ws/install/pmb2_maps:/opt/ros/foxy /usr/bin/cmake --build /home/khaledob/bookros2_ws/build/pmb2_2dnav -- -j7 -l7
[4.705s] DEBUG:colcon.colcon_core.event_handler.log_command:Invoking command in '/home/khaledob/bookros2_ws/build/pmb2_2dnav': AMENT_PREFIX_PATH=/home/khaledob/bookros2_ws/install/pmb2_maps:${AMENT_PREFIX_PATH} CMAKE_PREFIX_PATH=/home/khaledob/bookros2_ws/install/pmb2_maps:/opt/ros/foxy /usr/bin/cmake --install /home/khaledob/bookros2_ws/build/pmb2_2dnav
[5.063s] INFO:colcon.colcon_core.task.python.build:Building Python package in '/home/khaledob/bookros2_ws/src/book_ros2/br2_fsm_bumpgo_py'
[5.065s] INFO:colcon.colcon_core.shell:Skip shell extension 'powershell' for command environment: Not usable outside of PowerShell
[5.065s] DEBUG:colcon.colcon_core.shell:Skip shell extension 'dsv' for command environment
[5.085s] Level 1:colcon.colcon_core.environment:create_environment_scripts_only(br2_tracking_msgs)
[5.086s] Level 1:colcon.colcon_core.environment:checking '/home/khaledob/bookros2_ws/install/br2_tracking_msgs' for CMake module files
[5.092s] DEBUG:colcon.colcon_core.event_handler.log_command:Invoked command in '/home/khaledob/bookros2_ws/build/br2_tracking_msgs' returned '0': CMAKE_PREFIX_PATH=/opt/ros/foxy /usr/bin/cmake --install /home/khaledob/bookros2_ws/build/br2_tracking_msgs
[5.092s] Level 1:colcon.colcon_core.environment:checking '/home/khaledob/bookros2_ws/install/br2_tracking_msgs' for CMake config files
[5.094s] Level 1:colcon.colcon_core.shell:create_environment_hook('br2_tracking_msgs', 'cmake_prefix_path')
[5.095s] INFO:colcon.colcon_core.shell:Creating environment hook '/home/khaledob/bookros2_ws/install/br2_tracking_msgs/share/br2_tracking_msgs/hook/cmake_prefix_path.ps1'
[5.096s] INFO:colcon.colcon_core.shell:Creating environment descriptor '/home/khaledob/bookros2_ws/install/br2_tracking_msgs/share/br2_tracking_msgs/hook/cmake_prefix_path.dsv'
[5.098s] INFO:colcon.colcon_core.shell:Creating environment hook '/home/khaledob/bookros2_ws/install/br2_tracking_msgs/share/br2_tracking_msgs/hook/cmake_prefix_path.sh'
[5.100s] Level 1:colcon.colcon_core.environment:checking '/home/khaledob/bookros2_ws/install/br2_tracking_msgs/lib'
[5.100s] Level 1:colcon.colcon_core.shell:create_environment_hook('br2_tracking_msgs', 'ld_library_path_lib')
[5.101s] INFO:colcon.colcon_core.shell:Creating environment hook '/home/khaledob/bookros2_ws/install/br2_tracking_msgs/share/br2_tracking_msgs/hook/ld_library_path_lib.ps1'
[5.102s] INFO:colcon.colcon_core.shell:Creating environment descriptor '/home/khaledob/bookros2_ws/install/br2_tracking_msgs/share/br2_tracking_msgs/hook/ld_library_path_lib.dsv'
[5.103s] INFO:colcon.colcon_core.shell:Creating environment hook '/home/khaledob/bookros2_ws/install/br2_tracking_msgs/share/br2_tracking_msgs/hook/ld_library_path_lib.sh'
[5.104s] Level 1:colcon.colcon_core.environment:checking '/home/khaledob/bookros2_ws/install/br2_tracking_msgs/bin'
[5.104s] Level 1:colcon.colcon_core.environment:checking '/home/khaledob/bookros2_ws/install/br2_tracking_msgs/lib/pkgconfig/br2_tracking_msgs.pc'
[5.104s] Level 1:colcon.colcon_core.environment:checking '/home/khaledob/bookros2_ws/install/br2_tracking_msgs/lib/python3.8/site-packages'
[5.105s] Level 1:colcon.colcon_core.shell:create_environment_hook('br2_tracking_msgs', 'pythonpath')
[5.105s] INFO:colcon.colcon_core.shell:Creating environment hook '/home/khaledob/bookros2_ws/install/br2_tracking_msgs/share/br2_tracking_msgs/hook/pythonpath.ps1'
[5.106s] INFO:colcon.colcon_core.shell:Creating environment descriptor '/home/khaledob/bookros2_ws/install/br2_tracking_msgs/share/br2_tracking_msgs/hook/pythonpath.dsv'
[5.107s] INFO:colcon.colcon_core.shell:Creating environment hook '/home/khaledob/bookros2_ws/install/br2_tracking_msgs/share/br2_tracking_msgs/hook/pythonpath.sh'
[5.108s] Level 1:colcon.colcon_core.environment:checking '/home/khaledob/bookros2_ws/install/br2_tracking_msgs/bin'
[5.110s] INFO:colcon.colcon_core.shell:Creating package script '/home/khaledob/bookros2_ws/install/br2_tracking_msgs/share/br2_tracking_msgs/package.ps1'
[5.113s] INFO:colcon.colcon_core.shell:Creating package descriptor '/home/khaledob/bookros2_ws/install/br2_tracking_msgs/share/br2_tracking_msgs/package.dsv'
[5.115s] INFO:colcon.colcon_core.shell:Creating package script '/home/khaledob/bookros2_ws/install/br2_tracking_msgs/share/br2_tracking_msgs/package.sh'
[5.116s] INFO:colcon.colcon_core.shell:Creating package script '/home/khaledob/bookros2_ws/install/br2_tracking_msgs/share/br2_tracking_msgs/package.bash'
[5.117s] INFO:colcon.colcon_core.shell:Creating package script '/home/khaledob/bookros2_ws/install/br2_tracking_msgs/share/br2_tracking_msgs/package.zsh'
[5.118s] Level 1:colcon.colcon_core.environment:create_file_with_runtime_dependencies(/home/khaledob/bookros2_ws/install/br2_tracking_msgs/share/colcon-core/packages/br2_tracking_msgs)
[5.120s] Level 1:colcon.colcon_core.environment:create_environment_scripts_only(br2_tracking_msgs)
[5.120s] Level 1:colcon.colcon_core.environment:checking '/home/khaledob/bookros2_ws/install/br2_tracking_msgs' for CMake module files
[5.121s] Level 1:colcon.colcon_core.environment:checking '/home/khaledob/bookros2_ws/install/br2_tracking_msgs' for CMake config files
[5.121s] Level 1:colcon.colcon_core.shell:create_environment_hook('br2_tracking_msgs', 'cmake_prefix_path')
[5.122s] INFO:colcon.colcon_core.shell:Creating environment hook '/home/khaledob/bookros2_ws/install/br2_tracking_msgs/share/br2_tracking_msgs/hook/cmake_prefix_path.ps1'
[5.122s] INFO:colcon.colcon_core.shell:Creating environment descriptor '/home/khaledob/bookros2_ws/install/br2_tracking_msgs/share/br2_tracking_msgs/hook/cmake_prefix_path.dsv'
[5.123s] INFO:colcon.colcon_core.shell:Creating environment hook '/home/khaledob/bookros2_ws/install/br2_tracking_msgs/share/br2_tracking_msgs/hook/cmake_prefix_path.sh'
[5.124s] Level 1:colcon.colcon_core.environment:checking '/home/khaledob/bookros2_ws/install/br2_tracking_msgs/lib'
[5.125s] Level 1:colcon.colcon_core.shell:create_environment_hook('br2_tracking_msgs', 'ld_library_path_lib')
[5.125s] INFO:colcon.colcon_core.shell:Creating environment hook '/home/khaledob/bookros2_ws/install/br2_tracking_msgs/share/br2_tracking_msgs/hook/ld_library_path_lib.ps1'
[5.127s] INFO:colcon.colcon_core.shell:Creating environment descriptor '/home/khaledob/bookros2_ws/install/br2_tracking_msgs/share/br2_tracking_msgs/hook/ld_library_path_lib.dsv'
[5.128s] INFO:colcon.colcon_core.shell:Creating environment hook '/home/khaledob/bookros2_ws/install/br2_tracking_msgs/share/br2_tracking_msgs/hook/ld_library_path_lib.sh'
[5.129s] Level 1:colcon.colcon_core.environment:checking '/home/khaledob/bookros2_ws/install/br2_tracking_msgs/bin'
[5.130s] Level 1:colcon.colcon_core.environment:checking '/home/khaledob/bookros2_ws/install/br2_tracking_msgs/lib/pkgconfig/br2_tracking_msgs.pc'
[5.130s] Level 1:colcon.colcon_core.environment:checking '/home/khaledob/bookros2_ws/install/br2_tracking_msgs/lib/python3.8/site-packages'
[5.130s] Level 1:colcon.colcon_core.shell:create_environment_hook('br2_tracking_msgs', 'pythonpath')
[5.131s] INFO:colcon.colcon_core.shell:Creating environment hook '/home/khaledob/bookros2_ws/install/br2_tracking_msgs/share/br2_tracking_msgs/hook/pythonpath.ps1'
[5.132s] INFO:colcon.colcon_core.shell:Creating environment descriptor '/home/khaledob/bookros2_ws/install/br2_tracking_msgs/share/br2_tracking_msgs/hook/pythonpath.dsv'
[5.133s] INFO:colcon.colcon_core.shell:Creating environment hook '/home/khaledob/bookros2_ws/install/br2_tracking_msgs/share/br2_tracking_msgs/hook/pythonpath.sh'
[5.134s] Level 1:colcon.colcon_core.environment:checking '/home/khaledob/bookros2_ws/install/br2_tracking_msgs/bin'
[5.135s] INFO:colcon.colcon_core.shell:Creating package script '/home/khaledob/bookros2_ws/install/br2_tracking_msgs/share/br2_tracking_msgs/package.ps1'
[5.136s] INFO:colcon.colcon_core.shell:Creating package descriptor '/home/khaledob/bookros2_ws/install/br2_tracking_msgs/share/br2_tracking_msgs/package.dsv'
[5.138s] INFO:colcon.colcon_core.shell:Creating package script '/home/khaledob/bookros2_ws/install/br2_tracking_msgs/share/br2_tracking_msgs/package.sh'
[5.138s] INFO:colcon.colcon_core.shell:Creating package script '/home/khaledob/bookros2_ws/install/br2_tracking_msgs/share/br2_tracking_msgs/package.bash'
[5.139s] INFO:colcon.colcon_core.shell:Creating package script '/home/khaledob/bookros2_ws/install/br2_tracking_msgs/share/br2_tracking_msgs/package.zsh'
[5.140s] Level 1:colcon.colcon_core.environment:create_file_with_runtime_dependencies(/home/khaledob/bookros2_ws/install/br2_tracking_msgs/share/colcon-core/packages/br2_tracking_msgs)
[5.141s] Level 1:colcon.colcon_core.environment:create_environment_scripts_only(pmb2_2dnav)
[5.144s] Level 1:colcon.colcon_core.environment:checking '/home/khaledob/bookros2_ws/install/pmb2_2dnav' for CMake module files
[5.145s] DEBUG:colcon.colcon_core.event_handler.log_command:Invoked command in '/home/khaledob/bookros2_ws/build/pmb2_2dnav' returned '0': AMENT_PREFIX_PATH=/home/khaledob/bookros2_ws/install/pmb2_maps:${AMENT_PREFIX_PATH} CMAKE_PREFIX_PATH=/home/khaledob/bookros2_ws/install/pmb2_maps:/opt/ros/foxy /usr/bin/cmake --install /home/khaledob/bookros2_ws/build/pmb2_2dnav
[5.147s] Level 1:colcon.colcon_core.environment:checking '/home/khaledob/bookros2_ws/install/pmb2_2dnav' for CMake config files
[5.147s] Level 1:colcon.colcon_core.shell:create_environment_hook('pmb2_2dnav', 'cmake_prefix_path')
[5.148s] INFO:colcon.colcon_core.shell:Creating environment hook '/home/khaledob/bookros2_ws/install/pmb2_2dnav/share/pmb2_2dnav/hook/cmake_prefix_path.ps1'
[5.149s] INFO:colcon.colcon_core.shell:Creating environment descriptor '/home/khaledob/bookros2_ws/install/pmb2_2dnav/share/pmb2_2dnav/hook/cmake_prefix_path.dsv'
[5.150s] INFO:colcon.colcon_core.shell:Creating environment hook '/home/khaledob/bookros2_ws/install/pmb2_2dnav/share/pmb2_2dnav/hook/cmake_prefix_path.sh'
[5.151s] Level 1:colcon.colcon_core.environment:checking '/home/khaledob/bookros2_ws/install/pmb2_2dnav/lib'
[5.151s] Level 1:colcon.colcon_core.environment:checking '/home/khaledob/bookros2_ws/install/pmb2_2dnav/bin'
[5.151s] Level 1:colcon.colcon_core.environment:checking '/home/khaledob/bookros2_ws/install/pmb2_2dnav/lib/pkgconfig/pmb2_2dnav.pc'
[5.151s] Level 1:colcon.colcon_core.environment:checking '/home/khaledob/bookros2_ws/install/pmb2_2dnav/lib/python3.8/site-packages'
[5.152s] Level 1:colcon.colcon_core.environment:checking '/home/khaledob/bookros2_ws/install/pmb2_2dnav/bin'
[5.152s] INFO:colcon.colcon_core.shell:Creating package script '/home/khaledob/bookros2_ws/install/pmb2_2dnav/share/pmb2_2dnav/package.ps1'
[5.153s] INFO:colcon.colcon_core.shell:Creating package descriptor '/home/khaledob/bookros2_ws/install/pmb2_2dnav/share/pmb2_2dnav/package.dsv'
[5.154s] INFO:colcon.colcon_core.shell:Creating package script '/home/khaledob/bookros2_ws/install/pmb2_2dnav/share/pmb2_2dnav/package.sh'
[5.155s] INFO:colcon.colcon_core.shell:Creating package script '/home/khaledob/bookros2_ws/install/pmb2_2dnav/share/pmb2_2dnav/package.bash'
[5.156s] INFO:colcon.colcon_core.shell:Creating package script '/home/khaledob/bookros2_ws/install/pmb2_2dnav/share/pmb2_2dnav/package.zsh'
[5.157s] Level 1:colcon.colcon_core.environment:create_file_with_runtime_dependencies(/home/khaledob/bookros2_ws/install/pmb2_2dnav/share/colcon-core/packages/pmb2_2dnav)
[5.159s] Level 1:colcon.colcon_core.environment:create_environment_scripts_only(pmb2_2dnav)
[5.160s] Level 1:colcon.colcon_core.environment:checking '/home/khaledob/bookros2_ws/install/pmb2_2dnav' for CMake module files
[5.160s] Level 1:colcon.colcon_core.environment:checking '/home/khaledob/bookros2_ws/install/pmb2_2dnav' for CMake config files
[5.161s] Level 1:colcon.colcon_core.shell:create_environment_hook('pmb2_2dnav', 'cmake_prefix_path')
[5.162s] INFO:colcon.colcon_core.shell:Creating environment hook '/home/khaledob/bookros2_ws/install/pmb2_2dnav/share/pmb2_2dnav/hook/cmake_prefix_path.ps1'
[5.163s] INFO:colcon.colcon_core.shell:Creating environment descriptor '/home/khaledob/bookros2_ws/install/pmb2_2dnav/share/pmb2_2dnav/hook/cmake_prefix_path.dsv'
[5.164s] INFO:colcon.colcon_core.shell:Creating environment hook '/home/khaledob/bookros2_ws/install/pmb2_2dnav/share/pmb2_2dnav/hook/cmake_prefix_path.sh'
[5.166s] Level 1:colcon.colcon_core.environment:checking '/home/khaledob/bookros2_ws/install/pmb2_2dnav/lib'
[5.166s] Level 1:colcon.colcon_core.environment:checking '/home/khaledob/bookros2_ws/install/pmb2_2dnav/bin'
[5.166s] Level 1:colcon.colcon_core.environment:checking '/home/khaledob/bookros2_ws/install/pmb2_2dnav/lib/pkgconfig/pmb2_2dnav.pc'
[5.167s] Level 1:colcon.colcon_core.environment:checking '/home/khaledob/bookros2_ws/install/pmb2_2dnav/lib/python3.8/site-packages'
[5.167s] Level 1:colcon.colcon_core.environment:checking '/home/khaledob/bookros2_ws/install/pmb2_2dnav/bin'
[5.169s] INFO:colcon.colcon_core.shell:Creating package script '/home/khaledob/bookros2_ws/install/pmb2_2dnav/share/pmb2_2dnav/package.ps1'
[5.170s] INFO:colcon.colcon_core.shell:Creating package descriptor '/home/khaledob/bookros2_ws/install/pmb2_2dnav/share/pmb2_2dnav/package.dsv'
[5.171s] INFO:colcon.colcon_core.shell:Creating package script '/home/khaledob/bookros2_ws/install/pmb2_2dnav/share/pmb2_2dnav/package.sh'
[5.172s] INFO:colcon.colcon_core.shell:Creating package script '/home/khaledob/bookros2_ws/install/pmb2_2dnav/share/pmb2_2dnav/package.bash'
[5.173s] INFO:colcon.colcon_core.shell:Creating package script '/home/khaledob/bookros2_ws/install/pmb2_2dnav/share/pmb2_2dnav/package.zsh'
[5.174s] Level 1:colcon.colcon_core.environment:create_file_with_runtime_dependencies(/home/khaledob/bookros2_ws/install/pmb2_2dnav/share/colcon-core/packages/pmb2_2dnav)
[5.196s] INFO:colcon.colcon_ros.task.ament_cmake.build:Building ROS package in '/home/khaledob/bookros2_ws/src/book_ros2/br2_navigation' with build type 'ament_cmake'
[5.196s] INFO:colcon.colcon_cmake.task.cmake.build:Building CMake package in '/home/khaledob/bookros2_ws/src/book_ros2/br2_navigation'
[5.197s] INFO:colcon.colcon_core.shell:Skip shell extension 'powershell' for command environment: Not usable outside of PowerShell
[5.197s] DEBUG:colcon.colcon_core.shell:Skip shell extension 'dsv' for command environment
[5.232s] DEBUG:colcon.colcon_core.event_handler.log_command:Invoked command in '/home/khaledob/bookros2_ws/build/controller_interface' returned '0': AMENT_PREFIX_PATH=/home/khaledob/bookros2_ws/install/hardware_interface:/home/khaledob/bookros2_ws/install/ros2_control_test_assets:${AMENT_PREFIX_PATH} CMAKE_PREFIX_PATH=/home/khaledob/bookros2_ws/install/hardware_interface:/home/khaledob/bookros2_ws/install/ros2_control_test_assets:/opt/ros/foxy LD_LIBRARY_PATH=/home/khaledob/bookros2_ws/install/hardware_interface/lib:${LD_LIBRARY_PATH} /usr/bin/cmake --build /home/khaledob/bookros2_ws/build/controller_interface -- -j7 -l7
[5.240s] DEBUG:colcon.colcon_core.event_handler.log_command:Invoking command in '/home/khaledob/bookros2_ws/build/controller_interface': AMENT_PREFIX_PATH=/home/khaledob/bookros2_ws/install/hardware_interface:/home/khaledob/bookros2_ws/install/ros2_control_test_assets:${AMENT_PREFIX_PATH} CMAKE_PREFIX_PATH=/home/khaledob/bookros2_ws/install/hardware_interface:/home/khaledob/bookros2_ws/install/ros2_control_test_assets:/opt/ros/foxy LD_LIBRARY_PATH=/home/khaledob/bookros2_ws/install/hardware_interface/lib:${LD_LIBRARY_PATH} /usr/bin/cmake --install /home/khaledob/bookros2_ws/build/controller_interface
[5.242s] INFO:colcon.colcon_ros.task.ament_cmake.build:Building ROS package in '/home/khaledob/bookros2_ws/src/book_ros2/br2_tf2_detector' with build type 'ament_cmake'
[5.243s] INFO:colcon.colcon_cmake.task.cmake.build:Building CMake package in '/home/khaledob/bookros2_ws/src/book_ros2/br2_tf2_detector'
[5.245s] INFO:colcon.colcon_core.shell:Skip shell extension 'powershell' for command environment: Not usable outside of PowerShell
[5.245s] DEBUG:colcon.colcon_core.shell:Skip shell extension 'dsv' for command environment
[5.336s] DEBUG:colcon.colcon_core.event_handler.log_command:Invoked command in '/home/khaledob/bookros2_ws/build/br2_bt_patrolling' returned '0': CMAKE_PREFIX_PATH=/opt/ros/foxy /usr/bin/cmake --build /home/khaledob/bookros2_ws/build/br2_bt_patrolling -- -j7 -l7
[5.375s] DEBUG:colcon.colcon_core.event_handler.log_command:Invoking command in '/home/khaledob/bookros2_ws/build/br2_bt_patrolling': CMAKE_PREFIX_PATH=/opt/ros/foxy /usr/bin/cmake --install /home/khaledob/bookros2_ws/build/br2_bt_patrolling
[5.431s] DEBUG:colcon.colcon_core.event_handler.log_command:Invoked command in '/home/khaledob/bookros2_ws/build/br2_fsm_bumpgo_cpp' returned '0': CMAKE_PREFIX_PATH=/opt/ros/foxy /usr/bin/cmake --build /home/khaledob/bookros2_ws/build/br2_fsm_bumpgo_cpp -- -j7 -l7
[5.432s] DEBUG:colcon.colcon_core.event_handler.log_command:Invoking command in '/home/khaledob/bookros2_ws/build/br2_fsm_bumpgo_cpp': CMAKE_PREFIX_PATH=/opt/ros/foxy /usr/bin/cmake --install /home/khaledob/bookros2_ws/build/br2_fsm_bumpgo_cpp
[5.434s] DEBUG:colcon.colcon_core.event_handler.log_command:Invoked command in '/home/khaledob/bookros2_ws/build/br2_bt_bumpgo' returned '0': CMAKE_PREFIX_PATH=/opt/ros/foxy /usr/bin/cmake --build /home/khaledob/bookros2_ws/build/br2_bt_bumpgo -- -j7 -l7
[5.434s] DEBUG:colcon.colcon_core.event_handler.log_command:Invoking command in '/home/khaledob/bookros2_ws/build/br2_bt_bumpgo': CMAKE_PREFIX_PATH=/opt/ros/foxy /usr/bin/cmake --install /home/khaledob/bookros2_ws/build/br2_bt_bumpgo
[5.524s] Level 1:colcon.colcon_core.environment:create_environment_scripts_only(br2_bt_patrolling)
[5.526s] Level 1:colcon.colcon_core.environment:checking '/home/khaledob/bookros2_ws/install/br2_bt_patrolling' for CMake module files
[5.543s] Level 1:colcon.colcon_core.environment:checking '/home/khaledob/bookros2_ws/install/br2_bt_patrolling' for CMake config files
[5.548s] Level 1:colcon.colcon_core.shell:create_environment_hook('br2_bt_patrolling', 'cmake_prefix_path')
[5.549s] INFO:colcon.colcon_core.shell:Creating environment hook '/home/khaledob/bookros2_ws/install/br2_bt_patrolling/share/br2_bt_patrolling/hook/cmake_prefix_path.ps1'
[5.553s] INFO:colcon.colcon_core.shell:Creating environment descriptor '/home/khaledob/bookros2_ws/install/br2_bt_patrolling/share/br2_bt_patrolling/hook/cmake_prefix_path.dsv'
[5.555s] INFO:colcon.colcon_core.shell:Creating environment hook '/home/khaledob/bookros2_ws/install/br2_bt_patrolling/share/br2_bt_patrolling/hook/cmake_prefix_path.sh'
[5.565s] Level 1:colcon.colcon_core.environment:checking '/home/khaledob/bookros2_ws/install/br2_bt_patrolling/lib'
[5.565s] Level 1:colcon.colcon_core.shell:create_environment_hook('br2_bt_patrolling', 'ld_library_path_lib')
[5.566s] INFO:colcon.colcon_core.shell:Creating environment hook '/home/khaledob/bookros2_ws/install/br2_bt_patrolling/share/br2_bt_patrolling/hook/ld_library_path_lib.ps1'
[5.568s] INFO:colcon.colcon_core.shell:Creating environment descriptor '/home/khaledob/bookros2_ws/install/br2_bt_patrolling/share/br2_bt_patrolling/hook/ld_library_path_lib.dsv'
[5.570s] INFO:colcon.colcon_core.shell:Creating environment hook '/home/khaledob/bookros2_ws/install/br2_bt_patrolling/share/br2_bt_patrolling/hook/ld_library_path_lib.sh'
[5.572s] Level 1:colcon.colcon_core.environment:checking '/home/khaledob/bookros2_ws/install/br2_bt_patrolling/bin'
[5.572s] Level 1:colcon.colcon_core.environment:checking '/home/khaledob/bookros2_ws/install/br2_bt_patrolling/lib/pkgconfig/br2_bt_patrolling.pc'
[5.572s] Level 1:colcon.colcon_core.environment:checking '/home/khaledob/bookros2_ws/install/br2_bt_patrolling/lib/python3.8/site-packages'
[5.572s] Level 1:colcon.colcon_core.environment:checking '/home/khaledob/bookros2_ws/install/br2_bt_patrolling/bin'
[5.573s] INFO:colcon.colcon_core.shell:Creating package script '/home/khaledob/bookros2_ws/install/br2_bt_patrolling/share/br2_bt_patrolling/package.ps1'
[5.581s] DEBUG:colcon.colcon_core.event_handler.log_command:Invoked command in '/home/khaledob/bookros2_ws/build/br2_bt_patrolling' returned '0': CMAKE_PREFIX_PATH=/opt/ros/foxy /usr/bin/cmake --install /home/khaledob/bookros2_ws/build/br2_bt_patrolling
[5.584s] INFO:colcon.colcon_core.shell:Creating package descriptor '/home/khaledob/bookros2_ws/install/br2_bt_patrolling/share/br2_bt_patrolling/package.dsv'
[5.585s] INFO:colcon.colcon_core.shell:Creating package script '/home/khaledob/bookros2_ws/install/br2_bt_patrolling/share/br2_bt_patrolling/package.sh'
[5.586s] INFO:colcon.colcon_core.shell:Creating package script '/home/khaledob/bookros2_ws/install/br2_bt_patrolling/share/br2_bt_patrolling/package.bash'
[5.587s] INFO:colcon.colcon_core.shell:Creating package script '/home/khaledob/bookros2_ws/install/br2_bt_patrolling/share/br2_bt_patrolling/package.zsh'
[5.588s] Level 1:colcon.colcon_core.environment:create_file_with_runtime_dependencies(/home/khaledob/bookros2_ws/install/br2_bt_patrolling/share/colcon-core/packages/br2_bt_patrolling)
[5.590s] Level 1:colcon.colcon_core.environment:create_environment_scripts_only(br2_bt_patrolling)
[5.590s] Level 1:colcon.colcon_core.environment:checking '/home/khaledob/bookros2_ws/install/br2_bt_patrolling' for CMake module files
[5.591s] Level 1:colcon.colcon_core.environment:checking '/home/khaledob/bookros2_ws/install/br2_bt_patrolling' for CMake config files
[5.592s] Level 1:colcon.colcon_core.shell:create_environment_hook('br2_bt_patrolling', 'cmake_prefix_path')
[5.592s] INFO:colcon.colcon_core.shell:Creating environment hook '/home/khaledob/bookros2_ws/install/br2_bt_patrolling/share/br2_bt_patrolling/hook/cmake_prefix_path.ps1'
[5.593s] INFO:colcon.colcon_core.shell:Creating environment descriptor '/home/khaledob/bookros2_ws/install/br2_bt_patrolling/share/br2_bt_patrolling/hook/cmake_prefix_path.dsv'
[5.594s] INFO:colcon.colcon_core.shell:Creating environment hook '/home/khaledob/bookros2_ws/install/br2_bt_patrolling/share/br2_bt_patrolling/hook/cmake_prefix_path.sh'
[5.596s] Level 1:colcon.colcon_core.environment:checking '/home/khaledob/bookros2_ws/install/br2_bt_patrolling/lib'
[5.596s] Level 1:colcon.colcon_core.shell:create_environment_hook('br2_bt_patrolling', 'ld_library_path_lib')
[5.596s] INFO:colcon.colcon_core.shell:Creating environment hook '/home/khaledob/bookros2_ws/install/br2_bt_patrolling/share/br2_bt_patrolling/hook/ld_library_path_lib.ps1'
[5.598s] INFO:colcon.colcon_core.shell:Creating environment descriptor '/home/khaledob/bookros2_ws/install/br2_bt_patrolling/share/br2_bt_patrolling/hook/ld_library_path_lib.dsv'
[5.599s] INFO:colcon.colcon_core.shell:Creating environment hook '/home/khaledob/bookros2_ws/install/br2_bt_patrolling/share/br2_bt_patrolling/hook/ld_library_path_lib.sh'
[5.600s] Level 1:colcon.colcon_core.environment:checking '/home/khaledob/bookros2_ws/install/br2_bt_patrolling/bin'
[5.601s] Level 1:colcon.colcon_core.environment:checking '/home/khaledob/bookros2_ws/install/br2_bt_patrolling/lib/pkgconfig/br2_bt_patrolling.pc'
[5.602s] Level 1:colcon.colcon_core.environment:checking '/home/khaledob/bookros2_ws/install/br2_bt_patrolling/lib/python3.8/site-packages'
[5.602s] Level 1:colcon.colcon_core.environment:checking '/home/khaledob/bookros2_ws/install/br2_bt_patrolling/bin'
[5.602s] INFO:colcon.colcon_core.shell:Creating package script '/home/khaledob/bookros2_ws/install/br2_bt_patrolling/share/br2_bt_patrolling/package.ps1'
[5.603s] INFO:colcon.colcon_core.shell:Creating package descriptor '/home/khaledob/bookros2_ws/install/br2_bt_patrolling/share/br2_bt_patrolling/package.dsv'
[5.605s] INFO:colcon.colcon_core.shell:Creating package script '/home/khaledob/bookros2_ws/install/br2_bt_patrolling/share/br2_bt_patrolling/package.sh'
[5.606s] INFO:colcon.colcon_core.shell:Creating package script '/home/khaledob/bookros2_ws/install/br2_bt_patrolling/share/br2_bt_patrolling/package.bash'
[5.607s] INFO:colcon.colcon_core.shell:Creating package script '/home/khaledob/bookros2_ws/install/br2_bt_patrolling/share/br2_bt_patrolling/package.zsh'
[5.608s] Level 1:colcon.colcon_core.environment:create_file_with_runtime_dependencies(/home/khaledob/bookros2_ws/install/br2_bt_patrolling/share/colcon-core/packages/br2_bt_patrolling)
[5.611s] Level 1:colcon.colcon_core.environment:create_environment_scripts_only(controller_interface)
[5.614s] Level 1:colcon.colcon_core.environment:checking '/home/khaledob/bookros2_ws/install/controller_interface' for CMake module files
[5.616s] Level 1:colcon.colcon_core.environment:checking '/home/khaledob/bookros2_ws/install/controller_interface' for CMake config files
[5.616s] Level 1:colcon.colcon_core.shell:create_environment_hook('controller_interface', 'cmake_prefix_path')
[5.617s] INFO:colcon.colcon_core.shell:Creating environment hook '/home/khaledob/bookros2_ws/install/controller_interface/share/controller_interface/hook/cmake_prefix_path.ps1'
[5.620s] DEBUG:colcon.colcon_core.event_handler.log_command:Invoked command in '/home/khaledob/bookros2_ws/build/controller_interface' returned '0': AMENT_PREFIX_PATH=/home/khaledob/bookros2_ws/install/hardware_interface:/home/khaledob/bookros2_ws/install/ros2_control_test_assets:${AMENT_PREFIX_PATH} CMAKE_PREFIX_PATH=/home/khaledob/bookros2_ws/install/hardware_interface:/home/khaledob/bookros2_ws/install/ros2_control_test_assets:/opt/ros/foxy LD_LIBRARY_PATH=/home/khaledob/bookros2_ws/install/hardware_interface/lib:${LD_LIBRARY_PATH} /usr/bin/cmake --install /home/khaledob/bookros2_ws/build/controller_interface
[5.620s] INFO:colcon.colcon_core.shell:Creating environment descriptor '/home/khaledob/bookros2_ws/install/controller_interface/share/controller_interface/hook/cmake_prefix_path.dsv'
[5.621s] INFO:colcon.colcon_core.shell:Creating environment hook '/home/khaledob/bookros2_ws/install/controller_interface/share/controller_interface/hook/cmake_prefix_path.sh'
[5.622s] Level 1:colcon.colcon_core.environment:checking '/home/khaledob/bookros2_ws/install/controller_interface/lib'
[5.623s] Level 1:colcon.colcon_core.shell:create_environment_hook('controller_interface', 'ld_library_path_lib')
[5.623s] INFO:colcon.colcon_core.shell:Creating environment hook '/home/khaledob/bookros2_ws/install/controller_interface/share/controller_interface/hook/ld_library_path_lib.ps1'
[5.624s] INFO:colcon.colcon_core.shell:Creating environment descriptor '/home/khaledob/bookros2_ws/install/controller_interface/share/controller_interface/hook/ld_library_path_lib.dsv'
[5.624s] INFO:colcon.colcon_core.shell:Creating environment hook '/home/khaledob/bookros2_ws/install/controller_interface/share/controller_interface/hook/ld_library_path_lib.sh'
[5.626s] Level 1:colcon.colcon_core.environment:checking '/home/khaledob/bookros2_ws/install/controller_interface/bin'
[5.627s] Level 1:colcon.colcon_core.environment:checking '/home/khaledob/bookros2_ws/install/controller_interface/lib/pkgconfig/controller_interface.pc'
[5.627s] Level 1:colcon.colcon_core.environment:checking '/home/khaledob/bookros2_ws/install/controller_interface/lib/python3.8/site-packages'
[5.628s] Level 1:colcon.colcon_core.environment:checking '/home/khaledob/bookros2_ws/install/controller_interface/bin'
[5.628s] INFO:colcon.colcon_core.shell:Creating package script '/home/khaledob/bookros2_ws/install/controller_interface/share/controller_interface/package.ps1'
[5.630s] INFO:colcon.colcon_core.shell:Creating package descriptor '/home/khaledob/bookros2_ws/install/controller_interface/share/controller_interface/package.dsv'
[5.632s] INFO:colcon.colcon_core.shell:Creating package script '/home/khaledob/bookros2_ws/install/controller_interface/share/controller_interface/package.sh'
[5.634s] INFO:colcon.colcon_core.shell:Creating package script '/home/khaledob/bookros2_ws/install/controller_interface/share/controller_interface/package.bash'
[5.635s] INFO:colcon.colcon_core.shell:Creating package script '/home/khaledob/bookros2_ws/install/controller_interface/share/controller_interface/package.zsh'
[5.636s] Level 1:colcon.colcon_core.environment:create_file_with_runtime_dependencies(/home/khaledob/bookros2_ws/install/controller_interface/share/colcon-core/packages/controller_interface)
[5.637s] Level 1:colcon.colcon_core.environment:create_environment_scripts_only(controller_interface)
[5.638s] Level 1:colcon.colcon_core.environment:checking '/home/khaledob/bookros2_ws/install/controller_interface' for CMake module files
[5.638s] Level 1:colcon.colcon_core.environment:checking '/home/khaledob/bookros2_ws/install/controller_interface' for CMake config files
[5.639s] Level 1:colcon.colcon_core.shell:create_environment_hook('controller_interface', 'cmake_prefix_path')
[5.639s] INFO:colcon.colcon_core.shell:Creating environment hook '/home/khaledob/bookros2_ws/install/controller_interface/share/controller_interface/hook/cmake_prefix_path.ps1'
[5.640s] INFO:colcon.colcon_core.shell:Creating environment descriptor '/home/khaledob/bookros2_ws/install/controller_interface/share/controller_interface/hook/cmake_prefix_path.dsv'
[5.641s] INFO:colcon.colcon_core.shell:Creating environment hook '/home/khaledob/bookros2_ws/install/controller_interface/share/controller_interface/hook/cmake_prefix_path.sh'
[5.643s] Level 1:colcon.colcon_core.environment:checking '/home/khaledob/bookros2_ws/install/controller_interface/lib'
[5.643s] Level 1:colcon.colcon_core.shell:create_environment_hook('controller_interface', 'ld_library_path_lib')
[5.644s] INFO:colcon.colcon_core.shell:Creating environment hook '/home/khaledob/bookros2_ws/install/controller_interface/share/controller_interface/hook/ld_library_path_lib.ps1'
[5.645s] INFO:colcon.colcon_core.shell:Creating environment descriptor '/home/khaledob/bookros2_ws/install/controller_interface/share/controller_interface/hook/ld_library_path_lib.dsv'
[5.646s] INFO:colcon.colcon_core.shell:Creating environment hook '/home/khaledob/bookros2_ws/install/controller_interface/share/controller_interface/hook/ld_library_path_lib.sh'
[5.646s] Level 1:colcon.colcon_core.environment:checking '/home/khaledob/bookros2_ws/install/controller_interface/bin'
[5.647s] Level 1:colcon.colcon_core.environment:checking '/home/khaledob/bookros2_ws/install/controller_interface/lib/pkgconfig/controller_interface.pc'
[5.647s] Level 1:colcon.colcon_core.environment:checking '/home/khaledob/bookros2_ws/install/controller_interface/lib/python3.8/site-packages'
[5.647s] Level 1:colcon.colcon_core.environment:checking '/home/khaledob/bookros2_ws/install/controller_interface/bin'
[5.648s] INFO:colcon.colcon_core.shell:Creating package script '/home/khaledob/bookros2_ws/install/controller_interface/share/controller_interface/package.ps1'
[5.649s] INFO:colcon.colcon_core.shell:Creating package descriptor '/home/khaledob/bookros2_ws/install/controller_interface/share/controller_interface/package.dsv'
[5.652s] INFO:colcon.colcon_core.shell:Creating package script '/home/khaledob/bookros2_ws/install/controller_interface/share/controller_interface/package.sh'
[5.655s] INFO:colcon.colcon_core.shell:Creating package script '/home/khaledob/bookros2_ws/install/controller_interface/share/controller_interface/package.bash'
[5.656s] INFO:colcon.colcon_core.shell:Creating package script '/home/khaledob/bookros2_ws/install/controller_interface/share/controller_interface/package.zsh'
[5.657s] Level 1:colcon.colcon_core.environment:create_file_with_runtime_dependencies(/home/khaledob/bookros2_ws/install/controller_interface/share/colcon-core/packages/controller_interface)
[5.660s] INFO:colcon.colcon_ros.task.ament_cmake.build:Building ROS package in '/home/khaledob/bookros2_ws/src/ThirdParty/ros2_control/controller_manager' with build type 'ament_cmake'
[5.661s] INFO:colcon.colcon_cmake.task.cmake.build:Building CMake package in '/home/khaledob/bookros2_ws/src/ThirdParty/ros2_control/controller_manager'
[5.662s] INFO:colcon.colcon_core.shell:Skip shell extension 'powershell' for command environment: Not usable outside of PowerShell
[5.662s] DEBUG:colcon.colcon_core.shell:Skip shell extension 'dsv' for command environment
[5.673s] INFO:colcon.colcon_ros.task.ament_cmake.build:Building ROS package in '/home/khaledob/bookros2_ws/src/book_ros2/br2_tiago' with build type 'ament_cmake'
[5.674s] INFO:colcon.colcon_cmake.task.cmake.build:Building CMake package in '/home/khaledob/bookros2_ws/src/book_ros2/br2_tiago'
[5.674s] INFO:colcon.colcon_core.shell:Skip shell extension 'powershell' for command environment: Not usable outside of PowerShell
[5.675s] DEBUG:colcon.colcon_core.shell:Skip shell extension 'dsv' for command environment
[5.684s] Level 1:colcon.colcon_core.environment:create_environment_scripts_only(br2_fsm_bumpgo_cpp)
[5.685s] DEBUG:colcon.colcon_core.event_handler.log_command:Invoked command in '/home/khaledob/bookros2_ws/build/br2_fsm_bumpgo_cpp' returned '0': CMAKE_PREFIX_PATH=/opt/ros/foxy /usr/bin/cmake --install /home/khaledob/bookros2_ws/build/br2_fsm_bumpgo_cpp
[5.697s] Level 1:colcon.colcon_core.environment:checking '/home/khaledob/bookros2_ws/install/br2_fsm_bumpgo_cpp' for CMake module files
[5.699s] Level 1:colcon.colcon_core.environment:checking '/home/khaledob/bookros2_ws/install/br2_fsm_bumpgo_cpp' for CMake config files
[5.710s] Level 1:colcon.colcon_core.shell:create_environment_hook('br2_fsm_bumpgo_cpp', 'cmake_prefix_path')
[5.714s] INFO:colcon.colcon_core.shell:Creating environment hook '/home/khaledob/bookros2_ws/install/br2_fsm_bumpgo_cpp/share/br2_fsm_bumpgo_cpp/hook/cmake_prefix_path.ps1'
[5.719s] INFO:colcon.colcon_core.shell:Creating environment descriptor '/home/khaledob/bookros2_ws/install/br2_fsm_bumpgo_cpp/share/br2_fsm_bumpgo_cpp/hook/cmake_prefix_path.dsv'
[5.720s] INFO:colcon.colcon_core.shell:Creating environment hook '/home/khaledob/bookros2_ws/install/br2_fsm_bumpgo_cpp/share/br2_fsm_bumpgo_cpp/hook/cmake_prefix_path.sh'
[5.728s] Level 1:colcon.colcon_core.environment:checking '/home/khaledob/bookros2_ws/install/br2_fsm_bumpgo_cpp/lib'
[5.728s] Level 1:colcon.colcon_core.environment:checking '/home/khaledob/bookros2_ws/install/br2_fsm_bumpgo_cpp/bin'
[5.728s] Level 1:colcon.colcon_core.environment:checking '/home/khaledob/bookros2_ws/install/br2_fsm_bumpgo_cpp/lib/pkgconfig/br2_fsm_bumpgo_cpp.pc'
[5.729s] Level 1:colcon.colcon_core.environment:checking '/home/khaledob/bookros2_ws/install/br2_fsm_bumpgo_cpp/lib/python3.8/site-packages'
[5.729s] Level 1:colcon.colcon_core.environment:checking '/home/khaledob/bookros2_ws/install/br2_fsm_bumpgo_cpp/bin'
[5.729s] INFO:colcon.colcon_core.shell:Creating package script '/home/khaledob/bookros2_ws/install/br2_fsm_bumpgo_cpp/share/br2_fsm_bumpgo_cpp/package.ps1'
[5.738s] INFO:colcon.colcon_core.shell:Creating package descriptor '/home/khaledob/bookros2_ws/install/br2_fsm_bumpgo_cpp/share/br2_fsm_bumpgo_cpp/package.dsv'
[5.739s] INFO:colcon.colcon_core.shell:Creating package script '/home/khaledob/bookros2_ws/install/br2_fsm_bumpgo_cpp/share/br2_fsm_bumpgo_cpp/package.sh'
[5.741s] INFO:colcon.colcon_core.shell:Creating package script '/home/khaledob/bookros2_ws/install/br2_fsm_bumpgo_cpp/share/br2_fsm_bumpgo_cpp/package.bash'
[5.743s] INFO:colcon.colcon_core.shell:Creating package script '/home/khaledob/bookros2_ws/install/br2_fsm_bumpgo_cpp/share/br2_fsm_bumpgo_cpp/package.zsh'
[5.746s] Level 1:colcon.colcon_core.environment:create_file_with_runtime_dependencies(/home/khaledob/bookros2_ws/install/br2_fsm_bumpgo_cpp/share/colcon-core/packages/br2_fsm_bumpgo_cpp)
[5.748s] Level 1:colcon.colcon_core.environment:create_environment_scripts_only(br2_fsm_bumpgo_cpp)
[5.748s] Level 1:colcon.colcon_core.environment:checking '/home/khaledob/bookros2_ws/install/br2_fsm_bumpgo_cpp' for CMake module files
[5.749s] Level 1:colcon.colcon_core.environment:checking '/home/khaledob/bookros2_ws/install/br2_fsm_bumpgo_cpp' for CMake config files
[5.750s] Level 1:colcon.colcon_core.shell:create_environment_hook('br2_fsm_bumpgo_cpp', 'cmake_prefix_path')
[5.751s] INFO:colcon.colcon_core.shell:Creating environment hook '/home/khaledob/bookros2_ws/install/br2_fsm_bumpgo_cpp/share/br2_fsm_bumpgo_cpp/hook/cmake_prefix_path.ps1'
[5.753s] INFO:colcon.colcon_core.shell:Creating environment descriptor '/home/khaledob/bookros2_ws/install/br2_fsm_bumpgo_cpp/share/br2_fsm_bumpgo_cpp/hook/cmake_prefix_path.dsv'
[5.755s] INFO:colcon.colcon_core.shell:Creating environment hook '/home/khaledob/bookros2_ws/install/br2_fsm_bumpgo_cpp/share/br2_fsm_bumpgo_cpp/hook/cmake_prefix_path.sh'
[5.757s] Level 1:colcon.colcon_core.environment:checking '/home/khaledob/bookros2_ws/install/br2_fsm_bumpgo_cpp/lib'
[5.757s] Level 1:colcon.colcon_core.environment:checking '/home/khaledob/bookros2_ws/install/br2_fsm_bumpgo_cpp/bin'
[5.757s] Level 1:colcon.colcon_core.environment:checking '/home/khaledob/bookros2_ws/install/br2_fsm_bumpgo_cpp/lib/pkgconfig/br2_fsm_bumpgo_cpp.pc'
[5.758s] Level 1:colcon.colcon_core.environment:checking '/home/khaledob/bookros2_ws/install/br2_fsm_bumpgo_cpp/lib/python3.8/site-packages'
[5.758s] Level 1:colcon.colcon_core.environment:checking '/home/khaledob/bookros2_ws/install/br2_fsm_bumpgo_cpp/bin'
[5.759s] INFO:colcon.colcon_core.shell:Creating package script '/home/khaledob/bookros2_ws/install/br2_fsm_bumpgo_cpp/share/br2_fsm_bumpgo_cpp/package.ps1'
[5.760s] INFO:colcon.colcon_core.shell:Creating package descriptor '/home/khaledob/bookros2_ws/install/br2_fsm_bumpgo_cpp/share/br2_fsm_bumpgo_cpp/package.dsv'
[5.761s] INFO:colcon.colcon_core.shell:Creating package script '/home/khaledob/bookros2_ws/install/br2_fsm_bumpgo_cpp/share/br2_fsm_bumpgo_cpp/package.sh'
[5.762s] INFO:colcon.colcon_core.shell:Creating package script '/home/khaledob/bookros2_ws/install/br2_fsm_bumpgo_cpp/share/br2_fsm_bumpgo_cpp/package.bash'
[5.763s] INFO:colcon.colcon_core.shell:Creating package script '/home/khaledob/bookros2_ws/install/br2_fsm_bumpgo_cpp/share/br2_fsm_bumpgo_cpp/package.zsh'
[5.764s] Level 1:colcon.colcon_core.environment:create_file_with_runtime_dependencies(/home/khaledob/bookros2_ws/install/br2_fsm_bumpgo_cpp/share/colcon-core/packages/br2_fsm_bumpgo_cpp)
[5.785s] DEBUG:colcon.colcon_core.event_handler.log_command:Invoking command in '/home/khaledob/bookros2_ws/build/br2_navigation': CMAKE_PREFIX_PATH=/opt/ros/foxy /usr/bin/cmake --build /home/khaledob/bookros2_ws/build/br2_navigation -- -j7 -l7
[5.801s] DEBUG:colcon.colcon_core.event_handler.log_command:Invoking command in '/home/khaledob/bookros2_ws/build/br2_tf2_detector': CMAKE_PREFIX_PATH=/opt/ros/foxy /usr/bin/cmake --build /home/khaledob/bookros2_ws/build/br2_tf2_detector -- -j7 -l7
[5.808s] Level 1:colcon.colcon_core.environment:create_environment_scripts_only(br2_bt_bumpgo)
[5.810s] DEBUG:colcon.colcon_core.event_handler.log_command:Invoked command in '/home/khaledob/bookros2_ws/build/br2_bt_bumpgo' returned '0': CMAKE_PREFIX_PATH=/opt/ros/foxy /usr/bin/cmake --install /home/khaledob/bookros2_ws/build/br2_bt_bumpgo
[5.816s] Level 1:colcon.colcon_core.environment:checking '/home/khaledob/bookros2_ws/install/br2_bt_bumpgo' for CMake module files
[5.819s] Level 1:colcon.colcon_core.environment:checking '/home/khaledob/bookros2_ws/install/br2_bt_bumpgo' for CMake config files
[5.819s] Level 1:colcon.colcon_core.shell:create_environment_hook('br2_bt_bumpgo', 'cmake_prefix_path')
[5.820s] INFO:colcon.colcon_core.shell:Creating environment hook '/home/khaledob/bookros2_ws/install/br2_bt_bumpgo/share/br2_bt_bumpgo/hook/cmake_prefix_path.ps1'
[5.824s] INFO:colcon.colcon_core.shell:Creating environment descriptor '/home/khaledob/bookros2_ws/install/br2_bt_bumpgo/share/br2_bt_bumpgo/hook/cmake_prefix_path.dsv'
[5.825s] INFO:colcon.colcon_core.shell:Creating environment hook '/home/khaledob/bookros2_ws/install/br2_bt_bumpgo/share/br2_bt_bumpgo/hook/cmake_prefix_path.sh'
[5.827s] Level 1:colcon.colcon_core.environment:checking '/home/khaledob/bookros2_ws/install/br2_bt_bumpgo/lib'
[5.828s] Level 1:colcon.colcon_core.shell:create_environment_hook('br2_bt_bumpgo', 'ld_library_path_lib')
[5.828s] INFO:colcon.colcon_core.shell:Creating environment hook '/home/khaledob/bookros2_ws/install/br2_bt_bumpgo/share/br2_bt_bumpgo/hook/ld_library_path_lib.ps1'
[5.836s] INFO:colcon.colcon_core.shell:Creating environment descriptor '/home/khaledob/bookros2_ws/install/br2_bt_bumpgo/share/br2_bt_bumpgo/hook/ld_library_path_lib.dsv'
[5.838s] INFO:colcon.colcon_core.shell:Creating environment hook '/home/khaledob/bookros2_ws/install/br2_bt_bumpgo/share/br2_bt_bumpgo/hook/ld_library_path_lib.sh'
[5.840s] Level 1:colcon.colcon_core.environment:checking '/home/khaledob/bookros2_ws/install/br2_bt_bumpgo/bin'
[5.841s] Level 1:colcon.colcon_core.environment:checking '/home/khaledob/bookros2_ws/install/br2_bt_bumpgo/lib/pkgconfig/br2_bt_bumpgo.pc'
[5.842s] Level 1:colcon.colcon_core.environment:checking '/home/khaledob/bookros2_ws/install/br2_bt_bumpgo/lib/python3.8/site-packages'
[5.842s] Level 1:colcon.colcon_core.environment:checking '/home/khaledob/bookros2_ws/install/br2_bt_bumpgo/bin'
[5.842s] INFO:colcon.colcon_core.shell:Creating package script '/home/khaledob/bookros2_ws/install/br2_bt_bumpgo/share/br2_bt_bumpgo/package.ps1'
[5.843s] INFO:colcon.colcon_core.shell:Creating package descriptor '/home/khaledob/bookros2_ws/install/br2_bt_bumpgo/share/br2_bt_bumpgo/package.dsv'
[5.856s] INFO:colcon.colcon_core.shell:Creating package script '/home/khaledob/bookros2_ws/install/br2_bt_bumpgo/share/br2_bt_bumpgo/package.sh'
[5.862s] INFO:colcon.colcon_core.shell:Creating package script '/home/khaledob/bookros2_ws/install/br2_bt_bumpgo/share/br2_bt_bumpgo/package.bash'
[5.863s] INFO:colcon.colcon_core.shell:Creating package script '/home/khaledob/bookros2_ws/install/br2_bt_bumpgo/share/br2_bt_bumpgo/package.zsh'
[5.866s] Level 1:colcon.colcon_core.environment:create_file_with_runtime_dependencies(/home/khaledob/bookros2_ws/install/br2_bt_bumpgo/share/colcon-core/packages/br2_bt_bumpgo)
[5.872s] Level 1:colcon.colcon_core.environment:create_environment_scripts_only(br2_bt_bumpgo)
[5.873s] Level 1:colcon.colcon_core.environment:checking '/home/khaledob/bookros2_ws/install/br2_bt_bumpgo' for CMake module files
[5.874s] Level 1:colcon.colcon_core.environment:checking '/home/khaledob/bookros2_ws/install/br2_bt_bumpgo' for CMake config files
[5.875s] Level 1:colcon.colcon_core.shell:create_environment_hook('br2_bt_bumpgo', 'cmake_prefix_path')
[5.875s] INFO:colcon.colcon_core.shell:Creating environment hook '/home/khaledob/bookros2_ws/install/br2_bt_bumpgo/share/br2_bt_bumpgo/hook/cmake_prefix_path.ps1'
[5.880s] INFO:colcon.colcon_core.shell:Creating environment descriptor '/home/khaledob/bookros2_ws/install/br2_bt_bumpgo/share/br2_bt_bumpgo/hook/cmake_prefix_path.dsv'
[5.881s] INFO:colcon.colcon_core.shell:Creating environment hook '/home/khaledob/bookros2_ws/install/br2_bt_bumpgo/share/br2_bt_bumpgo/hook/cmake_prefix_path.sh'
[5.883s] Level 1:colcon.colcon_core.environment:checking '/home/khaledob/bookros2_ws/install/br2_bt_bumpgo/lib'
[5.884s] Level 1:colcon.colcon_core.shell:create_environment_hook('br2_bt_bumpgo', 'ld_library_path_lib')
[5.884s] INFO:colcon.colcon_core.shell:Creating environment hook '/home/khaledob/bookros2_ws/install/br2_bt_bumpgo/share/br2_bt_bumpgo/hook/ld_library_path_lib.ps1'
[5.885s] INFO:colcon.colcon_core.shell:Creating environment descriptor '/home/khaledob/bookros2_ws/install/br2_bt_bumpgo/share/br2_bt_bumpgo/hook/ld_library_path_lib.dsv'
[5.886s] INFO:colcon.colcon_core.shell:Creating environment hook '/home/khaledob/bookros2_ws/install/br2_bt_bumpgo/share/br2_bt_bumpgo/hook/ld_library_path_lib.sh'
[5.887s] Level 1:colcon.colcon_core.environment:checking '/home/khaledob/bookros2_ws/install/br2_bt_bumpgo/bin'
[5.888s] Level 1:colcon.colcon_core.environment:checking '/home/khaledob/bookros2_ws/install/br2_bt_bumpgo/lib/pkgconfig/br2_bt_bumpgo.pc'
[5.888s] Level 1:colcon.colcon_core.environment:checking '/home/khaledob/bookros2_ws/install/br2_bt_bumpgo/lib/python3.8/site-packages'
[5.888s] Level 1:colcon.colcon_core.environment:checking '/home/khaledob/bookros2_ws/install/br2_bt_bumpgo/bin'
[5.889s] INFO:colcon.colcon_core.shell:Creating package script '/home/khaledob/bookros2_ws/install/br2_bt_bumpgo/share/br2_bt_bumpgo/package.ps1'
[5.890s] INFO:colcon.colcon_core.shell:Creating package descriptor '/home/khaledob/bookros2_ws/install/br2_bt_bumpgo/share/br2_bt_bumpgo/package.dsv'
[5.892s] INFO:colcon.colcon_core.shell:Creating package script '/home/khaledob/bookros2_ws/install/br2_bt_bumpgo/share/br2_bt_bumpgo/package.sh'
[5.896s] INFO:colcon.colcon_core.shell:Creating package script '/home/khaledob/bookros2_ws/install/br2_bt_bumpgo/share/br2_bt_bumpgo/package.bash'
[5.898s] INFO:colcon.colcon_core.shell:Creating package script '/home/khaledob/bookros2_ws/install/br2_bt_bumpgo/share/br2_bt_bumpgo/package.zsh'
[5.900s] Level 1:colcon.colcon_core.environment:create_file_with_runtime_dependencies(/home/khaledob/bookros2_ws/install/br2_bt_bumpgo/share/colcon-core/packages/br2_bt_bumpgo)
[5.903s] INFO:colcon.colcon_ros.task.ament_cmake.build:Building ROS package in '/home/khaledob/bookros2_ws/src/book_ros2/br2_vff_avoidance' with build type 'ament_cmake'
[5.909s] INFO:colcon.colcon_cmake.task.cmake.build:Building CMake package in '/home/khaledob/bookros2_ws/src/book_ros2/br2_vff_avoidance'
[5.909s] INFO:colcon.colcon_core.shell:Skip shell extension 'powershell' for command environment: Not usable outside of PowerShell
[5.909s] DEBUG:colcon.colcon_core.shell:Skip shell extension 'dsv' for command environment
[5.945s] INFO:colcon.colcon_ros.task.ament_cmake.build:Building ROS package in '/home/khaledob/bookros2_ws/src/ThirdParty/Groot' with build type 'ament_cmake'
[5.946s] INFO:colcon.colcon_cmake.task.cmake.build:Building CMake package in '/home/khaledob/bookros2_ws/src/ThirdParty/Groot'
[5.947s] INFO:colcon.colcon_core.shell:Skip shell extension 'powershell' for command environment: Not usable outside of PowerShell
[5.947s] DEBUG:colcon.colcon_core.shell:Skip shell extension 'dsv' for command environment
[5.978s] DEBUG:colcon.colcon_core.event_handler.log_command:Invoked command in '/home/khaledob/bookros2_ws/build/br2_navigation' returned '0': CMAKE_PREFIX_PATH=/opt/ros/foxy /usr/bin/cmake --build /home/khaledob/bookros2_ws/build/br2_navigation -- -j7 -l7
[5.980s] DEBUG:colcon.colcon_core.event_handler.log_command:Invoking command in '/home/khaledob/bookros2_ws/build/br2_navigation': CMAKE_PREFIX_PATH=/opt/ros/foxy /usr/bin/cmake --install /home/khaledob/bookros2_ws/build/br2_navigation
[5.999s] DEBUG:colcon.colcon_core.event_handler.log_command:Invoking command in '/home/khaledob/bookros2_ws/build/controller_manager': AMENT_PREFIX_PATH=/home/khaledob/bookros2_ws/install/controller_interface:/home/khaledob/bookros2_ws/install/hardware_interface:/home/khaledob/bookros2_ws/install/ros2_control_test_assets:/home/khaledob/bookros2_ws/install/controller_manager_msgs:${AMENT_PREFIX_PATH} CMAKE_PREFIX_PATH=/home/khaledob/bookros2_ws/install/controller_interface:/home/khaledob/bookros2_ws/install/hardware_interface:/home/khaledob/bookros2_ws/install/ros2_control_test_assets:/home/khaledob/bookros2_ws/install/controller_manager_msgs:/opt/ros/foxy LD_LIBRARY_PATH=/home/khaledob/bookros2_ws/install/controller_interface/lib:/home/khaledob/bookros2_ws/install/hardware_interface/lib:/home/khaledob/bookros2_ws/install/controller_manager_msgs/lib:${LD_LIBRARY_PATH} PYTHONPATH=/home/khaledob/bookros2_ws/install/controller_manager_msgs/lib/python3.8/site-packages:${PYTHONPATH} /usr/bin/cmake --build /home/khaledob/bookros2_ws/build/controller_manager -- -j7 -l7
[6.040s] DEBUG:colcon.colcon_core.event_handler.log_command:Invoking command in '/home/khaledob/bookros2_ws/build/br2_tiago': CMAKE_PREFIX_PATH=/opt/ros/foxy /usr/bin/cmake --build /home/khaledob/bookros2_ws/build/br2_tiago -- -j7 -l7
[6.116s] DEBUG:colcon.colcon_core.event_handler.log_command:Invoking command in '/home/khaledob/bookros2_ws/build/br2_vff_avoidance': CMAKE_PREFIX_PATH=/opt/ros/foxy /usr/bin/cmake --build /home/khaledob/bookros2_ws/build/br2_vff_avoidance -- -j7 -l7
[6.152s] DEBUG:colcon.colcon_core.event_handler.log_command:Invoking command in '/home/khaledob/bookros2_ws/build/groot': CMAKE_PREFIX_PATH=/opt/ros/foxy /usr/bin/cmake --build /home/khaledob/bookros2_ws/build/groot -- -j7 -l7
[6.174s] Level 1:colcon.colcon_core.environment:create_environment_scripts_only(br2_navigation)
[6.175s] Level 1:colcon.colcon_core.environment:checking '/home/khaledob/bookros2_ws/install/br2_navigation' for CMake module files
[6.181s] DEBUG:colcon.colcon_core.event_handler.log_command:Invoked command in '/home/khaledob/bookros2_ws/build/br2_navigation' returned '0': CMAKE_PREFIX_PATH=/opt/ros/foxy /usr/bin/cmake --install /home/khaledob/bookros2_ws/build/br2_navigation
[6.183s] Level 1:colcon.colcon_core.environment:checking '/home/khaledob/bookros2_ws/install/br2_navigation' for CMake config files
[6.183s] Level 1:colcon.colcon_core.shell:create_environment_hook('br2_navigation', 'cmake_prefix_path')
[6.184s] INFO:colcon.colcon_core.shell:Creating environment hook '/home/khaledob/bookros2_ws/install/br2_navigation/share/br2_navigation/hook/cmake_prefix_path.ps1'
[6.186s] INFO:colcon.colcon_core.shell:Creating environment descriptor '/home/khaledob/bookros2_ws/install/br2_navigation/share/br2_navigation/hook/cmake_prefix_path.dsv'
[6.188s] INFO:colcon.colcon_core.shell:Creating environment hook '/home/khaledob/bookros2_ws/install/br2_navigation/share/br2_navigation/hook/cmake_prefix_path.sh'
[6.195s] Level 1:colcon.colcon_core.environment:checking '/home/khaledob/bookros2_ws/install/br2_navigation/bin'
[6.196s] Level 1:colcon.colcon_core.environment:checking '/home/khaledob/bookros2_ws/install/br2_navigation/lib/pkgconfig/br2_navigation.pc'
[6.196s] Level 1:colcon.colcon_core.environment:checking '/home/khaledob/bookros2_ws/install/br2_navigation/lib/python3.8/site-packages'
[6.197s] Level 1:colcon.colcon_core.environment:checking '/home/khaledob/bookros2_ws/install/br2_navigation/bin'
[6.198s] INFO:colcon.colcon_core.shell:Creating package script '/home/khaledob/bookros2_ws/install/br2_navigation/share/br2_navigation/package.ps1'
[6.200s] INFO:colcon.colcon_core.shell:Creating package descriptor '/home/khaledob/bookros2_ws/install/br2_navigation/share/br2_navigation/package.dsv'
[6.201s] INFO:colcon.colcon_core.shell:Creating package script '/home/khaledob/bookros2_ws/install/br2_navigation/share/br2_navigation/package.sh'
[6.203s] INFO:colcon.colcon_core.shell:Creating package script '/home/khaledob/bookros2_ws/install/br2_navigation/share/br2_navigation/package.bash'
[6.222s] INFO:colcon.colcon_core.shell:Creating package script '/home/khaledob/bookros2_ws/install/br2_navigation/share/br2_navigation/package.zsh'
[6.225s] Level 1:colcon.colcon_core.environment:create_file_with_runtime_dependencies(/home/khaledob/bookros2_ws/install/br2_navigation/share/colcon-core/packages/br2_navigation)
[6.229s] Level 1:colcon.colcon_core.environment:create_environment_scripts_only(br2_navigation)
[6.230s] Level 1:colcon.colcon_core.environment:checking '/home/khaledob/bookros2_ws/install/br2_navigation' for CMake module files
[6.231s] Level 1:colcon.colcon_core.environment:checking '/home/khaledob/bookros2_ws/install/br2_navigation' for CMake config files
[6.231s] Level 1:colcon.colcon_core.shell:create_environment_hook('br2_navigation', 'cmake_prefix_path')
[6.232s] INFO:colcon.colcon_core.shell:Creating environment hook '/home/khaledob/bookros2_ws/install/br2_navigation/share/br2_navigation/hook/cmake_prefix_path.ps1'
[6.233s] INFO:colcon.colcon_core.shell:Creating environment descriptor '/home/khaledob/bookros2_ws/install/br2_navigation/share/br2_navigation/hook/cmake_prefix_path.dsv'
[6.245s] INFO:colcon.colcon_core.shell:Creating environment hook '/home/khaledob/bookros2_ws/install/br2_navigation/share/br2_navigation/hook/cmake_prefix_path.sh'
[6.247s] Level 1:colcon.colcon_core.environment:checking '/home/khaledob/bookros2_ws/install/br2_navigation/bin'
[6.248s] Level 1:colcon.colcon_core.environment:checking '/home/khaledob/bookros2_ws/install/br2_navigation/lib/pkgconfig/br2_navigation.pc'
[6.248s] Level 1:colcon.colcon_core.environment:checking '/home/khaledob/bookros2_ws/install/br2_navigation/lib/python3.8/site-packages'
[6.248s] Level 1:colcon.colcon_core.environment:checking '/home/khaledob/bookros2_ws/install/br2_navigation/bin'
[6.249s] INFO:colcon.colcon_core.shell:Creating package script '/home/khaledob/bookros2_ws/install/br2_navigation/share/br2_navigation/package.ps1'
[6.250s] INFO:colcon.colcon_core.shell:Creating package descriptor '/home/khaledob/bookros2_ws/install/br2_navigation/share/br2_navigation/package.dsv'
[6.255s] INFO:colcon.colcon_core.shell:Creating package script '/home/khaledob/bookros2_ws/install/br2_navigation/share/br2_navigation/package.sh'
[6.258s] INFO:colcon.colcon_core.shell:Creating package script '/home/khaledob/bookros2_ws/install/br2_navigation/share/br2_navigation/package.bash'
[6.259s] INFO:colcon.colcon_core.shell:Creating package script '/home/khaledob/bookros2_ws/install/br2_navigation/share/br2_navigation/package.zsh'
[6.263s] Level 1:colcon.colcon_core.environment:create_file_with_runtime_dependencies(/home/khaledob/bookros2_ws/install/br2_navigation/share/colcon-core/packages/br2_navigation)
[6.270s] INFO:colcon.colcon_ros.task.ament_cmake.build:Building ROS package in '/home/khaledob/bookros2_ws/src/task1' with build type 'ament_cmake'
[6.273s] INFO:colcon.colcon_cmake.task.cmake.build:Building CMake package in '/home/khaledob/bookros2_ws/src/task1'
[6.273s] INFO:colcon.colcon_core.shell:Skip shell extension 'powershell' for command environment: Not usable outside of PowerShell
[6.274s] DEBUG:colcon.colcon_core.shell:Skip shell extension 'dsv' for command environment
[6.300s] DEBUG:colcon.colcon_core.event_handler.log_command:Invoked command in '/home/khaledob/bookros2_ws/build/br2_tiago' returned '0': CMAKE_PREFIX_PATH=/opt/ros/foxy /usr/bin/cmake --build /home/khaledob/bookros2_ws/build/br2_tiago -- -j7 -l7
[6.310s] DEBUG:colcon.colcon_core.event_handler.log_command:Invoking command in '/home/khaledob/bookros2_ws/build/br2_tiago': CMAKE_PREFIX_PATH=/opt/ros/foxy /usr/bin/cmake --install /home/khaledob/bookros2_ws/build/br2_tiago
[6.322s] DEBUG:colcon.colcon_core.event_handler.log_command:Invoking command in '/home/khaledob/bookros2_ws/build/br2_fsm_bumpgo_py': PYTHONPATH=/home/khaledob/bookros2_ws/build/br2_fsm_bumpgo_py/prefix_override:/usr/lib/python3/dist-packages/colcon_core/task/python/colcon_distutils_commands:/home/khaledob/bookros2_ws/install/br2_fsm_bumpgo_py/lib/python3.8/site-packages:${PYTHONPATH} /usr/bin/python3 -W ignore:setup.py install is deprecated -W ignore:easy_install command is deprecated setup.py develop --editable --build-directory /home/khaledob/bookros2_ws/build/br2_fsm_bumpgo_py/build --no-deps symlink_data
[6.401s] DEBUG:colcon.colcon_core.event_handler.log_command:Invoked command in '/home/khaledob/bookros2_ws/build/br2_tf2_detector' returned '0': CMAKE_PREFIX_PATH=/opt/ros/foxy /usr/bin/cmake --build /home/khaledob/bookros2_ws/build/br2_tf2_detector -- -j7 -l7
[6.427s] DEBUG:colcon.colcon_core.event_handler.log_command:Invoking command in '/home/khaledob/bookros2_ws/build/br2_tf2_detector': CMAKE_PREFIX_PATH=/opt/ros/foxy /usr/bin/cmake --install /home/khaledob/bookros2_ws/build/br2_tf2_detector
[6.548s] DEBUG:colcon.colcon_core.event_handler.log_command:Invoking command in '/home/khaledob/bookros2_ws/build/task1': CMAKE_PREFIX_PATH=/opt/ros/foxy /usr/bin/cmake /home/khaledob/bookros2_ws/src/task1 -DAMENT_CMAKE_SYMLINK_INSTALL=1 -DCMAKE_INSTALL_PREFIX=/home/khaledob/bookros2_ws/install/task1
[6.623s] Level 1:colcon.colcon_core.environment:create_environment_scripts_only(br2_tiago)
[6.624s] Level 1:colcon.colcon_core.environment:checking '/home/khaledob/bookros2_ws/install/br2_tiago' for CMake module files
[6.639s] DEBUG:colcon.colcon_core.event_handler.log_command:Invoked command in '/home/khaledob/bookros2_ws/build/br2_tiago' returned '0': CMAKE_PREFIX_PATH=/opt/ros/foxy /usr/bin/cmake --install /home/khaledob/bookros2_ws/build/br2_tiago
[6.641s] Level 1:colcon.colcon_core.environment:checking '/home/khaledob/bookros2_ws/install/br2_tiago' for CMake config files
[6.641s] Level 1:colcon.colcon_core.shell:create_environment_hook('br2_tiago', 'cmake_prefix_path')
[6.643s] INFO:colcon.colcon_core.shell:Creating environment hook '/home/khaledob/bookros2_ws/install/br2_tiago/share/br2_tiago/hook/cmake_prefix_path.ps1'
[6.690s] INFO:colcon.colcon_core.shell:Creating environment descriptor '/home/khaledob/bookros2_ws/install/br2_tiago/share/br2_tiago/hook/cmake_prefix_path.dsv'
[6.691s] INFO:colcon.colcon_core.shell:Creating environment hook '/home/khaledob/bookros2_ws/install/br2_tiago/share/br2_tiago/hook/cmake_prefix_path.sh'
[6.693s] Level 1:colcon.colcon_core.environment:checking '/home/khaledob/bookros2_ws/install/br2_tiago/bin'
[6.694s] Level 1:colcon.colcon_core.environment:checking '/home/khaledob/bookros2_ws/install/br2_tiago/lib/pkgconfig/br2_tiago.pc'
[6.695s] Level 1:colcon.colcon_core.environment:checking '/home/khaledob/bookros2_ws/install/br2_tiago/lib/python3.8/site-packages'
[6.695s] Level 1:colcon.colcon_core.environment:checking '/home/khaledob/bookros2_ws/install/br2_tiago/bin'
[6.696s] INFO:colcon.colcon_core.shell:Creating package script '/home/khaledob/bookros2_ws/install/br2_tiago/share/br2_tiago/package.ps1'
[6.698s] INFO:colcon.colcon_core.shell:Creating package descriptor '/home/khaledob/bookros2_ws/install/br2_tiago/share/br2_tiago/package.dsv'
[6.703s] INFO:colcon.colcon_core.shell:Creating package script '/home/khaledob/bookros2_ws/install/br2_tiago/share/br2_tiago/package.sh'
[6.707s] INFO:colcon.colcon_core.shell:Creating package script '/home/khaledob/bookros2_ws/install/br2_tiago/share/br2_tiago/package.bash'
[6.708s] INFO:colcon.colcon_core.shell:Creating package script '/home/khaledob/bookros2_ws/install/br2_tiago/share/br2_tiago/package.zsh'
[6.710s] Level 1:colcon.colcon_core.environment:create_file_with_runtime_dependencies(/home/khaledob/bookros2_ws/install/br2_tiago/share/colcon-core/packages/br2_tiago)
[6.714s] Level 1:colcon.colcon_core.environment:create_environment_scripts_only(br2_tiago)
[6.715s] Level 1:colcon.colcon_core.environment:checking '/home/khaledob/bookros2_ws/install/br2_tiago' for CMake module files
[6.716s] Level 1:colcon.colcon_core.environment:checking '/home/khaledob/bookros2_ws/install/br2_tiago' for CMake config files
[6.716s] Level 1:colcon.colcon_core.shell:create_environment_hook('br2_tiago', 'cmake_prefix_path')
[6.717s] INFO:colcon.colcon_core.shell:Creating environment hook '/home/khaledob/bookros2_ws/install/br2_tiago/share/br2_tiago/hook/cmake_prefix_path.ps1'
[6.719s] INFO:colcon.colcon_core.shell:Creating environment descriptor '/home/khaledob/bookros2_ws/install/br2_tiago/share/br2_tiago/hook/cmake_prefix_path.dsv'
[6.721s] INFO:colcon.colcon_core.shell:Creating environment hook '/home/khaledob/bookros2_ws/install/br2_tiago/share/br2_tiago/hook/cmake_prefix_path.sh'
[6.723s] Level 1:colcon.colcon_core.environment:checking '/home/khaledob/bookros2_ws/install/br2_tiago/bin'
[6.723s] Level 1:colcon.colcon_core.environment:checking '/home/khaledob/bookros2_ws/install/br2_tiago/lib/pkgconfig/br2_tiago.pc'
[6.724s] Level 1:colcon.colcon_core.environment:checking '/home/khaledob/bookros2_ws/install/br2_tiago/lib/python3.8/site-packages'
[6.724s] Level 1:colcon.colcon_core.environment:checking '/home/khaledob/bookros2_ws/install/br2_tiago/bin'
[6.726s] INFO:colcon.colcon_core.shell:Creating package script '/home/khaledob/bookros2_ws/install/br2_tiago/share/br2_tiago/package.ps1'
[6.731s] INFO:colcon.colcon_core.shell:Creating package descriptor '/home/khaledob/bookros2_ws/install/br2_tiago/share/br2_tiago/package.dsv'
[6.735s] INFO:colcon.colcon_core.shell:Creating package script '/home/khaledob/bookros2_ws/install/br2_tiago/share/br2_tiago/package.sh'
[6.736s] INFO:colcon.colcon_core.shell:Creating package script '/home/khaledob/bookros2_ws/install/br2_tiago/share/br2_tiago/package.bash'
[6.737s] INFO:colcon.colcon_core.shell:Creating package script '/home/khaledob/bookros2_ws/install/br2_tiago/share/br2_tiago/package.zsh'
[6.739s] Level 1:colcon.colcon_core.environment:create_file_with_runtime_dependencies(/home/khaledob/bookros2_ws/install/br2_tiago/share/colcon-core/packages/br2_tiago)
[6.741s] INFO:colcon.colcon_ros.task.ament_cmake.build:Building ROS package in '/home/khaledob/bookros2_ws/src/book_ros2/br2_tracking' with build type 'ament_cmake'
[6.741s] INFO:colcon.colcon_cmake.task.cmake.build:Building CMake package in '/home/khaledob/bookros2_ws/src/book_ros2/br2_tracking'
[6.742s] INFO:colcon.colcon_core.shell:Skip shell extension 'powershell' for command environment: Not usable outside of PowerShell
[6.742s] DEBUG:colcon.colcon_core.shell:Skip shell extension 'dsv' for command environment
[6.772s] Level 1:colcon.colcon_core.environment:create_environment_scripts_only(br2_tf2_detector)
[6.774s] Level 1:colcon.colcon_core.environment:checking '/home/khaledob/bookros2_ws/install/br2_tf2_detector' for CMake module files
[6.775s] Level 1:colcon.colcon_core.environment:checking '/home/khaledob/bookros2_ws/install/br2_tf2_detector' for CMake config files
[6.776s] Level 1:colcon.colcon_core.shell:create_environment_hook('br2_tf2_detector', 'cmake_prefix_path')
[6.777s] INFO:colcon.colcon_core.shell:Creating environment hook '/home/khaledob/bookros2_ws/install/br2_tf2_detector/share/br2_tf2_detector/hook/cmake_prefix_path.ps1'
[6.782s] DEBUG:colcon.colcon_core.event_handler.log_command:Invoked command in '/home/khaledob/bookros2_ws/build/br2_tf2_detector' returned '0': CMAKE_PREFIX_PATH=/opt/ros/foxy /usr/bin/cmake --install /home/khaledob/bookros2_ws/build/br2_tf2_detector
[6.783s] INFO:colcon.colcon_core.shell:Creating environment descriptor '/home/khaledob/bookros2_ws/install/br2_tf2_detector/share/br2_tf2_detector/hook/cmake_prefix_path.dsv'
[6.785s] INFO:colcon.colcon_core.shell:Creating environment hook '/home/khaledob/bookros2_ws/install/br2_tf2_detector/share/br2_tf2_detector/hook/cmake_prefix_path.sh'
[6.787s] Level 1:colcon.colcon_core.environment:checking '/home/khaledob/bookros2_ws/install/br2_tf2_detector/lib'
[6.787s] Level 1:colcon.colcon_core.shell:create_environment_hook('br2_tf2_detector', 'ld_library_path_lib')
[6.788s] INFO:colcon.colcon_core.shell:Creating environment hook '/home/khaledob/bookros2_ws/install/br2_tf2_detector/share/br2_tf2_detector/hook/ld_library_path_lib.ps1'
[6.789s] INFO:colcon.colcon_core.shell:Creating environment descriptor '/home/khaledob/bookros2_ws/install/br2_tf2_detector/share/br2_tf2_detector/hook/ld_library_path_lib.dsv'
[6.790s] INFO:colcon.colcon_core.shell:Creating environment hook '/home/khaledob/bookros2_ws/install/br2_tf2_detector/share/br2_tf2_detector/hook/ld_library_path_lib.sh'
[6.791s] Level 1:colcon.colcon_core.environment:checking '/home/khaledob/bookros2_ws/install/br2_tf2_detector/bin'
[6.792s] Level 1:colcon.colcon_core.environment:checking '/home/khaledob/bookros2_ws/install/br2_tf2_detector/lib/pkgconfig/br2_tf2_detector.pc'
[6.792s] Level 1:colcon.colcon_core.environment:checking '/home/khaledob/bookros2_ws/install/br2_tf2_detector/lib/python3.8/site-packages'
[6.793s] Level 1:colcon.colcon_core.environment:checking '/home/khaledob/bookros2_ws/install/br2_tf2_detector/bin'
[6.794s] INFO:colcon.colcon_core.shell:Creating package script '/home/khaledob/bookros2_ws/install/br2_tf2_detector/share/br2_tf2_detector/package.ps1'
[6.797s] INFO:colcon.colcon_core.shell:Creating package descriptor '/home/khaledob/bookros2_ws/install/br2_tf2_detector/share/br2_tf2_detector/package.dsv'
[6.805s] INFO:colcon.colcon_core.shell:Creating package script '/home/khaledob/bookros2_ws/install/br2_tf2_detector/share/br2_tf2_detector/package.sh'
[6.806s] INFO:colcon.colcon_core.shell:Creating package script '/home/khaledob/bookros2_ws/install/br2_tf2_detector/share/br2_tf2_detector/package.bash'
[6.808s] INFO:colcon.colcon_core.shell:Creating package script '/home/khaledob/bookros2_ws/install/br2_tf2_detector/share/br2_tf2_detector/package.zsh'
[6.810s] Level 1:colcon.colcon_core.environment:create_file_with_runtime_dependencies(/home/khaledob/bookros2_ws/install/br2_tf2_detector/share/colcon-core/packages/br2_tf2_detector)
[6.815s] Level 1:colcon.colcon_core.environment:create_environment_scripts_only(br2_tf2_detector)
[6.817s] Level 1:colcon.colcon_core.environment:checking '/home/khaledob/bookros2_ws/install/br2_tf2_detector' for CMake module files
[6.818s] Level 1:colcon.colcon_core.environment:checking '/home/khaledob/bookros2_ws/install/br2_tf2_detector' for CMake config files
[6.818s] Level 1:colcon.colcon_core.shell:create_environment_hook('br2_tf2_detector', 'cmake_prefix_path')
[6.818s] INFO:colcon.colcon_core.shell:Creating environment hook '/home/khaledob/bookros2_ws/install/br2_tf2_detector/share/br2_tf2_detector/hook/cmake_prefix_path.ps1'
[6.820s] INFO:colcon.colcon_core.shell:Creating environment descriptor '/home/khaledob/bookros2_ws/install/br2_tf2_detector/share/br2_tf2_detector/hook/cmake_prefix_path.dsv'
[6.823s] INFO:colcon.colcon_core.shell:Creating environment hook '/home/khaledob/bookros2_ws/install/br2_tf2_detector/share/br2_tf2_detector/hook/cmake_prefix_path.sh'
[6.829s] Level 1:colcon.colcon_core.environment:checking '/home/khaledob/bookros2_ws/install/br2_tf2_detector/lib'
[6.830s] Level 1:colcon.colcon_core.shell:create_environment_hook('br2_tf2_detector', 'ld_library_path_lib')
[6.831s] INFO:colcon.colcon_core.shell:Creating environment hook '/home/khaledob/bookros2_ws/install/br2_tf2_detector/share/br2_tf2_detector/hook/ld_library_path_lib.ps1'
[6.832s] INFO:colcon.colcon_core.shell:Creating environment descriptor '/home/khaledob/bookros2_ws/install/br2_tf2_detector/share/br2_tf2_detector/hook/ld_library_path_lib.dsv'
[6.841s] INFO:colcon.colcon_core.shell:Creating environment hook '/home/khaledob/bookros2_ws/install/br2_tf2_detector/share/br2_tf2_detector/hook/ld_library_path_lib.sh'
[6.843s] Level 1:colcon.colcon_core.environment:checking '/home/khaledob/bookros2_ws/install/br2_tf2_detector/bin'
[6.843s] Level 1:colcon.colcon_core.environment:checking '/home/khaledob/bookros2_ws/install/br2_tf2_detector/lib/pkgconfig/br2_tf2_detector.pc'
[6.844s] Level 1:colcon.colcon_core.environment:checking '/home/khaledob/bookros2_ws/install/br2_tf2_detector/lib/python3.8/site-packages'
[6.844s] Level 1:colcon.colcon_core.environment:checking '/home/khaledob/bookros2_ws/install/br2_tf2_detector/bin'
[6.845s] INFO:colcon.colcon_core.shell:Creating package script '/home/khaledob/bookros2_ws/install/br2_tf2_detector/share/br2_tf2_detector/package.ps1'
[6.846s] INFO:colcon.colcon_core.shell:Creating package descriptor '/home/khaledob/bookros2_ws/install/br2_tf2_detector/share/br2_tf2_detector/package.dsv'
[6.848s] INFO:colcon.colcon_core.shell:Creating package script '/home/khaledob/bookros2_ws/install/br2_tf2_detector/share/br2_tf2_detector/package.sh'
[6.854s] INFO:colcon.colcon_core.shell:Creating package script '/home/khaledob/bookros2_ws/install/br2_tf2_detector/share/br2_tf2_detector/package.bash'
[6.858s] INFO:colcon.colcon_core.shell:Creating package script '/home/khaledob/bookros2_ws/install/br2_tf2_detector/share/br2_tf2_detector/package.zsh'
[6.862s] Level 1:colcon.colcon_core.environment:create_file_with_runtime_dependencies(/home/khaledob/bookros2_ws/install/br2_tf2_detector/share/colcon-core/packages/br2_tf2_detector)
[6.871s] INFO:colcon.colcon_ros.task.ament_cmake.build:Building ROS package in '/home/khaledob/bookros2_ws/src/ThirdParty/pmb2_navigation/pmb2_navigation' with build type 'ament_cmake'
[6.874s] INFO:colcon.colcon_cmake.task.cmake.build:Building CMake package in '/home/khaledob/bookros2_ws/src/ThirdParty/pmb2_navigation/pmb2_navigation'
[6.875s] INFO:colcon.colcon_core.shell:Skip shell extension 'powershell' for command environment: Not usable outside of PowerShell
[6.875s] DEBUG:colcon.colcon_core.shell:Skip shell extension 'dsv' for command environment
[6.894s] DEBUG:colcon.colcon_core.event_handler.log_command:Invoked command in '/home/khaledob/bookros2_ws/build/br2_vff_avoidance' returned '0': CMAKE_PREFIX_PATH=/opt/ros/foxy /usr/bin/cmake --build /home/khaledob/bookros2_ws/build/br2_vff_avoidance -- -j7 -l7
[6.896s] DEBUG:colcon.colcon_core.event_handler.log_command:Invoking command in '/home/khaledob/bookros2_ws/build/br2_vff_avoidance': CMAKE_PREFIX_PATH=/opt/ros/foxy /usr/bin/cmake --install /home/khaledob/bookros2_ws/build/br2_vff_avoidance
[6.904s] DEBUG:colcon.colcon_core.event_handler.log_command:Invoked command in '/home/khaledob/bookros2_ws/build/controller_manager' returned '0': AMENT_PREFIX_PATH=/home/khaledob/bookros2_ws/install/controller_interface:/home/khaledob/bookros2_ws/install/hardware_interface:/home/khaledob/bookros2_ws/install/ros2_control_test_assets:/home/khaledob/bookros2_ws/install/controller_manager_msgs:${AMENT_PREFIX_PATH} CMAKE_PREFIX_PATH=/home/khaledob/bookros2_ws/install/controller_interface:/home/khaledob/bookros2_ws/install/hardware_interface:/home/khaledob/bookros2_ws/install/ros2_control_test_assets:/home/khaledob/bookros2_ws/install/controller_manager_msgs:/opt/ros/foxy LD_LIBRARY_PATH=/home/khaledob/bookros2_ws/install/controller_interface/lib:/home/khaledob/bookros2_ws/install/hardware_interface/lib:/home/khaledob/bookros2_ws/install/controller_manager_msgs/lib:${LD_LIBRARY_PATH} PYTHONPATH=/home/khaledob/bookros2_ws/install/controller_manager_msgs/lib/python3.8/site-packages:${PYTHONPATH} /usr/bin/cmake --build /home/khaledob/bookros2_ws/build/controller_manager -- -j7 -l7
[6.911s] DEBUG:colcon.colcon_core.event_handler.log_command:Invoking command in '/home/khaledob/bookros2_ws/build/controller_manager': AMENT_PREFIX_PATH=/home/khaledob/bookros2_ws/install/controller_interface:/home/khaledob/bookros2_ws/install/hardware_interface:/home/khaledob/bookros2_ws/install/ros2_control_test_assets:/home/khaledob/bookros2_ws/install/controller_manager_msgs:${AMENT_PREFIX_PATH} CMAKE_PREFIX_PATH=/home/khaledob/bookros2_ws/install/controller_interface:/home/khaledob/bookros2_ws/install/hardware_interface:/home/khaledob/bookros2_ws/install/ros2_control_test_assets:/home/khaledob/bookros2_ws/install/controller_manager_msgs:/opt/ros/foxy LD_LIBRARY_PATH=/home/khaledob/bookros2_ws/install/controller_interface/lib:/home/khaledob/bookros2_ws/install/hardware_interface/lib:/home/khaledob/bookros2_ws/install/controller_manager_msgs/lib:${LD_LIBRARY_PATH} PYTHONPATH=/home/khaledob/bookros2_ws/install/controller_manager_msgs/lib/python3.8/site-packages:${PYTHONPATH} /usr/bin/cmake --install /home/khaledob/bookros2_ws/build/controller_manager
[6.930s] DEBUG:colcon.colcon_core.event_handler.log_command:Invoking command in '/home/khaledob/bookros2_ws/build/br2_tracking': AMENT_PREFIX_PATH=/home/khaledob/bookros2_ws/install/br2_tracking_msgs:${AMENT_PREFIX_PATH} CMAKE_PREFIX_PATH=/home/khaledob/bookros2_ws/install/br2_tracking_msgs:/opt/ros/foxy LD_LIBRARY_PATH=/home/khaledob/bookros2_ws/install/br2_tracking_msgs/lib:${LD_LIBRARY_PATH} PYTHONPATH=/home/khaledob/bookros2_ws/install/br2_tracking_msgs/lib/python3.8/site-packages:${PYTHONPATH} /usr/bin/cmake --build /home/khaledob/bookros2_ws/build/br2_tracking -- -j7 -l7
[6.959s] DEBUG:colcon.colcon_core.event_handler.log_command:Invoking command in '/home/khaledob/bookros2_ws/build/pmb2_navigation': AMENT_PREFIX_PATH=/home/khaledob/bookros2_ws/install/pmb2_2dnav:/home/khaledob/bookros2_ws/install/pmb2_maps:${AMENT_PREFIX_PATH} CMAKE_PREFIX_PATH=/home/khaledob/bookros2_ws/install/pmb2_2dnav:/home/khaledob/bookros2_ws/install/pmb2_maps:/opt/ros/foxy /usr/bin/cmake --build /home/khaledob/bookros2_ws/build/pmb2_navigation -- -j7 -l7
[6.984s] Level 1:colcon.colcon_core.environment:create_environment_scripts_only(br2_vff_avoidance)
[6.985s] Level 1:colcon.colcon_core.environment:checking '/home/khaledob/bookros2_ws/install/br2_vff_avoidance' for CMake module files
[6.998s] DEBUG:colcon.colcon_core.event_handler.log_command:Invoked command in '/home/khaledob/bookros2_ws/build/br2_vff_avoidance' returned '0': CMAKE_PREFIX_PATH=/opt/ros/foxy /usr/bin/cmake --install /home/khaledob/bookros2_ws/build/br2_vff_avoidance
[7.017s] Level 1:colcon.colcon_core.environment:checking '/home/khaledob/bookros2_ws/install/br2_vff_avoidance' for CMake config files
[7.018s] Level 1:colcon.colcon_core.shell:create_environment_hook('br2_vff_avoidance', 'cmake_prefix_path')
[7.018s] INFO:colcon.colcon_core.shell:Creating environment hook '/home/khaledob/bookros2_ws/install/br2_vff_avoidance/share/br2_vff_avoidance/hook/cmake_prefix_path.ps1'
[7.020s] INFO:colcon.colcon_core.shell:Creating environment descriptor '/home/khaledob/bookros2_ws/install/br2_vff_avoidance/share/br2_vff_avoidance/hook/cmake_prefix_path.dsv'
[7.022s] INFO:colcon.colcon_core.shell:Creating environment hook '/home/khaledob/bookros2_ws/install/br2_vff_avoidance/share/br2_vff_avoidance/hook/cmake_prefix_path.sh'
[7.024s] Level 1:colcon.colcon_core.environment:checking '/home/khaledob/bookros2_ws/install/br2_vff_avoidance/lib'
[7.024s] Level 1:colcon.colcon_core.shell:create_environment_hook('br2_vff_avoidance', 'ld_library_path_lib')
[7.025s] INFO:colcon.colcon_core.shell:Creating environment hook '/home/khaledob/bookros2_ws/install/br2_vff_avoidance/share/br2_vff_avoidance/hook/ld_library_path_lib.ps1'
[7.026s] INFO:colcon.colcon_core.shell:Creating environment descriptor '/home/khaledob/bookros2_ws/install/br2_vff_avoidance/share/br2_vff_avoidance/hook/ld_library_path_lib.dsv'
[7.027s] INFO:colcon.colcon_core.shell:Creating environment hook '/home/khaledob/bookros2_ws/install/br2_vff_avoidance/share/br2_vff_avoidance/hook/ld_library_path_lib.sh'
[7.028s] Level 1:colcon.colcon_core.environment:checking '/home/khaledob/bookros2_ws/install/br2_vff_avoidance/bin'
[7.029s] Level 1:colcon.colcon_core.environment:checking '/home/khaledob/bookros2_ws/install/br2_vff_avoidance/lib/pkgconfig/br2_vff_avoidance.pc'
[7.029s] Level 1:colcon.colcon_core.environment:checking '/home/khaledob/bookros2_ws/install/br2_vff_avoidance/lib/python3.8/site-packages'
[7.030s] Level 1:colcon.colcon_core.environment:checking '/home/khaledob/bookros2_ws/install/br2_vff_avoidance/bin'
[7.030s] INFO:colcon.colcon_core.shell:Creating package script '/home/khaledob/bookros2_ws/install/br2_vff_avoidance/share/br2_vff_avoidance/package.ps1'
[7.032s] INFO:colcon.colcon_core.shell:Creating package descriptor '/home/khaledob/bookros2_ws/install/br2_vff_avoidance/share/br2_vff_avoidance/package.dsv'
[7.033s] INFO:colcon.colcon_core.shell:Creating package script '/home/khaledob/bookros2_ws/install/br2_vff_avoidance/share/br2_vff_avoidance/package.sh'
[7.034s] INFO:colcon.colcon_core.shell:Creating package script '/home/khaledob/bookros2_ws/install/br2_vff_avoidance/share/br2_vff_avoidance/package.bash'
[7.036s] INFO:colcon.colcon_core.shell:Creating package script '/home/khaledob/bookros2_ws/install/br2_vff_avoidance/share/br2_vff_avoidance/package.zsh'
[7.037s] Level 1:colcon.colcon_core.environment:create_file_with_runtime_dependencies(/home/khaledob/bookros2_ws/install/br2_vff_avoidance/share/colcon-core/packages/br2_vff_avoidance)
[7.040s] Level 1:colcon.colcon_core.environment:create_environment_scripts_only(br2_vff_avoidance)
[7.040s] Level 1:colcon.colcon_core.environment:checking '/home/khaledob/bookros2_ws/install/br2_vff_avoidance' for CMake module files
[7.041s] Level 1:colcon.colcon_core.environment:checking '/home/khaledob/bookros2_ws/install/br2_vff_avoidance' for CMake config files
[7.044s] Level 1:colcon.colcon_core.shell:create_environment_hook('br2_vff_avoidance', 'cmake_prefix_path')
[7.046s] INFO:colcon.colcon_core.shell:Creating environment hook '/home/khaledob/bookros2_ws/install/br2_vff_avoidance/share/br2_vff_avoidance/hook/cmake_prefix_path.ps1'
[7.049s] INFO:colcon.colcon_core.shell:Creating environment descriptor '/home/khaledob/bookros2_ws/install/br2_vff_avoidance/share/br2_vff_avoidance/hook/cmake_prefix_path.dsv'
[7.062s] INFO:colcon.colcon_core.shell:Creating environment hook '/home/khaledob/bookros2_ws/install/br2_vff_avoidance/share/br2_vff_avoidance/hook/cmake_prefix_path.sh'
[7.064s] Level 1:colcon.colcon_core.environment:checking '/home/khaledob/bookros2_ws/install/br2_vff_avoidance/lib'
[7.064s] Level 1:colcon.colcon_core.shell:create_environment_hook('br2_vff_avoidance', 'ld_library_path_lib')
[7.066s] INFO:colcon.colcon_core.shell:Creating environment hook '/home/khaledob/bookros2_ws/install/br2_vff_avoidance/share/br2_vff_avoidance/hook/ld_library_path_lib.ps1'
[7.076s] INFO:colcon.colcon_core.shell:Creating environment descriptor '/home/khaledob/bookros2_ws/install/br2_vff_avoidance/share/br2_vff_avoidance/hook/ld_library_path_lib.dsv'
[7.079s] INFO:colcon.colcon_core.shell:Creating environment hook '/home/khaledob/bookros2_ws/install/br2_vff_avoidance/share/br2_vff_avoidance/hook/ld_library_path_lib.sh'
[7.091s] Level 1:colcon.colcon_core.environment:checking '/home/khaledob/bookros2_ws/install/br2_vff_avoidance/bin'
[7.091s] Level 1:colcon.colcon_core.environment:checking '/home/khaledob/bookros2_ws/install/br2_vff_avoidance/lib/pkgconfig/br2_vff_avoidance.pc'
[7.092s] Level 1:colcon.colcon_core.environment:checking '/home/khaledob/bookros2_ws/install/br2_vff_avoidance/lib/python3.8/site-packages'
[7.093s] Level 1:colcon.colcon_core.environment:checking '/home/khaledob/bookros2_ws/install/br2_vff_avoidance/bin'
[7.095s] INFO:colcon.colcon_core.shell:Creating package script '/home/khaledob/bookros2_ws/install/br2_vff_avoidance/share/br2_vff_avoidance/package.ps1'
[7.098s] INFO:colcon.colcon_core.shell:Creating package descriptor '/home/khaledob/bookros2_ws/install/br2_vff_avoidance/share/br2_vff_avoidance/package.dsv'
[7.101s] INFO:colcon.colcon_core.shell:Creating package script '/home/khaledob/bookros2_ws/install/br2_vff_avoidance/share/br2_vff_avoidance/package.sh'
[7.103s] INFO:colcon.colcon_core.shell:Creating package script '/home/khaledob/bookros2_ws/install/br2_vff_avoidance/share/br2_vff_avoidance/package.bash'
[7.104s] INFO:colcon.colcon_core.shell:Creating package script '/home/khaledob/bookros2_ws/install/br2_vff_avoidance/share/br2_vff_avoidance/package.zsh'
[7.106s] Level 1:colcon.colcon_core.environment:create_file_with_runtime_dependencies(/home/khaledob/bookros2_ws/install/br2_vff_avoidance/share/colcon-core/packages/br2_vff_avoidance)
[7.109s] INFO:colcon.colcon_ros.task.ament_cmake.build:Building ROS package in '/home/khaledob/bookros2_ws/src/ThirdParty/ros2_control/transmission_interface' with build type 'ament_cmake'
[7.109s] INFO:colcon.colcon_cmake.task.cmake.build:Building CMake package in '/home/khaledob/bookros2_ws/src/ThirdParty/ros2_control/transmission_interface'
[7.110s] INFO:colcon.colcon_core.shell:Skip shell extension 'powershell' for command environment: Not usable outside of PowerShell
[7.111s] DEBUG:colcon.colcon_core.shell:Skip shell extension 'dsv' for command environment
[7.204s] DEBUG:colcon.colcon_core.event_handler.log_command:Invoking command in '/home/khaledob/bookros2_ws/build/transmission_interface': AMENT_PREFIX_PATH=/home/khaledob/bookros2_ws/install/hardware_interface:/home/khaledob/bookros2_ws/install/ros2_control_test_assets:${AMENT_PREFIX_PATH} CMAKE_PREFIX_PATH=/home/khaledob/bookros2_ws/install/hardware_interface:/home/khaledob/bookros2_ws/install/ros2_control_test_assets:/opt/ros/foxy LD_LIBRARY_PATH=/home/khaledob/bookros2_ws/install/hardware_interface/lib:${LD_LIBRARY_PATH} /usr/bin/cmake --build /home/khaledob/bookros2_ws/build/transmission_interface -- -j7 -l7
[7.258s] Level 1:colcon.colcon_core.environment:create_environment_scripts_only(controller_manager)
[7.261s] Level 1:colcon.colcon_core.environment:checking '/home/khaledob/bookros2_ws/install/controller_manager' for CMake module files
[7.265s] DEBUG:colcon.colcon_core.event_handler.log_command:Invoked command in '/home/khaledob/bookros2_ws/build/controller_manager' returned '0': AMENT_PREFIX_PATH=/home/khaledob/bookros2_ws/install/controller_interface:/home/khaledob/bookros2_ws/install/hardware_interface:/home/khaledob/bookros2_ws/install/ros2_control_test_assets:/home/khaledob/bookros2_ws/install/controller_manager_msgs:${AMENT_PREFIX_PATH} CMAKE_PREFIX_PATH=/home/khaledob/bookros2_ws/install/controller_interface:/home/khaledob/bookros2_ws/install/hardware_interface:/home/khaledob/bookros2_ws/install/ros2_control_test_assets:/home/khaledob/bookros2_ws/install/controller_manager_msgs:/opt/ros/foxy LD_LIBRARY_PATH=/home/khaledob/bookros2_ws/install/controller_interface/lib:/home/khaledob/bookros2_ws/install/hardware_interface/lib:/home/khaledob/bookros2_ws/install/controller_manager_msgs/lib:${LD_LIBRARY_PATH} PYTHONPATH=/home/khaledob/bookros2_ws/install/controller_manager_msgs/lib/python3.8/site-packages:${PYTHONPATH} /usr/bin/cmake --install /home/khaledob/bookros2_ws/build/controller_manager
[7.266s] Level 1:colcon.colcon_core.environment:checking '/home/khaledob/bookros2_ws/install/controller_manager' for CMake config files
[7.268s] Level 1:colcon.colcon_core.shell:create_environment_hook('controller_manager', 'cmake_prefix_path')
[7.268s] INFO:colcon.colcon_core.shell:Creating environment hook '/home/khaledob/bookros2_ws/install/controller_manager/share/controller_manager/hook/cmake_prefix_path.ps1'
[7.270s] INFO:colcon.colcon_core.shell:Creating environment descriptor '/home/khaledob/bookros2_ws/install/controller_manager/share/controller_manager/hook/cmake_prefix_path.dsv'
[7.271s] INFO:colcon.colcon_core.shell:Creating environment hook '/home/khaledob/bookros2_ws/install/controller_manager/share/controller_manager/hook/cmake_prefix_path.sh'
[7.272s] Level 1:colcon.colcon_core.environment:checking '/home/khaledob/bookros2_ws/install/controller_manager/lib'
[7.273s] Level 1:colcon.colcon_core.shell:create_environment_hook('controller_manager', 'ld_library_path_lib')
[7.274s] INFO:colcon.colcon_core.shell:Creating environment hook '/home/khaledob/bookros2_ws/install/controller_manager/share/controller_manager/hook/ld_library_path_lib.ps1'
[7.278s] INFO:colcon.colcon_core.shell:Creating environment descriptor '/home/khaledob/bookros2_ws/install/controller_manager/share/controller_manager/hook/ld_library_path_lib.dsv'
[7.279s] INFO:colcon.colcon_core.shell:Creating environment hook '/home/khaledob/bookros2_ws/install/controller_manager/share/controller_manager/hook/ld_library_path_lib.sh'
[7.282s] Level 1:colcon.colcon_core.environment:checking '/home/khaledob/bookros2_ws/install/controller_manager/bin'
[7.283s] Level 1:colcon.colcon_core.environment:checking '/home/khaledob/bookros2_ws/install/controller_manager/lib/pkgconfig/controller_manager.pc'
[7.284s] Level 1:colcon.colcon_core.environment:checking '/home/khaledob/bookros2_ws/install/controller_manager/lib/python3.8/site-packages'
[7.284s] Level 1:colcon.colcon_core.shell:create_environment_hook('controller_manager', 'pythonpath')
[7.286s] INFO:colcon.colcon_core.shell:Creating environment hook '/home/khaledob/bookros2_ws/install/controller_manager/share/controller_manager/hook/pythonpath.ps1'
[7.290s] INFO:colcon.colcon_core.shell:Creating environment descriptor '/home/khaledob/bookros2_ws/install/controller_manager/share/controller_manager/hook/pythonpath.dsv'
[7.291s] INFO:colcon.colcon_core.shell:Creating environment hook '/home/khaledob/bookros2_ws/install/controller_manager/share/controller_manager/hook/pythonpath.sh'
[7.292s] Level 1:colcon.colcon_core.environment:checking '/home/khaledob/bookros2_ws/install/controller_manager/bin'
[7.295s] INFO:colcon.colcon_core.shell:Creating package script '/home/khaledob/bookros2_ws/install/controller_manager/share/controller_manager/package.ps1'
[7.302s] INFO:colcon.colcon_core.shell:Creating package descriptor '/home/khaledob/bookros2_ws/install/controller_manager/share/controller_manager/package.dsv'
[7.304s] INFO:colcon.colcon_core.shell:Creating package script '/home/khaledob/bookros2_ws/install/controller_manager/share/controller_manager/package.sh'
[7.306s] INFO:colcon.colcon_core.shell:Creating package script '/home/khaledob/bookros2_ws/install/controller_manager/share/controller_manager/package.bash'
[7.310s] INFO:colcon.colcon_core.shell:Creating package script '/home/khaledob/bookros2_ws/install/controller_manager/share/controller_manager/package.zsh'
[7.311s] Level 1:colcon.colcon_core.environment:create_file_with_runtime_dependencies(/home/khaledob/bookros2_ws/install/controller_manager/share/colcon-core/packages/controller_manager)
[7.314s] Level 1:colcon.colcon_core.environment:create_environment_scripts_only(controller_manager)
[7.314s] Level 1:colcon.colcon_core.environment:checking '/home/khaledob/bookros2_ws/install/controller_manager' for CMake module files
[7.315s] Level 1:colcon.colcon_core.environment:checking '/home/khaledob/bookros2_ws/install/controller_manager' for CMake config files
[7.316s] Level 1:colcon.colcon_core.shell:create_environment_hook('controller_manager', 'cmake_prefix_path')
[7.317s] INFO:colcon.colcon_core.shell:Creating environment hook '/home/khaledob/bookros2_ws/install/controller_manager/share/controller_manager/hook/cmake_prefix_path.ps1'
[7.318s] INFO:colcon.colcon_core.shell:Creating environment descriptor '/home/khaledob/bookros2_ws/install/controller_manager/share/controller_manager/hook/cmake_prefix_path.dsv'
[7.384s] INFO:colcon.colcon_core.shell:Creating environment hook '/home/khaledob/bookros2_ws/install/controller_manager/share/controller_manager/hook/cmake_prefix_path.sh'
[7.389s] Level 1:colcon.colcon_core.environment:checking '/home/khaledob/bookros2_ws/install/controller_manager/lib'
[7.390s] Level 1:colcon.colcon_core.shell:create_environment_hook('controller_manager', 'ld_library_path_lib')
[7.391s] INFO:colcon.colcon_core.shell:Creating environment hook '/home/khaledob/bookros2_ws/install/controller_manager/share/controller_manager/hook/ld_library_path_lib.ps1'
[7.398s] INFO:colcon.colcon_core.shell:Creating environment descriptor '/home/khaledob/bookros2_ws/install/controller_manager/share/controller_manager/hook/ld_library_path_lib.dsv'
[7.402s] INFO:colcon.colcon_core.shell:Creating environment hook '/home/khaledob/bookros2_ws/install/controller_manager/share/controller_manager/hook/ld_library_path_lib.sh'
[7.403s] Level 1:colcon.colcon_core.environment:checking '/home/khaledob/bookros2_ws/install/controller_manager/bin'
[7.404s] Level 1:colcon.colcon_core.environment:checking '/home/khaledob/bookros2_ws/install/controller_manager/lib/pkgconfig/controller_manager.pc'
[7.404s] Level 1:colcon.colcon_core.environment:checking '/home/khaledob/bookros2_ws/install/controller_manager/lib/python3.8/site-packages'
[7.404s] Level 1:colcon.colcon_core.shell:create_environment_hook('controller_manager', 'pythonpath')
[7.405s] INFO:colcon.colcon_core.shell:Creating environment hook '/home/khaledob/bookros2_ws/install/controller_manager/share/controller_manager/hook/pythonpath.ps1'
[7.407s] INFO:colcon.colcon_core.shell:Creating environment descriptor '/home/khaledob/bookros2_ws/install/controller_manager/share/controller_manager/hook/pythonpath.dsv'
[7.424s] INFO:colcon.colcon_core.shell:Creating environment hook '/home/khaledob/bookros2_ws/install/controller_manager/share/controller_manager/hook/pythonpath.sh'
[7.427s] Level 1:colcon.colcon_core.environment:checking '/home/khaledob/bookros2_ws/install/controller_manager/bin'
[7.428s] INFO:colcon.colcon_core.shell:Creating package script '/home/khaledob/bookros2_ws/install/controller_manager/share/controller_manager/package.ps1'
[7.429s] INFO:colcon.colcon_core.shell:Creating package descriptor '/home/khaledob/bookros2_ws/install/controller_manager/share/controller_manager/package.dsv'
[7.431s] INFO:colcon.colcon_core.shell:Creating package script '/home/khaledob/bookros2_ws/install/controller_manager/share/controller_manager/package.sh'
[7.433s] INFO:colcon.colcon_core.shell:Creating package script '/home/khaledob/bookros2_ws/install/controller_manager/share/controller_manager/package.bash'
[7.437s] INFO:colcon.colcon_core.shell:Creating package script '/home/khaledob/bookros2_ws/install/controller_manager/share/controller_manager/package.zsh'
[7.439s] Level 1:colcon.colcon_core.environment:create_file_with_runtime_dependencies(/home/khaledob/bookros2_ws/install/controller_manager/share/colcon-core/packages/controller_manager)
[7.554s] DEBUG:colcon.colcon_core.event_handler.log_command:Invoked command in '/home/khaledob/bookros2_ws/build/pmb2_navigation' returned '0': AMENT_PREFIX_PATH=/home/khaledob/bookros2_ws/install/pmb2_2dnav:/home/khaledob/bookros2_ws/install/pmb2_maps:${AMENT_PREFIX_PATH} CMAKE_PREFIX_PATH=/home/khaledob/bookros2_ws/install/pmb2_2dnav:/home/khaledob/bookros2_ws/install/pmb2_maps:/opt/ros/foxy /usr/bin/cmake --build /home/khaledob/bookros2_ws/build/pmb2_navigation -- -j7 -l7
[7.555s] DEBUG:colcon.colcon_core.event_handler.log_command:Invoking command in '/home/khaledob/bookros2_ws/build/pmb2_navigation': AMENT_PREFIX_PATH=/home/khaledob/bookros2_ws/install/pmb2_2dnav:/home/khaledob/bookros2_ws/install/pmb2_maps:${AMENT_PREFIX_PATH} CMAKE_PREFIX_PATH=/home/khaledob/bookros2_ws/install/pmb2_2dnav:/home/khaledob/bookros2_ws/install/pmb2_maps:/opt/ros/foxy /usr/bin/cmake --install /home/khaledob/bookros2_ws/build/pmb2_navigation
[7.571s] INFO:colcon.colcon_ros.task.ament_cmake.build:Building ROS package in '/home/khaledob/bookros2_ws/src/ThirdParty/ros2_controllers/forward_command_controller' with build type 'ament_cmake'
[7.572s] INFO:colcon.colcon_cmake.task.cmake.build:Building CMake package in '/home/khaledob/bookros2_ws/src/ThirdParty/ros2_controllers/forward_command_controller'
[7.579s] INFO:colcon.colcon_core.shell:Skip shell extension 'powershell' for command environment: Not usable outside of PowerShell
[7.588s] DEBUG:colcon.colcon_core.shell:Skip shell extension 'dsv' for command environment
[7.688s] DEBUG:colcon.colcon_core.event_handler.log_command:Invoked command in '/home/khaledob/bookros2_ws/build/br2_tracking' returned '0': AMENT_PREFIX_PATH=/home/khaledob/bookros2_ws/install/br2_tracking_msgs:${AMENT_PREFIX_PATH} CMAKE_PREFIX_PATH=/home/khaledob/bookros2_ws/install/br2_tracking_msgs:/opt/ros/foxy LD_LIBRARY_PATH=/home/khaledob/bookros2_ws/install/br2_tracking_msgs/lib:${LD_LIBRARY_PATH} PYTHONPATH=/home/khaledob/bookros2_ws/install/br2_tracking_msgs/lib/python3.8/site-packages:${PYTHONPATH} /usr/bin/cmake --build /home/khaledob/bookros2_ws/build/br2_tracking -- -j7 -l7
[7.700s] DEBUG:colcon.colcon_core.event_handler.log_command:Invoking command in '/home/khaledob/bookros2_ws/build/br2_tracking': AMENT_PREFIX_PATH=/home/khaledob/bookros2_ws/install/br2_tracking_msgs:${AMENT_PREFIX_PATH} CMAKE_PREFIX_PATH=/home/khaledob/bookros2_ws/install/br2_tracking_msgs:/opt/ros/foxy LD_LIBRARY_PATH=/home/khaledob/bookros2_ws/install/br2_tracking_msgs/lib:${LD_LIBRARY_PATH} PYTHONPATH=/home/khaledob/bookros2_ws/install/br2_tracking_msgs/lib/python3.8/site-packages:${PYTHONPATH} /usr/bin/cmake --install /home/khaledob/bookros2_ws/build/br2_tracking
[7.733s] Level 1:colcon.colcon_core.environment:create_environment_scripts_only(pmb2_navigation)
[7.734s] Level 1:colcon.colcon_core.environment:checking '/home/khaledob/bookros2_ws/install/pmb2_navigation' for CMake module files
[7.735s] Level 1:colcon.colcon_core.environment:checking '/home/khaledob/bookros2_ws/install/pmb2_navigation' for CMake config files
[7.736s] Level 1:colcon.colcon_core.shell:create_environment_hook('pmb2_navigation', 'cmake_prefix_path')
[7.736s] INFO:colcon.colcon_core.shell:Creating environment hook '/home/khaledob/bookros2_ws/install/pmb2_navigation/share/pmb2_navigation/hook/cmake_prefix_path.ps1'
[7.738s] INFO:colcon.colcon_core.shell:Creating environment descriptor '/home/khaledob/bookros2_ws/install/pmb2_navigation/share/pmb2_navigation/hook/cmake_prefix_path.dsv'
[7.739s] DEBUG:colcon.colcon_core.event_handler.log_command:Invoked command in '/home/khaledob/bookros2_ws/build/pmb2_navigation' returned '0': AMENT_PREFIX_PATH=/home/khaledob/bookros2_ws/install/pmb2_2dnav:/home/khaledob/bookros2_ws/install/pmb2_maps:${AMENT_PREFIX_PATH} CMAKE_PREFIX_PATH=/home/khaledob/bookros2_ws/install/pmb2_2dnav:/home/khaledob/bookros2_ws/install/pmb2_maps:/opt/ros/foxy /usr/bin/cmake --install /home/khaledob/bookros2_ws/build/pmb2_navigation
[7.740s] INFO:colcon.colcon_core.shell:Creating environment hook '/home/khaledob/bookros2_ws/install/pmb2_navigation/share/pmb2_navigation/hook/cmake_prefix_path.sh'
[7.752s] Level 1:colcon.colcon_core.environment:checking '/home/khaledob/bookros2_ws/install/pmb2_navigation/bin'
[7.760s] Level 1:colcon.colcon_core.environment:checking '/home/khaledob/bookros2_ws/install/pmb2_navigation/lib/pkgconfig/pmb2_navigation.pc'
[7.760s] Level 1:colcon.colcon_core.environment:checking '/home/khaledob/bookros2_ws/install/pmb2_navigation/lib/python3.8/site-packages'
[7.761s] Level 1:colcon.colcon_core.environment:checking '/home/khaledob/bookros2_ws/install/pmb2_navigation/bin'
[7.763s] INFO:colcon.colcon_core.shell:Creating package script '/home/khaledob/bookros2_ws/install/pmb2_navigation/share/pmb2_navigation/package.ps1'
[7.766s] INFO:colcon.colcon_core.shell:Creating package descriptor '/home/khaledob/bookros2_ws/install/pmb2_navigation/share/pmb2_navigation/package.dsv'
[7.767s] INFO:colcon.colcon_core.shell:Creating package script '/home/khaledob/bookros2_ws/install/pmb2_navigation/share/pmb2_navigation/package.sh'
[7.773s] INFO:colcon.colcon_core.shell:Creating package script '/home/khaledob/bookros2_ws/install/pmb2_navigation/share/pmb2_navigation/package.bash'
[7.783s] INFO:colcon.colcon_core.shell:Creating package script '/home/khaledob/bookros2_ws/install/pmb2_navigation/share/pmb2_navigation/package.zsh'
[7.816s] Level 1:colcon.colcon_core.environment:create_file_with_runtime_dependencies(/home/khaledob/bookros2_ws/install/pmb2_navigation/share/colcon-core/packages/pmb2_navigation)
[7.820s] Level 1:colcon.colcon_core.environment:create_environment_scripts_only(pmb2_navigation)
[7.820s] Level 1:colcon.colcon_core.environment:checking '/home/khaledob/bookros2_ws/install/pmb2_navigation' for CMake module files
[7.822s] Level 1:colcon.colcon_core.environment:checking '/home/khaledob/bookros2_ws/install/pmb2_navigation' for CMake config files
[7.822s] Level 1:colcon.colcon_core.shell:create_environment_hook('pmb2_navigation', 'cmake_prefix_path')
[7.822s] INFO:colcon.colcon_core.shell:Creating environment hook '/home/khaledob/bookros2_ws/install/pmb2_navigation/share/pmb2_navigation/hook/cmake_prefix_path.ps1'
[7.847s] INFO:colcon.colcon_core.shell:Creating environment descriptor '/home/khaledob/bookros2_ws/install/pmb2_navigation/share/pmb2_navigation/hook/cmake_prefix_path.dsv'
[7.848s] INFO:colcon.colcon_core.shell:Creating environment hook '/home/khaledob/bookros2_ws/install/pmb2_navigation/share/pmb2_navigation/hook/cmake_prefix_path.sh'
[7.850s] Level 1:colcon.colcon_core.environment:checking '/home/khaledob/bookros2_ws/install/pmb2_navigation/bin'
[7.850s] Level 1:colcon.colcon_core.environment:checking '/home/khaledob/bookros2_ws/install/pmb2_navigation/lib/pkgconfig/pmb2_navigation.pc'
[7.851s] Level 1:colcon.colcon_core.environment:checking '/home/khaledob/bookros2_ws/install/pmb2_navigation/lib/python3.8/site-packages'
[7.851s] Level 1:colcon.colcon_core.environment:checking '/home/khaledob/bookros2_ws/install/pmb2_navigation/bin'
[7.852s] INFO:colcon.colcon_core.shell:Creating package script '/home/khaledob/bookros2_ws/install/pmb2_navigation/share/pmb2_navigation/package.ps1'
[7.854s] INFO:colcon.colcon_core.shell:Creating package descriptor '/home/khaledob/bookros2_ws/install/pmb2_navigation/share/pmb2_navigation/package.dsv'
[7.862s] INFO:colcon.colcon_core.shell:Creating package script '/home/khaledob/bookros2_ws/install/pmb2_navigation/share/pmb2_navigation/package.sh'
[7.885s] INFO:colcon.colcon_core.shell:Creating package script '/home/khaledob/bookros2_ws/install/pmb2_navigation/share/pmb2_navigation/package.bash'
[7.887s] INFO:colcon.colcon_core.shell:Creating package script '/home/khaledob/bookros2_ws/install/pmb2_navigation/share/pmb2_navigation/package.zsh'
[7.903s] Level 1:colcon.colcon_core.environment:create_file_with_runtime_dependencies(/home/khaledob/bookros2_ws/install/pmb2_navigation/share/colcon-core/packages/pmb2_navigation)
[7.907s] INFO:colcon.colcon_ros.task.ament_cmake.build:Building ROS package in '/home/khaledob/bookros2_ws/src/ThirdParty/ros2_controllers/joint_state_broadcaster' with build type 'ament_cmake'
[7.908s] INFO:colcon.colcon_cmake.task.cmake.build:Building CMake package in '/home/khaledob/bookros2_ws/src/ThirdParty/ros2_controllers/joint_state_broadcaster'
[7.914s] INFO:colcon.colcon_core.shell:Skip shell extension 'powershell' for command environment: Not usable outside of PowerShell
[7.914s] DEBUG:colcon.colcon_core.shell:Skip shell extension 'dsv' for command environment
[7.972s] Level 1:colcon.colcon_core.environment:create_environment_scripts_only(br2_tracking)
[7.975s] Level 1:colcon.colcon_core.environment:checking '/home/khaledob/bookros2_ws/install/br2_tracking' for CMake module files
[7.980s] Level 1:colcon.colcon_core.environment:checking '/home/khaledob/bookros2_ws/install/br2_tracking' for CMake config files
[7.991s] Level 1:colcon.colcon_core.shell:create_environment_hook('br2_tracking', 'cmake_prefix_path')
[7.982s] DEBUG:colcon.colcon_core.event_handler.log_command:Invoking command in '/home/khaledob/bookros2_ws/build/forward_command_controller': AMENT_PREFIX_PATH=/home/khaledob/bookros2_ws/install/controller_manager:/home/khaledob/bookros2_ws/install/controller_interface:/home/khaledob/bookros2_ws/install/hardware_interface:/home/khaledob/bookros2_ws/install/ros2_control_test_assets:/home/khaledob/bookros2_ws/install/controller_manager_msgs:${AMENT_PREFIX_PATH} CMAKE_PREFIX_PATH=/home/khaledob/bookros2_ws/install/controller_manager:/home/khaledob/bookros2_ws/install/controller_interface:/home/khaledob/bookros2_ws/install/hardware_interface:/home/khaledob/bookros2_ws/install/ros2_control_test_assets:/home/khaledob/bookros2_ws/install/controller_manager_msgs:/opt/ros/foxy LD_LIBRARY_PATH=/home/khaledob/bookros2_ws/install/controller_manager/lib:/home/khaledob/bookros2_ws/install/controller_interface/lib:/home/khaledob/bookros2_ws/install/hardware_interface/lib:/home/khaledob/bookros2_ws/install/controller_manager_msgs/lib:${LD_LIBRARY_PATH} PYTHONPATH=/home/khaledob/bookros2_ws/install/controller_manager/lib/python3.8/site-packages:/home/khaledob/bookros2_ws/install/controller_manager_msgs/lib/python3.8/site-packages:${PYTHONPATH} /usr/bin/cmake --build /home/khaledob/bookros2_ws/build/forward_command_controller -- -j7 -l7
[7.992s] INFO:colcon.colcon_core.shell:Creating environment hook '/home/khaledob/bookros2_ws/install/br2_tracking/share/br2_tracking/hook/cmake_prefix_path.ps1'
[8.004s] INFO:colcon.colcon_core.shell:Creating environment descriptor '/home/khaledob/bookros2_ws/install/br2_tracking/share/br2_tracking/hook/cmake_prefix_path.dsv'
[8.011s] INFO:colcon.colcon_core.shell:Creating environment hook '/home/khaledob/bookros2_ws/install/br2_tracking/share/br2_tracking/hook/cmake_prefix_path.sh'
[8.012s] DEBUG:colcon.colcon_core.event_handler.log_command:Invoked command in '/home/khaledob/bookros2_ws/build/br2_tracking' returned '0': AMENT_PREFIX_PATH=/home/khaledob/bookros2_ws/install/br2_tracking_msgs:${AMENT_PREFIX_PATH} CMAKE_PREFIX_PATH=/home/khaledob/bookros2_ws/install/br2_tracking_msgs:/opt/ros/foxy LD_LIBRARY_PATH=/home/khaledob/bookros2_ws/install/br2_tracking_msgs/lib:${LD_LIBRARY_PATH} PYTHONPATH=/home/khaledob/bookros2_ws/install/br2_tracking_msgs/lib/python3.8/site-packages:${PYTHONPATH} /usr/bin/cmake --install /home/khaledob/bookros2_ws/build/br2_tracking
[8.029s] Level 1:colcon.colcon_core.environment:checking '/home/khaledob/bookros2_ws/install/br2_tracking/lib'
[8.030s] Level 1:colcon.colcon_core.shell:create_environment_hook('br2_tracking', 'ld_library_path_lib')
[8.030s] INFO:colcon.colcon_core.shell:Creating environment hook '/home/khaledob/bookros2_ws/install/br2_tracking/share/br2_tracking/hook/ld_library_path_lib.ps1'
[8.039s] INFO:colcon.colcon_core.shell:Creating environment descriptor '/home/khaledob/bookros2_ws/install/br2_tracking/share/br2_tracking/hook/ld_library_path_lib.dsv'
[8.042s] INFO:colcon.colcon_core.shell:Creating environment hook '/home/khaledob/bookros2_ws/install/br2_tracking/share/br2_tracking/hook/ld_library_path_lib.sh'
[8.046s] Level 1:colcon.colcon_core.environment:checking '/home/khaledob/bookros2_ws/install/br2_tracking/bin'
[8.046s] Level 1:colcon.colcon_core.environment:checking '/home/khaledob/bookros2_ws/install/br2_tracking/lib/pkgconfig/br2_tracking.pc'
[8.047s] Level 1:colcon.colcon_core.environment:checking '/home/khaledob/bookros2_ws/install/br2_tracking/lib/python3.8/site-packages'
[8.048s] Level 1:colcon.colcon_core.environment:checking '/home/khaledob/bookros2_ws/install/br2_tracking/bin'
[8.049s] INFO:colcon.colcon_core.shell:Creating package script '/home/khaledob/bookros2_ws/install/br2_tracking/share/br2_tracking/package.ps1'
[8.052s] INFO:colcon.colcon_core.shell:Creating package descriptor '/home/khaledob/bookros2_ws/install/br2_tracking/share/br2_tracking/package.dsv'
[8.057s] INFO:colcon.colcon_core.shell:Creating package script '/home/khaledob/bookros2_ws/install/br2_tracking/share/br2_tracking/package.sh'
[8.059s] INFO:colcon.colcon_core.shell:Creating package script '/home/khaledob/bookros2_ws/install/br2_tracking/share/br2_tracking/package.bash'
[8.061s] INFO:colcon.colcon_core.shell:Creating package script '/home/khaledob/bookros2_ws/install/br2_tracking/share/br2_tracking/package.zsh'
[8.063s] Level 1:colcon.colcon_core.environment:create_file_with_runtime_dependencies(/home/khaledob/bookros2_ws/install/br2_tracking/share/colcon-core/packages/br2_tracking)
[8.074s] Level 1:colcon.colcon_core.environment:create_environment_scripts_only(br2_tracking)
[8.077s] Level 1:colcon.colcon_core.environment:checking '/home/khaledob/bookros2_ws/install/br2_tracking' for CMake module files
[8.080s] Level 1:colcon.colcon_core.environment:checking '/home/khaledob/bookros2_ws/install/br2_tracking' for CMake config files
[8.082s] Level 1:colcon.colcon_core.shell:create_environment_hook('br2_tracking', 'cmake_prefix_path')
[8.083s] INFO:colcon.colcon_core.shell:Creating environment hook '/home/khaledob/bookros2_ws/install/br2_tracking/share/br2_tracking/hook/cmake_prefix_path.ps1'
[8.084s] INFO:colcon.colcon_core.shell:Creating environment descriptor '/home/khaledob/bookros2_ws/install/br2_tracking/share/br2_tracking/hook/cmake_prefix_path.dsv'
[8.092s] INFO:colcon.colcon_core.shell:Creating environment hook '/home/khaledob/bookros2_ws/install/br2_tracking/share/br2_tracking/hook/cmake_prefix_path.sh'
[8.096s] Level 1:colcon.colcon_core.environment:checking '/home/khaledob/bookros2_ws/install/br2_tracking/lib'
[8.096s] Level 1:colcon.colcon_core.shell:create_environment_hook('br2_tracking', 'ld_library_path_lib')
[8.097s] INFO:colcon.colcon_core.shell:Creating environment hook '/home/khaledob/bookros2_ws/install/br2_tracking/share/br2_tracking/hook/ld_library_path_lib.ps1'
[8.099s] INFO:colcon.colcon_core.shell:Creating environment descriptor '/home/khaledob/bookros2_ws/install/br2_tracking/share/br2_tracking/hook/ld_library_path_lib.dsv'
[8.101s] INFO:colcon.colcon_core.shell:Creating environment hook '/home/khaledob/bookros2_ws/install/br2_tracking/share/br2_tracking/hook/ld_library_path_lib.sh'
[8.102s] Level 1:colcon.colcon_core.environment:checking '/home/khaledob/bookros2_ws/install/br2_tracking/bin'
[8.103s] Level 1:colcon.colcon_core.environment:checking '/home/khaledob/bookros2_ws/install/br2_tracking/lib/pkgconfig/br2_tracking.pc'
[8.103s] Level 1:colcon.colcon_core.environment:checking '/home/khaledob/bookros2_ws/install/br2_tracking/lib/python3.8/site-packages'
[8.104s] Level 1:colcon.colcon_core.environment:checking '/home/khaledob/bookros2_ws/install/br2_tracking/bin'
[8.104s] INFO:colcon.colcon_core.shell:Creating package script '/home/khaledob/bookros2_ws/install/br2_tracking/share/br2_tracking/package.ps1'
[8.116s] INFO:colcon.colcon_core.shell:Creating package descriptor '/home/khaledob/bookros2_ws/install/br2_tracking/share/br2_tracking/package.dsv'
[8.118s] INFO:colcon.colcon_core.shell:Creating package script '/home/khaledob/bookros2_ws/install/br2_tracking/share/br2_tracking/package.sh'
[8.119s] INFO:colcon.colcon_core.shell:Creating package script '/home/khaledob/bookros2_ws/install/br2_tracking/share/br2_tracking/package.bash'
[8.123s] INFO:colcon.colcon_core.shell:Creating package script '/home/khaledob/bookros2_ws/install/br2_tracking/share/br2_tracking/package.zsh'
[8.126s] Level 1:colcon.colcon_core.environment:create_file_with_runtime_dependencies(/home/khaledob/bookros2_ws/install/br2_tracking/share/colcon-core/packages/br2_tracking)
[8.180s] DEBUG:colcon.colcon_core.event_handler.log_command:Invoked command in '/home/khaledob/bookros2_ws/build/transmission_interface' returned '0': AMENT_PREFIX_PATH=/home/khaledob/bookros2_ws/install/hardware_interface:/home/khaledob/bookros2_ws/install/ros2_control_test_assets:${AMENT_PREFIX_PATH} CMAKE_PREFIX_PATH=/home/khaledob/bookros2_ws/install/hardware_interface:/home/khaledob/bookros2_ws/install/ros2_control_test_assets:/opt/ros/foxy LD_LIBRARY_PATH=/home/khaledob/bookros2_ws/install/hardware_interface/lib:${LD_LIBRARY_PATH} /usr/bin/cmake --build /home/khaledob/bookros2_ws/build/transmission_interface -- -j7 -l7
[8.198s] DEBUG:colcon.colcon_core.event_handler.log_command:Invoking command in '/home/khaledob/bookros2_ws/build/transmission_interface': AMENT_PREFIX_PATH=/home/khaledob/bookros2_ws/install/hardware_interface:/home/khaledob/bookros2_ws/install/ros2_control_test_assets:${AMENT_PREFIX_PATH} CMAKE_PREFIX_PATH=/home/khaledob/bookros2_ws/install/hardware_interface:/home/khaledob/bookros2_ws/install/ros2_control_test_assets:/opt/ros/foxy LD_LIBRARY_PATH=/home/khaledob/bookros2_ws/install/hardware_interface/lib:${LD_LIBRARY_PATH} /usr/bin/cmake --install /home/khaledob/bookros2_ws/build/transmission_interface
[8.204s] INFO:colcon.colcon_ros.task.ament_cmake.build:Building ROS package in '/home/khaledob/bookros2_ws/src/ThirdParty/ros2_controllers/diff_drive_controller' with build type 'ament_cmake'
[8.205s] INFO:colcon.colcon_cmake.task.cmake.build:Building CMake package in '/home/khaledob/bookros2_ws/src/ThirdParty/ros2_controllers/diff_drive_controller'
[8.205s] INFO:colcon.colcon_core.shell:Skip shell extension 'powershell' for command environment: Not usable outside of PowerShell
[8.206s] DEBUG:colcon.colcon_core.shell:Skip shell extension 'dsv' for command environment
[8.234s] Level 1:colcon.colcon_core.shell:create_environment_hook('br2_fsm_bumpgo_py', 'pythonpath_develop')
[8.235s] INFO:colcon.colcon_core.shell:Creating environment hook '/home/khaledob/bookros2_ws/build/br2_fsm_bumpgo_py/share/br2_fsm_bumpgo_py/hook/pythonpath_develop.ps1'
[8.242s] INFO:colcon.colcon_core.shell:Creating environment descriptor '/home/khaledob/bookros2_ws/build/br2_fsm_bumpgo_py/share/br2_fsm_bumpgo_py/hook/pythonpath_develop.dsv'
[8.244s] DEBUG:colcon.colcon_core.event_handler.log_command:Invoked command in '/home/khaledob/bookros2_ws/build/br2_fsm_bumpgo_py' returned '0': PYTHONPATH=/home/khaledob/bookros2_ws/build/br2_fsm_bumpgo_py/prefix_override:/usr/lib/python3/dist-packages/colcon_core/task/python/colcon_distutils_commands:/home/khaledob/bookros2_ws/install/br2_fsm_bumpgo_py/lib/python3.8/site-packages:${PYTHONPATH} /usr/bin/python3 -W ignore:setup.py install is deprecated -W ignore:easy_install command is deprecated setup.py develop --editable --build-directory /home/khaledob/bookros2_ws/build/br2_fsm_bumpgo_py/build --no-deps symlink_data
[8.245s] INFO:colcon.colcon_core.shell:Creating environment hook '/home/khaledob/bookros2_ws/build/br2_fsm_bumpgo_py/share/br2_fsm_bumpgo_py/hook/pythonpath_develop.sh'
[8.269s] Level 1:colcon.colcon_core.environment:checking '/home/khaledob/bookros2_ws/install/br2_fsm_bumpgo_py' for CMake module files
[8.271s] Level 1:colcon.colcon_core.environment:checking '/home/khaledob/bookros2_ws/install/br2_fsm_bumpgo_py' for CMake config files
[8.287s] Level 1:colcon.colcon_core.environment:checking '/home/khaledob/bookros2_ws/install/br2_fsm_bumpgo_py/lib'
[8.287s] Level 1:colcon.colcon_core.environment:checking '/home/khaledob/bookros2_ws/install/br2_fsm_bumpgo_py/bin'
[8.287s] Level 1:colcon.colcon_core.environment:checking '/home/khaledob/bookros2_ws/install/br2_fsm_bumpgo_py/lib/pkgconfig/br2_fsm_bumpgo_py.pc'
[8.290s] Level 1:colcon.colcon_core.environment:checking '/home/khaledob/bookros2_ws/install/br2_fsm_bumpgo_py/lib/python3.8/site-packages'
[8.290s] Level 1:colcon.colcon_core.shell:create_environment_hook('br2_fsm_bumpgo_py', 'pythonpath')
[8.291s] INFO:colcon.colcon_core.shell:Creating environment hook '/home/khaledob/bookros2_ws/install/br2_fsm_bumpgo_py/share/br2_fsm_bumpgo_py/hook/pythonpath.ps1'
[8.293s] INFO:colcon.colcon_core.shell:Creating environment descriptor '/home/khaledob/bookros2_ws/install/br2_fsm_bumpgo_py/share/br2_fsm_bumpgo_py/hook/pythonpath.dsv'
[8.295s] INFO:colcon.colcon_core.shell:Creating environment hook '/home/khaledob/bookros2_ws/install/br2_fsm_bumpgo_py/share/br2_fsm_bumpgo_py/hook/pythonpath.sh'
[8.316s] Level 1:colcon.colcon_core.environment:checking '/home/khaledob/bookros2_ws/install/br2_fsm_bumpgo_py/bin'
[8.317s] Level 1:colcon.colcon_core.environment:create_environment_scripts_only(br2_fsm_bumpgo_py)
[8.336s] INFO:colcon.colcon_core.shell:Creating package script '/home/khaledob/bookros2_ws/install/br2_fsm_bumpgo_py/share/br2_fsm_bumpgo_py/package.ps1'
[8.353s] INFO:colcon.colcon_core.shell:Creating package descriptor '/home/khaledob/bookros2_ws/install/br2_fsm_bumpgo_py/share/br2_fsm_bumpgo_py/package.dsv'
[8.356s] INFO:colcon.colcon_core.shell:Creating package script '/home/khaledob/bookros2_ws/install/br2_fsm_bumpgo_py/share/br2_fsm_bumpgo_py/package.sh'
[8.361s] INFO:colcon.colcon_core.shell:Creating package script '/home/khaledob/bookros2_ws/install/br2_fsm_bumpgo_py/share/br2_fsm_bumpgo_py/package.bash'
[8.364s] INFO:colcon.colcon_core.shell:Creating package script '/home/khaledob/bookros2_ws/install/br2_fsm_bumpgo_py/share/br2_fsm_bumpgo_py/package.zsh'
[8.365s] Level 1:colcon.colcon_core.environment:create_file_with_runtime_dependencies(/home/khaledob/bookros2_ws/install/br2_fsm_bumpgo_py/share/colcon-core/packages/br2_fsm_bumpgo_py)
[8.381s] DEBUG:colcon.colcon_core.event_handler.log_command:Invoked command in '/home/khaledob/bookros2_ws/build/groot' returned '0': CMAKE_PREFIX_PATH=/opt/ros/foxy /usr/bin/cmake --build /home/khaledob/bookros2_ws/build/groot -- -j7 -l7
[8.382s] DEBUG:colcon.colcon_core.event_handler.log_command:Invoking command in '/home/khaledob/bookros2_ws/build/groot': CMAKE_PREFIX_PATH=/opt/ros/foxy /usr/bin/cmake --install /home/khaledob/bookros2_ws/build/groot
[8.439s] DEBUG:colcon.colcon_core.event_handler.log_command:Invoking command in '/home/khaledob/bookros2_ws/build/joint_state_broadcaster': AMENT_PREFIX_PATH=/home/khaledob/bookros2_ws/install/controller_manager:/home/khaledob/bookros2_ws/install/controller_interface:/home/khaledob/bookros2_ws/install/hardware_interface:/home/khaledob/bookros2_ws/install/ros2_control_test_assets:/home/khaledob/bookros2_ws/install/controller_manager_msgs:${AMENT_PREFIX_PATH} CMAKE_PREFIX_PATH=/home/khaledob/bookros2_ws/install/controller_manager:/home/khaledob/bookros2_ws/install/controller_interface:/home/khaledob/bookros2_ws/install/hardware_interface:/home/khaledob/bookros2_ws/install/ros2_control_test_assets:/home/khaledob/bookros2_ws/install/controller_manager_msgs:/opt/ros/foxy LD_LIBRARY_PATH=/home/khaledob/bookros2_ws/install/controller_manager/lib:/home/khaledob/bookros2_ws/install/controller_interface/lib:/home/khaledob/bookros2_ws/install/hardware_interface/lib:/home/khaledob/bookros2_ws/install/controller_manager_msgs/lib:${LD_LIBRARY_PATH} PYTHONPATH=/home/khaledob/bookros2_ws/install/controller_manager/lib/python3.8/site-packages:/home/khaledob/bookros2_ws/install/controller_manager_msgs/lib/python3.8/site-packages:${PYTHONPATH} /usr/bin/cmake --build /home/khaledob/bookros2_ws/build/joint_state_broadcaster -- -j7 -l7
[8.446s] INFO:colcon.colcon_ros.task.ament_cmake.build:Building ROS package in '/home/khaledob/bookros2_ws/src/ThirdParty/ros2_controllers/imu_sensor_broadcaster' with build type 'ament_cmake'
[8.451s] INFO:colcon.colcon_cmake.task.cmake.build:Building CMake package in '/home/khaledob/bookros2_ws/src/ThirdParty/ros2_controllers/imu_sensor_broadcaster'
[8.453s] INFO:colcon.colcon_core.shell:Skip shell extension 'powershell' for command environment: Not usable outside of PowerShell
[8.453s] DEBUG:colcon.colcon_core.shell:Skip shell extension 'dsv' for command environment
[8.527s] Level 1:colcon.colcon_core.environment:create_environment_scripts_only(transmission_interface)
[8.545s] Level 1:colcon.colcon_core.environment:checking '/home/khaledob/bookros2_ws/install/transmission_interface' for CMake module files
[8.553s] Level 1:colcon.colcon_core.environment:checking '/home/khaledob/bookros2_ws/install/transmission_interface' for CMake config files
[8.592s] Level 1:colcon.colcon_core.shell:create_environment_hook('transmission_interface', 'cmake_prefix_path')
[8.596s] INFO:colcon.colcon_core.shell:Creating environment hook '/home/khaledob/bookros2_ws/install/transmission_interface/share/transmission_interface/hook/cmake_prefix_path.ps1'
[8.606s] INFO:colcon.colcon_core.shell:Creating environment descriptor '/home/khaledob/bookros2_ws/install/transmission_interface/share/transmission_interface/hook/cmake_prefix_path.dsv'
[8.610s] DEBUG:colcon.colcon_core.event_handler.log_command:Invoked command in '/home/khaledob/bookros2_ws/build/transmission_interface' returned '0': AMENT_PREFIX_PATH=/home/khaledob/bookros2_ws/install/hardware_interface:/home/khaledob/bookros2_ws/install/ros2_control_test_assets:${AMENT_PREFIX_PATH} CMAKE_PREFIX_PATH=/home/khaledob/bookros2_ws/install/hardware_interface:/home/khaledob/bookros2_ws/install/ros2_control_test_assets:/opt/ros/foxy LD_LIBRARY_PATH=/home/khaledob/bookros2_ws/install/hardware_interface/lib:${LD_LIBRARY_PATH} /usr/bin/cmake --install /home/khaledob/bookros2_ws/build/transmission_interface
[8.627s] INFO:colcon.colcon_core.shell:Creating environment hook '/home/khaledob/bookros2_ws/install/transmission_interface/share/transmission_interface/hook/cmake_prefix_path.sh'
[8.638s] Level 1:colcon.colcon_core.environment:checking '/home/khaledob/bookros2_ws/install/transmission_interface/bin'
[8.638s] Level 1:colcon.colcon_core.environment:checking '/home/khaledob/bookros2_ws/install/transmission_interface/lib/pkgconfig/transmission_interface.pc'
[8.639s] Level 1:colcon.colcon_core.environment:checking '/home/khaledob/bookros2_ws/install/transmission_interface/lib/python3.8/site-packages'
[8.639s] Level 1:colcon.colcon_core.environment:checking '/home/khaledob/bookros2_ws/install/transmission_interface/bin'
[8.639s] INFO:colcon.colcon_core.shell:Creating package script '/home/khaledob/bookros2_ws/install/transmission_interface/share/transmission_interface/package.ps1'
[8.645s] INFO:colcon.colcon_core.shell:Creating package descriptor '/home/khaledob/bookros2_ws/install/transmission_interface/share/transmission_interface/package.dsv'
[8.651s] INFO:colcon.colcon_core.shell:Creating package script '/home/khaledob/bookros2_ws/install/transmission_interface/share/transmission_interface/package.sh'
[8.652s] INFO:colcon.colcon_core.shell:Creating package script '/home/khaledob/bookros2_ws/install/transmission_interface/share/transmission_interface/package.bash'
[8.654s] INFO:colcon.colcon_core.shell:Creating package script '/home/khaledob/bookros2_ws/install/transmission_interface/share/transmission_interface/package.zsh'
[8.656s] Level 1:colcon.colcon_core.environment:create_file_with_runtime_dependencies(/home/khaledob/bookros2_ws/install/transmission_interface/share/colcon-core/packages/transmission_interface)
[8.659s] Level 1:colcon.colcon_core.environment:create_environment_scripts_only(transmission_interface)
[8.660s] Level 1:colcon.colcon_core.environment:checking '/home/khaledob/bookros2_ws/install/transmission_interface' for CMake module files
[8.660s] Level 1:colcon.colcon_core.environment:checking '/home/khaledob/bookros2_ws/install/transmission_interface' for CMake config files
[8.662s] Level 1:colcon.colcon_core.shell:create_environment_hook('transmission_interface', 'cmake_prefix_path')
[8.662s] INFO:colcon.colcon_core.shell:Creating environment hook '/home/khaledob/bookros2_ws/install/transmission_interface/share/transmission_interface/hook/cmake_prefix_path.ps1'
[8.664s] INFO:colcon.colcon_core.shell:Creating environment descriptor '/home/khaledob/bookros2_ws/install/transmission_interface/share/transmission_interface/hook/cmake_prefix_path.dsv'
[8.666s] INFO:colcon.colcon_core.shell:Creating environment hook '/home/khaledob/bookros2_ws/install/transmission_interface/share/transmission_interface/hook/cmake_prefix_path.sh'
[8.673s] Level 1:colcon.colcon_core.environment:checking '/home/khaledob/bookros2_ws/install/transmission_interface/bin'
[8.673s] Level 1:colcon.colcon_core.environment:checking '/home/khaledob/bookros2_ws/install/transmission_interface/lib/pkgconfig/transmission_interface.pc'
[8.674s] Level 1:colcon.colcon_core.environment:checking '/home/khaledob/bookros2_ws/install/transmission_interface/lib/python3.8/site-packages'
[8.674s] Level 1:colcon.colcon_core.environment:checking '/home/khaledob/bookros2_ws/install/transmission_interface/bin'
[8.675s] INFO:colcon.colcon_core.shell:Creating package script '/home/khaledob/bookros2_ws/install/transmission_interface/share/transmission_interface/package.ps1'
[8.677s] INFO:colcon.colcon_core.shell:Creating package descriptor '/home/khaledob/bookros2_ws/install/transmission_interface/share/transmission_interface/package.dsv'
[8.679s] INFO:colcon.colcon_core.shell:Creating package script '/home/khaledob/bookros2_ws/install/transmission_interface/share/transmission_interface/package.sh'
[8.681s] INFO:colcon.colcon_core.shell:Creating package script '/home/khaledob/bookros2_ws/install/transmission_interface/share/transmission_interface/package.bash'
[8.683s] INFO:colcon.colcon_core.shell:Creating package script '/home/khaledob/bookros2_ws/install/transmission_interface/share/transmission_interface/package.zsh'
[8.686s] Level 1:colcon.colcon_core.environment:create_file_with_runtime_dependencies(/home/khaledob/bookros2_ws/install/transmission_interface/share/colcon-core/packages/transmission_interface)
[8.733s] INFO:colcon.colcon_ros.task.ament_cmake.build:Building ROS package in '/home/khaledob/bookros2_ws/src/ThirdParty/ros2_controllers/joint_trajectory_controller' with build type 'ament_cmake'
[8.736s] INFO:colcon.colcon_cmake.task.cmake.build:Building CMake package in '/home/khaledob/bookros2_ws/src/ThirdParty/ros2_controllers/joint_trajectory_controller'
[8.737s] INFO:colcon.colcon_core.shell:Skip shell extension 'powershell' for command environment: Not usable outside of PowerShell
[8.738s] DEBUG:colcon.colcon_core.shell:Skip shell extension 'dsv' for command environment
[8.739s] DEBUG:colcon.colcon_core.event_handler.log_command:Invoking command in '/home/khaledob/bookros2_ws/build/diff_drive_controller': AMENT_PREFIX_PATH=/home/khaledob/bookros2_ws/install/controller_manager:/home/khaledob/bookros2_ws/install/controller_interface:/home/khaledob/bookros2_ws/install/hardware_interface:/home/khaledob/bookros2_ws/install/ros2_control_test_assets:/home/khaledob/bookros2_ws/install/controller_manager_msgs:${AMENT_PREFIX_PATH} CMAKE_PREFIX_PATH=/home/khaledob/bookros2_ws/install/controller_manager:/home/khaledob/bookros2_ws/install/controller_interface:/home/khaledob/bookros2_ws/install/hardware_interface:/home/khaledob/bookros2_ws/install/ros2_control_test_assets:/home/khaledob/bookros2_ws/install/controller_manager_msgs:/opt/ros/foxy LD_LIBRARY_PATH=/home/khaledob/bookros2_ws/install/controller_manager/lib:/home/khaledob/bookros2_ws/install/controller_interface/lib:/home/khaledob/bookros2_ws/install/hardware_interface/lib:/home/khaledob/bookros2_ws/install/controller_manager_msgs/lib:${LD_LIBRARY_PATH} PYTHONPATH=/home/khaledob/bookros2_ws/install/controller_manager/lib/python3.8/site-packages:/home/khaledob/bookros2_ws/install/controller_manager_msgs/lib/python3.8/site-packages:${PYTHONPATH} /usr/bin/cmake --build /home/khaledob/bookros2_ws/build/diff_drive_controller -- -j7 -l7
[8.762s] DEBUG:colcon.colcon_core.event_handler.log_command:Invoked command in '/home/khaledob/bookros2_ws/build/forward_command_controller' returned '0': AMENT_PREFIX_PATH=/home/khaledob/bookros2_ws/install/controller_manager:/home/khaledob/bookros2_ws/install/controller_interface:/home/khaledob/bookros2_ws/install/hardware_interface:/home/khaledob/bookros2_ws/install/ros2_control_test_assets:/home/khaledob/bookros2_ws/install/controller_manager_msgs:${AMENT_PREFIX_PATH} CMAKE_PREFIX_PATH=/home/khaledob/bookros2_ws/install/controller_manager:/home/khaledob/bookros2_ws/install/controller_interface:/home/khaledob/bookros2_ws/install/hardware_interface:/home/khaledob/bookros2_ws/install/ros2_control_test_assets:/home/khaledob/bookros2_ws/install/controller_manager_msgs:/opt/ros/foxy LD_LIBRARY_PATH=/home/khaledob/bookros2_ws/install/controller_manager/lib:/home/khaledob/bookros2_ws/install/controller_interface/lib:/home/khaledob/bookros2_ws/install/hardware_interface/lib:/home/khaledob/bookros2_ws/install/controller_manager_msgs/lib:${LD_LIBRARY_PATH} PYTHONPATH=/home/khaledob/bookros2_ws/install/controller_manager/lib/python3.8/site-packages:/home/khaledob/bookros2_ws/install/controller_manager_msgs/lib/python3.8/site-packages:${PYTHONPATH} /usr/bin/cmake --build /home/khaledob/bookros2_ws/build/forward_command_controller -- -j7 -l7
[8.775s] DEBUG:colcon.colcon_core.event_handler.log_command:Invoking command in '/home/khaledob/bookros2_ws/build/forward_command_controller': AMENT_PREFIX_PATH=/home/khaledob/bookros2_ws/install/controller_manager:/home/khaledob/bookros2_ws/install/controller_interface:/home/khaledob/bookros2_ws/install/hardware_interface:/home/khaledob/bookros2_ws/install/ros2_control_test_assets:/home/khaledob/bookros2_ws/install/controller_manager_msgs:${AMENT_PREFIX_PATH} CMAKE_PREFIX_PATH=/home/khaledob/bookros2_ws/install/controller_manager:/home/khaledob/bookros2_ws/install/controller_interface:/home/khaledob/bookros2_ws/install/hardware_interface:/home/khaledob/bookros2_ws/install/ros2_control_test_assets:/home/khaledob/bookros2_ws/install/controller_manager_msgs:/opt/ros/foxy LD_LIBRARY_PATH=/home/khaledob/bookros2_ws/install/controller_manager/lib:/home/khaledob/bookros2_ws/install/controller_interface/lib:/home/khaledob/bookros2_ws/install/hardware_interface/lib:/home/khaledob/bookros2_ws/install/controller_manager_msgs/lib:${LD_LIBRARY_PATH} PYTHONPATH=/home/khaledob/bookros2_ws/install/controller_manager/lib/python3.8/site-packages:/home/khaledob/bookros2_ws/install/controller_manager_msgs/lib/python3.8/site-packages:${PYTHONPATH} /usr/bin/cmake --install /home/khaledob/bookros2_ws/build/forward_command_controller
[8.787s] Level 1:colcon.colcon_core.environment:create_environment_scripts_only(groot)
[8.788s] Level 1:colcon.colcon_core.environment:checking '/home/khaledob/bookros2_ws/install/groot' for CMake module files
[8.795s] DEBUG:colcon.colcon_core.event_handler.log_command:Invoked command in '/home/khaledob/bookros2_ws/build/groot' returned '0': CMAKE_PREFIX_PATH=/opt/ros/foxy /usr/bin/cmake --install /home/khaledob/bookros2_ws/build/groot
[8.807s] Level 1:colcon.colcon_core.environment:checking '/home/khaledob/bookros2_ws/install/groot' for CMake config files
[8.808s] Level 1:colcon.colcon_core.shell:create_environment_hook('groot', 'cmake_prefix_path')
[8.808s] INFO:colcon.colcon_core.shell:Creating environment hook '/home/khaledob/bookros2_ws/install/groot/share/groot/hook/cmake_prefix_path.ps1'
[8.831s] INFO:colcon.colcon_core.shell:Creating environment descriptor '/home/khaledob/bookros2_ws/install/groot/share/groot/hook/cmake_prefix_path.dsv'
[8.833s] INFO:colcon.colcon_core.shell:Creating environment hook '/home/khaledob/bookros2_ws/install/groot/share/groot/hook/cmake_prefix_path.sh'
[8.847s] Level 1:colcon.colcon_core.environment:checking '/home/khaledob/bookros2_ws/install/groot/lib'
[8.847s] Level 1:colcon.colcon_core.shell:create_environment_hook('groot', 'ld_library_path_lib')
[8.848s] INFO:colcon.colcon_core.shell:Creating environment hook '/home/khaledob/bookros2_ws/install/groot/share/groot/hook/ld_library_path_lib.ps1'
[8.849s] INFO:colcon.colcon_core.shell:Creating environment descriptor '/home/khaledob/bookros2_ws/install/groot/share/groot/hook/ld_library_path_lib.dsv'
[8.850s] INFO:colcon.colcon_core.shell:Creating environment hook '/home/khaledob/bookros2_ws/install/groot/share/groot/hook/ld_library_path_lib.sh'
[8.858s] Level 1:colcon.colcon_core.environment:checking '/home/khaledob/bookros2_ws/install/groot/bin'
[8.866s] Level 1:colcon.colcon_core.environment:checking '/home/khaledob/bookros2_ws/install/groot/lib/pkgconfig/groot.pc'
[8.866s] Level 1:colcon.colcon_core.environment:checking '/home/khaledob/bookros2_ws/install/groot/lib/python3.8/site-packages'
[8.867s] Level 1:colcon.colcon_core.environment:checking '/home/khaledob/bookros2_ws/install/groot/bin'
[8.867s] INFO:colcon.colcon_core.shell:Creating package script '/home/khaledob/bookros2_ws/install/groot/share/groot/package.ps1'
[8.868s] INFO:colcon.colcon_core.shell:Creating package descriptor '/home/khaledob/bookros2_ws/install/groot/share/groot/package.dsv'
[8.871s] INFO:colcon.colcon_core.shell:Creating package script '/home/khaledob/bookros2_ws/install/groot/share/groot/package.sh'
[8.874s] INFO:colcon.colcon_core.shell:Creating package script '/home/khaledob/bookros2_ws/install/groot/share/groot/package.bash'
[8.875s] INFO:colcon.colcon_core.shell:Creating package script '/home/khaledob/bookros2_ws/install/groot/share/groot/package.zsh'
[8.876s] Level 1:colcon.colcon_core.environment:create_file_with_runtime_dependencies(/home/khaledob/bookros2_ws/install/groot/share/colcon-core/packages/groot)
[8.882s] Level 1:colcon.colcon_core.environment:create_environment_scripts_only(groot)
[8.883s] Level 1:colcon.colcon_core.environment:checking '/home/khaledob/bookros2_ws/install/groot' for CMake module files
[8.885s] Level 1:colcon.colcon_core.environment:checking '/home/khaledob/bookros2_ws/install/groot' for CMake config files
[8.886s] Level 1:colcon.colcon_core.shell:create_environment_hook('groot', 'cmake_prefix_path')
[8.886s] INFO:colcon.colcon_core.shell:Creating environment hook '/home/khaledob/bookros2_ws/install/groot/share/groot/hook/cmake_prefix_path.ps1'
[8.919s] INFO:colcon.colcon_core.shell:Creating environment descriptor '/home/khaledob/bookros2_ws/install/groot/share/groot/hook/cmake_prefix_path.dsv'
[8.931s] INFO:colcon.colcon_core.shell:Creating environment hook '/home/khaledob/bookros2_ws/install/groot/share/groot/hook/cmake_prefix_path.sh'
[8.938s] Level 1:colcon.colcon_core.environment:checking '/home/khaledob/bookros2_ws/install/groot/lib'
[8.938s] Level 1:colcon.colcon_core.shell:create_environment_hook('groot', 'ld_library_path_lib')
[8.939s] INFO:colcon.colcon_core.shell:Creating environment hook '/home/khaledob/bookros2_ws/install/groot/share/groot/hook/ld_library_path_lib.ps1'
[8.940s] INFO:colcon.colcon_core.shell:Creating environment descriptor '/home/khaledob/bookros2_ws/install/groot/share/groot/hook/ld_library_path_lib.dsv'
[8.942s] INFO:colcon.colcon_core.shell:Creating environment hook '/home/khaledob/bookros2_ws/install/groot/share/groot/hook/ld_library_path_lib.sh'
[8.944s] Level 1:colcon.colcon_core.environment:checking '/home/khaledob/bookros2_ws/install/groot/bin'
[8.946s] Level 1:colcon.colcon_core.environment:checking '/home/khaledob/bookros2_ws/install/groot/lib/pkgconfig/groot.pc'
[8.947s] Level 1:colcon.colcon_core.environment:checking '/home/khaledob/bookros2_ws/install/groot/lib/python3.8/site-packages'
[8.947s] Level 1:colcon.colcon_core.environment:checking '/home/khaledob/bookros2_ws/install/groot/bin'
[8.948s] INFO:colcon.colcon_core.shell:Creating package script '/home/khaledob/bookros2_ws/install/groot/share/groot/package.ps1'
[8.949s] INFO:colcon.colcon_core.shell:Creating package descriptor '/home/khaledob/bookros2_ws/install/groot/share/groot/package.dsv'
[8.951s] INFO:colcon.colcon_core.shell:Creating package script '/home/khaledob/bookros2_ws/install/groot/share/groot/package.sh'
[8.952s] INFO:colcon.colcon_core.shell:Creating package script '/home/khaledob/bookros2_ws/install/groot/share/groot/package.bash'
[8.954s] INFO:colcon.colcon_core.shell:Creating package script '/home/khaledob/bookros2_ws/install/groot/share/groot/package.zsh'
[8.956s] Level 1:colcon.colcon_core.environment:create_file_with_runtime_dependencies(/home/khaledob/bookros2_ws/install/groot/share/colcon-core/packages/groot)
[9.004s] INFO:colcon.colcon_ros.task.ament_cmake.build:Building ROS package in '/home/khaledob/bookros2_ws/src/ThirdParty/ros2_controllers/force_torque_sensor_broadcaster' with build type 'ament_cmake'
[9.008s] INFO:colcon.colcon_cmake.task.cmake.build:Building CMake package in '/home/khaledob/bookros2_ws/src/ThirdParty/ros2_controllers/force_torque_sensor_broadcaster'
[9.009s] INFO:colcon.colcon_core.shell:Skip shell extension 'powershell' for command environment: Not usable outside of PowerShell
[9.010s] DEBUG:colcon.colcon_core.shell:Skip shell extension 'dsv' for command environment
[9.146s] DEBUG:colcon.colcon_core.event_handler.log_command:Invoking command in '/home/khaledob/bookros2_ws/build/imu_sensor_broadcaster': AMENT_PREFIX_PATH=/home/khaledob/bookros2_ws/install/controller_manager:/home/khaledob/bookros2_ws/install/controller_interface:/home/khaledob/bookros2_ws/install/hardware_interface:/home/khaledob/bookros2_ws/install/ros2_control_test_assets:/home/khaledob/bookros2_ws/install/controller_manager_msgs:${AMENT_PREFIX_PATH} CMAKE_PREFIX_PATH=/home/khaledob/bookros2_ws/install/controller_manager:/home/khaledob/bookros2_ws/install/controller_interface:/home/khaledob/bookros2_ws/install/hardware_interface:/home/khaledob/bookros2_ws/install/ros2_control_test_assets:/home/khaledob/bookros2_ws/install/controller_manager_msgs:/opt/ros/foxy LD_LIBRARY_PATH=/home/khaledob/bookros2_ws/install/controller_manager/lib:/home/khaledob/bookros2_ws/install/controller_interface/lib:/home/khaledob/bookros2_ws/install/hardware_interface/lib:/home/khaledob/bookros2_ws/install/controller_manager_msgs/lib:${LD_LIBRARY_PATH} PYTHONPATH=/home/khaledob/bookros2_ws/install/controller_manager/lib/python3.8/site-packages:/home/khaledob/bookros2_ws/install/controller_manager_msgs/lib/python3.8/site-packages:${PYTHONPATH} /usr/bin/cmake --build /home/khaledob/bookros2_ws/build/imu_sensor_broadcaster -- -j7 -l7
[9.157s] Level 1:colcon.colcon_core.environment:create_environment_scripts_only(forward_command_controller)
[9.158s] Level 1:colcon.colcon_core.environment:checking '/home/khaledob/bookros2_ws/install/forward_command_controller' for CMake module files
[9.160s] Level 1:colcon.colcon_core.environment:checking '/home/khaledob/bookros2_ws/install/forward_command_controller' for CMake config files
[9.162s] Level 1:colcon.colcon_core.shell:create_environment_hook('forward_command_controller', 'cmake_prefix_path')
[9.168s] INFO:colcon.colcon_core.shell:Creating environment hook '/home/khaledob/bookros2_ws/install/forward_command_controller/share/forward_command_controller/hook/cmake_prefix_path.ps1'
[9.198s] INFO:colcon.colcon_core.shell:Creating environment descriptor '/home/khaledob/bookros2_ws/install/forward_command_controller/share/forward_command_controller/hook/cmake_prefix_path.dsv'
[9.201s] DEBUG:colcon.colcon_core.event_handler.log_command:Invoked command in '/home/khaledob/bookros2_ws/build/forward_command_controller' returned '0': AMENT_PREFIX_PATH=/home/khaledob/bookros2_ws/install/controller_manager:/home/khaledob/bookros2_ws/install/controller_interface:/home/khaledob/bookros2_ws/install/hardware_interface:/home/khaledob/bookros2_ws/install/ros2_control_test_assets:/home/khaledob/bookros2_ws/install/controller_manager_msgs:${AMENT_PREFIX_PATH} CMAKE_PREFIX_PATH=/home/khaledob/bookros2_ws/install/controller_manager:/home/khaledob/bookros2_ws/install/controller_interface:/home/khaledob/bookros2_ws/install/hardware_interface:/home/khaledob/bookros2_ws/install/ros2_control_test_assets:/home/khaledob/bookros2_ws/install/controller_manager_msgs:/opt/ros/foxy LD_LIBRARY_PATH=/home/khaledob/bookros2_ws/install/controller_manager/lib:/home/khaledob/bookros2_ws/install/controller_interface/lib:/home/khaledob/bookros2_ws/install/hardware_interface/lib:/home/khaledob/bookros2_ws/install/controller_manager_msgs/lib:${LD_LIBRARY_PATH} PYTHONPATH=/home/khaledob/bookros2_ws/install/controller_manager/lib/python3.8/site-packages:/home/khaledob/bookros2_ws/install/controller_manager_msgs/lib/python3.8/site-packages:${PYTHONPATH} /usr/bin/cmake --install /home/khaledob/bookros2_ws/build/forward_command_controller
[9.206s] INFO:colcon.colcon_core.shell:Creating environment hook '/home/khaledob/bookros2_ws/install/forward_command_controller/share/forward_command_controller/hook/cmake_prefix_path.sh'
[9.210s] Level 1:colcon.colcon_core.environment:checking '/home/khaledob/bookros2_ws/install/forward_command_controller/lib'
[9.211s] Level 1:colcon.colcon_core.shell:create_environment_hook('forward_command_controller', 'ld_library_path_lib')
[9.212s] INFO:colcon.colcon_core.shell:Creating environment hook '/home/khaledob/bookros2_ws/install/forward_command_controller/share/forward_command_controller/hook/ld_library_path_lib.ps1'
[9.224s] INFO:colcon.colcon_core.shell:Creating environment descriptor '/home/khaledob/bookros2_ws/install/forward_command_controller/share/forward_command_controller/hook/ld_library_path_lib.dsv'
[9.226s] INFO:colcon.colcon_core.shell:Creating environment hook '/home/khaledob/bookros2_ws/install/forward_command_controller/share/forward_command_controller/hook/ld_library_path_lib.sh'
[9.232s] Level 1:colcon.colcon_core.environment:checking '/home/khaledob/bookros2_ws/install/forward_command_controller/bin'
[9.232s] Level 1:colcon.colcon_core.environment:checking '/home/khaledob/bookros2_ws/install/forward_command_controller/lib/pkgconfig/forward_command_controller.pc'
[9.233s] Level 1:colcon.colcon_core.environment:checking '/home/khaledob/bookros2_ws/install/forward_command_controller/lib/python3.8/site-packages'
[9.233s] Level 1:colcon.colcon_core.environment:checking '/home/khaledob/bookros2_ws/install/forward_command_controller/bin'
[9.237s] INFO:colcon.colcon_core.shell:Creating package script '/home/khaledob/bookros2_ws/install/forward_command_controller/share/forward_command_controller/package.ps1'
[9.239s] INFO:colcon.colcon_core.shell:Creating package descriptor '/home/khaledob/bookros2_ws/install/forward_command_controller/share/forward_command_controller/package.dsv'
[9.240s] INFO:colcon.colcon_core.shell:Creating package script '/home/khaledob/bookros2_ws/install/forward_command_controller/share/forward_command_controller/package.sh'
[9.241s] INFO:colcon.colcon_core.shell:Creating package script '/home/khaledob/bookros2_ws/install/forward_command_controller/share/forward_command_controller/package.bash'
[9.243s] INFO:colcon.colcon_core.shell:Creating package script '/home/khaledob/bookros2_ws/install/forward_command_controller/share/forward_command_controller/package.zsh'
[9.259s] Level 1:colcon.colcon_core.environment:create_file_with_runtime_dependencies(/home/khaledob/bookros2_ws/install/forward_command_controller/share/colcon-core/packages/forward_command_controller)
[9.262s] Level 1:colcon.colcon_core.environment:create_environment_scripts_only(forward_command_controller)
[9.263s] Level 1:colcon.colcon_core.environment:checking '/home/khaledob/bookros2_ws/install/forward_command_controller' for CMake module files
[9.264s] Level 1:colcon.colcon_core.environment:checking '/home/khaledob/bookros2_ws/install/forward_command_controller' for CMake config files
[9.264s] Level 1:colcon.colcon_core.shell:create_environment_hook('forward_command_controller', 'cmake_prefix_path')
[9.265s] INFO:colcon.colcon_core.shell:Creating environment hook '/home/khaledob/bookros2_ws/install/forward_command_controller/share/forward_command_controller/hook/cmake_prefix_path.ps1'
[9.267s] INFO:colcon.colcon_core.shell:Creating environment descriptor '/home/khaledob/bookros2_ws/install/forward_command_controller/share/forward_command_controller/hook/cmake_prefix_path.dsv'
[9.273s] INFO:colcon.colcon_core.shell:Creating environment hook '/home/khaledob/bookros2_ws/install/forward_command_controller/share/forward_command_controller/hook/cmake_prefix_path.sh'
[9.275s] Level 1:colcon.colcon_core.environment:checking '/home/khaledob/bookros2_ws/install/forward_command_controller/lib'
[9.275s] Level 1:colcon.colcon_core.shell:create_environment_hook('forward_command_controller', 'ld_library_path_lib')
[9.275s] INFO:colcon.colcon_core.shell:Creating environment hook '/home/khaledob/bookros2_ws/install/forward_command_controller/share/forward_command_controller/hook/ld_library_path_lib.ps1'
[9.279s] INFO:colcon.colcon_core.shell:Creating environment descriptor '/home/khaledob/bookros2_ws/install/forward_command_controller/share/forward_command_controller/hook/ld_library_path_lib.dsv'
[9.284s] INFO:colcon.colcon_core.shell:Creating environment hook '/home/khaledob/bookros2_ws/install/forward_command_controller/share/forward_command_controller/hook/ld_library_path_lib.sh'
[9.287s] Level 1:colcon.colcon_core.environment:checking '/home/khaledob/bookros2_ws/install/forward_command_controller/bin'
[9.288s] Level 1:colcon.colcon_core.environment:checking '/home/khaledob/bookros2_ws/install/forward_command_controller/lib/pkgconfig/forward_command_controller.pc'
[9.297s] Level 1:colcon.colcon_core.environment:checking '/home/khaledob/bookros2_ws/install/forward_command_controller/lib/python3.8/site-packages'
[9.298s] Level 1:colcon.colcon_core.environment:checking '/home/khaledob/bookros2_ws/install/forward_command_controller/bin'
[9.299s] INFO:colcon.colcon_core.shell:Creating package script '/home/khaledob/bookros2_ws/install/forward_command_controller/share/forward_command_controller/package.ps1'
[9.301s] INFO:colcon.colcon_core.shell:Creating package descriptor '/home/khaledob/bookros2_ws/install/forward_command_controller/share/forward_command_controller/package.dsv'
[9.308s] INFO:colcon.colcon_core.shell:Creating package script '/home/khaledob/bookros2_ws/install/forward_command_controller/share/forward_command_controller/package.sh'
[9.317s] INFO:colcon.colcon_core.shell:Creating package script '/home/khaledob/bookros2_ws/install/forward_command_controller/share/forward_command_controller/package.bash'
[9.322s] INFO:colcon.colcon_core.shell:Creating package script '/home/khaledob/bookros2_ws/install/forward_command_controller/share/forward_command_controller/package.zsh'
[9.331s] Level 1:colcon.colcon_core.environment:create_file_with_runtime_dependencies(/home/khaledob/bookros2_ws/install/forward_command_controller/share/colcon-core/packages/forward_command_controller)
[9.370s] INFO:colcon.colcon_ros.task.ament_cmake.build:Building ROS package in '/home/khaledob/bookros2_ws/src/ThirdParty/ros2_controllers/position_controllers' with build type 'ament_cmake'
[9.371s] INFO:colcon.colcon_cmake.task.cmake.build:Building CMake package in '/home/khaledob/bookros2_ws/src/ThirdParty/ros2_controllers/position_controllers'
[9.372s] INFO:colcon.colcon_core.shell:Skip shell extension 'powershell' for command environment: Not usable outside of PowerShell
[9.372s] DEBUG:colcon.colcon_core.shell:Skip shell extension 'dsv' for command environment
[9.378s] DEBUG:colcon.colcon_core.event_handler.log_command:Invoked command in '/home/khaledob/bookros2_ws/build/joint_state_broadcaster' returned '0': AMENT_PREFIX_PATH=/home/khaledob/bookros2_ws/install/controller_manager:/home/khaledob/bookros2_ws/install/controller_interface:/home/khaledob/bookros2_ws/install/hardware_interface:/home/khaledob/bookros2_ws/install/ros2_control_test_assets:/home/khaledob/bookros2_ws/install/controller_manager_msgs:${AMENT_PREFIX_PATH} CMAKE_PREFIX_PATH=/home/khaledob/bookros2_ws/install/controller_manager:/home/khaledob/bookros2_ws/install/controller_interface:/home/khaledob/bookros2_ws/install/hardware_interface:/home/khaledob/bookros2_ws/install/ros2_control_test_assets:/home/khaledob/bookros2_ws/install/controller_manager_msgs:/opt/ros/foxy LD_LIBRARY_PATH=/home/khaledob/bookros2_ws/install/controller_manager/lib:/home/khaledob/bookros2_ws/install/controller_interface/lib:/home/khaledob/bookros2_ws/install/hardware_interface/lib:/home/khaledob/bookros2_ws/install/controller_manager_msgs/lib:${LD_LIBRARY_PATH} PYTHONPATH=/home/khaledob/bookros2_ws/install/controller_manager/lib/python3.8/site-packages:/home/khaledob/bookros2_ws/install/controller_manager_msgs/lib/python3.8/site-packages:${PYTHONPATH} /usr/bin/cmake --build /home/khaledob/bookros2_ws/build/joint_state_broadcaster -- -j7 -l7
[9.379s] DEBUG:colcon.colcon_core.event_handler.log_command:Invoking command in '/home/khaledob/bookros2_ws/build/joint_state_broadcaster': AMENT_PREFIX_PATH=/home/khaledob/bookros2_ws/install/controller_manager:/home/khaledob/bookros2_ws/install/controller_interface:/home/khaledob/bookros2_ws/install/hardware_interface:/home/khaledob/bookros2_ws/install/ros2_control_test_assets:/home/khaledob/bookros2_ws/install/controller_manager_msgs:${AMENT_PREFIX_PATH} CMAKE_PREFIX_PATH=/home/khaledob/bookros2_ws/install/controller_manager:/home/khaledob/bookros2_ws/install/controller_interface:/home/khaledob/bookros2_ws/install/hardware_interface:/home/khaledob/bookros2_ws/install/ros2_control_test_assets:/home/khaledob/bookros2_ws/install/controller_manager_msgs:/opt/ros/foxy LD_LIBRARY_PATH=/home/khaledob/bookros2_ws/install/controller_manager/lib:/home/khaledob/bookros2_ws/install/controller_interface/lib:/home/khaledob/bookros2_ws/install/hardware_interface/lib:/home/khaledob/bookros2_ws/install/controller_manager_msgs/lib:${LD_LIBRARY_PATH} PYTHONPATH=/home/khaledob/bookros2_ws/install/controller_manager/lib/python3.8/site-packages:/home/khaledob/bookros2_ws/install/controller_manager_msgs/lib/python3.8/site-packages:${PYTHONPATH} /usr/bin/cmake --install /home/khaledob/bookros2_ws/build/joint_state_broadcaster
[9.430s] DEBUG:colcon.colcon_core.event_handler.log_command:Invoking command in '/home/khaledob/bookros2_ws/build/joint_trajectory_controller': AMENT_PREFIX_PATH=/home/khaledob/bookros2_ws/install/controller_manager:/home/khaledob/bookros2_ws/install/controller_interface:/home/khaledob/bookros2_ws/install/hardware_interface:/home/khaledob/bookros2_ws/install/ros2_control_test_assets:/home/khaledob/bookros2_ws/install/controller_manager_msgs:${AMENT_PREFIX_PATH} CMAKE_PREFIX_PATH=/home/khaledob/bookros2_ws/install/controller_manager:/home/khaledob/bookros2_ws/install/controller_interface:/home/khaledob/bookros2_ws/install/hardware_interface:/home/khaledob/bookros2_ws/install/ros2_control_test_assets:/home/khaledob/bookros2_ws/install/controller_manager_msgs:/opt/ros/foxy LD_LIBRARY_PATH=/home/khaledob/bookros2_ws/install/controller_manager/lib:/home/khaledob/bookros2_ws/install/controller_interface/lib:/home/khaledob/bookros2_ws/install/hardware_interface/lib:/home/khaledob/bookros2_ws/install/controller_manager_msgs/lib:${LD_LIBRARY_PATH} PYTHONPATH=/home/khaledob/bookros2_ws/install/controller_manager/lib/python3.8/site-packages:/home/khaledob/bookros2_ws/install/controller_manager_msgs/lib/python3.8/site-packages:${PYTHONPATH} /usr/bin/cmake --build /home/khaledob/bookros2_ws/build/joint_trajectory_controller -- -j7 -l7
[9.459s] DEBUG:colcon.colcon_core.event_handler.log_command:Invoked command in '/home/khaledob/bookros2_ws/build/diff_drive_controller' returned '0': AMENT_PREFIX_PATH=/home/khaledob/bookros2_ws/install/controller_manager:/home/khaledob/bookros2_ws/install/controller_interface:/home/khaledob/bookros2_ws/install/hardware_interface:/home/khaledob/bookros2_ws/install/ros2_control_test_assets:/home/khaledob/bookros2_ws/install/controller_manager_msgs:${AMENT_PREFIX_PATH} CMAKE_PREFIX_PATH=/home/khaledob/bookros2_ws/install/controller_manager:/home/khaledob/bookros2_ws/install/controller_interface:/home/khaledob/bookros2_ws/install/hardware_interface:/home/khaledob/bookros2_ws/install/ros2_control_test_assets:/home/khaledob/bookros2_ws/install/controller_manager_msgs:/opt/ros/foxy LD_LIBRARY_PATH=/home/khaledob/bookros2_ws/install/controller_manager/lib:/home/khaledob/bookros2_ws/install/controller_interface/lib:/home/khaledob/bookros2_ws/install/hardware_interface/lib:/home/khaledob/bookros2_ws/install/controller_manager_msgs/lib:${LD_LIBRARY_PATH} PYTHONPATH=/home/khaledob/bookros2_ws/install/controller_manager/lib/python3.8/site-packages:/home/khaledob/bookros2_ws/install/controller_manager_msgs/lib/python3.8/site-packages:${PYTHONPATH} /usr/bin/cmake --build /home/khaledob/bookros2_ws/build/diff_drive_controller -- -j7 -l7
[9.459s] DEBUG:colcon.colcon_core.event_handler.log_command:Invoking command in '/home/khaledob/bookros2_ws/build/diff_drive_controller': AMENT_PREFIX_PATH=/home/khaledob/bookros2_ws/install/controller_manager:/home/khaledob/bookros2_ws/install/controller_interface:/home/khaledob/bookros2_ws/install/hardware_interface:/home/khaledob/bookros2_ws/install/ros2_control_test_assets:/home/khaledob/bookros2_ws/install/controller_manager_msgs:${AMENT_PREFIX_PATH} CMAKE_PREFIX_PATH=/home/khaledob/bookros2_ws/install/controller_manager:/home/khaledob/bookros2_ws/install/controller_interface:/home/khaledob/bookros2_ws/install/hardware_interface:/home/khaledob/bookros2_ws/install/ros2_control_test_assets:/home/khaledob/bookros2_ws/install/controller_manager_msgs:/opt/ros/foxy LD_LIBRARY_PATH=/home/khaledob/bookros2_ws/install/controller_manager/lib:/home/khaledob/bookros2_ws/install/controller_interface/lib:/home/khaledob/bookros2_ws/install/hardware_interface/lib:/home/khaledob/bookros2_ws/install/controller_manager_msgs/lib:${LD_LIBRARY_PATH} PYTHONPATH=/home/khaledob/bookros2_ws/install/controller_manager/lib/python3.8/site-packages:/home/khaledob/bookros2_ws/install/controller_manager_msgs/lib/python3.8/site-packages:${PYTHONPATH} /usr/bin/cmake --install /home/khaledob/bookros2_ws/build/diff_drive_controller
[9.497s] DEBUG:colcon.colcon_core.event_handler.log_command:Invoked command in '/home/khaledob/bookros2_ws/build/task1' returned '1': CMAKE_PREFIX_PATH=/opt/ros/foxy /usr/bin/cmake /home/khaledob/bookros2_ws/src/task1 -DAMENT_CMAKE_SYMLINK_INSTALL=1 -DCMAKE_INSTALL_PREFIX=/home/khaledob/bookros2_ws/install/task1
[9.583s] DEBUG:colcon.colcon_core.event_handler.log_command:Invoking command in '/home/khaledob/bookros2_ws/build/force_torque_sensor_broadcaster': AMENT_PREFIX_PATH=/home/khaledob/bookros2_ws/install/controller_manager:/home/khaledob/bookros2_ws/install/controller_interface:/home/khaledob/bookros2_ws/install/hardware_interface:/home/khaledob/bookros2_ws/install/ros2_control_test_assets:/home/khaledob/bookros2_ws/install/controller_manager_msgs:${AMENT_PREFIX_PATH} CMAKE_PREFIX_PATH=/home/khaledob/bookros2_ws/install/controller_manager:/home/khaledob/bookros2_ws/install/controller_interface:/home/khaledob/bookros2_ws/install/hardware_interface:/home/khaledob/bookros2_ws/install/ros2_control_test_assets:/home/khaledob/bookros2_ws/install/controller_manager_msgs:/opt/ros/foxy LD_LIBRARY_PATH=/home/khaledob/bookros2_ws/install/controller_manager/lib:/home/khaledob/bookros2_ws/install/controller_interface/lib:/home/khaledob/bookros2_ws/install/hardware_interface/lib:/home/khaledob/bookros2_ws/install/controller_manager_msgs/lib:${LD_LIBRARY_PATH} PYTHONPATH=/home/khaledob/bookros2_ws/install/controller_manager/lib/python3.8/site-packages:/home/khaledob/bookros2_ws/install/controller_manager_msgs/lib/python3.8/site-packages:${PYTHONPATH} /usr/bin/cmake --build /home/khaledob/bookros2_ws/build/force_torque_sensor_broadcaster -- -j7 -l7
[9.618s] Level 1:colcon.colcon_core.environment:create_environment_scripts_only(joint_state_broadcaster)
[9.619s] Level 1:colcon.colcon_core.environment:checking '/home/khaledob/bookros2_ws/install/joint_state_broadcaster' for CMake module files
[9.620s] Level 1:colcon.colcon_core.environment:checking '/home/khaledob/bookros2_ws/install/joint_state_broadcaster' for CMake config files
[9.629s] DEBUG:colcon.colcon_core.event_handler.log_command:Invoked command in '/home/khaledob/bookros2_ws/build/joint_state_broadcaster' returned '0': AMENT_PREFIX_PATH=/home/khaledob/bookros2_ws/install/controller_manager:/home/khaledob/bookros2_ws/install/controller_interface:/home/khaledob/bookros2_ws/install/hardware_interface:/home/khaledob/bookros2_ws/install/ros2_control_test_assets:/home/khaledob/bookros2_ws/install/controller_manager_msgs:${AMENT_PREFIX_PATH} CMAKE_PREFIX_PATH=/home/khaledob/bookros2_ws/install/controller_manager:/home/khaledob/bookros2_ws/install/controller_interface:/home/khaledob/bookros2_ws/install/hardware_interface:/home/khaledob/bookros2_ws/install/ros2_control_test_assets:/home/khaledob/bookros2_ws/install/controller_manager_msgs:/opt/ros/foxy LD_LIBRARY_PATH=/home/khaledob/bookros2_ws/install/controller_manager/lib:/home/khaledob/bookros2_ws/install/controller_interface/lib:/home/khaledob/bookros2_ws/install/hardware_interface/lib:/home/khaledob/bookros2_ws/install/controller_manager_msgs/lib:${LD_LIBRARY_PATH} PYTHONPATH=/home/khaledob/bookros2_ws/install/controller_manager/lib/python3.8/site-packages:/home/khaledob/bookros2_ws/install/controller_manager_msgs/lib/python3.8/site-packages:${PYTHONPATH} /usr/bin/cmake --install /home/khaledob/bookros2_ws/build/joint_state_broadcaster
[9.638s] Level 1:colcon.colcon_core.shell:create_environment_hook('joint_state_broadcaster', 'cmake_prefix_path')
[9.638s] INFO:colcon.colcon_core.shell:Creating environment hook '/home/khaledob/bookros2_ws/install/joint_state_broadcaster/share/joint_state_broadcaster/hook/cmake_prefix_path.ps1'
[9.648s] INFO:colcon.colcon_core.shell:Creating environment descriptor '/home/khaledob/bookros2_ws/install/joint_state_broadcaster/share/joint_state_broadcaster/hook/cmake_prefix_path.dsv'
[9.654s] INFO:colcon.colcon_core.shell:Creating environment hook '/home/khaledob/bookros2_ws/install/joint_state_broadcaster/share/joint_state_broadcaster/hook/cmake_prefix_path.sh'
[9.655s] Level 1:colcon.colcon_core.environment:checking '/home/khaledob/bookros2_ws/install/joint_state_broadcaster/lib'
[9.656s] Level 1:colcon.colcon_core.shell:create_environment_hook('joint_state_broadcaster', 'ld_library_path_lib')
[9.656s] INFO:colcon.colcon_core.shell:Creating environment hook '/home/khaledob/bookros2_ws/install/joint_state_broadcaster/share/joint_state_broadcaster/hook/ld_library_path_lib.ps1'
[9.657s] INFO:colcon.colcon_core.shell:Creating environment descriptor '/home/khaledob/bookros2_ws/install/joint_state_broadcaster/share/joint_state_broadcaster/hook/ld_library_path_lib.dsv'
[9.658s] INFO:colcon.colcon_core.shell:Creating environment hook '/home/khaledob/bookros2_ws/install/joint_state_broadcaster/share/joint_state_broadcaster/hook/ld_library_path_lib.sh'
[9.660s] Level 1:colcon.colcon_core.environment:checking '/home/khaledob/bookros2_ws/install/joint_state_broadcaster/bin'
[9.661s] Level 1:colcon.colcon_core.environment:checking '/home/khaledob/bookros2_ws/install/joint_state_broadcaster/lib/pkgconfig/joint_state_broadcaster.pc'
[9.663s] Level 1:colcon.colcon_core.environment:checking '/home/khaledob/bookros2_ws/install/joint_state_broadcaster/lib/python3.8/site-packages'
[9.664s] Level 1:colcon.colcon_core.environment:checking '/home/khaledob/bookros2_ws/install/joint_state_broadcaster/bin'
[9.666s] INFO:colcon.colcon_core.shell:Creating package script '/home/khaledob/bookros2_ws/install/joint_state_broadcaster/share/joint_state_broadcaster/package.ps1'
[9.671s] INFO:colcon.colcon_core.shell:Creating package descriptor '/home/khaledob/bookros2_ws/install/joint_state_broadcaster/share/joint_state_broadcaster/package.dsv'
[9.673s] INFO:colcon.colcon_core.shell:Creating package script '/home/khaledob/bookros2_ws/install/joint_state_broadcaster/share/joint_state_broadcaster/package.sh'
[9.676s] INFO:colcon.colcon_core.shell:Creating package script '/home/khaledob/bookros2_ws/install/joint_state_broadcaster/share/joint_state_broadcaster/package.bash'
[9.681s] INFO:colcon.colcon_core.shell:Creating package script '/home/khaledob/bookros2_ws/install/joint_state_broadcaster/share/joint_state_broadcaster/package.zsh'
[9.684s] Level 1:colcon.colcon_core.environment:create_file_with_runtime_dependencies(/home/khaledob/bookros2_ws/install/joint_state_broadcaster/share/colcon-core/packages/joint_state_broadcaster)
[9.695s] Level 1:colcon.colcon_core.environment:create_environment_scripts_only(joint_state_broadcaster)
[9.695s] Level 1:colcon.colcon_core.environment:checking '/home/khaledob/bookros2_ws/install/joint_state_broadcaster' for CMake module files
[9.698s] Level 1:colcon.colcon_core.environment:checking '/home/khaledob/bookros2_ws/install/joint_state_broadcaster' for CMake config files
[9.699s] Level 1:colcon.colcon_core.shell:create_environment_hook('joint_state_broadcaster', 'cmake_prefix_path')
[9.699s] INFO:colcon.colcon_core.shell:Creating environment hook '/home/khaledob/bookros2_ws/install/joint_state_broadcaster/share/joint_state_broadcaster/hook/cmake_prefix_path.ps1'
[9.700s] INFO:colcon.colcon_core.shell:Creating environment descriptor '/home/khaledob/bookros2_ws/install/joint_state_broadcaster/share/joint_state_broadcaster/hook/cmake_prefix_path.dsv'
[9.702s] INFO:colcon.colcon_core.shell:Creating environment hook '/home/khaledob/bookros2_ws/install/joint_state_broadcaster/share/joint_state_broadcaster/hook/cmake_prefix_path.sh'
[9.705s] Level 1:colcon.colcon_core.environment:checking '/home/khaledob/bookros2_ws/install/joint_state_broadcaster/lib'
[9.706s] Level 1:colcon.colcon_core.shell:create_environment_hook('joint_state_broadcaster', 'ld_library_path_lib')
[9.707s] INFO:colcon.colcon_core.shell:Creating environment hook '/home/khaledob/bookros2_ws/install/joint_state_broadcaster/share/joint_state_broadcaster/hook/ld_library_path_lib.ps1'
[9.709s] INFO:colcon.colcon_core.shell:Creating environment descriptor '/home/khaledob/bookros2_ws/install/joint_state_broadcaster/share/joint_state_broadcaster/hook/ld_library_path_lib.dsv'
[9.712s] INFO:colcon.colcon_core.shell:Creating environment hook '/home/khaledob/bookros2_ws/install/joint_state_broadcaster/share/joint_state_broadcaster/hook/ld_library_path_lib.sh'
[9.714s] Level 1:colcon.colcon_core.environment:checking '/home/khaledob/bookros2_ws/install/joint_state_broadcaster/bin'
[9.714s] Level 1:colcon.colcon_core.environment:checking '/home/khaledob/bookros2_ws/install/joint_state_broadcaster/lib/pkgconfig/joint_state_broadcaster.pc'
[9.715s] Level 1:colcon.colcon_core.environment:checking '/home/khaledob/bookros2_ws/install/joint_state_broadcaster/lib/python3.8/site-packages'
[9.715s] Level 1:colcon.colcon_core.environment:checking '/home/khaledob/bookros2_ws/install/joint_state_broadcaster/bin'
[9.716s] INFO:colcon.colcon_core.shell:Creating package script '/home/khaledob/bookros2_ws/install/joint_state_broadcaster/share/joint_state_broadcaster/package.ps1'
[9.718s] INFO:colcon.colcon_core.shell:Creating package descriptor '/home/khaledob/bookros2_ws/install/joint_state_broadcaster/share/joint_state_broadcaster/package.dsv'
[9.721s] INFO:colcon.colcon_core.shell:Creating package script '/home/khaledob/bookros2_ws/install/joint_state_broadcaster/share/joint_state_broadcaster/package.sh'
[9.724s] INFO:colcon.colcon_core.shell:Creating package script '/home/khaledob/bookros2_ws/install/joint_state_broadcaster/share/joint_state_broadcaster/package.bash'
[9.725s] INFO:colcon.colcon_core.shell:Creating package script '/home/khaledob/bookros2_ws/install/joint_state_broadcaster/share/joint_state_broadcaster/package.zsh'
[9.728s] Level 1:colcon.colcon_core.environment:create_file_with_runtime_dependencies(/home/khaledob/bookros2_ws/install/joint_state_broadcaster/share/colcon-core/packages/joint_state_broadcaster)
[9.733s] INFO:colcon.colcon_ros.task.ament_cmake.build:Building ROS package in '/home/khaledob/bookros2_ws/src/ThirdParty/ros2_controllers/joint_state_controller' with build type 'ament_cmake'
[9.733s] INFO:colcon.colcon_cmake.task.cmake.build:Building CMake package in '/home/khaledob/bookros2_ws/src/ThirdParty/ros2_controllers/joint_state_controller'
[9.734s] INFO:colcon.colcon_core.shell:Skip shell extension 'powershell' for command environment: Not usable outside of PowerShell
[9.734s] DEBUG:colcon.colcon_core.shell:Skip shell extension 'dsv' for command environment
[9.772s] Level 1:colcon.colcon_core.environment:create_environment_scripts_only(diff_drive_controller)
[9.775s] Level 1:colcon.colcon_core.environment:checking '/home/khaledob/bookros2_ws/install/diff_drive_controller' for CMake module files
[9.777s] DEBUG:colcon.colcon_core.event_handler.log_command:Invoked command in '/home/khaledob/bookros2_ws/build/diff_drive_controller' returned '0': AMENT_PREFIX_PATH=/home/khaledob/bookros2_ws/install/controller_manager:/home/khaledob/bookros2_ws/install/controller_interface:/home/khaledob/bookros2_ws/install/hardware_interface:/home/khaledob/bookros2_ws/install/ros2_control_test_assets:/home/khaledob/bookros2_ws/install/controller_manager_msgs:${AMENT_PREFIX_PATH} CMAKE_PREFIX_PATH=/home/khaledob/bookros2_ws/install/controller_manager:/home/khaledob/bookros2_ws/install/controller_interface:/home/khaledob/bookros2_ws/install/hardware_interface:/home/khaledob/bookros2_ws/install/ros2_control_test_assets:/home/khaledob/bookros2_ws/install/controller_manager_msgs:/opt/ros/foxy LD_LIBRARY_PATH=/home/khaledob/bookros2_ws/install/controller_manager/lib:/home/khaledob/bookros2_ws/install/controller_interface/lib:/home/khaledob/bookros2_ws/install/hardware_interface/lib:/home/khaledob/bookros2_ws/install/controller_manager_msgs/lib:${LD_LIBRARY_PATH} PYTHONPATH=/home/khaledob/bookros2_ws/install/controller_manager/lib/python3.8/site-packages:/home/khaledob/bookros2_ws/install/controller_manager_msgs/lib/python3.8/site-packages:${PYTHONPATH} /usr/bin/cmake --install /home/khaledob/bookros2_ws/build/diff_drive_controller
[9.778s] Level 1:colcon.colcon_core.environment:checking '/home/khaledob/bookros2_ws/install/diff_drive_controller' for CMake config files
[9.781s] Level 1:colcon.colcon_core.shell:create_environment_hook('diff_drive_controller', 'cmake_prefix_path')
[9.781s] INFO:colcon.colcon_core.shell:Creating environment hook '/home/khaledob/bookros2_ws/install/diff_drive_controller/share/diff_drive_controller/hook/cmake_prefix_path.ps1'
[9.783s] INFO:colcon.colcon_core.shell:Creating environment descriptor '/home/khaledob/bookros2_ws/install/diff_drive_controller/share/diff_drive_controller/hook/cmake_prefix_path.dsv'
[9.784s] INFO:colcon.colcon_core.shell:Creating environment hook '/home/khaledob/bookros2_ws/install/diff_drive_controller/share/diff_drive_controller/hook/cmake_prefix_path.sh'
[9.786s] Level 1:colcon.colcon_core.environment:checking '/home/khaledob/bookros2_ws/install/diff_drive_controller/lib'
[9.787s] Level 1:colcon.colcon_core.shell:create_environment_hook('diff_drive_controller', 'ld_library_path_lib')
[9.787s] INFO:colcon.colcon_core.shell:Creating environment hook '/home/khaledob/bookros2_ws/install/diff_drive_controller/share/diff_drive_controller/hook/ld_library_path_lib.ps1'
[9.788s] INFO:colcon.colcon_core.shell:Creating environment descriptor '/home/khaledob/bookros2_ws/install/diff_drive_controller/share/diff_drive_controller/hook/ld_library_path_lib.dsv'
[9.789s] INFO:colcon.colcon_core.shell:Creating environment hook '/home/khaledob/bookros2_ws/install/diff_drive_controller/share/diff_drive_controller/hook/ld_library_path_lib.sh'
[9.790s] Level 1:colcon.colcon_core.environment:checking '/home/khaledob/bookros2_ws/install/diff_drive_controller/bin'
[9.791s] Level 1:colcon.colcon_core.environment:checking '/home/khaledob/bookros2_ws/install/diff_drive_controller/lib/pkgconfig/diff_drive_controller.pc'
[9.791s] Level 1:colcon.colcon_core.environment:checking '/home/khaledob/bookros2_ws/install/diff_drive_controller/lib/python3.8/site-packages'
[9.791s] Level 1:colcon.colcon_core.environment:checking '/home/khaledob/bookros2_ws/install/diff_drive_controller/bin'
[9.792s] INFO:colcon.colcon_core.shell:Creating package script '/home/khaledob/bookros2_ws/install/diff_drive_controller/share/diff_drive_controller/package.ps1'
[9.793s] INFO:colcon.colcon_core.shell:Creating package descriptor '/home/khaledob/bookros2_ws/install/diff_drive_controller/share/diff_drive_controller/package.dsv'
[9.794s] INFO:colcon.colcon_core.shell:Creating package script '/home/khaledob/bookros2_ws/install/diff_drive_controller/share/diff_drive_controller/package.sh'
[9.803s] INFO:colcon.colcon_core.shell:Creating package script '/home/khaledob/bookros2_ws/install/diff_drive_controller/share/diff_drive_controller/package.bash'
[9.805s] INFO:colcon.colcon_core.shell:Creating package script '/home/khaledob/bookros2_ws/install/diff_drive_controller/share/diff_drive_controller/package.zsh'
[9.809s] Level 1:colcon.colcon_core.environment:create_file_with_runtime_dependencies(/home/khaledob/bookros2_ws/install/diff_drive_controller/share/colcon-core/packages/diff_drive_controller)
[9.822s] Level 1:colcon.colcon_core.environment:create_environment_scripts_only(diff_drive_controller)
[9.823s] Level 1:colcon.colcon_core.environment:checking '/home/khaledob/bookros2_ws/install/diff_drive_controller' for CMake module files
[9.829s] Level 1:colcon.colcon_core.environment:checking '/home/khaledob/bookros2_ws/install/diff_drive_controller' for CMake config files
[9.831s] Level 1:colcon.colcon_core.shell:create_environment_hook('diff_drive_controller', 'cmake_prefix_path')
[9.832s] INFO:colcon.colcon_core.shell:Creating environment hook '/home/khaledob/bookros2_ws/install/diff_drive_controller/share/diff_drive_controller/hook/cmake_prefix_path.ps1'
[9.834s] INFO:colcon.colcon_core.shell:Creating environment descriptor '/home/khaledob/bookros2_ws/install/diff_drive_controller/share/diff_drive_controller/hook/cmake_prefix_path.dsv'
[9.836s] INFO:colcon.colcon_core.shell:Creating environment hook '/home/khaledob/bookros2_ws/install/diff_drive_controller/share/diff_drive_controller/hook/cmake_prefix_path.sh'
[9.841s] Level 1:colcon.colcon_core.environment:checking '/home/khaledob/bookros2_ws/install/diff_drive_controller/lib'
[9.841s] Level 1:colcon.colcon_core.shell:create_environment_hook('diff_drive_controller', 'ld_library_path_lib')
[9.841s] INFO:colcon.colcon_core.shell:Creating environment hook '/home/khaledob/bookros2_ws/install/diff_drive_controller/share/diff_drive_controller/hook/ld_library_path_lib.ps1'
[9.843s] INFO:colcon.colcon_core.shell:Creating environment descriptor '/home/khaledob/bookros2_ws/install/diff_drive_controller/share/diff_drive_controller/hook/ld_library_path_lib.dsv'
[9.845s] INFO:colcon.colcon_core.shell:Creating environment hook '/home/khaledob/bookros2_ws/install/diff_drive_controller/share/diff_drive_controller/hook/ld_library_path_lib.sh'
[9.847s] Level 1:colcon.colcon_core.environment:checking '/home/khaledob/bookros2_ws/install/diff_drive_controller/bin'
[9.848s] Level 1:colcon.colcon_core.environment:checking '/home/khaledob/bookros2_ws/install/diff_drive_controller/lib/pkgconfig/diff_drive_controller.pc'
[9.848s] Level 1:colcon.colcon_core.environment:checking '/home/khaledob/bookros2_ws/install/diff_drive_controller/lib/python3.8/site-packages'
[9.849s] Level 1:colcon.colcon_core.environment:checking '/home/khaledob/bookros2_ws/install/diff_drive_controller/bin'
[9.850s] INFO:colcon.colcon_core.shell:Creating package script '/home/khaledob/bookros2_ws/install/diff_drive_controller/share/diff_drive_controller/package.ps1'
[9.854s] INFO:colcon.colcon_core.shell:Creating package descriptor '/home/khaledob/bookros2_ws/install/diff_drive_controller/share/diff_drive_controller/package.dsv'
[9.862s] INFO:colcon.colcon_core.shell:Creating package script '/home/khaledob/bookros2_ws/install/diff_drive_controller/share/diff_drive_controller/package.sh'
[9.865s] INFO:colcon.colcon_core.shell:Creating package script '/home/khaledob/bookros2_ws/install/diff_drive_controller/share/diff_drive_controller/package.bash'
[9.867s] INFO:colcon.colcon_core.shell:Creating package script '/home/khaledob/bookros2_ws/install/diff_drive_controller/share/diff_drive_controller/package.zsh'
[9.869s] Level 1:colcon.colcon_core.environment:create_file_with_runtime_dependencies(/home/khaledob/bookros2_ws/install/diff_drive_controller/share/colcon-core/packages/diff_drive_controller)
[9.918s] DEBUG:colcon.colcon_core.event_handler.log_command:Invoking command in '/home/khaledob/bookros2_ws/build/position_controllers': AMENT_PREFIX_PATH=/home/khaledob/bookros2_ws/install/forward_command_controller:/home/khaledob/bookros2_ws/install/controller_manager:/home/khaledob/bookros2_ws/install/controller_interface:/home/khaledob/bookros2_ws/install/hardware_interface:/home/khaledob/bookros2_ws/install/ros2_control_test_assets:/home/khaledob/bookros2_ws/install/controller_manager_msgs:${AMENT_PREFIX_PATH} CMAKE_PREFIX_PATH=/home/khaledob/bookros2_ws/install/forward_command_controller:/home/khaledob/bookros2_ws/install/controller_manager:/home/khaledob/bookros2_ws/install/controller_interface:/home/khaledob/bookros2_ws/install/hardware_interface:/home/khaledob/bookros2_ws/install/ros2_control_test_assets:/home/khaledob/bookros2_ws/install/controller_manager_msgs:/opt/ros/foxy LD_LIBRARY_PATH=/home/khaledob/bookros2_ws/install/forward_command_controller/lib:/home/khaledob/bookros2_ws/install/controller_manager/lib:/home/khaledob/bookros2_ws/install/controller_interface/lib:/home/khaledob/bookros2_ws/install/hardware_interface/lib:/home/khaledob/bookros2_ws/install/controller_manager_msgs/lib:${LD_LIBRARY_PATH} PYTHONPATH=/home/khaledob/bookros2_ws/install/controller_manager/lib/python3.8/site-packages:/home/khaledob/bookros2_ws/install/controller_manager_msgs/lib/python3.8/site-packages:${PYTHONPATH} /usr/bin/cmake --build /home/khaledob/bookros2_ws/build/position_controllers -- -j7 -l7
[9.920s] INFO:colcon.colcon_ros.task.ament_python.build:Building ROS package in '/home/khaledob/bookros2_ws/src/ThirdParty/ros2_control/ros2controlcli' with build type 'ament_python'
[9.921s] Level 1:colcon.colcon_core.shell:create_environment_hook('ros2controlcli', 'ament_prefix_path')
[9.922s] INFO:colcon.colcon_core.shell:Creating environment hook '/home/khaledob/bookros2_ws/install/ros2controlcli/share/ros2controlcli/hook/ament_prefix_path.ps1'
[9.924s] INFO:colcon.colcon_core.shell:Creating environment descriptor '/home/khaledob/bookros2_ws/install/ros2controlcli/share/ros2controlcli/hook/ament_prefix_path.dsv'
[9.925s] INFO:colcon.colcon_core.shell:Creating environment hook '/home/khaledob/bookros2_ws/install/ros2controlcli/share/ros2controlcli/hook/ament_prefix_path.sh'
[9.928s] INFO:colcon.colcon_core.shell:Skip shell extension 'powershell' for command environment: Not usable outside of PowerShell
[9.929s] DEBUG:colcon.colcon_core.shell:Skip shell extension 'dsv' for command environment
[9.952s] DEBUG:colcon.colcon_core.event_handler.log_command:Invoked command in '/home/khaledob/bookros2_ws/build/imu_sensor_broadcaster' returned '0': AMENT_PREFIX_PATH=/home/khaledob/bookros2_ws/install/controller_manager:/home/khaledob/bookros2_ws/install/controller_interface:/home/khaledob/bookros2_ws/install/hardware_interface:/home/khaledob/bookros2_ws/install/ros2_control_test_assets:/home/khaledob/bookros2_ws/install/controller_manager_msgs:${AMENT_PREFIX_PATH} CMAKE_PREFIX_PATH=/home/khaledob/bookros2_ws/install/controller_manager:/home/khaledob/bookros2_ws/install/controller_interface:/home/khaledob/bookros2_ws/install/hardware_interface:/home/khaledob/bookros2_ws/install/ros2_control_test_assets:/home/khaledob/bookros2_ws/install/controller_manager_msgs:/opt/ros/foxy LD_LIBRARY_PATH=/home/khaledob/bookros2_ws/install/controller_manager/lib:/home/khaledob/bookros2_ws/install/controller_interface/lib:/home/khaledob/bookros2_ws/install/hardware_interface/lib:/home/khaledob/bookros2_ws/install/controller_manager_msgs/lib:${LD_LIBRARY_PATH} PYTHONPATH=/home/khaledob/bookros2_ws/install/controller_manager/lib/python3.8/site-packages:/home/khaledob/bookros2_ws/install/controller_manager_msgs/lib/python3.8/site-packages:${PYTHONPATH} /usr/bin/cmake --build /home/khaledob/bookros2_ws/build/imu_sensor_broadcaster -- -j7 -l7
[9.968s] DEBUG:colcon.colcon_core.event_handler.log_command:Invoking command in '/home/khaledob/bookros2_ws/build/imu_sensor_broadcaster': AMENT_PREFIX_PATH=/home/khaledob/bookros2_ws/install/controller_manager:/home/khaledob/bookros2_ws/install/controller_interface:/home/khaledob/bookros2_ws/install/hardware_interface:/home/khaledob/bookros2_ws/install/ros2_control_test_assets:/home/khaledob/bookros2_ws/install/controller_manager_msgs:${AMENT_PREFIX_PATH} CMAKE_PREFIX_PATH=/home/khaledob/bookros2_ws/install/controller_manager:/home/khaledob/bookros2_ws/install/controller_interface:/home/khaledob/bookros2_ws/install/hardware_interface:/home/khaledob/bookros2_ws/install/ros2_control_test_assets:/home/khaledob/bookros2_ws/install/controller_manager_msgs:/opt/ros/foxy LD_LIBRARY_PATH=/home/khaledob/bookros2_ws/install/controller_manager/lib:/home/khaledob/bookros2_ws/install/controller_interface/lib:/home/khaledob/bookros2_ws/install/hardware_interface/lib:/home/khaledob/bookros2_ws/install/controller_manager_msgs/lib:${LD_LIBRARY_PATH} PYTHONPATH=/home/khaledob/bookros2_ws/install/controller_manager/lib/python3.8/site-packages:/home/khaledob/bookros2_ws/install/controller_manager_msgs/lib/python3.8/site-packages:${PYTHONPATH} /usr/bin/cmake --install /home/khaledob/bookros2_ws/build/imu_sensor_broadcaster
[10.001s] Level 1:colcon.colcon_core.environment:create_environment_scripts_only(task1)
[10.003s] Level 1:colcon.colcon_core.environment:checking '/home/khaledob/bookros2_ws/install/task1' for CMake module files
[10.004s] Level 1:colcon.colcon_core.environment:checking '/home/khaledob/bookros2_ws/install/task1' for CMake config files
[10.004s] Level 1:colcon.colcon_core.environment:checking '/home/khaledob/bookros2_ws/install/task1/bin'
[10.004s] Level 1:colcon.colcon_core.environment:checking '/home/khaledob/bookros2_ws/install/task1/lib/pkgconfig/task1.pc'
[10.005s] Level 1:colcon.colcon_core.environment:checking '/home/khaledob/bookros2_ws/install/task1/lib/python3.8/site-packages'
[10.005s] Level 1:colcon.colcon_core.environment:checking '/home/khaledob/bookros2_ws/install/task1/bin'
[10.008s] INFO:colcon.colcon_core.shell:Creating package script '/home/khaledob/bookros2_ws/install/task1/share/task1/package.ps1'
[10.011s] INFO:colcon.colcon_core.shell:Creating package descriptor '/home/khaledob/bookros2_ws/install/task1/share/task1/package.dsv'
[10.016s] INFO:colcon.colcon_core.shell:Creating package script '/home/khaledob/bookros2_ws/install/task1/share/task1/package.sh'
[10.018s] INFO:colcon.colcon_core.shell:Creating package script '/home/khaledob/bookros2_ws/install/task1/share/task1/package.bash'
[10.020s] INFO:colcon.colcon_core.shell:Creating package script '/home/khaledob/bookros2_ws/install/task1/share/task1/package.zsh'
[10.021s] Level 1:colcon.colcon_core.environment:create_file_with_runtime_dependencies(/home/khaledob/bookros2_ws/install/task1/share/colcon-core/packages/task1)
[10.350s] DEBUG:colcon.colcon_parallel_executor.executor.parallel:closing loop
[10.350s] DEBUG:colcon.colcon_parallel_executor.executor.parallel:loop closed
[10.351s] DEBUG:colcon.colcon_parallel_executor.executor.parallel:run_until_complete finished with '1'
[10.351s] DEBUG:colcon.colcon_core.event_reactor:joining thread
[10.404s] INFO:colcon.colcon_core.plugin_system:Skipping extension 'colcon_notification.desktop_notification.terminal_notifier': Not used on non-Darwin systems
[10.404s] INFO:colcon.colcon_core.plugin_system:Skipping extension 'colcon_notification.desktop_notification.win32': Not used on non-Windows systems
[10.404s] INFO:colcon.colcon_notification.desktop_notification:Sending desktop notification using 'notify2'
[10.475s] DEBUG:colcon.colcon_core.event_reactor:joined thread
[10.476s] INFO:colcon.colcon_core.shell:Creating prefix script '/home/khaledob/bookros2_ws/install/local_setup.ps1'
[10.479s] INFO:colcon.colcon_core.shell:Creating prefix util module '/home/khaledob/bookros2_ws/install/_local_setup_util_ps1.py'
[10.483s] INFO:colcon.colcon_core.shell:Creating prefix chain script '/home/khaledob/bookros2_ws/install/setup.ps1'
[10.486s] INFO:colcon.colcon_core.shell:Creating prefix script '/home/khaledob/bookros2_ws/install/local_setup.sh'
[10.491s] INFO:colcon.colcon_core.shell:Creating prefix util module '/home/khaledob/bookros2_ws/install/_local_setup_util_sh.py'
[10.502s] INFO:colcon.colcon_core.shell:Creating prefix chain script '/home/khaledob/bookros2_ws/install/setup.sh'
[10.505s] INFO:colcon.colcon_core.shell:Creating prefix script '/home/khaledob/bookros2_ws/install/local_setup.bash'
[10.507s] INFO:colcon.colcon_core.shell:Creating prefix chain script '/home/khaledob/bookros2_ws/install/setup.bash'
[10.511s] INFO:colcon.colcon_core.shell:Creating prefix script '/home/khaledob/bookros2_ws/install/local_setup.zsh'
[10.512s] INFO:colcon.colcon_core.shell:Creating prefix chain script '/home/khaledob/bookros2_ws/install/setup.zsh'
