[0.343s] DEBUG:colcon:Command line arguments: ['/usr/bin/colcon', 'build', '--symlink-install']
[0.343s] DEBUG:colcon:Parsed command line arguments: Namespace(allow_overriding=[], ament_cmake_args=None, base_paths=['.'], build_base='build', catkin_cmake_args=None, catkin_skip_building_tests=False, cmake_args=None, cmake_clean_cache=False, cmake_clean_first=False, cmake_force_configure=False, cmake_target=None, cmake_target_skip_unavailable=False, continue_on_error=False, event_handlers=None, executor='parallel', ignore_user_meta=False, install_base='install', log_base=None, log_level=None, main=<bound method BuildVerb.main of <colcon_core.verb.build.BuildVerb object at 0x7fa9d7852bb0>>, merge_install=False, metas=['./colcon.meta'], mixin=None, mixin_files=None, mixin_verb=('build',), packages_above=None, packages_above_and_dependencies=None, packages_above_depth=None, packages_end=None, packages_ignore=None, packages_ignore_regex=None, packages_select=None, packages_select_build_failed=False, packages_select_by_dep=None, packages_select_regex=None, packages_select_test_failures=False, packages_skip=None, packages_skip_build_finished=False, packages_skip_by_dep=None, packages_skip_regex=None, packages_skip_test_passed=False, packages_skip_up_to=None, packages_start=None, packages_up_to=None, packages_up_to_regex=None, parallel_workers=7, paths=None, symlink_install=True, test_result_base=None, verb_extension=<colcon_core.verb.build.BuildVerb object at 0x7fa9d7852bb0>, verb_name='build', verb_parser=<colcon_mixin.mixin.mixin_argument.MixinArgumentDecorator object at 0x7fa9d77b8610>)
[0.652s] Level 1:colcon.colcon_core.package_discovery:discover_packages(colcon_meta) check parameters
[0.653s] Level 1:colcon.colcon_core.package_discovery:discover_packages(recursive) check parameters
[0.653s] Level 1:colcon.colcon_core.package_discovery:discover_packages(ignore) check parameters
[0.653s] Level 1:colcon.colcon_core.package_discovery:discover_packages(path) check parameters
[0.653s] Level 1:colcon.colcon_core.package_discovery:discover_packages(colcon_meta) discover
[0.653s] Level 1:colcon.colcon_core.package_discovery:discover_packages(recursive) discover
[0.653s] INFO:colcon.colcon_core.package_discovery:Crawling recursively for packages in '/home/khaledob/bookros2_ws'
[0.653s] Level 1:colcon.colcon_core.package_identification:_identify(.) by extensions ['ignore', 'ignore_ament_install']
[0.653s] Level 1:colcon.colcon_core.package_identification:_identify(.) by extension 'ignore'
[0.653s] Level 1:colcon.colcon_core.package_identification:_identify(.) by extension 'ignore_ament_install'
[0.653s] Level 1:colcon.colcon_core.package_identification:_identify(.) by extensions ['colcon_pkg']
[0.653s] Level 1:colcon.colcon_core.package_identification:_identify(.) by extension 'colcon_pkg'
[0.653s] Level 1:colcon.colcon_core.package_identification:_identify(.) by extensions ['colcon_meta']
[0.653s] Level 1:colcon.colcon_core.package_identification:_identify(.) by extension 'colcon_meta'
[0.653s] Level 1:colcon.colcon_core.package_identification:_identify(.) by extensions ['ros']
[0.653s] Level 1:colcon.colcon_core.package_identification:_identify(.) by extension 'ros'
[0.673s] Level 1:colcon.colcon_core.package_identification:_identify(.) by extensions ['cmake', 'python']
[0.673s] Level 1:colcon.colcon_core.package_identification:_identify(.) by extension 'cmake'
[0.673s] Level 1:colcon.colcon_core.package_identification:_identify(.) by extension 'python'
[0.673s] Level 1:colcon.colcon_core.package_identification:_identify(.) by extensions ['python_setup_py']
[0.673s] Level 1:colcon.colcon_core.package_identification:_identify(.) by extension 'python_setup_py'
[0.673s] Level 1:colcon.colcon_core.package_identification:_identify(build) by extensions ['ignore', 'ignore_ament_install']
[0.673s] Level 1:colcon.colcon_core.package_identification:_identify(build) by extension 'ignore'
[0.673s] Level 1:colcon.colcon_core.package_identification:_identify(build) ignored
[0.674s] Level 1:colcon.colcon_core.package_identification:_identify(install) by extensions ['ignore', 'ignore_ament_install']
[0.674s] Level 1:colcon.colcon_core.package_identification:_identify(install) by extension 'ignore'
[0.674s] Level 1:colcon.colcon_core.package_identification:_identify(install) ignored
[0.674s] Level 1:colcon.colcon_core.package_identification:_identify(log) by extensions ['ignore', 'ignore_ament_install']
[0.674s] Level 1:colcon.colcon_core.package_identification:_identify(log) by extension 'ignore'
[0.674s] Level 1:colcon.colcon_core.package_identification:_identify(log) ignored
[0.674s] Level 1:colcon.colcon_core.package_identification:_identify(src) by extensions ['ignore', 'ignore_ament_install']
[0.674s] Level 1:colcon.colcon_core.package_identification:_identify(src) by extension 'ignore'
[0.674s] Level 1:colcon.colcon_core.package_identification:_identify(src) by extension 'ignore_ament_install'
[0.675s] Level 1:colcon.colcon_core.package_identification:_identify(src) by extensions ['colcon_pkg']
[0.675s] Level 1:colcon.colcon_core.package_identification:_identify(src) by extension 'colcon_pkg'
[0.675s] Level 1:colcon.colcon_core.package_identification:_identify(src) by extensions ['colcon_meta']
[0.675s] Level 1:colcon.colcon_core.package_identification:_identify(src) by extension 'colcon_meta'
[0.675s] Level 1:colcon.colcon_core.package_identification:_identify(src) by extensions ['ros']
[0.675s] Level 1:colcon.colcon_core.package_identification:_identify(src) by extension 'ros'
[0.675s] Level 1:colcon.colcon_core.package_identification:_identify(src) by extensions ['cmake', 'python']
[0.675s] Level 1:colcon.colcon_core.package_identification:_identify(src) by extension 'cmake'
[0.675s] Level 1:colcon.colcon_core.package_identification:_identify(src) by extension 'python'
[0.675s] Level 1:colcon.colcon_core.package_identification:_identify(src) by extensions ['python_setup_py']
[0.675s] Level 1:colcon.colcon_core.package_identification:_identify(src) by extension 'python_setup_py'
[0.675s] Level 1:colcon.colcon_core.package_identification:_identify(src/ThirdParty) by extensions ['ignore', 'ignore_ament_install']
[0.676s] Level 1:colcon.colcon_core.package_identification:_identify(src/ThirdParty) by extension 'ignore'
[0.676s] Level 1:colcon.colcon_core.package_identification:_identify(src/ThirdParty) by extension 'ignore_ament_install'
[0.676s] Level 1:colcon.colcon_core.package_identification:_identify(src/ThirdParty) by extensions ['colcon_pkg']
[0.676s] Level 1:colcon.colcon_core.package_identification:_identify(src/ThirdParty) by extension 'colcon_pkg'
[0.676s] Level 1:colcon.colcon_core.package_identification:_identify(src/ThirdParty) by extensions ['colcon_meta']
[0.676s] Level 1:colcon.colcon_core.package_identification:_identify(src/ThirdParty) by extension 'colcon_meta'
[0.676s] Level 1:colcon.colcon_core.package_identification:_identify(src/ThirdParty) by extensions ['ros']
[0.676s] Level 1:colcon.colcon_core.package_identification:_identify(src/ThirdParty) by extension 'ros'
[0.676s] Level 1:colcon.colcon_core.package_identification:_identify(src/ThirdParty) by extensions ['cmake', 'python']
[0.676s] Level 1:colcon.colcon_core.package_identification:_identify(src/ThirdParty) by extension 'cmake'
[0.677s] Level 1:colcon.colcon_core.package_identification:_identify(src/ThirdParty) by extension 'python'
[0.677s] Level 1:colcon.colcon_core.package_identification:_identify(src/ThirdParty) by extensions ['python_setup_py']
[0.677s] Level 1:colcon.colcon_core.package_identification:_identify(src/ThirdParty) by extension 'python_setup_py'
[0.677s] Level 1:colcon.colcon_core.package_identification:_identify(src/ThirdParty/Groot) by extensions ['ignore', 'ignore_ament_install']
[0.677s] Level 1:colcon.colcon_core.package_identification:_identify(src/ThirdParty/Groot) by extension 'ignore'
[0.677s] Level 1:colcon.colcon_core.package_identification:_identify(src/ThirdParty/Groot) by extension 'ignore_ament_install'
[0.678s] Level 1:colcon.colcon_core.package_identification:_identify(src/ThirdParty/Groot) by extensions ['colcon_pkg']
[0.678s] Level 1:colcon.colcon_core.package_identification:_identify(src/ThirdParty/Groot) by extension 'colcon_pkg'
[0.678s] Level 1:colcon.colcon_core.package_identification:_identify(src/ThirdParty/Groot) by extensions ['colcon_meta']
[0.678s] Level 1:colcon.colcon_core.package_identification:_identify(src/ThirdParty/Groot) by extension 'colcon_meta'
[0.678s] Level 1:colcon.colcon_core.package_identification:_identify(src/ThirdParty/Groot) by extensions ['ros']
[0.678s] Level 1:colcon.colcon_core.package_identification:_identify(src/ThirdParty/Groot) by extension 'ros'
[0.687s] DEBUG:colcon.colcon_core.package_identification:Package 'src/ThirdParty/Groot' with type 'ros.ament_cmake' and name 'groot'
[0.687s] Level 1:colcon.colcon_core.package_identification:_identify(src/ThirdParty/gazebo_ros2_control) by extensions ['ignore', 'ignore_ament_install']
[0.688s] Level 1:colcon.colcon_core.package_identification:_identify(src/ThirdParty/gazebo_ros2_control) by extension 'ignore'
[0.688s] Level 1:colcon.colcon_core.package_identification:_identify(src/ThirdParty/gazebo_ros2_control) by extension 'ignore_ament_install'
[0.688s] Level 1:colcon.colcon_core.package_identification:_identify(src/ThirdParty/gazebo_ros2_control) by extensions ['colcon_pkg']
[0.688s] Level 1:colcon.colcon_core.package_identification:_identify(src/ThirdParty/gazebo_ros2_control) by extension 'colcon_pkg'
[0.688s] Level 1:colcon.colcon_core.package_identification:_identify(src/ThirdParty/gazebo_ros2_control) by extensions ['colcon_meta']
[0.688s] Level 1:colcon.colcon_core.package_identification:_identify(src/ThirdParty/gazebo_ros2_control) by extension 'colcon_meta'
[0.688s] Level 1:colcon.colcon_core.package_identification:_identify(src/ThirdParty/gazebo_ros2_control) by extensions ['ros']
[0.688s] Level 1:colcon.colcon_core.package_identification:_identify(src/ThirdParty/gazebo_ros2_control) by extension 'ros'
[0.688s] Level 1:colcon.colcon_core.package_identification:_identify(src/ThirdParty/gazebo_ros2_control) by extensions ['cmake', 'python']
[0.688s] Level 1:colcon.colcon_core.package_identification:_identify(src/ThirdParty/gazebo_ros2_control) by extension 'cmake'
[0.689s] Level 1:colcon.colcon_core.package_identification:_identify(src/ThirdParty/gazebo_ros2_control) by extension 'python'
[0.689s] Level 1:colcon.colcon_core.package_identification:_identify(src/ThirdParty/gazebo_ros2_control) by extensions ['python_setup_py']
[0.689s] Level 1:colcon.colcon_core.package_identification:_identify(src/ThirdParty/gazebo_ros2_control) by extension 'python_setup_py'
[0.689s] Level 1:colcon.colcon_core.package_identification:_identify(src/ThirdParty/gazebo_ros2_control/Docker) by extensions ['ignore', 'ignore_ament_install']
[0.689s] Level 1:colcon.colcon_core.package_identification:_identify(src/ThirdParty/gazebo_ros2_control/Docker) by extension 'ignore'
[0.689s] Level 1:colcon.colcon_core.package_identification:_identify(src/ThirdParty/gazebo_ros2_control/Docker) by extension 'ignore_ament_install'
[0.690s] Level 1:colcon.colcon_core.package_identification:_identify(src/ThirdParty/gazebo_ros2_control/Docker) by extensions ['colcon_pkg']
[0.690s] Level 1:colcon.colcon_core.package_identification:_identify(src/ThirdParty/gazebo_ros2_control/Docker) by extension 'colcon_pkg'
[0.690s] Level 1:colcon.colcon_core.package_identification:_identify(src/ThirdParty/gazebo_ros2_control/Docker) by extensions ['colcon_meta']
[0.690s] Level 1:colcon.colcon_core.package_identification:_identify(src/ThirdParty/gazebo_ros2_control/Docker) by extension 'colcon_meta'
[0.690s] Level 1:colcon.colcon_core.package_identification:_identify(src/ThirdParty/gazebo_ros2_control/Docker) by extensions ['ros']
[0.690s] Level 1:colcon.colcon_core.package_identification:_identify(src/ThirdParty/gazebo_ros2_control/Docker) by extension 'ros'
[0.690s] Level 1:colcon.colcon_core.package_identification:_identify(src/ThirdParty/gazebo_ros2_control/Docker) by extensions ['cmake', 'python']
[0.690s] Level 1:colcon.colcon_core.package_identification:_identify(src/ThirdParty/gazebo_ros2_control/Docker) by extension 'cmake'
[0.690s] Level 1:colcon.colcon_core.package_identification:_identify(src/ThirdParty/gazebo_ros2_control/Docker) by extension 'python'
[0.690s] Level 1:colcon.colcon_core.package_identification:_identify(src/ThirdParty/gazebo_ros2_control/Docker) by extensions ['python_setup_py']
[0.690s] Level 1:colcon.colcon_core.package_identification:_identify(src/ThirdParty/gazebo_ros2_control/Docker) by extension 'python_setup_py'
[0.691s] Level 1:colcon.colcon_core.package_identification:_identify(src/ThirdParty/gazebo_ros2_control/gazebo_ros2_control) by extensions ['ignore', 'ignore_ament_install']
[0.691s] Level 1:colcon.colcon_core.package_identification:_identify(src/ThirdParty/gazebo_ros2_control/gazebo_ros2_control) by extension 'ignore'
[0.691s] Level 1:colcon.colcon_core.package_identification:_identify(src/ThirdParty/gazebo_ros2_control/gazebo_ros2_control) by extension 'ignore_ament_install'
[0.691s] Level 1:colcon.colcon_core.package_identification:_identify(src/ThirdParty/gazebo_ros2_control/gazebo_ros2_control) by extensions ['colcon_pkg']
[0.691s] Level 1:colcon.colcon_core.package_identification:_identify(src/ThirdParty/gazebo_ros2_control/gazebo_ros2_control) by extension 'colcon_pkg'
[0.691s] Level 1:colcon.colcon_core.package_identification:_identify(src/ThirdParty/gazebo_ros2_control/gazebo_ros2_control) by extensions ['colcon_meta']
[0.691s] Level 1:colcon.colcon_core.package_identification:_identify(src/ThirdParty/gazebo_ros2_control/gazebo_ros2_control) by extension 'colcon_meta'
[0.691s] Level 1:colcon.colcon_core.package_identification:_identify(src/ThirdParty/gazebo_ros2_control/gazebo_ros2_control) by extensions ['ros']
[0.691s] Level 1:colcon.colcon_core.package_identification:_identify(src/ThirdParty/gazebo_ros2_control/gazebo_ros2_control) by extension 'ros'
[0.692s] DEBUG:colcon.colcon_core.package_identification:Package 'src/ThirdParty/gazebo_ros2_control/gazebo_ros2_control' with type 'ros.ament_cmake' and name 'gazebo_ros2_control'
[0.693s] Level 1:colcon.colcon_core.package_identification:_identify(src/ThirdParty/gazebo_ros2_control/gazebo_ros2_control_demos) by extensions ['ignore', 'ignore_ament_install']
[0.693s] Level 1:colcon.colcon_core.package_identification:_identify(src/ThirdParty/gazebo_ros2_control/gazebo_ros2_control_demos) by extension 'ignore'
[0.693s] Level 1:colcon.colcon_core.package_identification:_identify(src/ThirdParty/gazebo_ros2_control/gazebo_ros2_control_demos) by extension 'ignore_ament_install'
[0.694s] Level 1:colcon.colcon_core.package_identification:_identify(src/ThirdParty/gazebo_ros2_control/gazebo_ros2_control_demos) by extensions ['colcon_pkg']
[0.694s] Level 1:colcon.colcon_core.package_identification:_identify(src/ThirdParty/gazebo_ros2_control/gazebo_ros2_control_demos) by extension 'colcon_pkg'
[0.694s] Level 1:colcon.colcon_core.package_identification:_identify(src/ThirdParty/gazebo_ros2_control/gazebo_ros2_control_demos) by extensions ['colcon_meta']
[0.694s] Level 1:colcon.colcon_core.package_identification:_identify(src/ThirdParty/gazebo_ros2_control/gazebo_ros2_control_demos) by extension 'colcon_meta'
[0.694s] Level 1:colcon.colcon_core.package_identification:_identify(src/ThirdParty/gazebo_ros2_control/gazebo_ros2_control_demos) by extensions ['ros']
[0.694s] Level 1:colcon.colcon_core.package_identification:_identify(src/ThirdParty/gazebo_ros2_control/gazebo_ros2_control_demos) by extension 'ros'
[0.695s] DEBUG:colcon.colcon_core.package_identification:Package 'src/ThirdParty/gazebo_ros2_control/gazebo_ros2_control_demos' with type 'ros.ament_cmake' and name 'gazebo_ros2_control_demos'
[0.695s] Level 1:colcon.colcon_core.package_identification:_identify(src/ThirdParty/gazebo_ros2_control/img) by extensions ['ignore', 'ignore_ament_install']
[0.696s] Level 1:colcon.colcon_core.package_identification:_identify(src/ThirdParty/gazebo_ros2_control/img) by extension 'ignore'
[0.696s] Level 1:colcon.colcon_core.package_identification:_identify(src/ThirdParty/gazebo_ros2_control/img) by extension 'ignore_ament_install'
[0.696s] Level 1:colcon.colcon_core.package_identification:_identify(src/ThirdParty/gazebo_ros2_control/img) by extensions ['colcon_pkg']
[0.696s] Level 1:colcon.colcon_core.package_identification:_identify(src/ThirdParty/gazebo_ros2_control/img) by extension 'colcon_pkg'
[0.696s] Level 1:colcon.colcon_core.package_identification:_identify(src/ThirdParty/gazebo_ros2_control/img) by extensions ['colcon_meta']
[0.696s] Level 1:colcon.colcon_core.package_identification:_identify(src/ThirdParty/gazebo_ros2_control/img) by extension 'colcon_meta'
[0.696s] Level 1:colcon.colcon_core.package_identification:_identify(src/ThirdParty/gazebo_ros2_control/img) by extensions ['ros']
[0.696s] Level 1:colcon.colcon_core.package_identification:_identify(src/ThirdParty/gazebo_ros2_control/img) by extension 'ros'
[0.697s] Level 1:colcon.colcon_core.package_identification:_identify(src/ThirdParty/gazebo_ros2_control/img) by extensions ['cmake', 'python']
[0.697s] Level 1:colcon.colcon_core.package_identification:_identify(src/ThirdParty/gazebo_ros2_control/img) by extension 'cmake'
[0.697s] Level 1:colcon.colcon_core.package_identification:_identify(src/ThirdParty/gazebo_ros2_control/img) by extension 'python'
[0.697s] Level 1:colcon.colcon_core.package_identification:_identify(src/ThirdParty/gazebo_ros2_control/img) by extensions ['python_setup_py']
[0.697s] Level 1:colcon.colcon_core.package_identification:_identify(src/ThirdParty/gazebo_ros2_control/img) by extension 'python_setup_py'
[0.697s] Level 1:colcon.colcon_core.package_identification:_identify(src/ThirdParty/hey5_description) by extensions ['ignore', 'ignore_ament_install']
[0.697s] Level 1:colcon.colcon_core.package_identification:_identify(src/ThirdParty/hey5_description) by extension 'ignore'
[0.697s] Level 1:colcon.colcon_core.package_identification:_identify(src/ThirdParty/hey5_description) by extension 'ignore_ament_install'
[0.698s] Level 1:colcon.colcon_core.package_identification:_identify(src/ThirdParty/hey5_description) by extensions ['colcon_pkg']
[0.698s] Level 1:colcon.colcon_core.package_identification:_identify(src/ThirdParty/hey5_description) by extension 'colcon_pkg'
[0.698s] Level 1:colcon.colcon_core.package_identification:_identify(src/ThirdParty/hey5_description) by extensions ['colcon_meta']
[0.698s] Level 1:colcon.colcon_core.package_identification:_identify(src/ThirdParty/hey5_description) by extension 'colcon_meta'
[0.698s] Level 1:colcon.colcon_core.package_identification:_identify(src/ThirdParty/hey5_description) by extensions ['ros']
[0.698s] Level 1:colcon.colcon_core.package_identification:_identify(src/ThirdParty/hey5_description) by extension 'ros'
[0.699s] DEBUG:colcon.colcon_core.package_identification:Package 'src/ThirdParty/hey5_description' with type 'ros.ament_cmake' and name 'hey5_description'
[0.699s] Level 1:colcon.colcon_core.package_identification:_identify(src/ThirdParty/launch_pal) by extensions ['ignore', 'ignore_ament_install']
[0.700s] Level 1:colcon.colcon_core.package_identification:_identify(src/ThirdParty/launch_pal) by extension 'ignore'
[0.700s] Level 1:colcon.colcon_core.package_identification:_identify(src/ThirdParty/launch_pal) by extension 'ignore_ament_install'
[0.700s] Level 1:colcon.colcon_core.package_identification:_identify(src/ThirdParty/launch_pal) by extensions ['colcon_pkg']
[0.700s] Level 1:colcon.colcon_core.package_identification:_identify(src/ThirdParty/launch_pal) by extension 'colcon_pkg'
[0.700s] Level 1:colcon.colcon_core.package_identification:_identify(src/ThirdParty/launch_pal) by extensions ['colcon_meta']
[0.700s] Level 1:colcon.colcon_core.package_identification:_identify(src/ThirdParty/launch_pal) by extension 'colcon_meta'
[0.700s] Level 1:colcon.colcon_core.package_identification:_identify(src/ThirdParty/launch_pal) by extensions ['ros']
[0.700s] Level 1:colcon.colcon_core.package_identification:_identify(src/ThirdParty/launch_pal) by extension 'ros'
[0.702s] DEBUG:colcon.colcon_core.package_identification:Package 'src/ThirdParty/launch_pal' with type 'ros.ament_python' and name 'launch_pal'
[0.703s] Level 1:colcon.colcon_core.package_identification:_identify(src/ThirdParty/pal_gazebo_worlds) by extensions ['ignore', 'ignore_ament_install']
[0.704s] Level 1:colcon.colcon_core.package_identification:_identify(src/ThirdParty/pal_gazebo_worlds) by extension 'ignore'
[0.705s] Level 1:colcon.colcon_core.package_identification:_identify(src/ThirdParty/pal_gazebo_worlds) by extension 'ignore_ament_install'
[0.705s] Level 1:colcon.colcon_core.package_identification:_identify(src/ThirdParty/pal_gazebo_worlds) by extensions ['colcon_pkg']
[0.705s] Level 1:colcon.colcon_core.package_identification:_identify(src/ThirdParty/pal_gazebo_worlds) by extension 'colcon_pkg'
[0.705s] Level 1:colcon.colcon_core.package_identification:_identify(src/ThirdParty/pal_gazebo_worlds) by extensions ['colcon_meta']
[0.705s] Level 1:colcon.colcon_core.package_identification:_identify(src/ThirdParty/pal_gazebo_worlds) by extension 'colcon_meta'
[0.705s] Level 1:colcon.colcon_core.package_identification:_identify(src/ThirdParty/pal_gazebo_worlds) by extensions ['ros']
[0.705s] Level 1:colcon.colcon_core.package_identification:_identify(src/ThirdParty/pal_gazebo_worlds) by extension 'ros'
[0.706s] DEBUG:colcon.colcon_core.package_identification:Package 'src/ThirdParty/pal_gazebo_worlds' with type 'ros.ament_cmake' and name 'pal_gazebo_worlds'
[0.708s] Level 1:colcon.colcon_core.package_identification:_identify(src/ThirdParty/pal_gripper) by extensions ['ignore', 'ignore_ament_install']
[0.709s] Level 1:colcon.colcon_core.package_identification:_identify(src/ThirdParty/pal_gripper) by extension 'ignore'
[0.709s] Level 1:colcon.colcon_core.package_identification:_identify(src/ThirdParty/pal_gripper) by extension 'ignore_ament_install'
[0.709s] Level 1:colcon.colcon_core.package_identification:_identify(src/ThirdParty/pal_gripper) by extensions ['colcon_pkg']
[0.709s] Level 1:colcon.colcon_core.package_identification:_identify(src/ThirdParty/pal_gripper) by extension 'colcon_pkg'
[0.709s] Level 1:colcon.colcon_core.package_identification:_identify(src/ThirdParty/pal_gripper) by extensions ['colcon_meta']
[0.709s] Level 1:colcon.colcon_core.package_identification:_identify(src/ThirdParty/pal_gripper) by extension 'colcon_meta'
[0.709s] Level 1:colcon.colcon_core.package_identification:_identify(src/ThirdParty/pal_gripper) by extensions ['ros']
[0.709s] Level 1:colcon.colcon_core.package_identification:_identify(src/ThirdParty/pal_gripper) by extension 'ros'
[0.710s] Level 1:colcon.colcon_core.package_identification:_identify(src/ThirdParty/pal_gripper) by extensions ['cmake', 'python']
[0.710s] Level 1:colcon.colcon_core.package_identification:_identify(src/ThirdParty/pal_gripper) by extension 'cmake'
[0.710s] Level 1:colcon.colcon_core.package_identification:_identify(src/ThirdParty/pal_gripper) by extension 'python'
[0.710s] Level 1:colcon.colcon_core.package_identification:_identify(src/ThirdParty/pal_gripper) by extensions ['python_setup_py']
[0.710s] Level 1:colcon.colcon_core.package_identification:_identify(src/ThirdParty/pal_gripper) by extension 'python_setup_py'
[0.710s] Level 1:colcon.colcon_core.package_identification:_identify(src/ThirdParty/pal_gripper/pal_gripper) by extensions ['ignore', 'ignore_ament_install']
[0.710s] Level 1:colcon.colcon_core.package_identification:_identify(src/ThirdParty/pal_gripper/pal_gripper) by extension 'ignore'
[0.711s] Level 1:colcon.colcon_core.package_identification:_identify(src/ThirdParty/pal_gripper/pal_gripper) by extension 'ignore_ament_install'
[0.711s] Level 1:colcon.colcon_core.package_identification:_identify(src/ThirdParty/pal_gripper/pal_gripper) by extensions ['colcon_pkg']
[0.711s] Level 1:colcon.colcon_core.package_identification:_identify(src/ThirdParty/pal_gripper/pal_gripper) by extension 'colcon_pkg'
[0.711s] Level 1:colcon.colcon_core.package_identification:_identify(src/ThirdParty/pal_gripper/pal_gripper) by extensions ['colcon_meta']
[0.711s] Level 1:colcon.colcon_core.package_identification:_identify(src/ThirdParty/pal_gripper/pal_gripper) by extension 'colcon_meta'
[0.711s] Level 1:colcon.colcon_core.package_identification:_identify(src/ThirdParty/pal_gripper/pal_gripper) by extensions ['ros']
[0.711s] Level 1:colcon.colcon_core.package_identification:_identify(src/ThirdParty/pal_gripper/pal_gripper) by extension 'ros'
[0.712s] DEBUG:colcon.colcon_core.package_identification:Package 'src/ThirdParty/pal_gripper/pal_gripper' with type 'ros.ament_cmake' and name 'pal_gripper'
[0.712s] Level 1:colcon.colcon_core.package_identification:_identify(src/ThirdParty/pal_gripper/pal_gripper_controller_configuration) by extensions ['ignore', 'ignore_ament_install']
[0.713s] Level 1:colcon.colcon_core.package_identification:_identify(src/ThirdParty/pal_gripper/pal_gripper_controller_configuration) by extension 'ignore'
[0.713s] Level 1:colcon.colcon_core.package_identification:_identify(src/ThirdParty/pal_gripper/pal_gripper_controller_configuration) by extension 'ignore_ament_install'
[0.713s] Level 1:colcon.colcon_core.package_identification:_identify(src/ThirdParty/pal_gripper/pal_gripper_controller_configuration) by extensions ['colcon_pkg']
[0.713s] Level 1:colcon.colcon_core.package_identification:_identify(src/ThirdParty/pal_gripper/pal_gripper_controller_configuration) by extension 'colcon_pkg'
[0.713s] Level 1:colcon.colcon_core.package_identification:_identify(src/ThirdParty/pal_gripper/pal_gripper_controller_configuration) by extensions ['colcon_meta']
[0.713s] Level 1:colcon.colcon_core.package_identification:_identify(src/ThirdParty/pal_gripper/pal_gripper_controller_configuration) by extension 'colcon_meta'
[0.713s] Level 1:colcon.colcon_core.package_identification:_identify(src/ThirdParty/pal_gripper/pal_gripper_controller_configuration) by extensions ['ros']
[0.713s] Level 1:colcon.colcon_core.package_identification:_identify(src/ThirdParty/pal_gripper/pal_gripper_controller_configuration) by extension 'ros'
[0.714s] DEBUG:colcon.colcon_core.package_identification:Package 'src/ThirdParty/pal_gripper/pal_gripper_controller_configuration' with type 'ros.ament_cmake' and name 'pal_gripper_controller_configuration'
[0.715s] Level 1:colcon.colcon_core.package_identification:_identify(src/ThirdParty/pal_gripper/pal_gripper_controller_configuration_gazebo) by extensions ['ignore', 'ignore_ament_install']
[0.715s] Level 1:colcon.colcon_core.package_identification:_identify(src/ThirdParty/pal_gripper/pal_gripper_controller_configuration_gazebo) by extension 'ignore'
[0.715s] Level 1:colcon.colcon_core.package_identification:_identify(src/ThirdParty/pal_gripper/pal_gripper_controller_configuration_gazebo) ignored
[0.715s] Level 1:colcon.colcon_core.package_identification:_identify(src/ThirdParty/pal_gripper/pal_gripper_description) by extensions ['ignore', 'ignore_ament_install']
[0.716s] Level 1:colcon.colcon_core.package_identification:_identify(src/ThirdParty/pal_gripper/pal_gripper_description) by extension 'ignore'
[0.716s] Level 1:colcon.colcon_core.package_identification:_identify(src/ThirdParty/pal_gripper/pal_gripper_description) by extension 'ignore_ament_install'
[0.716s] Level 1:colcon.colcon_core.package_identification:_identify(src/ThirdParty/pal_gripper/pal_gripper_description) by extensions ['colcon_pkg']
[0.716s] Level 1:colcon.colcon_core.package_identification:_identify(src/ThirdParty/pal_gripper/pal_gripper_description) by extension 'colcon_pkg'
[0.716s] Level 1:colcon.colcon_core.package_identification:_identify(src/ThirdParty/pal_gripper/pal_gripper_description) by extensions ['colcon_meta']
[0.716s] Level 1:colcon.colcon_core.package_identification:_identify(src/ThirdParty/pal_gripper/pal_gripper_description) by extension 'colcon_meta'
[0.716s] Level 1:colcon.colcon_core.package_identification:_identify(src/ThirdParty/pal_gripper/pal_gripper_description) by extensions ['ros']
[0.716s] Level 1:colcon.colcon_core.package_identification:_identify(src/ThirdParty/pal_gripper/pal_gripper_description) by extension 'ros'
[0.717s] DEBUG:colcon.colcon_core.package_identification:Package 'src/ThirdParty/pal_gripper/pal_gripper_description' with type 'ros.ament_cmake' and name 'pal_gripper_description'
[0.718s] Level 1:colcon.colcon_core.package_identification:_identify(src/ThirdParty/pal_gripper/pal_gripper_gazebo) by extensions ['ignore', 'ignore_ament_install']
[0.718s] Level 1:colcon.colcon_core.package_identification:_identify(src/ThirdParty/pal_gripper/pal_gripper_gazebo) by extension 'ignore'
[0.718s] Level 1:colcon.colcon_core.package_identification:_identify(src/ThirdParty/pal_gripper/pal_gripper_gazebo) ignored
[0.718s] Level 1:colcon.colcon_core.package_identification:_identify(src/ThirdParty/pal_gripper/pal_parallel_gripper_wrapper) by extensions ['ignore', 'ignore_ament_install']
[0.719s] Level 1:colcon.colcon_core.package_identification:_identify(src/ThirdParty/pal_gripper/pal_parallel_gripper_wrapper) by extension 'ignore'
[0.719s] Level 1:colcon.colcon_core.package_identification:_identify(src/ThirdParty/pal_gripper/pal_parallel_gripper_wrapper) ignored
[0.719s] Level 1:colcon.colcon_core.package_identification:_identify(src/ThirdParty/pmb2_navigation) by extensions ['ignore', 'ignore_ament_install']
[0.719s] Level 1:colcon.colcon_core.package_identification:_identify(src/ThirdParty/pmb2_navigation) by extension 'ignore'
[0.719s] Level 1:colcon.colcon_core.package_identification:_identify(src/ThirdParty/pmb2_navigation) by extension 'ignore_ament_install'
[0.719s] Level 1:colcon.colcon_core.package_identification:_identify(src/ThirdParty/pmb2_navigation) by extensions ['colcon_pkg']
[0.719s] Level 1:colcon.colcon_core.package_identification:_identify(src/ThirdParty/pmb2_navigation) by extension 'colcon_pkg'
[0.719s] Level 1:colcon.colcon_core.package_identification:_identify(src/ThirdParty/pmb2_navigation) by extensions ['colcon_meta']
[0.719s] Level 1:colcon.colcon_core.package_identification:_identify(src/ThirdParty/pmb2_navigation) by extension 'colcon_meta'
[0.719s] Level 1:colcon.colcon_core.package_identification:_identify(src/ThirdParty/pmb2_navigation) by extensions ['ros']
[0.719s] Level 1:colcon.colcon_core.package_identification:_identify(src/ThirdParty/pmb2_navigation) by extension 'ros'
[0.720s] Level 1:colcon.colcon_core.package_identification:_identify(src/ThirdParty/pmb2_navigation) by extensions ['cmake', 'python']
[0.720s] Level 1:colcon.colcon_core.package_identification:_identify(src/ThirdParty/pmb2_navigation) by extension 'cmake'
[0.720s] Level 1:colcon.colcon_core.package_identification:_identify(src/ThirdParty/pmb2_navigation) by extension 'python'
[0.720s] Level 1:colcon.colcon_core.package_identification:_identify(src/ThirdParty/pmb2_navigation) by extensions ['python_setup_py']
[0.720s] Level 1:colcon.colcon_core.package_identification:_identify(src/ThirdParty/pmb2_navigation) by extension 'python_setup_py'
[0.720s] Level 1:colcon.colcon_core.package_identification:_identify(src/ThirdParty/pmb2_navigation/pmb2_2dnav) by extensions ['ignore', 'ignore_ament_install']
[0.720s] Level 1:colcon.colcon_core.package_identification:_identify(src/ThirdParty/pmb2_navigation/pmb2_2dnav) by extension 'ignore'
[0.720s] Level 1:colcon.colcon_core.package_identification:_identify(src/ThirdParty/pmb2_navigation/pmb2_2dnav) by extension 'ignore_ament_install'
[0.720s] Level 1:colcon.colcon_core.package_identification:_identify(src/ThirdParty/pmb2_navigation/pmb2_2dnav) by extensions ['colcon_pkg']
[0.720s] Level 1:colcon.colcon_core.package_identification:_identify(src/ThirdParty/pmb2_navigation/pmb2_2dnav) by extension 'colcon_pkg'
[0.720s] Level 1:colcon.colcon_core.package_identification:_identify(src/ThirdParty/pmb2_navigation/pmb2_2dnav) by extensions ['colcon_meta']
[0.720s] Level 1:colcon.colcon_core.package_identification:_identify(src/ThirdParty/pmb2_navigation/pmb2_2dnav) by extension 'colcon_meta'
[0.720s] Level 1:colcon.colcon_core.package_identification:_identify(src/ThirdParty/pmb2_navigation/pmb2_2dnav) by extensions ['ros']
[0.721s] Level 1:colcon.colcon_core.package_identification:_identify(src/ThirdParty/pmb2_navigation/pmb2_2dnav) by extension 'ros'
[0.721s] DEBUG:colcon.colcon_core.package_identification:Package 'src/ThirdParty/pmb2_navigation/pmb2_2dnav' with type 'ros.ament_cmake' and name 'pmb2_2dnav'
[0.722s] Level 1:colcon.colcon_core.package_identification:_identify(src/ThirdParty/pmb2_navigation/pmb2_laser_sensors) by extensions ['ignore', 'ignore_ament_install']
[0.722s] Level 1:colcon.colcon_core.package_identification:_identify(src/ThirdParty/pmb2_navigation/pmb2_laser_sensors) by extension 'ignore'
[0.722s] Level 1:colcon.colcon_core.package_identification:_identify(src/ThirdParty/pmb2_navigation/pmb2_laser_sensors) ignored
[0.722s] Level 1:colcon.colcon_core.package_identification:_identify(src/ThirdParty/pmb2_navigation/pmb2_maps) by extensions ['ignore', 'ignore_ament_install']
[0.722s] Level 1:colcon.colcon_core.package_identification:_identify(src/ThirdParty/pmb2_navigation/pmb2_maps) by extension 'ignore'
[0.722s] Level 1:colcon.colcon_core.package_identification:_identify(src/ThirdParty/pmb2_navigation/pmb2_maps) by extension 'ignore_ament_install'
[0.723s] Level 1:colcon.colcon_core.package_identification:_identify(src/ThirdParty/pmb2_navigation/pmb2_maps) by extensions ['colcon_pkg']
[0.723s] Level 1:colcon.colcon_core.package_identification:_identify(src/ThirdParty/pmb2_navigation/pmb2_maps) by extension 'colcon_pkg'
[0.723s] Level 1:colcon.colcon_core.package_identification:_identify(src/ThirdParty/pmb2_navigation/pmb2_maps) by extensions ['colcon_meta']
[0.723s] Level 1:colcon.colcon_core.package_identification:_identify(src/ThirdParty/pmb2_navigation/pmb2_maps) by extension 'colcon_meta'
[0.723s] Level 1:colcon.colcon_core.package_identification:_identify(src/ThirdParty/pmb2_navigation/pmb2_maps) by extensions ['ros']
[0.723s] Level 1:colcon.colcon_core.package_identification:_identify(src/ThirdParty/pmb2_navigation/pmb2_maps) by extension 'ros'
[0.723s] DEBUG:colcon.colcon_core.package_identification:Package 'src/ThirdParty/pmb2_navigation/pmb2_maps' with type 'ros.ament_cmake' and name 'pmb2_maps'
[0.724s] Level 1:colcon.colcon_core.package_identification:_identify(src/ThirdParty/pmb2_navigation/pmb2_navigation) by extensions ['ignore', 'ignore_ament_install']
[0.724s] Level 1:colcon.colcon_core.package_identification:_identify(src/ThirdParty/pmb2_navigation/pmb2_navigation) by extension 'ignore'
[0.724s] Level 1:colcon.colcon_core.package_identification:_identify(src/ThirdParty/pmb2_navigation/pmb2_navigation) by extension 'ignore_ament_install'
[0.724s] Level 1:colcon.colcon_core.package_identification:_identify(src/ThirdParty/pmb2_navigation/pmb2_navigation) by extensions ['colcon_pkg']
[0.724s] Level 1:colcon.colcon_core.package_identification:_identify(src/ThirdParty/pmb2_navigation/pmb2_navigation) by extension 'colcon_pkg'
[0.724s] Level 1:colcon.colcon_core.package_identification:_identify(src/ThirdParty/pmb2_navigation/pmb2_navigation) by extensions ['colcon_meta']
[0.724s] Level 1:colcon.colcon_core.package_identification:_identify(src/ThirdParty/pmb2_navigation/pmb2_navigation) by extension 'colcon_meta'
[0.724s] Level 1:colcon.colcon_core.package_identification:_identify(src/ThirdParty/pmb2_navigation/pmb2_navigation) by extensions ['ros']
[0.724s] Level 1:colcon.colcon_core.package_identification:_identify(src/ThirdParty/pmb2_navigation/pmb2_navigation) by extension 'ros'
[0.725s] DEBUG:colcon.colcon_core.package_identification:Package 'src/ThirdParty/pmb2_navigation/pmb2_navigation' with type 'ros.ament_cmake' and name 'pmb2_navigation'
[0.725s] Level 1:colcon.colcon_core.package_identification:_identify(src/ThirdParty/pmb2_navigation/pmb2_rgbd_sensors) by extensions ['ignore', 'ignore_ament_install']
[0.725s] Level 1:colcon.colcon_core.package_identification:_identify(src/ThirdParty/pmb2_navigation/pmb2_rgbd_sensors) by extension 'ignore'
[0.725s] Level 1:colcon.colcon_core.package_identification:_identify(src/ThirdParty/pmb2_navigation/pmb2_rgbd_sensors) ignored
[0.725s] Level 1:colcon.colcon_core.package_identification:_identify(src/ThirdParty/pmb2_robot) by extensions ['ignore', 'ignore_ament_install']
[0.726s] Level 1:colcon.colcon_core.package_identification:_identify(src/ThirdParty/pmb2_robot) by extension 'ignore'
[0.726s] Level 1:colcon.colcon_core.package_identification:_identify(src/ThirdParty/pmb2_robot) by extension 'ignore_ament_install'
[0.726s] Level 1:colcon.colcon_core.package_identification:_identify(src/ThirdParty/pmb2_robot) by extensions ['colcon_pkg']
[0.726s] Level 1:colcon.colcon_core.package_identification:_identify(src/ThirdParty/pmb2_robot) by extension 'colcon_pkg'
[0.726s] Level 1:colcon.colcon_core.package_identification:_identify(src/ThirdParty/pmb2_robot) by extensions ['colcon_meta']
[0.726s] Level 1:colcon.colcon_core.package_identification:_identify(src/ThirdParty/pmb2_robot) by extension 'colcon_meta'
[0.726s] Level 1:colcon.colcon_core.package_identification:_identify(src/ThirdParty/pmb2_robot) by extensions ['ros']
[0.726s] Level 1:colcon.colcon_core.package_identification:_identify(src/ThirdParty/pmb2_robot) by extension 'ros'
[0.726s] Level 1:colcon.colcon_core.package_identification:_identify(src/ThirdParty/pmb2_robot) by extensions ['cmake', 'python']
[0.726s] Level 1:colcon.colcon_core.package_identification:_identify(src/ThirdParty/pmb2_robot) by extension 'cmake'
[0.726s] Level 1:colcon.colcon_core.package_identification:_identify(src/ThirdParty/pmb2_robot) by extension 'python'
[0.726s] Level 1:colcon.colcon_core.package_identification:_identify(src/ThirdParty/pmb2_robot) by extensions ['python_setup_py']
[0.726s] Level 1:colcon.colcon_core.package_identification:_identify(src/ThirdParty/pmb2_robot) by extension 'python_setup_py'
[0.726s] Level 1:colcon.colcon_core.package_identification:_identify(src/ThirdParty/pmb2_robot/pmb2_bringup) by extensions ['ignore', 'ignore_ament_install']
[0.726s] Level 1:colcon.colcon_core.package_identification:_identify(src/ThirdParty/pmb2_robot/pmb2_bringup) by extension 'ignore'
[0.726s] Level 1:colcon.colcon_core.package_identification:_identify(src/ThirdParty/pmb2_robot/pmb2_bringup) by extension 'ignore_ament_install'
[0.727s] Level 1:colcon.colcon_core.package_identification:_identify(src/ThirdParty/pmb2_robot/pmb2_bringup) by extensions ['colcon_pkg']
[0.727s] Level 1:colcon.colcon_core.package_identification:_identify(src/ThirdParty/pmb2_robot/pmb2_bringup) by extension 'colcon_pkg'
[0.727s] Level 1:colcon.colcon_core.package_identification:_identify(src/ThirdParty/pmb2_robot/pmb2_bringup) by extensions ['colcon_meta']
[0.727s] Level 1:colcon.colcon_core.package_identification:_identify(src/ThirdParty/pmb2_robot/pmb2_bringup) by extension 'colcon_meta'
[0.727s] Level 1:colcon.colcon_core.package_identification:_identify(src/ThirdParty/pmb2_robot/pmb2_bringup) by extensions ['ros']
[0.727s] Level 1:colcon.colcon_core.package_identification:_identify(src/ThirdParty/pmb2_robot/pmb2_bringup) by extension 'ros'
[0.728s] DEBUG:colcon.colcon_core.package_identification:Package 'src/ThirdParty/pmb2_robot/pmb2_bringup' with type 'ros.ament_cmake' and name 'pmb2_bringup'
[0.728s] Level 1:colcon.colcon_core.package_identification:_identify(src/ThirdParty/pmb2_robot/pmb2_controller_configuration) by extensions ['ignore', 'ignore_ament_install']
[0.728s] Level 1:colcon.colcon_core.package_identification:_identify(src/ThirdParty/pmb2_robot/pmb2_controller_configuration) by extension 'ignore'
[0.728s] Level 1:colcon.colcon_core.package_identification:_identify(src/ThirdParty/pmb2_robot/pmb2_controller_configuration) by extension 'ignore_ament_install'
[0.728s] Level 1:colcon.colcon_core.package_identification:_identify(src/ThirdParty/pmb2_robot/pmb2_controller_configuration) by extensions ['colcon_pkg']
[0.728s] Level 1:colcon.colcon_core.package_identification:_identify(src/ThirdParty/pmb2_robot/pmb2_controller_configuration) by extension 'colcon_pkg'
[0.728s] Level 1:colcon.colcon_core.package_identification:_identify(src/ThirdParty/pmb2_robot/pmb2_controller_configuration) by extensions ['colcon_meta']
[0.728s] Level 1:colcon.colcon_core.package_identification:_identify(src/ThirdParty/pmb2_robot/pmb2_controller_configuration) by extension 'colcon_meta'
[0.729s] Level 1:colcon.colcon_core.package_identification:_identify(src/ThirdParty/pmb2_robot/pmb2_controller_configuration) by extensions ['ros']
[0.729s] Level 1:colcon.colcon_core.package_identification:_identify(src/ThirdParty/pmb2_robot/pmb2_controller_configuration) by extension 'ros'
[0.729s] DEBUG:colcon.colcon_core.package_identification:Package 'src/ThirdParty/pmb2_robot/pmb2_controller_configuration' with type 'ros.ament_cmake' and name 'pmb2_controller_configuration'
[0.730s] Level 1:colcon.colcon_core.package_identification:_identify(src/ThirdParty/pmb2_robot/pmb2_description) by extensions ['ignore', 'ignore_ament_install']
[0.730s] Level 1:colcon.colcon_core.package_identification:_identify(src/ThirdParty/pmb2_robot/pmb2_description) by extension 'ignore'
[0.730s] Level 1:colcon.colcon_core.package_identification:_identify(src/ThirdParty/pmb2_robot/pmb2_description) by extension 'ignore_ament_install'
[0.730s] Level 1:colcon.colcon_core.package_identification:_identify(src/ThirdParty/pmb2_robot/pmb2_description) by extensions ['colcon_pkg']
[0.730s] Level 1:colcon.colcon_core.package_identification:_identify(src/ThirdParty/pmb2_robot/pmb2_description) by extension 'colcon_pkg'
[0.730s] Level 1:colcon.colcon_core.package_identification:_identify(src/ThirdParty/pmb2_robot/pmb2_description) by extensions ['colcon_meta']
[0.730s] Level 1:colcon.colcon_core.package_identification:_identify(src/ThirdParty/pmb2_robot/pmb2_description) by extension 'colcon_meta'
[0.730s] Level 1:colcon.colcon_core.package_identification:_identify(src/ThirdParty/pmb2_robot/pmb2_description) by extensions ['ros']
[0.730s] Level 1:colcon.colcon_core.package_identification:_identify(src/ThirdParty/pmb2_robot/pmb2_description) by extension 'ros'
[0.731s] DEBUG:colcon.colcon_core.package_identification:Package 'src/ThirdParty/pmb2_robot/pmb2_description' with type 'ros.ament_cmake' and name 'pmb2_description'
[0.732s] Level 1:colcon.colcon_core.package_identification:_identify(src/ThirdParty/pmb2_robot/pmb2_robot) by extensions ['ignore', 'ignore_ament_install']
[0.732s] Level 1:colcon.colcon_core.package_identification:_identify(src/ThirdParty/pmb2_robot/pmb2_robot) by extension 'ignore'
[0.732s] Level 1:colcon.colcon_core.package_identification:_identify(src/ThirdParty/pmb2_robot/pmb2_robot) by extension 'ignore_ament_install'
[0.732s] Level 1:colcon.colcon_core.package_identification:_identify(src/ThirdParty/pmb2_robot/pmb2_robot) by extensions ['colcon_pkg']
[0.732s] Level 1:colcon.colcon_core.package_identification:_identify(src/ThirdParty/pmb2_robot/pmb2_robot) by extension 'colcon_pkg'
[0.732s] Level 1:colcon.colcon_core.package_identification:_identify(src/ThirdParty/pmb2_robot/pmb2_robot) by extensions ['colcon_meta']
[0.732s] Level 1:colcon.colcon_core.package_identification:_identify(src/ThirdParty/pmb2_robot/pmb2_robot) by extension 'colcon_meta'
[0.732s] Level 1:colcon.colcon_core.package_identification:_identify(src/ThirdParty/pmb2_robot/pmb2_robot) by extensions ['ros']
[0.732s] Level 1:colcon.colcon_core.package_identification:_identify(src/ThirdParty/pmb2_robot/pmb2_robot) by extension 'ros'
[0.733s] DEBUG:colcon.colcon_core.package_identification:Package 'src/ThirdParty/pmb2_robot/pmb2_robot' with type 'ros.ament_cmake' and name 'pmb2_robot'
[0.734s] Level 1:colcon.colcon_core.package_identification:_identify(src/ThirdParty/ros2_control) by extensions ['ignore', 'ignore_ament_install']
[0.734s] Level 1:colcon.colcon_core.package_identification:_identify(src/ThirdParty/ros2_control) by extension 'ignore'
[0.734s] Level 1:colcon.colcon_core.package_identification:_identify(src/ThirdParty/ros2_control) by extension 'ignore_ament_install'
[0.734s] Level 1:colcon.colcon_core.package_identification:_identify(src/ThirdParty/ros2_control) by extensions ['colcon_pkg']
[0.735s] Level 1:colcon.colcon_core.package_identification:_identify(src/ThirdParty/ros2_control) by extension 'colcon_pkg'
[0.735s] Level 1:colcon.colcon_core.package_identification:_identify(src/ThirdParty/ros2_control) by extensions ['colcon_meta']
[0.735s] Level 1:colcon.colcon_core.package_identification:_identify(src/ThirdParty/ros2_control) by extension 'colcon_meta'
[0.735s] Level 1:colcon.colcon_core.package_identification:_identify(src/ThirdParty/ros2_control) by extensions ['ros']
[0.735s] Level 1:colcon.colcon_core.package_identification:_identify(src/ThirdParty/ros2_control) by extension 'ros'
[0.735s] Level 1:colcon.colcon_core.package_identification:_identify(src/ThirdParty/ros2_control) by extensions ['cmake', 'python']
[0.735s] Level 1:colcon.colcon_core.package_identification:_identify(src/ThirdParty/ros2_control) by extension 'cmake'
[0.735s] Level 1:colcon.colcon_core.package_identification:_identify(src/ThirdParty/ros2_control) by extension 'python'
[0.735s] Level 1:colcon.colcon_core.package_identification:_identify(src/ThirdParty/ros2_control) by extensions ['python_setup_py']
[0.735s] Level 1:colcon.colcon_core.package_identification:_identify(src/ThirdParty/ros2_control) by extension 'python_setup_py'
[0.735s] Level 1:colcon.colcon_core.package_identification:_identify(src/ThirdParty/ros2_control/controller_interface) by extensions ['ignore', 'ignore_ament_install']
[0.736s] Level 1:colcon.colcon_core.package_identification:_identify(src/ThirdParty/ros2_control/controller_interface) by extension 'ignore'
[0.736s] Level 1:colcon.colcon_core.package_identification:_identify(src/ThirdParty/ros2_control/controller_interface) by extension 'ignore_ament_install'
[0.736s] Level 1:colcon.colcon_core.package_identification:_identify(src/ThirdParty/ros2_control/controller_interface) by extensions ['colcon_pkg']
[0.736s] Level 1:colcon.colcon_core.package_identification:_identify(src/ThirdParty/ros2_control/controller_interface) by extension 'colcon_pkg'
[0.736s] Level 1:colcon.colcon_core.package_identification:_identify(src/ThirdParty/ros2_control/controller_interface) by extensions ['colcon_meta']
[0.736s] Level 1:colcon.colcon_core.package_identification:_identify(src/ThirdParty/ros2_control/controller_interface) by extension 'colcon_meta'
[0.736s] Level 1:colcon.colcon_core.package_identification:_identify(src/ThirdParty/ros2_control/controller_interface) by extensions ['ros']
[0.736s] Level 1:colcon.colcon_core.package_identification:_identify(src/ThirdParty/ros2_control/controller_interface) by extension 'ros'
[0.737s] DEBUG:colcon.colcon_core.package_identification:Package 'src/ThirdParty/ros2_control/controller_interface' with type 'ros.ament_cmake' and name 'controller_interface'
[0.738s] Level 1:colcon.colcon_core.package_identification:_identify(src/ThirdParty/ros2_control/controller_manager) by extensions ['ignore', 'ignore_ament_install']
[0.738s] Level 1:colcon.colcon_core.package_identification:_identify(src/ThirdParty/ros2_control/controller_manager) by extension 'ignore'
[0.738s] Level 1:colcon.colcon_core.package_identification:_identify(src/ThirdParty/ros2_control/controller_manager) by extension 'ignore_ament_install'
[0.738s] Level 1:colcon.colcon_core.package_identification:_identify(src/ThirdParty/ros2_control/controller_manager) by extensions ['colcon_pkg']
[0.738s] Level 1:colcon.colcon_core.package_identification:_identify(src/ThirdParty/ros2_control/controller_manager) by extension 'colcon_pkg'
[0.738s] Level 1:colcon.colcon_core.package_identification:_identify(src/ThirdParty/ros2_control/controller_manager) by extensions ['colcon_meta']
[0.738s] Level 1:colcon.colcon_core.package_identification:_identify(src/ThirdParty/ros2_control/controller_manager) by extension 'colcon_meta'
[0.738s] Level 1:colcon.colcon_core.package_identification:_identify(src/ThirdParty/ros2_control/controller_manager) by extensions ['ros']
[0.738s] Level 1:colcon.colcon_core.package_identification:_identify(src/ThirdParty/ros2_control/controller_manager) by extension 'ros'
[0.740s] DEBUG:colcon.colcon_core.package_identification:Package 'src/ThirdParty/ros2_control/controller_manager' with type 'ros.ament_cmake' and name 'controller_manager'
[0.741s] Level 1:colcon.colcon_core.package_identification:_identify(src/ThirdParty/ros2_control/controller_manager_msgs) by extensions ['ignore', 'ignore_ament_install']
[0.741s] Level 1:colcon.colcon_core.package_identification:_identify(src/ThirdParty/ros2_control/controller_manager_msgs) by extension 'ignore'
[0.741s] Level 1:colcon.colcon_core.package_identification:_identify(src/ThirdParty/ros2_control/controller_manager_msgs) by extension 'ignore_ament_install'
[0.741s] Level 1:colcon.colcon_core.package_identification:_identify(src/ThirdParty/ros2_control/controller_manager_msgs) by extensions ['colcon_pkg']
[0.741s] Level 1:colcon.colcon_core.package_identification:_identify(src/ThirdParty/ros2_control/controller_manager_msgs) by extension 'colcon_pkg'
[0.741s] Level 1:colcon.colcon_core.package_identification:_identify(src/ThirdParty/ros2_control/controller_manager_msgs) by extensions ['colcon_meta']
[0.741s] Level 1:colcon.colcon_core.package_identification:_identify(src/ThirdParty/ros2_control/controller_manager_msgs) by extension 'colcon_meta'
[0.742s] Level 1:colcon.colcon_core.package_identification:_identify(src/ThirdParty/ros2_control/controller_manager_msgs) by extensions ['ros']
[0.742s] Level 1:colcon.colcon_core.package_identification:_identify(src/ThirdParty/ros2_control/controller_manager_msgs) by extension 'ros'
[0.742s] DEBUG:colcon.colcon_core.package_identification:Package 'src/ThirdParty/ros2_control/controller_manager_msgs' with type 'ros.ament_cmake' and name 'controller_manager_msgs'
[0.743s] Level 1:colcon.colcon_core.package_identification:_identify(src/ThirdParty/ros2_control/hardware_interface) by extensions ['ignore', 'ignore_ament_install']
[0.743s] Level 1:colcon.colcon_core.package_identification:_identify(src/ThirdParty/ros2_control/hardware_interface) by extension 'ignore'
[0.743s] Level 1:colcon.colcon_core.package_identification:_identify(src/ThirdParty/ros2_control/hardware_interface) by extension 'ignore_ament_install'
[0.743s] Level 1:colcon.colcon_core.package_identification:_identify(src/ThirdParty/ros2_control/hardware_interface) by extensions ['colcon_pkg']
[0.743s] Level 1:colcon.colcon_core.package_identification:_identify(src/ThirdParty/ros2_control/hardware_interface) by extension 'colcon_pkg'
[0.743s] Level 1:colcon.colcon_core.package_identification:_identify(src/ThirdParty/ros2_control/hardware_interface) by extensions ['colcon_meta']
[0.743s] Level 1:colcon.colcon_core.package_identification:_identify(src/ThirdParty/ros2_control/hardware_interface) by extension 'colcon_meta'
[0.743s] Level 1:colcon.colcon_core.package_identification:_identify(src/ThirdParty/ros2_control/hardware_interface) by extensions ['ros']
[0.743s] Level 1:colcon.colcon_core.package_identification:_identify(src/ThirdParty/ros2_control/hardware_interface) by extension 'ros'
[0.744s] DEBUG:colcon.colcon_core.package_identification:Package 'src/ThirdParty/ros2_control/hardware_interface' with type 'ros.ament_cmake' and name 'hardware_interface'
[0.744s] Level 1:colcon.colcon_core.package_identification:_identify(src/ThirdParty/ros2_control/joint_limits_interface) by extensions ['ignore', 'ignore_ament_install']
[0.744s] Level 1:colcon.colcon_core.package_identification:_identify(src/ThirdParty/ros2_control/joint_limits_interface) by extension 'ignore'
[0.745s] Level 1:colcon.colcon_core.package_identification:_identify(src/ThirdParty/ros2_control/joint_limits_interface) ignored
[0.745s] Level 1:colcon.colcon_core.package_identification:_identify(src/ThirdParty/ros2_control/ros2_control) by extensions ['ignore', 'ignore_ament_install']
[0.745s] Level 1:colcon.colcon_core.package_identification:_identify(src/ThirdParty/ros2_control/ros2_control) by extension 'ignore'
[0.745s] Level 1:colcon.colcon_core.package_identification:_identify(src/ThirdParty/ros2_control/ros2_control) by extension 'ignore_ament_install'
[0.745s] Level 1:colcon.colcon_core.package_identification:_identify(src/ThirdParty/ros2_control/ros2_control) by extensions ['colcon_pkg']
[0.745s] Level 1:colcon.colcon_core.package_identification:_identify(src/ThirdParty/ros2_control/ros2_control) by extension 'colcon_pkg'
[0.745s] Level 1:colcon.colcon_core.package_identification:_identify(src/ThirdParty/ros2_control/ros2_control) by extensions ['colcon_meta']
[0.745s] Level 1:colcon.colcon_core.package_identification:_identify(src/ThirdParty/ros2_control/ros2_control) by extension 'colcon_meta'
[0.745s] Level 1:colcon.colcon_core.package_identification:_identify(src/ThirdParty/ros2_control/ros2_control) by extensions ['ros']
[0.745s] Level 1:colcon.colcon_core.package_identification:_identify(src/ThirdParty/ros2_control/ros2_control) by extension 'ros'
[0.746s] DEBUG:colcon.colcon_core.package_identification:Package 'src/ThirdParty/ros2_control/ros2_control' with type 'ros.ament_cmake' and name 'ros2_control'
[0.746s] Level 1:colcon.colcon_core.package_identification:_identify(src/ThirdParty/ros2_control/ros2_control_test_assets) by extensions ['ignore', 'ignore_ament_install']
[0.746s] Level 1:colcon.colcon_core.package_identification:_identify(src/ThirdParty/ros2_control/ros2_control_test_assets) by extension 'ignore'
[0.746s] Level 1:colcon.colcon_core.package_identification:_identify(src/ThirdParty/ros2_control/ros2_control_test_assets) by extension 'ignore_ament_install'
[0.746s] Level 1:colcon.colcon_core.package_identification:_identify(src/ThirdParty/ros2_control/ros2_control_test_assets) by extensions ['colcon_pkg']
[0.746s] Level 1:colcon.colcon_core.package_identification:_identify(src/ThirdParty/ros2_control/ros2_control_test_assets) by extension 'colcon_pkg'
[0.746s] Level 1:colcon.colcon_core.package_identification:_identify(src/ThirdParty/ros2_control/ros2_control_test_assets) by extensions ['colcon_meta']
[0.746s] Level 1:colcon.colcon_core.package_identification:_identify(src/ThirdParty/ros2_control/ros2_control_test_assets) by extension 'colcon_meta'
[0.747s] Level 1:colcon.colcon_core.package_identification:_identify(src/ThirdParty/ros2_control/ros2_control_test_assets) by extensions ['ros']
[0.747s] Level 1:colcon.colcon_core.package_identification:_identify(src/ThirdParty/ros2_control/ros2_control_test_assets) by extension 'ros'
[0.747s] DEBUG:colcon.colcon_core.package_identification:Package 'src/ThirdParty/ros2_control/ros2_control_test_assets' with type 'ros.ament_cmake' and name 'ros2_control_test_assets'
[0.747s] Level 1:colcon.colcon_core.package_identification:_identify(src/ThirdParty/ros2_control/ros2controlcli) by extensions ['ignore', 'ignore_ament_install']
[0.748s] Level 1:colcon.colcon_core.package_identification:_identify(src/ThirdParty/ros2_control/ros2controlcli) by extension 'ignore'
[0.748s] Level 1:colcon.colcon_core.package_identification:_identify(src/ThirdParty/ros2_control/ros2controlcli) by extension 'ignore_ament_install'
[0.748s] Level 1:colcon.colcon_core.package_identification:_identify(src/ThirdParty/ros2_control/ros2controlcli) by extensions ['colcon_pkg']
[0.748s] Level 1:colcon.colcon_core.package_identification:_identify(src/ThirdParty/ros2_control/ros2controlcli) by extension 'colcon_pkg'
[0.748s] Level 1:colcon.colcon_core.package_identification:_identify(src/ThirdParty/ros2_control/ros2controlcli) by extensions ['colcon_meta']
[0.748s] Level 1:colcon.colcon_core.package_identification:_identify(src/ThirdParty/ros2_control/ros2controlcli) by extension 'colcon_meta'
[0.748s] Level 1:colcon.colcon_core.package_identification:_identify(src/ThirdParty/ros2_control/ros2controlcli) by extensions ['ros']
[0.748s] Level 1:colcon.colcon_core.package_identification:_identify(src/ThirdParty/ros2_control/ros2controlcli) by extension 'ros'
[0.749s] DEBUG:colcon.colcon_core.package_identification:Package 'src/ThirdParty/ros2_control/ros2controlcli' with type 'ros.ament_python' and name 'ros2controlcli'
[0.749s] Level 1:colcon.colcon_core.package_identification:_identify(src/ThirdParty/ros2_control/transmission_interface) by extensions ['ignore', 'ignore_ament_install']
[0.749s] Level 1:colcon.colcon_core.package_identification:_identify(src/ThirdParty/ros2_control/transmission_interface) by extension 'ignore'
[0.749s] Level 1:colcon.colcon_core.package_identification:_identify(src/ThirdParty/ros2_control/transmission_interface) by extension 'ignore_ament_install'
[0.750s] Level 1:colcon.colcon_core.package_identification:_identify(src/ThirdParty/ros2_control/transmission_interface) by extensions ['colcon_pkg']
[0.750s] Level 1:colcon.colcon_core.package_identification:_identify(src/ThirdParty/ros2_control/transmission_interface) by extension 'colcon_pkg'
[0.750s] Level 1:colcon.colcon_core.package_identification:_identify(src/ThirdParty/ros2_control/transmission_interface) by extensions ['colcon_meta']
[0.750s] Level 1:colcon.colcon_core.package_identification:_identify(src/ThirdParty/ros2_control/transmission_interface) by extension 'colcon_meta'
[0.750s] Level 1:colcon.colcon_core.package_identification:_identify(src/ThirdParty/ros2_control/transmission_interface) by extensions ['ros']
[0.750s] Level 1:colcon.colcon_core.package_identification:_identify(src/ThirdParty/ros2_control/transmission_interface) by extension 'ros'
[0.751s] DEBUG:colcon.colcon_core.package_identification:Package 'src/ThirdParty/ros2_control/transmission_interface' with type 'ros.ament_cmake' and name 'transmission_interface'
[0.751s] Level 1:colcon.colcon_core.package_identification:_identify(src/ThirdParty/ros2_controllers) by extensions ['ignore', 'ignore_ament_install']
[0.751s] Level 1:colcon.colcon_core.package_identification:_identify(src/ThirdParty/ros2_controllers) by extension 'ignore'
[0.751s] Level 1:colcon.colcon_core.package_identification:_identify(src/ThirdParty/ros2_controllers) by extension 'ignore_ament_install'
[0.751s] Level 1:colcon.colcon_core.package_identification:_identify(src/ThirdParty/ros2_controllers) by extensions ['colcon_pkg']
[0.752s] Level 1:colcon.colcon_core.package_identification:_identify(src/ThirdParty/ros2_controllers) by extension 'colcon_pkg'
[0.752s] Level 1:colcon.colcon_core.package_identification:_identify(src/ThirdParty/ros2_controllers) by extensions ['colcon_meta']
[0.752s] Level 1:colcon.colcon_core.package_identification:_identify(src/ThirdParty/ros2_controllers) by extension 'colcon_meta'
[0.752s] Level 1:colcon.colcon_core.package_identification:_identify(src/ThirdParty/ros2_controllers) by extensions ['ros']
[0.752s] Level 1:colcon.colcon_core.package_identification:_identify(src/ThirdParty/ros2_controllers) by extension 'ros'
[0.752s] Level 1:colcon.colcon_core.package_identification:_identify(src/ThirdParty/ros2_controllers) by extensions ['cmake', 'python']
[0.752s] Level 1:colcon.colcon_core.package_identification:_identify(src/ThirdParty/ros2_controllers) by extension 'cmake'
[0.752s] Level 1:colcon.colcon_core.package_identification:_identify(src/ThirdParty/ros2_controllers) by extension 'python'
[0.752s] Level 1:colcon.colcon_core.package_identification:_identify(src/ThirdParty/ros2_controllers) by extensions ['python_setup_py']
[0.752s] Level 1:colcon.colcon_core.package_identification:_identify(src/ThirdParty/ros2_controllers) by extension 'python_setup_py'
[0.752s] Level 1:colcon.colcon_core.package_identification:_identify(src/ThirdParty/ros2_controllers/diff_drive_controller) by extensions ['ignore', 'ignore_ament_install']
[0.752s] Level 1:colcon.colcon_core.package_identification:_identify(src/ThirdParty/ros2_controllers/diff_drive_controller) by extension 'ignore'
[0.752s] Level 1:colcon.colcon_core.package_identification:_identify(src/ThirdParty/ros2_controllers/diff_drive_controller) by extension 'ignore_ament_install'
[0.753s] Level 1:colcon.colcon_core.package_identification:_identify(src/ThirdParty/ros2_controllers/diff_drive_controller) by extensions ['colcon_pkg']
[0.753s] Level 1:colcon.colcon_core.package_identification:_identify(src/ThirdParty/ros2_controllers/diff_drive_controller) by extension 'colcon_pkg'
[0.753s] Level 1:colcon.colcon_core.package_identification:_identify(src/ThirdParty/ros2_controllers/diff_drive_controller) by extensions ['colcon_meta']
[0.753s] Level 1:colcon.colcon_core.package_identification:_identify(src/ThirdParty/ros2_controllers/diff_drive_controller) by extension 'colcon_meta'
[0.753s] Level 1:colcon.colcon_core.package_identification:_identify(src/ThirdParty/ros2_controllers/diff_drive_controller) by extensions ['ros']
[0.753s] Level 1:colcon.colcon_core.package_identification:_identify(src/ThirdParty/ros2_controllers/diff_drive_controller) by extension 'ros'
[0.755s] DEBUG:colcon.colcon_core.package_identification:Package 'src/ThirdParty/ros2_controllers/diff_drive_controller' with type 'ros.ament_cmake' and name 'diff_drive_controller'
[0.756s] Level 1:colcon.colcon_core.package_identification:_identify(src/ThirdParty/ros2_controllers/doc) by extensions ['ignore', 'ignore_ament_install']
[0.757s] Level 1:colcon.colcon_core.package_identification:_identify(src/ThirdParty/ros2_controllers/doc) by extension 'ignore'
[0.757s] Level 1:colcon.colcon_core.package_identification:_identify(src/ThirdParty/ros2_controllers/doc) by extension 'ignore_ament_install'
[0.757s] Level 1:colcon.colcon_core.package_identification:_identify(src/ThirdParty/ros2_controllers/doc) by extensions ['colcon_pkg']
[0.757s] Level 1:colcon.colcon_core.package_identification:_identify(src/ThirdParty/ros2_controllers/doc) by extension 'colcon_pkg'
[0.757s] Level 1:colcon.colcon_core.package_identification:_identify(src/ThirdParty/ros2_controllers/doc) by extensions ['colcon_meta']
[0.757s] Level 1:colcon.colcon_core.package_identification:_identify(src/ThirdParty/ros2_controllers/doc) by extension 'colcon_meta'
[0.757s] Level 1:colcon.colcon_core.package_identification:_identify(src/ThirdParty/ros2_controllers/doc) by extensions ['ros']
[0.757s] Level 1:colcon.colcon_core.package_identification:_identify(src/ThirdParty/ros2_controllers/doc) by extension 'ros'
[0.757s] Level 1:colcon.colcon_core.package_identification:_identify(src/ThirdParty/ros2_controllers/doc) by extensions ['cmake', 'python']
[0.757s] Level 1:colcon.colcon_core.package_identification:_identify(src/ThirdParty/ros2_controllers/doc) by extension 'cmake'
[0.757s] Level 1:colcon.colcon_core.package_identification:_identify(src/ThirdParty/ros2_controllers/doc) by extension 'python'
[0.757s] Level 1:colcon.colcon_core.package_identification:_identify(src/ThirdParty/ros2_controllers/doc) by extensions ['python_setup_py']
[0.757s] Level 1:colcon.colcon_core.package_identification:_identify(src/ThirdParty/ros2_controllers/doc) by extension 'python_setup_py'
[0.757s] Level 1:colcon.colcon_core.package_identification:_identify(src/ThirdParty/ros2_controllers/effort_controllers) by extensions ['ignore', 'ignore_ament_install']
[0.758s] Level 1:colcon.colcon_core.package_identification:_identify(src/ThirdParty/ros2_controllers/effort_controllers) by extension 'ignore'
[0.758s] Level 1:colcon.colcon_core.package_identification:_identify(src/ThirdParty/ros2_controllers/effort_controllers) by extension 'ignore_ament_install'
[0.758s] Level 1:colcon.colcon_core.package_identification:_identify(src/ThirdParty/ros2_controllers/effort_controllers) by extensions ['colcon_pkg']
[0.758s] Level 1:colcon.colcon_core.package_identification:_identify(src/ThirdParty/ros2_controllers/effort_controllers) by extension 'colcon_pkg'
[0.758s] Level 1:colcon.colcon_core.package_identification:_identify(src/ThirdParty/ros2_controllers/effort_controllers) by extensions ['colcon_meta']
[0.758s] Level 1:colcon.colcon_core.package_identification:_identify(src/ThirdParty/ros2_controllers/effort_controllers) by extension 'colcon_meta'
[0.758s] Level 1:colcon.colcon_core.package_identification:_identify(src/ThirdParty/ros2_controllers/effort_controllers) by extensions ['ros']
[0.758s] Level 1:colcon.colcon_core.package_identification:_identify(src/ThirdParty/ros2_controllers/effort_controllers) by extension 'ros'
[0.759s] DEBUG:colcon.colcon_core.package_identification:Package 'src/ThirdParty/ros2_controllers/effort_controllers' with type 'ros.ament_cmake' and name 'effort_controllers'
[0.759s] Level 1:colcon.colcon_core.package_identification:_identify(src/ThirdParty/ros2_controllers/force_torque_sensor_broadcaster) by extensions ['ignore', 'ignore_ament_install']
[0.759s] Level 1:colcon.colcon_core.package_identification:_identify(src/ThirdParty/ros2_controllers/force_torque_sensor_broadcaster) by extension 'ignore'
[0.759s] Level 1:colcon.colcon_core.package_identification:_identify(src/ThirdParty/ros2_controllers/force_torque_sensor_broadcaster) by extension 'ignore_ament_install'
[0.759s] Level 1:colcon.colcon_core.package_identification:_identify(src/ThirdParty/ros2_controllers/force_torque_sensor_broadcaster) by extensions ['colcon_pkg']
[0.759s] Level 1:colcon.colcon_core.package_identification:_identify(src/ThirdParty/ros2_controllers/force_torque_sensor_broadcaster) by extension 'colcon_pkg'
[0.760s] Level 1:colcon.colcon_core.package_identification:_identify(src/ThirdParty/ros2_controllers/force_torque_sensor_broadcaster) by extensions ['colcon_meta']
[0.760s] Level 1:colcon.colcon_core.package_identification:_identify(src/ThirdParty/ros2_controllers/force_torque_sensor_broadcaster) by extension 'colcon_meta'
[0.760s] Level 1:colcon.colcon_core.package_identification:_identify(src/ThirdParty/ros2_controllers/force_torque_sensor_broadcaster) by extensions ['ros']
[0.760s] Level 1:colcon.colcon_core.package_identification:_identify(src/ThirdParty/ros2_controllers/force_torque_sensor_broadcaster) by extension 'ros'
[0.761s] DEBUG:colcon.colcon_core.package_identification:Package 'src/ThirdParty/ros2_controllers/force_torque_sensor_broadcaster' with type 'ros.ament_cmake' and name 'force_torque_sensor_broadcaster'
[0.762s] Level 1:colcon.colcon_core.package_identification:_identify(src/ThirdParty/ros2_controllers/forward_command_controller) by extensions ['ignore', 'ignore_ament_install']
[0.762s] Level 1:colcon.colcon_core.package_identification:_identify(src/ThirdParty/ros2_controllers/forward_command_controller) by extension 'ignore'
[0.762s] Level 1:colcon.colcon_core.package_identification:_identify(src/ThirdParty/ros2_controllers/forward_command_controller) by extension 'ignore_ament_install'
[0.762s] Level 1:colcon.colcon_core.package_identification:_identify(src/ThirdParty/ros2_controllers/forward_command_controller) by extensions ['colcon_pkg']
[0.762s] Level 1:colcon.colcon_core.package_identification:_identify(src/ThirdParty/ros2_controllers/forward_command_controller) by extension 'colcon_pkg'
[0.762s] Level 1:colcon.colcon_core.package_identification:_identify(src/ThirdParty/ros2_controllers/forward_command_controller) by extensions ['colcon_meta']
[0.762s] Level 1:colcon.colcon_core.package_identification:_identify(src/ThirdParty/ros2_controllers/forward_command_controller) by extension 'colcon_meta'
[0.762s] Level 1:colcon.colcon_core.package_identification:_identify(src/ThirdParty/ros2_controllers/forward_command_controller) by extensions ['ros']
[0.763s] Level 1:colcon.colcon_core.package_identification:_identify(src/ThirdParty/ros2_controllers/forward_command_controller) by extension 'ros'
[0.764s] DEBUG:colcon.colcon_core.package_identification:Package 'src/ThirdParty/ros2_controllers/forward_command_controller' with type 'ros.ament_cmake' and name 'forward_command_controller'
[0.764s] Level 1:colcon.colcon_core.package_identification:_identify(src/ThirdParty/ros2_controllers/gripper_controllers) by extensions ['ignore', 'ignore_ament_install']
[0.764s] Level 1:colcon.colcon_core.package_identification:_identify(src/ThirdParty/ros2_controllers/gripper_controllers) by extension 'ignore'
[0.764s] Level 1:colcon.colcon_core.package_identification:_identify(src/ThirdParty/ros2_controllers/gripper_controllers) by extension 'ignore_ament_install'
[0.764s] Level 1:colcon.colcon_core.package_identification:_identify(src/ThirdParty/ros2_controllers/gripper_controllers) by extensions ['colcon_pkg']
[0.764s] Level 1:colcon.colcon_core.package_identification:_identify(src/ThirdParty/ros2_controllers/gripper_controllers) by extension 'colcon_pkg'
[0.764s] Level 1:colcon.colcon_core.package_identification:_identify(src/ThirdParty/ros2_controllers/gripper_controllers) by extensions ['colcon_meta']
[0.764s] Level 1:colcon.colcon_core.package_identification:_identify(src/ThirdParty/ros2_controllers/gripper_controllers) by extension 'colcon_meta'
[0.764s] Level 1:colcon.colcon_core.package_identification:_identify(src/ThirdParty/ros2_controllers/gripper_controllers) by extensions ['ros']
[0.764s] Level 1:colcon.colcon_core.package_identification:_identify(src/ThirdParty/ros2_controllers/gripper_controllers) by extension 'ros'
[0.766s] DEBUG:colcon.colcon_core.package_identification:Package 'src/ThirdParty/ros2_controllers/gripper_controllers' with type 'ros.ament_cmake' and name 'gripper_controllers'
[0.766s] Level 1:colcon.colcon_core.package_identification:_identify(src/ThirdParty/ros2_controllers/imu_sensor_broadcaster) by extensions ['ignore', 'ignore_ament_install']
[0.766s] Level 1:colcon.colcon_core.package_identification:_identify(src/ThirdParty/ros2_controllers/imu_sensor_broadcaster) by extension 'ignore'
[0.766s] Level 1:colcon.colcon_core.package_identification:_identify(src/ThirdParty/ros2_controllers/imu_sensor_broadcaster) by extension 'ignore_ament_install'
[0.766s] Level 1:colcon.colcon_core.package_identification:_identify(src/ThirdParty/ros2_controllers/imu_sensor_broadcaster) by extensions ['colcon_pkg']
[0.766s] Level 1:colcon.colcon_core.package_identification:_identify(src/ThirdParty/ros2_controllers/imu_sensor_broadcaster) by extension 'colcon_pkg'
[0.766s] Level 1:colcon.colcon_core.package_identification:_identify(src/ThirdParty/ros2_controllers/imu_sensor_broadcaster) by extensions ['colcon_meta']
[0.766s] Level 1:colcon.colcon_core.package_identification:_identify(src/ThirdParty/ros2_controllers/imu_sensor_broadcaster) by extension 'colcon_meta'
[0.766s] Level 1:colcon.colcon_core.package_identification:_identify(src/ThirdParty/ros2_controllers/imu_sensor_broadcaster) by extensions ['ros']
[0.766s] Level 1:colcon.colcon_core.package_identification:_identify(src/ThirdParty/ros2_controllers/imu_sensor_broadcaster) by extension 'ros'
[0.781s] DEBUG:colcon.colcon_core.package_identification:Package 'src/ThirdParty/ros2_controllers/imu_sensor_broadcaster' with type 'ros.ament_cmake' and name 'imu_sensor_broadcaster'
[0.781s] Level 1:colcon.colcon_core.package_identification:_identify(src/ThirdParty/ros2_controllers/joint_state_broadcaster) by extensions ['ignore', 'ignore_ament_install']
[0.781s] Level 1:colcon.colcon_core.package_identification:_identify(src/ThirdParty/ros2_controllers/joint_state_broadcaster) by extension 'ignore'
[0.781s] Level 1:colcon.colcon_core.package_identification:_identify(src/ThirdParty/ros2_controllers/joint_state_broadcaster) by extension 'ignore_ament_install'
[0.781s] Level 1:colcon.colcon_core.package_identification:_identify(src/ThirdParty/ros2_controllers/joint_state_broadcaster) by extensions ['colcon_pkg']
[0.781s] Level 1:colcon.colcon_core.package_identification:_identify(src/ThirdParty/ros2_controllers/joint_state_broadcaster) by extension 'colcon_pkg'
[0.782s] Level 1:colcon.colcon_core.package_identification:_identify(src/ThirdParty/ros2_controllers/joint_state_broadcaster) by extensions ['colcon_meta']
[0.782s] Level 1:colcon.colcon_core.package_identification:_identify(src/ThirdParty/ros2_controllers/joint_state_broadcaster) by extension 'colcon_meta'
[0.782s] Level 1:colcon.colcon_core.package_identification:_identify(src/ThirdParty/ros2_controllers/joint_state_broadcaster) by extensions ['ros']
[0.782s] Level 1:colcon.colcon_core.package_identification:_identify(src/ThirdParty/ros2_controllers/joint_state_broadcaster) by extension 'ros'
[0.783s] DEBUG:colcon.colcon_core.package_identification:Package 'src/ThirdParty/ros2_controllers/joint_state_broadcaster' with type 'ros.ament_cmake' and name 'joint_state_broadcaster'
[0.783s] Level 1:colcon.colcon_core.package_identification:_identify(src/ThirdParty/ros2_controllers/joint_state_controller) by extensions ['ignore', 'ignore_ament_install']
[0.783s] Level 1:colcon.colcon_core.package_identification:_identify(src/ThirdParty/ros2_controllers/joint_state_controller) by extension 'ignore'
[0.783s] Level 1:colcon.colcon_core.package_identification:_identify(src/ThirdParty/ros2_controllers/joint_state_controller) by extension 'ignore_ament_install'
[0.784s] Level 1:colcon.colcon_core.package_identification:_identify(src/ThirdParty/ros2_controllers/joint_state_controller) by extensions ['colcon_pkg']
[0.784s] Level 1:colcon.colcon_core.package_identification:_identify(src/ThirdParty/ros2_controllers/joint_state_controller) by extension 'colcon_pkg'
[0.784s] Level 1:colcon.colcon_core.package_identification:_identify(src/ThirdParty/ros2_controllers/joint_state_controller) by extensions ['colcon_meta']
[0.784s] Level 1:colcon.colcon_core.package_identification:_identify(src/ThirdParty/ros2_controllers/joint_state_controller) by extension 'colcon_meta'
[0.784s] Level 1:colcon.colcon_core.package_identification:_identify(src/ThirdParty/ros2_controllers/joint_state_controller) by extensions ['ros']
[0.784s] Level 1:colcon.colcon_core.package_identification:_identify(src/ThirdParty/ros2_controllers/joint_state_controller) by extension 'ros'
[0.785s] DEBUG:colcon.colcon_core.package_identification:Package 'src/ThirdParty/ros2_controllers/joint_state_controller' with type 'ros.ament_cmake' and name 'joint_state_controller'
[0.785s] Level 1:colcon.colcon_core.package_identification:_identify(src/ThirdParty/ros2_controllers/joint_trajectory_controller) by extensions ['ignore', 'ignore_ament_install']
[0.785s] Level 1:colcon.colcon_core.package_identification:_identify(src/ThirdParty/ros2_controllers/joint_trajectory_controller) by extension 'ignore'
[0.785s] Level 1:colcon.colcon_core.package_identification:_identify(src/ThirdParty/ros2_controllers/joint_trajectory_controller) by extension 'ignore_ament_install'
[0.785s] Level 1:colcon.colcon_core.package_identification:_identify(src/ThirdParty/ros2_controllers/joint_trajectory_controller) by extensions ['colcon_pkg']
[0.785s] Level 1:colcon.colcon_core.package_identification:_identify(src/ThirdParty/ros2_controllers/joint_trajectory_controller) by extension 'colcon_pkg'
[0.785s] Level 1:colcon.colcon_core.package_identification:_identify(src/ThirdParty/ros2_controllers/joint_trajectory_controller) by extensions ['colcon_meta']
[0.785s] Level 1:colcon.colcon_core.package_identification:_identify(src/ThirdParty/ros2_controllers/joint_trajectory_controller) by extension 'colcon_meta'
[0.785s] Level 1:colcon.colcon_core.package_identification:_identify(src/ThirdParty/ros2_controllers/joint_trajectory_controller) by extensions ['ros']
[0.785s] Level 1:colcon.colcon_core.package_identification:_identify(src/ThirdParty/ros2_controllers/joint_trajectory_controller) by extension 'ros'
[0.787s] DEBUG:colcon.colcon_core.package_identification:Package 'src/ThirdParty/ros2_controllers/joint_trajectory_controller' with type 'ros.ament_cmake' and name 'joint_trajectory_controller'
[0.787s] Level 1:colcon.colcon_core.package_identification:_identify(src/ThirdParty/ros2_controllers/position_controllers) by extensions ['ignore', 'ignore_ament_install']
[0.787s] Level 1:colcon.colcon_core.package_identification:_identify(src/ThirdParty/ros2_controllers/position_controllers) by extension 'ignore'
[0.787s] Level 1:colcon.colcon_core.package_identification:_identify(src/ThirdParty/ros2_controllers/position_controllers) by extension 'ignore_ament_install'
[0.787s] Level 1:colcon.colcon_core.package_identification:_identify(src/ThirdParty/ros2_controllers/position_controllers) by extensions ['colcon_pkg']
[0.787s] Level 1:colcon.colcon_core.package_identification:_identify(src/ThirdParty/ros2_controllers/position_controllers) by extension 'colcon_pkg'
[0.787s] Level 1:colcon.colcon_core.package_identification:_identify(src/ThirdParty/ros2_controllers/position_controllers) by extensions ['colcon_meta']
[0.787s] Level 1:colcon.colcon_core.package_identification:_identify(src/ThirdParty/ros2_controllers/position_controllers) by extension 'colcon_meta'
[0.788s] Level 1:colcon.colcon_core.package_identification:_identify(src/ThirdParty/ros2_controllers/position_controllers) by extensions ['ros']
[0.788s] Level 1:colcon.colcon_core.package_identification:_identify(src/ThirdParty/ros2_controllers/position_controllers) by extension 'ros'
[0.788s] DEBUG:colcon.colcon_core.package_identification:Package 'src/ThirdParty/ros2_controllers/position_controllers' with type 'ros.ament_cmake' and name 'position_controllers'
[0.791s] Level 1:colcon.colcon_core.package_identification:_identify(src/ThirdParty/ros2_controllers/ros2_controllers) by extensions ['ignore', 'ignore_ament_install']
[0.792s] Level 1:colcon.colcon_core.package_identification:_identify(src/ThirdParty/ros2_controllers/ros2_controllers) by extension 'ignore'
[0.792s] Level 1:colcon.colcon_core.package_identification:_identify(src/ThirdParty/ros2_controllers/ros2_controllers) by extension 'ignore_ament_install'
[0.793s] Level 1:colcon.colcon_core.package_identification:_identify(src/ThirdParty/ros2_controllers/ros2_controllers) by extensions ['colcon_pkg']
[0.793s] Level 1:colcon.colcon_core.package_identification:_identify(src/ThirdParty/ros2_controllers/ros2_controllers) by extension 'colcon_pkg'
[0.793s] Level 1:colcon.colcon_core.package_identification:_identify(src/ThirdParty/ros2_controllers/ros2_controllers) by extensions ['colcon_meta']
[0.793s] Level 1:colcon.colcon_core.package_identification:_identify(src/ThirdParty/ros2_controllers/ros2_controllers) by extension 'colcon_meta'
[0.793s] Level 1:colcon.colcon_core.package_identification:_identify(src/ThirdParty/ros2_controllers/ros2_controllers) by extensions ['ros']
[0.793s] Level 1:colcon.colcon_core.package_identification:_identify(src/ThirdParty/ros2_controllers/ros2_controllers) by extension 'ros'
[0.794s] DEBUG:colcon.colcon_core.package_identification:Package 'src/ThirdParty/ros2_controllers/ros2_controllers' with type 'ros.ament_cmake' and name 'ros2_controllers'
[0.794s] Level 1:colcon.colcon_core.package_identification:_identify(src/ThirdParty/ros2_controllers/velocity_controllers) by extensions ['ignore', 'ignore_ament_install']
[0.795s] Level 1:colcon.colcon_core.package_identification:_identify(src/ThirdParty/ros2_controllers/velocity_controllers) by extension 'ignore'
[0.795s] Level 1:colcon.colcon_core.package_identification:_identify(src/ThirdParty/ros2_controllers/velocity_controllers) by extension 'ignore_ament_install'
[0.795s] Level 1:colcon.colcon_core.package_identification:_identify(src/ThirdParty/ros2_controllers/velocity_controllers) by extensions ['colcon_pkg']
[0.795s] Level 1:colcon.colcon_core.package_identification:_identify(src/ThirdParty/ros2_controllers/velocity_controllers) by extension 'colcon_pkg'
[0.795s] Level 1:colcon.colcon_core.package_identification:_identify(src/ThirdParty/ros2_controllers/velocity_controllers) by extensions ['colcon_meta']
[0.795s] Level 1:colcon.colcon_core.package_identification:_identify(src/ThirdParty/ros2_controllers/velocity_controllers) by extension 'colcon_meta'
[0.795s] Level 1:colcon.colcon_core.package_identification:_identify(src/ThirdParty/ros2_controllers/velocity_controllers) by extensions ['ros']
[0.795s] Level 1:colcon.colcon_core.package_identification:_identify(src/ThirdParty/ros2_controllers/velocity_controllers) by extension 'ros'
[0.796s] DEBUG:colcon.colcon_core.package_identification:Package 'src/ThirdParty/ros2_controllers/velocity_controllers' with type 'ros.ament_cmake' and name 'velocity_controllers'
[0.798s] Level 1:colcon.colcon_core.package_identification:_identify(src/ThirdParty/tiago_description_calibration) by extensions ['ignore', 'ignore_ament_install']
[0.798s] Level 1:colcon.colcon_core.package_identification:_identify(src/ThirdParty/tiago_description_calibration) by extension 'ignore'
[0.798s] Level 1:colcon.colcon_core.package_identification:_identify(src/ThirdParty/tiago_description_calibration) by extension 'ignore_ament_install'
[0.798s] Level 1:colcon.colcon_core.package_identification:_identify(src/ThirdParty/tiago_description_calibration) by extensions ['colcon_pkg']
[0.798s] Level 1:colcon.colcon_core.package_identification:_identify(src/ThirdParty/tiago_description_calibration) by extension 'colcon_pkg'
[0.798s] Level 1:colcon.colcon_core.package_identification:_identify(src/ThirdParty/tiago_description_calibration) by extensions ['colcon_meta']
[0.798s] Level 1:colcon.colcon_core.package_identification:_identify(src/ThirdParty/tiago_description_calibration) by extension 'colcon_meta'
[0.798s] Level 1:colcon.colcon_core.package_identification:_identify(src/ThirdParty/tiago_description_calibration) by extensions ['ros']
[0.798s] Level 1:colcon.colcon_core.package_identification:_identify(src/ThirdParty/tiago_description_calibration) by extension 'ros'
[0.802s] DEBUG:colcon.colcon_core.package_identification:Package 'src/ThirdParty/tiago_description_calibration' with type 'ros.ament_cmake' and name 'tiago_description_calibration'
[0.803s] Level 1:colcon.colcon_core.package_identification:_identify(src/ThirdParty/tiago_robot) by extensions ['ignore', 'ignore_ament_install']
[0.803s] Level 1:colcon.colcon_core.package_identification:_identify(src/ThirdParty/tiago_robot) by extension 'ignore'
[0.804s] Level 1:colcon.colcon_core.package_identification:_identify(src/ThirdParty/tiago_robot) by extension 'ignore_ament_install'
[0.804s] Level 1:colcon.colcon_core.package_identification:_identify(src/ThirdParty/tiago_robot) by extensions ['colcon_pkg']
[0.804s] Level 1:colcon.colcon_core.package_identification:_identify(src/ThirdParty/tiago_robot) by extension 'colcon_pkg'
[0.804s] Level 1:colcon.colcon_core.package_identification:_identify(src/ThirdParty/tiago_robot) by extensions ['colcon_meta']
[0.804s] Level 1:colcon.colcon_core.package_identification:_identify(src/ThirdParty/tiago_robot) by extension 'colcon_meta'
[0.804s] Level 1:colcon.colcon_core.package_identification:_identify(src/ThirdParty/tiago_robot) by extensions ['ros']
[0.804s] Level 1:colcon.colcon_core.package_identification:_identify(src/ThirdParty/tiago_robot) by extension 'ros'
[0.805s] Level 1:colcon.colcon_core.package_identification:_identify(src/ThirdParty/tiago_robot) by extensions ['cmake', 'python']
[0.805s] Level 1:colcon.colcon_core.package_identification:_identify(src/ThirdParty/tiago_robot) by extension 'cmake'
[0.805s] Level 1:colcon.colcon_core.package_identification:_identify(src/ThirdParty/tiago_robot) by extension 'python'
[0.806s] Level 1:colcon.colcon_core.package_identification:_identify(src/ThirdParty/tiago_robot) by extensions ['python_setup_py']
[0.806s] Level 1:colcon.colcon_core.package_identification:_identify(src/ThirdParty/tiago_robot) by extension 'python_setup_py'
[0.806s] Level 1:colcon.colcon_core.package_identification:_identify(src/ThirdParty/tiago_robot/tiago_bringup) by extensions ['ignore', 'ignore_ament_install']
[0.807s] Level 1:colcon.colcon_core.package_identification:_identify(src/ThirdParty/tiago_robot/tiago_bringup) by extension 'ignore'
[0.807s] Level 1:colcon.colcon_core.package_identification:_identify(src/ThirdParty/tiago_robot/tiago_bringup) by extension 'ignore_ament_install'
[0.807s] Level 1:colcon.colcon_core.package_identification:_identify(src/ThirdParty/tiago_robot/tiago_bringup) by extensions ['colcon_pkg']
[0.807s] Level 1:colcon.colcon_core.package_identification:_identify(src/ThirdParty/tiago_robot/tiago_bringup) by extension 'colcon_pkg'
[0.807s] Level 1:colcon.colcon_core.package_identification:_identify(src/ThirdParty/tiago_robot/tiago_bringup) by extensions ['colcon_meta']
[0.807s] Level 1:colcon.colcon_core.package_identification:_identify(src/ThirdParty/tiago_robot/tiago_bringup) by extension 'colcon_meta'
[0.807s] Level 1:colcon.colcon_core.package_identification:_identify(src/ThirdParty/tiago_robot/tiago_bringup) by extensions ['ros']
[0.807s] Level 1:colcon.colcon_core.package_identification:_identify(src/ThirdParty/tiago_robot/tiago_bringup) by extension 'ros'
[0.809s] DEBUG:colcon.colcon_core.package_identification:Package 'src/ThirdParty/tiago_robot/tiago_bringup' with type 'ros.ament_cmake' and name 'tiago_bringup'
[0.810s] Level 1:colcon.colcon_core.package_identification:_identify(src/ThirdParty/tiago_robot/tiago_controller_configuration) by extensions ['ignore', 'ignore_ament_install']
[0.810s] Level 1:colcon.colcon_core.package_identification:_identify(src/ThirdParty/tiago_robot/tiago_controller_configuration) by extension 'ignore'
[0.810s] Level 1:colcon.colcon_core.package_identification:_identify(src/ThirdParty/tiago_robot/tiago_controller_configuration) by extension 'ignore_ament_install'
[0.810s] Level 1:colcon.colcon_core.package_identification:_identify(src/ThirdParty/tiago_robot/tiago_controller_configuration) by extensions ['colcon_pkg']
[0.811s] Level 1:colcon.colcon_core.package_identification:_identify(src/ThirdParty/tiago_robot/tiago_controller_configuration) by extension 'colcon_pkg'
[0.811s] Level 1:colcon.colcon_core.package_identification:_identify(src/ThirdParty/tiago_robot/tiago_controller_configuration) by extensions ['colcon_meta']
[0.811s] Level 1:colcon.colcon_core.package_identification:_identify(src/ThirdParty/tiago_robot/tiago_controller_configuration) by extension 'colcon_meta'
[0.811s] Level 1:colcon.colcon_core.package_identification:_identify(src/ThirdParty/tiago_robot/tiago_controller_configuration) by extensions ['ros']
[0.811s] Level 1:colcon.colcon_core.package_identification:_identify(src/ThirdParty/tiago_robot/tiago_controller_configuration) by extension 'ros'
[0.813s] DEBUG:colcon.colcon_core.package_identification:Package 'src/ThirdParty/tiago_robot/tiago_controller_configuration' with type 'ros.ament_cmake' and name 'tiago_controller_configuration'
[0.813s] Level 1:colcon.colcon_core.package_identification:_identify(src/ThirdParty/tiago_robot/tiago_description) by extensions ['ignore', 'ignore_ament_install']
[0.814s] Level 1:colcon.colcon_core.package_identification:_identify(src/ThirdParty/tiago_robot/tiago_description) by extension 'ignore'
[0.814s] Level 1:colcon.colcon_core.package_identification:_identify(src/ThirdParty/tiago_robot/tiago_description) by extension 'ignore_ament_install'
[0.814s] Level 1:colcon.colcon_core.package_identification:_identify(src/ThirdParty/tiago_robot/tiago_description) by extensions ['colcon_pkg']
[0.814s] Level 1:colcon.colcon_core.package_identification:_identify(src/ThirdParty/tiago_robot/tiago_description) by extension 'colcon_pkg'
[0.814s] Level 1:colcon.colcon_core.package_identification:_identify(src/ThirdParty/tiago_robot/tiago_description) by extensions ['colcon_meta']
[0.814s] Level 1:colcon.colcon_core.package_identification:_identify(src/ThirdParty/tiago_robot/tiago_description) by extension 'colcon_meta'
[0.815s] Level 1:colcon.colcon_core.package_identification:_identify(src/ThirdParty/tiago_robot/tiago_description) by extensions ['ros']
[0.815s] Level 1:colcon.colcon_core.package_identification:_identify(src/ThirdParty/tiago_robot/tiago_description) by extension 'ros'
[0.816s] DEBUG:colcon.colcon_core.package_identification:Package 'src/ThirdParty/tiago_robot/tiago_description' with type 'ros.ament_cmake' and name 'tiago_description'
[0.817s] Level 1:colcon.colcon_core.package_identification:_identify(src/ThirdParty/tiago_robot/tiago_robot) by extensions ['ignore', 'ignore_ament_install']
[0.817s] Level 1:colcon.colcon_core.package_identification:_identify(src/ThirdParty/tiago_robot/tiago_robot) by extension 'ignore'
[0.817s] Level 1:colcon.colcon_core.package_identification:_identify(src/ThirdParty/tiago_robot/tiago_robot) by extension 'ignore_ament_install'
[0.817s] Level 1:colcon.colcon_core.package_identification:_identify(src/ThirdParty/tiago_robot/tiago_robot) by extensions ['colcon_pkg']
[0.817s] Level 1:colcon.colcon_core.package_identification:_identify(src/ThirdParty/tiago_robot/tiago_robot) by extension 'colcon_pkg'
[0.817s] Level 1:colcon.colcon_core.package_identification:_identify(src/ThirdParty/tiago_robot/tiago_robot) by extensions ['colcon_meta']
[0.817s] Level 1:colcon.colcon_core.package_identification:_identify(src/ThirdParty/tiago_robot/tiago_robot) by extension 'colcon_meta'
[0.817s] Level 1:colcon.colcon_core.package_identification:_identify(src/ThirdParty/tiago_robot/tiago_robot) by extensions ['ros']
[0.818s] Level 1:colcon.colcon_core.package_identification:_identify(src/ThirdParty/tiago_robot/tiago_robot) by extension 'ros'
[0.819s] DEBUG:colcon.colcon_core.package_identification:Package 'src/ThirdParty/tiago_robot/tiago_robot' with type 'ros.ament_cmake' and name 'tiago_robot'
[0.819s] Level 1:colcon.colcon_core.package_identification:_identify(src/ThirdParty/tiago_simulation) by extensions ['ignore', 'ignore_ament_install']
[0.819s] Level 1:colcon.colcon_core.package_identification:_identify(src/ThirdParty/tiago_simulation) by extension 'ignore'
[0.819s] Level 1:colcon.colcon_core.package_identification:_identify(src/ThirdParty/tiago_simulation) by extension 'ignore_ament_install'
[0.819s] Level 1:colcon.colcon_core.package_identification:_identify(src/ThirdParty/tiago_simulation) by extensions ['colcon_pkg']
[0.819s] Level 1:colcon.colcon_core.package_identification:_identify(src/ThirdParty/tiago_simulation) by extension 'colcon_pkg'
[0.819s] Level 1:colcon.colcon_core.package_identification:_identify(src/ThirdParty/tiago_simulation) by extensions ['colcon_meta']
[0.819s] Level 1:colcon.colcon_core.package_identification:_identify(src/ThirdParty/tiago_simulation) by extension 'colcon_meta'
[0.820s] Level 1:colcon.colcon_core.package_identification:_identify(src/ThirdParty/tiago_simulation) by extensions ['ros']
[0.820s] Level 1:colcon.colcon_core.package_identification:_identify(src/ThirdParty/tiago_simulation) by extension 'ros'
[0.820s] Level 1:colcon.colcon_core.package_identification:_identify(src/ThirdParty/tiago_simulation) by extensions ['cmake', 'python']
[0.820s] Level 1:colcon.colcon_core.package_identification:_identify(src/ThirdParty/tiago_simulation) by extension 'cmake'
[0.820s] Level 1:colcon.colcon_core.package_identification:_identify(src/ThirdParty/tiago_simulation) by extension 'python'
[0.820s] Level 1:colcon.colcon_core.package_identification:_identify(src/ThirdParty/tiago_simulation) by extensions ['python_setup_py']
[0.820s] Level 1:colcon.colcon_core.package_identification:_identify(src/ThirdParty/tiago_simulation) by extension 'python_setup_py'
[0.821s] Level 1:colcon.colcon_core.package_identification:_identify(src/ThirdParty/tiago_simulation/tiago_2dnav_gazebo) by extensions ['ignore', 'ignore_ament_install']
[0.821s] Level 1:colcon.colcon_core.package_identification:_identify(src/ThirdParty/tiago_simulation/tiago_2dnav_gazebo) by extension 'ignore'
[0.821s] Level 1:colcon.colcon_core.package_identification:_identify(src/ThirdParty/tiago_simulation/tiago_2dnav_gazebo) by extension 'ignore_ament_install'
[0.821s] Level 1:colcon.colcon_core.package_identification:_identify(src/ThirdParty/tiago_simulation/tiago_2dnav_gazebo) by extensions ['colcon_pkg']
[0.822s] Level 1:colcon.colcon_core.package_identification:_identify(src/ThirdParty/tiago_simulation/tiago_2dnav_gazebo) by extension 'colcon_pkg'
[0.822s] Level 1:colcon.colcon_core.package_identification:_identify(src/ThirdParty/tiago_simulation/tiago_2dnav_gazebo) by extensions ['colcon_meta']
[0.822s] Level 1:colcon.colcon_core.package_identification:_identify(src/ThirdParty/tiago_simulation/tiago_2dnav_gazebo) by extension 'colcon_meta'
[0.822s] Level 1:colcon.colcon_core.package_identification:_identify(src/ThirdParty/tiago_simulation/tiago_2dnav_gazebo) by extensions ['ros']
[0.822s] Level 1:colcon.colcon_core.package_identification:_identify(src/ThirdParty/tiago_simulation/tiago_2dnav_gazebo) by extension 'ros'
[0.823s] DEBUG:colcon.colcon_core.package_identification:Package 'src/ThirdParty/tiago_simulation/tiago_2dnav_gazebo' with type 'ros.ament_cmake' and name 'tiago_2dnav_gazebo'
[0.823s] Level 1:colcon.colcon_core.package_identification:_identify(src/ThirdParty/tiago_simulation/tiago_controller_configuration_gazebo) by extensions ['ignore', 'ignore_ament_install']
[0.824s] Level 1:colcon.colcon_core.package_identification:_identify(src/ThirdParty/tiago_simulation/tiago_controller_configuration_gazebo) by extension 'ignore'
[0.824s] Level 1:colcon.colcon_core.package_identification:_identify(src/ThirdParty/tiago_simulation/tiago_controller_configuration_gazebo) ignored
[0.824s] Level 1:colcon.colcon_core.package_identification:_identify(src/ThirdParty/tiago_simulation/tiago_gazebo) by extensions ['ignore', 'ignore_ament_install']
[0.825s] Level 1:colcon.colcon_core.package_identification:_identify(src/ThirdParty/tiago_simulation/tiago_gazebo) by extension 'ignore'
[0.825s] Level 1:colcon.colcon_core.package_identification:_identify(src/ThirdParty/tiago_simulation/tiago_gazebo) by extension 'ignore_ament_install'
[0.825s] Level 1:colcon.colcon_core.package_identification:_identify(src/ThirdParty/tiago_simulation/tiago_gazebo) by extensions ['colcon_pkg']
[0.825s] Level 1:colcon.colcon_core.package_identification:_identify(src/ThirdParty/tiago_simulation/tiago_gazebo) by extension 'colcon_pkg'
[0.825s] Level 1:colcon.colcon_core.package_identification:_identify(src/ThirdParty/tiago_simulation/tiago_gazebo) by extensions ['colcon_meta']
[0.825s] Level 1:colcon.colcon_core.package_identification:_identify(src/ThirdParty/tiago_simulation/tiago_gazebo) by extension 'colcon_meta'
[0.825s] Level 1:colcon.colcon_core.package_identification:_identify(src/ThirdParty/tiago_simulation/tiago_gazebo) by extensions ['ros']
[0.825s] Level 1:colcon.colcon_core.package_identification:_identify(src/ThirdParty/tiago_simulation/tiago_gazebo) by extension 'ros'
[0.826s] DEBUG:colcon.colcon_core.package_identification:Package 'src/ThirdParty/tiago_simulation/tiago_gazebo' with type 'ros.ament_cmake' and name 'tiago_gazebo'
[0.827s] Level 1:colcon.colcon_core.package_identification:_identify(src/ThirdParty/tiago_simulation/tiago_multi) by extensions ['ignore', 'ignore_ament_install']
[0.829s] Level 1:colcon.colcon_core.package_identification:_identify(src/ThirdParty/tiago_simulation/tiago_multi) by extension 'ignore'
[0.829s] Level 1:colcon.colcon_core.package_identification:_identify(src/ThirdParty/tiago_simulation/tiago_multi) ignored
[0.830s] Level 1:colcon.colcon_core.package_identification:_identify(src/ThirdParty/tiago_simulation/tiago_simulation) by extensions ['ignore', 'ignore_ament_install']
[0.830s] Level 1:colcon.colcon_core.package_identification:_identify(src/ThirdParty/tiago_simulation/tiago_simulation) by extension 'ignore'
[0.831s] Level 1:colcon.colcon_core.package_identification:_identify(src/ThirdParty/tiago_simulation/tiago_simulation) by extension 'ignore_ament_install'
[0.832s] Level 1:colcon.colcon_core.package_identification:_identify(src/ThirdParty/tiago_simulation/tiago_simulation) by extensions ['colcon_pkg']
[0.833s] Level 1:colcon.colcon_core.package_identification:_identify(src/ThirdParty/tiago_simulation/tiago_simulation) by extension 'colcon_pkg'
[0.833s] Level 1:colcon.colcon_core.package_identification:_identify(src/ThirdParty/tiago_simulation/tiago_simulation) by extensions ['colcon_meta']
[0.834s] Level 1:colcon.colcon_core.package_identification:_identify(src/ThirdParty/tiago_simulation/tiago_simulation) by extension 'colcon_meta'
[0.835s] Level 1:colcon.colcon_core.package_identification:_identify(src/ThirdParty/tiago_simulation/tiago_simulation) by extensions ['ros']
[0.835s] Level 1:colcon.colcon_core.package_identification:_identify(src/ThirdParty/tiago_simulation/tiago_simulation) by extension 'ros'
[0.836s] DEBUG:colcon.colcon_core.package_identification:Package 'src/ThirdParty/tiago_simulation/tiago_simulation' with type 'ros.ament_cmake' and name 'tiago_simulation'
[0.837s] Level 1:colcon.colcon_core.package_identification:_identify(src/ThirdParty/twist_mux) by extensions ['ignore', 'ignore_ament_install']
[0.837s] Level 1:colcon.colcon_core.package_identification:_identify(src/ThirdParty/twist_mux) by extension 'ignore'
[0.838s] Level 1:colcon.colcon_core.package_identification:_identify(src/ThirdParty/twist_mux) by extension 'ignore_ament_install'
[0.838s] Level 1:colcon.colcon_core.package_identification:_identify(src/ThirdParty/twist_mux) by extensions ['colcon_pkg']
[0.838s] Level 1:colcon.colcon_core.package_identification:_identify(src/ThirdParty/twist_mux) by extension 'colcon_pkg'
[0.839s] Level 1:colcon.colcon_core.package_identification:_identify(src/ThirdParty/twist_mux) by extensions ['colcon_meta']
[0.839s] Level 1:colcon.colcon_core.package_identification:_identify(src/ThirdParty/twist_mux) by extension 'colcon_meta'
[0.839s] Level 1:colcon.colcon_core.package_identification:_identify(src/ThirdParty/twist_mux) by extensions ['ros']
[0.839s] Level 1:colcon.colcon_core.package_identification:_identify(src/ThirdParty/twist_mux) by extension 'ros'
[0.841s] DEBUG:colcon.colcon_core.package_identification:Package 'src/ThirdParty/twist_mux' with type 'ros.ament_cmake' and name 'twist_mux'
[0.841s] Level 1:colcon.colcon_core.package_identification:_identify(src/ThirdParty/urdf_test) by extensions ['ignore', 'ignore_ament_install']
[0.842s] Level 1:colcon.colcon_core.package_identification:_identify(src/ThirdParty/urdf_test) by extension 'ignore'
[0.842s] Level 1:colcon.colcon_core.package_identification:_identify(src/ThirdParty/urdf_test) by extension 'ignore_ament_install'
[0.842s] Level 1:colcon.colcon_core.package_identification:_identify(src/ThirdParty/urdf_test) by extensions ['colcon_pkg']
[0.842s] Level 1:colcon.colcon_core.package_identification:_identify(src/ThirdParty/urdf_test) by extension 'colcon_pkg'
[0.842s] Level 1:colcon.colcon_core.package_identification:_identify(src/ThirdParty/urdf_test) by extensions ['colcon_meta']
[0.842s] Level 1:colcon.colcon_core.package_identification:_identify(src/ThirdParty/urdf_test) by extension 'colcon_meta'
[0.843s] Level 1:colcon.colcon_core.package_identification:_identify(src/ThirdParty/urdf_test) by extensions ['ros']
[0.843s] Level 1:colcon.colcon_core.package_identification:_identify(src/ThirdParty/urdf_test) by extension 'ros'
[0.844s] DEBUG:colcon.colcon_core.package_identification:Package 'src/ThirdParty/urdf_test' with type 'ros.ament_cmake' and name 'urdf_test'
[0.844s] Level 1:colcon.colcon_core.package_identification:_identify(src/book_ros2) by extensions ['ignore', 'ignore_ament_install']
[0.844s] Level 1:colcon.colcon_core.package_identification:_identify(src/book_ros2) by extension 'ignore'
[0.845s] Level 1:colcon.colcon_core.package_identification:_identify(src/book_ros2) by extension 'ignore_ament_install'
[0.845s] Level 1:colcon.colcon_core.package_identification:_identify(src/book_ros2) by extensions ['colcon_pkg']
[0.845s] Level 1:colcon.colcon_core.package_identification:_identify(src/book_ros2) by extension 'colcon_pkg'
[0.845s] Level 1:colcon.colcon_core.package_identification:_identify(src/book_ros2) by extensions ['colcon_meta']
[0.845s] Level 1:colcon.colcon_core.package_identification:_identify(src/book_ros2) by extension 'colcon_meta'
[0.845s] Level 1:colcon.colcon_core.package_identification:_identify(src/book_ros2) by extensions ['ros']
[0.845s] Level 1:colcon.colcon_core.package_identification:_identify(src/book_ros2) by extension 'ros'
[0.845s] Level 1:colcon.colcon_core.package_identification:_identify(src/book_ros2) by extensions ['cmake', 'python']
[0.845s] Level 1:colcon.colcon_core.package_identification:_identify(src/book_ros2) by extension 'cmake'
[0.845s] Level 1:colcon.colcon_core.package_identification:_identify(src/book_ros2) by extension 'python'
[0.845s] Level 1:colcon.colcon_core.package_identification:_identify(src/book_ros2) by extensions ['python_setup_py']
[0.845s] Level 1:colcon.colcon_core.package_identification:_identify(src/book_ros2) by extension 'python_setup_py'
[0.846s] Level 1:colcon.colcon_core.package_identification:_identify(src/book_ros2/br2_basics) by extensions ['ignore', 'ignore_ament_install']
[0.846s] Level 1:colcon.colcon_core.package_identification:_identify(src/book_ros2/br2_basics) by extension 'ignore'
[0.846s] Level 1:colcon.colcon_core.package_identification:_identify(src/book_ros2/br2_basics) by extension 'ignore_ament_install'
[0.846s] Level 1:colcon.colcon_core.package_identification:_identify(src/book_ros2/br2_basics) by extensions ['colcon_pkg']
[0.846s] Level 1:colcon.colcon_core.package_identification:_identify(src/book_ros2/br2_basics) by extension 'colcon_pkg'
[0.846s] Level 1:colcon.colcon_core.package_identification:_identify(src/book_ros2/br2_basics) by extensions ['colcon_meta']
[0.846s] Level 1:colcon.colcon_core.package_identification:_identify(src/book_ros2/br2_basics) by extension 'colcon_meta'
[0.846s] Level 1:colcon.colcon_core.package_identification:_identify(src/book_ros2/br2_basics) by extensions ['ros']
[0.846s] Level 1:colcon.colcon_core.package_identification:_identify(src/book_ros2/br2_basics) by extension 'ros'
[0.848s] DEBUG:colcon.colcon_core.package_identification:Package 'src/book_ros2/br2_basics' with type 'ros.ament_cmake' and name 'br2_basics'
[0.848s] Level 1:colcon.colcon_core.package_identification:_identify(src/book_ros2/br2_bt_bumpgo) by extensions ['ignore', 'ignore_ament_install']
[0.849s] Level 1:colcon.colcon_core.package_identification:_identify(src/book_ros2/br2_bt_bumpgo) by extension 'ignore'
[0.849s] Level 1:colcon.colcon_core.package_identification:_identify(src/book_ros2/br2_bt_bumpgo) by extension 'ignore_ament_install'
[0.849s] Level 1:colcon.colcon_core.package_identification:_identify(src/book_ros2/br2_bt_bumpgo) by extensions ['colcon_pkg']
[0.849s] Level 1:colcon.colcon_core.package_identification:_identify(src/book_ros2/br2_bt_bumpgo) by extension 'colcon_pkg'
[0.849s] Level 1:colcon.colcon_core.package_identification:_identify(src/book_ros2/br2_bt_bumpgo) by extensions ['colcon_meta']
[0.849s] Level 1:colcon.colcon_core.package_identification:_identify(src/book_ros2/br2_bt_bumpgo) by extension 'colcon_meta'
[0.849s] Level 1:colcon.colcon_core.package_identification:_identify(src/book_ros2/br2_bt_bumpgo) by extensions ['ros']
[0.849s] Level 1:colcon.colcon_core.package_identification:_identify(src/book_ros2/br2_bt_bumpgo) by extension 'ros'
[0.851s] DEBUG:colcon.colcon_core.package_identification:Package 'src/book_ros2/br2_bt_bumpgo' with type 'ros.ament_cmake' and name 'br2_bt_bumpgo'
[0.852s] Level 1:colcon.colcon_core.package_identification:_identify(src/book_ros2/br2_bt_patrolling) by extensions ['ignore', 'ignore_ament_install']
[0.852s] Level 1:colcon.colcon_core.package_identification:_identify(src/book_ros2/br2_bt_patrolling) by extension 'ignore'
[0.853s] Level 1:colcon.colcon_core.package_identification:_identify(src/book_ros2/br2_bt_patrolling) by extension 'ignore_ament_install'
[0.853s] Level 1:colcon.colcon_core.package_identification:_identify(src/book_ros2/br2_bt_patrolling) by extensions ['colcon_pkg']
[0.853s] Level 1:colcon.colcon_core.package_identification:_identify(src/book_ros2/br2_bt_patrolling) by extension 'colcon_pkg'
[0.853s] Level 1:colcon.colcon_core.package_identification:_identify(src/book_ros2/br2_bt_patrolling) by extensions ['colcon_meta']
[0.853s] Level 1:colcon.colcon_core.package_identification:_identify(src/book_ros2/br2_bt_patrolling) by extension 'colcon_meta'
[0.853s] Level 1:colcon.colcon_core.package_identification:_identify(src/book_ros2/br2_bt_patrolling) by extensions ['ros']
[0.853s] Level 1:colcon.colcon_core.package_identification:_identify(src/book_ros2/br2_bt_patrolling) by extension 'ros'
[0.856s] DEBUG:colcon.colcon_core.package_identification:Package 'src/book_ros2/br2_bt_patrolling' with type 'ros.ament_cmake' and name 'br2_bt_patrolling'
[0.856s] Level 1:colcon.colcon_core.package_identification:_identify(src/book_ros2/br2_fsm_bumpgo_cpp) by extensions ['ignore', 'ignore_ament_install']
[0.856s] Level 1:colcon.colcon_core.package_identification:_identify(src/book_ros2/br2_fsm_bumpgo_cpp) by extension 'ignore'
[0.857s] Level 1:colcon.colcon_core.package_identification:_identify(src/book_ros2/br2_fsm_bumpgo_cpp) by extension 'ignore_ament_install'
[0.857s] Level 1:colcon.colcon_core.package_identification:_identify(src/book_ros2/br2_fsm_bumpgo_cpp) by extensions ['colcon_pkg']
[0.857s] Level 1:colcon.colcon_core.package_identification:_identify(src/book_ros2/br2_fsm_bumpgo_cpp) by extension 'colcon_pkg'
[0.857s] Level 1:colcon.colcon_core.package_identification:_identify(src/book_ros2/br2_fsm_bumpgo_cpp) by extensions ['colcon_meta']
[0.857s] Level 1:colcon.colcon_core.package_identification:_identify(src/book_ros2/br2_fsm_bumpgo_cpp) by extension 'colcon_meta'
[0.857s] Level 1:colcon.colcon_core.package_identification:_identify(src/book_ros2/br2_fsm_bumpgo_cpp) by extensions ['ros']
[0.857s] Level 1:colcon.colcon_core.package_identification:_identify(src/book_ros2/br2_fsm_bumpgo_cpp) by extension 'ros'
[0.858s] DEBUG:colcon.colcon_core.package_identification:Package 'src/book_ros2/br2_fsm_bumpgo_cpp' with type 'ros.ament_cmake' and name 'br2_fsm_bumpgo_cpp'
[0.858s] Level 1:colcon.colcon_core.package_identification:_identify(src/book_ros2/br2_fsm_bumpgo_py) by extensions ['ignore', 'ignore_ament_install']
[0.859s] Level 1:colcon.colcon_core.package_identification:_identify(src/book_ros2/br2_fsm_bumpgo_py) by extension 'ignore'
[0.859s] Level 1:colcon.colcon_core.package_identification:_identify(src/book_ros2/br2_fsm_bumpgo_py) by extension 'ignore_ament_install'
[0.859s] Level 1:colcon.colcon_core.package_identification:_identify(src/book_ros2/br2_fsm_bumpgo_py) by extensions ['colcon_pkg']
[0.859s] Level 1:colcon.colcon_core.package_identification:_identify(src/book_ros2/br2_fsm_bumpgo_py) by extension 'colcon_pkg'
[0.859s] Level 1:colcon.colcon_core.package_identification:_identify(src/book_ros2/br2_fsm_bumpgo_py) by extensions ['colcon_meta']
[0.859s] Level 1:colcon.colcon_core.package_identification:_identify(src/book_ros2/br2_fsm_bumpgo_py) by extension 'colcon_meta'
[0.859s] Level 1:colcon.colcon_core.package_identification:_identify(src/book_ros2/br2_fsm_bumpgo_py) by extensions ['ros']
[0.859s] Level 1:colcon.colcon_core.package_identification:_identify(src/book_ros2/br2_fsm_bumpgo_py) by extension 'ros'
[0.860s] DEBUG:colcon.colcon_core.package_identification:Package 'src/book_ros2/br2_fsm_bumpgo_py' with type 'ros.ament_python' and name 'br2_fsm_bumpgo_py'
[0.860s] Level 1:colcon.colcon_core.package_identification:_identify(src/book_ros2/br2_navigation) by extensions ['ignore', 'ignore_ament_install']
[0.860s] Level 1:colcon.colcon_core.package_identification:_identify(src/book_ros2/br2_navigation) by extension 'ignore'
[0.860s] Level 1:colcon.colcon_core.package_identification:_identify(src/book_ros2/br2_navigation) by extension 'ignore_ament_install'
[0.860s] Level 1:colcon.colcon_core.package_identification:_identify(src/book_ros2/br2_navigation) by extensions ['colcon_pkg']
[0.861s] Level 1:colcon.colcon_core.package_identification:_identify(src/book_ros2/br2_navigation) by extension 'colcon_pkg'
[0.861s] Level 1:colcon.colcon_core.package_identification:_identify(src/book_ros2/br2_navigation) by extensions ['colcon_meta']
[0.861s] Level 1:colcon.colcon_core.package_identification:_identify(src/book_ros2/br2_navigation) by extension 'colcon_meta'
[0.861s] Level 1:colcon.colcon_core.package_identification:_identify(src/book_ros2/br2_navigation) by extensions ['ros']
[0.861s] Level 1:colcon.colcon_core.package_identification:_identify(src/book_ros2/br2_navigation) by extension 'ros'
[0.861s] DEBUG:colcon.colcon_core.package_identification:Package 'src/book_ros2/br2_navigation' with type 'ros.ament_cmake' and name 'br2_navigation'
[0.862s] Level 1:colcon.colcon_core.package_identification:_identify(src/book_ros2/br2_tf2_detector) by extensions ['ignore', 'ignore_ament_install']
[0.862s] Level 1:colcon.colcon_core.package_identification:_identify(src/book_ros2/br2_tf2_detector) by extension 'ignore'
[0.862s] Level 1:colcon.colcon_core.package_identification:_identify(src/book_ros2/br2_tf2_detector) by extension 'ignore_ament_install'
[0.862s] Level 1:colcon.colcon_core.package_identification:_identify(src/book_ros2/br2_tf2_detector) by extensions ['colcon_pkg']
[0.862s] Level 1:colcon.colcon_core.package_identification:_identify(src/book_ros2/br2_tf2_detector) by extension 'colcon_pkg'
[0.862s] Level 1:colcon.colcon_core.package_identification:_identify(src/book_ros2/br2_tf2_detector) by extensions ['colcon_meta']
[0.862s] Level 1:colcon.colcon_core.package_identification:_identify(src/book_ros2/br2_tf2_detector) by extension 'colcon_meta'
[0.863s] Level 1:colcon.colcon_core.package_identification:_identify(src/book_ros2/br2_tf2_detector) by extensions ['ros']
[0.863s] Level 1:colcon.colcon_core.package_identification:_identify(src/book_ros2/br2_tf2_detector) by extension 'ros'
[0.864s] DEBUG:colcon.colcon_core.package_identification:Package 'src/book_ros2/br2_tf2_detector' with type 'ros.ament_cmake' and name 'br2_tf2_detector'
[0.864s] Level 1:colcon.colcon_core.package_identification:_identify(src/book_ros2/br2_tiago) by extensions ['ignore', 'ignore_ament_install']
[0.864s] Level 1:colcon.colcon_core.package_identification:_identify(src/book_ros2/br2_tiago) by extension 'ignore'
[0.864s] Level 1:colcon.colcon_core.package_identification:_identify(src/book_ros2/br2_tiago) by extension 'ignore_ament_install'
[0.864s] Level 1:colcon.colcon_core.package_identification:_identify(src/book_ros2/br2_tiago) by extensions ['colcon_pkg']
[0.864s] Level 1:colcon.colcon_core.package_identification:_identify(src/book_ros2/br2_tiago) by extension 'colcon_pkg'
[0.864s] Level 1:colcon.colcon_core.package_identification:_identify(src/book_ros2/br2_tiago) by extensions ['colcon_meta']
[0.865s] Level 1:colcon.colcon_core.package_identification:_identify(src/book_ros2/br2_tiago) by extension 'colcon_meta'
[0.865s] Level 1:colcon.colcon_core.package_identification:_identify(src/book_ros2/br2_tiago) by extensions ['ros']
[0.865s] Level 1:colcon.colcon_core.package_identification:_identify(src/book_ros2/br2_tiago) by extension 'ros'
[0.866s] DEBUG:colcon.colcon_core.package_identification:Package 'src/book_ros2/br2_tiago' with type 'ros.ament_cmake' and name 'br2_tiago'
[0.866s] Level 1:colcon.colcon_core.package_identification:_identify(src/book_ros2/br2_tracking) by extensions ['ignore', 'ignore_ament_install']
[0.866s] Level 1:colcon.colcon_core.package_identification:_identify(src/book_ros2/br2_tracking) by extension 'ignore'
[0.866s] Level 1:colcon.colcon_core.package_identification:_identify(src/book_ros2/br2_tracking) by extension 'ignore_ament_install'
[0.866s] Level 1:colcon.colcon_core.package_identification:_identify(src/book_ros2/br2_tracking) by extensions ['colcon_pkg']
[0.867s] Level 1:colcon.colcon_core.package_identification:_identify(src/book_ros2/br2_tracking) by extension 'colcon_pkg'
[0.867s] Level 1:colcon.colcon_core.package_identification:_identify(src/book_ros2/br2_tracking) by extensions ['colcon_meta']
[0.867s] Level 1:colcon.colcon_core.package_identification:_identify(src/book_ros2/br2_tracking) by extension 'colcon_meta'
[0.867s] Level 1:colcon.colcon_core.package_identification:_identify(src/book_ros2/br2_tracking) by extensions ['ros']
[0.867s] Level 1:colcon.colcon_core.package_identification:_identify(src/book_ros2/br2_tracking) by extension 'ros'
[0.868s] DEBUG:colcon.colcon_core.package_identification:Package 'src/book_ros2/br2_tracking' with type 'ros.ament_cmake' and name 'br2_tracking'
[0.868s] Level 1:colcon.colcon_core.package_identification:_identify(src/book_ros2/br2_tracking_msgs) by extensions ['ignore', 'ignore_ament_install']
[0.869s] Level 1:colcon.colcon_core.package_identification:_identify(src/book_ros2/br2_tracking_msgs) by extension 'ignore'
[0.869s] Level 1:colcon.colcon_core.package_identification:_identify(src/book_ros2/br2_tracking_msgs) by extension 'ignore_ament_install'
[0.869s] Level 1:colcon.colcon_core.package_identification:_identify(src/book_ros2/br2_tracking_msgs) by extensions ['colcon_pkg']
[0.869s] Level 1:colcon.colcon_core.package_identification:_identify(src/book_ros2/br2_tracking_msgs) by extension 'colcon_pkg'
[0.869s] Level 1:colcon.colcon_core.package_identification:_identify(src/book_ros2/br2_tracking_msgs) by extensions ['colcon_meta']
[0.869s] Level 1:colcon.colcon_core.package_identification:_identify(src/book_ros2/br2_tracking_msgs) by extension 'colcon_meta'
[0.869s] Level 1:colcon.colcon_core.package_identification:_identify(src/book_ros2/br2_tracking_msgs) by extensions ['ros']
[0.869s] Level 1:colcon.colcon_core.package_identification:_identify(src/book_ros2/br2_tracking_msgs) by extension 'ros'
[0.870s] DEBUG:colcon.colcon_core.package_identification:Package 'src/book_ros2/br2_tracking_msgs' with type 'ros.ament_cmake' and name 'br2_tracking_msgs'
[0.870s] Level 1:colcon.colcon_core.package_identification:_identify(src/book_ros2/br2_vff_avoidance) by extensions ['ignore', 'ignore_ament_install']
[0.870s] Level 1:colcon.colcon_core.package_identification:_identify(src/book_ros2/br2_vff_avoidance) by extension 'ignore'
[0.870s] Level 1:colcon.colcon_core.package_identification:_identify(src/book_ros2/br2_vff_avoidance) by extension 'ignore_ament_install'
[0.870s] Level 1:colcon.colcon_core.package_identification:_identify(src/book_ros2/br2_vff_avoidance) by extensions ['colcon_pkg']
[0.871s] Level 1:colcon.colcon_core.package_identification:_identify(src/book_ros2/br2_vff_avoidance) by extension 'colcon_pkg'
[0.871s] Level 1:colcon.colcon_core.package_identification:_identify(src/book_ros2/br2_vff_avoidance) by extensions ['colcon_meta']
[0.871s] Level 1:colcon.colcon_core.package_identification:_identify(src/book_ros2/br2_vff_avoidance) by extension 'colcon_meta'
[0.871s] Level 1:colcon.colcon_core.package_identification:_identify(src/book_ros2/br2_vff_avoidance) by extensions ['ros']
[0.871s] Level 1:colcon.colcon_core.package_identification:_identify(src/book_ros2/br2_vff_avoidance) by extension 'ros'
[0.872s] DEBUG:colcon.colcon_core.package_identification:Package 'src/book_ros2/br2_vff_avoidance' with type 'ros.ament_cmake' and name 'br2_vff_avoidance'
[0.872s] Level 1:colcon.colcon_core.package_identification:_identify(src/task1) by extensions ['ignore', 'ignore_ament_install']
[0.872s] Level 1:colcon.colcon_core.package_identification:_identify(src/task1) by extension 'ignore'
[0.872s] Level 1:colcon.colcon_core.package_identification:_identify(src/task1) by extension 'ignore_ament_install'
[0.872s] Level 1:colcon.colcon_core.package_identification:_identify(src/task1) by extensions ['colcon_pkg']
[0.872s] Level 1:colcon.colcon_core.package_identification:_identify(src/task1) by extension 'colcon_pkg'
[0.872s] Level 1:colcon.colcon_core.package_identification:_identify(src/task1) by extensions ['colcon_meta']
[0.872s] Level 1:colcon.colcon_core.package_identification:_identify(src/task1) by extension 'colcon_meta'
[0.873s] Level 1:colcon.colcon_core.package_identification:_identify(src/task1) by extensions ['ros']
[0.873s] Level 1:colcon.colcon_core.package_identification:_identify(src/task1) by extension 'ros'
[0.873s] DEBUG:colcon.colcon_core.package_identification:Package 'src/task1' with type 'ros.ament_cmake' and name 'task1'
[0.874s] Level 1:colcon.colcon_core.package_identification:_identify(src/task2a) by extensions ['ignore', 'ignore_ament_install']
[0.874s] Level 1:colcon.colcon_core.package_identification:_identify(src/task2a) by extension 'ignore'
[0.874s] Level 1:colcon.colcon_core.package_identification:_identify(src/task2a) by extension 'ignore_ament_install'
[0.874s] Level 1:colcon.colcon_core.package_identification:_identify(src/task2a) by extensions ['colcon_pkg']
[0.874s] Level 1:colcon.colcon_core.package_identification:_identify(src/task2a) by extension 'colcon_pkg'
[0.874s] Level 1:colcon.colcon_core.package_identification:_identify(src/task2a) by extensions ['colcon_meta']
[0.874s] Level 1:colcon.colcon_core.package_identification:_identify(src/task2a) by extension 'colcon_meta'
[0.874s] Level 1:colcon.colcon_core.package_identification:_identify(src/task2a) by extensions ['ros']
[0.874s] Level 1:colcon.colcon_core.package_identification:_identify(src/task2a) by extension 'ros'
[0.875s] DEBUG:colcon.colcon_core.package_identification:Package 'src/task2a' with type 'ros.ament_cmake' and name 'task2a'
[0.876s] Level 1:colcon.colcon_core.package_identification:_identify(src/task2b) by extensions ['ignore', 'ignore_ament_install']
[0.876s] Level 1:colcon.colcon_core.package_identification:_identify(src/task2b) by extension 'ignore'
[0.876s] Level 1:colcon.colcon_core.package_identification:_identify(src/task2b) by extension 'ignore_ament_install'
[0.877s] Level 1:colcon.colcon_core.package_identification:_identify(src/task2b) by extensions ['colcon_pkg']
[0.879s] Level 1:colcon.colcon_core.package_identification:_identify(src/task2b) by extension 'colcon_pkg'
[0.879s] Level 1:colcon.colcon_core.package_identification:_identify(src/task2b) by extensions ['colcon_meta']
[0.879s] Level 1:colcon.colcon_core.package_identification:_identify(src/task2b) by extension 'colcon_meta'
[0.879s] Level 1:colcon.colcon_core.package_identification:_identify(src/task2b) by extensions ['ros']
[0.879s] Level 1:colcon.colcon_core.package_identification:_identify(src/task2b) by extension 'ros'
[0.880s] DEBUG:colcon.colcon_core.package_identification:Package 'src/task2b' with type 'ros.ament_cmake' and name 'task2b'
[0.881s] Level 1:colcon.colcon_core.package_discovery:discover_packages(recursive) using defaults
[0.881s] Level 1:colcon.colcon_core.package_discovery:discover_packages(ignore) discover
[0.881s] Level 1:colcon.colcon_core.package_discovery:discover_packages(ignore) using defaults
[0.881s] Level 1:colcon.colcon_core.package_discovery:discover_packages(path) discover
[0.881s] Level 1:colcon.colcon_core.package_discovery:discover_packages(path) using defaults
[0.950s] Level 1:colcon.colcon_core.package_discovery:discover_packages(prefix_path) check parameters
[0.951s] Level 1:colcon.colcon_core.package_discovery:discover_packages(prefix_path) discover
[0.963s] DEBUG:colcon.colcon_installed_package_information.package_discovery:Found 61 installed packages in /home/khaledob/bookros2_ws/install
[0.967s] DEBUG:colcon.colcon_installed_package_information.package_discovery:Found 274 installed packages in /opt/ros/foxy
[0.970s] Level 1:colcon.colcon_core.package_discovery:discover_packages(prefix_path) using defaults
[1.122s] Level 5:colcon.colcon_core.verb:set package 'br2_basics' build argument 'cmake_args' from command line to 'None'
[1.122s] Level 5:colcon.colcon_core.verb:set package 'br2_basics' build argument 'cmake_target' from command line to 'None'
[1.122s] Level 5:colcon.colcon_core.verb:set package 'br2_basics' build argument 'cmake_target_skip_unavailable' from command line to 'False'
[1.122s] Level 5:colcon.colcon_core.verb:set package 'br2_basics' build argument 'cmake_clean_cache' from command line to 'False'
[1.122s] Level 5:colcon.colcon_core.verb:set package 'br2_basics' build argument 'cmake_clean_first' from command line to 'False'
[1.122s] Level 5:colcon.colcon_core.verb:set package 'br2_basics' build argument 'cmake_force_configure' from command line to 'False'
[1.122s] Level 5:colcon.colcon_core.verb:set package 'br2_basics' build argument 'ament_cmake_args' from command line to 'None'
[1.122s] Level 5:colcon.colcon_core.verb:set package 'br2_basics' build argument 'catkin_cmake_args' from command line to 'None'
[1.122s] Level 5:colcon.colcon_core.verb:set package 'br2_basics' build argument 'catkin_skip_building_tests' from command line to 'False'
[1.122s] DEBUG:colcon.colcon_core.verb:Building package 'br2_basics' with the following arguments: {'ament_cmake_args': None, 'build_base': '/home/khaledob/bookros2_ws/build/br2_basics', 'catkin_cmake_args': None, 'catkin_skip_building_tests': False, 'cmake_args': None, 'cmake_clean_cache': False, 'cmake_clean_first': False, 'cmake_force_configure': False, 'cmake_target': None, 'cmake_target_skip_unavailable': False, 'install_base': '/home/khaledob/bookros2_ws/install/br2_basics', 'merge_install': False, 'path': '/home/khaledob/bookros2_ws/src/book_ros2/br2_basics', 'symlink_install': True, 'test_result_base': None}
[1.123s] Level 5:colcon.colcon_core.verb:set package 'br2_bt_bumpgo' build argument 'cmake_args' from command line to 'None'
[1.123s] Level 5:colcon.colcon_core.verb:set package 'br2_bt_bumpgo' build argument 'cmake_target' from command line to 'None'
[1.123s] Level 5:colcon.colcon_core.verb:set package 'br2_bt_bumpgo' build argument 'cmake_target_skip_unavailable' from command line to 'False'
[1.123s] Level 5:colcon.colcon_core.verb:set package 'br2_bt_bumpgo' build argument 'cmake_clean_cache' from command line to 'False'
[1.123s] Level 5:colcon.colcon_core.verb:set package 'br2_bt_bumpgo' build argument 'cmake_clean_first' from command line to 'False'
[1.123s] Level 5:colcon.colcon_core.verb:set package 'br2_bt_bumpgo' build argument 'cmake_force_configure' from command line to 'False'
[1.124s] Level 5:colcon.colcon_core.verb:set package 'br2_bt_bumpgo' build argument 'ament_cmake_args' from command line to 'None'
[1.124s] Level 5:colcon.colcon_core.verb:set package 'br2_bt_bumpgo' build argument 'catkin_cmake_args' from command line to 'None'
[1.124s] Level 5:colcon.colcon_core.verb:set package 'br2_bt_bumpgo' build argument 'catkin_skip_building_tests' from command line to 'False'
[1.124s] DEBUG:colcon.colcon_core.verb:Building package 'br2_bt_bumpgo' with the following arguments: {'ament_cmake_args': None, 'build_base': '/home/khaledob/bookros2_ws/build/br2_bt_bumpgo', 'catkin_cmake_args': None, 'catkin_skip_building_tests': False, 'cmake_args': None, 'cmake_clean_cache': False, 'cmake_clean_first': False, 'cmake_force_configure': False, 'cmake_target': None, 'cmake_target_skip_unavailable': False, 'install_base': '/home/khaledob/bookros2_ws/install/br2_bt_bumpgo', 'merge_install': False, 'path': '/home/khaledob/bookros2_ws/src/book_ros2/br2_bt_bumpgo', 'symlink_install': True, 'test_result_base': None}
[1.124s] Level 5:colcon.colcon_core.verb:set package 'br2_bt_patrolling' build argument 'cmake_args' from command line to 'None'
[1.125s] Level 5:colcon.colcon_core.verb:set package 'br2_bt_patrolling' build argument 'cmake_target' from command line to 'None'
[1.125s] Level 5:colcon.colcon_core.verb:set package 'br2_bt_patrolling' build argument 'cmake_target_skip_unavailable' from command line to 'False'
[1.125s] Level 5:colcon.colcon_core.verb:set package 'br2_bt_patrolling' build argument 'cmake_clean_cache' from command line to 'False'
[1.125s] Level 5:colcon.colcon_core.verb:set package 'br2_bt_patrolling' build argument 'cmake_clean_first' from command line to 'False'
[1.125s] Level 5:colcon.colcon_core.verb:set package 'br2_bt_patrolling' build argument 'cmake_force_configure' from command line to 'False'
[1.125s] Level 5:colcon.colcon_core.verb:set package 'br2_bt_patrolling' build argument 'ament_cmake_args' from command line to 'None'
[1.125s] Level 5:colcon.colcon_core.verb:set package 'br2_bt_patrolling' build argument 'catkin_cmake_args' from command line to 'None'
[1.125s] Level 5:colcon.colcon_core.verb:set package 'br2_bt_patrolling' build argument 'catkin_skip_building_tests' from command line to 'False'
[1.125s] DEBUG:colcon.colcon_core.verb:Building package 'br2_bt_patrolling' with the following arguments: {'ament_cmake_args': None, 'build_base': '/home/khaledob/bookros2_ws/build/br2_bt_patrolling', 'catkin_cmake_args': None, 'catkin_skip_building_tests': False, 'cmake_args': None, 'cmake_clean_cache': False, 'cmake_clean_first': False, 'cmake_force_configure': False, 'cmake_target': None, 'cmake_target_skip_unavailable': False, 'install_base': '/home/khaledob/bookros2_ws/install/br2_bt_patrolling', 'merge_install': False, 'path': '/home/khaledob/bookros2_ws/src/book_ros2/br2_bt_patrolling', 'symlink_install': True, 'test_result_base': None}
[1.126s] Level 5:colcon.colcon_core.verb:set package 'br2_fsm_bumpgo_cpp' build argument 'cmake_args' from command line to 'None'
[1.126s] Level 5:colcon.colcon_core.verb:set package 'br2_fsm_bumpgo_cpp' build argument 'cmake_target' from command line to 'None'
[1.126s] Level 5:colcon.colcon_core.verb:set package 'br2_fsm_bumpgo_cpp' build argument 'cmake_target_skip_unavailable' from command line to 'False'
[1.126s] Level 5:colcon.colcon_core.verb:set package 'br2_fsm_bumpgo_cpp' build argument 'cmake_clean_cache' from command line to 'False'
[1.126s] Level 5:colcon.colcon_core.verb:set package 'br2_fsm_bumpgo_cpp' build argument 'cmake_clean_first' from command line to 'False'
[1.126s] Level 5:colcon.colcon_core.verb:set package 'br2_fsm_bumpgo_cpp' build argument 'cmake_force_configure' from command line to 'False'
[1.126s] Level 5:colcon.colcon_core.verb:set package 'br2_fsm_bumpgo_cpp' build argument 'ament_cmake_args' from command line to 'None'
[1.126s] Level 5:colcon.colcon_core.verb:set package 'br2_fsm_bumpgo_cpp' build argument 'catkin_cmake_args' from command line to 'None'
[1.126s] Level 5:colcon.colcon_core.verb:set package 'br2_fsm_bumpgo_cpp' build argument 'catkin_skip_building_tests' from command line to 'False'
[1.126s] DEBUG:colcon.colcon_core.verb:Building package 'br2_fsm_bumpgo_cpp' with the following arguments: {'ament_cmake_args': None, 'build_base': '/home/khaledob/bookros2_ws/build/br2_fsm_bumpgo_cpp', 'catkin_cmake_args': None, 'catkin_skip_building_tests': False, 'cmake_args': None, 'cmake_clean_cache': False, 'cmake_clean_first': False, 'cmake_force_configure': False, 'cmake_target': None, 'cmake_target_skip_unavailable': False, 'install_base': '/home/khaledob/bookros2_ws/install/br2_fsm_bumpgo_cpp', 'merge_install': False, 'path': '/home/khaledob/bookros2_ws/src/book_ros2/br2_fsm_bumpgo_cpp', 'symlink_install': True, 'test_result_base': None}
[1.127s] Level 5:colcon.colcon_core.verb:set package 'br2_fsm_bumpgo_py' build argument 'cmake_args' from command line to 'None'
[1.127s] Level 5:colcon.colcon_core.verb:set package 'br2_fsm_bumpgo_py' build argument 'cmake_target' from command line to 'None'
[1.127s] Level 5:colcon.colcon_core.verb:set package 'br2_fsm_bumpgo_py' build argument 'cmake_target_skip_unavailable' from command line to 'False'
[1.127s] Level 5:colcon.colcon_core.verb:set package 'br2_fsm_bumpgo_py' build argument 'cmake_clean_cache' from command line to 'False'
[1.127s] Level 5:colcon.colcon_core.verb:set package 'br2_fsm_bumpgo_py' build argument 'cmake_clean_first' from command line to 'False'
[1.127s] Level 5:colcon.colcon_core.verb:set package 'br2_fsm_bumpgo_py' build argument 'cmake_force_configure' from command line to 'False'
[1.127s] Level 5:colcon.colcon_core.verb:set package 'br2_fsm_bumpgo_py' build argument 'ament_cmake_args' from command line to 'None'
[1.127s] Level 5:colcon.colcon_core.verb:set package 'br2_fsm_bumpgo_py' build argument 'catkin_cmake_args' from command line to 'None'
[1.127s] Level 5:colcon.colcon_core.verb:set package 'br2_fsm_bumpgo_py' build argument 'catkin_skip_building_tests' from command line to 'False'
[1.127s] DEBUG:colcon.colcon_core.verb:Building package 'br2_fsm_bumpgo_py' with the following arguments: {'ament_cmake_args': None, 'build_base': '/home/khaledob/bookros2_ws/build/br2_fsm_bumpgo_py', 'catkin_cmake_args': None, 'catkin_skip_building_tests': False, 'cmake_args': None, 'cmake_clean_cache': False, 'cmake_clean_first': False, 'cmake_force_configure': False, 'cmake_target': None, 'cmake_target_skip_unavailable': False, 'install_base': '/home/khaledob/bookros2_ws/install/br2_fsm_bumpgo_py', 'merge_install': False, 'path': '/home/khaledob/bookros2_ws/src/book_ros2/br2_fsm_bumpgo_py', 'symlink_install': True, 'test_result_base': None}
[1.128s] Level 5:colcon.colcon_core.verb:set package 'br2_navigation' build argument 'cmake_args' from command line to 'None'
[1.128s] Level 5:colcon.colcon_core.verb:set package 'br2_navigation' build argument 'cmake_target' from command line to 'None'
[1.128s] Level 5:colcon.colcon_core.verb:set package 'br2_navigation' build argument 'cmake_target_skip_unavailable' from command line to 'False'
[1.128s] Level 5:colcon.colcon_core.verb:set package 'br2_navigation' build argument 'cmake_clean_cache' from command line to 'False'
[1.128s] Level 5:colcon.colcon_core.verb:set package 'br2_navigation' build argument 'cmake_clean_first' from command line to 'False'
[1.128s] Level 5:colcon.colcon_core.verb:set package 'br2_navigation' build argument 'cmake_force_configure' from command line to 'False'
[1.128s] Level 5:colcon.colcon_core.verb:set package 'br2_navigation' build argument 'ament_cmake_args' from command line to 'None'
[1.128s] Level 5:colcon.colcon_core.verb:set package 'br2_navigation' build argument 'catkin_cmake_args' from command line to 'None'
[1.128s] Level 5:colcon.colcon_core.verb:set package 'br2_navigation' build argument 'catkin_skip_building_tests' from command line to 'False'
[1.129s] DEBUG:colcon.colcon_core.verb:Building package 'br2_navigation' with the following arguments: {'ament_cmake_args': None, 'build_base': '/home/khaledob/bookros2_ws/build/br2_navigation', 'catkin_cmake_args': None, 'catkin_skip_building_tests': False, 'cmake_args': None, 'cmake_clean_cache': False, 'cmake_clean_first': False, 'cmake_force_configure': False, 'cmake_target': None, 'cmake_target_skip_unavailable': False, 'install_base': '/home/khaledob/bookros2_ws/install/br2_navigation', 'merge_install': False, 'path': '/home/khaledob/bookros2_ws/src/book_ros2/br2_navigation', 'symlink_install': True, 'test_result_base': None}
[1.129s] Level 5:colcon.colcon_core.verb:set package 'br2_tf2_detector' build argument 'cmake_args' from command line to 'None'
[1.129s] Level 5:colcon.colcon_core.verb:set package 'br2_tf2_detector' build argument 'cmake_target' from command line to 'None'
[1.129s] Level 5:colcon.colcon_core.verb:set package 'br2_tf2_detector' build argument 'cmake_target_skip_unavailable' from command line to 'False'
[1.129s] Level 5:colcon.colcon_core.verb:set package 'br2_tf2_detector' build argument 'cmake_clean_cache' from command line to 'False'
[1.130s] Level 5:colcon.colcon_core.verb:set package 'br2_tf2_detector' build argument 'cmake_clean_first' from command line to 'False'
[1.130s] Level 5:colcon.colcon_core.verb:set package 'br2_tf2_detector' build argument 'cmake_force_configure' from command line to 'False'
[1.130s] Level 5:colcon.colcon_core.verb:set package 'br2_tf2_detector' build argument 'ament_cmake_args' from command line to 'None'
[1.130s] Level 5:colcon.colcon_core.verb:set package 'br2_tf2_detector' build argument 'catkin_cmake_args' from command line to 'None'
[1.130s] Level 5:colcon.colcon_core.verb:set package 'br2_tf2_detector' build argument 'catkin_skip_building_tests' from command line to 'False'
[1.130s] DEBUG:colcon.colcon_core.verb:Building package 'br2_tf2_detector' with the following arguments: {'ament_cmake_args': None, 'build_base': '/home/khaledob/bookros2_ws/build/br2_tf2_detector', 'catkin_cmake_args': None, 'catkin_skip_building_tests': False, 'cmake_args': None, 'cmake_clean_cache': False, 'cmake_clean_first': False, 'cmake_force_configure': False, 'cmake_target': None, 'cmake_target_skip_unavailable': False, 'install_base': '/home/khaledob/bookros2_ws/install/br2_tf2_detector', 'merge_install': False, 'path': '/home/khaledob/bookros2_ws/src/book_ros2/br2_tf2_detector', 'symlink_install': True, 'test_result_base': None}
[1.131s] Level 5:colcon.colcon_core.verb:set package 'br2_tiago' build argument 'cmake_args' from command line to 'None'
[1.131s] Level 5:colcon.colcon_core.verb:set package 'br2_tiago' build argument 'cmake_target' from command line to 'None'
[1.131s] Level 5:colcon.colcon_core.verb:set package 'br2_tiago' build argument 'cmake_target_skip_unavailable' from command line to 'False'
[1.131s] Level 5:colcon.colcon_core.verb:set package 'br2_tiago' build argument 'cmake_clean_cache' from command line to 'False'
[1.131s] Level 5:colcon.colcon_core.verb:set package 'br2_tiago' build argument 'cmake_clean_first' from command line to 'False'
[1.131s] Level 5:colcon.colcon_core.verb:set package 'br2_tiago' build argument 'cmake_force_configure' from command line to 'False'
[1.131s] Level 5:colcon.colcon_core.verb:set package 'br2_tiago' build argument 'ament_cmake_args' from command line to 'None'
[1.131s] Level 5:colcon.colcon_core.verb:set package 'br2_tiago' build argument 'catkin_cmake_args' from command line to 'None'
[1.131s] Level 5:colcon.colcon_core.verb:set package 'br2_tiago' build argument 'catkin_skip_building_tests' from command line to 'False'
[1.131s] DEBUG:colcon.colcon_core.verb:Building package 'br2_tiago' with the following arguments: {'ament_cmake_args': None, 'build_base': '/home/khaledob/bookros2_ws/build/br2_tiago', 'catkin_cmake_args': None, 'catkin_skip_building_tests': False, 'cmake_args': None, 'cmake_clean_cache': False, 'cmake_clean_first': False, 'cmake_force_configure': False, 'cmake_target': None, 'cmake_target_skip_unavailable': False, 'install_base': '/home/khaledob/bookros2_ws/install/br2_tiago', 'merge_install': False, 'path': '/home/khaledob/bookros2_ws/src/book_ros2/br2_tiago', 'symlink_install': True, 'test_result_base': None}
[1.132s] Level 5:colcon.colcon_core.verb:set package 'br2_tracking_msgs' build argument 'cmake_args' from command line to 'None'
[1.132s] Level 5:colcon.colcon_core.verb:set package 'br2_tracking_msgs' build argument 'cmake_target' from command line to 'None'
[1.132s] Level 5:colcon.colcon_core.verb:set package 'br2_tracking_msgs' build argument 'cmake_target_skip_unavailable' from command line to 'False'
[1.132s] Level 5:colcon.colcon_core.verb:set package 'br2_tracking_msgs' build argument 'cmake_clean_cache' from command line to 'False'
[1.132s] Level 5:colcon.colcon_core.verb:set package 'br2_tracking_msgs' build argument 'cmake_clean_first' from command line to 'False'
[1.132s] Level 5:colcon.colcon_core.verb:set package 'br2_tracking_msgs' build argument 'cmake_force_configure' from command line to 'False'
[1.132s] Level 5:colcon.colcon_core.verb:set package 'br2_tracking_msgs' build argument 'ament_cmake_args' from command line to 'None'
[1.132s] Level 5:colcon.colcon_core.verb:set package 'br2_tracking_msgs' build argument 'catkin_cmake_args' from command line to 'None'
[1.132s] Level 5:colcon.colcon_core.verb:set package 'br2_tracking_msgs' build argument 'catkin_skip_building_tests' from command line to 'False'
[1.132s] DEBUG:colcon.colcon_core.verb:Building package 'br2_tracking_msgs' with the following arguments: {'ament_cmake_args': None, 'build_base': '/home/khaledob/bookros2_ws/build/br2_tracking_msgs', 'catkin_cmake_args': None, 'catkin_skip_building_tests': False, 'cmake_args': None, 'cmake_clean_cache': False, 'cmake_clean_first': False, 'cmake_force_configure': False, 'cmake_target': None, 'cmake_target_skip_unavailable': False, 'install_base': '/home/khaledob/bookros2_ws/install/br2_tracking_msgs', 'merge_install': False, 'path': '/home/khaledob/bookros2_ws/src/book_ros2/br2_tracking_msgs', 'symlink_install': True, 'test_result_base': None}
[1.133s] Level 5:colcon.colcon_core.verb:set package 'br2_vff_avoidance' build argument 'cmake_args' from command line to 'None'
[1.133s] Level 5:colcon.colcon_core.verb:set package 'br2_vff_avoidance' build argument 'cmake_target' from command line to 'None'
[1.133s] Level 5:colcon.colcon_core.verb:set package 'br2_vff_avoidance' build argument 'cmake_target_skip_unavailable' from command line to 'False'
[1.133s] Level 5:colcon.colcon_core.verb:set package 'br2_vff_avoidance' build argument 'cmake_clean_cache' from command line to 'False'
[1.133s] Level 5:colcon.colcon_core.verb:set package 'br2_vff_avoidance' build argument 'cmake_clean_first' from command line to 'False'
[1.133s] Level 5:colcon.colcon_core.verb:set package 'br2_vff_avoidance' build argument 'cmake_force_configure' from command line to 'False'
[1.134s] Level 5:colcon.colcon_core.verb:set package 'br2_vff_avoidance' build argument 'ament_cmake_args' from command line to 'None'
[1.134s] Level 5:colcon.colcon_core.verb:set package 'br2_vff_avoidance' build argument 'catkin_cmake_args' from command line to 'None'
[1.134s] Level 5:colcon.colcon_core.verb:set package 'br2_vff_avoidance' build argument 'catkin_skip_building_tests' from command line to 'False'
[1.134s] DEBUG:colcon.colcon_core.verb:Building package 'br2_vff_avoidance' with the following arguments: {'ament_cmake_args': None, 'build_base': '/home/khaledob/bookros2_ws/build/br2_vff_avoidance', 'catkin_cmake_args': None, 'catkin_skip_building_tests': False, 'cmake_args': None, 'cmake_clean_cache': False, 'cmake_clean_first': False, 'cmake_force_configure': False, 'cmake_target': None, 'cmake_target_skip_unavailable': False, 'install_base': '/home/khaledob/bookros2_ws/install/br2_vff_avoidance', 'merge_install': False, 'path': '/home/khaledob/bookros2_ws/src/book_ros2/br2_vff_avoidance', 'symlink_install': True, 'test_result_base': None}
[1.134s] Level 5:colcon.colcon_core.verb:set package 'controller_manager_msgs' build argument 'cmake_args' from command line to 'None'
[1.135s] Level 5:colcon.colcon_core.verb:set package 'controller_manager_msgs' build argument 'cmake_target' from command line to 'None'
[1.135s] Level 5:colcon.colcon_core.verb:set package 'controller_manager_msgs' build argument 'cmake_target_skip_unavailable' from command line to 'False'
[1.135s] Level 5:colcon.colcon_core.verb:set package 'controller_manager_msgs' build argument 'cmake_clean_cache' from command line to 'False'
[1.135s] Level 5:colcon.colcon_core.verb:set package 'controller_manager_msgs' build argument 'cmake_clean_first' from command line to 'False'
[1.135s] Level 5:colcon.colcon_core.verb:set package 'controller_manager_msgs' build argument 'cmake_force_configure' from command line to 'False'
[1.135s] Level 5:colcon.colcon_core.verb:set package 'controller_manager_msgs' build argument 'ament_cmake_args' from command line to 'None'
[1.135s] Level 5:colcon.colcon_core.verb:set package 'controller_manager_msgs' build argument 'catkin_cmake_args' from command line to 'None'
[1.135s] Level 5:colcon.colcon_core.verb:set package 'controller_manager_msgs' build argument 'catkin_skip_building_tests' from command line to 'False'
[1.135s] DEBUG:colcon.colcon_core.verb:Building package 'controller_manager_msgs' with the following arguments: {'ament_cmake_args': None, 'build_base': '/home/khaledob/bookros2_ws/build/controller_manager_msgs', 'catkin_cmake_args': None, 'catkin_skip_building_tests': False, 'cmake_args': None, 'cmake_clean_cache': False, 'cmake_clean_first': False, 'cmake_force_configure': False, 'cmake_target': None, 'cmake_target_skip_unavailable': False, 'install_base': '/home/khaledob/bookros2_ws/install/controller_manager_msgs', 'merge_install': False, 'path': '/home/khaledob/bookros2_ws/src/ThirdParty/ros2_control/controller_manager_msgs', 'symlink_install': True, 'test_result_base': None}
[1.136s] Level 5:colcon.colcon_core.verb:set package 'groot' build argument 'cmake_args' from command line to 'None'
[1.136s] Level 5:colcon.colcon_core.verb:set package 'groot' build argument 'cmake_target' from command line to 'None'
[1.136s] Level 5:colcon.colcon_core.verb:set package 'groot' build argument 'cmake_target_skip_unavailable' from command line to 'False'
[1.136s] Level 5:colcon.colcon_core.verb:set package 'groot' build argument 'cmake_clean_cache' from command line to 'False'
[1.136s] Level 5:colcon.colcon_core.verb:set package 'groot' build argument 'cmake_clean_first' from command line to 'False'
[1.136s] Level 5:colcon.colcon_core.verb:set package 'groot' build argument 'cmake_force_configure' from command line to 'False'
[1.136s] Level 5:colcon.colcon_core.verb:set package 'groot' build argument 'ament_cmake_args' from command line to 'None'
[1.136s] Level 5:colcon.colcon_core.verb:set package 'groot' build argument 'catkin_cmake_args' from command line to 'None'
[1.136s] Level 5:colcon.colcon_core.verb:set package 'groot' build argument 'catkin_skip_building_tests' from command line to 'False'
[1.136s] DEBUG:colcon.colcon_core.verb:Building package 'groot' with the following arguments: {'ament_cmake_args': None, 'build_base': '/home/khaledob/bookros2_ws/build/groot', 'catkin_cmake_args': None, 'catkin_skip_building_tests': False, 'cmake_args': None, 'cmake_clean_cache': False, 'cmake_clean_first': False, 'cmake_force_configure': False, 'cmake_target': None, 'cmake_target_skip_unavailable': False, 'install_base': '/home/khaledob/bookros2_ws/install/groot', 'merge_install': False, 'path': '/home/khaledob/bookros2_ws/src/ThirdParty/Groot', 'symlink_install': True, 'test_result_base': None}
[1.138s] Level 5:colcon.colcon_core.verb:set package 'hey5_description' build argument 'cmake_args' from command line to 'None'
[1.138s] Level 5:colcon.colcon_core.verb:set package 'hey5_description' build argument 'cmake_target' from command line to 'None'
[1.138s] Level 5:colcon.colcon_core.verb:set package 'hey5_description' build argument 'cmake_target_skip_unavailable' from command line to 'False'
[1.138s] Level 5:colcon.colcon_core.verb:set package 'hey5_description' build argument 'cmake_clean_cache' from command line to 'False'
[1.138s] Level 5:colcon.colcon_core.verb:set package 'hey5_description' build argument 'cmake_clean_first' from command line to 'False'
[1.138s] Level 5:colcon.colcon_core.verb:set package 'hey5_description' build argument 'cmake_force_configure' from command line to 'False'
[1.138s] Level 5:colcon.colcon_core.verb:set package 'hey5_description' build argument 'ament_cmake_args' from command line to 'None'
[1.138s] Level 5:colcon.colcon_core.verb:set package 'hey5_description' build argument 'catkin_cmake_args' from command line to 'None'
[1.138s] Level 5:colcon.colcon_core.verb:set package 'hey5_description' build argument 'catkin_skip_building_tests' from command line to 'False'
[1.138s] DEBUG:colcon.colcon_core.verb:Building package 'hey5_description' with the following arguments: {'ament_cmake_args': None, 'build_base': '/home/khaledob/bookros2_ws/build/hey5_description', 'catkin_cmake_args': None, 'catkin_skip_building_tests': False, 'cmake_args': None, 'cmake_clean_cache': False, 'cmake_clean_first': False, 'cmake_force_configure': False, 'cmake_target': None, 'cmake_target_skip_unavailable': False, 'install_base': '/home/khaledob/bookros2_ws/install/hey5_description', 'merge_install': False, 'path': '/home/khaledob/bookros2_ws/src/ThirdParty/hey5_description', 'symlink_install': True, 'test_result_base': None}
[1.139s] Level 5:colcon.colcon_core.verb:set package 'launch_pal' build argument 'cmake_args' from command line to 'None'
[1.139s] Level 5:colcon.colcon_core.verb:set package 'launch_pal' build argument 'cmake_target' from command line to 'None'
[1.139s] Level 5:colcon.colcon_core.verb:set package 'launch_pal' build argument 'cmake_target_skip_unavailable' from command line to 'False'
[1.139s] Level 5:colcon.colcon_core.verb:set package 'launch_pal' build argument 'cmake_clean_cache' from command line to 'False'
[1.139s] Level 5:colcon.colcon_core.verb:set package 'launch_pal' build argument 'cmake_clean_first' from command line to 'False'
[1.139s] Level 5:colcon.colcon_core.verb:set package 'launch_pal' build argument 'cmake_force_configure' from command line to 'False'
[1.139s] Level 5:colcon.colcon_core.verb:set package 'launch_pal' build argument 'ament_cmake_args' from command line to 'None'
[1.139s] Level 5:colcon.colcon_core.verb:set package 'launch_pal' build argument 'catkin_cmake_args' from command line to 'None'
[1.139s] Level 5:colcon.colcon_core.verb:set package 'launch_pal' build argument 'catkin_skip_building_tests' from command line to 'False'
[1.139s] DEBUG:colcon.colcon_core.verb:Building package 'launch_pal' with the following arguments: {'ament_cmake_args': None, 'build_base': '/home/khaledob/bookros2_ws/build/launch_pal', 'catkin_cmake_args': None, 'catkin_skip_building_tests': False, 'cmake_args': None, 'cmake_clean_cache': False, 'cmake_clean_first': False, 'cmake_force_configure': False, 'cmake_target': None, 'cmake_target_skip_unavailable': False, 'install_base': '/home/khaledob/bookros2_ws/install/launch_pal', 'merge_install': False, 'path': '/home/khaledob/bookros2_ws/src/ThirdParty/launch_pal', 'symlink_install': True, 'test_result_base': None}
[1.140s] Level 5:colcon.colcon_core.verb:set package 'pal_gazebo_worlds' build argument 'cmake_args' from command line to 'None'
[1.140s] Level 5:colcon.colcon_core.verb:set package 'pal_gazebo_worlds' build argument 'cmake_target' from command line to 'None'
[1.140s] Level 5:colcon.colcon_core.verb:set package 'pal_gazebo_worlds' build argument 'cmake_target_skip_unavailable' from command line to 'False'
[1.140s] Level 5:colcon.colcon_core.verb:set package 'pal_gazebo_worlds' build argument 'cmake_clean_cache' from command line to 'False'
[1.140s] Level 5:colcon.colcon_core.verb:set package 'pal_gazebo_worlds' build argument 'cmake_clean_first' from command line to 'False'
[1.140s] Level 5:colcon.colcon_core.verb:set package 'pal_gazebo_worlds' build argument 'cmake_force_configure' from command line to 'False'
[1.141s] Level 5:colcon.colcon_core.verb:set package 'pal_gazebo_worlds' build argument 'ament_cmake_args' from command line to 'None'
[1.141s] Level 5:colcon.colcon_core.verb:set package 'pal_gazebo_worlds' build argument 'catkin_cmake_args' from command line to 'None'
[1.141s] Level 5:colcon.colcon_core.verb:set package 'pal_gazebo_worlds' build argument 'catkin_skip_building_tests' from command line to 'False'
[1.141s] DEBUG:colcon.colcon_core.verb:Building package 'pal_gazebo_worlds' with the following arguments: {'ament_cmake_args': None, 'build_base': '/home/khaledob/bookros2_ws/build/pal_gazebo_worlds', 'catkin_cmake_args': None, 'catkin_skip_building_tests': False, 'cmake_args': None, 'cmake_clean_cache': False, 'cmake_clean_first': False, 'cmake_force_configure': False, 'cmake_target': None, 'cmake_target_skip_unavailable': False, 'install_base': '/home/khaledob/bookros2_ws/install/pal_gazebo_worlds', 'merge_install': False, 'path': '/home/khaledob/bookros2_ws/src/ThirdParty/pal_gazebo_worlds', 'symlink_install': True, 'test_result_base': None}
[1.141s] Level 5:colcon.colcon_core.verb:set package 'pmb2_maps' build argument 'cmake_args' from command line to 'None'
[1.141s] Level 5:colcon.colcon_core.verb:set package 'pmb2_maps' build argument 'cmake_target' from command line to 'None'
[1.142s] Level 5:colcon.colcon_core.verb:set package 'pmb2_maps' build argument 'cmake_target_skip_unavailable' from command line to 'False'
[1.142s] Level 5:colcon.colcon_core.verb:set package 'pmb2_maps' build argument 'cmake_clean_cache' from command line to 'False'
[1.142s] Level 5:colcon.colcon_core.verb:set package 'pmb2_maps' build argument 'cmake_clean_first' from command line to 'False'
[1.142s] Level 5:colcon.colcon_core.verb:set package 'pmb2_maps' build argument 'cmake_force_configure' from command line to 'False'
[1.142s] Level 5:colcon.colcon_core.verb:set package 'pmb2_maps' build argument 'ament_cmake_args' from command line to 'None'
[1.142s] Level 5:colcon.colcon_core.verb:set package 'pmb2_maps' build argument 'catkin_cmake_args' from command line to 'None'
[1.142s] Level 5:colcon.colcon_core.verb:set package 'pmb2_maps' build argument 'catkin_skip_building_tests' from command line to 'False'
[1.142s] DEBUG:colcon.colcon_core.verb:Building package 'pmb2_maps' with the following arguments: {'ament_cmake_args': None, 'build_base': '/home/khaledob/bookros2_ws/build/pmb2_maps', 'catkin_cmake_args': None, 'catkin_skip_building_tests': False, 'cmake_args': None, 'cmake_clean_cache': False, 'cmake_clean_first': False, 'cmake_force_configure': False, 'cmake_target': None, 'cmake_target_skip_unavailable': False, 'install_base': '/home/khaledob/bookros2_ws/install/pmb2_maps', 'merge_install': False, 'path': '/home/khaledob/bookros2_ws/src/ThirdParty/pmb2_navigation/pmb2_maps', 'symlink_install': True, 'test_result_base': None}
[1.143s] Level 5:colcon.colcon_core.verb:set package 'ros2_control_test_assets' build argument 'cmake_args' from command line to 'None'
[1.143s] Level 5:colcon.colcon_core.verb:set package 'ros2_control_test_assets' build argument 'cmake_target' from command line to 'None'
[1.143s] Level 5:colcon.colcon_core.verb:set package 'ros2_control_test_assets' build argument 'cmake_target_skip_unavailable' from command line to 'False'
[1.143s] Level 5:colcon.colcon_core.verb:set package 'ros2_control_test_assets' build argument 'cmake_clean_cache' from command line to 'False'
[1.143s] Level 5:colcon.colcon_core.verb:set package 'ros2_control_test_assets' build argument 'cmake_clean_first' from command line to 'False'
[1.143s] Level 5:colcon.colcon_core.verb:set package 'ros2_control_test_assets' build argument 'cmake_force_configure' from command line to 'False'
[1.143s] Level 5:colcon.colcon_core.verb:set package 'ros2_control_test_assets' build argument 'ament_cmake_args' from command line to 'None'
[1.143s] Level 5:colcon.colcon_core.verb:set package 'ros2_control_test_assets' build argument 'catkin_cmake_args' from command line to 'None'
[1.143s] Level 5:colcon.colcon_core.verb:set package 'ros2_control_test_assets' build argument 'catkin_skip_building_tests' from command line to 'False'
[1.143s] DEBUG:colcon.colcon_core.verb:Building package 'ros2_control_test_assets' with the following arguments: {'ament_cmake_args': None, 'build_base': '/home/khaledob/bookros2_ws/build/ros2_control_test_assets', 'catkin_cmake_args': None, 'catkin_skip_building_tests': False, 'cmake_args': None, 'cmake_clean_cache': False, 'cmake_clean_first': False, 'cmake_force_configure': False, 'cmake_target': None, 'cmake_target_skip_unavailable': False, 'install_base': '/home/khaledob/bookros2_ws/install/ros2_control_test_assets', 'merge_install': False, 'path': '/home/khaledob/bookros2_ws/src/ThirdParty/ros2_control/ros2_control_test_assets', 'symlink_install': True, 'test_result_base': None}
[1.144s] Level 5:colcon.colcon_core.verb:set package 'task1' build argument 'cmake_args' from command line to 'None'
[1.144s] Level 5:colcon.colcon_core.verb:set package 'task1' build argument 'cmake_target' from command line to 'None'
[1.144s] Level 5:colcon.colcon_core.verb:set package 'task1' build argument 'cmake_target_skip_unavailable' from command line to 'False'
[1.144s] Level 5:colcon.colcon_core.verb:set package 'task1' build argument 'cmake_clean_cache' from command line to 'False'
[1.144s] Level 5:colcon.colcon_core.verb:set package 'task1' build argument 'cmake_clean_first' from command line to 'False'
[1.144s] Level 5:colcon.colcon_core.verb:set package 'task1' build argument 'cmake_force_configure' from command line to 'False'
[1.144s] Level 5:colcon.colcon_core.verb:set package 'task1' build argument 'ament_cmake_args' from command line to 'None'
[1.144s] Level 5:colcon.colcon_core.verb:set package 'task1' build argument 'catkin_cmake_args' from command line to 'None'
[1.144s] Level 5:colcon.colcon_core.verb:set package 'task1' build argument 'catkin_skip_building_tests' from command line to 'False'
[1.144s] DEBUG:colcon.colcon_core.verb:Building package 'task1' with the following arguments: {'ament_cmake_args': None, 'build_base': '/home/khaledob/bookros2_ws/build/task1', 'catkin_cmake_args': None, 'catkin_skip_building_tests': False, 'cmake_args': None, 'cmake_clean_cache': False, 'cmake_clean_first': False, 'cmake_force_configure': False, 'cmake_target': None, 'cmake_target_skip_unavailable': False, 'install_base': '/home/khaledob/bookros2_ws/install/task1', 'merge_install': False, 'path': '/home/khaledob/bookros2_ws/src/task1', 'symlink_install': True, 'test_result_base': None}
[1.145s] Level 5:colcon.colcon_core.verb:set package 'task2a' build argument 'cmake_args' from command line to 'None'
[1.145s] Level 5:colcon.colcon_core.verb:set package 'task2a' build argument 'cmake_target' from command line to 'None'
[1.145s] Level 5:colcon.colcon_core.verb:set package 'task2a' build argument 'cmake_target_skip_unavailable' from command line to 'False'
[1.145s] Level 5:colcon.colcon_core.verb:set package 'task2a' build argument 'cmake_clean_cache' from command line to 'False'
[1.146s] Level 5:colcon.colcon_core.verb:set package 'task2a' build argument 'cmake_clean_first' from command line to 'False'
[1.146s] Level 5:colcon.colcon_core.verb:set package 'task2a' build argument 'cmake_force_configure' from command line to 'False'
[1.146s] Level 5:colcon.colcon_core.verb:set package 'task2a' build argument 'ament_cmake_args' from command line to 'None'
[1.146s] Level 5:colcon.colcon_core.verb:set package 'task2a' build argument 'catkin_cmake_args' from command line to 'None'
[1.146s] Level 5:colcon.colcon_core.verb:set package 'task2a' build argument 'catkin_skip_building_tests' from command line to 'False'
[1.146s] DEBUG:colcon.colcon_core.verb:Building package 'task2a' with the following arguments: {'ament_cmake_args': None, 'build_base': '/home/khaledob/bookros2_ws/build/task2a', 'catkin_cmake_args': None, 'catkin_skip_building_tests': False, 'cmake_args': None, 'cmake_clean_cache': False, 'cmake_clean_first': False, 'cmake_force_configure': False, 'cmake_target': None, 'cmake_target_skip_unavailable': False, 'install_base': '/home/khaledob/bookros2_ws/install/task2a', 'merge_install': False, 'path': '/home/khaledob/bookros2_ws/src/task2a', 'symlink_install': True, 'test_result_base': None}
[1.146s] Level 5:colcon.colcon_core.verb:set package 'task2b' build argument 'cmake_args' from command line to 'None'
[1.147s] Level 5:colcon.colcon_core.verb:set package 'task2b' build argument 'cmake_target' from command line to 'None'
[1.147s] Level 5:colcon.colcon_core.verb:set package 'task2b' build argument 'cmake_target_skip_unavailable' from command line to 'False'
[1.147s] Level 5:colcon.colcon_core.verb:set package 'task2b' build argument 'cmake_clean_cache' from command line to 'False'
[1.147s] Level 5:colcon.colcon_core.verb:set package 'task2b' build argument 'cmake_clean_first' from command line to 'False'
[1.147s] Level 5:colcon.colcon_core.verb:set package 'task2b' build argument 'cmake_force_configure' from command line to 'False'
[1.147s] Level 5:colcon.colcon_core.verb:set package 'task2b' build argument 'ament_cmake_args' from command line to 'None'
[1.147s] Level 5:colcon.colcon_core.verb:set package 'task2b' build argument 'catkin_cmake_args' from command line to 'None'
[1.147s] Level 5:colcon.colcon_core.verb:set package 'task2b' build argument 'catkin_skip_building_tests' from command line to 'False'
[1.147s] DEBUG:colcon.colcon_core.verb:Building package 'task2b' with the following arguments: {'ament_cmake_args': None, 'build_base': '/home/khaledob/bookros2_ws/build/task2b', 'catkin_cmake_args': None, 'catkin_skip_building_tests': False, 'cmake_args': None, 'cmake_clean_cache': False, 'cmake_clean_first': False, 'cmake_force_configure': False, 'cmake_target': None, 'cmake_target_skip_unavailable': False, 'install_base': '/home/khaledob/bookros2_ws/install/task2b', 'merge_install': False, 'path': '/home/khaledob/bookros2_ws/src/task2b', 'symlink_install': True, 'test_result_base': None}
[1.148s] Level 5:colcon.colcon_core.verb:set package 'tiago_description_calibration' build argument 'cmake_args' from command line to 'None'
[1.148s] Level 5:colcon.colcon_core.verb:set package 'tiago_description_calibration' build argument 'cmake_target' from command line to 'None'
[1.148s] Level 5:colcon.colcon_core.verb:set package 'tiago_description_calibration' build argument 'cmake_target_skip_unavailable' from command line to 'False'
[1.148s] Level 5:colcon.colcon_core.verb:set package 'tiago_description_calibration' build argument 'cmake_clean_cache' from command line to 'False'
[1.148s] Level 5:colcon.colcon_core.verb:set package 'tiago_description_calibration' build argument 'cmake_clean_first' from command line to 'False'
[1.148s] Level 5:colcon.colcon_core.verb:set package 'tiago_description_calibration' build argument 'cmake_force_configure' from command line to 'False'
[1.148s] Level 5:colcon.colcon_core.verb:set package 'tiago_description_calibration' build argument 'ament_cmake_args' from command line to 'None'
[1.148s] Level 5:colcon.colcon_core.verb:set package 'tiago_description_calibration' build argument 'catkin_cmake_args' from command line to 'None'
[1.148s] Level 5:colcon.colcon_core.verb:set package 'tiago_description_calibration' build argument 'catkin_skip_building_tests' from command line to 'False'
[1.148s] DEBUG:colcon.colcon_core.verb:Building package 'tiago_description_calibration' with the following arguments: {'ament_cmake_args': None, 'build_base': '/home/khaledob/bookros2_ws/build/tiago_description_calibration', 'catkin_cmake_args': None, 'catkin_skip_building_tests': False, 'cmake_args': None, 'cmake_clean_cache': False, 'cmake_clean_first': False, 'cmake_force_configure': False, 'cmake_target': None, 'cmake_target_skip_unavailable': False, 'install_base': '/home/khaledob/bookros2_ws/install/tiago_description_calibration', 'merge_install': False, 'path': '/home/khaledob/bookros2_ws/src/ThirdParty/tiago_description_calibration', 'symlink_install': True, 'test_result_base': None}
[1.149s] Level 5:colcon.colcon_core.verb:set package 'twist_mux' build argument 'cmake_args' from command line to 'None'
[1.149s] Level 5:colcon.colcon_core.verb:set package 'twist_mux' build argument 'cmake_target' from command line to 'None'
[1.149s] Level 5:colcon.colcon_core.verb:set package 'twist_mux' build argument 'cmake_target_skip_unavailable' from command line to 'False'
[1.149s] Level 5:colcon.colcon_core.verb:set package 'twist_mux' build argument 'cmake_clean_cache' from command line to 'False'
[1.149s] Level 5:colcon.colcon_core.verb:set package 'twist_mux' build argument 'cmake_clean_first' from command line to 'False'
[1.149s] Level 5:colcon.colcon_core.verb:set package 'twist_mux' build argument 'cmake_force_configure' from command line to 'False'
[1.149s] Level 5:colcon.colcon_core.verb:set package 'twist_mux' build argument 'ament_cmake_args' from command line to 'None'
[1.149s] Level 5:colcon.colcon_core.verb:set package 'twist_mux' build argument 'catkin_cmake_args' from command line to 'None'
[1.149s] Level 5:colcon.colcon_core.verb:set package 'twist_mux' build argument 'catkin_skip_building_tests' from command line to 'False'
[1.149s] DEBUG:colcon.colcon_core.verb:Building package 'twist_mux' with the following arguments: {'ament_cmake_args': None, 'build_base': '/home/khaledob/bookros2_ws/build/twist_mux', 'catkin_cmake_args': None, 'catkin_skip_building_tests': False, 'cmake_args': None, 'cmake_clean_cache': False, 'cmake_clean_first': False, 'cmake_force_configure': False, 'cmake_target': None, 'cmake_target_skip_unavailable': False, 'install_base': '/home/khaledob/bookros2_ws/install/twist_mux', 'merge_install': False, 'path': '/home/khaledob/bookros2_ws/src/ThirdParty/twist_mux', 'symlink_install': True, 'test_result_base': None}
[1.153s] Level 5:colcon.colcon_core.verb:set package 'urdf_test' build argument 'cmake_args' from command line to 'None'
[1.153s] Level 5:colcon.colcon_core.verb:set package 'urdf_test' build argument 'cmake_target' from command line to 'None'
[1.153s] Level 5:colcon.colcon_core.verb:set package 'urdf_test' build argument 'cmake_target_skip_unavailable' from command line to 'False'
[1.154s] Level 5:colcon.colcon_core.verb:set package 'urdf_test' build argument 'cmake_clean_cache' from command line to 'False'
[1.154s] Level 5:colcon.colcon_core.verb:set package 'urdf_test' build argument 'cmake_clean_first' from command line to 'False'
[1.154s] Level 5:colcon.colcon_core.verb:set package 'urdf_test' build argument 'cmake_force_configure' from command line to 'False'
[1.154s] Level 5:colcon.colcon_core.verb:set package 'urdf_test' build argument 'ament_cmake_args' from command line to 'None'
[1.154s] Level 5:colcon.colcon_core.verb:set package 'urdf_test' build argument 'catkin_cmake_args' from command line to 'None'
[1.154s] Level 5:colcon.colcon_core.verb:set package 'urdf_test' build argument 'catkin_skip_building_tests' from command line to 'False'
[1.154s] DEBUG:colcon.colcon_core.verb:Building package 'urdf_test' with the following arguments: {'ament_cmake_args': None, 'build_base': '/home/khaledob/bookros2_ws/build/urdf_test', 'catkin_cmake_args': None, 'catkin_skip_building_tests': False, 'cmake_args': None, 'cmake_clean_cache': False, 'cmake_clean_first': False, 'cmake_force_configure': False, 'cmake_target': None, 'cmake_target_skip_unavailable': False, 'install_base': '/home/khaledob/bookros2_ws/install/urdf_test', 'merge_install': False, 'path': '/home/khaledob/bookros2_ws/src/ThirdParty/urdf_test', 'symlink_install': True, 'test_result_base': None}
[1.155s] Level 5:colcon.colcon_core.verb:set package 'br2_tracking' build argument 'cmake_args' from command line to 'None'
[1.155s] Level 5:colcon.colcon_core.verb:set package 'br2_tracking' build argument 'cmake_target' from command line to 'None'
[1.155s] Level 5:colcon.colcon_core.verb:set package 'br2_tracking' build argument 'cmake_target_skip_unavailable' from command line to 'False'
[1.155s] Level 5:colcon.colcon_core.verb:set package 'br2_tracking' build argument 'cmake_clean_cache' from command line to 'False'
[1.155s] Level 5:colcon.colcon_core.verb:set package 'br2_tracking' build argument 'cmake_clean_first' from command line to 'False'
[1.155s] Level 5:colcon.colcon_core.verb:set package 'br2_tracking' build argument 'cmake_force_configure' from command line to 'False'
[1.155s] Level 5:colcon.colcon_core.verb:set package 'br2_tracking' build argument 'ament_cmake_args' from command line to 'None'
[1.155s] Level 5:colcon.colcon_core.verb:set package 'br2_tracking' build argument 'catkin_cmake_args' from command line to 'None'
[1.155s] Level 5:colcon.colcon_core.verb:set package 'br2_tracking' build argument 'catkin_skip_building_tests' from command line to 'False'
[1.155s] DEBUG:colcon.colcon_core.verb:Building package 'br2_tracking' with the following arguments: {'ament_cmake_args': None, 'build_base': '/home/khaledob/bookros2_ws/build/br2_tracking', 'catkin_cmake_args': None, 'catkin_skip_building_tests': False, 'cmake_args': None, 'cmake_clean_cache': False, 'cmake_clean_first': False, 'cmake_force_configure': False, 'cmake_target': None, 'cmake_target_skip_unavailable': False, 'install_base': '/home/khaledob/bookros2_ws/install/br2_tracking', 'merge_install': False, 'path': '/home/khaledob/bookros2_ws/src/book_ros2/br2_tracking', 'symlink_install': True, 'test_result_base': None}
[1.156s] Level 5:colcon.colcon_core.verb:set package 'hardware_interface' build argument 'cmake_args' from command line to 'None'
[1.156s] Level 5:colcon.colcon_core.verb:set package 'hardware_interface' build argument 'cmake_target' from command line to 'None'
[1.156s] Level 5:colcon.colcon_core.verb:set package 'hardware_interface' build argument 'cmake_target_skip_unavailable' from command line to 'False'
[1.156s] Level 5:colcon.colcon_core.verb:set package 'hardware_interface' build argument 'cmake_clean_cache' from command line to 'False'
[1.156s] Level 5:colcon.colcon_core.verb:set package 'hardware_interface' build argument 'cmake_clean_first' from command line to 'False'
[1.156s] Level 5:colcon.colcon_core.verb:set package 'hardware_interface' build argument 'cmake_force_configure' from command line to 'False'
[1.156s] Level 5:colcon.colcon_core.verb:set package 'hardware_interface' build argument 'ament_cmake_args' from command line to 'None'
[1.156s] Level 5:colcon.colcon_core.verb:set package 'hardware_interface' build argument 'catkin_cmake_args' from command line to 'None'
[1.156s] Level 5:colcon.colcon_core.verb:set package 'hardware_interface' build argument 'catkin_skip_building_tests' from command line to 'False'
[1.156s] DEBUG:colcon.colcon_core.verb:Building package 'hardware_interface' with the following arguments: {'ament_cmake_args': None, 'build_base': '/home/khaledob/bookros2_ws/build/hardware_interface', 'catkin_cmake_args': None, 'catkin_skip_building_tests': False, 'cmake_args': None, 'cmake_clean_cache': False, 'cmake_clean_first': False, 'cmake_force_configure': False, 'cmake_target': None, 'cmake_target_skip_unavailable': False, 'install_base': '/home/khaledob/bookros2_ws/install/hardware_interface', 'merge_install': False, 'path': '/home/khaledob/bookros2_ws/src/ThirdParty/ros2_control/hardware_interface', 'symlink_install': True, 'test_result_base': None}
[1.157s] Level 5:colcon.colcon_core.verb:set package 'pal_gripper_description' build argument 'cmake_args' from command line to 'None'
[1.157s] Level 5:colcon.colcon_core.verb:set package 'pal_gripper_description' build argument 'cmake_target' from command line to 'None'
[1.157s] Level 5:colcon.colcon_core.verb:set package 'pal_gripper_description' build argument 'cmake_target_skip_unavailable' from command line to 'False'
[1.157s] Level 5:colcon.colcon_core.verb:set package 'pal_gripper_description' build argument 'cmake_clean_cache' from command line to 'False'
[1.157s] Level 5:colcon.colcon_core.verb:set package 'pal_gripper_description' build argument 'cmake_clean_first' from command line to 'False'
[1.157s] Level 5:colcon.colcon_core.verb:set package 'pal_gripper_description' build argument 'cmake_force_configure' from command line to 'False'
[1.157s] Level 5:colcon.colcon_core.verb:set package 'pal_gripper_description' build argument 'ament_cmake_args' from command line to 'None'
[1.157s] Level 5:colcon.colcon_core.verb:set package 'pal_gripper_description' build argument 'catkin_cmake_args' from command line to 'None'
[1.158s] Level 5:colcon.colcon_core.verb:set package 'pal_gripper_description' build argument 'catkin_skip_building_tests' from command line to 'False'
[1.158s] DEBUG:colcon.colcon_core.verb:Building package 'pal_gripper_description' with the following arguments: {'ament_cmake_args': None, 'build_base': '/home/khaledob/bookros2_ws/build/pal_gripper_description', 'catkin_cmake_args': None, 'catkin_skip_building_tests': False, 'cmake_args': None, 'cmake_clean_cache': False, 'cmake_clean_first': False, 'cmake_force_configure': False, 'cmake_target': None, 'cmake_target_skip_unavailable': False, 'install_base': '/home/khaledob/bookros2_ws/install/pal_gripper_description', 'merge_install': False, 'path': '/home/khaledob/bookros2_ws/src/ThirdParty/pal_gripper/pal_gripper_description', 'symlink_install': True, 'test_result_base': None}
[1.159s] Level 5:colcon.colcon_core.verb:set package 'pmb2_2dnav' build argument 'cmake_args' from command line to 'None'
[1.159s] Level 5:colcon.colcon_core.verb:set package 'pmb2_2dnav' build argument 'cmake_target' from command line to 'None'
[1.159s] Level 5:colcon.colcon_core.verb:set package 'pmb2_2dnav' build argument 'cmake_target_skip_unavailable' from command line to 'False'
[1.159s] Level 5:colcon.colcon_core.verb:set package 'pmb2_2dnav' build argument 'cmake_clean_cache' from command line to 'False'
[1.159s] Level 5:colcon.colcon_core.verb:set package 'pmb2_2dnav' build argument 'cmake_clean_first' from command line to 'False'
[1.159s] Level 5:colcon.colcon_core.verb:set package 'pmb2_2dnav' build argument 'cmake_force_configure' from command line to 'False'
[1.159s] Level 5:colcon.colcon_core.verb:set package 'pmb2_2dnav' build argument 'ament_cmake_args' from command line to 'None'
[1.159s] Level 5:colcon.colcon_core.verb:set package 'pmb2_2dnav' build argument 'catkin_cmake_args' from command line to 'None'
[1.159s] Level 5:colcon.colcon_core.verb:set package 'pmb2_2dnav' build argument 'catkin_skip_building_tests' from command line to 'False'
[1.159s] DEBUG:colcon.colcon_core.verb:Building package 'pmb2_2dnav' with the following arguments: {'ament_cmake_args': None, 'build_base': '/home/khaledob/bookros2_ws/build/pmb2_2dnav', 'catkin_cmake_args': None, 'catkin_skip_building_tests': False, 'cmake_args': None, 'cmake_clean_cache': False, 'cmake_clean_first': False, 'cmake_force_configure': False, 'cmake_target': None, 'cmake_target_skip_unavailable': False, 'install_base': '/home/khaledob/bookros2_ws/install/pmb2_2dnav', 'merge_install': False, 'path': '/home/khaledob/bookros2_ws/src/ThirdParty/pmb2_navigation/pmb2_2dnav', 'symlink_install': True, 'test_result_base': None}
[1.160s] Level 5:colcon.colcon_core.verb:set package 'controller_interface' build argument 'cmake_args' from command line to 'None'
[1.160s] Level 5:colcon.colcon_core.verb:set package 'controller_interface' build argument 'cmake_target' from command line to 'None'
[1.160s] Level 5:colcon.colcon_core.verb:set package 'controller_interface' build argument 'cmake_target_skip_unavailable' from command line to 'False'
[1.160s] Level 5:colcon.colcon_core.verb:set package 'controller_interface' build argument 'cmake_clean_cache' from command line to 'False'
[1.161s] Level 5:colcon.colcon_core.verb:set package 'controller_interface' build argument 'cmake_clean_first' from command line to 'False'
[1.161s] Level 5:colcon.colcon_core.verb:set package 'controller_interface' build argument 'cmake_force_configure' from command line to 'False'
[1.161s] Level 5:colcon.colcon_core.verb:set package 'controller_interface' build argument 'ament_cmake_args' from command line to 'None'
[1.161s] Level 5:colcon.colcon_core.verb:set package 'controller_interface' build argument 'catkin_cmake_args' from command line to 'None'
[1.161s] Level 5:colcon.colcon_core.verb:set package 'controller_interface' build argument 'catkin_skip_building_tests' from command line to 'False'
[1.161s] DEBUG:colcon.colcon_core.verb:Building package 'controller_interface' with the following arguments: {'ament_cmake_args': None, 'build_base': '/home/khaledob/bookros2_ws/build/controller_interface', 'catkin_cmake_args': None, 'catkin_skip_building_tests': False, 'cmake_args': None, 'cmake_clean_cache': False, 'cmake_clean_first': False, 'cmake_force_configure': False, 'cmake_target': None, 'cmake_target_skip_unavailable': False, 'install_base': '/home/khaledob/bookros2_ws/install/controller_interface', 'merge_install': False, 'path': '/home/khaledob/bookros2_ws/src/ThirdParty/ros2_control/controller_interface', 'symlink_install': True, 'test_result_base': None}
[1.162s] Level 5:colcon.colcon_core.verb:set package 'pmb2_navigation' build argument 'cmake_args' from command line to 'None'
[1.162s] Level 5:colcon.colcon_core.verb:set package 'pmb2_navigation' build argument 'cmake_target' from command line to 'None'
[1.162s] Level 5:colcon.colcon_core.verb:set package 'pmb2_navigation' build argument 'cmake_target_skip_unavailable' from command line to 'False'
[1.162s] Level 5:colcon.colcon_core.verb:set package 'pmb2_navigation' build argument 'cmake_clean_cache' from command line to 'False'
[1.162s] Level 5:colcon.colcon_core.verb:set package 'pmb2_navigation' build argument 'cmake_clean_first' from command line to 'False'
[1.162s] Level 5:colcon.colcon_core.verb:set package 'pmb2_navigation' build argument 'cmake_force_configure' from command line to 'False'
[1.162s] Level 5:colcon.colcon_core.verb:set package 'pmb2_navigation' build argument 'ament_cmake_args' from command line to 'None'
[1.162s] Level 5:colcon.colcon_core.verb:set package 'pmb2_navigation' build argument 'catkin_cmake_args' from command line to 'None'
[1.162s] Level 5:colcon.colcon_core.verb:set package 'pmb2_navigation' build argument 'catkin_skip_building_tests' from command line to 'False'
[1.162s] DEBUG:colcon.colcon_core.verb:Building package 'pmb2_navigation' with the following arguments: {'ament_cmake_args': None, 'build_base': '/home/khaledob/bookros2_ws/build/pmb2_navigation', 'catkin_cmake_args': None, 'catkin_skip_building_tests': False, 'cmake_args': None, 'cmake_clean_cache': False, 'cmake_clean_first': False, 'cmake_force_configure': False, 'cmake_target': None, 'cmake_target_skip_unavailable': False, 'install_base': '/home/khaledob/bookros2_ws/install/pmb2_navigation', 'merge_install': False, 'path': '/home/khaledob/bookros2_ws/src/ThirdParty/pmb2_navigation/pmb2_navigation', 'symlink_install': True, 'test_result_base': None}
[1.163s] Level 5:colcon.colcon_core.verb:set package 'transmission_interface' build argument 'cmake_args' from command line to 'None'
[1.163s] Level 5:colcon.colcon_core.verb:set package 'transmission_interface' build argument 'cmake_target' from command line to 'None'
[1.163s] Level 5:colcon.colcon_core.verb:set package 'transmission_interface' build argument 'cmake_target_skip_unavailable' from command line to 'False'
[1.163s] Level 5:colcon.colcon_core.verb:set package 'transmission_interface' build argument 'cmake_clean_cache' from command line to 'False'
[1.163s] Level 5:colcon.colcon_core.verb:set package 'transmission_interface' build argument 'cmake_clean_first' from command line to 'False'
[1.163s] Level 5:colcon.colcon_core.verb:set package 'transmission_interface' build argument 'cmake_force_configure' from command line to 'False'
[1.164s] Level 5:colcon.colcon_core.verb:set package 'transmission_interface' build argument 'ament_cmake_args' from command line to 'None'
[1.164s] Level 5:colcon.colcon_core.verb:set package 'transmission_interface' build argument 'catkin_cmake_args' from command line to 'None'
[1.164s] Level 5:colcon.colcon_core.verb:set package 'transmission_interface' build argument 'catkin_skip_building_tests' from command line to 'False'
[1.164s] DEBUG:colcon.colcon_core.verb:Building package 'transmission_interface' with the following arguments: {'ament_cmake_args': None, 'build_base': '/home/khaledob/bookros2_ws/build/transmission_interface', 'catkin_cmake_args': None, 'catkin_skip_building_tests': False, 'cmake_args': None, 'cmake_clean_cache': False, 'cmake_clean_first': False, 'cmake_force_configure': False, 'cmake_target': None, 'cmake_target_skip_unavailable': False, 'install_base': '/home/khaledob/bookros2_ws/install/transmission_interface', 'merge_install': False, 'path': '/home/khaledob/bookros2_ws/src/ThirdParty/ros2_control/transmission_interface', 'symlink_install': True, 'test_result_base': None}
[1.165s] Level 5:colcon.colcon_core.verb:set package 'controller_manager' build argument 'cmake_args' from command line to 'None'
[1.165s] Level 5:colcon.colcon_core.verb:set package 'controller_manager' build argument 'cmake_target' from command line to 'None'
[1.165s] Level 5:colcon.colcon_core.verb:set package 'controller_manager' build argument 'cmake_target_skip_unavailable' from command line to 'False'
[1.165s] Level 5:colcon.colcon_core.verb:set package 'controller_manager' build argument 'cmake_clean_cache' from command line to 'False'
[1.165s] Level 5:colcon.colcon_core.verb:set package 'controller_manager' build argument 'cmake_clean_first' from command line to 'False'
[1.165s] Level 5:colcon.colcon_core.verb:set package 'controller_manager' build argument 'cmake_force_configure' from command line to 'False'
[1.165s] Level 5:colcon.colcon_core.verb:set package 'controller_manager' build argument 'ament_cmake_args' from command line to 'None'
[1.165s] Level 5:colcon.colcon_core.verb:set package 'controller_manager' build argument 'catkin_cmake_args' from command line to 'None'
[1.165s] Level 5:colcon.colcon_core.verb:set package 'controller_manager' build argument 'catkin_skip_building_tests' from command line to 'False'
[1.166s] DEBUG:colcon.colcon_core.verb:Building package 'controller_manager' with the following arguments: {'ament_cmake_args': None, 'build_base': '/home/khaledob/bookros2_ws/build/controller_manager', 'catkin_cmake_args': None, 'catkin_skip_building_tests': False, 'cmake_args': None, 'cmake_clean_cache': False, 'cmake_clean_first': False, 'cmake_force_configure': False, 'cmake_target': None, 'cmake_target_skip_unavailable': False, 'install_base': '/home/khaledob/bookros2_ws/install/controller_manager', 'merge_install': False, 'path': '/home/khaledob/bookros2_ws/src/ThirdParty/ros2_control/controller_manager', 'symlink_install': True, 'test_result_base': None}
[1.167s] Level 5:colcon.colcon_core.verb:set package 'diff_drive_controller' build argument 'cmake_args' from command line to 'None'
[1.167s] Level 5:colcon.colcon_core.verb:set package 'diff_drive_controller' build argument 'cmake_target' from command line to 'None'
[1.167s] Level 5:colcon.colcon_core.verb:set package 'diff_drive_controller' build argument 'cmake_target_skip_unavailable' from command line to 'False'
[1.167s] Level 5:colcon.colcon_core.verb:set package 'diff_drive_controller' build argument 'cmake_clean_cache' from command line to 'False'
[1.167s] Level 5:colcon.colcon_core.verb:set package 'diff_drive_controller' build argument 'cmake_clean_first' from command line to 'False'
[1.167s] Level 5:colcon.colcon_core.verb:set package 'diff_drive_controller' build argument 'cmake_force_configure' from command line to 'False'
[1.167s] Level 5:colcon.colcon_core.verb:set package 'diff_drive_controller' build argument 'ament_cmake_args' from command line to 'None'
[1.167s] Level 5:colcon.colcon_core.verb:set package 'diff_drive_controller' build argument 'catkin_cmake_args' from command line to 'None'
[1.167s] Level 5:colcon.colcon_core.verb:set package 'diff_drive_controller' build argument 'catkin_skip_building_tests' from command line to 'False'
[1.167s] DEBUG:colcon.colcon_core.verb:Building package 'diff_drive_controller' with the following arguments: {'ament_cmake_args': None, 'build_base': '/home/khaledob/bookros2_ws/build/diff_drive_controller', 'catkin_cmake_args': None, 'catkin_skip_building_tests': False, 'cmake_args': None, 'cmake_clean_cache': False, 'cmake_clean_first': False, 'cmake_force_configure': False, 'cmake_target': None, 'cmake_target_skip_unavailable': False, 'install_base': '/home/khaledob/bookros2_ws/install/diff_drive_controller', 'merge_install': False, 'path': '/home/khaledob/bookros2_ws/src/ThirdParty/ros2_controllers/diff_drive_controller', 'symlink_install': True, 'test_result_base': None}
[1.168s] Level 5:colcon.colcon_core.verb:set package 'force_torque_sensor_broadcaster' build argument 'cmake_args' from command line to 'None'
[1.168s] Level 5:colcon.colcon_core.verb:set package 'force_torque_sensor_broadcaster' build argument 'cmake_target' from command line to 'None'
[1.168s] Level 5:colcon.colcon_core.verb:set package 'force_torque_sensor_broadcaster' build argument 'cmake_target_skip_unavailable' from command line to 'False'
[1.168s] Level 5:colcon.colcon_core.verb:set package 'force_torque_sensor_broadcaster' build argument 'cmake_clean_cache' from command line to 'False'
[1.168s] Level 5:colcon.colcon_core.verb:set package 'force_torque_sensor_broadcaster' build argument 'cmake_clean_first' from command line to 'False'
[1.168s] Level 5:colcon.colcon_core.verb:set package 'force_torque_sensor_broadcaster' build argument 'cmake_force_configure' from command line to 'False'
[1.168s] Level 5:colcon.colcon_core.verb:set package 'force_torque_sensor_broadcaster' build argument 'ament_cmake_args' from command line to 'None'
[1.168s] Level 5:colcon.colcon_core.verb:set package 'force_torque_sensor_broadcaster' build argument 'catkin_cmake_args' from command line to 'None'
[1.168s] Level 5:colcon.colcon_core.verb:set package 'force_torque_sensor_broadcaster' build argument 'catkin_skip_building_tests' from command line to 'False'
[1.168s] DEBUG:colcon.colcon_core.verb:Building package 'force_torque_sensor_broadcaster' with the following arguments: {'ament_cmake_args': None, 'build_base': '/home/khaledob/bookros2_ws/build/force_torque_sensor_broadcaster', 'catkin_cmake_args': None, 'catkin_skip_building_tests': False, 'cmake_args': None, 'cmake_clean_cache': False, 'cmake_clean_first': False, 'cmake_force_configure': False, 'cmake_target': None, 'cmake_target_skip_unavailable': False, 'install_base': '/home/khaledob/bookros2_ws/install/force_torque_sensor_broadcaster', 'merge_install': False, 'path': '/home/khaledob/bookros2_ws/src/ThirdParty/ros2_controllers/force_torque_sensor_broadcaster', 'symlink_install': True, 'test_result_base': None}
[1.169s] Level 5:colcon.colcon_core.verb:set package 'forward_command_controller' build argument 'cmake_args' from command line to 'None'
[1.170s] Level 5:colcon.colcon_core.verb:set package 'forward_command_controller' build argument 'cmake_target' from command line to 'None'
[1.170s] Level 5:colcon.colcon_core.verb:set package 'forward_command_controller' build argument 'cmake_target_skip_unavailable' from command line to 'False'
[1.170s] Level 5:colcon.colcon_core.verb:set package 'forward_command_controller' build argument 'cmake_clean_cache' from command line to 'False'
[1.170s] Level 5:colcon.colcon_core.verb:set package 'forward_command_controller' build argument 'cmake_clean_first' from command line to 'False'
[1.170s] Level 5:colcon.colcon_core.verb:set package 'forward_command_controller' build argument 'cmake_force_configure' from command line to 'False'
[1.170s] Level 5:colcon.colcon_core.verb:set package 'forward_command_controller' build argument 'ament_cmake_args' from command line to 'None'
[1.170s] Level 5:colcon.colcon_core.verb:set package 'forward_command_controller' build argument 'catkin_cmake_args' from command line to 'None'
[1.170s] Level 5:colcon.colcon_core.verb:set package 'forward_command_controller' build argument 'catkin_skip_building_tests' from command line to 'False'
[1.170s] DEBUG:colcon.colcon_core.verb:Building package 'forward_command_controller' with the following arguments: {'ament_cmake_args': None, 'build_base': '/home/khaledob/bookros2_ws/build/forward_command_controller', 'catkin_cmake_args': None, 'catkin_skip_building_tests': False, 'cmake_args': None, 'cmake_clean_cache': False, 'cmake_clean_first': False, 'cmake_force_configure': False, 'cmake_target': None, 'cmake_target_skip_unavailable': False, 'install_base': '/home/khaledob/bookros2_ws/install/forward_command_controller', 'merge_install': False, 'path': '/home/khaledob/bookros2_ws/src/ThirdParty/ros2_controllers/forward_command_controller', 'symlink_install': True, 'test_result_base': None}
[1.170s] Level 5:colcon.colcon_core.verb:set package 'gazebo_ros2_control' build argument 'cmake_args' from command line to 'None'
[1.170s] Level 5:colcon.colcon_core.verb:set package 'gazebo_ros2_control' build argument 'cmake_target' from command line to 'None'
[1.170s] Level 5:colcon.colcon_core.verb:set package 'gazebo_ros2_control' build argument 'cmake_target_skip_unavailable' from command line to 'False'
[1.170s] Level 5:colcon.colcon_core.verb:set package 'gazebo_ros2_control' build argument 'cmake_clean_cache' from command line to 'False'
[1.170s] Level 5:colcon.colcon_core.verb:set package 'gazebo_ros2_control' build argument 'cmake_clean_first' from command line to 'False'
[1.170s] Level 5:colcon.colcon_core.verb:set package 'gazebo_ros2_control' build argument 'cmake_force_configure' from command line to 'False'
[1.170s] Level 5:colcon.colcon_core.verb:set package 'gazebo_ros2_control' build argument 'ament_cmake_args' from command line to 'None'
[1.170s] Level 5:colcon.colcon_core.verb:set package 'gazebo_ros2_control' build argument 'catkin_cmake_args' from command line to 'None'
[1.170s] Level 5:colcon.colcon_core.verb:set package 'gazebo_ros2_control' build argument 'catkin_skip_building_tests' from command line to 'False'
[1.170s] DEBUG:colcon.colcon_core.verb:Building package 'gazebo_ros2_control' with the following arguments: {'ament_cmake_args': None, 'build_base': '/home/khaledob/bookros2_ws/build/gazebo_ros2_control', 'catkin_cmake_args': None, 'catkin_skip_building_tests': False, 'cmake_args': None, 'cmake_clean_cache': False, 'cmake_clean_first': False, 'cmake_force_configure': False, 'cmake_target': None, 'cmake_target_skip_unavailable': False, 'install_base': '/home/khaledob/bookros2_ws/install/gazebo_ros2_control', 'merge_install': False, 'path': '/home/khaledob/bookros2_ws/src/ThirdParty/gazebo_ros2_control/gazebo_ros2_control', 'symlink_install': True, 'test_result_base': None}
[1.172s] Level 5:colcon.colcon_core.verb:set package 'gripper_controllers' build argument 'cmake_args' from command line to 'None'
[1.173s] Level 5:colcon.colcon_core.verb:set package 'gripper_controllers' build argument 'cmake_target' from command line to 'None'
[1.173s] Level 5:colcon.colcon_core.verb:set package 'gripper_controllers' build argument 'cmake_target_skip_unavailable' from command line to 'False'
[1.173s] Level 5:colcon.colcon_core.verb:set package 'gripper_controllers' build argument 'cmake_clean_cache' from command line to 'False'
[1.173s] Level 5:colcon.colcon_core.verb:set package 'gripper_controllers' build argument 'cmake_clean_first' from command line to 'False'
[1.173s] Level 5:colcon.colcon_core.verb:set package 'gripper_controllers' build argument 'cmake_force_configure' from command line to 'False'
[1.173s] Level 5:colcon.colcon_core.verb:set package 'gripper_controllers' build argument 'ament_cmake_args' from command line to 'None'
[1.173s] Level 5:colcon.colcon_core.verb:set package 'gripper_controllers' build argument 'catkin_cmake_args' from command line to 'None'
[1.173s] Level 5:colcon.colcon_core.verb:set package 'gripper_controllers' build argument 'catkin_skip_building_tests' from command line to 'False'
[1.173s] DEBUG:colcon.colcon_core.verb:Building package 'gripper_controllers' with the following arguments: {'ament_cmake_args': None, 'build_base': '/home/khaledob/bookros2_ws/build/gripper_controllers', 'catkin_cmake_args': None, 'catkin_skip_building_tests': False, 'cmake_args': None, 'cmake_clean_cache': False, 'cmake_clean_first': False, 'cmake_force_configure': False, 'cmake_target': None, 'cmake_target_skip_unavailable': False, 'install_base': '/home/khaledob/bookros2_ws/install/gripper_controllers', 'merge_install': False, 'path': '/home/khaledob/bookros2_ws/src/ThirdParty/ros2_controllers/gripper_controllers', 'symlink_install': True, 'test_result_base': None}
[1.173s] Level 5:colcon.colcon_core.verb:set package 'imu_sensor_broadcaster' build argument 'cmake_args' from command line to 'None'
[1.173s] Level 5:colcon.colcon_core.verb:set package 'imu_sensor_broadcaster' build argument 'cmake_target' from command line to 'None'
[1.174s] Level 5:colcon.colcon_core.verb:set package 'imu_sensor_broadcaster' build argument 'cmake_target_skip_unavailable' from command line to 'False'
[1.174s] Level 5:colcon.colcon_core.verb:set package 'imu_sensor_broadcaster' build argument 'cmake_clean_cache' from command line to 'False'
[1.174s] Level 5:colcon.colcon_core.verb:set package 'imu_sensor_broadcaster' build argument 'cmake_clean_first' from command line to 'False'
[1.174s] Level 5:colcon.colcon_core.verb:set package 'imu_sensor_broadcaster' build argument 'cmake_force_configure' from command line to 'False'
[1.175s] Level 5:colcon.colcon_core.verb:set package 'imu_sensor_broadcaster' build argument 'ament_cmake_args' from command line to 'None'
[1.175s] Level 5:colcon.colcon_core.verb:set package 'imu_sensor_broadcaster' build argument 'catkin_cmake_args' from command line to 'None'
[1.175s] Level 5:colcon.colcon_core.verb:set package 'imu_sensor_broadcaster' build argument 'catkin_skip_building_tests' from command line to 'False'
[1.175s] DEBUG:colcon.colcon_core.verb:Building package 'imu_sensor_broadcaster' with the following arguments: {'ament_cmake_args': None, 'build_base': '/home/khaledob/bookros2_ws/build/imu_sensor_broadcaster', 'catkin_cmake_args': None, 'catkin_skip_building_tests': False, 'cmake_args': None, 'cmake_clean_cache': False, 'cmake_clean_first': False, 'cmake_force_configure': False, 'cmake_target': None, 'cmake_target_skip_unavailable': False, 'install_base': '/home/khaledob/bookros2_ws/install/imu_sensor_broadcaster', 'merge_install': False, 'path': '/home/khaledob/bookros2_ws/src/ThirdParty/ros2_controllers/imu_sensor_broadcaster', 'symlink_install': True, 'test_result_base': None}
[1.176s] Level 5:colcon.colcon_core.verb:set package 'joint_state_broadcaster' build argument 'cmake_args' from command line to 'None'
[1.176s] Level 5:colcon.colcon_core.verb:set package 'joint_state_broadcaster' build argument 'cmake_target' from command line to 'None'
[1.176s] Level 5:colcon.colcon_core.verb:set package 'joint_state_broadcaster' build argument 'cmake_target_skip_unavailable' from command line to 'False'
[1.176s] Level 5:colcon.colcon_core.verb:set package 'joint_state_broadcaster' build argument 'cmake_clean_cache' from command line to 'False'
[1.176s] Level 5:colcon.colcon_core.verb:set package 'joint_state_broadcaster' build argument 'cmake_clean_first' from command line to 'False'
[1.176s] Level 5:colcon.colcon_core.verb:set package 'joint_state_broadcaster' build argument 'cmake_force_configure' from command line to 'False'
[1.176s] Level 5:colcon.colcon_core.verb:set package 'joint_state_broadcaster' build argument 'ament_cmake_args' from command line to 'None'
[1.176s] Level 5:colcon.colcon_core.verb:set package 'joint_state_broadcaster' build argument 'catkin_cmake_args' from command line to 'None'
[1.176s] Level 5:colcon.colcon_core.verb:set package 'joint_state_broadcaster' build argument 'catkin_skip_building_tests' from command line to 'False'
[1.176s] DEBUG:colcon.colcon_core.verb:Building package 'joint_state_broadcaster' with the following arguments: {'ament_cmake_args': None, 'build_base': '/home/khaledob/bookros2_ws/build/joint_state_broadcaster', 'catkin_cmake_args': None, 'catkin_skip_building_tests': False, 'cmake_args': None, 'cmake_clean_cache': False, 'cmake_clean_first': False, 'cmake_force_configure': False, 'cmake_target': None, 'cmake_target_skip_unavailable': False, 'install_base': '/home/khaledob/bookros2_ws/install/joint_state_broadcaster', 'merge_install': False, 'path': '/home/khaledob/bookros2_ws/src/ThirdParty/ros2_controllers/joint_state_broadcaster', 'symlink_install': True, 'test_result_base': None}
[1.177s] Level 5:colcon.colcon_core.verb:set package 'joint_trajectory_controller' build argument 'cmake_args' from command line to 'None'
[1.177s] Level 5:colcon.colcon_core.verb:set package 'joint_trajectory_controller' build argument 'cmake_target' from command line to 'None'
[1.177s] Level 5:colcon.colcon_core.verb:set package 'joint_trajectory_controller' build argument 'cmake_target_skip_unavailable' from command line to 'False'
[1.177s] Level 5:colcon.colcon_core.verb:set package 'joint_trajectory_controller' build argument 'cmake_clean_cache' from command line to 'False'
[1.177s] Level 5:colcon.colcon_core.verb:set package 'joint_trajectory_controller' build argument 'cmake_clean_first' from command line to 'False'
[1.177s] Level 5:colcon.colcon_core.verb:set package 'joint_trajectory_controller' build argument 'cmake_force_configure' from command line to 'False'
[1.177s] Level 5:colcon.colcon_core.verb:set package 'joint_trajectory_controller' build argument 'ament_cmake_args' from command line to 'None'
[1.177s] Level 5:colcon.colcon_core.verb:set package 'joint_trajectory_controller' build argument 'catkin_cmake_args' from command line to 'None'
[1.177s] Level 5:colcon.colcon_core.verb:set package 'joint_trajectory_controller' build argument 'catkin_skip_building_tests' from command line to 'False'
[1.178s] DEBUG:colcon.colcon_core.verb:Building package 'joint_trajectory_controller' with the following arguments: {'ament_cmake_args': None, 'build_base': '/home/khaledob/bookros2_ws/build/joint_trajectory_controller', 'catkin_cmake_args': None, 'catkin_skip_building_tests': False, 'cmake_args': None, 'cmake_clean_cache': False, 'cmake_clean_first': False, 'cmake_force_configure': False, 'cmake_target': None, 'cmake_target_skip_unavailable': False, 'install_base': '/home/khaledob/bookros2_ws/install/joint_trajectory_controller', 'merge_install': False, 'path': '/home/khaledob/bookros2_ws/src/ThirdParty/ros2_controllers/joint_trajectory_controller', 'symlink_install': True, 'test_result_base': None}
[1.179s] Level 5:colcon.colcon_core.verb:set package 'ros2controlcli' build argument 'cmake_args' from command line to 'None'
[1.179s] Level 5:colcon.colcon_core.verb:set package 'ros2controlcli' build argument 'cmake_target' from command line to 'None'
[1.179s] Level 5:colcon.colcon_core.verb:set package 'ros2controlcli' build argument 'cmake_target_skip_unavailable' from command line to 'False'
[1.179s] Level 5:colcon.colcon_core.verb:set package 'ros2controlcli' build argument 'cmake_clean_cache' from command line to 'False'
[1.179s] Level 5:colcon.colcon_core.verb:set package 'ros2controlcli' build argument 'cmake_clean_first' from command line to 'False'
[1.179s] Level 5:colcon.colcon_core.verb:set package 'ros2controlcli' build argument 'cmake_force_configure' from command line to 'False'
[1.179s] Level 5:colcon.colcon_core.verb:set package 'ros2controlcli' build argument 'ament_cmake_args' from command line to 'None'
[1.179s] Level 5:colcon.colcon_core.verb:set package 'ros2controlcli' build argument 'catkin_cmake_args' from command line to 'None'
[1.179s] Level 5:colcon.colcon_core.verb:set package 'ros2controlcli' build argument 'catkin_skip_building_tests' from command line to 'False'
[1.179s] DEBUG:colcon.colcon_core.verb:Building package 'ros2controlcli' with the following arguments: {'ament_cmake_args': None, 'build_base': '/home/khaledob/bookros2_ws/build/ros2controlcli', 'catkin_cmake_args': None, 'catkin_skip_building_tests': False, 'cmake_args': None, 'cmake_clean_cache': False, 'cmake_clean_first': False, 'cmake_force_configure': False, 'cmake_target': None, 'cmake_target_skip_unavailable': False, 'install_base': '/home/khaledob/bookros2_ws/install/ros2controlcli', 'merge_install': False, 'path': '/home/khaledob/bookros2_ws/src/ThirdParty/ros2_control/ros2controlcli', 'symlink_install': True, 'test_result_base': None}
[1.180s] Level 5:colcon.colcon_core.verb:set package 'effort_controllers' build argument 'cmake_args' from command line to 'None'
[1.181s] Level 5:colcon.colcon_core.verb:set package 'effort_controllers' build argument 'cmake_target' from command line to 'None'
[1.181s] Level 5:colcon.colcon_core.verb:set package 'effort_controllers' build argument 'cmake_target_skip_unavailable' from command line to 'False'
[1.181s] Level 5:colcon.colcon_core.verb:set package 'effort_controllers' build argument 'cmake_clean_cache' from command line to 'False'
[1.181s] Level 5:colcon.colcon_core.verb:set package 'effort_controllers' build argument 'cmake_clean_first' from command line to 'False'
[1.181s] Level 5:colcon.colcon_core.verb:set package 'effort_controllers' build argument 'cmake_force_configure' from command line to 'False'
[1.181s] Level 5:colcon.colcon_core.verb:set package 'effort_controllers' build argument 'ament_cmake_args' from command line to 'None'
[1.181s] Level 5:colcon.colcon_core.verb:set package 'effort_controllers' build argument 'catkin_cmake_args' from command line to 'None'
[1.181s] Level 5:colcon.colcon_core.verb:set package 'effort_controllers' build argument 'catkin_skip_building_tests' from command line to 'False'
[1.181s] DEBUG:colcon.colcon_core.verb:Building package 'effort_controllers' with the following arguments: {'ament_cmake_args': None, 'build_base': '/home/khaledob/bookros2_ws/build/effort_controllers', 'catkin_cmake_args': None, 'catkin_skip_building_tests': False, 'cmake_args': None, 'cmake_clean_cache': False, 'cmake_clean_first': False, 'cmake_force_configure': False, 'cmake_target': None, 'cmake_target_skip_unavailable': False, 'install_base': '/home/khaledob/bookros2_ws/install/effort_controllers', 'merge_install': False, 'path': '/home/khaledob/bookros2_ws/src/ThirdParty/ros2_controllers/effort_controllers', 'symlink_install': True, 'test_result_base': None}
[1.182s] Level 5:colcon.colcon_core.verb:set package 'joint_state_controller' build argument 'cmake_args' from command line to 'None'
[1.183s] Level 5:colcon.colcon_core.verb:set package 'joint_state_controller' build argument 'cmake_target' from command line to 'None'
[1.183s] Level 5:colcon.colcon_core.verb:set package 'joint_state_controller' build argument 'cmake_target_skip_unavailable' from command line to 'False'
[1.183s] Level 5:colcon.colcon_core.verb:set package 'joint_state_controller' build argument 'cmake_clean_cache' from command line to 'False'
[1.183s] Level 5:colcon.colcon_core.verb:set package 'joint_state_controller' build argument 'cmake_clean_first' from command line to 'False'
[1.183s] Level 5:colcon.colcon_core.verb:set package 'joint_state_controller' build argument 'cmake_force_configure' from command line to 'False'
[1.183s] Level 5:colcon.colcon_core.verb:set package 'joint_state_controller' build argument 'ament_cmake_args' from command line to 'None'
[1.183s] Level 5:colcon.colcon_core.verb:set package 'joint_state_controller' build argument 'catkin_cmake_args' from command line to 'None'
[1.183s] Level 5:colcon.colcon_core.verb:set package 'joint_state_controller' build argument 'catkin_skip_building_tests' from command line to 'False'
[1.183s] DEBUG:colcon.colcon_core.verb:Building package 'joint_state_controller' with the following arguments: {'ament_cmake_args': None, 'build_base': '/home/khaledob/bookros2_ws/build/joint_state_controller', 'catkin_cmake_args': None, 'catkin_skip_building_tests': False, 'cmake_args': None, 'cmake_clean_cache': False, 'cmake_clean_first': False, 'cmake_force_configure': False, 'cmake_target': None, 'cmake_target_skip_unavailable': False, 'install_base': '/home/khaledob/bookros2_ws/install/joint_state_controller', 'merge_install': False, 'path': '/home/khaledob/bookros2_ws/src/ThirdParty/ros2_controllers/joint_state_controller', 'symlink_install': True, 'test_result_base': None}
[1.184s] Level 5:colcon.colcon_core.verb:set package 'position_controllers' build argument 'cmake_args' from command line to 'None'
[1.185s] Level 5:colcon.colcon_core.verb:set package 'position_controllers' build argument 'cmake_target' from command line to 'None'
[1.185s] Level 5:colcon.colcon_core.verb:set package 'position_controllers' build argument 'cmake_target_skip_unavailable' from command line to 'False'
[1.185s] Level 5:colcon.colcon_core.verb:set package 'position_controllers' build argument 'cmake_clean_cache' from command line to 'False'
[1.185s] Level 5:colcon.colcon_core.verb:set package 'position_controllers' build argument 'cmake_clean_first' from command line to 'False'
[1.185s] Level 5:colcon.colcon_core.verb:set package 'position_controllers' build argument 'cmake_force_configure' from command line to 'False'
[1.185s] Level 5:colcon.colcon_core.verb:set package 'position_controllers' build argument 'ament_cmake_args' from command line to 'None'
[1.185s] Level 5:colcon.colcon_core.verb:set package 'position_controllers' build argument 'catkin_cmake_args' from command line to 'None'
[1.185s] Level 5:colcon.colcon_core.verb:set package 'position_controllers' build argument 'catkin_skip_building_tests' from command line to 'False'
[1.185s] DEBUG:colcon.colcon_core.verb:Building package 'position_controllers' with the following arguments: {'ament_cmake_args': None, 'build_base': '/home/khaledob/bookros2_ws/build/position_controllers', 'catkin_cmake_args': None, 'catkin_skip_building_tests': False, 'cmake_args': None, 'cmake_clean_cache': False, 'cmake_clean_first': False, 'cmake_force_configure': False, 'cmake_target': None, 'cmake_target_skip_unavailable': False, 'install_base': '/home/khaledob/bookros2_ws/install/position_controllers', 'merge_install': False, 'path': '/home/khaledob/bookros2_ws/src/ThirdParty/ros2_controllers/position_controllers', 'symlink_install': True, 'test_result_base': None}
[1.187s] Level 5:colcon.colcon_core.verb:set package 'ros2_control' build argument 'cmake_args' from command line to 'None'
[1.187s] Level 5:colcon.colcon_core.verb:set package 'ros2_control' build argument 'cmake_target' from command line to 'None'
[1.187s] Level 5:colcon.colcon_core.verb:set package 'ros2_control' build argument 'cmake_target_skip_unavailable' from command line to 'False'
[1.187s] Level 5:colcon.colcon_core.verb:set package 'ros2_control' build argument 'cmake_clean_cache' from command line to 'False'
[1.187s] Level 5:colcon.colcon_core.verb:set package 'ros2_control' build argument 'cmake_clean_first' from command line to 'False'
[1.187s] Level 5:colcon.colcon_core.verb:set package 'ros2_control' build argument 'cmake_force_configure' from command line to 'False'
[1.187s] Level 5:colcon.colcon_core.verb:set package 'ros2_control' build argument 'ament_cmake_args' from command line to 'None'
[1.187s] Level 5:colcon.colcon_core.verb:set package 'ros2_control' build argument 'catkin_cmake_args' from command line to 'None'
[1.187s] Level 5:colcon.colcon_core.verb:set package 'ros2_control' build argument 'catkin_skip_building_tests' from command line to 'False'
[1.187s] DEBUG:colcon.colcon_core.verb:Building package 'ros2_control' with the following arguments: {'ament_cmake_args': None, 'build_base': '/home/khaledob/bookros2_ws/build/ros2_control', 'catkin_cmake_args': None, 'catkin_skip_building_tests': False, 'cmake_args': None, 'cmake_clean_cache': False, 'cmake_clean_first': False, 'cmake_force_configure': False, 'cmake_target': None, 'cmake_target_skip_unavailable': False, 'install_base': '/home/khaledob/bookros2_ws/install/ros2_control', 'merge_install': False, 'path': '/home/khaledob/bookros2_ws/src/ThirdParty/ros2_control/ros2_control', 'symlink_install': True, 'test_result_base': None}
[1.188s] Level 5:colcon.colcon_core.verb:set package 'velocity_controllers' build argument 'cmake_args' from command line to 'None'
[1.188s] Level 5:colcon.colcon_core.verb:set package 'velocity_controllers' build argument 'cmake_target' from command line to 'None'
[1.188s] Level 5:colcon.colcon_core.verb:set package 'velocity_controllers' build argument 'cmake_target_skip_unavailable' from command line to 'False'
[1.188s] Level 5:colcon.colcon_core.verb:set package 'velocity_controllers' build argument 'cmake_clean_cache' from command line to 'False'
[1.188s] Level 5:colcon.colcon_core.verb:set package 'velocity_controllers' build argument 'cmake_clean_first' from command line to 'False'
[1.188s] Level 5:colcon.colcon_core.verb:set package 'velocity_controllers' build argument 'cmake_force_configure' from command line to 'False'
[1.188s] Level 5:colcon.colcon_core.verb:set package 'velocity_controllers' build argument 'ament_cmake_args' from command line to 'None'
[1.188s] Level 5:colcon.colcon_core.verb:set package 'velocity_controllers' build argument 'catkin_cmake_args' from command line to 'None'
[1.188s] Level 5:colcon.colcon_core.verb:set package 'velocity_controllers' build argument 'catkin_skip_building_tests' from command line to 'False'
[1.188s] DEBUG:colcon.colcon_core.verb:Building package 'velocity_controllers' with the following arguments: {'ament_cmake_args': None, 'build_base': '/home/khaledob/bookros2_ws/build/velocity_controllers', 'catkin_cmake_args': None, 'catkin_skip_building_tests': False, 'cmake_args': None, 'cmake_clean_cache': False, 'cmake_clean_first': False, 'cmake_force_configure': False, 'cmake_target': None, 'cmake_target_skip_unavailable': False, 'install_base': '/home/khaledob/bookros2_ws/install/velocity_controllers', 'merge_install': False, 'path': '/home/khaledob/bookros2_ws/src/ThirdParty/ros2_controllers/velocity_controllers', 'symlink_install': True, 'test_result_base': None}
[1.188s] Level 5:colcon.colcon_core.verb:set package 'pal_gripper_controller_configuration' build argument 'cmake_args' from command line to 'None'
[1.188s] Level 5:colcon.colcon_core.verb:set package 'pal_gripper_controller_configuration' build argument 'cmake_target' from command line to 'None'
[1.188s] Level 5:colcon.colcon_core.verb:set package 'pal_gripper_controller_configuration' build argument 'cmake_target_skip_unavailable' from command line to 'False'
[1.188s] Level 5:colcon.colcon_core.verb:set package 'pal_gripper_controller_configuration' build argument 'cmake_clean_cache' from command line to 'False'
[1.188s] Level 5:colcon.colcon_core.verb:set package 'pal_gripper_controller_configuration' build argument 'cmake_clean_first' from command line to 'False'
[1.188s] Level 5:colcon.colcon_core.verb:set package 'pal_gripper_controller_configuration' build argument 'cmake_force_configure' from command line to 'False'
[1.188s] Level 5:colcon.colcon_core.verb:set package 'pal_gripper_controller_configuration' build argument 'ament_cmake_args' from command line to 'None'
[1.188s] Level 5:colcon.colcon_core.verb:set package 'pal_gripper_controller_configuration' build argument 'catkin_cmake_args' from command line to 'None'
[1.188s] Level 5:colcon.colcon_core.verb:set package 'pal_gripper_controller_configuration' build argument 'catkin_skip_building_tests' from command line to 'False'
[1.188s] DEBUG:colcon.colcon_core.verb:Building package 'pal_gripper_controller_configuration' with the following arguments: {'ament_cmake_args': None, 'build_base': '/home/khaledob/bookros2_ws/build/pal_gripper_controller_configuration', 'catkin_cmake_args': None, 'catkin_skip_building_tests': False, 'cmake_args': None, 'cmake_clean_cache': False, 'cmake_clean_first': False, 'cmake_force_configure': False, 'cmake_target': None, 'cmake_target_skip_unavailable': False, 'install_base': '/home/khaledob/bookros2_ws/install/pal_gripper_controller_configuration', 'merge_install': False, 'path': '/home/khaledob/bookros2_ws/src/ThirdParty/pal_gripper/pal_gripper_controller_configuration', 'symlink_install': True, 'test_result_base': None}
[1.189s] Level 5:colcon.colcon_core.verb:set package 'pmb2_controller_configuration' build argument 'cmake_args' from command line to 'None'
[1.189s] Level 5:colcon.colcon_core.verb:set package 'pmb2_controller_configuration' build argument 'cmake_target' from command line to 'None'
[1.189s] Level 5:colcon.colcon_core.verb:set package 'pmb2_controller_configuration' build argument 'cmake_target_skip_unavailable' from command line to 'False'
[1.189s] Level 5:colcon.colcon_core.verb:set package 'pmb2_controller_configuration' build argument 'cmake_clean_cache' from command line to 'False'
[1.189s] Level 5:colcon.colcon_core.verb:set package 'pmb2_controller_configuration' build argument 'cmake_clean_first' from command line to 'False'
[1.189s] Level 5:colcon.colcon_core.verb:set package 'pmb2_controller_configuration' build argument 'cmake_force_configure' from command line to 'False'
[1.189s] Level 5:colcon.colcon_core.verb:set package 'pmb2_controller_configuration' build argument 'ament_cmake_args' from command line to 'None'
[1.189s] Level 5:colcon.colcon_core.verb:set package 'pmb2_controller_configuration' build argument 'catkin_cmake_args' from command line to 'None'
[1.189s] Level 5:colcon.colcon_core.verb:set package 'pmb2_controller_configuration' build argument 'catkin_skip_building_tests' from command line to 'False'
[1.189s] DEBUG:colcon.colcon_core.verb:Building package 'pmb2_controller_configuration' with the following arguments: {'ament_cmake_args': None, 'build_base': '/home/khaledob/bookros2_ws/build/pmb2_controller_configuration', 'catkin_cmake_args': None, 'catkin_skip_building_tests': False, 'cmake_args': None, 'cmake_clean_cache': False, 'cmake_clean_first': False, 'cmake_force_configure': False, 'cmake_target': None, 'cmake_target_skip_unavailable': False, 'install_base': '/home/khaledob/bookros2_ws/install/pmb2_controller_configuration', 'merge_install': False, 'path': '/home/khaledob/bookros2_ws/src/ThirdParty/pmb2_robot/pmb2_controller_configuration', 'symlink_install': True, 'test_result_base': None}
[1.190s] Level 5:colcon.colcon_core.verb:set package 'ros2_controllers' build argument 'cmake_args' from command line to 'None'
[1.190s] Level 5:colcon.colcon_core.verb:set package 'ros2_controllers' build argument 'cmake_target' from command line to 'None'
[1.190s] Level 5:colcon.colcon_core.verb:set package 'ros2_controllers' build argument 'cmake_target_skip_unavailable' from command line to 'False'
[1.190s] Level 5:colcon.colcon_core.verb:set package 'ros2_controllers' build argument 'cmake_clean_cache' from command line to 'False'
[1.190s] Level 5:colcon.colcon_core.verb:set package 'ros2_controllers' build argument 'cmake_clean_first' from command line to 'False'
[1.190s] Level 5:colcon.colcon_core.verb:set package 'ros2_controllers' build argument 'cmake_force_configure' from command line to 'False'
[1.190s] Level 5:colcon.colcon_core.verb:set package 'ros2_controllers' build argument 'ament_cmake_args' from command line to 'None'
[1.190s] Level 5:colcon.colcon_core.verb:set package 'ros2_controllers' build argument 'catkin_cmake_args' from command line to 'None'
[1.190s] Level 5:colcon.colcon_core.verb:set package 'ros2_controllers' build argument 'catkin_skip_building_tests' from command line to 'False'
[1.190s] DEBUG:colcon.colcon_core.verb:Building package 'ros2_controllers' with the following arguments: {'ament_cmake_args': None, 'build_base': '/home/khaledob/bookros2_ws/build/ros2_controllers', 'catkin_cmake_args': None, 'catkin_skip_building_tests': False, 'cmake_args': None, 'cmake_clean_cache': False, 'cmake_clean_first': False, 'cmake_force_configure': False, 'cmake_target': None, 'cmake_target_skip_unavailable': False, 'install_base': '/home/khaledob/bookros2_ws/install/ros2_controllers', 'merge_install': False, 'path': '/home/khaledob/bookros2_ws/src/ThirdParty/ros2_controllers/ros2_controllers', 'symlink_install': True, 'test_result_base': None}
[1.192s] Level 5:colcon.colcon_core.verb:set package 'gazebo_ros2_control_demos' build argument 'cmake_args' from command line to 'None'
[1.192s] Level 5:colcon.colcon_core.verb:set package 'gazebo_ros2_control_demos' build argument 'cmake_target' from command line to 'None'
[1.192s] Level 5:colcon.colcon_core.verb:set package 'gazebo_ros2_control_demos' build argument 'cmake_target_skip_unavailable' from command line to 'False'
[1.192s] Level 5:colcon.colcon_core.verb:set package 'gazebo_ros2_control_demos' build argument 'cmake_clean_cache' from command line to 'False'
[1.192s] Level 5:colcon.colcon_core.verb:set package 'gazebo_ros2_control_demos' build argument 'cmake_clean_first' from command line to 'False'
[1.192s] Level 5:colcon.colcon_core.verb:set package 'gazebo_ros2_control_demos' build argument 'cmake_force_configure' from command line to 'False'
[1.192s] Level 5:colcon.colcon_core.verb:set package 'gazebo_ros2_control_demos' build argument 'ament_cmake_args' from command line to 'None'
[1.192s] Level 5:colcon.colcon_core.verb:set package 'gazebo_ros2_control_demos' build argument 'catkin_cmake_args' from command line to 'None'
[1.192s] Level 5:colcon.colcon_core.verb:set package 'gazebo_ros2_control_demos' build argument 'catkin_skip_building_tests' from command line to 'False'
[1.192s] DEBUG:colcon.colcon_core.verb:Building package 'gazebo_ros2_control_demos' with the following arguments: {'ament_cmake_args': None, 'build_base': '/home/khaledob/bookros2_ws/build/gazebo_ros2_control_demos', 'catkin_cmake_args': None, 'catkin_skip_building_tests': False, 'cmake_args': None, 'cmake_clean_cache': False, 'cmake_clean_first': False, 'cmake_force_configure': False, 'cmake_target': None, 'cmake_target_skip_unavailable': False, 'install_base': '/home/khaledob/bookros2_ws/install/gazebo_ros2_control_demos', 'merge_install': False, 'path': '/home/khaledob/bookros2_ws/src/ThirdParty/gazebo_ros2_control/gazebo_ros2_control_demos', 'symlink_install': True, 'test_result_base': None}
[1.193s] Level 5:colcon.colcon_core.verb:set package 'pal_gripper' build argument 'cmake_args' from command line to 'None'
[1.193s] Level 5:colcon.colcon_core.verb:set package 'pal_gripper' build argument 'cmake_target' from command line to 'None'
[1.193s] Level 5:colcon.colcon_core.verb:set package 'pal_gripper' build argument 'cmake_target_skip_unavailable' from command line to 'False'
[1.193s] Level 5:colcon.colcon_core.verb:set package 'pal_gripper' build argument 'cmake_clean_cache' from command line to 'False'
[1.193s] Level 5:colcon.colcon_core.verb:set package 'pal_gripper' build argument 'cmake_clean_first' from command line to 'False'
[1.193s] Level 5:colcon.colcon_core.verb:set package 'pal_gripper' build argument 'cmake_force_configure' from command line to 'False'
[1.193s] Level 5:colcon.colcon_core.verb:set package 'pal_gripper' build argument 'ament_cmake_args' from command line to 'None'
[1.193s] Level 5:colcon.colcon_core.verb:set package 'pal_gripper' build argument 'catkin_cmake_args' from command line to 'None'
[1.193s] Level 5:colcon.colcon_core.verb:set package 'pal_gripper' build argument 'catkin_skip_building_tests' from command line to 'False'
[1.193s] DEBUG:colcon.colcon_core.verb:Building package 'pal_gripper' with the following arguments: {'ament_cmake_args': None, 'build_base': '/home/khaledob/bookros2_ws/build/pal_gripper', 'catkin_cmake_args': None, 'catkin_skip_building_tests': False, 'cmake_args': None, 'cmake_clean_cache': False, 'cmake_clean_first': False, 'cmake_force_configure': False, 'cmake_target': None, 'cmake_target_skip_unavailable': False, 'install_base': '/home/khaledob/bookros2_ws/install/pal_gripper', 'merge_install': False, 'path': '/home/khaledob/bookros2_ws/src/ThirdParty/pal_gripper/pal_gripper', 'symlink_install': True, 'test_result_base': None}
[1.194s] Level 5:colcon.colcon_core.verb:set package 'pmb2_description' build argument 'cmake_args' from command line to 'None'
[1.194s] Level 5:colcon.colcon_core.verb:set package 'pmb2_description' build argument 'cmake_target' from command line to 'None'
[1.194s] Level 5:colcon.colcon_core.verb:set package 'pmb2_description' build argument 'cmake_target_skip_unavailable' from command line to 'False'
[1.194s] Level 5:colcon.colcon_core.verb:set package 'pmb2_description' build argument 'cmake_clean_cache' from command line to 'False'
[1.194s] Level 5:colcon.colcon_core.verb:set package 'pmb2_description' build argument 'cmake_clean_first' from command line to 'False'
[1.194s] Level 5:colcon.colcon_core.verb:set package 'pmb2_description' build argument 'cmake_force_configure' from command line to 'False'
[1.195s] Level 5:colcon.colcon_core.verb:set package 'pmb2_description' build argument 'ament_cmake_args' from command line to 'None'
[1.195s] Level 5:colcon.colcon_core.verb:set package 'pmb2_description' build argument 'catkin_cmake_args' from command line to 'None'
[1.195s] Level 5:colcon.colcon_core.verb:set package 'pmb2_description' build argument 'catkin_skip_building_tests' from command line to 'False'
[1.195s] DEBUG:colcon.colcon_core.verb:Building package 'pmb2_description' with the following arguments: {'ament_cmake_args': None, 'build_base': '/home/khaledob/bookros2_ws/build/pmb2_description', 'catkin_cmake_args': None, 'catkin_skip_building_tests': False, 'cmake_args': None, 'cmake_clean_cache': False, 'cmake_clean_first': False, 'cmake_force_configure': False, 'cmake_target': None, 'cmake_target_skip_unavailable': False, 'install_base': '/home/khaledob/bookros2_ws/install/pmb2_description', 'merge_install': False, 'path': '/home/khaledob/bookros2_ws/src/ThirdParty/pmb2_robot/pmb2_description', 'symlink_install': True, 'test_result_base': None}
[1.196s] Level 5:colcon.colcon_core.verb:set package 'tiago_controller_configuration' build argument 'cmake_args' from command line to 'None'
[1.196s] Level 5:colcon.colcon_core.verb:set package 'tiago_controller_configuration' build argument 'cmake_target' from command line to 'None'
[1.196s] Level 5:colcon.colcon_core.verb:set package 'tiago_controller_configuration' build argument 'cmake_target_skip_unavailable' from command line to 'False'
[1.196s] Level 5:colcon.colcon_core.verb:set package 'tiago_controller_configuration' build argument 'cmake_clean_cache' from command line to 'False'
[1.196s] Level 5:colcon.colcon_core.verb:set package 'tiago_controller_configuration' build argument 'cmake_clean_first' from command line to 'False'
[1.196s] Level 5:colcon.colcon_core.verb:set package 'tiago_controller_configuration' build argument 'cmake_force_configure' from command line to 'False'
[1.196s] Level 5:colcon.colcon_core.verb:set package 'tiago_controller_configuration' build argument 'ament_cmake_args' from command line to 'None'
[1.196s] Level 5:colcon.colcon_core.verb:set package 'tiago_controller_configuration' build argument 'catkin_cmake_args' from command line to 'None'
[1.196s] Level 5:colcon.colcon_core.verb:set package 'tiago_controller_configuration' build argument 'catkin_skip_building_tests' from command line to 'False'
[1.196s] DEBUG:colcon.colcon_core.verb:Building package 'tiago_controller_configuration' with the following arguments: {'ament_cmake_args': None, 'build_base': '/home/khaledob/bookros2_ws/build/tiago_controller_configuration', 'catkin_cmake_args': None, 'catkin_skip_building_tests': False, 'cmake_args': None, 'cmake_clean_cache': False, 'cmake_clean_first': False, 'cmake_force_configure': False, 'cmake_target': None, 'cmake_target_skip_unavailable': False, 'install_base': '/home/khaledob/bookros2_ws/install/tiago_controller_configuration', 'merge_install': False, 'path': '/home/khaledob/bookros2_ws/src/ThirdParty/tiago_robot/tiago_controller_configuration', 'symlink_install': True, 'test_result_base': None}
[1.197s] Level 5:colcon.colcon_core.verb:set package 'pmb2_bringup' build argument 'cmake_args' from command line to 'None'
[1.197s] Level 5:colcon.colcon_core.verb:set package 'pmb2_bringup' build argument 'cmake_target' from command line to 'None'
[1.197s] Level 5:colcon.colcon_core.verb:set package 'pmb2_bringup' build argument 'cmake_target_skip_unavailable' from command line to 'False'
[1.197s] Level 5:colcon.colcon_core.verb:set package 'pmb2_bringup' build argument 'cmake_clean_cache' from command line to 'False'
[1.197s] Level 5:colcon.colcon_core.verb:set package 'pmb2_bringup' build argument 'cmake_clean_first' from command line to 'False'
[1.197s] Level 5:colcon.colcon_core.verb:set package 'pmb2_bringup' build argument 'cmake_force_configure' from command line to 'False'
[1.197s] Level 5:colcon.colcon_core.verb:set package 'pmb2_bringup' build argument 'ament_cmake_args' from command line to 'None'
[1.197s] Level 5:colcon.colcon_core.verb:set package 'pmb2_bringup' build argument 'catkin_cmake_args' from command line to 'None'
[1.197s] Level 5:colcon.colcon_core.verb:set package 'pmb2_bringup' build argument 'catkin_skip_building_tests' from command line to 'False'
[1.198s] DEBUG:colcon.colcon_core.verb:Building package 'pmb2_bringup' with the following arguments: {'ament_cmake_args': None, 'build_base': '/home/khaledob/bookros2_ws/build/pmb2_bringup', 'catkin_cmake_args': None, 'catkin_skip_building_tests': False, 'cmake_args': None, 'cmake_clean_cache': False, 'cmake_clean_first': False, 'cmake_force_configure': False, 'cmake_target': None, 'cmake_target_skip_unavailable': False, 'install_base': '/home/khaledob/bookros2_ws/install/pmb2_bringup', 'merge_install': False, 'path': '/home/khaledob/bookros2_ws/src/ThirdParty/pmb2_robot/pmb2_bringup', 'symlink_install': True, 'test_result_base': None}
[1.198s] Level 5:colcon.colcon_core.verb:set package 'tiago_description' build argument 'cmake_args' from command line to 'None'
[1.198s] Level 5:colcon.colcon_core.verb:set package 'tiago_description' build argument 'cmake_target' from command line to 'None'
[1.199s] Level 5:colcon.colcon_core.verb:set package 'tiago_description' build argument 'cmake_target_skip_unavailable' from command line to 'False'
[1.199s] Level 5:colcon.colcon_core.verb:set package 'tiago_description' build argument 'cmake_clean_cache' from command line to 'False'
[1.199s] Level 5:colcon.colcon_core.verb:set package 'tiago_description' build argument 'cmake_clean_first' from command line to 'False'
[1.199s] Level 5:colcon.colcon_core.verb:set package 'tiago_description' build argument 'cmake_force_configure' from command line to 'False'
[1.199s] Level 5:colcon.colcon_core.verb:set package 'tiago_description' build argument 'ament_cmake_args' from command line to 'None'
[1.199s] Level 5:colcon.colcon_core.verb:set package 'tiago_description' build argument 'catkin_cmake_args' from command line to 'None'
[1.200s] Level 5:colcon.colcon_core.verb:set package 'tiago_description' build argument 'catkin_skip_building_tests' from command line to 'False'
[1.200s] DEBUG:colcon.colcon_core.verb:Building package 'tiago_description' with the following arguments: {'ament_cmake_args': None, 'build_base': '/home/khaledob/bookros2_ws/build/tiago_description', 'catkin_cmake_args': None, 'catkin_skip_building_tests': False, 'cmake_args': None, 'cmake_clean_cache': False, 'cmake_clean_first': False, 'cmake_force_configure': False, 'cmake_target': None, 'cmake_target_skip_unavailable': False, 'install_base': '/home/khaledob/bookros2_ws/install/tiago_description', 'merge_install': False, 'path': '/home/khaledob/bookros2_ws/src/ThirdParty/tiago_robot/tiago_description', 'symlink_install': True, 'test_result_base': None}
[1.201s] Level 5:colcon.colcon_core.verb:set package 'pmb2_robot' build argument 'cmake_args' from command line to 'None'
[1.201s] Level 5:colcon.colcon_core.verb:set package 'pmb2_robot' build argument 'cmake_target' from command line to 'None'
[1.201s] Level 5:colcon.colcon_core.verb:set package 'pmb2_robot' build argument 'cmake_target_skip_unavailable' from command line to 'False'
[1.201s] Level 5:colcon.colcon_core.verb:set package 'pmb2_robot' build argument 'cmake_clean_cache' from command line to 'False'
[1.201s] Level 5:colcon.colcon_core.verb:set package 'pmb2_robot' build argument 'cmake_clean_first' from command line to 'False'
[1.201s] Level 5:colcon.colcon_core.verb:set package 'pmb2_robot' build argument 'cmake_force_configure' from command line to 'False'
[1.201s] Level 5:colcon.colcon_core.verb:set package 'pmb2_robot' build argument 'ament_cmake_args' from command line to 'None'
[1.201s] Level 5:colcon.colcon_core.verb:set package 'pmb2_robot' build argument 'catkin_cmake_args' from command line to 'None'
[1.201s] Level 5:colcon.colcon_core.verb:set package 'pmb2_robot' build argument 'catkin_skip_building_tests' from command line to 'False'
[1.201s] DEBUG:colcon.colcon_core.verb:Building package 'pmb2_robot' with the following arguments: {'ament_cmake_args': None, 'build_base': '/home/khaledob/bookros2_ws/build/pmb2_robot', 'catkin_cmake_args': None, 'catkin_skip_building_tests': False, 'cmake_args': None, 'cmake_clean_cache': False, 'cmake_clean_first': False, 'cmake_force_configure': False, 'cmake_target': None, 'cmake_target_skip_unavailable': False, 'install_base': '/home/khaledob/bookros2_ws/install/pmb2_robot', 'merge_install': False, 'path': '/home/khaledob/bookros2_ws/src/ThirdParty/pmb2_robot/pmb2_robot', 'symlink_install': True, 'test_result_base': None}
[1.203s] Level 5:colcon.colcon_core.verb:set package 'tiago_bringup' build argument 'cmake_args' from command line to 'None'
[1.203s] Level 5:colcon.colcon_core.verb:set package 'tiago_bringup' build argument 'cmake_target' from command line to 'None'
[1.203s] Level 5:colcon.colcon_core.verb:set package 'tiago_bringup' build argument 'cmake_target_skip_unavailable' from command line to 'False'
[1.203s] Level 5:colcon.colcon_core.verb:set package 'tiago_bringup' build argument 'cmake_clean_cache' from command line to 'False'
[1.203s] Level 5:colcon.colcon_core.verb:set package 'tiago_bringup' build argument 'cmake_clean_first' from command line to 'False'
[1.203s] Level 5:colcon.colcon_core.verb:set package 'tiago_bringup' build argument 'cmake_force_configure' from command line to 'False'
[1.203s] Level 5:colcon.colcon_core.verb:set package 'tiago_bringup' build argument 'ament_cmake_args' from command line to 'None'
[1.203s] Level 5:colcon.colcon_core.verb:set package 'tiago_bringup' build argument 'catkin_cmake_args' from command line to 'None'
[1.203s] Level 5:colcon.colcon_core.verb:set package 'tiago_bringup' build argument 'catkin_skip_building_tests' from command line to 'False'
[1.204s] DEBUG:colcon.colcon_core.verb:Building package 'tiago_bringup' with the following arguments: {'ament_cmake_args': None, 'build_base': '/home/khaledob/bookros2_ws/build/tiago_bringup', 'catkin_cmake_args': None, 'catkin_skip_building_tests': False, 'cmake_args': None, 'cmake_clean_cache': False, 'cmake_clean_first': False, 'cmake_force_configure': False, 'cmake_target': None, 'cmake_target_skip_unavailable': False, 'install_base': '/home/khaledob/bookros2_ws/install/tiago_bringup', 'merge_install': False, 'path': '/home/khaledob/bookros2_ws/src/ThirdParty/tiago_robot/tiago_bringup', 'symlink_install': True, 'test_result_base': None}
[1.204s] Level 5:colcon.colcon_core.verb:set package 'tiago_gazebo' build argument 'cmake_args' from command line to 'None'
[1.204s] Level 5:colcon.colcon_core.verb:set package 'tiago_gazebo' build argument 'cmake_target' from command line to 'None'
[1.205s] Level 5:colcon.colcon_core.verb:set package 'tiago_gazebo' build argument 'cmake_target_skip_unavailable' from command line to 'False'
[1.205s] Level 5:colcon.colcon_core.verb:set package 'tiago_gazebo' build argument 'cmake_clean_cache' from command line to 'False'
[1.205s] Level 5:colcon.colcon_core.verb:set package 'tiago_gazebo' build argument 'cmake_clean_first' from command line to 'False'
[1.205s] Level 5:colcon.colcon_core.verb:set package 'tiago_gazebo' build argument 'cmake_force_configure' from command line to 'False'
[1.205s] Level 5:colcon.colcon_core.verb:set package 'tiago_gazebo' build argument 'ament_cmake_args' from command line to 'None'
[1.205s] Level 5:colcon.colcon_core.verb:set package 'tiago_gazebo' build argument 'catkin_cmake_args' from command line to 'None'
[1.205s] Level 5:colcon.colcon_core.verb:set package 'tiago_gazebo' build argument 'catkin_skip_building_tests' from command line to 'False'
[1.205s] DEBUG:colcon.colcon_core.verb:Building package 'tiago_gazebo' with the following arguments: {'ament_cmake_args': None, 'build_base': '/home/khaledob/bookros2_ws/build/tiago_gazebo', 'catkin_cmake_args': None, 'catkin_skip_building_tests': False, 'cmake_args': None, 'cmake_clean_cache': False, 'cmake_clean_first': False, 'cmake_force_configure': False, 'cmake_target': None, 'cmake_target_skip_unavailable': False, 'install_base': '/home/khaledob/bookros2_ws/install/tiago_gazebo', 'merge_install': False, 'path': '/home/khaledob/bookros2_ws/src/ThirdParty/tiago_simulation/tiago_gazebo', 'symlink_install': True, 'test_result_base': None}
[1.206s] Level 5:colcon.colcon_core.verb:set package 'tiago_robot' build argument 'cmake_args' from command line to 'None'
[1.206s] Level 5:colcon.colcon_core.verb:set package 'tiago_robot' build argument 'cmake_target' from command line to 'None'
[1.206s] Level 5:colcon.colcon_core.verb:set package 'tiago_robot' build argument 'cmake_target_skip_unavailable' from command line to 'False'
[1.206s] Level 5:colcon.colcon_core.verb:set package 'tiago_robot' build argument 'cmake_clean_cache' from command line to 'False'
[1.206s] Level 5:colcon.colcon_core.verb:set package 'tiago_robot' build argument 'cmake_clean_first' from command line to 'False'
[1.206s] Level 5:colcon.colcon_core.verb:set package 'tiago_robot' build argument 'cmake_force_configure' from command line to 'False'
[1.206s] Level 5:colcon.colcon_core.verb:set package 'tiago_robot' build argument 'ament_cmake_args' from command line to 'None'
[1.206s] Level 5:colcon.colcon_core.verb:set package 'tiago_robot' build argument 'catkin_cmake_args' from command line to 'None'
[1.206s] Level 5:colcon.colcon_core.verb:set package 'tiago_robot' build argument 'catkin_skip_building_tests' from command line to 'False'
[1.207s] DEBUG:colcon.colcon_core.verb:Building package 'tiago_robot' with the following arguments: {'ament_cmake_args': None, 'build_base': '/home/khaledob/bookros2_ws/build/tiago_robot', 'catkin_cmake_args': None, 'catkin_skip_building_tests': False, 'cmake_args': None, 'cmake_clean_cache': False, 'cmake_clean_first': False, 'cmake_force_configure': False, 'cmake_target': None, 'cmake_target_skip_unavailable': False, 'install_base': '/home/khaledob/bookros2_ws/install/tiago_robot', 'merge_install': False, 'path': '/home/khaledob/bookros2_ws/src/ThirdParty/tiago_robot/tiago_robot', 'symlink_install': True, 'test_result_base': None}
[1.207s] Level 5:colcon.colcon_core.verb:set package 'tiago_2dnav_gazebo' build argument 'cmake_args' from command line to 'None'
[1.208s] Level 5:colcon.colcon_core.verb:set package 'tiago_2dnav_gazebo' build argument 'cmake_target' from command line to 'None'
[1.208s] Level 5:colcon.colcon_core.verb:set package 'tiago_2dnav_gazebo' build argument 'cmake_target_skip_unavailable' from command line to 'False'
[1.208s] Level 5:colcon.colcon_core.verb:set package 'tiago_2dnav_gazebo' build argument 'cmake_clean_cache' from command line to 'False'
[1.208s] Level 5:colcon.colcon_core.verb:set package 'tiago_2dnav_gazebo' build argument 'cmake_clean_first' from command line to 'False'
[1.208s] Level 5:colcon.colcon_core.verb:set package 'tiago_2dnav_gazebo' build argument 'cmake_force_configure' from command line to 'False'
[1.208s] Level 5:colcon.colcon_core.verb:set package 'tiago_2dnav_gazebo' build argument 'ament_cmake_args' from command line to 'None'
[1.208s] Level 5:colcon.colcon_core.verb:set package 'tiago_2dnav_gazebo' build argument 'catkin_cmake_args' from command line to 'None'
[1.208s] Level 5:colcon.colcon_core.verb:set package 'tiago_2dnav_gazebo' build argument 'catkin_skip_building_tests' from command line to 'False'
[1.208s] DEBUG:colcon.colcon_core.verb:Building package 'tiago_2dnav_gazebo' with the following arguments: {'ament_cmake_args': None, 'build_base': '/home/khaledob/bookros2_ws/build/tiago_2dnav_gazebo', 'catkin_cmake_args': None, 'catkin_skip_building_tests': False, 'cmake_args': None, 'cmake_clean_cache': False, 'cmake_clean_first': False, 'cmake_force_configure': False, 'cmake_target': None, 'cmake_target_skip_unavailable': False, 'install_base': '/home/khaledob/bookros2_ws/install/tiago_2dnav_gazebo', 'merge_install': False, 'path': '/home/khaledob/bookros2_ws/src/ThirdParty/tiago_simulation/tiago_2dnav_gazebo', 'symlink_install': True, 'test_result_base': None}
[1.209s] Level 5:colcon.colcon_core.verb:set package 'tiago_simulation' build argument 'cmake_args' from command line to 'None'
[1.209s] Level 5:colcon.colcon_core.verb:set package 'tiago_simulation' build argument 'cmake_target' from command line to 'None'
[1.209s] Level 5:colcon.colcon_core.verb:set package 'tiago_simulation' build argument 'cmake_target_skip_unavailable' from command line to 'False'
[1.209s] Level 5:colcon.colcon_core.verb:set package 'tiago_simulation' build argument 'cmake_clean_cache' from command line to 'False'
[1.209s] Level 5:colcon.colcon_core.verb:set package 'tiago_simulation' build argument 'cmake_clean_first' from command line to 'False'
[1.209s] Level 5:colcon.colcon_core.verb:set package 'tiago_simulation' build argument 'cmake_force_configure' from command line to 'False'
[1.209s] Level 5:colcon.colcon_core.verb:set package 'tiago_simulation' build argument 'ament_cmake_args' from command line to 'None'
[1.209s] Level 5:colcon.colcon_core.verb:set package 'tiago_simulation' build argument 'catkin_cmake_args' from command line to 'None'
[1.209s] Level 5:colcon.colcon_core.verb:set package 'tiago_simulation' build argument 'catkin_skip_building_tests' from command line to 'False'
[1.209s] DEBUG:colcon.colcon_core.verb:Building package 'tiago_simulation' with the following arguments: {'ament_cmake_args': None, 'build_base': '/home/khaledob/bookros2_ws/build/tiago_simulation', 'catkin_cmake_args': None, 'catkin_skip_building_tests': False, 'cmake_args': None, 'cmake_clean_cache': False, 'cmake_clean_first': False, 'cmake_force_configure': False, 'cmake_target': None, 'cmake_target_skip_unavailable': False, 'install_base': '/home/khaledob/bookros2_ws/install/tiago_simulation', 'merge_install': False, 'path': '/home/khaledob/bookros2_ws/src/ThirdParty/tiago_simulation/tiago_simulation', 'symlink_install': True, 'test_result_base': None}
[1.210s] INFO:colcon.colcon_core.executor:Executing jobs using 'parallel' executor
[1.214s] DEBUG:colcon.colcon_parallel_executor.executor.parallel:run_until_complete
[1.219s] INFO:colcon.colcon_ros.task.ament_cmake.build:Building ROS package in '/home/khaledob/bookros2_ws/src/ThirdParty/ros2_control/ros2_control_test_assets' with build type 'ament_cmake'
[1.220s] INFO:colcon.colcon_cmake.task.cmake.build:Building CMake package in '/home/khaledob/bookros2_ws/src/ThirdParty/ros2_control/ros2_control_test_assets'
[1.265s] INFO:colcon.colcon_core.plugin_system:Skipping extension 'colcon_core.shell.bat': Not used on non-Windows systems
[1.265s] INFO:colcon.colcon_core.shell:Skip shell extension 'powershell' for command environment: Not usable outside of PowerShell
[1.266s] DEBUG:colcon.colcon_core.shell:Skip shell extension 'dsv' for command environment
[1.302s] INFO:colcon.colcon_ros.task.ament_cmake.build:Building ROS package in '/home/khaledob/bookros2_ws/src/ThirdParty/ros2_control/controller_manager_msgs' with build type 'ament_cmake'
[1.303s] INFO:colcon.colcon_cmake.task.cmake.build:Building CMake package in '/home/khaledob/bookros2_ws/src/ThirdParty/ros2_control/controller_manager_msgs'
[1.303s] INFO:colcon.colcon_core.shell:Skip shell extension 'powershell' for command environment: Not usable outside of PowerShell
[1.303s] DEBUG:colcon.colcon_core.shell:Skip shell extension 'dsv' for command environment
[1.342s] INFO:colcon.colcon_ros.task.ament_cmake.build:Building ROS package in '/home/khaledob/bookros2_ws/src/ThirdParty/urdf_test' with build type 'ament_cmake'
[1.342s] INFO:colcon.colcon_cmake.task.cmake.build:Building CMake package in '/home/khaledob/bookros2_ws/src/ThirdParty/urdf_test'
[1.344s] INFO:colcon.colcon_core.shell:Skip shell extension 'powershell' for command environment: Not usable outside of PowerShell
[1.344s] DEBUG:colcon.colcon_core.shell:Skip shell extension 'dsv' for command environment
[1.382s] INFO:colcon.colcon_ros.task.ament_python.build:Building ROS package in '/home/khaledob/bookros2_ws/src/ThirdParty/launch_pal' with build type 'ament_python'
[1.383s] Level 1:colcon.colcon_core.shell:create_environment_hook('launch_pal', 'ament_prefix_path')
[1.384s] INFO:colcon.colcon_core.shell:Creating environment hook '/home/khaledob/bookros2_ws/install/launch_pal/share/launch_pal/hook/ament_prefix_path.ps1'
[1.386s] INFO:colcon.colcon_core.shell:Creating environment descriptor '/home/khaledob/bookros2_ws/install/launch_pal/share/launch_pal/hook/ament_prefix_path.dsv'
[1.387s] INFO:colcon.colcon_core.shell:Creating environment hook '/home/khaledob/bookros2_ws/install/launch_pal/share/launch_pal/hook/ament_prefix_path.sh'
[1.408s] INFO:colcon.colcon_core.shell:Skip shell extension 'powershell' for command environment: Not usable outside of PowerShell
[1.408s] DEBUG:colcon.colcon_core.shell:Skip shell extension 'dsv' for command environment
[1.462s] INFO:colcon.colcon_ros.task.ament_cmake.build:Building ROS package in '/home/khaledob/bookros2_ws/src/ThirdParty/twist_mux' with build type 'ament_cmake'
[1.463s] INFO:colcon.colcon_cmake.task.cmake.build:Building CMake package in '/home/khaledob/bookros2_ws/src/ThirdParty/twist_mux'
[1.469s] INFO:colcon.colcon_core.shell:Skip shell extension 'powershell' for command environment: Not usable outside of PowerShell
[1.471s] DEBUG:colcon.colcon_core.shell:Skip shell extension 'dsv' for command environment
[1.577s] INFO:colcon.colcon_ros.task.ament_cmake.build:Building ROS package in '/home/khaledob/bookros2_ws/src/ThirdParty/hey5_description' with build type 'ament_cmake'
[1.578s] INFO:colcon.colcon_cmake.task.cmake.build:Building CMake package in '/home/khaledob/bookros2_ws/src/ThirdParty/hey5_description'
[1.578s] INFO:colcon.colcon_core.shell:Skip shell extension 'powershell' for command environment: Not usable outside of PowerShell
[1.578s] DEBUG:colcon.colcon_core.shell:Skip shell extension 'dsv' for command environment
[1.645s] INFO:colcon.colcon_ros.task.ament_cmake.build:Building ROS package in '/home/khaledob/bookros2_ws/src/ThirdParty/tiago_description_calibration' with build type 'ament_cmake'
[1.659s] INFO:colcon.colcon_cmake.task.cmake.build:Building CMake package in '/home/khaledob/bookros2_ws/src/ThirdParty/tiago_description_calibration'
[1.661s] INFO:colcon.colcon_core.shell:Skip shell extension 'powershell' for command environment: Not usable outside of PowerShell
[1.661s] DEBUG:colcon.colcon_core.shell:Skip shell extension 'dsv' for command environment
[1.771s] DEBUG:colcon.colcon_core.event_handler.log_command:Invoking command in '/home/khaledob/bookros2_ws/build/ros2_control_test_assets': CMAKE_PREFIX_PATH=${CMAKE_PREFIX_PATH}:/home/khaledob/bookros2_ws/install/ros2controlcli:/home/khaledob/bookros2_ws/install/launch_pal:/home/khaledob/bookros2_ws/install/br2_fsm_bumpgo_py:/opt/ros/foxy /usr/bin/cmake --build /home/khaledob/bookros2_ws/build/ros2_control_test_assets -- -j7 -l7
[1.837s] DEBUG:colcon.colcon_core.event_handler.log_command:Invoking command in '/home/khaledob/bookros2_ws/build/controller_manager_msgs': CMAKE_PREFIX_PATH=${CMAKE_PREFIX_PATH}:/home/khaledob/bookros2_ws/install/ros2controlcli:/home/khaledob/bookros2_ws/install/launch_pal:/home/khaledob/bookros2_ws/install/br2_fsm_bumpgo_py:/opt/ros/foxy /usr/bin/cmake --build /home/khaledob/bookros2_ws/build/controller_manager_msgs -- -j7 -l7
[1.880s] DEBUG:colcon.colcon_core.event_handler.log_command:Invoking command in '/home/khaledob/bookros2_ws/build/urdf_test': CMAKE_PREFIX_PATH=${CMAKE_PREFIX_PATH}:/home/khaledob/bookros2_ws/install/ros2controlcli:/home/khaledob/bookros2_ws/install/launch_pal:/home/khaledob/bookros2_ws/install/br2_fsm_bumpgo_py:/opt/ros/foxy /usr/bin/cmake --build /home/khaledob/bookros2_ws/build/urdf_test -- -j7 -l7
[2.858s] INFO:colcon.colcon_core.task.python.build:Building Python package in '/home/khaledob/bookros2_ws/src/ThirdParty/launch_pal'
[2.859s] INFO:colcon.colcon_core.shell:Skip shell extension 'powershell' for command environment: Not usable outside of PowerShell
[2.859s] DEBUG:colcon.colcon_core.shell:Skip shell extension 'dsv' for command environment
[2.926s] DEBUG:colcon.colcon_core.event_handler.log_command:Invoking command in '/home/khaledob/bookros2_ws/build/twist_mux': CMAKE_PREFIX_PATH=${CMAKE_PREFIX_PATH}:/home/khaledob/bookros2_ws/install/ros2controlcli:/home/khaledob/bookros2_ws/install/launch_pal:/home/khaledob/bookros2_ws/install/br2_fsm_bumpgo_py:/opt/ros/foxy /usr/bin/cmake --build /home/khaledob/bookros2_ws/build/twist_mux -- -j7 -l7
[2.928s] DEBUG:colcon.colcon_core.event_handler.log_command:Invoking command in '/home/khaledob/bookros2_ws/build/hey5_description': CMAKE_PREFIX_PATH=${CMAKE_PREFIX_PATH}:/home/khaledob/bookros2_ws/install/ros2controlcli:/home/khaledob/bookros2_ws/install/launch_pal:/home/khaledob/bookros2_ws/install/br2_fsm_bumpgo_py:/opt/ros/foxy /usr/bin/cmake --build /home/khaledob/bookros2_ws/build/hey5_description -- -j7 -l7
[2.983s] DEBUG:colcon.colcon_core.event_handler.log_command:Invoking command in '/home/khaledob/bookros2_ws/build/tiago_description_calibration': CMAKE_PREFIX_PATH=${CMAKE_PREFIX_PATH}:/home/khaledob/bookros2_ws/install/ros2controlcli:/home/khaledob/bookros2_ws/install/launch_pal:/home/khaledob/bookros2_ws/install/br2_fsm_bumpgo_py:/opt/ros/foxy /usr/bin/cmake --build /home/khaledob/bookros2_ws/build/tiago_description_calibration -- -j7 -l7
[3.091s] DEBUG:colcon.colcon_core.event_handler.log_command:Invoked command in '/home/khaledob/bookros2_ws/build/ros2_control_test_assets' returned '0': CMAKE_PREFIX_PATH=${CMAKE_PREFIX_PATH}:/home/khaledob/bookros2_ws/install/ros2controlcli:/home/khaledob/bookros2_ws/install/launch_pal:/home/khaledob/bookros2_ws/install/br2_fsm_bumpgo_py:/opt/ros/foxy /usr/bin/cmake --build /home/khaledob/bookros2_ws/build/ros2_control_test_assets -- -j7 -l7
[3.154s] DEBUG:colcon.colcon_core.event_handler.log_command:Invoking command in '/home/khaledob/bookros2_ws/build/ros2_control_test_assets': CMAKE_PREFIX_PATH=${CMAKE_PREFIX_PATH}:/home/khaledob/bookros2_ws/install/ros2controlcli:/home/khaledob/bookros2_ws/install/launch_pal:/home/khaledob/bookros2_ws/install/br2_fsm_bumpgo_py:/opt/ros/foxy /usr/bin/cmake --install /home/khaledob/bookros2_ws/build/ros2_control_test_assets
[3.217s] DEBUG:colcon.colcon_core.event_handler.log_command:Invoked command in '/home/khaledob/bookros2_ws/build/urdf_test' returned '0': CMAKE_PREFIX_PATH=${CMAKE_PREFIX_PATH}:/home/khaledob/bookros2_ws/install/ros2controlcli:/home/khaledob/bookros2_ws/install/launch_pal:/home/khaledob/bookros2_ws/install/br2_fsm_bumpgo_py:/opt/ros/foxy /usr/bin/cmake --build /home/khaledob/bookros2_ws/build/urdf_test -- -j7 -l7
[3.229s] DEBUG:colcon.colcon_core.event_handler.log_command:Invoking command in '/home/khaledob/bookros2_ws/build/urdf_test': CMAKE_PREFIX_PATH=${CMAKE_PREFIX_PATH}:/home/khaledob/bookros2_ws/install/ros2controlcli:/home/khaledob/bookros2_ws/install/launch_pal:/home/khaledob/bookros2_ws/install/br2_fsm_bumpgo_py:/opt/ros/foxy /usr/bin/cmake --install /home/khaledob/bookros2_ws/build/urdf_test
[3.565s] DEBUG:colcon.colcon_core.event_handler.log_command:Invoked command in '/home/khaledob/bookros2_ws/build/hey5_description' returned '0': CMAKE_PREFIX_PATH=${CMAKE_PREFIX_PATH}:/home/khaledob/bookros2_ws/install/ros2controlcli:/home/khaledob/bookros2_ws/install/launch_pal:/home/khaledob/bookros2_ws/install/br2_fsm_bumpgo_py:/opt/ros/foxy /usr/bin/cmake --build /home/khaledob/bookros2_ws/build/hey5_description -- -j7 -l7
[3.566s] DEBUG:colcon.colcon_core.event_handler.log_command:Invoking command in '/home/khaledob/bookros2_ws/build/hey5_description': CMAKE_PREFIX_PATH=${CMAKE_PREFIX_PATH}:/home/khaledob/bookros2_ws/install/ros2controlcli:/home/khaledob/bookros2_ws/install/launch_pal:/home/khaledob/bookros2_ws/install/br2_fsm_bumpgo_py:/opt/ros/foxy /usr/bin/cmake --install /home/khaledob/bookros2_ws/build/hey5_description
[3.625s] DEBUG:colcon.colcon_core.event_handler.log_command:Invoked command in '/home/khaledob/bookros2_ws/build/tiago_description_calibration' returned '0': CMAKE_PREFIX_PATH=${CMAKE_PREFIX_PATH}:/home/khaledob/bookros2_ws/install/ros2controlcli:/home/khaledob/bookros2_ws/install/launch_pal:/home/khaledob/bookros2_ws/install/br2_fsm_bumpgo_py:/opt/ros/foxy /usr/bin/cmake --build /home/khaledob/bookros2_ws/build/tiago_description_calibration -- -j7 -l7
[3.626s] DEBUG:colcon.colcon_core.event_handler.log_command:Invoking command in '/home/khaledob/bookros2_ws/build/tiago_description_calibration': CMAKE_PREFIX_PATH=${CMAKE_PREFIX_PATH}:/home/khaledob/bookros2_ws/install/ros2controlcli:/home/khaledob/bookros2_ws/install/launch_pal:/home/khaledob/bookros2_ws/install/br2_fsm_bumpgo_py:/opt/ros/foxy /usr/bin/cmake --install /home/khaledob/bookros2_ws/build/tiago_description_calibration
[3.632s] Level 1:colcon.colcon_core.environment:create_environment_scripts_only(ros2_control_test_assets)
[3.636s] Level 1:colcon.colcon_core.environment:checking '/home/khaledob/bookros2_ws/install/ros2_control_test_assets' for CMake module files
[3.637s] Level 1:colcon.colcon_core.environment:checking '/home/khaledob/bookros2_ws/install/ros2_control_test_assets' for CMake config files
[3.637s] Level 1:colcon.colcon_core.shell:create_environment_hook('ros2_control_test_assets', 'cmake_prefix_path')
[3.638s] INFO:colcon.colcon_core.shell:Creating environment hook '/home/khaledob/bookros2_ws/install/ros2_control_test_assets/share/ros2_control_test_assets/hook/cmake_prefix_path.ps1'
[3.645s] DEBUG:colcon.colcon_core.event_handler.log_command:Invoked command in '/home/khaledob/bookros2_ws/build/ros2_control_test_assets' returned '0': CMAKE_PREFIX_PATH=${CMAKE_PREFIX_PATH}:/home/khaledob/bookros2_ws/install/ros2controlcli:/home/khaledob/bookros2_ws/install/launch_pal:/home/khaledob/bookros2_ws/install/br2_fsm_bumpgo_py:/opt/ros/foxy /usr/bin/cmake --install /home/khaledob/bookros2_ws/build/ros2_control_test_assets
[3.658s] INFO:colcon.colcon_core.shell:Creating environment descriptor '/home/khaledob/bookros2_ws/install/ros2_control_test_assets/share/ros2_control_test_assets/hook/cmake_prefix_path.dsv'
[3.659s] INFO:colcon.colcon_core.shell:Creating environment hook '/home/khaledob/bookros2_ws/install/ros2_control_test_assets/share/ros2_control_test_assets/hook/cmake_prefix_path.sh'
[3.662s] Level 1:colcon.colcon_core.environment:checking '/home/khaledob/bookros2_ws/install/ros2_control_test_assets/bin'
[3.678s] Level 1:colcon.colcon_core.environment:checking '/home/khaledob/bookros2_ws/install/ros2_control_test_assets/lib/pkgconfig/ros2_control_test_assets.pc'
[3.678s] Level 1:colcon.colcon_core.environment:checking '/home/khaledob/bookros2_ws/install/ros2_control_test_assets/lib/python3.8/site-packages'
[3.678s] Level 1:colcon.colcon_core.environment:checking '/home/khaledob/bookros2_ws/install/ros2_control_test_assets/bin'
[3.679s] INFO:colcon.colcon_core.shell:Creating package script '/home/khaledob/bookros2_ws/install/ros2_control_test_assets/share/ros2_control_test_assets/package.ps1'
[3.681s] INFO:colcon.colcon_core.shell:Creating package descriptor '/home/khaledob/bookros2_ws/install/ros2_control_test_assets/share/ros2_control_test_assets/package.dsv'
[3.682s] INFO:colcon.colcon_core.shell:Creating package script '/home/khaledob/bookros2_ws/install/ros2_control_test_assets/share/ros2_control_test_assets/package.sh'
[3.684s] INFO:colcon.colcon_core.shell:Creating package script '/home/khaledob/bookros2_ws/install/ros2_control_test_assets/share/ros2_control_test_assets/package.bash'
[3.687s] INFO:colcon.colcon_core.shell:Creating package script '/home/khaledob/bookros2_ws/install/ros2_control_test_assets/share/ros2_control_test_assets/package.zsh'
[3.689s] Level 1:colcon.colcon_core.environment:create_file_with_runtime_dependencies(/home/khaledob/bookros2_ws/install/ros2_control_test_assets/share/colcon-core/packages/ros2_control_test_assets)
[3.691s] Level 1:colcon.colcon_core.environment:create_environment_scripts_only(ros2_control_test_assets)
[3.691s] Level 1:colcon.colcon_core.environment:checking '/home/khaledob/bookros2_ws/install/ros2_control_test_assets' for CMake module files
[3.692s] Level 1:colcon.colcon_core.environment:checking '/home/khaledob/bookros2_ws/install/ros2_control_test_assets' for CMake config files
[3.693s] Level 1:colcon.colcon_core.shell:create_environment_hook('ros2_control_test_assets', 'cmake_prefix_path')
[3.694s] INFO:colcon.colcon_core.shell:Creating environment hook '/home/khaledob/bookros2_ws/install/ros2_control_test_assets/share/ros2_control_test_assets/hook/cmake_prefix_path.ps1'
[3.695s] INFO:colcon.colcon_core.shell:Creating environment descriptor '/home/khaledob/bookros2_ws/install/ros2_control_test_assets/share/ros2_control_test_assets/hook/cmake_prefix_path.dsv'
[3.711s] INFO:colcon.colcon_core.shell:Creating environment hook '/home/khaledob/bookros2_ws/install/ros2_control_test_assets/share/ros2_control_test_assets/hook/cmake_prefix_path.sh'
[3.752s] Level 1:colcon.colcon_core.environment:checking '/home/khaledob/bookros2_ws/install/ros2_control_test_assets/bin'
[3.753s] Level 1:colcon.colcon_core.environment:checking '/home/khaledob/bookros2_ws/install/ros2_control_test_assets/lib/pkgconfig/ros2_control_test_assets.pc'
[3.753s] Level 1:colcon.colcon_core.environment:checking '/home/khaledob/bookros2_ws/install/ros2_control_test_assets/lib/python3.8/site-packages'
[3.754s] Level 1:colcon.colcon_core.environment:checking '/home/khaledob/bookros2_ws/install/ros2_control_test_assets/bin'
[3.755s] INFO:colcon.colcon_core.shell:Creating package script '/home/khaledob/bookros2_ws/install/ros2_control_test_assets/share/ros2_control_test_assets/package.ps1'
[3.759s] INFO:colcon.colcon_core.shell:Creating package descriptor '/home/khaledob/bookros2_ws/install/ros2_control_test_assets/share/ros2_control_test_assets/package.dsv'
[3.761s] INFO:colcon.colcon_core.shell:Creating package script '/home/khaledob/bookros2_ws/install/ros2_control_test_assets/share/ros2_control_test_assets/package.sh'
[3.764s] INFO:colcon.colcon_core.shell:Creating package script '/home/khaledob/bookros2_ws/install/ros2_control_test_assets/share/ros2_control_test_assets/package.bash'
[3.766s] INFO:colcon.colcon_core.shell:Creating package script '/home/khaledob/bookros2_ws/install/ros2_control_test_assets/share/ros2_control_test_assets/package.zsh'
[3.768s] Level 1:colcon.colcon_core.environment:create_file_with_runtime_dependencies(/home/khaledob/bookros2_ws/install/ros2_control_test_assets/share/colcon-core/packages/ros2_control_test_assets)
[3.787s] INFO:colcon.colcon_ros.task.ament_cmake.build:Building ROS package in '/home/khaledob/bookros2_ws/src/ThirdParty/ros2_control/hardware_interface' with build type 'ament_cmake'
[3.795s] INFO:colcon.colcon_cmake.task.cmake.build:Building CMake package in '/home/khaledob/bookros2_ws/src/ThirdParty/ros2_control/hardware_interface'
[3.796s] INFO:colcon.colcon_core.shell:Skip shell extension 'powershell' for command environment: Not usable outside of PowerShell
[3.797s] DEBUG:colcon.colcon_core.shell:Skip shell extension 'dsv' for command environment
[3.805s] DEBUG:colcon.colcon_core.event_handler.log_command:Invoked command in '/home/khaledob/bookros2_ws/build/twist_mux' returned '0': CMAKE_PREFIX_PATH=${CMAKE_PREFIX_PATH}:/home/khaledob/bookros2_ws/install/ros2controlcli:/home/khaledob/bookros2_ws/install/launch_pal:/home/khaledob/bookros2_ws/install/br2_fsm_bumpgo_py:/opt/ros/foxy /usr/bin/cmake --build /home/khaledob/bookros2_ws/build/twist_mux -- -j7 -l7
[3.821s] DEBUG:colcon.colcon_core.event_handler.log_command:Invoking command in '/home/khaledob/bookros2_ws/build/twist_mux': CMAKE_PREFIX_PATH=${CMAKE_PREFIX_PATH}:/home/khaledob/bookros2_ws/install/ros2controlcli:/home/khaledob/bookros2_ws/install/launch_pal:/home/khaledob/bookros2_ws/install/br2_fsm_bumpgo_py:/opt/ros/foxy /usr/bin/cmake --install /home/khaledob/bookros2_ws/build/twist_mux
[3.890s] Level 1:colcon.colcon_core.environment:create_environment_scripts_only(urdf_test)
[3.890s] Level 1:colcon.colcon_core.environment:checking '/home/khaledob/bookros2_ws/install/urdf_test' for CMake module files
[3.927s] Level 1:colcon.colcon_core.environment:checking '/home/khaledob/bookros2_ws/install/urdf_test' for CMake config files
[3.931s] Level 1:colcon.colcon_core.shell:create_environment_hook('urdf_test', 'cmake_prefix_path')
[3.931s] INFO:colcon.colcon_core.shell:Creating environment hook '/home/khaledob/bookros2_ws/install/urdf_test/share/urdf_test/hook/cmake_prefix_path.ps1'
[3.933s] INFO:colcon.colcon_core.shell:Creating environment descriptor '/home/khaledob/bookros2_ws/install/urdf_test/share/urdf_test/hook/cmake_prefix_path.dsv'
[3.934s] INFO:colcon.colcon_core.shell:Creating environment hook '/home/khaledob/bookros2_ws/install/urdf_test/share/urdf_test/hook/cmake_prefix_path.sh'
[3.946s] Level 1:colcon.colcon_core.environment:checking '/home/khaledob/bookros2_ws/install/urdf_test/lib'
[3.946s] Level 1:colcon.colcon_core.environment:checking '/home/khaledob/bookros2_ws/install/urdf_test/bin'
[3.974s] DEBUG:colcon.colcon_core.event_handler.log_command:Invoked command in '/home/khaledob/bookros2_ws/build/urdf_test' returned '0': CMAKE_PREFIX_PATH=${CMAKE_PREFIX_PATH}:/home/khaledob/bookros2_ws/install/ros2controlcli:/home/khaledob/bookros2_ws/install/launch_pal:/home/khaledob/bookros2_ws/install/br2_fsm_bumpgo_py:/opt/ros/foxy /usr/bin/cmake --install /home/khaledob/bookros2_ws/build/urdf_test
[3.947s] Level 1:colcon.colcon_core.environment:checking '/home/khaledob/bookros2_ws/install/urdf_test/lib/pkgconfig/urdf_test.pc'
[3.981s] Level 1:colcon.colcon_core.environment:checking '/home/khaledob/bookros2_ws/install/urdf_test/lib/python3.8/site-packages'
[3.991s] Level 1:colcon.colcon_core.shell:create_environment_hook('urdf_test', 'pythonpath')
[3.996s] INFO:colcon.colcon_core.shell:Creating environment hook '/home/khaledob/bookros2_ws/install/urdf_test/share/urdf_test/hook/pythonpath.ps1'
[4.020s] INFO:colcon.colcon_core.shell:Creating environment descriptor '/home/khaledob/bookros2_ws/install/urdf_test/share/urdf_test/hook/pythonpath.dsv'
[4.033s] INFO:colcon.colcon_core.shell:Creating environment hook '/home/khaledob/bookros2_ws/install/urdf_test/share/urdf_test/hook/pythonpath.sh'
[4.060s] Level 1:colcon.colcon_core.environment:checking '/home/khaledob/bookros2_ws/install/urdf_test/bin'
[4.060s] INFO:colcon.colcon_core.shell:Creating package script '/home/khaledob/bookros2_ws/install/urdf_test/share/urdf_test/package.ps1'
[4.064s] INFO:colcon.colcon_core.shell:Creating package descriptor '/home/khaledob/bookros2_ws/install/urdf_test/share/urdf_test/package.dsv'
[4.064s] INFO:colcon.colcon_core.shell:Creating package script '/home/khaledob/bookros2_ws/install/urdf_test/share/urdf_test/package.sh'
[4.076s] INFO:colcon.colcon_core.shell:Creating package script '/home/khaledob/bookros2_ws/install/urdf_test/share/urdf_test/package.bash'
[4.077s] INFO:colcon.colcon_core.shell:Creating package script '/home/khaledob/bookros2_ws/install/urdf_test/share/urdf_test/package.zsh'
[4.078s] Level 1:colcon.colcon_core.environment:create_file_with_runtime_dependencies(/home/khaledob/bookros2_ws/install/urdf_test/share/colcon-core/packages/urdf_test)
[4.093s] Level 1:colcon.colcon_core.environment:create_environment_scripts_only(urdf_test)
[4.094s] Level 1:colcon.colcon_core.environment:checking '/home/khaledob/bookros2_ws/install/urdf_test' for CMake module files
[4.096s] Level 1:colcon.colcon_core.environment:checking '/home/khaledob/bookros2_ws/install/urdf_test' for CMake config files
[4.096s] Level 1:colcon.colcon_core.shell:create_environment_hook('urdf_test', 'cmake_prefix_path')
[4.097s] INFO:colcon.colcon_core.shell:Creating environment hook '/home/khaledob/bookros2_ws/install/urdf_test/share/urdf_test/hook/cmake_prefix_path.ps1'
[4.115s] INFO:colcon.colcon_core.shell:Creating environment descriptor '/home/khaledob/bookros2_ws/install/urdf_test/share/urdf_test/hook/cmake_prefix_path.dsv'
[4.116s] INFO:colcon.colcon_core.shell:Creating environment hook '/home/khaledob/bookros2_ws/install/urdf_test/share/urdf_test/hook/cmake_prefix_path.sh'
[4.119s] Level 1:colcon.colcon_core.environment:checking '/home/khaledob/bookros2_ws/install/urdf_test/lib'
[4.120s] Level 1:colcon.colcon_core.environment:checking '/home/khaledob/bookros2_ws/install/urdf_test/bin'
[4.120s] Level 1:colcon.colcon_core.environment:checking '/home/khaledob/bookros2_ws/install/urdf_test/lib/pkgconfig/urdf_test.pc'
[4.120s] Level 1:colcon.colcon_core.environment:checking '/home/khaledob/bookros2_ws/install/urdf_test/lib/python3.8/site-packages'
[4.120s] Level 1:colcon.colcon_core.shell:create_environment_hook('urdf_test', 'pythonpath')
[4.121s] INFO:colcon.colcon_core.shell:Creating environment hook '/home/khaledob/bookros2_ws/install/urdf_test/share/urdf_test/hook/pythonpath.ps1'
[4.122s] INFO:colcon.colcon_core.shell:Creating environment descriptor '/home/khaledob/bookros2_ws/install/urdf_test/share/urdf_test/hook/pythonpath.dsv'
[4.124s] INFO:colcon.colcon_core.shell:Creating environment hook '/home/khaledob/bookros2_ws/install/urdf_test/share/urdf_test/hook/pythonpath.sh'
[4.133s] Level 1:colcon.colcon_core.environment:checking '/home/khaledob/bookros2_ws/install/urdf_test/bin'
[4.137s] INFO:colcon.colcon_core.shell:Creating package script '/home/khaledob/bookros2_ws/install/urdf_test/share/urdf_test/package.ps1'
[4.138s] INFO:colcon.colcon_core.shell:Creating package descriptor '/home/khaledob/bookros2_ws/install/urdf_test/share/urdf_test/package.dsv'
[4.141s] INFO:colcon.colcon_core.shell:Creating package script '/home/khaledob/bookros2_ws/install/urdf_test/share/urdf_test/package.sh'
[4.149s] INFO:colcon.colcon_core.shell:Creating package script '/home/khaledob/bookros2_ws/install/urdf_test/share/urdf_test/package.bash'
[4.153s] INFO:colcon.colcon_core.shell:Creating package script '/home/khaledob/bookros2_ws/install/urdf_test/share/urdf_test/package.zsh'
[4.179s] Level 1:colcon.colcon_core.environment:create_file_with_runtime_dependencies(/home/khaledob/bookros2_ws/install/urdf_test/share/colcon-core/packages/urdf_test)
[4.188s] INFO:colcon.colcon_ros.task.ament_cmake.build:Building ROS package in '/home/khaledob/bookros2_ws/src/ThirdParty/pal_gripper/pal_gripper_description' with build type 'ament_cmake'
[4.188s] INFO:colcon.colcon_cmake.task.cmake.build:Building CMake package in '/home/khaledob/bookros2_ws/src/ThirdParty/pal_gripper/pal_gripper_description'
[4.189s] INFO:colcon.colcon_core.shell:Skip shell extension 'powershell' for command environment: Not usable outside of PowerShell
[4.189s] DEBUG:colcon.colcon_core.shell:Skip shell extension 'dsv' for command environment
[4.227s] Level 1:colcon.colcon_core.environment:create_environment_scripts_only(tiago_description_calibration)
[4.228s] Level 1:colcon.colcon_core.environment:checking '/home/khaledob/bookros2_ws/install/tiago_description_calibration' for CMake module files
[4.229s] Level 1:colcon.colcon_core.environment:checking '/home/khaledob/bookros2_ws/install/tiago_description_calibration' for CMake config files
[4.230s] Level 1:colcon.colcon_core.shell:create_environment_hook('tiago_description_calibration', 'cmake_prefix_path')
[4.231s] INFO:colcon.colcon_core.shell:Creating environment hook '/home/khaledob/bookros2_ws/install/tiago_description_calibration/share/tiago_description_calibration/hook/cmake_prefix_path.ps1'
[4.232s] INFO:colcon.colcon_core.shell:Creating environment descriptor '/home/khaledob/bookros2_ws/install/tiago_description_calibration/share/tiago_description_calibration/hook/cmake_prefix_path.dsv'
[4.234s] INFO:colcon.colcon_core.shell:Creating environment hook '/home/khaledob/bookros2_ws/install/tiago_description_calibration/share/tiago_description_calibration/hook/cmake_prefix_path.sh'
[4.239s] Level 1:colcon.colcon_core.environment:checking '/home/khaledob/bookros2_ws/install/tiago_description_calibration/bin'
[4.239s] Level 1:colcon.colcon_core.environment:checking '/home/khaledob/bookros2_ws/install/tiago_description_calibration/lib/pkgconfig/tiago_description_calibration.pc'
[4.239s] Level 1:colcon.colcon_core.environment:checking '/home/khaledob/bookros2_ws/install/tiago_description_calibration/lib/python3.8/site-packages'
[4.239s] Level 1:colcon.colcon_core.environment:checking '/home/khaledob/bookros2_ws/install/tiago_description_calibration/bin'
[4.244s] INFO:colcon.colcon_core.shell:Creating package script '/home/khaledob/bookros2_ws/install/tiago_description_calibration/share/tiago_description_calibration/package.ps1'
[4.246s] INFO:colcon.colcon_core.shell:Creating package descriptor '/home/khaledob/bookros2_ws/install/tiago_description_calibration/share/tiago_description_calibration/package.dsv'
[4.248s] INFO:colcon.colcon_core.shell:Creating package script '/home/khaledob/bookros2_ws/install/tiago_description_calibration/share/tiago_description_calibration/package.sh'
[4.249s] INFO:colcon.colcon_core.shell:Creating package script '/home/khaledob/bookros2_ws/install/tiago_description_calibration/share/tiago_description_calibration/package.bash'
[4.250s] INFO:colcon.colcon_core.shell:Creating package script '/home/khaledob/bookros2_ws/install/tiago_description_calibration/share/tiago_description_calibration/package.zsh'
[4.253s] Level 1:colcon.colcon_core.environment:create_file_with_runtime_dependencies(/home/khaledob/bookros2_ws/install/tiago_description_calibration/share/colcon-core/packages/tiago_description_calibration)
[4.258s] DEBUG:colcon.colcon_core.event_handler.log_command:Invoked command in '/home/khaledob/bookros2_ws/build/tiago_description_calibration' returned '0': CMAKE_PREFIX_PATH=${CMAKE_PREFIX_PATH}:/home/khaledob/bookros2_ws/install/ros2controlcli:/home/khaledob/bookros2_ws/install/launch_pal:/home/khaledob/bookros2_ws/install/br2_fsm_bumpgo_py:/opt/ros/foxy /usr/bin/cmake --install /home/khaledob/bookros2_ws/build/tiago_description_calibration
[4.265s] Level 1:colcon.colcon_core.environment:create_environment_scripts_only(tiago_description_calibration)
[4.266s] Level 1:colcon.colcon_core.environment:checking '/home/khaledob/bookros2_ws/install/tiago_description_calibration' for CMake module files
[4.267s] Level 1:colcon.colcon_core.environment:checking '/home/khaledob/bookros2_ws/install/tiago_description_calibration' for CMake config files
[4.269s] Level 1:colcon.colcon_core.shell:create_environment_hook('tiago_description_calibration', 'cmake_prefix_path')
[4.270s] INFO:colcon.colcon_core.shell:Creating environment hook '/home/khaledob/bookros2_ws/install/tiago_description_calibration/share/tiago_description_calibration/hook/cmake_prefix_path.ps1'
[4.272s] INFO:colcon.colcon_core.shell:Creating environment descriptor '/home/khaledob/bookros2_ws/install/tiago_description_calibration/share/tiago_description_calibration/hook/cmake_prefix_path.dsv'
[4.273s] INFO:colcon.colcon_core.shell:Creating environment hook '/home/khaledob/bookros2_ws/install/tiago_description_calibration/share/tiago_description_calibration/hook/cmake_prefix_path.sh'
[4.283s] Level 1:colcon.colcon_core.environment:checking '/home/khaledob/bookros2_ws/install/tiago_description_calibration/bin'
[4.284s] Level 1:colcon.colcon_core.environment:checking '/home/khaledob/bookros2_ws/install/tiago_description_calibration/lib/pkgconfig/tiago_description_calibration.pc'
[4.284s] Level 1:colcon.colcon_core.environment:checking '/home/khaledob/bookros2_ws/install/tiago_description_calibration/lib/python3.8/site-packages'
[4.285s] Level 1:colcon.colcon_core.environment:checking '/home/khaledob/bookros2_ws/install/tiago_description_calibration/bin'
[4.285s] INFO:colcon.colcon_core.shell:Creating package script '/home/khaledob/bookros2_ws/install/tiago_description_calibration/share/tiago_description_calibration/package.ps1'
[4.288s] INFO:colcon.colcon_core.shell:Creating package descriptor '/home/khaledob/bookros2_ws/install/tiago_description_calibration/share/tiago_description_calibration/package.dsv'
[4.289s] INFO:colcon.colcon_core.shell:Creating package script '/home/khaledob/bookros2_ws/install/tiago_description_calibration/share/tiago_description_calibration/package.sh'
[4.297s] INFO:colcon.colcon_core.shell:Creating package script '/home/khaledob/bookros2_ws/install/tiago_description_calibration/share/tiago_description_calibration/package.bash'
[4.299s] INFO:colcon.colcon_core.shell:Creating package script '/home/khaledob/bookros2_ws/install/tiago_description_calibration/share/tiago_description_calibration/package.zsh'
[4.300s] Level 1:colcon.colcon_core.environment:create_file_with_runtime_dependencies(/home/khaledob/bookros2_ws/install/tiago_description_calibration/share/colcon-core/packages/tiago_description_calibration)
[4.319s] DEBUG:colcon.colcon_core.event_handler.log_command:Invoked command in '/home/khaledob/bookros2_ws/build/controller_manager_msgs' returned '0': CMAKE_PREFIX_PATH=${CMAKE_PREFIX_PATH}:/home/khaledob/bookros2_ws/install/ros2controlcli:/home/khaledob/bookros2_ws/install/launch_pal:/home/khaledob/bookros2_ws/install/br2_fsm_bumpgo_py:/opt/ros/foxy /usr/bin/cmake --build /home/khaledob/bookros2_ws/build/controller_manager_msgs -- -j7 -l7
[4.321s] DEBUG:colcon.colcon_core.event_handler.log_command:Invoking command in '/home/khaledob/bookros2_ws/build/controller_manager_msgs': CMAKE_PREFIX_PATH=${CMAKE_PREFIX_PATH}:/home/khaledob/bookros2_ws/install/ros2controlcli:/home/khaledob/bookros2_ws/install/launch_pal:/home/khaledob/bookros2_ws/install/br2_fsm_bumpgo_py:/opt/ros/foxy /usr/bin/cmake --install /home/khaledob/bookros2_ws/build/controller_manager_msgs
[4.335s] Level 1:colcon.colcon_core.environment:create_environment_scripts_only(hey5_description)
[4.336s] DEBUG:colcon.colcon_core.event_handler.log_command:Invoked command in '/home/khaledob/bookros2_ws/build/hey5_description' returned '0': CMAKE_PREFIX_PATH=${CMAKE_PREFIX_PATH}:/home/khaledob/bookros2_ws/install/ros2controlcli:/home/khaledob/bookros2_ws/install/launch_pal:/home/khaledob/bookros2_ws/install/br2_fsm_bumpgo_py:/opt/ros/foxy /usr/bin/cmake --install /home/khaledob/bookros2_ws/build/hey5_description
[4.346s] Level 1:colcon.colcon_core.environment:checking '/home/khaledob/bookros2_ws/install/hey5_description' for CMake module files
[4.351s] Level 1:colcon.colcon_core.environment:checking '/home/khaledob/bookros2_ws/install/hey5_description' for CMake config files
[4.352s] Level 1:colcon.colcon_core.shell:create_environment_hook('hey5_description', 'cmake_prefix_path')
[4.353s] INFO:colcon.colcon_core.shell:Creating environment hook '/home/khaledob/bookros2_ws/install/hey5_description/share/hey5_description/hook/cmake_prefix_path.ps1'
[4.355s] INFO:colcon.colcon_core.shell:Creating environment descriptor '/home/khaledob/bookros2_ws/install/hey5_description/share/hey5_description/hook/cmake_prefix_path.dsv'
[4.356s] INFO:colcon.colcon_core.shell:Creating environment hook '/home/khaledob/bookros2_ws/install/hey5_description/share/hey5_description/hook/cmake_prefix_path.sh'
[4.357s] Level 1:colcon.colcon_core.environment:checking '/home/khaledob/bookros2_ws/install/hey5_description/bin'
[4.357s] Level 1:colcon.colcon_core.environment:checking '/home/khaledob/bookros2_ws/install/hey5_description/lib/pkgconfig/hey5_description.pc'
[4.358s] Level 1:colcon.colcon_core.environment:checking '/home/khaledob/bookros2_ws/install/hey5_description/lib/python3.8/site-packages'
[4.358s] Level 1:colcon.colcon_core.environment:checking '/home/khaledob/bookros2_ws/install/hey5_description/bin'
[4.358s] INFO:colcon.colcon_core.shell:Creating package script '/home/khaledob/bookros2_ws/install/hey5_description/share/hey5_description/package.ps1'
[4.360s] INFO:colcon.colcon_core.shell:Creating package descriptor '/home/khaledob/bookros2_ws/install/hey5_description/share/hey5_description/package.dsv'
[4.361s] INFO:colcon.colcon_core.shell:Creating package script '/home/khaledob/bookros2_ws/install/hey5_description/share/hey5_description/package.sh'
[4.362s] INFO:colcon.colcon_core.shell:Creating package script '/home/khaledob/bookros2_ws/install/hey5_description/share/hey5_description/package.bash'
[4.364s] INFO:colcon.colcon_core.shell:Creating package script '/home/khaledob/bookros2_ws/install/hey5_description/share/hey5_description/package.zsh'
[4.365s] Level 1:colcon.colcon_core.environment:create_file_with_runtime_dependencies(/home/khaledob/bookros2_ws/install/hey5_description/share/colcon-core/packages/hey5_description)
[4.367s] Level 1:colcon.colcon_core.environment:create_environment_scripts_only(hey5_description)
[4.368s] Level 1:colcon.colcon_core.environment:checking '/home/khaledob/bookros2_ws/install/hey5_description' for CMake module files
[4.369s] Level 1:colcon.colcon_core.environment:checking '/home/khaledob/bookros2_ws/install/hey5_description' for CMake config files
[4.369s] Level 1:colcon.colcon_core.shell:create_environment_hook('hey5_description', 'cmake_prefix_path')
[4.371s] INFO:colcon.colcon_core.shell:Creating environment hook '/home/khaledob/bookros2_ws/install/hey5_description/share/hey5_description/hook/cmake_prefix_path.ps1'
[4.372s] INFO:colcon.colcon_core.shell:Creating environment descriptor '/home/khaledob/bookros2_ws/install/hey5_description/share/hey5_description/hook/cmake_prefix_path.dsv'
[4.373s] INFO:colcon.colcon_core.shell:Creating environment hook '/home/khaledob/bookros2_ws/install/hey5_description/share/hey5_description/hook/cmake_prefix_path.sh'
[4.375s] Level 1:colcon.colcon_core.environment:checking '/home/khaledob/bookros2_ws/install/hey5_description/bin'
[4.375s] Level 1:colcon.colcon_core.environment:checking '/home/khaledob/bookros2_ws/install/hey5_description/lib/pkgconfig/hey5_description.pc'
[4.376s] Level 1:colcon.colcon_core.environment:checking '/home/khaledob/bookros2_ws/install/hey5_description/lib/python3.8/site-packages'
[4.376s] Level 1:colcon.colcon_core.environment:checking '/home/khaledob/bookros2_ws/install/hey5_description/bin'
[4.377s] INFO:colcon.colcon_core.shell:Creating package script '/home/khaledob/bookros2_ws/install/hey5_description/share/hey5_description/package.ps1'
[4.378s] INFO:colcon.colcon_core.shell:Creating package descriptor '/home/khaledob/bookros2_ws/install/hey5_description/share/hey5_description/package.dsv'
[4.379s] INFO:colcon.colcon_core.shell:Creating package script '/home/khaledob/bookros2_ws/install/hey5_description/share/hey5_description/package.sh'
[4.388s] INFO:colcon.colcon_core.shell:Creating package script '/home/khaledob/bookros2_ws/install/hey5_description/share/hey5_description/package.bash'
[4.393s] INFO:colcon.colcon_core.shell:Creating package script '/home/khaledob/bookros2_ws/install/hey5_description/share/hey5_description/package.zsh'
[4.397s] Level 1:colcon.colcon_core.environment:create_file_with_runtime_dependencies(/home/khaledob/bookros2_ws/install/hey5_description/share/colcon-core/packages/hey5_description)
[4.409s] INFO:colcon.colcon_ros.task.ament_cmake.build:Building ROS package in '/home/khaledob/bookros2_ws/src/ThirdParty/pal_gazebo_worlds' with build type 'ament_cmake'
[4.411s] INFO:colcon.colcon_cmake.task.cmake.build:Building CMake package in '/home/khaledob/bookros2_ws/src/ThirdParty/pal_gazebo_worlds'
[4.411s] INFO:colcon.colcon_core.shell:Skip shell extension 'powershell' for command environment: Not usable outside of PowerShell
[4.411s] DEBUG:colcon.colcon_core.shell:Skip shell extension 'dsv' for command environment
[4.462s] INFO:colcon.colcon_ros.task.ament_cmake.build:Building ROS package in '/home/khaledob/bookros2_ws/src/ThirdParty/pmb2_navigation/pmb2_maps' with build type 'ament_cmake'
[4.463s] INFO:colcon.colcon_cmake.task.cmake.build:Building CMake package in '/home/khaledob/bookros2_ws/src/ThirdParty/pmb2_navigation/pmb2_maps'
[4.464s] INFO:colcon.colcon_core.shell:Skip shell extension 'powershell' for command environment: Not usable outside of PowerShell
[4.464s] DEBUG:colcon.colcon_core.shell:Skip shell extension 'dsv' for command environment
[4.535s] Level 1:colcon.colcon_core.environment:create_environment_scripts_only(twist_mux)
[4.555s] DEBUG:colcon.colcon_core.event_handler.log_command:Invoked command in '/home/khaledob/bookros2_ws/build/twist_mux' returned '0': CMAKE_PREFIX_PATH=${CMAKE_PREFIX_PATH}:/home/khaledob/bookros2_ws/install/ros2controlcli:/home/khaledob/bookros2_ws/install/launch_pal:/home/khaledob/bookros2_ws/install/br2_fsm_bumpgo_py:/opt/ros/foxy /usr/bin/cmake --install /home/khaledob/bookros2_ws/build/twist_mux
[4.560s] Level 1:colcon.colcon_core.environment:checking '/home/khaledob/bookros2_ws/install/twist_mux' for CMake module files
[4.567s] Level 1:colcon.colcon_core.environment:checking '/home/khaledob/bookros2_ws/install/twist_mux' for CMake config files
[4.568s] Level 1:colcon.colcon_core.shell:create_environment_hook('twist_mux', 'cmake_prefix_path')
[4.569s] INFO:colcon.colcon_core.shell:Creating environment hook '/home/khaledob/bookros2_ws/install/twist_mux/share/twist_mux/hook/cmake_prefix_path.ps1'
[4.580s] INFO:colcon.colcon_core.shell:Creating environment descriptor '/home/khaledob/bookros2_ws/install/twist_mux/share/twist_mux/hook/cmake_prefix_path.dsv'
[4.584s] INFO:colcon.colcon_core.shell:Creating environment hook '/home/khaledob/bookros2_ws/install/twist_mux/share/twist_mux/hook/cmake_prefix_path.sh'
[4.625s] Level 1:colcon.colcon_core.environment:checking '/home/khaledob/bookros2_ws/install/twist_mux/lib'
[4.626s] Level 1:colcon.colcon_core.environment:checking '/home/khaledob/bookros2_ws/install/twist_mux/bin'
[4.626s] Level 1:colcon.colcon_core.environment:checking '/home/khaledob/bookros2_ws/install/twist_mux/lib/pkgconfig/twist_mux.pc'
[4.626s] Level 1:colcon.colcon_core.environment:checking '/home/khaledob/bookros2_ws/install/twist_mux/lib/python3.8/site-packages'
[4.627s] Level 1:colcon.colcon_core.environment:checking '/home/khaledob/bookros2_ws/install/twist_mux/bin'
[4.627s] INFO:colcon.colcon_core.shell:Creating package script '/home/khaledob/bookros2_ws/install/twist_mux/share/twist_mux/package.ps1'
[4.629s] INFO:colcon.colcon_core.shell:Creating package descriptor '/home/khaledob/bookros2_ws/install/twist_mux/share/twist_mux/package.dsv'
[4.630s] INFO:colcon.colcon_core.shell:Creating package script '/home/khaledob/bookros2_ws/install/twist_mux/share/twist_mux/package.sh'
[4.632s] INFO:colcon.colcon_core.shell:Creating package script '/home/khaledob/bookros2_ws/install/twist_mux/share/twist_mux/package.bash'
[4.633s] INFO:colcon.colcon_core.shell:Creating package script '/home/khaledob/bookros2_ws/install/twist_mux/share/twist_mux/package.zsh'
[4.635s] Level 1:colcon.colcon_core.environment:create_file_with_runtime_dependencies(/home/khaledob/bookros2_ws/install/twist_mux/share/colcon-core/packages/twist_mux)
[4.637s] Level 1:colcon.colcon_core.environment:create_environment_scripts_only(twist_mux)
[4.637s] Level 1:colcon.colcon_core.environment:checking '/home/khaledob/bookros2_ws/install/twist_mux' for CMake module files
[4.660s] Level 1:colcon.colcon_core.environment:checking '/home/khaledob/bookros2_ws/install/twist_mux' for CMake config files
[4.661s] Level 1:colcon.colcon_core.shell:create_environment_hook('twist_mux', 'cmake_prefix_path')
[4.661s] INFO:colcon.colcon_core.shell:Creating environment hook '/home/khaledob/bookros2_ws/install/twist_mux/share/twist_mux/hook/cmake_prefix_path.ps1'
[4.663s] INFO:colcon.colcon_core.shell:Creating environment descriptor '/home/khaledob/bookros2_ws/install/twist_mux/share/twist_mux/hook/cmake_prefix_path.dsv'
[4.664s] INFO:colcon.colcon_core.shell:Creating environment hook '/home/khaledob/bookros2_ws/install/twist_mux/share/twist_mux/hook/cmake_prefix_path.sh'
[4.666s] Level 1:colcon.colcon_core.environment:checking '/home/khaledob/bookros2_ws/install/twist_mux/lib'
[4.668s] Level 1:colcon.colcon_core.environment:checking '/home/khaledob/bookros2_ws/install/twist_mux/bin'
[4.668s] Level 1:colcon.colcon_core.environment:checking '/home/khaledob/bookros2_ws/install/twist_mux/lib/pkgconfig/twist_mux.pc'
[4.669s] Level 1:colcon.colcon_core.environment:checking '/home/khaledob/bookros2_ws/install/twist_mux/lib/python3.8/site-packages'
[4.669s] Level 1:colcon.colcon_core.environment:checking '/home/khaledob/bookros2_ws/install/twist_mux/bin'
[4.670s] INFO:colcon.colcon_core.shell:Creating package script '/home/khaledob/bookros2_ws/install/twist_mux/share/twist_mux/package.ps1'
[4.673s] INFO:colcon.colcon_core.shell:Creating package descriptor '/home/khaledob/bookros2_ws/install/twist_mux/share/twist_mux/package.dsv'
[4.676s] INFO:colcon.colcon_core.shell:Creating package script '/home/khaledob/bookros2_ws/install/twist_mux/share/twist_mux/package.sh'
[4.691s] INFO:colcon.colcon_core.shell:Creating package script '/home/khaledob/bookros2_ws/install/twist_mux/share/twist_mux/package.bash'
[4.719s] INFO:colcon.colcon_core.shell:Creating package script '/home/khaledob/bookros2_ws/install/twist_mux/share/twist_mux/package.zsh'
[4.723s] Level 1:colcon.colcon_core.environment:create_file_with_runtime_dependencies(/home/khaledob/bookros2_ws/install/twist_mux/share/colcon-core/packages/twist_mux)
[4.772s] INFO:colcon.colcon_ros.task.ament_cmake.build:Building ROS package in '/home/khaledob/bookros2_ws/src/book_ros2/br2_tracking_msgs' with build type 'ament_cmake'
[4.775s] INFO:colcon.colcon_cmake.task.cmake.build:Building CMake package in '/home/khaledob/bookros2_ws/src/book_ros2/br2_tracking_msgs'
[4.776s] INFO:colcon.colcon_core.shell:Skip shell extension 'powershell' for command environment: Not usable outside of PowerShell
[4.776s] DEBUG:colcon.colcon_core.shell:Skip shell extension 'dsv' for command environment
[4.874s] DEBUG:colcon.colcon_core.event_handler.log_command:Invoking command in '/home/khaledob/bookros2_ws/build/hardware_interface': CMAKE_PREFIX_PATH=/home/khaledob/bookros2_ws/install/ros2_control_test_assets:/home/khaledob/bookros2_ws/install/task2b:/home/khaledob/bookros2_ws/install/task2a:/home/khaledob/bookros2_ws/install/gazebo_ros2_control_demos:/home/khaledob/bookros2_ws/install/ros2_controllers:/home/khaledob/bookros2_ws/install/velocity_controllers:/home/khaledob/bookros2_ws/install/urdf_test:/home/khaledob/bookros2_ws/install/tiago_simulation:/home/khaledob/bookros2_ws/install/tiago_robot:/home/khaledob/bookros2_ws/install/tiago_2dnav_gazebo:/home/khaledob/bookros2_ws/install/tiago_gazebo:/home/khaledob/bookros2_ws/install/tiago_bringup:/home/khaledob/bookros2_ws/install/pmb2_robot:/home/khaledob/bookros2_ws/install/pmb2_bringup:/home/khaledob/bookros2_ws/install/twist_mux:/home/khaledob/bookros2_ws/install/transmission_interface:/home/khaledob/bookros2_ws/install/tiago_description:/home/khaledob/bookros2_ws/install/tiago_description_calibration:/home/khaledob/bookros2_ws/install/tiago_controller_configuration:/home/khaledob/bookros2_ws/install/task1:/home/khaledob/bookros2_ws/install/ros2_control:/home/khaledob/bookros2_ws/install/pal_gripper:/home/khaledob/bookros2_ws/install/pal_gripper_controller_configuration:/home/khaledob/bookros2_ws/install/position_controllers:/home/khaledob/bookros2_ws/install/pmb2_navigation:/home/khaledob/bookros2_ws/install/pmb2_2dnav:/home/khaledob/bookros2_ws/install/pmb2_maps:/home/khaledob/bookros2_ws/install/pmb2_description:/home/khaledob/bookros2_ws/install/pmb2_controller_configuration:/home/khaledob/bookros2_ws/install/pal_gripper_description:/home/khaledob/bookros2_ws/install/pal_gazebo_worlds:/home/khaledob/bookros2_ws/install/joint_trajectory_controller:/home/khaledob/bookros2_ws/install/joint_state_controller:/home/khaledob/bookros2_ws/install/joint_state_broadcaster:/home/khaledob/bookros2_ws/install/imu_sensor_broadcaster:/home/khaledob/bookros2_ws/install/hey5_description:/home/khaledob/bookros2_ws/install/gripper_controllers:/home/khaledob/bookros2_ws/install/gazebo_ros2_control:/home/khaledob/bookros2_ws/install/effort_controllers:/home/khaledob/bookros2_ws/install/forward_command_controller:/home/khaledob/bookros2_ws/install/force_torque_sensor_broadcaster:/home/khaledob/bookros2_ws/install/diff_drive_controller:/home/khaledob/bookros2_ws/install/controller_manager:/home/khaledob/bookros2_ws/install/controller_interface:/home/khaledob/bookros2_ws/install/hardware_interface:/home/khaledob/bookros2_ws/install/groot:/home/khaledob/bookros2_ws/install/controller_manager_msgs:/home/khaledob/bookros2_ws/install/br2_vff_avoidance:/home/khaledob/bookros2_ws/install/br2_tracking:/home/khaledob/bookros2_ws/install/br2_tracking_msgs:/home/khaledob/bookros2_ws/install/br2_tiago:/home/khaledob/bookros2_ws/install/br2_tf2_detector:/home/khaledob/bookros2_ws/install/br2_navigation:/home/khaledob/bookros2_ws/install/br2_fsm_bumpgo_cpp:/home/khaledob/bookros2_ws/install/br2_bt_patrolling:/home/khaledob/bookros2_ws/install/br2_bt_bumpgo:/home/khaledob/bookros2_ws/install/br2_basics:/home/khaledob/bookros2_ws/install/ros2controlcli:/home/khaledob/bookros2_ws/install/launch_pal:/home/khaledob/bookros2_ws/install/br2_fsm_bumpgo_py:/opt/ros/foxy /usr/bin/cmake --build /home/khaledob/bookros2_ws/build/hardware_interface -- -j7 -l7
[5.008s] DEBUG:colcon.colcon_core.event_handler.log_command:Invoking command in '/home/khaledob/bookros2_ws/build/pal_gripper_description': CMAKE_PREFIX_PATH=/home/khaledob/bookros2_ws/install/urdf_test:/home/khaledob/bookros2_ws/install/task2b:/home/khaledob/bookros2_ws/install/task2a:/home/khaledob/bookros2_ws/install/gazebo_ros2_control_demos:/home/khaledob/bookros2_ws/install/ros2_controllers:/home/khaledob/bookros2_ws/install/velocity_controllers:/home/khaledob/bookros2_ws/install/tiago_simulation:/home/khaledob/bookros2_ws/install/tiago_robot:/home/khaledob/bookros2_ws/install/tiago_2dnav_gazebo:/home/khaledob/bookros2_ws/install/tiago_gazebo:/home/khaledob/bookros2_ws/install/tiago_bringup:/home/khaledob/bookros2_ws/install/pmb2_robot:/home/khaledob/bookros2_ws/install/pmb2_bringup:/home/khaledob/bookros2_ws/install/twist_mux:/home/khaledob/bookros2_ws/install/transmission_interface:/home/khaledob/bookros2_ws/install/tiago_description:/home/khaledob/bookros2_ws/install/tiago_description_calibration:/home/khaledob/bookros2_ws/install/tiago_controller_configuration:/home/khaledob/bookros2_ws/install/task1:/home/khaledob/bookros2_ws/install/ros2_control:/home/khaledob/bookros2_ws/install/ros2_control_test_assets:/home/khaledob/bookros2_ws/install/pal_gripper:/home/khaledob/bookros2_ws/install/pal_gripper_controller_configuration:/home/khaledob/bookros2_ws/install/position_controllers:/home/khaledob/bookros2_ws/install/pmb2_navigation:/home/khaledob/bookros2_ws/install/pmb2_2dnav:/home/khaledob/bookros2_ws/install/pmb2_maps:/home/khaledob/bookros2_ws/install/pmb2_description:/home/khaledob/bookros2_ws/install/pmb2_controller_configuration:/home/khaledob/bookros2_ws/install/pal_gripper_description:/home/khaledob/bookros2_ws/install/pal_gazebo_worlds:/home/khaledob/bookros2_ws/install/joint_trajectory_controller:/home/khaledob/bookros2_ws/install/joint_state_controller:/home/khaledob/bookros2_ws/install/joint_state_broadcaster:/home/khaledob/bookros2_ws/install/imu_sensor_broadcaster:/home/khaledob/bookros2_ws/install/hey5_description:/home/khaledob/bookros2_ws/install/gripper_controllers:/home/khaledob/bookros2_ws/install/gazebo_ros2_control:/home/khaledob/bookros2_ws/install/effort_controllers:/home/khaledob/bookros2_ws/install/forward_command_controller:/home/khaledob/bookros2_ws/install/force_torque_sensor_broadcaster:/home/khaledob/bookros2_ws/install/diff_drive_controller:/home/khaledob/bookros2_ws/install/controller_manager:/home/khaledob/bookros2_ws/install/controller_interface:/home/khaledob/bookros2_ws/install/hardware_interface:/home/khaledob/bookros2_ws/install/groot:/home/khaledob/bookros2_ws/install/controller_manager_msgs:/home/khaledob/bookros2_ws/install/br2_vff_avoidance:/home/khaledob/bookros2_ws/install/br2_tracking:/home/khaledob/bookros2_ws/install/br2_tracking_msgs:/home/khaledob/bookros2_ws/install/br2_tiago:/home/khaledob/bookros2_ws/install/br2_tf2_detector:/home/khaledob/bookros2_ws/install/br2_navigation:/home/khaledob/bookros2_ws/install/br2_fsm_bumpgo_cpp:/home/khaledob/bookros2_ws/install/br2_bt_patrolling:/home/khaledob/bookros2_ws/install/br2_bt_bumpgo:/home/khaledob/bookros2_ws/install/br2_basics:/home/khaledob/bookros2_ws/install/ros2controlcli:/home/khaledob/bookros2_ws/install/launch_pal:/home/khaledob/bookros2_ws/install/br2_fsm_bumpgo_py:/opt/ros/foxy /usr/bin/cmake --build /home/khaledob/bookros2_ws/build/pal_gripper_description -- -j7 -l7
[5.108s] DEBUG:colcon.colcon_core.event_handler.log_command:Invoking command in '/home/khaledob/bookros2_ws/build/pal_gazebo_worlds': CMAKE_PREFIX_PATH=${CMAKE_PREFIX_PATH}:/home/khaledob/bookros2_ws/install/ros2controlcli:/home/khaledob/bookros2_ws/install/launch_pal:/home/khaledob/bookros2_ws/install/br2_fsm_bumpgo_py:/opt/ros/foxy /usr/bin/cmake --build /home/khaledob/bookros2_ws/build/pal_gazebo_worlds -- -j7 -l7
[5.193s] DEBUG:colcon.colcon_core.event_handler.log_command:Invoking command in '/home/khaledob/bookros2_ws/build/pmb2_maps': CMAKE_PREFIX_PATH=${CMAKE_PREFIX_PATH}:/home/khaledob/bookros2_ws/install/ros2controlcli:/home/khaledob/bookros2_ws/install/launch_pal:/home/khaledob/bookros2_ws/install/br2_fsm_bumpgo_py:/opt/ros/foxy /usr/bin/cmake --build /home/khaledob/bookros2_ws/build/pmb2_maps -- -j7 -l7
[5.311s] DEBUG:colcon.colcon_core.event_handler.log_command:Invoking command in '/home/khaledob/bookros2_ws/build/br2_tracking_msgs': CMAKE_PREFIX_PATH=${CMAKE_PREFIX_PATH}:/home/khaledob/bookros2_ws/install/ros2controlcli:/home/khaledob/bookros2_ws/install/launch_pal:/home/khaledob/bookros2_ws/install/br2_fsm_bumpgo_py:/opt/ros/foxy /usr/bin/cmake --build /home/khaledob/bookros2_ws/build/br2_tracking_msgs -- -j7 -l7
[5.355s] DEBUG:colcon.colcon_core.event_handler.log_command:Invoked command in '/home/khaledob/bookros2_ws/build/pal_gripper_description' returned '0': CMAKE_PREFIX_PATH=/home/khaledob/bookros2_ws/install/urdf_test:/home/khaledob/bookros2_ws/install/task2b:/home/khaledob/bookros2_ws/install/task2a:/home/khaledob/bookros2_ws/install/gazebo_ros2_control_demos:/home/khaledob/bookros2_ws/install/ros2_controllers:/home/khaledob/bookros2_ws/install/velocity_controllers:/home/khaledob/bookros2_ws/install/tiago_simulation:/home/khaledob/bookros2_ws/install/tiago_robot:/home/khaledob/bookros2_ws/install/tiago_2dnav_gazebo:/home/khaledob/bookros2_ws/install/tiago_gazebo:/home/khaledob/bookros2_ws/install/tiago_bringup:/home/khaledob/bookros2_ws/install/pmb2_robot:/home/khaledob/bookros2_ws/install/pmb2_bringup:/home/khaledob/bookros2_ws/install/twist_mux:/home/khaledob/bookros2_ws/install/transmission_interface:/home/khaledob/bookros2_ws/install/tiago_description:/home/khaledob/bookros2_ws/install/tiago_description_calibration:/home/khaledob/bookros2_ws/install/tiago_controller_configuration:/home/khaledob/bookros2_ws/install/task1:/home/khaledob/bookros2_ws/install/ros2_control:/home/khaledob/bookros2_ws/install/ros2_control_test_assets:/home/khaledob/bookros2_ws/install/pal_gripper:/home/khaledob/bookros2_ws/install/pal_gripper_controller_configuration:/home/khaledob/bookros2_ws/install/position_controllers:/home/khaledob/bookros2_ws/install/pmb2_navigation:/home/khaledob/bookros2_ws/install/pmb2_2dnav:/home/khaledob/bookros2_ws/install/pmb2_maps:/home/khaledob/bookros2_ws/install/pmb2_description:/home/khaledob/bookros2_ws/install/pmb2_controller_configuration:/home/khaledob/bookros2_ws/install/pal_gripper_description:/home/khaledob/bookros2_ws/install/pal_gazebo_worlds:/home/khaledob/bookros2_ws/install/joint_trajectory_controller:/home/khaledob/bookros2_ws/install/joint_state_controller:/home/khaledob/bookros2_ws/install/joint_state_broadcaster:/home/khaledob/bookros2_ws/install/imu_sensor_broadcaster:/home/khaledob/bookros2_ws/install/hey5_description:/home/khaledob/bookros2_ws/install/gripper_controllers:/home/khaledob/bookros2_ws/install/gazebo_ros2_control:/home/khaledob/bookros2_ws/install/effort_controllers:/home/khaledob/bookros2_ws/install/forward_command_controller:/home/khaledob/bookros2_ws/install/force_torque_sensor_broadcaster:/home/khaledob/bookros2_ws/install/diff_drive_controller:/home/khaledob/bookros2_ws/install/controller_manager:/home/khaledob/bookros2_ws/install/controller_interface:/home/khaledob/bookros2_ws/install/hardware_interface:/home/khaledob/bookros2_ws/install/groot:/home/khaledob/bookros2_ws/install/controller_manager_msgs:/home/khaledob/bookros2_ws/install/br2_vff_avoidance:/home/khaledob/bookros2_ws/install/br2_tracking:/home/khaledob/bookros2_ws/install/br2_tracking_msgs:/home/khaledob/bookros2_ws/install/br2_tiago:/home/khaledob/bookros2_ws/install/br2_tf2_detector:/home/khaledob/bookros2_ws/install/br2_navigation:/home/khaledob/bookros2_ws/install/br2_fsm_bumpgo_cpp:/home/khaledob/bookros2_ws/install/br2_bt_patrolling:/home/khaledob/bookros2_ws/install/br2_bt_bumpgo:/home/khaledob/bookros2_ws/install/br2_basics:/home/khaledob/bookros2_ws/install/ros2controlcli:/home/khaledob/bookros2_ws/install/launch_pal:/home/khaledob/bookros2_ws/install/br2_fsm_bumpgo_py:/opt/ros/foxy /usr/bin/cmake --build /home/khaledob/bookros2_ws/build/pal_gripper_description -- -j7 -l7
[5.452s] DEBUG:colcon.colcon_core.event_handler.log_command:Invoking command in '/home/khaledob/bookros2_ws/build/pal_gripper_description': CMAKE_PREFIX_PATH=/home/khaledob/bookros2_ws/install/urdf_test:/home/khaledob/bookros2_ws/install/task2b:/home/khaledob/bookros2_ws/install/task2a:/home/khaledob/bookros2_ws/install/gazebo_ros2_control_demos:/home/khaledob/bookros2_ws/install/ros2_controllers:/home/khaledob/bookros2_ws/install/velocity_controllers:/home/khaledob/bookros2_ws/install/tiago_simulation:/home/khaledob/bookros2_ws/install/tiago_robot:/home/khaledob/bookros2_ws/install/tiago_2dnav_gazebo:/home/khaledob/bookros2_ws/install/tiago_gazebo:/home/khaledob/bookros2_ws/install/tiago_bringup:/home/khaledob/bookros2_ws/install/pmb2_robot:/home/khaledob/bookros2_ws/install/pmb2_bringup:/home/khaledob/bookros2_ws/install/twist_mux:/home/khaledob/bookros2_ws/install/transmission_interface:/home/khaledob/bookros2_ws/install/tiago_description:/home/khaledob/bookros2_ws/install/tiago_description_calibration:/home/khaledob/bookros2_ws/install/tiago_controller_configuration:/home/khaledob/bookros2_ws/install/task1:/home/khaledob/bookros2_ws/install/ros2_control:/home/khaledob/bookros2_ws/install/ros2_control_test_assets:/home/khaledob/bookros2_ws/install/pal_gripper:/home/khaledob/bookros2_ws/install/pal_gripper_controller_configuration:/home/khaledob/bookros2_ws/install/position_controllers:/home/khaledob/bookros2_ws/install/pmb2_navigation:/home/khaledob/bookros2_ws/install/pmb2_2dnav:/home/khaledob/bookros2_ws/install/pmb2_maps:/home/khaledob/bookros2_ws/install/pmb2_description:/home/khaledob/bookros2_ws/install/pmb2_controller_configuration:/home/khaledob/bookros2_ws/install/pal_gripper_description:/home/khaledob/bookros2_ws/install/pal_gazebo_worlds:/home/khaledob/bookros2_ws/install/joint_trajectory_controller:/home/khaledob/bookros2_ws/install/joint_state_controller:/home/khaledob/bookros2_ws/install/joint_state_broadcaster:/home/khaledob/bookros2_ws/install/imu_sensor_broadcaster:/home/khaledob/bookros2_ws/install/hey5_description:/home/khaledob/bookros2_ws/install/gripper_controllers:/home/khaledob/bookros2_ws/install/gazebo_ros2_control:/home/khaledob/bookros2_ws/install/effort_controllers:/home/khaledob/bookros2_ws/install/forward_command_controller:/home/khaledob/bookros2_ws/install/force_torque_sensor_broadcaster:/home/khaledob/bookros2_ws/install/diff_drive_controller:/home/khaledob/bookros2_ws/install/controller_manager:/home/khaledob/bookros2_ws/install/controller_interface:/home/khaledob/bookros2_ws/install/hardware_interface:/home/khaledob/bookros2_ws/install/groot:/home/khaledob/bookros2_ws/install/controller_manager_msgs:/home/khaledob/bookros2_ws/install/br2_vff_avoidance:/home/khaledob/bookros2_ws/install/br2_tracking:/home/khaledob/bookros2_ws/install/br2_tracking_msgs:/home/khaledob/bookros2_ws/install/br2_tiago:/home/khaledob/bookros2_ws/install/br2_tf2_detector:/home/khaledob/bookros2_ws/install/br2_navigation:/home/khaledob/bookros2_ws/install/br2_fsm_bumpgo_cpp:/home/khaledob/bookros2_ws/install/br2_bt_patrolling:/home/khaledob/bookros2_ws/install/br2_bt_bumpgo:/home/khaledob/bookros2_ws/install/br2_basics:/home/khaledob/bookros2_ws/install/ros2controlcli:/home/khaledob/bookros2_ws/install/launch_pal:/home/khaledob/bookros2_ws/install/br2_fsm_bumpgo_py:/opt/ros/foxy /usr/bin/cmake --install /home/khaledob/bookros2_ws/build/pal_gripper_description
[5.505s] Level 1:colcon.colcon_core.environment:create_environment_scripts_only(controller_manager_msgs)
[5.505s] DEBUG:colcon.colcon_core.event_handler.log_command:Invoked command in '/home/khaledob/bookros2_ws/build/controller_manager_msgs' returned '0': CMAKE_PREFIX_PATH=${CMAKE_PREFIX_PATH}:/home/khaledob/bookros2_ws/install/ros2controlcli:/home/khaledob/bookros2_ws/install/launch_pal:/home/khaledob/bookros2_ws/install/br2_fsm_bumpgo_py:/opt/ros/foxy /usr/bin/cmake --install /home/khaledob/bookros2_ws/build/controller_manager_msgs
[5.511s] Level 1:colcon.colcon_core.environment:checking '/home/khaledob/bookros2_ws/install/controller_manager_msgs' for CMake module files
[5.522s] Level 1:colcon.colcon_core.environment:checking '/home/khaledob/bookros2_ws/install/controller_manager_msgs' for CMake config files
[5.540s] Level 1:colcon.colcon_core.shell:create_environment_hook('controller_manager_msgs', 'cmake_prefix_path')
[5.560s] INFO:colcon.colcon_core.shell:Creating environment hook '/home/khaledob/bookros2_ws/install/controller_manager_msgs/share/controller_manager_msgs/hook/cmake_prefix_path.ps1'
[5.561s] INFO:colcon.colcon_core.shell:Creating environment descriptor '/home/khaledob/bookros2_ws/install/controller_manager_msgs/share/controller_manager_msgs/hook/cmake_prefix_path.dsv'
[5.562s] INFO:colcon.colcon_core.shell:Creating environment hook '/home/khaledob/bookros2_ws/install/controller_manager_msgs/share/controller_manager_msgs/hook/cmake_prefix_path.sh'
[5.575s] Level 1:colcon.colcon_core.environment:checking '/home/khaledob/bookros2_ws/install/controller_manager_msgs/lib'
[5.576s] Level 1:colcon.colcon_core.shell:create_environment_hook('controller_manager_msgs', 'ld_library_path_lib')
[5.576s] INFO:colcon.colcon_core.shell:Creating environment hook '/home/khaledob/bookros2_ws/install/controller_manager_msgs/share/controller_manager_msgs/hook/ld_library_path_lib.ps1'
[5.577s] INFO:colcon.colcon_core.shell:Creating environment descriptor '/home/khaledob/bookros2_ws/install/controller_manager_msgs/share/controller_manager_msgs/hook/ld_library_path_lib.dsv'
[5.579s] INFO:colcon.colcon_core.shell:Creating environment hook '/home/khaledob/bookros2_ws/install/controller_manager_msgs/share/controller_manager_msgs/hook/ld_library_path_lib.sh'
[5.612s] Level 1:colcon.colcon_core.environment:checking '/home/khaledob/bookros2_ws/install/controller_manager_msgs/bin'
[5.613s] Level 1:colcon.colcon_core.environment:checking '/home/khaledob/bookros2_ws/install/controller_manager_msgs/lib/pkgconfig/controller_manager_msgs.pc'
[5.615s] Level 1:colcon.colcon_core.environment:checking '/home/khaledob/bookros2_ws/install/controller_manager_msgs/lib/python3.8/site-packages'
[5.615s] Level 1:colcon.colcon_core.shell:create_environment_hook('controller_manager_msgs', 'pythonpath')
[5.616s] INFO:colcon.colcon_core.shell:Creating environment hook '/home/khaledob/bookros2_ws/install/controller_manager_msgs/share/controller_manager_msgs/hook/pythonpath.ps1'
[5.634s] INFO:colcon.colcon_core.shell:Creating environment descriptor '/home/khaledob/bookros2_ws/install/controller_manager_msgs/share/controller_manager_msgs/hook/pythonpath.dsv'
[5.636s] INFO:colcon.colcon_core.shell:Creating environment hook '/home/khaledob/bookros2_ws/install/controller_manager_msgs/share/controller_manager_msgs/hook/pythonpath.sh'
[5.637s] Level 1:colcon.colcon_core.environment:checking '/home/khaledob/bookros2_ws/install/controller_manager_msgs/bin'
[5.638s] INFO:colcon.colcon_core.shell:Creating package script '/home/khaledob/bookros2_ws/install/controller_manager_msgs/share/controller_manager_msgs/package.ps1'
[5.640s] INFO:colcon.colcon_core.shell:Creating package descriptor '/home/khaledob/bookros2_ws/install/controller_manager_msgs/share/controller_manager_msgs/package.dsv'
[5.653s] INFO:colcon.colcon_core.shell:Creating package script '/home/khaledob/bookros2_ws/install/controller_manager_msgs/share/controller_manager_msgs/package.sh'
[5.654s] INFO:colcon.colcon_core.shell:Creating package script '/home/khaledob/bookros2_ws/install/controller_manager_msgs/share/controller_manager_msgs/package.bash'
[5.681s] INFO:colcon.colcon_core.shell:Creating package script '/home/khaledob/bookros2_ws/install/controller_manager_msgs/share/controller_manager_msgs/package.zsh'
[5.684s] Level 1:colcon.colcon_core.environment:create_file_with_runtime_dependencies(/home/khaledob/bookros2_ws/install/controller_manager_msgs/share/colcon-core/packages/controller_manager_msgs)
[5.733s] Level 1:colcon.colcon_core.environment:create_environment_scripts_only(controller_manager_msgs)
[5.734s] Level 1:colcon.colcon_core.environment:checking '/home/khaledob/bookros2_ws/install/controller_manager_msgs' for CMake module files
[5.735s] Level 1:colcon.colcon_core.environment:checking '/home/khaledob/bookros2_ws/install/controller_manager_msgs' for CMake config files
[5.737s] Level 1:colcon.colcon_core.shell:create_environment_hook('controller_manager_msgs', 'cmake_prefix_path')
[5.742s] INFO:colcon.colcon_core.shell:Creating environment hook '/home/khaledob/bookros2_ws/install/controller_manager_msgs/share/controller_manager_msgs/hook/cmake_prefix_path.ps1'
[5.744s] INFO:colcon.colcon_core.shell:Creating environment descriptor '/home/khaledob/bookros2_ws/install/controller_manager_msgs/share/controller_manager_msgs/hook/cmake_prefix_path.dsv'
[5.745s] INFO:colcon.colcon_core.shell:Creating environment hook '/home/khaledob/bookros2_ws/install/controller_manager_msgs/share/controller_manager_msgs/hook/cmake_prefix_path.sh'
[5.755s] Level 1:colcon.colcon_core.environment:checking '/home/khaledob/bookros2_ws/install/controller_manager_msgs/lib'
[5.756s] Level 1:colcon.colcon_core.shell:create_environment_hook('controller_manager_msgs', 'ld_library_path_lib')
[5.757s] INFO:colcon.colcon_core.shell:Creating environment hook '/home/khaledob/bookros2_ws/install/controller_manager_msgs/share/controller_manager_msgs/hook/ld_library_path_lib.ps1'
[5.758s] INFO:colcon.colcon_core.shell:Creating environment descriptor '/home/khaledob/bookros2_ws/install/controller_manager_msgs/share/controller_manager_msgs/hook/ld_library_path_lib.dsv'
[5.759s] INFO:colcon.colcon_core.shell:Creating environment hook '/home/khaledob/bookros2_ws/install/controller_manager_msgs/share/controller_manager_msgs/hook/ld_library_path_lib.sh'
[5.761s] Level 1:colcon.colcon_core.environment:checking '/home/khaledob/bookros2_ws/install/controller_manager_msgs/bin'
[5.762s] Level 1:colcon.colcon_core.environment:checking '/home/khaledob/bookros2_ws/install/controller_manager_msgs/lib/pkgconfig/controller_manager_msgs.pc'
[5.762s] Level 1:colcon.colcon_core.environment:checking '/home/khaledob/bookros2_ws/install/controller_manager_msgs/lib/python3.8/site-packages'
[5.774s] Level 1:colcon.colcon_core.shell:create_environment_hook('controller_manager_msgs', 'pythonpath')
[5.775s] INFO:colcon.colcon_core.shell:Creating environment hook '/home/khaledob/bookros2_ws/install/controller_manager_msgs/share/controller_manager_msgs/hook/pythonpath.ps1'
[5.776s] INFO:colcon.colcon_core.shell:Creating environment descriptor '/home/khaledob/bookros2_ws/install/controller_manager_msgs/share/controller_manager_msgs/hook/pythonpath.dsv'
[5.778s] INFO:colcon.colcon_core.shell:Creating environment hook '/home/khaledob/bookros2_ws/install/controller_manager_msgs/share/controller_manager_msgs/hook/pythonpath.sh'
[5.780s] Level 1:colcon.colcon_core.environment:checking '/home/khaledob/bookros2_ws/install/controller_manager_msgs/bin'
[5.790s] INFO:colcon.colcon_core.shell:Creating package script '/home/khaledob/bookros2_ws/install/controller_manager_msgs/share/controller_manager_msgs/package.ps1'
[5.793s] INFO:colcon.colcon_core.shell:Creating package descriptor '/home/khaledob/bookros2_ws/install/controller_manager_msgs/share/controller_manager_msgs/package.dsv'
[5.806s] INFO:colcon.colcon_core.shell:Creating package script '/home/khaledob/bookros2_ws/install/controller_manager_msgs/share/controller_manager_msgs/package.sh'
[5.808s] INFO:colcon.colcon_core.shell:Creating package script '/home/khaledob/bookros2_ws/install/controller_manager_msgs/share/controller_manager_msgs/package.bash'
[5.820s] INFO:colcon.colcon_core.shell:Creating package script '/home/khaledob/bookros2_ws/install/controller_manager_msgs/share/controller_manager_msgs/package.zsh'
[5.825s] Level 1:colcon.colcon_core.environment:create_file_with_runtime_dependencies(/home/khaledob/bookros2_ws/install/controller_manager_msgs/share/colcon-core/packages/controller_manager_msgs)
[5.864s] DEBUG:colcon.colcon_core.event_handler.log_command:Invoking command in '/home/khaledob/bookros2_ws/build/launch_pal': PYTHONPATH=/home/khaledob/bookros2_ws/build/launch_pal/prefix_override:/usr/lib/python3/dist-packages/colcon_core/task/python/colcon_distutils_commands:/home/khaledob/bookros2_ws/install/launch_pal/lib/python3.8/site-packages:${PYTHONPATH} /usr/bin/python3 -W ignore:setup.py install is deprecated -W ignore:easy_install command is deprecated setup.py develop --editable --build-directory /home/khaledob/bookros2_ws/build/launch_pal/build --no-deps symlink_data
[5.947s] INFO:colcon.colcon_ros.task.ament_cmake.build:Building ROS package in '/home/khaledob/bookros2_ws/src/book_ros2/br2_basics' with build type 'ament_cmake'
[5.967s] INFO:colcon.colcon_cmake.task.cmake.build:Building CMake package in '/home/khaledob/bookros2_ws/src/book_ros2/br2_basics'
[6.018s] INFO:colcon.colcon_core.shell:Skip shell extension 'powershell' for command environment: Not usable outside of PowerShell
[6.019s] DEBUG:colcon.colcon_core.shell:Skip shell extension 'dsv' for command environment
[6.135s] Level 1:colcon.colcon_core.environment:create_environment_scripts_only(pal_gripper_description)
[6.136s] Level 1:colcon.colcon_core.environment:checking '/home/khaledob/bookros2_ws/install/pal_gripper_description' for CMake module files
[6.142s] DEBUG:colcon.colcon_core.event_handler.log_command:Invoked command in '/home/khaledob/bookros2_ws/build/pal_gripper_description' returned '0': CMAKE_PREFIX_PATH=/home/khaledob/bookros2_ws/install/urdf_test:/home/khaledob/bookros2_ws/install/task2b:/home/khaledob/bookros2_ws/install/task2a:/home/khaledob/bookros2_ws/install/gazebo_ros2_control_demos:/home/khaledob/bookros2_ws/install/ros2_controllers:/home/khaledob/bookros2_ws/install/velocity_controllers:/home/khaledob/bookros2_ws/install/tiago_simulation:/home/khaledob/bookros2_ws/install/tiago_robot:/home/khaledob/bookros2_ws/install/tiago_2dnav_gazebo:/home/khaledob/bookros2_ws/install/tiago_gazebo:/home/khaledob/bookros2_ws/install/tiago_bringup:/home/khaledob/bookros2_ws/install/pmb2_robot:/home/khaledob/bookros2_ws/install/pmb2_bringup:/home/khaledob/bookros2_ws/install/twist_mux:/home/khaledob/bookros2_ws/install/transmission_interface:/home/khaledob/bookros2_ws/install/tiago_description:/home/khaledob/bookros2_ws/install/tiago_description_calibration:/home/khaledob/bookros2_ws/install/tiago_controller_configuration:/home/khaledob/bookros2_ws/install/task1:/home/khaledob/bookros2_ws/install/ros2_control:/home/khaledob/bookros2_ws/install/ros2_control_test_assets:/home/khaledob/bookros2_ws/install/pal_gripper:/home/khaledob/bookros2_ws/install/pal_gripper_controller_configuration:/home/khaledob/bookros2_ws/install/position_controllers:/home/khaledob/bookros2_ws/install/pmb2_navigation:/home/khaledob/bookros2_ws/install/pmb2_2dnav:/home/khaledob/bookros2_ws/install/pmb2_maps:/home/khaledob/bookros2_ws/install/pmb2_description:/home/khaledob/bookros2_ws/install/pmb2_controller_configuration:/home/khaledob/bookros2_ws/install/pal_gripper_description:/home/khaledob/bookros2_ws/install/pal_gazebo_worlds:/home/khaledob/bookros2_ws/install/joint_trajectory_controller:/home/khaledob/bookros2_ws/install/joint_state_controller:/home/khaledob/bookros2_ws/install/joint_state_broadcaster:/home/khaledob/bookros2_ws/install/imu_sensor_broadcaster:/home/khaledob/bookros2_ws/install/hey5_description:/home/khaledob/bookros2_ws/install/gripper_controllers:/home/khaledob/bookros2_ws/install/gazebo_ros2_control:/home/khaledob/bookros2_ws/install/effort_controllers:/home/khaledob/bookros2_ws/install/forward_command_controller:/home/khaledob/bookros2_ws/install/force_torque_sensor_broadcaster:/home/khaledob/bookros2_ws/install/diff_drive_controller:/home/khaledob/bookros2_ws/install/controller_manager:/home/khaledob/bookros2_ws/install/controller_interface:/home/khaledob/bookros2_ws/install/hardware_interface:/home/khaledob/bookros2_ws/install/groot:/home/khaledob/bookros2_ws/install/controller_manager_msgs:/home/khaledob/bookros2_ws/install/br2_vff_avoidance:/home/khaledob/bookros2_ws/install/br2_tracking:/home/khaledob/bookros2_ws/install/br2_tracking_msgs:/home/khaledob/bookros2_ws/install/br2_tiago:/home/khaledob/bookros2_ws/install/br2_tf2_detector:/home/khaledob/bookros2_ws/install/br2_navigation:/home/khaledob/bookros2_ws/install/br2_fsm_bumpgo_cpp:/home/khaledob/bookros2_ws/install/br2_bt_patrolling:/home/khaledob/bookros2_ws/install/br2_bt_bumpgo:/home/khaledob/bookros2_ws/install/br2_basics:/home/khaledob/bookros2_ws/install/ros2controlcli:/home/khaledob/bookros2_ws/install/launch_pal:/home/khaledob/bookros2_ws/install/br2_fsm_bumpgo_py:/opt/ros/foxy /usr/bin/cmake --install /home/khaledob/bookros2_ws/build/pal_gripper_description
[6.142s] Level 1:colcon.colcon_core.environment:checking '/home/khaledob/bookros2_ws/install/pal_gripper_description' for CMake config files
[6.157s] Level 1:colcon.colcon_core.shell:create_environment_hook('pal_gripper_description', 'cmake_prefix_path')
[6.158s] INFO:colcon.colcon_core.shell:Creating environment hook '/home/khaledob/bookros2_ws/install/pal_gripper_description/share/pal_gripper_description/hook/cmake_prefix_path.ps1'
[6.176s] INFO:colcon.colcon_core.shell:Creating environment descriptor '/home/khaledob/bookros2_ws/install/pal_gripper_description/share/pal_gripper_description/hook/cmake_prefix_path.dsv'
[6.177s] INFO:colcon.colcon_core.shell:Creating environment hook '/home/khaledob/bookros2_ws/install/pal_gripper_description/share/pal_gripper_description/hook/cmake_prefix_path.sh'
[6.179s] Level 1:colcon.colcon_core.environment:checking '/home/khaledob/bookros2_ws/install/pal_gripper_description/bin'
[6.179s] Level 1:colcon.colcon_core.environment:checking '/home/khaledob/bookros2_ws/install/pal_gripper_description/lib/pkgconfig/pal_gripper_description.pc'
[6.179s] Level 1:colcon.colcon_core.environment:checking '/home/khaledob/bookros2_ws/install/pal_gripper_description/lib/python3.8/site-packages'
[6.180s] Level 1:colcon.colcon_core.environment:checking '/home/khaledob/bookros2_ws/install/pal_gripper_description/bin'
[6.180s] INFO:colcon.colcon_core.shell:Creating package script '/home/khaledob/bookros2_ws/install/pal_gripper_description/share/pal_gripper_description/package.ps1'
[6.181s] INFO:colcon.colcon_core.shell:Creating package descriptor '/home/khaledob/bookros2_ws/install/pal_gripper_description/share/pal_gripper_description/package.dsv'
[6.205s] INFO:colcon.colcon_core.shell:Creating package script '/home/khaledob/bookros2_ws/install/pal_gripper_description/share/pal_gripper_description/package.sh'
[6.206s] INFO:colcon.colcon_core.shell:Creating package script '/home/khaledob/bookros2_ws/install/pal_gripper_description/share/pal_gripper_description/package.bash'
[6.208s] INFO:colcon.colcon_core.shell:Creating package script '/home/khaledob/bookros2_ws/install/pal_gripper_description/share/pal_gripper_description/package.zsh'
[6.209s] Level 1:colcon.colcon_core.environment:create_file_with_runtime_dependencies(/home/khaledob/bookros2_ws/install/pal_gripper_description/share/colcon-core/packages/pal_gripper_description)
[6.224s] Level 1:colcon.colcon_core.environment:create_environment_scripts_only(pal_gripper_description)
[6.224s] Level 1:colcon.colcon_core.environment:checking '/home/khaledob/bookros2_ws/install/pal_gripper_description' for CMake module files
[6.226s] Level 1:colcon.colcon_core.environment:checking '/home/khaledob/bookros2_ws/install/pal_gripper_description' for CMake config files
[6.238s] Level 1:colcon.colcon_core.shell:create_environment_hook('pal_gripper_description', 'cmake_prefix_path')
[6.240s] INFO:colcon.colcon_core.shell:Creating environment hook '/home/khaledob/bookros2_ws/install/pal_gripper_description/share/pal_gripper_description/hook/cmake_prefix_path.ps1'
[6.241s] INFO:colcon.colcon_core.shell:Creating environment descriptor '/home/khaledob/bookros2_ws/install/pal_gripper_description/share/pal_gripper_description/hook/cmake_prefix_path.dsv'
[6.242s] INFO:colcon.colcon_core.shell:Creating environment hook '/home/khaledob/bookros2_ws/install/pal_gripper_description/share/pal_gripper_description/hook/cmake_prefix_path.sh'
[6.260s] Level 1:colcon.colcon_core.environment:checking '/home/khaledob/bookros2_ws/install/pal_gripper_description/bin'
[6.272s] Level 1:colcon.colcon_core.environment:checking '/home/khaledob/bookros2_ws/install/pal_gripper_description/lib/pkgconfig/pal_gripper_description.pc'
[6.273s] Level 1:colcon.colcon_core.environment:checking '/home/khaledob/bookros2_ws/install/pal_gripper_description/lib/python3.8/site-packages'
[6.275s] Level 1:colcon.colcon_core.environment:checking '/home/khaledob/bookros2_ws/install/pal_gripper_description/bin'
[6.277s] INFO:colcon.colcon_core.shell:Creating package script '/home/khaledob/bookros2_ws/install/pal_gripper_description/share/pal_gripper_description/package.ps1'
[6.311s] INFO:colcon.colcon_core.shell:Creating package descriptor '/home/khaledob/bookros2_ws/install/pal_gripper_description/share/pal_gripper_description/package.dsv'
[6.324s] INFO:colcon.colcon_core.shell:Creating package script '/home/khaledob/bookros2_ws/install/pal_gripper_description/share/pal_gripper_description/package.sh'
[6.326s] INFO:colcon.colcon_core.shell:Creating package script '/home/khaledob/bookros2_ws/install/pal_gripper_description/share/pal_gripper_description/package.bash'
[6.339s] INFO:colcon.colcon_core.shell:Creating package script '/home/khaledob/bookros2_ws/install/pal_gripper_description/share/pal_gripper_description/package.zsh'
[6.340s] Level 1:colcon.colcon_core.environment:create_file_with_runtime_dependencies(/home/khaledob/bookros2_ws/install/pal_gripper_description/share/colcon-core/packages/pal_gripper_description)
[6.381s] DEBUG:colcon.colcon_core.event_handler.log_command:Invoked command in '/home/khaledob/bookros2_ws/build/pmb2_maps' returned '0': CMAKE_PREFIX_PATH=${CMAKE_PREFIX_PATH}:/home/khaledob/bookros2_ws/install/ros2controlcli:/home/khaledob/bookros2_ws/install/launch_pal:/home/khaledob/bookros2_ws/install/br2_fsm_bumpgo_py:/opt/ros/foxy /usr/bin/cmake --build /home/khaledob/bookros2_ws/build/pmb2_maps -- -j7 -l7
[6.382s] DEBUG:colcon.colcon_core.event_handler.log_command:Invoking command in '/home/khaledob/bookros2_ws/build/pmb2_maps': CMAKE_PREFIX_PATH=${CMAKE_PREFIX_PATH}:/home/khaledob/bookros2_ws/install/ros2controlcli:/home/khaledob/bookros2_ws/install/launch_pal:/home/khaledob/bookros2_ws/install/br2_fsm_bumpgo_py:/opt/ros/foxy /usr/bin/cmake --install /home/khaledob/bookros2_ws/build/pmb2_maps
[6.401s] DEBUG:colcon.colcon_core.event_handler.log_command:Invoked command in '/home/khaledob/bookros2_ws/build/pal_gazebo_worlds' returned '0': CMAKE_PREFIX_PATH=${CMAKE_PREFIX_PATH}:/home/khaledob/bookros2_ws/install/ros2controlcli:/home/khaledob/bookros2_ws/install/launch_pal:/home/khaledob/bookros2_ws/install/br2_fsm_bumpgo_py:/opt/ros/foxy /usr/bin/cmake --build /home/khaledob/bookros2_ws/build/pal_gazebo_worlds -- -j7 -l7
[6.403s] DEBUG:colcon.colcon_core.event_handler.log_command:Invoking command in '/home/khaledob/bookros2_ws/build/pal_gazebo_worlds': CMAKE_PREFIX_PATH=${CMAKE_PREFIX_PATH}:/home/khaledob/bookros2_ws/install/ros2controlcli:/home/khaledob/bookros2_ws/install/launch_pal:/home/khaledob/bookros2_ws/install/br2_fsm_bumpgo_py:/opt/ros/foxy /usr/bin/cmake --install /home/khaledob/bookros2_ws/build/pal_gazebo_worlds
[6.504s] INFO:colcon.colcon_ros.task.ament_cmake.build:Building ROS package in '/home/khaledob/bookros2_ws/src/book_ros2/br2_bt_bumpgo' with build type 'ament_cmake'
[6.505s] INFO:colcon.colcon_cmake.task.cmake.build:Building CMake package in '/home/khaledob/bookros2_ws/src/book_ros2/br2_bt_bumpgo'
[6.506s] INFO:colcon.colcon_core.shell:Skip shell extension 'powershell' for command environment: Not usable outside of PowerShell
[6.506s] DEBUG:colcon.colcon_core.shell:Skip shell extension 'dsv' for command environment
[6.585s] DEBUG:colcon.colcon_core.event_handler.log_command:Invoked command in '/home/khaledob/bookros2_ws/build/hardware_interface' returned '0': CMAKE_PREFIX_PATH=/home/khaledob/bookros2_ws/install/ros2_control_test_assets:/home/khaledob/bookros2_ws/install/task2b:/home/khaledob/bookros2_ws/install/task2a:/home/khaledob/bookros2_ws/install/gazebo_ros2_control_demos:/home/khaledob/bookros2_ws/install/ros2_controllers:/home/khaledob/bookros2_ws/install/velocity_controllers:/home/khaledob/bookros2_ws/install/urdf_test:/home/khaledob/bookros2_ws/install/tiago_simulation:/home/khaledob/bookros2_ws/install/tiago_robot:/home/khaledob/bookros2_ws/install/tiago_2dnav_gazebo:/home/khaledob/bookros2_ws/install/tiago_gazebo:/home/khaledob/bookros2_ws/install/tiago_bringup:/home/khaledob/bookros2_ws/install/pmb2_robot:/home/khaledob/bookros2_ws/install/pmb2_bringup:/home/khaledob/bookros2_ws/install/twist_mux:/home/khaledob/bookros2_ws/install/transmission_interface:/home/khaledob/bookros2_ws/install/tiago_description:/home/khaledob/bookros2_ws/install/tiago_description_calibration:/home/khaledob/bookros2_ws/install/tiago_controller_configuration:/home/khaledob/bookros2_ws/install/task1:/home/khaledob/bookros2_ws/install/ros2_control:/home/khaledob/bookros2_ws/install/pal_gripper:/home/khaledob/bookros2_ws/install/pal_gripper_controller_configuration:/home/khaledob/bookros2_ws/install/position_controllers:/home/khaledob/bookros2_ws/install/pmb2_navigation:/home/khaledob/bookros2_ws/install/pmb2_2dnav:/home/khaledob/bookros2_ws/install/pmb2_maps:/home/khaledob/bookros2_ws/install/pmb2_description:/home/khaledob/bookros2_ws/install/pmb2_controller_configuration:/home/khaledob/bookros2_ws/install/pal_gripper_description:/home/khaledob/bookros2_ws/install/pal_gazebo_worlds:/home/khaledob/bookros2_ws/install/joint_trajectory_controller:/home/khaledob/bookros2_ws/install/joint_state_controller:/home/khaledob/bookros2_ws/install/joint_state_broadcaster:/home/khaledob/bookros2_ws/install/imu_sensor_broadcaster:/home/khaledob/bookros2_ws/install/hey5_description:/home/khaledob/bookros2_ws/install/gripper_controllers:/home/khaledob/bookros2_ws/install/gazebo_ros2_control:/home/khaledob/bookros2_ws/install/effort_controllers:/home/khaledob/bookros2_ws/install/forward_command_controller:/home/khaledob/bookros2_ws/install/force_torque_sensor_broadcaster:/home/khaledob/bookros2_ws/install/diff_drive_controller:/home/khaledob/bookros2_ws/install/controller_manager:/home/khaledob/bookros2_ws/install/controller_interface:/home/khaledob/bookros2_ws/install/hardware_interface:/home/khaledob/bookros2_ws/install/groot:/home/khaledob/bookros2_ws/install/controller_manager_msgs:/home/khaledob/bookros2_ws/install/br2_vff_avoidance:/home/khaledob/bookros2_ws/install/br2_tracking:/home/khaledob/bookros2_ws/install/br2_tracking_msgs:/home/khaledob/bookros2_ws/install/br2_tiago:/home/khaledob/bookros2_ws/install/br2_tf2_detector:/home/khaledob/bookros2_ws/install/br2_navigation:/home/khaledob/bookros2_ws/install/br2_fsm_bumpgo_cpp:/home/khaledob/bookros2_ws/install/br2_bt_patrolling:/home/khaledob/bookros2_ws/install/br2_bt_bumpgo:/home/khaledob/bookros2_ws/install/br2_basics:/home/khaledob/bookros2_ws/install/ros2controlcli:/home/khaledob/bookros2_ws/install/launch_pal:/home/khaledob/bookros2_ws/install/br2_fsm_bumpgo_py:/opt/ros/foxy /usr/bin/cmake --build /home/khaledob/bookros2_ws/build/hardware_interface -- -j7 -l7
[6.640s] DEBUG:colcon.colcon_core.event_handler.log_command:Invoking command in '/home/khaledob/bookros2_ws/build/hardware_interface': CMAKE_PREFIX_PATH=/home/khaledob/bookros2_ws/install/ros2_control_test_assets:/home/khaledob/bookros2_ws/install/task2b:/home/khaledob/bookros2_ws/install/task2a:/home/khaledob/bookros2_ws/install/gazebo_ros2_control_demos:/home/khaledob/bookros2_ws/install/ros2_controllers:/home/khaledob/bookros2_ws/install/velocity_controllers:/home/khaledob/bookros2_ws/install/urdf_test:/home/khaledob/bookros2_ws/install/tiago_simulation:/home/khaledob/bookros2_ws/install/tiago_robot:/home/khaledob/bookros2_ws/install/tiago_2dnav_gazebo:/home/khaledob/bookros2_ws/install/tiago_gazebo:/home/khaledob/bookros2_ws/install/tiago_bringup:/home/khaledob/bookros2_ws/install/pmb2_robot:/home/khaledob/bookros2_ws/install/pmb2_bringup:/home/khaledob/bookros2_ws/install/twist_mux:/home/khaledob/bookros2_ws/install/transmission_interface:/home/khaledob/bookros2_ws/install/tiago_description:/home/khaledob/bookros2_ws/install/tiago_description_calibration:/home/khaledob/bookros2_ws/install/tiago_controller_configuration:/home/khaledob/bookros2_ws/install/task1:/home/khaledob/bookros2_ws/install/ros2_control:/home/khaledob/bookros2_ws/install/pal_gripper:/home/khaledob/bookros2_ws/install/pal_gripper_controller_configuration:/home/khaledob/bookros2_ws/install/position_controllers:/home/khaledob/bookros2_ws/install/pmb2_navigation:/home/khaledob/bookros2_ws/install/pmb2_2dnav:/home/khaledob/bookros2_ws/install/pmb2_maps:/home/khaledob/bookros2_ws/install/pmb2_description:/home/khaledob/bookros2_ws/install/pmb2_controller_configuration:/home/khaledob/bookros2_ws/install/pal_gripper_description:/home/khaledob/bookros2_ws/install/pal_gazebo_worlds:/home/khaledob/bookros2_ws/install/joint_trajectory_controller:/home/khaledob/bookros2_ws/install/joint_state_controller:/home/khaledob/bookros2_ws/install/joint_state_broadcaster:/home/khaledob/bookros2_ws/install/imu_sensor_broadcaster:/home/khaledob/bookros2_ws/install/hey5_description:/home/khaledob/bookros2_ws/install/gripper_controllers:/home/khaledob/bookros2_ws/install/gazebo_ros2_control:/home/khaledob/bookros2_ws/install/effort_controllers:/home/khaledob/bookros2_ws/install/forward_command_controller:/home/khaledob/bookros2_ws/install/force_torque_sensor_broadcaster:/home/khaledob/bookros2_ws/install/diff_drive_controller:/home/khaledob/bookros2_ws/install/controller_manager:/home/khaledob/bookros2_ws/install/controller_interface:/home/khaledob/bookros2_ws/install/hardware_interface:/home/khaledob/bookros2_ws/install/groot:/home/khaledob/bookros2_ws/install/controller_manager_msgs:/home/khaledob/bookros2_ws/install/br2_vff_avoidance:/home/khaledob/bookros2_ws/install/br2_tracking:/home/khaledob/bookros2_ws/install/br2_tracking_msgs:/home/khaledob/bookros2_ws/install/br2_tiago:/home/khaledob/bookros2_ws/install/br2_tf2_detector:/home/khaledob/bookros2_ws/install/br2_navigation:/home/khaledob/bookros2_ws/install/br2_fsm_bumpgo_cpp:/home/khaledob/bookros2_ws/install/br2_bt_patrolling:/home/khaledob/bookros2_ws/install/br2_bt_bumpgo:/home/khaledob/bookros2_ws/install/br2_basics:/home/khaledob/bookros2_ws/install/ros2controlcli:/home/khaledob/bookros2_ws/install/launch_pal:/home/khaledob/bookros2_ws/install/br2_fsm_bumpgo_py:/opt/ros/foxy /usr/bin/cmake --install /home/khaledob/bookros2_ws/build/hardware_interface
[6.757s] DEBUG:colcon.colcon_core.event_handler.log_command:Invoking command in '/home/khaledob/bookros2_ws/build/br2_basics': CMAKE_PREFIX_PATH=${CMAKE_PREFIX_PATH}:/home/khaledob/bookros2_ws/install/ros2controlcli:/home/khaledob/bookros2_ws/install/launch_pal:/home/khaledob/bookros2_ws/install/br2_fsm_bumpgo_py:/opt/ros/foxy /usr/bin/cmake --build /home/khaledob/bookros2_ws/build/br2_basics -- -j7 -l7
[6.766s] Level 1:colcon.colcon_core.environment:create_environment_scripts_only(pmb2_maps)
[6.792s] Level 1:colcon.colcon_core.environment:checking '/home/khaledob/bookros2_ws/install/pmb2_maps' for CMake module files
[6.848s] Level 1:colcon.colcon_core.environment:checking '/home/khaledob/bookros2_ws/install/pmb2_maps' for CMake config files
[6.882s] Level 1:colcon.colcon_core.shell:create_environment_hook('pmb2_maps', 'cmake_prefix_path')
[6.896s] INFO:colcon.colcon_core.shell:Creating environment hook '/home/khaledob/bookros2_ws/install/pmb2_maps/share/pmb2_maps/hook/cmake_prefix_path.ps1'
[6.964s] INFO:colcon.colcon_core.shell:Creating environment descriptor '/home/khaledob/bookros2_ws/install/pmb2_maps/share/pmb2_maps/hook/cmake_prefix_path.dsv'
[6.966s] INFO:colcon.colcon_core.shell:Creating environment hook '/home/khaledob/bookros2_ws/install/pmb2_maps/share/pmb2_maps/hook/cmake_prefix_path.sh'
[6.975s] Level 1:colcon.colcon_core.environment:checking '/home/khaledob/bookros2_ws/install/pmb2_maps/bin'
[6.976s] Level 1:colcon.colcon_core.environment:checking '/home/khaledob/bookros2_ws/install/pmb2_maps/lib/pkgconfig/pmb2_maps.pc'
[6.978s] Level 1:colcon.colcon_core.environment:checking '/home/khaledob/bookros2_ws/install/pmb2_maps/lib/python3.8/site-packages'
[7.020s] Level 1:colcon.colcon_core.environment:checking '/home/khaledob/bookros2_ws/install/pmb2_maps/bin'
[7.020s] INFO:colcon.colcon_core.shell:Creating package script '/home/khaledob/bookros2_ws/install/pmb2_maps/share/pmb2_maps/package.ps1'
[7.023s] INFO:colcon.colcon_core.shell:Creating package descriptor '/home/khaledob/bookros2_ws/install/pmb2_maps/share/pmb2_maps/package.dsv'
[7.113s] INFO:colcon.colcon_core.shell:Creating package script '/home/khaledob/bookros2_ws/install/pmb2_maps/share/pmb2_maps/package.sh'
[7.124s] DEBUG:colcon.colcon_core.event_handler.log_command:Invoked command in '/home/khaledob/bookros2_ws/build/pmb2_maps' returned '0': CMAKE_PREFIX_PATH=${CMAKE_PREFIX_PATH}:/home/khaledob/bookros2_ws/install/ros2controlcli:/home/khaledob/bookros2_ws/install/launch_pal:/home/khaledob/bookros2_ws/install/br2_fsm_bumpgo_py:/opt/ros/foxy /usr/bin/cmake --install /home/khaledob/bookros2_ws/build/pmb2_maps
[7.129s] INFO:colcon.colcon_core.shell:Creating package script '/home/khaledob/bookros2_ws/install/pmb2_maps/share/pmb2_maps/package.bash'
[7.190s] INFO:colcon.colcon_core.shell:Creating package script '/home/khaledob/bookros2_ws/install/pmb2_maps/share/pmb2_maps/package.zsh'
[7.201s] Level 1:colcon.colcon_core.environment:create_file_with_runtime_dependencies(/home/khaledob/bookros2_ws/install/pmb2_maps/share/colcon-core/packages/pmb2_maps)
[7.204s] Level 1:colcon.colcon_core.environment:create_environment_scripts_only(pmb2_maps)
[7.205s] Level 1:colcon.colcon_core.environment:checking '/home/khaledob/bookros2_ws/install/pmb2_maps' for CMake module files
[7.215s] Level 1:colcon.colcon_core.environment:checking '/home/khaledob/bookros2_ws/install/pmb2_maps' for CMake config files
[7.222s] Level 1:colcon.colcon_core.shell:create_environment_hook('pmb2_maps', 'cmake_prefix_path')
[7.304s] INFO:colcon.colcon_core.shell:Creating environment hook '/home/khaledob/bookros2_ws/install/pmb2_maps/share/pmb2_maps/hook/cmake_prefix_path.ps1'
[7.314s] INFO:colcon.colcon_core.shell:Creating environment descriptor '/home/khaledob/bookros2_ws/install/pmb2_maps/share/pmb2_maps/hook/cmake_prefix_path.dsv'
[7.338s] INFO:colcon.colcon_core.shell:Creating environment hook '/home/khaledob/bookros2_ws/install/pmb2_maps/share/pmb2_maps/hook/cmake_prefix_path.sh'
[7.354s] Level 1:colcon.colcon_core.environment:checking '/home/khaledob/bookros2_ws/install/pmb2_maps/bin'
[7.355s] Level 1:colcon.colcon_core.environment:checking '/home/khaledob/bookros2_ws/install/pmb2_maps/lib/pkgconfig/pmb2_maps.pc'
[7.355s] Level 1:colcon.colcon_core.environment:checking '/home/khaledob/bookros2_ws/install/pmb2_maps/lib/python3.8/site-packages'
[7.356s] Level 1:colcon.colcon_core.environment:checking '/home/khaledob/bookros2_ws/install/pmb2_maps/bin'
[7.381s] INFO:colcon.colcon_core.shell:Creating package script '/home/khaledob/bookros2_ws/install/pmb2_maps/share/pmb2_maps/package.ps1'
[7.401s] INFO:colcon.colcon_core.shell:Creating package descriptor '/home/khaledob/bookros2_ws/install/pmb2_maps/share/pmb2_maps/package.dsv'
[7.404s] INFO:colcon.colcon_core.shell:Creating package script '/home/khaledob/bookros2_ws/install/pmb2_maps/share/pmb2_maps/package.sh'
[7.407s] INFO:colcon.colcon_core.shell:Creating package script '/home/khaledob/bookros2_ws/install/pmb2_maps/share/pmb2_maps/package.bash'
[7.409s] INFO:colcon.colcon_core.shell:Creating package script '/home/khaledob/bookros2_ws/install/pmb2_maps/share/pmb2_maps/package.zsh'
[7.427s] Level 1:colcon.colcon_core.environment:create_file_with_runtime_dependencies(/home/khaledob/bookros2_ws/install/pmb2_maps/share/colcon-core/packages/pmb2_maps)
[7.591s] DEBUG:colcon.colcon_core.event_handler.log_command:Invoking command in '/home/khaledob/bookros2_ws/build/br2_bt_bumpgo': CMAKE_PREFIX_PATH=${CMAKE_PREFIX_PATH}:/home/khaledob/bookros2_ws/install/ros2controlcli:/home/khaledob/bookros2_ws/install/launch_pal:/home/khaledob/bookros2_ws/install/br2_fsm_bumpgo_py:/opt/ros/foxy /usr/bin/cmake --build /home/khaledob/bookros2_ws/build/br2_bt_bumpgo -- -j7 -l7
[7.593s] INFO:colcon.colcon_ros.task.ament_cmake.build:Building ROS package in '/home/khaledob/bookros2_ws/src/ThirdParty/pmb2_navigation/pmb2_2dnav' with build type 'ament_cmake'
[7.594s] INFO:colcon.colcon_cmake.task.cmake.build:Building CMake package in '/home/khaledob/bookros2_ws/src/ThirdParty/pmb2_navigation/pmb2_2dnav'
[7.595s] INFO:colcon.colcon_core.shell:Skip shell extension 'powershell' for command environment: Not usable outside of PowerShell
[7.595s] DEBUG:colcon.colcon_core.shell:Skip shell extension 'dsv' for command environment
[7.677s] Level 1:colcon.colcon_core.environment:create_environment_scripts_only(hardware_interface)
[7.696s] Level 1:colcon.colcon_core.environment:checking '/home/khaledob/bookros2_ws/install/hardware_interface' for CMake module files
[7.710s] Level 1:colcon.colcon_core.environment:checking '/home/khaledob/bookros2_ws/install/hardware_interface' for CMake config files
[7.713s] DEBUG:colcon.colcon_core.event_handler.log_command:Invoked command in '/home/khaledob/bookros2_ws/build/hardware_interface' returned '0': CMAKE_PREFIX_PATH=/home/khaledob/bookros2_ws/install/ros2_control_test_assets:/home/khaledob/bookros2_ws/install/task2b:/home/khaledob/bookros2_ws/install/task2a:/home/khaledob/bookros2_ws/install/gazebo_ros2_control_demos:/home/khaledob/bookros2_ws/install/ros2_controllers:/home/khaledob/bookros2_ws/install/velocity_controllers:/home/khaledob/bookros2_ws/install/urdf_test:/home/khaledob/bookros2_ws/install/tiago_simulation:/home/khaledob/bookros2_ws/install/tiago_robot:/home/khaledob/bookros2_ws/install/tiago_2dnav_gazebo:/home/khaledob/bookros2_ws/install/tiago_gazebo:/home/khaledob/bookros2_ws/install/tiago_bringup:/home/khaledob/bookros2_ws/install/pmb2_robot:/home/khaledob/bookros2_ws/install/pmb2_bringup:/home/khaledob/bookros2_ws/install/twist_mux:/home/khaledob/bookros2_ws/install/transmission_interface:/home/khaledob/bookros2_ws/install/tiago_description:/home/khaledob/bookros2_ws/install/tiago_description_calibration:/home/khaledob/bookros2_ws/install/tiago_controller_configuration:/home/khaledob/bookros2_ws/install/task1:/home/khaledob/bookros2_ws/install/ros2_control:/home/khaledob/bookros2_ws/install/pal_gripper:/home/khaledob/bookros2_ws/install/pal_gripper_controller_configuration:/home/khaledob/bookros2_ws/install/position_controllers:/home/khaledob/bookros2_ws/install/pmb2_navigation:/home/khaledob/bookros2_ws/install/pmb2_2dnav:/home/khaledob/bookros2_ws/install/pmb2_maps:/home/khaledob/bookros2_ws/install/pmb2_description:/home/khaledob/bookros2_ws/install/pmb2_controller_configuration:/home/khaledob/bookros2_ws/install/pal_gripper_description:/home/khaledob/bookros2_ws/install/pal_gazebo_worlds:/home/khaledob/bookros2_ws/install/joint_trajectory_controller:/home/khaledob/bookros2_ws/install/joint_state_controller:/home/khaledob/bookros2_ws/install/joint_state_broadcaster:/home/khaledob/bookros2_ws/install/imu_sensor_broadcaster:/home/khaledob/bookros2_ws/install/hey5_description:/home/khaledob/bookros2_ws/install/gripper_controllers:/home/khaledob/bookros2_ws/install/gazebo_ros2_control:/home/khaledob/bookros2_ws/install/effort_controllers:/home/khaledob/bookros2_ws/install/forward_command_controller:/home/khaledob/bookros2_ws/install/force_torque_sensor_broadcaster:/home/khaledob/bookros2_ws/install/diff_drive_controller:/home/khaledob/bookros2_ws/install/controller_manager:/home/khaledob/bookros2_ws/install/controller_interface:/home/khaledob/bookros2_ws/install/hardware_interface:/home/khaledob/bookros2_ws/install/groot:/home/khaledob/bookros2_ws/install/controller_manager_msgs:/home/khaledob/bookros2_ws/install/br2_vff_avoidance:/home/khaledob/bookros2_ws/install/br2_tracking:/home/khaledob/bookros2_ws/install/br2_tracking_msgs:/home/khaledob/bookros2_ws/install/br2_tiago:/home/khaledob/bookros2_ws/install/br2_tf2_detector:/home/khaledob/bookros2_ws/install/br2_navigation:/home/khaledob/bookros2_ws/install/br2_fsm_bumpgo_cpp:/home/khaledob/bookros2_ws/install/br2_bt_patrolling:/home/khaledob/bookros2_ws/install/br2_bt_bumpgo:/home/khaledob/bookros2_ws/install/br2_basics:/home/khaledob/bookros2_ws/install/ros2controlcli:/home/khaledob/bookros2_ws/install/launch_pal:/home/khaledob/bookros2_ws/install/br2_fsm_bumpgo_py:/opt/ros/foxy /usr/bin/cmake --install /home/khaledob/bookros2_ws/build/hardware_interface
[7.760s] Level 1:colcon.colcon_core.shell:create_environment_hook('hardware_interface', 'cmake_prefix_path')
[7.772s] INFO:colcon.colcon_core.shell:Creating environment hook '/home/khaledob/bookros2_ws/install/hardware_interface/share/hardware_interface/hook/cmake_prefix_path.ps1'
[7.776s] INFO:colcon.colcon_core.shell:Creating environment descriptor '/home/khaledob/bookros2_ws/install/hardware_interface/share/hardware_interface/hook/cmake_prefix_path.dsv'
[7.792s] INFO:colcon.colcon_core.shell:Creating environment hook '/home/khaledob/bookros2_ws/install/hardware_interface/share/hardware_interface/hook/cmake_prefix_path.sh'
[7.795s] Level 1:colcon.colcon_core.environment:checking '/home/khaledob/bookros2_ws/install/hardware_interface/lib'
[7.795s] Level 1:colcon.colcon_core.shell:create_environment_hook('hardware_interface', 'ld_library_path_lib')
[7.796s] INFO:colcon.colcon_core.shell:Creating environment hook '/home/khaledob/bookros2_ws/install/hardware_interface/share/hardware_interface/hook/ld_library_path_lib.ps1'
[7.798s] INFO:colcon.colcon_core.shell:Creating environment descriptor '/home/khaledob/bookros2_ws/install/hardware_interface/share/hardware_interface/hook/ld_library_path_lib.dsv'
[7.799s] INFO:colcon.colcon_core.shell:Creating environment hook '/home/khaledob/bookros2_ws/install/hardware_interface/share/hardware_interface/hook/ld_library_path_lib.sh'
[7.801s] Level 1:colcon.colcon_core.environment:checking '/home/khaledob/bookros2_ws/install/hardware_interface/bin'
[7.801s] Level 1:colcon.colcon_core.environment:checking '/home/khaledob/bookros2_ws/install/hardware_interface/lib/pkgconfig/hardware_interface.pc'
[7.801s] Level 1:colcon.colcon_core.environment:checking '/home/khaledob/bookros2_ws/install/hardware_interface/lib/python3.8/site-packages'
[7.802s] Level 1:colcon.colcon_core.environment:checking '/home/khaledob/bookros2_ws/install/hardware_interface/bin'
[7.802s] INFO:colcon.colcon_core.shell:Creating package script '/home/khaledob/bookros2_ws/install/hardware_interface/share/hardware_interface/package.ps1'
[7.804s] INFO:colcon.colcon_core.shell:Creating package descriptor '/home/khaledob/bookros2_ws/install/hardware_interface/share/hardware_interface/package.dsv'
[7.805s] INFO:colcon.colcon_core.shell:Creating package script '/home/khaledob/bookros2_ws/install/hardware_interface/share/hardware_interface/package.sh'
[7.807s] INFO:colcon.colcon_core.shell:Creating package script '/home/khaledob/bookros2_ws/install/hardware_interface/share/hardware_interface/package.bash'
[7.809s] INFO:colcon.colcon_core.shell:Creating package script '/home/khaledob/bookros2_ws/install/hardware_interface/share/hardware_interface/package.zsh'
[7.822s] Level 1:colcon.colcon_core.environment:create_file_with_runtime_dependencies(/home/khaledob/bookros2_ws/install/hardware_interface/share/colcon-core/packages/hardware_interface)
[7.826s] Level 1:colcon.colcon_core.environment:create_environment_scripts_only(hardware_interface)
[7.826s] Level 1:colcon.colcon_core.environment:checking '/home/khaledob/bookros2_ws/install/hardware_interface' for CMake module files
[7.827s] Level 1:colcon.colcon_core.environment:checking '/home/khaledob/bookros2_ws/install/hardware_interface' for CMake config files
[7.828s] Level 1:colcon.colcon_core.shell:create_environment_hook('hardware_interface', 'cmake_prefix_path')
[7.829s] INFO:colcon.colcon_core.shell:Creating environment hook '/home/khaledob/bookros2_ws/install/hardware_interface/share/hardware_interface/hook/cmake_prefix_path.ps1'
[7.830s] INFO:colcon.colcon_core.shell:Creating environment descriptor '/home/khaledob/bookros2_ws/install/hardware_interface/share/hardware_interface/hook/cmake_prefix_path.dsv'
[7.832s] INFO:colcon.colcon_core.shell:Creating environment hook '/home/khaledob/bookros2_ws/install/hardware_interface/share/hardware_interface/hook/cmake_prefix_path.sh'
[7.835s] Level 1:colcon.colcon_core.environment:checking '/home/khaledob/bookros2_ws/install/hardware_interface/lib'
[7.836s] Level 1:colcon.colcon_core.shell:create_environment_hook('hardware_interface', 'ld_library_path_lib')
[7.836s] INFO:colcon.colcon_core.shell:Creating environment hook '/home/khaledob/bookros2_ws/install/hardware_interface/share/hardware_interface/hook/ld_library_path_lib.ps1'
[7.838s] INFO:colcon.colcon_core.shell:Creating environment descriptor '/home/khaledob/bookros2_ws/install/hardware_interface/share/hardware_interface/hook/ld_library_path_lib.dsv'
[7.839s] INFO:colcon.colcon_core.shell:Creating environment hook '/home/khaledob/bookros2_ws/install/hardware_interface/share/hardware_interface/hook/ld_library_path_lib.sh'
[7.841s] Level 1:colcon.colcon_core.environment:checking '/home/khaledob/bookros2_ws/install/hardware_interface/bin'
[7.841s] Level 1:colcon.colcon_core.environment:checking '/home/khaledob/bookros2_ws/install/hardware_interface/lib/pkgconfig/hardware_interface.pc'
[7.842s] Level 1:colcon.colcon_core.environment:checking '/home/khaledob/bookros2_ws/install/hardware_interface/lib/python3.8/site-packages'
[7.842s] Level 1:colcon.colcon_core.environment:checking '/home/khaledob/bookros2_ws/install/hardware_interface/bin'
[7.843s] INFO:colcon.colcon_core.shell:Creating package script '/home/khaledob/bookros2_ws/install/hardware_interface/share/hardware_interface/package.ps1'
[7.846s] INFO:colcon.colcon_core.shell:Creating package descriptor '/home/khaledob/bookros2_ws/install/hardware_interface/share/hardware_interface/package.dsv'
[7.848s] INFO:colcon.colcon_core.shell:Creating package script '/home/khaledob/bookros2_ws/install/hardware_interface/share/hardware_interface/package.sh'
[7.851s] INFO:colcon.colcon_core.shell:Creating package script '/home/khaledob/bookros2_ws/install/hardware_interface/share/hardware_interface/package.bash'
[7.854s] INFO:colcon.colcon_core.shell:Creating package script '/home/khaledob/bookros2_ws/install/hardware_interface/share/hardware_interface/package.zsh'
[7.905s] Level 1:colcon.colcon_core.environment:create_file_with_runtime_dependencies(/home/khaledob/bookros2_ws/install/hardware_interface/share/colcon-core/packages/hardware_interface)
[7.907s] Level 1:colcon.colcon_core.environment:create_environment_scripts_only(pal_gazebo_worlds)
[7.925s] Level 1:colcon.colcon_core.environment:checking '/home/khaledob/bookros2_ws/install/pal_gazebo_worlds' for CMake module files
[7.934s] Level 1:colcon.colcon_core.environment:checking '/home/khaledob/bookros2_ws/install/pal_gazebo_worlds' for CMake config files
[7.942s] DEBUG:colcon.colcon_core.event_handler.log_command:Invoked command in '/home/khaledob/bookros2_ws/build/pal_gazebo_worlds' returned '0': CMAKE_PREFIX_PATH=${CMAKE_PREFIX_PATH}:/home/khaledob/bookros2_ws/install/ros2controlcli:/home/khaledob/bookros2_ws/install/launch_pal:/home/khaledob/bookros2_ws/install/br2_fsm_bumpgo_py:/opt/ros/foxy /usr/bin/cmake --install /home/khaledob/bookros2_ws/build/pal_gazebo_worlds
[7.972s] Level 1:colcon.colcon_core.shell:create_environment_hook('pal_gazebo_worlds', 'cmake_prefix_path')
[7.973s] INFO:colcon.colcon_core.shell:Creating environment hook '/home/khaledob/bookros2_ws/install/pal_gazebo_worlds/share/pal_gazebo_worlds/hook/cmake_prefix_path.ps1'
[7.975s] INFO:colcon.colcon_core.shell:Creating environment descriptor '/home/khaledob/bookros2_ws/install/pal_gazebo_worlds/share/pal_gazebo_worlds/hook/cmake_prefix_path.dsv'
[7.976s] INFO:colcon.colcon_core.shell:Creating environment hook '/home/khaledob/bookros2_ws/install/pal_gazebo_worlds/share/pal_gazebo_worlds/hook/cmake_prefix_path.sh'
[7.999s] Level 1:colcon.colcon_core.environment:checking '/home/khaledob/bookros2_ws/install/pal_gazebo_worlds/bin'
[8.000s] Level 1:colcon.colcon_core.environment:checking '/home/khaledob/bookros2_ws/install/pal_gazebo_worlds/lib/pkgconfig/pal_gazebo_worlds.pc'
[8.001s] Level 1:colcon.colcon_core.environment:checking '/home/khaledob/bookros2_ws/install/pal_gazebo_worlds/lib/python3.8/site-packages'
[8.002s] Level 1:colcon.colcon_core.environment:checking '/home/khaledob/bookros2_ws/install/pal_gazebo_worlds/bin'
[8.003s] INFO:colcon.colcon_core.shell:Creating package script '/home/khaledob/bookros2_ws/install/pal_gazebo_worlds/share/pal_gazebo_worlds/package.ps1'
[8.048s] INFO:colcon.colcon_core.shell:Creating package descriptor '/home/khaledob/bookros2_ws/install/pal_gazebo_worlds/share/pal_gazebo_worlds/package.dsv'
[8.051s] INFO:colcon.colcon_core.shell:Creating package script '/home/khaledob/bookros2_ws/install/pal_gazebo_worlds/share/pal_gazebo_worlds/package.sh'
[8.054s] INFO:colcon.colcon_core.shell:Creating package script '/home/khaledob/bookros2_ws/install/pal_gazebo_worlds/share/pal_gazebo_worlds/package.bash'
[8.058s] INFO:colcon.colcon_core.shell:Creating package script '/home/khaledob/bookros2_ws/install/pal_gazebo_worlds/share/pal_gazebo_worlds/package.zsh'
[8.061s] Level 1:colcon.colcon_core.environment:create_file_with_runtime_dependencies(/home/khaledob/bookros2_ws/install/pal_gazebo_worlds/share/colcon-core/packages/pal_gazebo_worlds)
[8.063s] Level 1:colcon.colcon_core.environment:create_environment_scripts_only(pal_gazebo_worlds)
[8.063s] Level 1:colcon.colcon_core.environment:checking '/home/khaledob/bookros2_ws/install/pal_gazebo_worlds' for CMake module files
[8.064s] Level 1:colcon.colcon_core.environment:checking '/home/khaledob/bookros2_ws/install/pal_gazebo_worlds' for CMake config files
[8.156s] Level 1:colcon.colcon_core.shell:create_environment_hook('pal_gazebo_worlds', 'cmake_prefix_path')
[8.157s] INFO:colcon.colcon_core.shell:Creating environment hook '/home/khaledob/bookros2_ws/install/pal_gazebo_worlds/share/pal_gazebo_worlds/hook/cmake_prefix_path.ps1'
[8.159s] INFO:colcon.colcon_core.shell:Creating environment descriptor '/home/khaledob/bookros2_ws/install/pal_gazebo_worlds/share/pal_gazebo_worlds/hook/cmake_prefix_path.dsv'
[8.160s] INFO:colcon.colcon_core.shell:Creating environment hook '/home/khaledob/bookros2_ws/install/pal_gazebo_worlds/share/pal_gazebo_worlds/hook/cmake_prefix_path.sh'
[8.201s] Level 1:colcon.colcon_core.environment:checking '/home/khaledob/bookros2_ws/install/pal_gazebo_worlds/bin'
[8.202s] Level 1:colcon.colcon_core.environment:checking '/home/khaledob/bookros2_ws/install/pal_gazebo_worlds/lib/pkgconfig/pal_gazebo_worlds.pc'
[8.202s] Level 1:colcon.colcon_core.environment:checking '/home/khaledob/bookros2_ws/install/pal_gazebo_worlds/lib/python3.8/site-packages'
[8.202s] Level 1:colcon.colcon_core.environment:checking '/home/khaledob/bookros2_ws/install/pal_gazebo_worlds/bin'
[8.203s] INFO:colcon.colcon_core.shell:Creating package script '/home/khaledob/bookros2_ws/install/pal_gazebo_worlds/share/pal_gazebo_worlds/package.ps1'
[8.205s] INFO:colcon.colcon_core.shell:Creating package descriptor '/home/khaledob/bookros2_ws/install/pal_gazebo_worlds/share/pal_gazebo_worlds/package.dsv'
[8.207s] INFO:colcon.colcon_core.shell:Creating package script '/home/khaledob/bookros2_ws/install/pal_gazebo_worlds/share/pal_gazebo_worlds/package.sh'
[8.208s] INFO:colcon.colcon_core.shell:Creating package script '/home/khaledob/bookros2_ws/install/pal_gazebo_worlds/share/pal_gazebo_worlds/package.bash'
[8.210s] INFO:colcon.colcon_core.shell:Creating package script '/home/khaledob/bookros2_ws/install/pal_gazebo_worlds/share/pal_gazebo_worlds/package.zsh'
[8.211s] Level 1:colcon.colcon_core.environment:create_file_with_runtime_dependencies(/home/khaledob/bookros2_ws/install/pal_gazebo_worlds/share/colcon-core/packages/pal_gazebo_worlds)
[8.221s] INFO:colcon.colcon_ros.task.ament_cmake.build:Building ROS package in '/home/khaledob/bookros2_ws/src/ThirdParty/ros2_control/controller_interface' with build type 'ament_cmake'
[8.222s] INFO:colcon.colcon_cmake.task.cmake.build:Building CMake package in '/home/khaledob/bookros2_ws/src/ThirdParty/ros2_control/controller_interface'
[8.223s] INFO:colcon.colcon_core.shell:Skip shell extension 'powershell' for command environment: Not usable outside of PowerShell
[8.223s] DEBUG:colcon.colcon_core.shell:Skip shell extension 'dsv' for command environment
[8.270s] INFO:colcon.colcon_ros.task.ament_cmake.build:Building ROS package in '/home/khaledob/bookros2_ws/src/book_ros2/br2_bt_patrolling' with build type 'ament_cmake'
[8.289s] INFO:colcon.colcon_cmake.task.cmake.build:Building CMake package in '/home/khaledob/bookros2_ws/src/book_ros2/br2_bt_patrolling'
[8.290s] INFO:colcon.colcon_core.shell:Skip shell extension 'powershell' for command environment: Not usable outside of PowerShell
[8.290s] DEBUG:colcon.colcon_core.shell:Skip shell extension 'dsv' for command environment
[8.411s] DEBUG:colcon.colcon_core.event_handler.log_command:Invoked command in '/home/khaledob/bookros2_ws/build/br2_basics' returned '0': CMAKE_PREFIX_PATH=${CMAKE_PREFIX_PATH}:/home/khaledob/bookros2_ws/install/ros2controlcli:/home/khaledob/bookros2_ws/install/launch_pal:/home/khaledob/bookros2_ws/install/br2_fsm_bumpgo_py:/opt/ros/foxy /usr/bin/cmake --build /home/khaledob/bookros2_ws/build/br2_basics -- -j7 -l7
[8.437s] DEBUG:colcon.colcon_core.event_handler.log_command:Invoking command in '/home/khaledob/bookros2_ws/build/br2_basics': CMAKE_PREFIX_PATH=${CMAKE_PREFIX_PATH}:/home/khaledob/bookros2_ws/install/ros2controlcli:/home/khaledob/bookros2_ws/install/launch_pal:/home/khaledob/bookros2_ws/install/br2_fsm_bumpgo_py:/opt/ros/foxy /usr/bin/cmake --install /home/khaledob/bookros2_ws/build/br2_basics
[8.465s] DEBUG:colcon.colcon_core.event_handler.log_command:Invoked command in '/home/khaledob/bookros2_ws/build/br2_tracking_msgs' returned '0': CMAKE_PREFIX_PATH=${CMAKE_PREFIX_PATH}:/home/khaledob/bookros2_ws/install/ros2controlcli:/home/khaledob/bookros2_ws/install/launch_pal:/home/khaledob/bookros2_ws/install/br2_fsm_bumpgo_py:/opt/ros/foxy /usr/bin/cmake --build /home/khaledob/bookros2_ws/build/br2_tracking_msgs -- -j7 -l7
[8.473s] DEBUG:colcon.colcon_core.event_handler.log_command:Invoking command in '/home/khaledob/bookros2_ws/build/br2_tracking_msgs': CMAKE_PREFIX_PATH=${CMAKE_PREFIX_PATH}:/home/khaledob/bookros2_ws/install/ros2controlcli:/home/khaledob/bookros2_ws/install/launch_pal:/home/khaledob/bookros2_ws/install/br2_fsm_bumpgo_py:/opt/ros/foxy /usr/bin/cmake --install /home/khaledob/bookros2_ws/build/br2_tracking_msgs
[8.535s] DEBUG:colcon.colcon_core.event_handler.log_command:Invoking command in '/home/khaledob/bookros2_ws/build/pmb2_2dnav': CMAKE_PREFIX_PATH=/home/khaledob/bookros2_ws/install/pmb2_maps:/home/khaledob/bookros2_ws/install/task2b:/home/khaledob/bookros2_ws/install/task2a:/home/khaledob/bookros2_ws/install/gazebo_ros2_control_demos:/home/khaledob/bookros2_ws/install/ros2_controllers:/home/khaledob/bookros2_ws/install/velocity_controllers:/home/khaledob/bookros2_ws/install/urdf_test:/home/khaledob/bookros2_ws/install/tiago_simulation:/home/khaledob/bookros2_ws/install/tiago_robot:/home/khaledob/bookros2_ws/install/tiago_2dnav_gazebo:/home/khaledob/bookros2_ws/install/tiago_gazebo:/home/khaledob/bookros2_ws/install/tiago_bringup:/home/khaledob/bookros2_ws/install/pmb2_robot:/home/khaledob/bookros2_ws/install/pmb2_bringup:/home/khaledob/bookros2_ws/install/twist_mux:/home/khaledob/bookros2_ws/install/transmission_interface:/home/khaledob/bookros2_ws/install/tiago_description:/home/khaledob/bookros2_ws/install/tiago_description_calibration:/home/khaledob/bookros2_ws/install/tiago_controller_configuration:/home/khaledob/bookros2_ws/install/task1:/home/khaledob/bookros2_ws/install/ros2_control:/home/khaledob/bookros2_ws/install/ros2_control_test_assets:/home/khaledob/bookros2_ws/install/pal_gripper:/home/khaledob/bookros2_ws/install/pal_gripper_controller_configuration:/home/khaledob/bookros2_ws/install/position_controllers:/home/khaledob/bookros2_ws/install/pmb2_navigation:/home/khaledob/bookros2_ws/install/pmb2_2dnav:/home/khaledob/bookros2_ws/install/pmb2_description:/home/khaledob/bookros2_ws/install/pmb2_controller_configuration:/home/khaledob/bookros2_ws/install/pal_gripper_description:/home/khaledob/bookros2_ws/install/pal_gazebo_worlds:/home/khaledob/bookros2_ws/install/joint_trajectory_controller:/home/khaledob/bookros2_ws/install/joint_state_controller:/home/khaledob/bookros2_ws/install/joint_state_broadcaster:/home/khaledob/bookros2_ws/install/imu_sensor_broadcaster:/home/khaledob/bookros2_ws/install/hey5_description:/home/khaledob/bookros2_ws/install/gripper_controllers:/home/khaledob/bookros2_ws/install/gazebo_ros2_control:/home/khaledob/bookros2_ws/install/effort_controllers:/home/khaledob/bookros2_ws/install/forward_command_controller:/home/khaledob/bookros2_ws/install/force_torque_sensor_broadcaster:/home/khaledob/bookros2_ws/install/diff_drive_controller:/home/khaledob/bookros2_ws/install/controller_manager:/home/khaledob/bookros2_ws/install/controller_interface:/home/khaledob/bookros2_ws/install/hardware_interface:/home/khaledob/bookros2_ws/install/groot:/home/khaledob/bookros2_ws/install/controller_manager_msgs:/home/khaledob/bookros2_ws/install/br2_vff_avoidance:/home/khaledob/bookros2_ws/install/br2_tracking:/home/khaledob/bookros2_ws/install/br2_tracking_msgs:/home/khaledob/bookros2_ws/install/br2_tiago:/home/khaledob/bookros2_ws/install/br2_tf2_detector:/home/khaledob/bookros2_ws/install/br2_navigation:/home/khaledob/bookros2_ws/install/br2_fsm_bumpgo_cpp:/home/khaledob/bookros2_ws/install/br2_bt_patrolling:/home/khaledob/bookros2_ws/install/br2_bt_bumpgo:/home/khaledob/bookros2_ws/install/br2_basics:/home/khaledob/bookros2_ws/install/ros2controlcli:/home/khaledob/bookros2_ws/install/launch_pal:/home/khaledob/bookros2_ws/install/br2_fsm_bumpgo_py:/opt/ros/foxy /usr/bin/cmake --build /home/khaledob/bookros2_ws/build/pmb2_2dnav -- -j7 -l7
[8.674s] Level 1:colcon.colcon_core.shell:create_environment_hook('launch_pal', 'pythonpath_develop')
[8.675s] INFO:colcon.colcon_core.shell:Creating environment hook '/home/khaledob/bookros2_ws/build/launch_pal/share/launch_pal/hook/pythonpath_develop.ps1'
[8.676s] INFO:colcon.colcon_core.shell:Creating environment descriptor '/home/khaledob/bookros2_ws/build/launch_pal/share/launch_pal/hook/pythonpath_develop.dsv'
[8.681s] DEBUG:colcon.colcon_core.event_handler.log_command:Invoking command in '/home/khaledob/bookros2_ws/build/controller_interface': CMAKE_PREFIX_PATH=/home/khaledob/bookros2_ws/install/hardware_interface:/home/khaledob/bookros2_ws/install/ros2_control_test_assets:/home/khaledob/bookros2_ws/install/task2b:/home/khaledob/bookros2_ws/install/task2a:/home/khaledob/bookros2_ws/install/gazebo_ros2_control_demos:/home/khaledob/bookros2_ws/install/ros2_controllers:/home/khaledob/bookros2_ws/install/velocity_controllers:/home/khaledob/bookros2_ws/install/urdf_test:/home/khaledob/bookros2_ws/install/tiago_simulation:/home/khaledob/bookros2_ws/install/tiago_robot:/home/khaledob/bookros2_ws/install/tiago_2dnav_gazebo:/home/khaledob/bookros2_ws/install/tiago_gazebo:/home/khaledob/bookros2_ws/install/tiago_bringup:/home/khaledob/bookros2_ws/install/pmb2_robot:/home/khaledob/bookros2_ws/install/pmb2_bringup:/home/khaledob/bookros2_ws/install/twist_mux:/home/khaledob/bookros2_ws/install/transmission_interface:/home/khaledob/bookros2_ws/install/tiago_description:/home/khaledob/bookros2_ws/install/tiago_description_calibration:/home/khaledob/bookros2_ws/install/tiago_controller_configuration:/home/khaledob/bookros2_ws/install/task1:/home/khaledob/bookros2_ws/install/ros2_control:/home/khaledob/bookros2_ws/install/pal_gripper:/home/khaledob/bookros2_ws/install/pal_gripper_controller_configuration:/home/khaledob/bookros2_ws/install/position_controllers:/home/khaledob/bookros2_ws/install/pmb2_navigation:/home/khaledob/bookros2_ws/install/pmb2_2dnav:/home/khaledob/bookros2_ws/install/pmb2_maps:/home/khaledob/bookros2_ws/install/pmb2_description:/home/khaledob/bookros2_ws/install/pmb2_controller_configuration:/home/khaledob/bookros2_ws/install/pal_gripper_description:/home/khaledob/bookros2_ws/install/pal_gazebo_worlds:/home/khaledob/bookros2_ws/install/joint_trajectory_controller:/home/khaledob/bookros2_ws/install/joint_state_controller:/home/khaledob/bookros2_ws/install/joint_state_broadcaster:/home/khaledob/bookros2_ws/install/imu_sensor_broadcaster:/home/khaledob/bookros2_ws/install/hey5_description:/home/khaledob/bookros2_ws/install/gripper_controllers:/home/khaledob/bookros2_ws/install/gazebo_ros2_control:/home/khaledob/bookros2_ws/install/effort_controllers:/home/khaledob/bookros2_ws/install/forward_command_controller:/home/khaledob/bookros2_ws/install/force_torque_sensor_broadcaster:/home/khaledob/bookros2_ws/install/diff_drive_controller:/home/khaledob/bookros2_ws/install/controller_manager:/home/khaledob/bookros2_ws/install/controller_interface:/home/khaledob/bookros2_ws/install/groot:/home/khaledob/bookros2_ws/install/controller_manager_msgs:/home/khaledob/bookros2_ws/install/br2_vff_avoidance:/home/khaledob/bookros2_ws/install/br2_tracking:/home/khaledob/bookros2_ws/install/br2_tracking_msgs:/home/khaledob/bookros2_ws/install/br2_tiago:/home/khaledob/bookros2_ws/install/br2_tf2_detector:/home/khaledob/bookros2_ws/install/br2_navigation:/home/khaledob/bookros2_ws/install/br2_fsm_bumpgo_cpp:/home/khaledob/bookros2_ws/install/br2_bt_patrolling:/home/khaledob/bookros2_ws/install/br2_bt_bumpgo:/home/khaledob/bookros2_ws/install/br2_basics:/home/khaledob/bookros2_ws/install/ros2controlcli:/home/khaledob/bookros2_ws/install/launch_pal:/home/khaledob/bookros2_ws/install/br2_fsm_bumpgo_py:/opt/ros/foxy LD_LIBRARY_PATH=/home/khaledob/bookros2_ws/install/hardware_interface/lib:/home/khaledob/bookros2_ws/install/velocity_controllers/lib:/home/khaledob/bookros2_ws/install/position_controllers/lib:/home/khaledob/bookros2_ws/install/joint_trajectory_controller/lib:/home/khaledob/bookros2_ws/install/joint_state_controller/lib:/home/khaledob/bookros2_ws/install/joint_state_broadcaster/lib:/home/khaledob/bookros2_ws/install/imu_sensor_broadcaster/lib:/home/khaledob/bookros2_ws/install/gripper_controllers/lib:/home/khaledob/bookros2_ws/install/gazebo_ros2_control/lib:/home/khaledob/bookros2_ws/install/effort_controllers/lib:/home/khaledob/bookros2_ws/install/forward_command_controller/lib:/home/khaledob/bookros2_ws/install/force_torque_sensor_broadcaster/lib:/home/khaledob/bookros2_ws/install/diff_drive_controller/lib:/home/khaledob/bookros2_ws/install/controller_manager/lib:/home/khaledob/bookros2_ws/install/controller_interface/lib:/home/khaledob/bookros2_ws/install/groot/lib:/home/khaledob/bookros2_ws/install/controller_manager_msgs/lib:/home/khaledob/bookros2_ws/install/br2_vff_avoidance/lib:/home/khaledob/bookros2_ws/install/br2_tracking/lib:/home/khaledob/bookros2_ws/install/br2_tracking_msgs/lib:/home/khaledob/bookros2_ws/install/br2_tf2_detector/lib:/home/khaledob/bookros2_ws/install/br2_bt_patrolling/lib:/home/khaledob/bookros2_ws/install/br2_bt_bumpgo/lib:/usr/lib/x86_64-linux-gnu/gazebo-11/plugins:/opt/ros/foxy/opt/yaml_cpp_vendor/lib:/opt/ros/foxy/opt/rviz_ogre_vendor/lib:/opt/ros/foxy/lib/x86_64-linux-gnu:/opt/ros/foxy/lib /usr/bin/cmake --build /home/khaledob/bookros2_ws/build/controller_interface -- -j7 -l7
[8.693s] INFO:colcon.colcon_core.shell:Creating environment hook '/home/khaledob/bookros2_ws/build/launch_pal/share/launch_pal/hook/pythonpath_develop.sh'
[8.703s] Level 1:colcon.colcon_core.environment:checking '/home/khaledob/bookros2_ws/install/launch_pal' for CMake module files
[8.706s] Level 1:colcon.colcon_core.environment:checking '/home/khaledob/bookros2_ws/install/launch_pal' for CMake config files
[8.709s] Level 1:colcon.colcon_core.environment:checking '/home/khaledob/bookros2_ws/install/launch_pal/lib'
[8.710s] Level 1:colcon.colcon_core.environment:checking '/home/khaledob/bookros2_ws/install/launch_pal/bin'
[8.710s] Level 1:colcon.colcon_core.environment:checking '/home/khaledob/bookros2_ws/install/launch_pal/lib/pkgconfig/launch_pal.pc'
[8.711s] Level 1:colcon.colcon_core.environment:checking '/home/khaledob/bookros2_ws/install/launch_pal/lib/python3.8/site-packages'
[8.711s] Level 1:colcon.colcon_core.shell:create_environment_hook('launch_pal', 'pythonpath')
[8.711s] INFO:colcon.colcon_core.shell:Creating environment hook '/home/khaledob/bookros2_ws/install/launch_pal/share/launch_pal/hook/pythonpath.ps1'
[8.715s] INFO:colcon.colcon_core.shell:Creating environment descriptor '/home/khaledob/bookros2_ws/install/launch_pal/share/launch_pal/hook/pythonpath.dsv'
[8.724s] INFO:colcon.colcon_core.shell:Creating environment hook '/home/khaledob/bookros2_ws/install/launch_pal/share/launch_pal/hook/pythonpath.sh'
[8.725s] Level 1:colcon.colcon_core.environment:checking '/home/khaledob/bookros2_ws/install/launch_pal/bin'
[8.726s] Level 1:colcon.colcon_core.environment:create_environment_scripts_only(launch_pal)
[8.726s] INFO:colcon.colcon_core.shell:Creating package script '/home/khaledob/bookros2_ws/install/launch_pal/share/launch_pal/package.ps1'
[8.728s] INFO:colcon.colcon_core.shell:Creating package descriptor '/home/khaledob/bookros2_ws/install/launch_pal/share/launch_pal/package.dsv'
[8.732s] DEBUG:colcon.colcon_core.event_handler.log_command:Invoking command in '/home/khaledob/bookros2_ws/build/br2_bt_patrolling': CMAKE_PREFIX_PATH=${CMAKE_PREFIX_PATH}:/home/khaledob/bookros2_ws/install/ros2controlcli:/home/khaledob/bookros2_ws/install/launch_pal:/home/khaledob/bookros2_ws/install/br2_fsm_bumpgo_py:/opt/ros/foxy /usr/bin/cmake --build /home/khaledob/bookros2_ws/build/br2_bt_patrolling -- -j7 -l7
[8.735s] DEBUG:colcon.colcon_core.event_handler.log_command:Invoked command in '/home/khaledob/bookros2_ws/build/launch_pal' returned '0': PYTHONPATH=/home/khaledob/bookros2_ws/build/launch_pal/prefix_override:/usr/lib/python3/dist-packages/colcon_core/task/python/colcon_distutils_commands:/home/khaledob/bookros2_ws/install/launch_pal/lib/python3.8/site-packages:${PYTHONPATH} /usr/bin/python3 -W ignore:setup.py install is deprecated -W ignore:easy_install command is deprecated setup.py develop --editable --build-directory /home/khaledob/bookros2_ws/build/launch_pal/build --no-deps symlink_data
[8.747s] INFO:colcon.colcon_core.shell:Creating package script '/home/khaledob/bookros2_ws/install/launch_pal/share/launch_pal/package.sh'
[8.791s] INFO:colcon.colcon_core.shell:Creating package script '/home/khaledob/bookros2_ws/install/launch_pal/share/launch_pal/package.bash'
[8.793s] INFO:colcon.colcon_core.shell:Creating package script '/home/khaledob/bookros2_ws/install/launch_pal/share/launch_pal/package.zsh'
[8.808s] Level 1:colcon.colcon_core.environment:create_file_with_runtime_dependencies(/home/khaledob/bookros2_ws/install/launch_pal/share/colcon-core/packages/launch_pal)
[8.830s] DEBUG:colcon.colcon_core.event_handler.log_command:Invoked command in '/home/khaledob/bookros2_ws/build/br2_bt_bumpgo' returned '0': CMAKE_PREFIX_PATH=${CMAKE_PREFIX_PATH}:/home/khaledob/bookros2_ws/install/ros2controlcli:/home/khaledob/bookros2_ws/install/launch_pal:/home/khaledob/bookros2_ws/install/br2_fsm_bumpgo_py:/opt/ros/foxy /usr/bin/cmake --build /home/khaledob/bookros2_ws/build/br2_bt_bumpgo -- -j7 -l7
[8.831s] DEBUG:colcon.colcon_core.event_handler.log_command:Invoking command in '/home/khaledob/bookros2_ws/build/br2_bt_bumpgo': CMAKE_PREFIX_PATH=${CMAKE_PREFIX_PATH}:/home/khaledob/bookros2_ws/install/ros2controlcli:/home/khaledob/bookros2_ws/install/launch_pal:/home/khaledob/bookros2_ws/install/br2_fsm_bumpgo_py:/opt/ros/foxy /usr/bin/cmake --install /home/khaledob/bookros2_ws/build/br2_bt_bumpgo
[8.846s] INFO:colcon.colcon_ros.task.ament_cmake.build:Building ROS package in '/home/khaledob/bookros2_ws/src/book_ros2/br2_fsm_bumpgo_cpp' with build type 'ament_cmake'
[8.847s] INFO:colcon.colcon_cmake.task.cmake.build:Building CMake package in '/home/khaledob/bookros2_ws/src/book_ros2/br2_fsm_bumpgo_cpp'
[8.848s] INFO:colcon.colcon_core.shell:Skip shell extension 'powershell' for command environment: Not usable outside of PowerShell
[8.848s] DEBUG:colcon.colcon_core.shell:Skip shell extension 'dsv' for command environment
[8.937s] Level 1:colcon.colcon_core.environment:create_environment_scripts_only(br2_basics)
[8.941s] Level 1:colcon.colcon_core.environment:checking '/home/khaledob/bookros2_ws/install/br2_basics' for CMake module files
[8.945s] Level 1:colcon.colcon_core.environment:checking '/home/khaledob/bookros2_ws/install/br2_basics' for CMake config files
[8.951s] DEBUG:colcon.colcon_core.event_handler.log_command:Invoked command in '/home/khaledob/bookros2_ws/build/br2_basics' returned '0': CMAKE_PREFIX_PATH=${CMAKE_PREFIX_PATH}:/home/khaledob/bookros2_ws/install/ros2controlcli:/home/khaledob/bookros2_ws/install/launch_pal:/home/khaledob/bookros2_ws/install/br2_fsm_bumpgo_py:/opt/ros/foxy /usr/bin/cmake --install /home/khaledob/bookros2_ws/build/br2_basics
[8.979s] Level 1:colcon.colcon_core.shell:create_environment_hook('br2_basics', 'cmake_prefix_path')
[8.980s] INFO:colcon.colcon_core.shell:Creating environment hook '/home/khaledob/bookros2_ws/install/br2_basics/share/br2_basics/hook/cmake_prefix_path.ps1'
[9.012s] INFO:colcon.colcon_core.shell:Creating environment descriptor '/home/khaledob/bookros2_ws/install/br2_basics/share/br2_basics/hook/cmake_prefix_path.dsv'
[9.015s] INFO:colcon.colcon_core.shell:Creating environment hook '/home/khaledob/bookros2_ws/install/br2_basics/share/br2_basics/hook/cmake_prefix_path.sh'
[9.017s] Level 1:colcon.colcon_core.environment:checking '/home/khaledob/bookros2_ws/install/br2_basics/lib'
[9.017s] Level 1:colcon.colcon_core.environment:checking '/home/khaledob/bookros2_ws/install/br2_basics/bin'
[9.017s] Level 1:colcon.colcon_core.environment:checking '/home/khaledob/bookros2_ws/install/br2_basics/lib/pkgconfig/br2_basics.pc'
[9.018s] Level 1:colcon.colcon_core.environment:checking '/home/khaledob/bookros2_ws/install/br2_basics/lib/python3.8/site-packages'
[9.018s] Level 1:colcon.colcon_core.environment:checking '/home/khaledob/bookros2_ws/install/br2_basics/bin'
[9.019s] INFO:colcon.colcon_core.shell:Creating package script '/home/khaledob/bookros2_ws/install/br2_basics/share/br2_basics/package.ps1'
[9.023s] INFO:colcon.colcon_core.shell:Creating package descriptor '/home/khaledob/bookros2_ws/install/br2_basics/share/br2_basics/package.dsv'
[9.048s] INFO:colcon.colcon_core.shell:Creating package script '/home/khaledob/bookros2_ws/install/br2_basics/share/br2_basics/package.sh'
[9.049s] INFO:colcon.colcon_core.shell:Creating package script '/home/khaledob/bookros2_ws/install/br2_basics/share/br2_basics/package.bash'
[9.070s] INFO:colcon.colcon_core.shell:Creating package script '/home/khaledob/bookros2_ws/install/br2_basics/share/br2_basics/package.zsh'
[9.091s] Level 1:colcon.colcon_core.environment:create_file_with_runtime_dependencies(/home/khaledob/bookros2_ws/install/br2_basics/share/colcon-core/packages/br2_basics)
[9.104s] Level 1:colcon.colcon_core.environment:create_environment_scripts_only(br2_basics)
[9.105s] Level 1:colcon.colcon_core.environment:checking '/home/khaledob/bookros2_ws/install/br2_basics' for CMake module files
[9.125s] Level 1:colcon.colcon_core.environment:checking '/home/khaledob/bookros2_ws/install/br2_basics' for CMake config files
[9.125s] Level 1:colcon.colcon_core.shell:create_environment_hook('br2_basics', 'cmake_prefix_path')
[9.126s] INFO:colcon.colcon_core.shell:Creating environment hook '/home/khaledob/bookros2_ws/install/br2_basics/share/br2_basics/hook/cmake_prefix_path.ps1'
[9.127s] INFO:colcon.colcon_core.shell:Creating environment descriptor '/home/khaledob/bookros2_ws/install/br2_basics/share/br2_basics/hook/cmake_prefix_path.dsv'
[9.129s] INFO:colcon.colcon_core.shell:Creating environment hook '/home/khaledob/bookros2_ws/install/br2_basics/share/br2_basics/hook/cmake_prefix_path.sh'
[9.130s] Level 1:colcon.colcon_core.environment:checking '/home/khaledob/bookros2_ws/install/br2_basics/lib'
[9.130s] Level 1:colcon.colcon_core.environment:checking '/home/khaledob/bookros2_ws/install/br2_basics/bin'
[9.130s] Level 1:colcon.colcon_core.environment:checking '/home/khaledob/bookros2_ws/install/br2_basics/lib/pkgconfig/br2_basics.pc'
[9.130s] Level 1:colcon.colcon_core.environment:checking '/home/khaledob/bookros2_ws/install/br2_basics/lib/python3.8/site-packages'
[9.131s] Level 1:colcon.colcon_core.environment:checking '/home/khaledob/bookros2_ws/install/br2_basics/bin'
[9.131s] INFO:colcon.colcon_core.shell:Creating package script '/home/khaledob/bookros2_ws/install/br2_basics/share/br2_basics/package.ps1'
[9.132s] INFO:colcon.colcon_core.shell:Creating package descriptor '/home/khaledob/bookros2_ws/install/br2_basics/share/br2_basics/package.dsv'
[9.141s] INFO:colcon.colcon_core.shell:Creating package script '/home/khaledob/bookros2_ws/install/br2_basics/share/br2_basics/package.sh'
[9.157s] INFO:colcon.colcon_core.shell:Creating package script '/home/khaledob/bookros2_ws/install/br2_basics/share/br2_basics/package.bash'
[9.190s] INFO:colcon.colcon_core.shell:Creating package script '/home/khaledob/bookros2_ws/install/br2_basics/share/br2_basics/package.zsh'
[9.207s] Level 1:colcon.colcon_core.environment:create_file_with_runtime_dependencies(/home/khaledob/bookros2_ws/install/br2_basics/share/colcon-core/packages/br2_basics)
[9.261s] INFO:colcon.colcon_ros.task.ament_python.build:Building ROS package in '/home/khaledob/bookros2_ws/src/book_ros2/br2_fsm_bumpgo_py' with build type 'ament_python'
[9.263s] Level 1:colcon.colcon_core.shell:create_environment_hook('br2_fsm_bumpgo_py', 'ament_prefix_path')
[9.263s] INFO:colcon.colcon_core.shell:Creating environment hook '/home/khaledob/bookros2_ws/install/br2_fsm_bumpgo_py/share/br2_fsm_bumpgo_py/hook/ament_prefix_path.ps1'
[9.303s] INFO:colcon.colcon_core.shell:Creating environment descriptor '/home/khaledob/bookros2_ws/install/br2_fsm_bumpgo_py/share/br2_fsm_bumpgo_py/hook/ament_prefix_path.dsv'
[9.308s] INFO:colcon.colcon_core.shell:Creating environment hook '/home/khaledob/bookros2_ws/install/br2_fsm_bumpgo_py/share/br2_fsm_bumpgo_py/hook/ament_prefix_path.sh'
[9.319s] INFO:colcon.colcon_core.shell:Skip shell extension 'powershell' for command environment: Not usable outside of PowerShell
[9.319s] DEBUG:colcon.colcon_core.shell:Skip shell extension 'dsv' for command environment
[9.450s] DEBUG:colcon.colcon_core.event_handler.log_command:Invoked command in '/home/khaledob/bookros2_ws/build/pmb2_2dnav' returned '0': CMAKE_PREFIX_PATH=/home/khaledob/bookros2_ws/install/pmb2_maps:/home/khaledob/bookros2_ws/install/task2b:/home/khaledob/bookros2_ws/install/task2a:/home/khaledob/bookros2_ws/install/gazebo_ros2_control_demos:/home/khaledob/bookros2_ws/install/ros2_controllers:/home/khaledob/bookros2_ws/install/velocity_controllers:/home/khaledob/bookros2_ws/install/urdf_test:/home/khaledob/bookros2_ws/install/tiago_simulation:/home/khaledob/bookros2_ws/install/tiago_robot:/home/khaledob/bookros2_ws/install/tiago_2dnav_gazebo:/home/khaledob/bookros2_ws/install/tiago_gazebo:/home/khaledob/bookros2_ws/install/tiago_bringup:/home/khaledob/bookros2_ws/install/pmb2_robot:/home/khaledob/bookros2_ws/install/pmb2_bringup:/home/khaledob/bookros2_ws/install/twist_mux:/home/khaledob/bookros2_ws/install/transmission_interface:/home/khaledob/bookros2_ws/install/tiago_description:/home/khaledob/bookros2_ws/install/tiago_description_calibration:/home/khaledob/bookros2_ws/install/tiago_controller_configuration:/home/khaledob/bookros2_ws/install/task1:/home/khaledob/bookros2_ws/install/ros2_control:/home/khaledob/bookros2_ws/install/ros2_control_test_assets:/home/khaledob/bookros2_ws/install/pal_gripper:/home/khaledob/bookros2_ws/install/pal_gripper_controller_configuration:/home/khaledob/bookros2_ws/install/position_controllers:/home/khaledob/bookros2_ws/install/pmb2_navigation:/home/khaledob/bookros2_ws/install/pmb2_2dnav:/home/khaledob/bookros2_ws/install/pmb2_description:/home/khaledob/bookros2_ws/install/pmb2_controller_configuration:/home/khaledob/bookros2_ws/install/pal_gripper_description:/home/khaledob/bookros2_ws/install/pal_gazebo_worlds:/home/khaledob/bookros2_ws/install/joint_trajectory_controller:/home/khaledob/bookros2_ws/install/joint_state_controller:/home/khaledob/bookros2_ws/install/joint_state_broadcaster:/home/khaledob/bookros2_ws/install/imu_sensor_broadcaster:/home/khaledob/bookros2_ws/install/hey5_description:/home/khaledob/bookros2_ws/install/gripper_controllers:/home/khaledob/bookros2_ws/install/gazebo_ros2_control:/home/khaledob/bookros2_ws/install/effort_controllers:/home/khaledob/bookros2_ws/install/forward_command_controller:/home/khaledob/bookros2_ws/install/force_torque_sensor_broadcaster:/home/khaledob/bookros2_ws/install/diff_drive_controller:/home/khaledob/bookros2_ws/install/controller_manager:/home/khaledob/bookros2_ws/install/controller_interface:/home/khaledob/bookros2_ws/install/hardware_interface:/home/khaledob/bookros2_ws/install/groot:/home/khaledob/bookros2_ws/install/controller_manager_msgs:/home/khaledob/bookros2_ws/install/br2_vff_avoidance:/home/khaledob/bookros2_ws/install/br2_tracking:/home/khaledob/bookros2_ws/install/br2_tracking_msgs:/home/khaledob/bookros2_ws/install/br2_tiago:/home/khaledob/bookros2_ws/install/br2_tf2_detector:/home/khaledob/bookros2_ws/install/br2_navigation:/home/khaledob/bookros2_ws/install/br2_fsm_bumpgo_cpp:/home/khaledob/bookros2_ws/install/br2_bt_patrolling:/home/khaledob/bookros2_ws/install/br2_bt_bumpgo:/home/khaledob/bookros2_ws/install/br2_basics:/home/khaledob/bookros2_ws/install/ros2controlcli:/home/khaledob/bookros2_ws/install/launch_pal:/home/khaledob/bookros2_ws/install/br2_fsm_bumpgo_py:/opt/ros/foxy /usr/bin/cmake --build /home/khaledob/bookros2_ws/build/pmb2_2dnav -- -j7 -l7
[9.458s] DEBUG:colcon.colcon_core.event_handler.log_command:Invoking command in '/home/khaledob/bookros2_ws/build/pmb2_2dnav': CMAKE_PREFIX_PATH=/home/khaledob/bookros2_ws/install/pmb2_maps:/home/khaledob/bookros2_ws/install/task2b:/home/khaledob/bookros2_ws/install/task2a:/home/khaledob/bookros2_ws/install/gazebo_ros2_control_demos:/home/khaledob/bookros2_ws/install/ros2_controllers:/home/khaledob/bookros2_ws/install/velocity_controllers:/home/khaledob/bookros2_ws/install/urdf_test:/home/khaledob/bookros2_ws/install/tiago_simulation:/home/khaledob/bookros2_ws/install/tiago_robot:/home/khaledob/bookros2_ws/install/tiago_2dnav_gazebo:/home/khaledob/bookros2_ws/install/tiago_gazebo:/home/khaledob/bookros2_ws/install/tiago_bringup:/home/khaledob/bookros2_ws/install/pmb2_robot:/home/khaledob/bookros2_ws/install/pmb2_bringup:/home/khaledob/bookros2_ws/install/twist_mux:/home/khaledob/bookros2_ws/install/transmission_interface:/home/khaledob/bookros2_ws/install/tiago_description:/home/khaledob/bookros2_ws/install/tiago_description_calibration:/home/khaledob/bookros2_ws/install/tiago_controller_configuration:/home/khaledob/bookros2_ws/install/task1:/home/khaledob/bookros2_ws/install/ros2_control:/home/khaledob/bookros2_ws/install/ros2_control_test_assets:/home/khaledob/bookros2_ws/install/pal_gripper:/home/khaledob/bookros2_ws/install/pal_gripper_controller_configuration:/home/khaledob/bookros2_ws/install/position_controllers:/home/khaledob/bookros2_ws/install/pmb2_navigation:/home/khaledob/bookros2_ws/install/pmb2_2dnav:/home/khaledob/bookros2_ws/install/pmb2_description:/home/khaledob/bookros2_ws/install/pmb2_controller_configuration:/home/khaledob/bookros2_ws/install/pal_gripper_description:/home/khaledob/bookros2_ws/install/pal_gazebo_worlds:/home/khaledob/bookros2_ws/install/joint_trajectory_controller:/home/khaledob/bookros2_ws/install/joint_state_controller:/home/khaledob/bookros2_ws/install/joint_state_broadcaster:/home/khaledob/bookros2_ws/install/imu_sensor_broadcaster:/home/khaledob/bookros2_ws/install/hey5_description:/home/khaledob/bookros2_ws/install/gripper_controllers:/home/khaledob/bookros2_ws/install/gazebo_ros2_control:/home/khaledob/bookros2_ws/install/effort_controllers:/home/khaledob/bookros2_ws/install/forward_command_controller:/home/khaledob/bookros2_ws/install/force_torque_sensor_broadcaster:/home/khaledob/bookros2_ws/install/diff_drive_controller:/home/khaledob/bookros2_ws/install/controller_manager:/home/khaledob/bookros2_ws/install/controller_interface:/home/khaledob/bookros2_ws/install/hardware_interface:/home/khaledob/bookros2_ws/install/groot:/home/khaledob/bookros2_ws/install/controller_manager_msgs:/home/khaledob/bookros2_ws/install/br2_vff_avoidance:/home/khaledob/bookros2_ws/install/br2_tracking:/home/khaledob/bookros2_ws/install/br2_tracking_msgs:/home/khaledob/bookros2_ws/install/br2_tiago:/home/khaledob/bookros2_ws/install/br2_tf2_detector:/home/khaledob/bookros2_ws/install/br2_navigation:/home/khaledob/bookros2_ws/install/br2_fsm_bumpgo_cpp:/home/khaledob/bookros2_ws/install/br2_bt_patrolling:/home/khaledob/bookros2_ws/install/br2_bt_bumpgo:/home/khaledob/bookros2_ws/install/br2_basics:/home/khaledob/bookros2_ws/install/ros2controlcli:/home/khaledob/bookros2_ws/install/launch_pal:/home/khaledob/bookros2_ws/install/br2_fsm_bumpgo_py:/opt/ros/foxy /usr/bin/cmake --install /home/khaledob/bookros2_ws/build/pmb2_2dnav
[9.462s] Level 1:colcon.colcon_core.environment:create_environment_scripts_only(br2_tracking_msgs)
[9.463s] Level 1:colcon.colcon_core.environment:checking '/home/khaledob/bookros2_ws/install/br2_tracking_msgs' for CMake module files
[9.476s] DEBUG:colcon.colcon_core.event_handler.log_command:Invoked command in '/home/khaledob/bookros2_ws/build/br2_tracking_msgs' returned '0': CMAKE_PREFIX_PATH=${CMAKE_PREFIX_PATH}:/home/khaledob/bookros2_ws/install/ros2controlcli:/home/khaledob/bookros2_ws/install/launch_pal:/home/khaledob/bookros2_ws/install/br2_fsm_bumpgo_py:/opt/ros/foxy /usr/bin/cmake --install /home/khaledob/bookros2_ws/build/br2_tracking_msgs
[9.496s] Level 1:colcon.colcon_core.environment:checking '/home/khaledob/bookros2_ws/install/br2_tracking_msgs' for CMake config files
[9.498s] Level 1:colcon.colcon_core.shell:create_environment_hook('br2_tracking_msgs', 'cmake_prefix_path')
[9.499s] INFO:colcon.colcon_core.shell:Creating environment hook '/home/khaledob/bookros2_ws/install/br2_tracking_msgs/share/br2_tracking_msgs/hook/cmake_prefix_path.ps1'
[9.509s] INFO:colcon.colcon_core.shell:Creating environment descriptor '/home/khaledob/bookros2_ws/install/br2_tracking_msgs/share/br2_tracking_msgs/hook/cmake_prefix_path.dsv'
[9.526s] INFO:colcon.colcon_core.shell:Creating environment hook '/home/khaledob/bookros2_ws/install/br2_tracking_msgs/share/br2_tracking_msgs/hook/cmake_prefix_path.sh'
[9.529s] Level 1:colcon.colcon_core.environment:checking '/home/khaledob/bookros2_ws/install/br2_tracking_msgs/lib'
[9.529s] Level 1:colcon.colcon_core.shell:create_environment_hook('br2_tracking_msgs', 'ld_library_path_lib')
[9.529s] INFO:colcon.colcon_core.shell:Creating environment hook '/home/khaledob/bookros2_ws/install/br2_tracking_msgs/share/br2_tracking_msgs/hook/ld_library_path_lib.ps1'
[9.555s] INFO:colcon.colcon_core.shell:Creating environment descriptor '/home/khaledob/bookros2_ws/install/br2_tracking_msgs/share/br2_tracking_msgs/hook/ld_library_path_lib.dsv'
[9.557s] INFO:colcon.colcon_core.shell:Creating environment hook '/home/khaledob/bookros2_ws/install/br2_tracking_msgs/share/br2_tracking_msgs/hook/ld_library_path_lib.sh'
[9.559s] Level 1:colcon.colcon_core.environment:checking '/home/khaledob/bookros2_ws/install/br2_tracking_msgs/bin'
[9.559s] Level 1:colcon.colcon_core.environment:checking '/home/khaledob/bookros2_ws/install/br2_tracking_msgs/lib/pkgconfig/br2_tracking_msgs.pc'
[9.560s] Level 1:colcon.colcon_core.environment:checking '/home/khaledob/bookros2_ws/install/br2_tracking_msgs/lib/python3.8/site-packages'
[9.561s] Level 1:colcon.colcon_core.shell:create_environment_hook('br2_tracking_msgs', 'pythonpath')
[9.562s] INFO:colcon.colcon_core.shell:Creating environment hook '/home/khaledob/bookros2_ws/install/br2_tracking_msgs/share/br2_tracking_msgs/hook/pythonpath.ps1'
[9.564s] INFO:colcon.colcon_core.shell:Creating environment descriptor '/home/khaledob/bookros2_ws/install/br2_tracking_msgs/share/br2_tracking_msgs/hook/pythonpath.dsv'
[9.567s] INFO:colcon.colcon_core.shell:Creating environment hook '/home/khaledob/bookros2_ws/install/br2_tracking_msgs/share/br2_tracking_msgs/hook/pythonpath.sh'
[9.571s] Level 1:colcon.colcon_core.environment:checking '/home/khaledob/bookros2_ws/install/br2_tracking_msgs/bin'
[9.572s] INFO:colcon.colcon_core.shell:Creating package script '/home/khaledob/bookros2_ws/install/br2_tracking_msgs/share/br2_tracking_msgs/package.ps1'
[9.581s] INFO:colcon.colcon_core.shell:Creating package descriptor '/home/khaledob/bookros2_ws/install/br2_tracking_msgs/share/br2_tracking_msgs/package.dsv'
[9.586s] INFO:colcon.colcon_core.shell:Creating package script '/home/khaledob/bookros2_ws/install/br2_tracking_msgs/share/br2_tracking_msgs/package.sh'
[9.588s] INFO:colcon.colcon_core.shell:Creating package script '/home/khaledob/bookros2_ws/install/br2_tracking_msgs/share/br2_tracking_msgs/package.bash'
[9.590s] INFO:colcon.colcon_core.shell:Creating package script '/home/khaledob/bookros2_ws/install/br2_tracking_msgs/share/br2_tracking_msgs/package.zsh'
[9.592s] Level 1:colcon.colcon_core.environment:create_file_with_runtime_dependencies(/home/khaledob/bookros2_ws/install/br2_tracking_msgs/share/colcon-core/packages/br2_tracking_msgs)
[9.594s] Level 1:colcon.colcon_core.environment:create_environment_scripts_only(br2_tracking_msgs)
[9.595s] Level 1:colcon.colcon_core.environment:checking '/home/khaledob/bookros2_ws/install/br2_tracking_msgs' for CMake module files
[9.596s] Level 1:colcon.colcon_core.environment:checking '/home/khaledob/bookros2_ws/install/br2_tracking_msgs' for CMake config files
[9.597s] Level 1:colcon.colcon_core.shell:create_environment_hook('br2_tracking_msgs', 'cmake_prefix_path')
[9.597s] INFO:colcon.colcon_core.shell:Creating environment hook '/home/khaledob/bookros2_ws/install/br2_tracking_msgs/share/br2_tracking_msgs/hook/cmake_prefix_path.ps1'
[9.599s] INFO:colcon.colcon_core.shell:Creating environment descriptor '/home/khaledob/bookros2_ws/install/br2_tracking_msgs/share/br2_tracking_msgs/hook/cmake_prefix_path.dsv'
[9.602s] INFO:colcon.colcon_core.shell:Creating environment hook '/home/khaledob/bookros2_ws/install/br2_tracking_msgs/share/br2_tracking_msgs/hook/cmake_prefix_path.sh'
[9.604s] Level 1:colcon.colcon_core.environment:checking '/home/khaledob/bookros2_ws/install/br2_tracking_msgs/lib'
[9.604s] Level 1:colcon.colcon_core.shell:create_environment_hook('br2_tracking_msgs', 'ld_library_path_lib')
[9.605s] INFO:colcon.colcon_core.shell:Creating environment hook '/home/khaledob/bookros2_ws/install/br2_tracking_msgs/share/br2_tracking_msgs/hook/ld_library_path_lib.ps1'
[9.606s] INFO:colcon.colcon_core.shell:Creating environment descriptor '/home/khaledob/bookros2_ws/install/br2_tracking_msgs/share/br2_tracking_msgs/hook/ld_library_path_lib.dsv'
[9.608s] INFO:colcon.colcon_core.shell:Creating environment hook '/home/khaledob/bookros2_ws/install/br2_tracking_msgs/share/br2_tracking_msgs/hook/ld_library_path_lib.sh'
[9.609s] Level 1:colcon.colcon_core.environment:checking '/home/khaledob/bookros2_ws/install/br2_tracking_msgs/bin'
[9.610s] Level 1:colcon.colcon_core.environment:checking '/home/khaledob/bookros2_ws/install/br2_tracking_msgs/lib/pkgconfig/br2_tracking_msgs.pc'
[9.610s] Level 1:colcon.colcon_core.environment:checking '/home/khaledob/bookros2_ws/install/br2_tracking_msgs/lib/python3.8/site-packages'
[9.610s] Level 1:colcon.colcon_core.shell:create_environment_hook('br2_tracking_msgs', 'pythonpath')
[9.611s] INFO:colcon.colcon_core.shell:Creating environment hook '/home/khaledob/bookros2_ws/install/br2_tracking_msgs/share/br2_tracking_msgs/hook/pythonpath.ps1'
[9.613s] INFO:colcon.colcon_core.shell:Creating environment descriptor '/home/khaledob/bookros2_ws/install/br2_tracking_msgs/share/br2_tracking_msgs/hook/pythonpath.dsv'
[9.615s] INFO:colcon.colcon_core.shell:Creating environment hook '/home/khaledob/bookros2_ws/install/br2_tracking_msgs/share/br2_tracking_msgs/hook/pythonpath.sh'
[9.617s] Level 1:colcon.colcon_core.environment:checking '/home/khaledob/bookros2_ws/install/br2_tracking_msgs/bin'
[9.617s] INFO:colcon.colcon_core.shell:Creating package script '/home/khaledob/bookros2_ws/install/br2_tracking_msgs/share/br2_tracking_msgs/package.ps1'
[9.635s] INFO:colcon.colcon_core.shell:Creating package descriptor '/home/khaledob/bookros2_ws/install/br2_tracking_msgs/share/br2_tracking_msgs/package.dsv'
[9.639s] INFO:colcon.colcon_core.shell:Creating package script '/home/khaledob/bookros2_ws/install/br2_tracking_msgs/share/br2_tracking_msgs/package.sh'
[9.657s] INFO:colcon.colcon_core.shell:Creating package script '/home/khaledob/bookros2_ws/install/br2_tracking_msgs/share/br2_tracking_msgs/package.bash'
[9.659s] INFO:colcon.colcon_core.shell:Creating package script '/home/khaledob/bookros2_ws/install/br2_tracking_msgs/share/br2_tracking_msgs/package.zsh'
[9.661s] Level 1:colcon.colcon_core.environment:create_file_with_runtime_dependencies(/home/khaledob/bookros2_ws/install/br2_tracking_msgs/share/colcon-core/packages/br2_tracking_msgs)
[9.663s] Level 1:colcon.colcon_core.environment:create_environment_scripts_only(br2_bt_bumpgo)
[9.663s] Level 1:colcon.colcon_core.environment:checking '/home/khaledob/bookros2_ws/install/br2_bt_bumpgo' for CMake module files
[9.664s] Level 1:colcon.colcon_core.environment:checking '/home/khaledob/bookros2_ws/install/br2_bt_bumpgo' for CMake config files
[9.665s] Level 1:colcon.colcon_core.shell:create_environment_hook('br2_bt_bumpgo', 'cmake_prefix_path')
[9.665s] INFO:colcon.colcon_core.shell:Creating environment hook '/home/khaledob/bookros2_ws/install/br2_bt_bumpgo/share/br2_bt_bumpgo/hook/cmake_prefix_path.ps1'
[9.668s] INFO:colcon.colcon_core.shell:Creating environment descriptor '/home/khaledob/bookros2_ws/install/br2_bt_bumpgo/share/br2_bt_bumpgo/hook/cmake_prefix_path.dsv'
[9.669s] INFO:colcon.colcon_core.shell:Creating environment hook '/home/khaledob/bookros2_ws/install/br2_bt_bumpgo/share/br2_bt_bumpgo/hook/cmake_prefix_path.sh'
[9.671s] Level 1:colcon.colcon_core.environment:checking '/home/khaledob/bookros2_ws/install/br2_bt_bumpgo/lib'
[9.672s] Level 1:colcon.colcon_core.shell:create_environment_hook('br2_bt_bumpgo', 'ld_library_path_lib')
[9.672s] INFO:colcon.colcon_core.shell:Creating environment hook '/home/khaledob/bookros2_ws/install/br2_bt_bumpgo/share/br2_bt_bumpgo/hook/ld_library_path_lib.ps1'
[9.674s] INFO:colcon.colcon_core.shell:Creating environment descriptor '/home/khaledob/bookros2_ws/install/br2_bt_bumpgo/share/br2_bt_bumpgo/hook/ld_library_path_lib.dsv'
[9.680s] DEBUG:colcon.colcon_core.event_handler.log_command:Invoked command in '/home/khaledob/bookros2_ws/build/br2_bt_bumpgo' returned '0': CMAKE_PREFIX_PATH=${CMAKE_PREFIX_PATH}:/home/khaledob/bookros2_ws/install/ros2controlcli:/home/khaledob/bookros2_ws/install/launch_pal:/home/khaledob/bookros2_ws/install/br2_fsm_bumpgo_py:/opt/ros/foxy /usr/bin/cmake --install /home/khaledob/bookros2_ws/build/br2_bt_bumpgo
[9.695s] INFO:colcon.colcon_core.shell:Creating environment hook '/home/khaledob/bookros2_ws/install/br2_bt_bumpgo/share/br2_bt_bumpgo/hook/ld_library_path_lib.sh'
[9.697s] Level 1:colcon.colcon_core.environment:checking '/home/khaledob/bookros2_ws/install/br2_bt_bumpgo/bin'
[9.697s] Level 1:colcon.colcon_core.environment:checking '/home/khaledob/bookros2_ws/install/br2_bt_bumpgo/lib/pkgconfig/br2_bt_bumpgo.pc'
[9.697s] Level 1:colcon.colcon_core.environment:checking '/home/khaledob/bookros2_ws/install/br2_bt_bumpgo/lib/python3.8/site-packages'
[9.698s] Level 1:colcon.colcon_core.environment:checking '/home/khaledob/bookros2_ws/install/br2_bt_bumpgo/bin'
[9.698s] INFO:colcon.colcon_core.shell:Creating package script '/home/khaledob/bookros2_ws/install/br2_bt_bumpgo/share/br2_bt_bumpgo/package.ps1'
[9.701s] INFO:colcon.colcon_core.shell:Creating package descriptor '/home/khaledob/bookros2_ws/install/br2_bt_bumpgo/share/br2_bt_bumpgo/package.dsv'
[9.703s] INFO:colcon.colcon_core.shell:Creating package script '/home/khaledob/bookros2_ws/install/br2_bt_bumpgo/share/br2_bt_bumpgo/package.sh'
[9.705s] INFO:colcon.colcon_core.shell:Creating package script '/home/khaledob/bookros2_ws/install/br2_bt_bumpgo/share/br2_bt_bumpgo/package.bash'
[9.728s] INFO:colcon.colcon_core.shell:Creating package script '/home/khaledob/bookros2_ws/install/br2_bt_bumpgo/share/br2_bt_bumpgo/package.zsh'
[9.737s] Level 1:colcon.colcon_core.environment:create_file_with_runtime_dependencies(/home/khaledob/bookros2_ws/install/br2_bt_bumpgo/share/colcon-core/packages/br2_bt_bumpgo)
[9.750s] Level 1:colcon.colcon_core.environment:create_environment_scripts_only(br2_bt_bumpgo)
[9.751s] Level 1:colcon.colcon_core.environment:checking '/home/khaledob/bookros2_ws/install/br2_bt_bumpgo' for CMake module files
[9.751s] Level 1:colcon.colcon_core.environment:checking '/home/khaledob/bookros2_ws/install/br2_bt_bumpgo' for CMake config files
[9.752s] Level 1:colcon.colcon_core.shell:create_environment_hook('br2_bt_bumpgo', 'cmake_prefix_path')
[9.752s] INFO:colcon.colcon_core.shell:Creating environment hook '/home/khaledob/bookros2_ws/install/br2_bt_bumpgo/share/br2_bt_bumpgo/hook/cmake_prefix_path.ps1'
[9.757s] INFO:colcon.colcon_core.shell:Creating environment descriptor '/home/khaledob/bookros2_ws/install/br2_bt_bumpgo/share/br2_bt_bumpgo/hook/cmake_prefix_path.dsv'
[9.759s] INFO:colcon.colcon_core.shell:Creating environment hook '/home/khaledob/bookros2_ws/install/br2_bt_bumpgo/share/br2_bt_bumpgo/hook/cmake_prefix_path.sh'
[9.761s] Level 1:colcon.colcon_core.environment:checking '/home/khaledob/bookros2_ws/install/br2_bt_bumpgo/lib'
[9.762s] Level 1:colcon.colcon_core.shell:create_environment_hook('br2_bt_bumpgo', 'ld_library_path_lib')
[9.762s] INFO:colcon.colcon_core.shell:Creating environment hook '/home/khaledob/bookros2_ws/install/br2_bt_bumpgo/share/br2_bt_bumpgo/hook/ld_library_path_lib.ps1'
[9.764s] INFO:colcon.colcon_core.shell:Creating environment descriptor '/home/khaledob/bookros2_ws/install/br2_bt_bumpgo/share/br2_bt_bumpgo/hook/ld_library_path_lib.dsv'
[9.769s] INFO:colcon.colcon_core.shell:Creating environment hook '/home/khaledob/bookros2_ws/install/br2_bt_bumpgo/share/br2_bt_bumpgo/hook/ld_library_path_lib.sh'
[9.780s] Level 1:colcon.colcon_core.environment:checking '/home/khaledob/bookros2_ws/install/br2_bt_bumpgo/bin'
[9.784s] Level 1:colcon.colcon_core.environment:checking '/home/khaledob/bookros2_ws/install/br2_bt_bumpgo/lib/pkgconfig/br2_bt_bumpgo.pc'
[9.785s] Level 1:colcon.colcon_core.environment:checking '/home/khaledob/bookros2_ws/install/br2_bt_bumpgo/lib/python3.8/site-packages'
[9.785s] Level 1:colcon.colcon_core.environment:checking '/home/khaledob/bookros2_ws/install/br2_bt_bumpgo/bin'
[9.785s] INFO:colcon.colcon_core.shell:Creating package script '/home/khaledob/bookros2_ws/install/br2_bt_bumpgo/share/br2_bt_bumpgo/package.ps1'
[9.789s] INFO:colcon.colcon_core.shell:Creating package descriptor '/home/khaledob/bookros2_ws/install/br2_bt_bumpgo/share/br2_bt_bumpgo/package.dsv'
[9.807s] INFO:colcon.colcon_core.shell:Creating package script '/home/khaledob/bookros2_ws/install/br2_bt_bumpgo/share/br2_bt_bumpgo/package.sh'
[9.812s] INFO:colcon.colcon_core.shell:Creating package script '/home/khaledob/bookros2_ws/install/br2_bt_bumpgo/share/br2_bt_bumpgo/package.bash'
[9.814s] INFO:colcon.colcon_core.shell:Creating package script '/home/khaledob/bookros2_ws/install/br2_bt_bumpgo/share/br2_bt_bumpgo/package.zsh'
[9.816s] Level 1:colcon.colcon_core.environment:create_file_with_runtime_dependencies(/home/khaledob/bookros2_ws/install/br2_bt_bumpgo/share/colcon-core/packages/br2_bt_bumpgo)
[9.831s] INFO:colcon.colcon_ros.task.ament_cmake.build:Building ROS package in '/home/khaledob/bookros2_ws/src/book_ros2/br2_navigation' with build type 'ament_cmake'
[9.833s] INFO:colcon.colcon_cmake.task.cmake.build:Building CMake package in '/home/khaledob/bookros2_ws/src/book_ros2/br2_navigation'
[9.833s] INFO:colcon.colcon_core.shell:Skip shell extension 'powershell' for command environment: Not usable outside of PowerShell
[9.833s] DEBUG:colcon.colcon_core.shell:Skip shell extension 'dsv' for command environment
[9.882s] INFO:colcon.colcon_ros.task.ament_cmake.build:Building ROS package in '/home/khaledob/bookros2_ws/src/book_ros2/br2_tf2_detector' with build type 'ament_cmake'
[9.882s] INFO:colcon.colcon_cmake.task.cmake.build:Building CMake package in '/home/khaledob/bookros2_ws/src/book_ros2/br2_tf2_detector'
[9.884s] INFO:colcon.colcon_core.shell:Skip shell extension 'powershell' for command environment: Not usable outside of PowerShell
[9.884s] DEBUG:colcon.colcon_core.shell:Skip shell extension 'dsv' for command environment
[9.971s] DEBUG:colcon.colcon_core.event_handler.log_command:Invoking command in '/home/khaledob/bookros2_ws/build/br2_fsm_bumpgo_cpp': CMAKE_PREFIX_PATH=${CMAKE_PREFIX_PATH}:/home/khaledob/bookros2_ws/install/ros2controlcli:/home/khaledob/bookros2_ws/install/launch_pal:/home/khaledob/bookros2_ws/install/br2_fsm_bumpgo_py:/opt/ros/foxy /usr/bin/cmake --build /home/khaledob/bookros2_ws/build/br2_fsm_bumpgo_cpp -- -j7 -l7
[9.999s] Level 1:colcon.colcon_core.environment:create_environment_scripts_only(pmb2_2dnav)
[10.000s] Level 1:colcon.colcon_core.environment:checking '/home/khaledob/bookros2_ws/install/pmb2_2dnav' for CMake module files
[10.003s] Level 1:colcon.colcon_core.environment:checking '/home/khaledob/bookros2_ws/install/pmb2_2dnav' for CMake config files
[10.003s] Level 1:colcon.colcon_core.shell:create_environment_hook('pmb2_2dnav', 'cmake_prefix_path')
[10.004s] INFO:colcon.colcon_core.shell:Creating environment hook '/home/khaledob/bookros2_ws/install/pmb2_2dnav/share/pmb2_2dnav/hook/cmake_prefix_path.ps1'
[10.051s] INFO:colcon.colcon_core.shell:Creating environment descriptor '/home/khaledob/bookros2_ws/install/pmb2_2dnav/share/pmb2_2dnav/hook/cmake_prefix_path.dsv'
[10.084s] INFO:colcon.colcon_core.shell:Creating environment hook '/home/khaledob/bookros2_ws/install/pmb2_2dnav/share/pmb2_2dnav/hook/cmake_prefix_path.sh'
[10.087s] DEBUG:colcon.colcon_core.event_handler.log_command:Invoked command in '/home/khaledob/bookros2_ws/build/controller_interface' returned '0': CMAKE_PREFIX_PATH=/home/khaledob/bookros2_ws/install/hardware_interface:/home/khaledob/bookros2_ws/install/ros2_control_test_assets:/home/khaledob/bookros2_ws/install/task2b:/home/khaledob/bookros2_ws/install/task2a:/home/khaledob/bookros2_ws/install/gazebo_ros2_control_demos:/home/khaledob/bookros2_ws/install/ros2_controllers:/home/khaledob/bookros2_ws/install/velocity_controllers:/home/khaledob/bookros2_ws/install/urdf_test:/home/khaledob/bookros2_ws/install/tiago_simulation:/home/khaledob/bookros2_ws/install/tiago_robot:/home/khaledob/bookros2_ws/install/tiago_2dnav_gazebo:/home/khaledob/bookros2_ws/install/tiago_gazebo:/home/khaledob/bookros2_ws/install/tiago_bringup:/home/khaledob/bookros2_ws/install/pmb2_robot:/home/khaledob/bookros2_ws/install/pmb2_bringup:/home/khaledob/bookros2_ws/install/twist_mux:/home/khaledob/bookros2_ws/install/transmission_interface:/home/khaledob/bookros2_ws/install/tiago_description:/home/khaledob/bookros2_ws/install/tiago_description_calibration:/home/khaledob/bookros2_ws/install/tiago_controller_configuration:/home/khaledob/bookros2_ws/install/task1:/home/khaledob/bookros2_ws/install/ros2_control:/home/khaledob/bookros2_ws/install/pal_gripper:/home/khaledob/bookros2_ws/install/pal_gripper_controller_configuration:/home/khaledob/bookros2_ws/install/position_controllers:/home/khaledob/bookros2_ws/install/pmb2_navigation:/home/khaledob/bookros2_ws/install/pmb2_2dnav:/home/khaledob/bookros2_ws/install/pmb2_maps:/home/khaledob/bookros2_ws/install/pmb2_description:/home/khaledob/bookros2_ws/install/pmb2_controller_configuration:/home/khaledob/bookros2_ws/install/pal_gripper_description:/home/khaledob/bookros2_ws/install/pal_gazebo_worlds:/home/khaledob/bookros2_ws/install/joint_trajectory_controller:/home/khaledob/bookros2_ws/install/joint_state_controller:/home/khaledob/bookros2_ws/install/joint_state_broadcaster:/home/khaledob/bookros2_ws/install/imu_sensor_broadcaster:/home/khaledob/bookros2_ws/install/hey5_description:/home/khaledob/bookros2_ws/install/gripper_controllers:/home/khaledob/bookros2_ws/install/gazebo_ros2_control:/home/khaledob/bookros2_ws/install/effort_controllers:/home/khaledob/bookros2_ws/install/forward_command_controller:/home/khaledob/bookros2_ws/install/force_torque_sensor_broadcaster:/home/khaledob/bookros2_ws/install/diff_drive_controller:/home/khaledob/bookros2_ws/install/controller_manager:/home/khaledob/bookros2_ws/install/controller_interface:/home/khaledob/bookros2_ws/install/groot:/home/khaledob/bookros2_ws/install/controller_manager_msgs:/home/khaledob/bookros2_ws/install/br2_vff_avoidance:/home/khaledob/bookros2_ws/install/br2_tracking:/home/khaledob/bookros2_ws/install/br2_tracking_msgs:/home/khaledob/bookros2_ws/install/br2_tiago:/home/khaledob/bookros2_ws/install/br2_tf2_detector:/home/khaledob/bookros2_ws/install/br2_navigation:/home/khaledob/bookros2_ws/install/br2_fsm_bumpgo_cpp:/home/khaledob/bookros2_ws/install/br2_bt_patrolling:/home/khaledob/bookros2_ws/install/br2_bt_bumpgo:/home/khaledob/bookros2_ws/install/br2_basics:/home/khaledob/bookros2_ws/install/ros2controlcli:/home/khaledob/bookros2_ws/install/launch_pal:/home/khaledob/bookros2_ws/install/br2_fsm_bumpgo_py:/opt/ros/foxy LD_LIBRARY_PATH=/home/khaledob/bookros2_ws/install/hardware_interface/lib:/home/khaledob/bookros2_ws/install/velocity_controllers/lib:/home/khaledob/bookros2_ws/install/position_controllers/lib:/home/khaledob/bookros2_ws/install/joint_trajectory_controller/lib:/home/khaledob/bookros2_ws/install/joint_state_controller/lib:/home/khaledob/bookros2_ws/install/joint_state_broadcaster/lib:/home/khaledob/bookros2_ws/install/imu_sensor_broadcaster/lib:/home/khaledob/bookros2_ws/install/gripper_controllers/lib:/home/khaledob/bookros2_ws/install/gazebo_ros2_control/lib:/home/khaledob/bookros2_ws/install/effort_controllers/lib:/home/khaledob/bookros2_ws/install/forward_command_controller/lib:/home/khaledob/bookros2_ws/install/force_torque_sensor_broadcaster/lib:/home/khaledob/bookros2_ws/install/diff_drive_controller/lib:/home/khaledob/bookros2_ws/install/controller_manager/lib:/home/khaledob/bookros2_ws/install/controller_interface/lib:/home/khaledob/bookros2_ws/install/groot/lib:/home/khaledob/bookros2_ws/install/controller_manager_msgs/lib:/home/khaledob/bookros2_ws/install/br2_vff_avoidance/lib:/home/khaledob/bookros2_ws/install/br2_tracking/lib:/home/khaledob/bookros2_ws/install/br2_tracking_msgs/lib:/home/khaledob/bookros2_ws/install/br2_tf2_detector/lib:/home/khaledob/bookros2_ws/install/br2_bt_patrolling/lib:/home/khaledob/bookros2_ws/install/br2_bt_bumpgo/lib:/usr/lib/x86_64-linux-gnu/gazebo-11/plugins:/opt/ros/foxy/opt/yaml_cpp_vendor/lib:/opt/ros/foxy/opt/rviz_ogre_vendor/lib:/opt/ros/foxy/lib/x86_64-linux-gnu:/opt/ros/foxy/lib /usr/bin/cmake --build /home/khaledob/bookros2_ws/build/controller_interface -- -j7 -l7
[10.104s] DEBUG:colcon.colcon_core.event_handler.log_command:Invoking command in '/home/khaledob/bookros2_ws/build/controller_interface': CMAKE_PREFIX_PATH=/home/khaledob/bookros2_ws/install/hardware_interface:/home/khaledob/bookros2_ws/install/ros2_control_test_assets:/home/khaledob/bookros2_ws/install/task2b:/home/khaledob/bookros2_ws/install/task2a:/home/khaledob/bookros2_ws/install/gazebo_ros2_control_demos:/home/khaledob/bookros2_ws/install/ros2_controllers:/home/khaledob/bookros2_ws/install/velocity_controllers:/home/khaledob/bookros2_ws/install/urdf_test:/home/khaledob/bookros2_ws/install/tiago_simulation:/home/khaledob/bookros2_ws/install/tiago_robot:/home/khaledob/bookros2_ws/install/tiago_2dnav_gazebo:/home/khaledob/bookros2_ws/install/tiago_gazebo:/home/khaledob/bookros2_ws/install/tiago_bringup:/home/khaledob/bookros2_ws/install/pmb2_robot:/home/khaledob/bookros2_ws/install/pmb2_bringup:/home/khaledob/bookros2_ws/install/twist_mux:/home/khaledob/bookros2_ws/install/transmission_interface:/home/khaledob/bookros2_ws/install/tiago_description:/home/khaledob/bookros2_ws/install/tiago_description_calibration:/home/khaledob/bookros2_ws/install/tiago_controller_configuration:/home/khaledob/bookros2_ws/install/task1:/home/khaledob/bookros2_ws/install/ros2_control:/home/khaledob/bookros2_ws/install/pal_gripper:/home/khaledob/bookros2_ws/install/pal_gripper_controller_configuration:/home/khaledob/bookros2_ws/install/position_controllers:/home/khaledob/bookros2_ws/install/pmb2_navigation:/home/khaledob/bookros2_ws/install/pmb2_2dnav:/home/khaledob/bookros2_ws/install/pmb2_maps:/home/khaledob/bookros2_ws/install/pmb2_description:/home/khaledob/bookros2_ws/install/pmb2_controller_configuration:/home/khaledob/bookros2_ws/install/pal_gripper_description:/home/khaledob/bookros2_ws/install/pal_gazebo_worlds:/home/khaledob/bookros2_ws/install/joint_trajectory_controller:/home/khaledob/bookros2_ws/install/joint_state_controller:/home/khaledob/bookros2_ws/install/joint_state_broadcaster:/home/khaledob/bookros2_ws/install/imu_sensor_broadcaster:/home/khaledob/bookros2_ws/install/hey5_description:/home/khaledob/bookros2_ws/install/gripper_controllers:/home/khaledob/bookros2_ws/install/gazebo_ros2_control:/home/khaledob/bookros2_ws/install/effort_controllers:/home/khaledob/bookros2_ws/install/forward_command_controller:/home/khaledob/bookros2_ws/install/force_torque_sensor_broadcaster:/home/khaledob/bookros2_ws/install/diff_drive_controller:/home/khaledob/bookros2_ws/install/controller_manager:/home/khaledob/bookros2_ws/install/controller_interface:/home/khaledob/bookros2_ws/install/groot:/home/khaledob/bookros2_ws/install/controller_manager_msgs:/home/khaledob/bookros2_ws/install/br2_vff_avoidance:/home/khaledob/bookros2_ws/install/br2_tracking:/home/khaledob/bookros2_ws/install/br2_tracking_msgs:/home/khaledob/bookros2_ws/install/br2_tiago:/home/khaledob/bookros2_ws/install/br2_tf2_detector:/home/khaledob/bookros2_ws/install/br2_navigation:/home/khaledob/bookros2_ws/install/br2_fsm_bumpgo_cpp:/home/khaledob/bookros2_ws/install/br2_bt_patrolling:/home/khaledob/bookros2_ws/install/br2_bt_bumpgo:/home/khaledob/bookros2_ws/install/br2_basics:/home/khaledob/bookros2_ws/install/ros2controlcli:/home/khaledob/bookros2_ws/install/launch_pal:/home/khaledob/bookros2_ws/install/br2_fsm_bumpgo_py:/opt/ros/foxy LD_LIBRARY_PATH=/home/khaledob/bookros2_ws/install/hardware_interface/lib:/home/khaledob/bookros2_ws/install/velocity_controllers/lib:/home/khaledob/bookros2_ws/install/position_controllers/lib:/home/khaledob/bookros2_ws/install/joint_trajectory_controller/lib:/home/khaledob/bookros2_ws/install/joint_state_controller/lib:/home/khaledob/bookros2_ws/install/joint_state_broadcaster/lib:/home/khaledob/bookros2_ws/install/imu_sensor_broadcaster/lib:/home/khaledob/bookros2_ws/install/gripper_controllers/lib:/home/khaledob/bookros2_ws/install/gazebo_ros2_control/lib:/home/khaledob/bookros2_ws/install/effort_controllers/lib:/home/khaledob/bookros2_ws/install/forward_command_controller/lib:/home/khaledob/bookros2_ws/install/force_torque_sensor_broadcaster/lib:/home/khaledob/bookros2_ws/install/diff_drive_controller/lib:/home/khaledob/bookros2_ws/install/controller_manager/lib:/home/khaledob/bookros2_ws/install/controller_interface/lib:/home/khaledob/bookros2_ws/install/groot/lib:/home/khaledob/bookros2_ws/install/controller_manager_msgs/lib:/home/khaledob/bookros2_ws/install/br2_vff_avoidance/lib:/home/khaledob/bookros2_ws/install/br2_tracking/lib:/home/khaledob/bookros2_ws/install/br2_tracking_msgs/lib:/home/khaledob/bookros2_ws/install/br2_tf2_detector/lib:/home/khaledob/bookros2_ws/install/br2_bt_patrolling/lib:/home/khaledob/bookros2_ws/install/br2_bt_bumpgo/lib:/usr/lib/x86_64-linux-gnu/gazebo-11/plugins:/opt/ros/foxy/opt/yaml_cpp_vendor/lib:/opt/ros/foxy/opt/rviz_ogre_vendor/lib:/opt/ros/foxy/lib/x86_64-linux-gnu:/opt/ros/foxy/lib /usr/bin/cmake --install /home/khaledob/bookros2_ws/build/controller_interface
[10.110s] Level 1:colcon.colcon_core.environment:checking '/home/khaledob/bookros2_ws/install/pmb2_2dnav/lib'
[10.113s] Level 1:colcon.colcon_core.environment:checking '/home/khaledob/bookros2_ws/install/pmb2_2dnav/bin'
[10.114s] Level 1:colcon.colcon_core.environment:checking '/home/khaledob/bookros2_ws/install/pmb2_2dnav/lib/pkgconfig/pmb2_2dnav.pc'
[10.114s] Level 1:colcon.colcon_core.environment:checking '/home/khaledob/bookros2_ws/install/pmb2_2dnav/lib/python3.8/site-packages'
[10.116s] Level 1:colcon.colcon_core.environment:checking '/home/khaledob/bookros2_ws/install/pmb2_2dnav/bin'
[10.116s] INFO:colcon.colcon_core.shell:Creating package script '/home/khaledob/bookros2_ws/install/pmb2_2dnav/share/pmb2_2dnav/package.ps1'
[10.127s] INFO:colcon.colcon_core.shell:Creating package descriptor '/home/khaledob/bookros2_ws/install/pmb2_2dnav/share/pmb2_2dnav/package.dsv'
[10.129s] INFO:colcon.colcon_core.shell:Creating package script '/home/khaledob/bookros2_ws/install/pmb2_2dnav/share/pmb2_2dnav/package.sh'
[10.130s] DEBUG:colcon.colcon_core.event_handler.log_command:Invoked command in '/home/khaledob/bookros2_ws/build/pmb2_2dnav' returned '0': CMAKE_PREFIX_PATH=/home/khaledob/bookros2_ws/install/pmb2_maps:/home/khaledob/bookros2_ws/install/task2b:/home/khaledob/bookros2_ws/install/task2a:/home/khaledob/bookros2_ws/install/gazebo_ros2_control_demos:/home/khaledob/bookros2_ws/install/ros2_controllers:/home/khaledob/bookros2_ws/install/velocity_controllers:/home/khaledob/bookros2_ws/install/urdf_test:/home/khaledob/bookros2_ws/install/tiago_simulation:/home/khaledob/bookros2_ws/install/tiago_robot:/home/khaledob/bookros2_ws/install/tiago_2dnav_gazebo:/home/khaledob/bookros2_ws/install/tiago_gazebo:/home/khaledob/bookros2_ws/install/tiago_bringup:/home/khaledob/bookros2_ws/install/pmb2_robot:/home/khaledob/bookros2_ws/install/pmb2_bringup:/home/khaledob/bookros2_ws/install/twist_mux:/home/khaledob/bookros2_ws/install/transmission_interface:/home/khaledob/bookros2_ws/install/tiago_description:/home/khaledob/bookros2_ws/install/tiago_description_calibration:/home/khaledob/bookros2_ws/install/tiago_controller_configuration:/home/khaledob/bookros2_ws/install/task1:/home/khaledob/bookros2_ws/install/ros2_control:/home/khaledob/bookros2_ws/install/ros2_control_test_assets:/home/khaledob/bookros2_ws/install/pal_gripper:/home/khaledob/bookros2_ws/install/pal_gripper_controller_configuration:/home/khaledob/bookros2_ws/install/position_controllers:/home/khaledob/bookros2_ws/install/pmb2_navigation:/home/khaledob/bookros2_ws/install/pmb2_2dnav:/home/khaledob/bookros2_ws/install/pmb2_description:/home/khaledob/bookros2_ws/install/pmb2_controller_configuration:/home/khaledob/bookros2_ws/install/pal_gripper_description:/home/khaledob/bookros2_ws/install/pal_gazebo_worlds:/home/khaledob/bookros2_ws/install/joint_trajectory_controller:/home/khaledob/bookros2_ws/install/joint_state_controller:/home/khaledob/bookros2_ws/install/joint_state_broadcaster:/home/khaledob/bookros2_ws/install/imu_sensor_broadcaster:/home/khaledob/bookros2_ws/install/hey5_description:/home/khaledob/bookros2_ws/install/gripper_controllers:/home/khaledob/bookros2_ws/install/gazebo_ros2_control:/home/khaledob/bookros2_ws/install/effort_controllers:/home/khaledob/bookros2_ws/install/forward_command_controller:/home/khaledob/bookros2_ws/install/force_torque_sensor_broadcaster:/home/khaledob/bookros2_ws/install/diff_drive_controller:/home/khaledob/bookros2_ws/install/controller_manager:/home/khaledob/bookros2_ws/install/controller_interface:/home/khaledob/bookros2_ws/install/hardware_interface:/home/khaledob/bookros2_ws/install/groot:/home/khaledob/bookros2_ws/install/controller_manager_msgs:/home/khaledob/bookros2_ws/install/br2_vff_avoidance:/home/khaledob/bookros2_ws/install/br2_tracking:/home/khaledob/bookros2_ws/install/br2_tracking_msgs:/home/khaledob/bookros2_ws/install/br2_tiago:/home/khaledob/bookros2_ws/install/br2_tf2_detector:/home/khaledob/bookros2_ws/install/br2_navigation:/home/khaledob/bookros2_ws/install/br2_fsm_bumpgo_cpp:/home/khaledob/bookros2_ws/install/br2_bt_patrolling:/home/khaledob/bookros2_ws/install/br2_bt_bumpgo:/home/khaledob/bookros2_ws/install/br2_basics:/home/khaledob/bookros2_ws/install/ros2controlcli:/home/khaledob/bookros2_ws/install/launch_pal:/home/khaledob/bookros2_ws/install/br2_fsm_bumpgo_py:/opt/ros/foxy /usr/bin/cmake --install /home/khaledob/bookros2_ws/build/pmb2_2dnav
[10.138s] INFO:colcon.colcon_core.shell:Creating package script '/home/khaledob/bookros2_ws/install/pmb2_2dnav/share/pmb2_2dnav/package.bash'
[10.140s] INFO:colcon.colcon_core.shell:Creating package script '/home/khaledob/bookros2_ws/install/pmb2_2dnav/share/pmb2_2dnav/package.zsh'
[10.142s] Level 1:colcon.colcon_core.environment:create_file_with_runtime_dependencies(/home/khaledob/bookros2_ws/install/pmb2_2dnav/share/colcon-core/packages/pmb2_2dnav)
[10.160s] Level 1:colcon.colcon_core.environment:create_environment_scripts_only(pmb2_2dnav)
[10.160s] Level 1:colcon.colcon_core.environment:checking '/home/khaledob/bookros2_ws/install/pmb2_2dnav' for CMake module files
[10.161s] Level 1:colcon.colcon_core.environment:checking '/home/khaledob/bookros2_ws/install/pmb2_2dnav' for CMake config files
[10.162s] Level 1:colcon.colcon_core.shell:create_environment_hook('pmb2_2dnav', 'cmake_prefix_path')
[10.163s] INFO:colcon.colcon_core.shell:Creating environment hook '/home/khaledob/bookros2_ws/install/pmb2_2dnav/share/pmb2_2dnav/hook/cmake_prefix_path.ps1'
[10.165s] INFO:colcon.colcon_core.shell:Creating environment descriptor '/home/khaledob/bookros2_ws/install/pmb2_2dnav/share/pmb2_2dnav/hook/cmake_prefix_path.dsv'
[10.182s] INFO:colcon.colcon_core.shell:Creating environment hook '/home/khaledob/bookros2_ws/install/pmb2_2dnav/share/pmb2_2dnav/hook/cmake_prefix_path.sh'
[10.186s] Level 1:colcon.colcon_core.environment:checking '/home/khaledob/bookros2_ws/install/pmb2_2dnav/lib'
[10.187s] Level 1:colcon.colcon_core.environment:checking '/home/khaledob/bookros2_ws/install/pmb2_2dnav/bin'
[10.187s] Level 1:colcon.colcon_core.environment:checking '/home/khaledob/bookros2_ws/install/pmb2_2dnav/lib/pkgconfig/pmb2_2dnav.pc'
[10.188s] Level 1:colcon.colcon_core.environment:checking '/home/khaledob/bookros2_ws/install/pmb2_2dnav/lib/python3.8/site-packages'
[10.188s] Level 1:colcon.colcon_core.environment:checking '/home/khaledob/bookros2_ws/install/pmb2_2dnav/bin'
[10.188s] INFO:colcon.colcon_core.shell:Creating package script '/home/khaledob/bookros2_ws/install/pmb2_2dnav/share/pmb2_2dnav/package.ps1'
[10.190s] INFO:colcon.colcon_core.shell:Creating package descriptor '/home/khaledob/bookros2_ws/install/pmb2_2dnav/share/pmb2_2dnav/package.dsv'
[10.208s] INFO:colcon.colcon_core.shell:Creating package script '/home/khaledob/bookros2_ws/install/pmb2_2dnav/share/pmb2_2dnav/package.sh'
[10.221s] INFO:colcon.colcon_core.shell:Creating package script '/home/khaledob/bookros2_ws/install/pmb2_2dnav/share/pmb2_2dnav/package.bash'
[10.237s] INFO:colcon.colcon_core.shell:Creating package script '/home/khaledob/bookros2_ws/install/pmb2_2dnav/share/pmb2_2dnav/package.zsh'
[10.241s] Level 1:colcon.colcon_core.environment:create_file_with_runtime_dependencies(/home/khaledob/bookros2_ws/install/pmb2_2dnav/share/colcon-core/packages/pmb2_2dnav)
[10.777s] INFO:colcon.colcon_core.task.python.build:Building Python package in '/home/khaledob/bookros2_ws/src/book_ros2/br2_fsm_bumpgo_py'
[10.778s] INFO:colcon.colcon_core.shell:Skip shell extension 'powershell' for command environment: Not usable outside of PowerShell
[10.778s] DEBUG:colcon.colcon_core.shell:Skip shell extension 'dsv' for command environment
[10.824s] INFO:colcon.colcon_ros.task.ament_cmake.build:Building ROS package in '/home/khaledob/bookros2_ws/src/book_ros2/br2_tiago' with build type 'ament_cmake'
[10.825s] INFO:colcon.colcon_cmake.task.cmake.build:Building CMake package in '/home/khaledob/bookros2_ws/src/book_ros2/br2_tiago'
[10.825s] INFO:colcon.colcon_core.shell:Skip shell extension 'powershell' for command environment: Not usable outside of PowerShell
[10.825s] DEBUG:colcon.colcon_core.shell:Skip shell extension 'dsv' for command environment
[10.837s] DEBUG:colcon.colcon_core.event_handler.log_command:Invoked command in '/home/khaledob/bookros2_ws/build/br2_bt_patrolling' returned '0': CMAKE_PREFIX_PATH=${CMAKE_PREFIX_PATH}:/home/khaledob/bookros2_ws/install/ros2controlcli:/home/khaledob/bookros2_ws/install/launch_pal:/home/khaledob/bookros2_ws/install/br2_fsm_bumpgo_py:/opt/ros/foxy /usr/bin/cmake --build /home/khaledob/bookros2_ws/build/br2_bt_patrolling -- -j7 -l7
[10.863s] DEBUG:colcon.colcon_core.event_handler.log_command:Invoking command in '/home/khaledob/bookros2_ws/build/br2_bt_patrolling': CMAKE_PREFIX_PATH=${CMAKE_PREFIX_PATH}:/home/khaledob/bookros2_ws/install/ros2controlcli:/home/khaledob/bookros2_ws/install/launch_pal:/home/khaledob/bookros2_ws/install/br2_fsm_bumpgo_py:/opt/ros/foxy /usr/bin/cmake --install /home/khaledob/bookros2_ws/build/br2_bt_patrolling
[10.887s] Level 1:colcon.colcon_core.environment:create_environment_scripts_only(controller_interface)
[10.888s] Level 1:colcon.colcon_core.environment:checking '/home/khaledob/bookros2_ws/install/controller_interface' for CMake module files
[10.898s] Level 1:colcon.colcon_core.environment:checking '/home/khaledob/bookros2_ws/install/controller_interface' for CMake config files
[10.902s] Level 1:colcon.colcon_core.shell:create_environment_hook('controller_interface', 'cmake_prefix_path')
[10.902s] INFO:colcon.colcon_core.shell:Creating environment hook '/home/khaledob/bookros2_ws/install/controller_interface/share/controller_interface/hook/cmake_prefix_path.ps1'
[10.917s] INFO:colcon.colcon_core.shell:Creating environment descriptor '/home/khaledob/bookros2_ws/install/controller_interface/share/controller_interface/hook/cmake_prefix_path.dsv'
[10.919s] INFO:colcon.colcon_core.shell:Creating environment hook '/home/khaledob/bookros2_ws/install/controller_interface/share/controller_interface/hook/cmake_prefix_path.sh'
[10.995s] DEBUG:colcon.colcon_core.event_handler.log_command:Invoked command in '/home/khaledob/bookros2_ws/build/controller_interface' returned '0': CMAKE_PREFIX_PATH=/home/khaledob/bookros2_ws/install/hardware_interface:/home/khaledob/bookros2_ws/install/ros2_control_test_assets:/home/khaledob/bookros2_ws/install/task2b:/home/khaledob/bookros2_ws/install/task2a:/home/khaledob/bookros2_ws/install/gazebo_ros2_control_demos:/home/khaledob/bookros2_ws/install/ros2_controllers:/home/khaledob/bookros2_ws/install/velocity_controllers:/home/khaledob/bookros2_ws/install/urdf_test:/home/khaledob/bookros2_ws/install/tiago_simulation:/home/khaledob/bookros2_ws/install/tiago_robot:/home/khaledob/bookros2_ws/install/tiago_2dnav_gazebo:/home/khaledob/bookros2_ws/install/tiago_gazebo:/home/khaledob/bookros2_ws/install/tiago_bringup:/home/khaledob/bookros2_ws/install/pmb2_robot:/home/khaledob/bookros2_ws/install/pmb2_bringup:/home/khaledob/bookros2_ws/install/twist_mux:/home/khaledob/bookros2_ws/install/transmission_interface:/home/khaledob/bookros2_ws/install/tiago_description:/home/khaledob/bookros2_ws/install/tiago_description_calibration:/home/khaledob/bookros2_ws/install/tiago_controller_configuration:/home/khaledob/bookros2_ws/install/task1:/home/khaledob/bookros2_ws/install/ros2_control:/home/khaledob/bookros2_ws/install/pal_gripper:/home/khaledob/bookros2_ws/install/pal_gripper_controller_configuration:/home/khaledob/bookros2_ws/install/position_controllers:/home/khaledob/bookros2_ws/install/pmb2_navigation:/home/khaledob/bookros2_ws/install/pmb2_2dnav:/home/khaledob/bookros2_ws/install/pmb2_maps:/home/khaledob/bookros2_ws/install/pmb2_description:/home/khaledob/bookros2_ws/install/pmb2_controller_configuration:/home/khaledob/bookros2_ws/install/pal_gripper_description:/home/khaledob/bookros2_ws/install/pal_gazebo_worlds:/home/khaledob/bookros2_ws/install/joint_trajectory_controller:/home/khaledob/bookros2_ws/install/joint_state_controller:/home/khaledob/bookros2_ws/install/joint_state_broadcaster:/home/khaledob/bookros2_ws/install/imu_sensor_broadcaster:/home/khaledob/bookros2_ws/install/hey5_description:/home/khaledob/bookros2_ws/install/gripper_controllers:/home/khaledob/bookros2_ws/install/gazebo_ros2_control:/home/khaledob/bookros2_ws/install/effort_controllers:/home/khaledob/bookros2_ws/install/forward_command_controller:/home/khaledob/bookros2_ws/install/force_torque_sensor_broadcaster:/home/khaledob/bookros2_ws/install/diff_drive_controller:/home/khaledob/bookros2_ws/install/controller_manager:/home/khaledob/bookros2_ws/install/controller_interface:/home/khaledob/bookros2_ws/install/groot:/home/khaledob/bookros2_ws/install/controller_manager_msgs:/home/khaledob/bookros2_ws/install/br2_vff_avoidance:/home/khaledob/bookros2_ws/install/br2_tracking:/home/khaledob/bookros2_ws/install/br2_tracking_msgs:/home/khaledob/bookros2_ws/install/br2_tiago:/home/khaledob/bookros2_ws/install/br2_tf2_detector:/home/khaledob/bookros2_ws/install/br2_navigation:/home/khaledob/bookros2_ws/install/br2_fsm_bumpgo_cpp:/home/khaledob/bookros2_ws/install/br2_bt_patrolling:/home/khaledob/bookros2_ws/install/br2_bt_bumpgo:/home/khaledob/bookros2_ws/install/br2_basics:/home/khaledob/bookros2_ws/install/ros2controlcli:/home/khaledob/bookros2_ws/install/launch_pal:/home/khaledob/bookros2_ws/install/br2_fsm_bumpgo_py:/opt/ros/foxy LD_LIBRARY_PATH=/home/khaledob/bookros2_ws/install/hardware_interface/lib:/home/khaledob/bookros2_ws/install/velocity_controllers/lib:/home/khaledob/bookros2_ws/install/position_controllers/lib:/home/khaledob/bookros2_ws/install/joint_trajectory_controller/lib:/home/khaledob/bookros2_ws/install/joint_state_controller/lib:/home/khaledob/bookros2_ws/install/joint_state_broadcaster/lib:/home/khaledob/bookros2_ws/install/imu_sensor_broadcaster/lib:/home/khaledob/bookros2_ws/install/gripper_controllers/lib:/home/khaledob/bookros2_ws/install/gazebo_ros2_control/lib:/home/khaledob/bookros2_ws/install/effort_controllers/lib:/home/khaledob/bookros2_ws/install/forward_command_controller/lib:/home/khaledob/bookros2_ws/install/force_torque_sensor_broadcaster/lib:/home/khaledob/bookros2_ws/install/diff_drive_controller/lib:/home/khaledob/bookros2_ws/install/controller_manager/lib:/home/khaledob/bookros2_ws/install/controller_interface/lib:/home/khaledob/bookros2_ws/install/groot/lib:/home/khaledob/bookros2_ws/install/controller_manager_msgs/lib:/home/khaledob/bookros2_ws/install/br2_vff_avoidance/lib:/home/khaledob/bookros2_ws/install/br2_tracking/lib:/home/khaledob/bookros2_ws/install/br2_tracking_msgs/lib:/home/khaledob/bookros2_ws/install/br2_tf2_detector/lib:/home/khaledob/bookros2_ws/install/br2_bt_patrolling/lib:/home/khaledob/bookros2_ws/install/br2_bt_bumpgo/lib:/usr/lib/x86_64-linux-gnu/gazebo-11/plugins:/opt/ros/foxy/opt/yaml_cpp_vendor/lib:/opt/ros/foxy/opt/rviz_ogre_vendor/lib:/opt/ros/foxy/lib/x86_64-linux-gnu:/opt/ros/foxy/lib /usr/bin/cmake --install /home/khaledob/bookros2_ws/build/controller_interface
[11.061s] Level 1:colcon.colcon_core.environment:checking '/home/khaledob/bookros2_ws/install/controller_interface/lib'
[11.064s] Level 1:colcon.colcon_core.shell:create_environment_hook('controller_interface', 'ld_library_path_lib')
[11.065s] INFO:colcon.colcon_core.shell:Creating environment hook '/home/khaledob/bookros2_ws/install/controller_interface/share/controller_interface/hook/ld_library_path_lib.ps1'
[11.069s] INFO:colcon.colcon_core.shell:Creating environment descriptor '/home/khaledob/bookros2_ws/install/controller_interface/share/controller_interface/hook/ld_library_path_lib.dsv'
[11.097s] INFO:colcon.colcon_core.shell:Creating environment hook '/home/khaledob/bookros2_ws/install/controller_interface/share/controller_interface/hook/ld_library_path_lib.sh'
[11.108s] Level 1:colcon.colcon_core.environment:checking '/home/khaledob/bookros2_ws/install/controller_interface/bin'
[11.108s] Level 1:colcon.colcon_core.environment:checking '/home/khaledob/bookros2_ws/install/controller_interface/lib/pkgconfig/controller_interface.pc'
[11.108s] Level 1:colcon.colcon_core.environment:checking '/home/khaledob/bookros2_ws/install/controller_interface/lib/python3.8/site-packages'
[11.110s] Level 1:colcon.colcon_core.environment:checking '/home/khaledob/bookros2_ws/install/controller_interface/bin'
[11.110s] INFO:colcon.colcon_core.shell:Creating package script '/home/khaledob/bookros2_ws/install/controller_interface/share/controller_interface/package.ps1'
[11.114s] INFO:colcon.colcon_core.shell:Creating package descriptor '/home/khaledob/bookros2_ws/install/controller_interface/share/controller_interface/package.dsv'
[11.116s] INFO:colcon.colcon_core.shell:Creating package script '/home/khaledob/bookros2_ws/install/controller_interface/share/controller_interface/package.sh'
[11.118s] INFO:colcon.colcon_core.shell:Creating package script '/home/khaledob/bookros2_ws/install/controller_interface/share/controller_interface/package.bash'
[11.120s] INFO:colcon.colcon_core.shell:Creating package script '/home/khaledob/bookros2_ws/install/controller_interface/share/controller_interface/package.zsh'
[11.121s] Level 1:colcon.colcon_core.environment:create_file_with_runtime_dependencies(/home/khaledob/bookros2_ws/install/controller_interface/share/colcon-core/packages/controller_interface)
[11.123s] Level 1:colcon.colcon_core.environment:create_environment_scripts_only(controller_interface)
[11.123s] Level 1:colcon.colcon_core.environment:checking '/home/khaledob/bookros2_ws/install/controller_interface' for CMake module files
[11.124s] Level 1:colcon.colcon_core.environment:checking '/home/khaledob/bookros2_ws/install/controller_interface' for CMake config files
[11.124s] Level 1:colcon.colcon_core.shell:create_environment_hook('controller_interface', 'cmake_prefix_path')
[11.124s] INFO:colcon.colcon_core.shell:Creating environment hook '/home/khaledob/bookros2_ws/install/controller_interface/share/controller_interface/hook/cmake_prefix_path.ps1'
[11.126s] INFO:colcon.colcon_core.shell:Creating environment descriptor '/home/khaledob/bookros2_ws/install/controller_interface/share/controller_interface/hook/cmake_prefix_path.dsv'
[11.127s] INFO:colcon.colcon_core.shell:Creating environment hook '/home/khaledob/bookros2_ws/install/controller_interface/share/controller_interface/hook/cmake_prefix_path.sh'
[11.129s] Level 1:colcon.colcon_core.environment:checking '/home/khaledob/bookros2_ws/install/controller_interface/lib'
[11.129s] Level 1:colcon.colcon_core.shell:create_environment_hook('controller_interface', 'ld_library_path_lib')
[11.129s] INFO:colcon.colcon_core.shell:Creating environment hook '/home/khaledob/bookros2_ws/install/controller_interface/share/controller_interface/hook/ld_library_path_lib.ps1'
[11.130s] INFO:colcon.colcon_core.shell:Creating environment descriptor '/home/khaledob/bookros2_ws/install/controller_interface/share/controller_interface/hook/ld_library_path_lib.dsv'
[11.131s] INFO:colcon.colcon_core.shell:Creating environment hook '/home/khaledob/bookros2_ws/install/controller_interface/share/controller_interface/hook/ld_library_path_lib.sh'
[11.133s] Level 1:colcon.colcon_core.environment:checking '/home/khaledob/bookros2_ws/install/controller_interface/bin'
[11.133s] Level 1:colcon.colcon_core.environment:checking '/home/khaledob/bookros2_ws/install/controller_interface/lib/pkgconfig/controller_interface.pc'
[11.133s] Level 1:colcon.colcon_core.environment:checking '/home/khaledob/bookros2_ws/install/controller_interface/lib/python3.8/site-packages'
[11.133s] Level 1:colcon.colcon_core.environment:checking '/home/khaledob/bookros2_ws/install/controller_interface/bin'
[11.133s] INFO:colcon.colcon_core.shell:Creating package script '/home/khaledob/bookros2_ws/install/controller_interface/share/controller_interface/package.ps1'
[11.135s] INFO:colcon.colcon_core.shell:Creating package descriptor '/home/khaledob/bookros2_ws/install/controller_interface/share/controller_interface/package.dsv'
[11.147s] INFO:colcon.colcon_core.shell:Creating package script '/home/khaledob/bookros2_ws/install/controller_interface/share/controller_interface/package.sh'
[11.149s] INFO:colcon.colcon_core.shell:Creating package script '/home/khaledob/bookros2_ws/install/controller_interface/share/controller_interface/package.bash'
[11.172s] INFO:colcon.colcon_core.shell:Creating package script '/home/khaledob/bookros2_ws/install/controller_interface/share/controller_interface/package.zsh'
[11.176s] Level 1:colcon.colcon_core.environment:create_file_with_runtime_dependencies(/home/khaledob/bookros2_ws/install/controller_interface/share/colcon-core/packages/controller_interface)
[11.264s] DEBUG:colcon.colcon_core.event_handler.log_command:Invoking command in '/home/khaledob/bookros2_ws/build/br2_navigation': CMAKE_PREFIX_PATH=${CMAKE_PREFIX_PATH}:/home/khaledob/bookros2_ws/install/ros2controlcli:/home/khaledob/bookros2_ws/install/launch_pal:/home/khaledob/bookros2_ws/install/br2_fsm_bumpgo_py:/opt/ros/foxy /usr/bin/cmake --build /home/khaledob/bookros2_ws/build/br2_navigation -- -j7 -l7
[11.304s] DEBUG:colcon.colcon_core.event_handler.log_command:Invoking command in '/home/khaledob/bookros2_ws/build/br2_tf2_detector': CMAKE_PREFIX_PATH=${CMAKE_PREFIX_PATH}:/home/khaledob/bookros2_ws/install/ros2controlcli:/home/khaledob/bookros2_ws/install/launch_pal:/home/khaledob/bookros2_ws/install/br2_fsm_bumpgo_py:/opt/ros/foxy /usr/bin/cmake --build /home/khaledob/bookros2_ws/build/br2_tf2_detector -- -j7 -l7
[11.335s] INFO:colcon.colcon_ros.task.ament_cmake.build:Building ROS package in '/home/khaledob/bookros2_ws/src/ThirdParty/ros2_control/controller_manager' with build type 'ament_cmake'
[11.336s] INFO:colcon.colcon_cmake.task.cmake.build:Building CMake package in '/home/khaledob/bookros2_ws/src/ThirdParty/ros2_control/controller_manager'
[11.336s] INFO:colcon.colcon_core.shell:Skip shell extension 'powershell' for command environment: Not usable outside of PowerShell
[11.337s] DEBUG:colcon.colcon_core.shell:Skip shell extension 'dsv' for command environment
[11.414s] DEBUG:colcon.colcon_core.event_handler.log_command:Invoked command in '/home/khaledob/bookros2_ws/build/br2_fsm_bumpgo_cpp' returned '0': CMAKE_PREFIX_PATH=${CMAKE_PREFIX_PATH}:/home/khaledob/bookros2_ws/install/ros2controlcli:/home/khaledob/bookros2_ws/install/launch_pal:/home/khaledob/bookros2_ws/install/br2_fsm_bumpgo_py:/opt/ros/foxy /usr/bin/cmake --build /home/khaledob/bookros2_ws/build/br2_fsm_bumpgo_cpp -- -j7 -l7
[11.416s] DEBUG:colcon.colcon_core.event_handler.log_command:Invoking command in '/home/khaledob/bookros2_ws/build/br2_fsm_bumpgo_cpp': CMAKE_PREFIX_PATH=${CMAKE_PREFIX_PATH}:/home/khaledob/bookros2_ws/install/ros2controlcli:/home/khaledob/bookros2_ws/install/launch_pal:/home/khaledob/bookros2_ws/install/br2_fsm_bumpgo_py:/opt/ros/foxy /usr/bin/cmake --install /home/khaledob/bookros2_ws/build/br2_fsm_bumpgo_cpp
[11.468s] Level 1:colcon.colcon_core.environment:create_environment_scripts_only(br2_bt_patrolling)
[11.469s] Level 1:colcon.colcon_core.environment:checking '/home/khaledob/bookros2_ws/install/br2_bt_patrolling' for CMake module files
[11.470s] DEBUG:colcon.colcon_core.event_handler.log_command:Invoked command in '/home/khaledob/bookros2_ws/build/br2_bt_patrolling' returned '0': CMAKE_PREFIX_PATH=${CMAKE_PREFIX_PATH}:/home/khaledob/bookros2_ws/install/ros2controlcli:/home/khaledob/bookros2_ws/install/launch_pal:/home/khaledob/bookros2_ws/install/br2_fsm_bumpgo_py:/opt/ros/foxy /usr/bin/cmake --install /home/khaledob/bookros2_ws/build/br2_bt_patrolling
[11.475s] Level 1:colcon.colcon_core.environment:checking '/home/khaledob/bookros2_ws/install/br2_bt_patrolling' for CMake config files
[11.476s] Level 1:colcon.colcon_core.shell:create_environment_hook('br2_bt_patrolling', 'cmake_prefix_path')
[11.477s] INFO:colcon.colcon_core.shell:Creating environment hook '/home/khaledob/bookros2_ws/install/br2_bt_patrolling/share/br2_bt_patrolling/hook/cmake_prefix_path.ps1'
[11.480s] INFO:colcon.colcon_core.shell:Creating environment descriptor '/home/khaledob/bookros2_ws/install/br2_bt_patrolling/share/br2_bt_patrolling/hook/cmake_prefix_path.dsv'
[11.497s] INFO:colcon.colcon_core.shell:Creating environment hook '/home/khaledob/bookros2_ws/install/br2_bt_patrolling/share/br2_bt_patrolling/hook/cmake_prefix_path.sh'
[11.508s] Level 1:colcon.colcon_core.environment:checking '/home/khaledob/bookros2_ws/install/br2_bt_patrolling/lib'
[11.508s] Level 1:colcon.colcon_core.shell:create_environment_hook('br2_bt_patrolling', 'ld_library_path_lib')
[11.509s] INFO:colcon.colcon_core.shell:Creating environment hook '/home/khaledob/bookros2_ws/install/br2_bt_patrolling/share/br2_bt_patrolling/hook/ld_library_path_lib.ps1'
[11.516s] INFO:colcon.colcon_core.shell:Creating environment descriptor '/home/khaledob/bookros2_ws/install/br2_bt_patrolling/share/br2_bt_patrolling/hook/ld_library_path_lib.dsv'
[11.527s] INFO:colcon.colcon_core.shell:Creating environment hook '/home/khaledob/bookros2_ws/install/br2_bt_patrolling/share/br2_bt_patrolling/hook/ld_library_path_lib.sh'
[11.570s] Level 1:colcon.colcon_core.environment:checking '/home/khaledob/bookros2_ws/install/br2_bt_patrolling/bin'
[11.571s] Level 1:colcon.colcon_core.environment:checking '/home/khaledob/bookros2_ws/install/br2_bt_patrolling/lib/pkgconfig/br2_bt_patrolling.pc'
[11.571s] Level 1:colcon.colcon_core.environment:checking '/home/khaledob/bookros2_ws/install/br2_bt_patrolling/lib/python3.8/site-packages'
[11.571s] Level 1:colcon.colcon_core.environment:checking '/home/khaledob/bookros2_ws/install/br2_bt_patrolling/bin'
[11.573s] INFO:colcon.colcon_core.shell:Creating package script '/home/khaledob/bookros2_ws/install/br2_bt_patrolling/share/br2_bt_patrolling/package.ps1'
[11.576s] INFO:colcon.colcon_core.shell:Creating package descriptor '/home/khaledob/bookros2_ws/install/br2_bt_patrolling/share/br2_bt_patrolling/package.dsv'
[11.577s] INFO:colcon.colcon_core.shell:Creating package script '/home/khaledob/bookros2_ws/install/br2_bt_patrolling/share/br2_bt_patrolling/package.sh'
[11.585s] INFO:colcon.colcon_core.shell:Creating package script '/home/khaledob/bookros2_ws/install/br2_bt_patrolling/share/br2_bt_patrolling/package.bash'
[11.590s] INFO:colcon.colcon_core.shell:Creating package script '/home/khaledob/bookros2_ws/install/br2_bt_patrolling/share/br2_bt_patrolling/package.zsh'
[11.593s] Level 1:colcon.colcon_core.environment:create_file_with_runtime_dependencies(/home/khaledob/bookros2_ws/install/br2_bt_patrolling/share/colcon-core/packages/br2_bt_patrolling)
[11.596s] Level 1:colcon.colcon_core.environment:create_environment_scripts_only(br2_bt_patrolling)
[11.597s] Level 1:colcon.colcon_core.environment:checking '/home/khaledob/bookros2_ws/install/br2_bt_patrolling' for CMake module files
[11.597s] Level 1:colcon.colcon_core.environment:checking '/home/khaledob/bookros2_ws/install/br2_bt_patrolling' for CMake config files
[11.598s] Level 1:colcon.colcon_core.shell:create_environment_hook('br2_bt_patrolling', 'cmake_prefix_path')
[11.598s] INFO:colcon.colcon_core.shell:Creating environment hook '/home/khaledob/bookros2_ws/install/br2_bt_patrolling/share/br2_bt_patrolling/hook/cmake_prefix_path.ps1'
[11.601s] INFO:colcon.colcon_core.shell:Creating environment descriptor '/home/khaledob/bookros2_ws/install/br2_bt_patrolling/share/br2_bt_patrolling/hook/cmake_prefix_path.dsv'
[11.603s] INFO:colcon.colcon_core.shell:Creating environment hook '/home/khaledob/bookros2_ws/install/br2_bt_patrolling/share/br2_bt_patrolling/hook/cmake_prefix_path.sh'
[11.606s] Level 1:colcon.colcon_core.environment:checking '/home/khaledob/bookros2_ws/install/br2_bt_patrolling/lib'
[11.607s] Level 1:colcon.colcon_core.shell:create_environment_hook('br2_bt_patrolling', 'ld_library_path_lib')
[11.607s] INFO:colcon.colcon_core.shell:Creating environment hook '/home/khaledob/bookros2_ws/install/br2_bt_patrolling/share/br2_bt_patrolling/hook/ld_library_path_lib.ps1'
[11.609s] INFO:colcon.colcon_core.shell:Creating environment descriptor '/home/khaledob/bookros2_ws/install/br2_bt_patrolling/share/br2_bt_patrolling/hook/ld_library_path_lib.dsv'
[11.615s] INFO:colcon.colcon_core.shell:Creating environment hook '/home/khaledob/bookros2_ws/install/br2_bt_patrolling/share/br2_bt_patrolling/hook/ld_library_path_lib.sh'
[11.617s] Level 1:colcon.colcon_core.environment:checking '/home/khaledob/bookros2_ws/install/br2_bt_patrolling/bin'
[11.617s] Level 1:colcon.colcon_core.environment:checking '/home/khaledob/bookros2_ws/install/br2_bt_patrolling/lib/pkgconfig/br2_bt_patrolling.pc'
[11.617s] Level 1:colcon.colcon_core.environment:checking '/home/khaledob/bookros2_ws/install/br2_bt_patrolling/lib/python3.8/site-packages'
[11.617s] Level 1:colcon.colcon_core.environment:checking '/home/khaledob/bookros2_ws/install/br2_bt_patrolling/bin'
[11.618s] INFO:colcon.colcon_core.shell:Creating package script '/home/khaledob/bookros2_ws/install/br2_bt_patrolling/share/br2_bt_patrolling/package.ps1'
[11.620s] INFO:colcon.colcon_core.shell:Creating package descriptor '/home/khaledob/bookros2_ws/install/br2_bt_patrolling/share/br2_bt_patrolling/package.dsv'
[11.621s] INFO:colcon.colcon_core.shell:Creating package script '/home/khaledob/bookros2_ws/install/br2_bt_patrolling/share/br2_bt_patrolling/package.sh'
[11.632s] INFO:colcon.colcon_core.shell:Creating package script '/home/khaledob/bookros2_ws/install/br2_bt_patrolling/share/br2_bt_patrolling/package.bash'
[11.642s] INFO:colcon.colcon_core.shell:Creating package script '/home/khaledob/bookros2_ws/install/br2_bt_patrolling/share/br2_bt_patrolling/package.zsh'
[11.646s] Level 1:colcon.colcon_core.environment:create_file_with_runtime_dependencies(/home/khaledob/bookros2_ws/install/br2_bt_patrolling/share/colcon-core/packages/br2_bt_patrolling)
[11.702s] DEBUG:colcon.colcon_core.event_handler.log_command:Invoking command in '/home/khaledob/bookros2_ws/build/br2_tiago': CMAKE_PREFIX_PATH=${CMAKE_PREFIX_PATH}:/home/khaledob/bookros2_ws/install/ros2controlcli:/home/khaledob/bookros2_ws/install/launch_pal:/home/khaledob/bookros2_ws/install/br2_fsm_bumpgo_py:/opt/ros/foxy /usr/bin/cmake --build /home/khaledob/bookros2_ws/build/br2_tiago -- -j7 -l7
[11.717s] INFO:colcon.colcon_ros.task.ament_cmake.build:Building ROS package in '/home/khaledob/bookros2_ws/src/book_ros2/br2_vff_avoidance' with build type 'ament_cmake'
[11.718s] INFO:colcon.colcon_cmake.task.cmake.build:Building CMake package in '/home/khaledob/bookros2_ws/src/book_ros2/br2_vff_avoidance'
[11.718s] INFO:colcon.colcon_core.shell:Skip shell extension 'powershell' for command environment: Not usable outside of PowerShell
[11.719s] DEBUG:colcon.colcon_core.shell:Skip shell extension 'dsv' for command environment
[11.799s] DEBUG:colcon.colcon_core.event_handler.log_command:Invoked command in '/home/khaledob/bookros2_ws/build/br2_navigation' returned '0': CMAKE_PREFIX_PATH=${CMAKE_PREFIX_PATH}:/home/khaledob/bookros2_ws/install/ros2controlcli:/home/khaledob/bookros2_ws/install/launch_pal:/home/khaledob/bookros2_ws/install/br2_fsm_bumpgo_py:/opt/ros/foxy /usr/bin/cmake --build /home/khaledob/bookros2_ws/build/br2_navigation -- -j7 -l7
[11.801s] DEBUG:colcon.colcon_core.event_handler.log_command:Invoking command in '/home/khaledob/bookros2_ws/build/br2_navigation': CMAKE_PREFIX_PATH=${CMAKE_PREFIX_PATH}:/home/khaledob/bookros2_ws/install/ros2controlcli:/home/khaledob/bookros2_ws/install/launch_pal:/home/khaledob/bookros2_ws/install/br2_fsm_bumpgo_py:/opt/ros/foxy /usr/bin/cmake --install /home/khaledob/bookros2_ws/build/br2_navigation
[11.857s] Level 1:colcon.colcon_core.environment:create_environment_scripts_only(br2_fsm_bumpgo_cpp)
[11.859s] Level 1:colcon.colcon_core.environment:checking '/home/khaledob/bookros2_ws/install/br2_fsm_bumpgo_cpp' for CMake module files
[11.872s] DEBUG:colcon.colcon_core.event_handler.log_command:Invoked command in '/home/khaledob/bookros2_ws/build/br2_fsm_bumpgo_cpp' returned '0': CMAKE_PREFIX_PATH=${CMAKE_PREFIX_PATH}:/home/khaledob/bookros2_ws/install/ros2controlcli:/home/khaledob/bookros2_ws/install/launch_pal:/home/khaledob/bookros2_ws/install/br2_fsm_bumpgo_py:/opt/ros/foxy /usr/bin/cmake --install /home/khaledob/bookros2_ws/build/br2_fsm_bumpgo_cpp
[11.872s] Level 1:colcon.colcon_core.environment:checking '/home/khaledob/bookros2_ws/install/br2_fsm_bumpgo_cpp' for CMake config files
[11.874s] Level 1:colcon.colcon_core.shell:create_environment_hook('br2_fsm_bumpgo_cpp', 'cmake_prefix_path')
[11.874s] INFO:colcon.colcon_core.shell:Creating environment hook '/home/khaledob/bookros2_ws/install/br2_fsm_bumpgo_cpp/share/br2_fsm_bumpgo_cpp/hook/cmake_prefix_path.ps1'
[11.894s] INFO:colcon.colcon_core.shell:Creating environment descriptor '/home/khaledob/bookros2_ws/install/br2_fsm_bumpgo_cpp/share/br2_fsm_bumpgo_cpp/hook/cmake_prefix_path.dsv'
[11.951s] INFO:colcon.colcon_core.shell:Creating environment hook '/home/khaledob/bookros2_ws/install/br2_fsm_bumpgo_cpp/share/br2_fsm_bumpgo_cpp/hook/cmake_prefix_path.sh'
[12.003s] Level 1:colcon.colcon_core.environment:checking '/home/khaledob/bookros2_ws/install/br2_fsm_bumpgo_cpp/lib'
[12.004s] Level 1:colcon.colcon_core.environment:checking '/home/khaledob/bookros2_ws/install/br2_fsm_bumpgo_cpp/bin'
[12.004s] Level 1:colcon.colcon_core.environment:checking '/home/khaledob/bookros2_ws/install/br2_fsm_bumpgo_cpp/lib/pkgconfig/br2_fsm_bumpgo_cpp.pc'
[12.004s] Level 1:colcon.colcon_core.environment:checking '/home/khaledob/bookros2_ws/install/br2_fsm_bumpgo_cpp/lib/python3.8/site-packages'
[12.006s] Level 1:colcon.colcon_core.environment:checking '/home/khaledob/bookros2_ws/install/br2_fsm_bumpgo_cpp/bin'
[12.007s] INFO:colcon.colcon_core.shell:Creating package script '/home/khaledob/bookros2_ws/install/br2_fsm_bumpgo_cpp/share/br2_fsm_bumpgo_cpp/package.ps1'
[12.029s] INFO:colcon.colcon_core.shell:Creating package descriptor '/home/khaledob/bookros2_ws/install/br2_fsm_bumpgo_cpp/share/br2_fsm_bumpgo_cpp/package.dsv'
[12.063s] INFO:colcon.colcon_core.shell:Creating package script '/home/khaledob/bookros2_ws/install/br2_fsm_bumpgo_cpp/share/br2_fsm_bumpgo_cpp/package.sh'
[12.098s] INFO:colcon.colcon_core.shell:Creating package script '/home/khaledob/bookros2_ws/install/br2_fsm_bumpgo_cpp/share/br2_fsm_bumpgo_cpp/package.bash'
[12.099s] INFO:colcon.colcon_core.shell:Creating package script '/home/khaledob/bookros2_ws/install/br2_fsm_bumpgo_cpp/share/br2_fsm_bumpgo_cpp/package.zsh'
[12.101s] Level 1:colcon.colcon_core.environment:create_file_with_runtime_dependencies(/home/khaledob/bookros2_ws/install/br2_fsm_bumpgo_cpp/share/colcon-core/packages/br2_fsm_bumpgo_cpp)
[12.113s] Level 1:colcon.colcon_core.environment:create_environment_scripts_only(br2_fsm_bumpgo_cpp)
[12.114s] Level 1:colcon.colcon_core.environment:checking '/home/khaledob/bookros2_ws/install/br2_fsm_bumpgo_cpp' for CMake module files
[12.115s] Level 1:colcon.colcon_core.environment:checking '/home/khaledob/bookros2_ws/install/br2_fsm_bumpgo_cpp' for CMake config files
[12.117s] Level 1:colcon.colcon_core.shell:create_environment_hook('br2_fsm_bumpgo_cpp', 'cmake_prefix_path')
[12.117s] INFO:colcon.colcon_core.shell:Creating environment hook '/home/khaledob/bookros2_ws/install/br2_fsm_bumpgo_cpp/share/br2_fsm_bumpgo_cpp/hook/cmake_prefix_path.ps1'
[12.126s] INFO:colcon.colcon_core.shell:Creating environment descriptor '/home/khaledob/bookros2_ws/install/br2_fsm_bumpgo_cpp/share/br2_fsm_bumpgo_cpp/hook/cmake_prefix_path.dsv'
[12.128s] INFO:colcon.colcon_core.shell:Creating environment hook '/home/khaledob/bookros2_ws/install/br2_fsm_bumpgo_cpp/share/br2_fsm_bumpgo_cpp/hook/cmake_prefix_path.sh'
[12.130s] Level 1:colcon.colcon_core.environment:checking '/home/khaledob/bookros2_ws/install/br2_fsm_bumpgo_cpp/lib'
[12.130s] Level 1:colcon.colcon_core.environment:checking '/home/khaledob/bookros2_ws/install/br2_fsm_bumpgo_cpp/bin'
[12.130s] Level 1:colcon.colcon_core.environment:checking '/home/khaledob/bookros2_ws/install/br2_fsm_bumpgo_cpp/lib/pkgconfig/br2_fsm_bumpgo_cpp.pc'
[12.130s] Level 1:colcon.colcon_core.environment:checking '/home/khaledob/bookros2_ws/install/br2_fsm_bumpgo_cpp/lib/python3.8/site-packages'
[12.131s] Level 1:colcon.colcon_core.environment:checking '/home/khaledob/bookros2_ws/install/br2_fsm_bumpgo_cpp/bin'
[12.131s] INFO:colcon.colcon_core.shell:Creating package script '/home/khaledob/bookros2_ws/install/br2_fsm_bumpgo_cpp/share/br2_fsm_bumpgo_cpp/package.ps1'
[12.133s] INFO:colcon.colcon_core.shell:Creating package descriptor '/home/khaledob/bookros2_ws/install/br2_fsm_bumpgo_cpp/share/br2_fsm_bumpgo_cpp/package.dsv'
[12.164s] INFO:colcon.colcon_core.shell:Creating package script '/home/khaledob/bookros2_ws/install/br2_fsm_bumpgo_cpp/share/br2_fsm_bumpgo_cpp/package.sh'
[12.167s] INFO:colcon.colcon_core.shell:Creating package script '/home/khaledob/bookros2_ws/install/br2_fsm_bumpgo_cpp/share/br2_fsm_bumpgo_cpp/package.bash'
[12.180s] INFO:colcon.colcon_core.shell:Creating package script '/home/khaledob/bookros2_ws/install/br2_fsm_bumpgo_cpp/share/br2_fsm_bumpgo_cpp/package.zsh'
[12.187s] Level 1:colcon.colcon_core.environment:create_file_with_runtime_dependencies(/home/khaledob/bookros2_ws/install/br2_fsm_bumpgo_cpp/share/colcon-core/packages/br2_fsm_bumpgo_cpp)
[12.248s] DEBUG:colcon.colcon_core.event_handler.log_command:Invoking command in '/home/khaledob/bookros2_ws/build/controller_manager': CMAKE_PREFIX_PATH=/home/khaledob/bookros2_ws/install/controller_interface:/home/khaledob/bookros2_ws/install/hardware_interface:/home/khaledob/bookros2_ws/install/ros2_control_test_assets:/home/khaledob/bookros2_ws/install/controller_manager_msgs:/home/khaledob/bookros2_ws/install/task2b:/home/khaledob/bookros2_ws/install/task2a:/home/khaledob/bookros2_ws/install/gazebo_ros2_control_demos:/home/khaledob/bookros2_ws/install/ros2_controllers:/home/khaledob/bookros2_ws/install/velocity_controllers:/home/khaledob/bookros2_ws/install/urdf_test:/home/khaledob/bookros2_ws/install/tiago_simulation:/home/khaledob/bookros2_ws/install/tiago_robot:/home/khaledob/bookros2_ws/install/tiago_2dnav_gazebo:/home/khaledob/bookros2_ws/install/tiago_gazebo:/home/khaledob/bookros2_ws/install/tiago_bringup:/home/khaledob/bookros2_ws/install/pmb2_robot:/home/khaledob/bookros2_ws/install/pmb2_bringup:/home/khaledob/bookros2_ws/install/twist_mux:/home/khaledob/bookros2_ws/install/transmission_interface:/home/khaledob/bookros2_ws/install/tiago_description:/home/khaledob/bookros2_ws/install/tiago_description_calibration:/home/khaledob/bookros2_ws/install/tiago_controller_configuration:/home/khaledob/bookros2_ws/install/task1:/home/khaledob/bookros2_ws/install/ros2_control:/home/khaledob/bookros2_ws/install/pal_gripper:/home/khaledob/bookros2_ws/install/pal_gripper_controller_configuration:/home/khaledob/bookros2_ws/install/position_controllers:/home/khaledob/bookros2_ws/install/pmb2_navigation:/home/khaledob/bookros2_ws/install/pmb2_2dnav:/home/khaledob/bookros2_ws/install/pmb2_maps:/home/khaledob/bookros2_ws/install/pmb2_description:/home/khaledob/bookros2_ws/install/pmb2_controller_configuration:/home/khaledob/bookros2_ws/install/pal_gripper_description:/home/khaledob/bookros2_ws/install/pal_gazebo_worlds:/home/khaledob/bookros2_ws/install/joint_trajectory_controller:/home/khaledob/bookros2_ws/install/joint_state_controller:/home/khaledob/bookros2_ws/install/joint_state_broadcaster:/home/khaledob/bookros2_ws/install/imu_sensor_broadcaster:/home/khaledob/bookros2_ws/install/hey5_description:/home/khaledob/bookros2_ws/install/gripper_controllers:/home/khaledob/bookros2_ws/install/gazebo_ros2_control:/home/khaledob/bookros2_ws/install/effort_controllers:/home/khaledob/bookros2_ws/install/forward_command_controller:/home/khaledob/bookros2_ws/install/force_torque_sensor_broadcaster:/home/khaledob/bookros2_ws/install/diff_drive_controller:/home/khaledob/bookros2_ws/install/controller_manager:/home/khaledob/bookros2_ws/install/groot:/home/khaledob/bookros2_ws/install/br2_vff_avoidance:/home/khaledob/bookros2_ws/install/br2_tracking:/home/khaledob/bookros2_ws/install/br2_tracking_msgs:/home/khaledob/bookros2_ws/install/br2_tiago:/home/khaledob/bookros2_ws/install/br2_tf2_detector:/home/khaledob/bookros2_ws/install/br2_navigation:/home/khaledob/bookros2_ws/install/br2_fsm_bumpgo_cpp:/home/khaledob/bookros2_ws/install/br2_bt_patrolling:/home/khaledob/bookros2_ws/install/br2_bt_bumpgo:/home/khaledob/bookros2_ws/install/br2_basics:/home/khaledob/bookros2_ws/install/ros2controlcli:/home/khaledob/bookros2_ws/install/launch_pal:/home/khaledob/bookros2_ws/install/br2_fsm_bumpgo_py:/opt/ros/foxy LD_LIBRARY_PATH=/home/khaledob/bookros2_ws/install/controller_interface/lib:/home/khaledob/bookros2_ws/install/hardware_interface/lib:/home/khaledob/bookros2_ws/install/controller_manager_msgs/lib:/home/khaledob/bookros2_ws/install/velocity_controllers/lib:/home/khaledob/bookros2_ws/install/position_controllers/lib:/home/khaledob/bookros2_ws/install/joint_trajectory_controller/lib:/home/khaledob/bookros2_ws/install/joint_state_controller/lib:/home/khaledob/bookros2_ws/install/joint_state_broadcaster/lib:/home/khaledob/bookros2_ws/install/imu_sensor_broadcaster/lib:/home/khaledob/bookros2_ws/install/gripper_controllers/lib:/home/khaledob/bookros2_ws/install/gazebo_ros2_control/lib:/home/khaledob/bookros2_ws/install/effort_controllers/lib:/home/khaledob/bookros2_ws/install/forward_command_controller/lib:/home/khaledob/bookros2_ws/install/force_torque_sensor_broadcaster/lib:/home/khaledob/bookros2_ws/install/diff_drive_controller/lib:/home/khaledob/bookros2_ws/install/controller_manager/lib:/home/khaledob/bookros2_ws/install/groot/lib:/home/khaledob/bookros2_ws/install/br2_vff_avoidance/lib:/home/khaledob/bookros2_ws/install/br2_tracking/lib:/home/khaledob/bookros2_ws/install/br2_tracking_msgs/lib:/home/khaledob/bookros2_ws/install/br2_tf2_detector/lib:/home/khaledob/bookros2_ws/install/br2_bt_patrolling/lib:/home/khaledob/bookros2_ws/install/br2_bt_bumpgo/lib:/usr/lib/x86_64-linux-gnu/gazebo-11/plugins:/opt/ros/foxy/opt/yaml_cpp_vendor/lib:/opt/ros/foxy/opt/rviz_ogre_vendor/lib:/opt/ros/foxy/lib/x86_64-linux-gnu:/opt/ros/foxy/lib PYTHONPATH=/home/khaledob/bookros2_ws/install/controller_manager_msgs/lib/python3.8/site-packages:/home/khaledob/bookros2_ws/install/urdf_test/lib/python3.8/site-packages:/home/khaledob/bookros2_ws/install/tiago_description/lib/python3.8/site-packages:/home/khaledob/bookros2_ws/build/ros2controlcli:/home/khaledob/bookros2_ws/install/ros2controlcli/lib/python3.8/site-packages:/home/khaledob/bookros2_ws/install/pmb2_description/lib/python3.8/site-packages:/home/khaledob/bookros2_ws/build/launch_pal:/home/khaledob/bookros2_ws/install/launch_pal/lib/python3.8/site-packages:/home/khaledob/bookros2_ws/install/controller_manager/lib/python3.8/site-packages:/home/khaledob/bookros2_ws/install/br2_tracking_msgs/lib/python3.8/site-packages:/home/khaledob/bookros2_ws/build/br2_fsm_bumpgo_py:/home/khaledob/bookros2_ws/install/br2_fsm_bumpgo_py/lib/python3.8/site-packages:/opt/ros/foxy/lib/python3.8/site-packages /usr/bin/cmake --build /home/khaledob/bookros2_ws/build/controller_manager -- -j7 -l7
[12.259s] INFO:colcon.colcon_ros.task.ament_cmake.build:Building ROS package in '/home/khaledob/bookros2_ws/src/ThirdParty/Groot' with build type 'ament_cmake'
[12.259s] INFO:colcon.colcon_cmake.task.cmake.build:Building CMake package in '/home/khaledob/bookros2_ws/src/ThirdParty/Groot'
[12.260s] INFO:colcon.colcon_core.shell:Skip shell extension 'powershell' for command environment: Not usable outside of PowerShell
[12.260s] DEBUG:colcon.colcon_core.shell:Skip shell extension 'dsv' for command environment
[12.472s] DEBUG:colcon.colcon_core.event_handler.log_command:Invoked command in '/home/khaledob/bookros2_ws/build/br2_tiago' returned '0': CMAKE_PREFIX_PATH=${CMAKE_PREFIX_PATH}:/home/khaledob/bookros2_ws/install/ros2controlcli:/home/khaledob/bookros2_ws/install/launch_pal:/home/khaledob/bookros2_ws/install/br2_fsm_bumpgo_py:/opt/ros/foxy /usr/bin/cmake --build /home/khaledob/bookros2_ws/build/br2_tiago -- -j7 -l7
[12.499s] DEBUG:colcon.colcon_core.event_handler.log_command:Invoking command in '/home/khaledob/bookros2_ws/build/br2_tiago': CMAKE_PREFIX_PATH=${CMAKE_PREFIX_PATH}:/home/khaledob/bookros2_ws/install/ros2controlcli:/home/khaledob/bookros2_ws/install/launch_pal:/home/khaledob/bookros2_ws/install/br2_fsm_bumpgo_py:/opt/ros/foxy /usr/bin/cmake --install /home/khaledob/bookros2_ws/build/br2_tiago
[12.511s] Level 1:colcon.colcon_core.environment:create_environment_scripts_only(br2_navigation)
[12.513s] DEBUG:colcon.colcon_core.event_handler.log_command:Invoked command in '/home/khaledob/bookros2_ws/build/br2_navigation' returned '0': CMAKE_PREFIX_PATH=${CMAKE_PREFIX_PATH}:/home/khaledob/bookros2_ws/install/ros2controlcli:/home/khaledob/bookros2_ws/install/launch_pal:/home/khaledob/bookros2_ws/install/br2_fsm_bumpgo_py:/opt/ros/foxy /usr/bin/cmake --install /home/khaledob/bookros2_ws/build/br2_navigation
[12.517s] Level 1:colcon.colcon_core.environment:checking '/home/khaledob/bookros2_ws/install/br2_navigation' for CMake module files
[12.520s] Level 1:colcon.colcon_core.environment:checking '/home/khaledob/bookros2_ws/install/br2_navigation' for CMake config files
[12.522s] Level 1:colcon.colcon_core.shell:create_environment_hook('br2_navigation', 'cmake_prefix_path')
[12.523s] INFO:colcon.colcon_core.shell:Creating environment hook '/home/khaledob/bookros2_ws/install/br2_navigation/share/br2_navigation/hook/cmake_prefix_path.ps1'
[12.524s] INFO:colcon.colcon_core.shell:Creating environment descriptor '/home/khaledob/bookros2_ws/install/br2_navigation/share/br2_navigation/hook/cmake_prefix_path.dsv'
[12.526s] INFO:colcon.colcon_core.shell:Creating environment hook '/home/khaledob/bookros2_ws/install/br2_navigation/share/br2_navigation/hook/cmake_prefix_path.sh'
[12.534s] Level 1:colcon.colcon_core.environment:checking '/home/khaledob/bookros2_ws/install/br2_navigation/bin'
[12.534s] Level 1:colcon.colcon_core.environment:checking '/home/khaledob/bookros2_ws/install/br2_navigation/lib/pkgconfig/br2_navigation.pc'
[12.538s] Level 1:colcon.colcon_core.environment:checking '/home/khaledob/bookros2_ws/install/br2_navigation/lib/python3.8/site-packages'
[12.543s] Level 1:colcon.colcon_core.environment:checking '/home/khaledob/bookros2_ws/install/br2_navigation/bin'
[12.545s] INFO:colcon.colcon_core.shell:Creating package script '/home/khaledob/bookros2_ws/install/br2_navigation/share/br2_navigation/package.ps1'
[12.547s] INFO:colcon.colcon_core.shell:Creating package descriptor '/home/khaledob/bookros2_ws/install/br2_navigation/share/br2_navigation/package.dsv'
[12.548s] INFO:colcon.colcon_core.shell:Creating package script '/home/khaledob/bookros2_ws/install/br2_navigation/share/br2_navigation/package.sh'
[12.555s] INFO:colcon.colcon_core.shell:Creating package script '/home/khaledob/bookros2_ws/install/br2_navigation/share/br2_navigation/package.bash'
[12.568s] INFO:colcon.colcon_core.shell:Creating package script '/home/khaledob/bookros2_ws/install/br2_navigation/share/br2_navigation/package.zsh'
[12.571s] Level 1:colcon.colcon_core.environment:create_file_with_runtime_dependencies(/home/khaledob/bookros2_ws/install/br2_navigation/share/colcon-core/packages/br2_navigation)
[12.572s] Level 1:colcon.colcon_core.environment:create_environment_scripts_only(br2_navigation)
[12.572s] Level 1:colcon.colcon_core.environment:checking '/home/khaledob/bookros2_ws/install/br2_navigation' for CMake module files
[12.575s] Level 1:colcon.colcon_core.environment:checking '/home/khaledob/bookros2_ws/install/br2_navigation' for CMake config files
[12.576s] Level 1:colcon.colcon_core.shell:create_environment_hook('br2_navigation', 'cmake_prefix_path')
[12.576s] INFO:colcon.colcon_core.shell:Creating environment hook '/home/khaledob/bookros2_ws/install/br2_navigation/share/br2_navigation/hook/cmake_prefix_path.ps1'
[12.577s] INFO:colcon.colcon_core.shell:Creating environment descriptor '/home/khaledob/bookros2_ws/install/br2_navigation/share/br2_navigation/hook/cmake_prefix_path.dsv'
[12.578s] INFO:colcon.colcon_core.shell:Creating environment hook '/home/khaledob/bookros2_ws/install/br2_navigation/share/br2_navigation/hook/cmake_prefix_path.sh'
[12.580s] Level 1:colcon.colcon_core.environment:checking '/home/khaledob/bookros2_ws/install/br2_navigation/bin'
[12.580s] Level 1:colcon.colcon_core.environment:checking '/home/khaledob/bookros2_ws/install/br2_navigation/lib/pkgconfig/br2_navigation.pc'
[12.580s] Level 1:colcon.colcon_core.environment:checking '/home/khaledob/bookros2_ws/install/br2_navigation/lib/python3.8/site-packages'
[12.580s] Level 1:colcon.colcon_core.environment:checking '/home/khaledob/bookros2_ws/install/br2_navigation/bin'
[12.581s] INFO:colcon.colcon_core.shell:Creating package script '/home/khaledob/bookros2_ws/install/br2_navigation/share/br2_navigation/package.ps1'
[12.582s] INFO:colcon.colcon_core.shell:Creating package descriptor '/home/khaledob/bookros2_ws/install/br2_navigation/share/br2_navigation/package.dsv'
[12.590s] INFO:colcon.colcon_core.shell:Creating package script '/home/khaledob/bookros2_ws/install/br2_navigation/share/br2_navigation/package.sh'
[12.592s] INFO:colcon.colcon_core.shell:Creating package script '/home/khaledob/bookros2_ws/install/br2_navigation/share/br2_navigation/package.bash'
[12.598s] INFO:colcon.colcon_core.shell:Creating package script '/home/khaledob/bookros2_ws/install/br2_navigation/share/br2_navigation/package.zsh'
[12.621s] Level 1:colcon.colcon_core.environment:create_file_with_runtime_dependencies(/home/khaledob/bookros2_ws/install/br2_navigation/share/colcon-core/packages/br2_navigation)
[12.717s] DEBUG:colcon.colcon_core.event_handler.log_command:Invoking command in '/home/khaledob/bookros2_ws/build/br2_vff_avoidance': CMAKE_PREFIX_PATH=${CMAKE_PREFIX_PATH}:/home/khaledob/bookros2_ws/install/ros2controlcli:/home/khaledob/bookros2_ws/install/launch_pal:/home/khaledob/bookros2_ws/install/br2_fsm_bumpgo_py:/opt/ros/foxy /usr/bin/cmake --build /home/khaledob/bookros2_ws/build/br2_vff_avoidance -- -j7 -l7
[12.731s] INFO:colcon.colcon_ros.task.ament_cmake.build:Building ROS package in '/home/khaledob/bookros2_ws/src/task1' with build type 'ament_cmake'
[12.733s] INFO:colcon.colcon_cmake.task.cmake.build:Building CMake package in '/home/khaledob/bookros2_ws/src/task1'
[12.734s] INFO:colcon.colcon_core.shell:Skip shell extension 'powershell' for command environment: Not usable outside of PowerShell
[12.734s] DEBUG:colcon.colcon_core.shell:Skip shell extension 'dsv' for command environment
[12.862s] DEBUG:colcon.colcon_core.event_handler.log_command:Invoked command in '/home/khaledob/bookros2_ws/build/br2_tf2_detector' returned '0': CMAKE_PREFIX_PATH=${CMAKE_PREFIX_PATH}:/home/khaledob/bookros2_ws/install/ros2controlcli:/home/khaledob/bookros2_ws/install/launch_pal:/home/khaledob/bookros2_ws/install/br2_fsm_bumpgo_py:/opt/ros/foxy /usr/bin/cmake --build /home/khaledob/bookros2_ws/build/br2_tf2_detector -- -j7 -l7
[12.863s] DEBUG:colcon.colcon_core.event_handler.log_command:Invoking command in '/home/khaledob/bookros2_ws/build/br2_tf2_detector': CMAKE_PREFIX_PATH=${CMAKE_PREFIX_PATH}:/home/khaledob/bookros2_ws/install/ros2controlcli:/home/khaledob/bookros2_ws/install/launch_pal:/home/khaledob/bookros2_ws/install/br2_fsm_bumpgo_py:/opt/ros/foxy /usr/bin/cmake --install /home/khaledob/bookros2_ws/build/br2_tf2_detector
[12.963s] DEBUG:colcon.colcon_core.event_handler.log_command:Invoking command in '/home/khaledob/bookros2_ws/build/groot': CMAKE_PREFIX_PATH=${CMAKE_PREFIX_PATH}:/home/khaledob/bookros2_ws/install/ros2controlcli:/home/khaledob/bookros2_ws/install/launch_pal:/home/khaledob/bookros2_ws/install/br2_fsm_bumpgo_py:/opt/ros/foxy /usr/bin/cmake --build /home/khaledob/bookros2_ws/build/groot -- -j7 -l7
[12.976s] Level 1:colcon.colcon_core.environment:create_environment_scripts_only(br2_tiago)
[13.003s] DEBUG:colcon.colcon_core.event_handler.log_command:Invoked command in '/home/khaledob/bookros2_ws/build/br2_tiago' returned '0': CMAKE_PREFIX_PATH=${CMAKE_PREFIX_PATH}:/home/khaledob/bookros2_ws/install/ros2controlcli:/home/khaledob/bookros2_ws/install/launch_pal:/home/khaledob/bookros2_ws/install/br2_fsm_bumpgo_py:/opt/ros/foxy /usr/bin/cmake --install /home/khaledob/bookros2_ws/build/br2_tiago
[13.004s] Level 1:colcon.colcon_core.environment:checking '/home/khaledob/bookros2_ws/install/br2_tiago' for CMake module files
[13.005s] Level 1:colcon.colcon_core.environment:checking '/home/khaledob/bookros2_ws/install/br2_tiago' for CMake config files
[13.010s] Level 1:colcon.colcon_core.shell:create_environment_hook('br2_tiago', 'cmake_prefix_path')
[13.011s] INFO:colcon.colcon_core.shell:Creating environment hook '/home/khaledob/bookros2_ws/install/br2_tiago/share/br2_tiago/hook/cmake_prefix_path.ps1'
[13.012s] INFO:colcon.colcon_core.shell:Creating environment descriptor '/home/khaledob/bookros2_ws/install/br2_tiago/share/br2_tiago/hook/cmake_prefix_path.dsv'
[13.036s] INFO:colcon.colcon_core.shell:Creating environment hook '/home/khaledob/bookros2_ws/install/br2_tiago/share/br2_tiago/hook/cmake_prefix_path.sh'
[13.038s] Level 1:colcon.colcon_core.environment:checking '/home/khaledob/bookros2_ws/install/br2_tiago/bin'
[13.039s] Level 1:colcon.colcon_core.environment:checking '/home/khaledob/bookros2_ws/install/br2_tiago/lib/pkgconfig/br2_tiago.pc'
[13.039s] Level 1:colcon.colcon_core.environment:checking '/home/khaledob/bookros2_ws/install/br2_tiago/lib/python3.8/site-packages'
[13.039s] Level 1:colcon.colcon_core.environment:checking '/home/khaledob/bookros2_ws/install/br2_tiago/bin'
[13.053s] INFO:colcon.colcon_core.shell:Creating package script '/home/khaledob/bookros2_ws/install/br2_tiago/share/br2_tiago/package.ps1'
[13.086s] INFO:colcon.colcon_core.shell:Creating package descriptor '/home/khaledob/bookros2_ws/install/br2_tiago/share/br2_tiago/package.dsv'
[13.101s] INFO:colcon.colcon_core.shell:Creating package script '/home/khaledob/bookros2_ws/install/br2_tiago/share/br2_tiago/package.sh'
[13.104s] INFO:colcon.colcon_core.shell:Creating package script '/home/khaledob/bookros2_ws/install/br2_tiago/share/br2_tiago/package.bash'
[13.116s] INFO:colcon.colcon_core.shell:Creating package script '/home/khaledob/bookros2_ws/install/br2_tiago/share/br2_tiago/package.zsh'
[13.129s] Level 1:colcon.colcon_core.environment:create_file_with_runtime_dependencies(/home/khaledob/bookros2_ws/install/br2_tiago/share/colcon-core/packages/br2_tiago)
[13.180s] Level 1:colcon.colcon_core.environment:create_environment_scripts_only(br2_tiago)
[13.183s] Level 1:colcon.colcon_core.environment:checking '/home/khaledob/bookros2_ws/install/br2_tiago' for CMake module files
[13.184s] Level 1:colcon.colcon_core.environment:checking '/home/khaledob/bookros2_ws/install/br2_tiago' for CMake config files
[13.184s] Level 1:colcon.colcon_core.shell:create_environment_hook('br2_tiago', 'cmake_prefix_path')
[13.185s] INFO:colcon.colcon_core.shell:Creating environment hook '/home/khaledob/bookros2_ws/install/br2_tiago/share/br2_tiago/hook/cmake_prefix_path.ps1'
[13.197s] INFO:colcon.colcon_core.shell:Creating environment descriptor '/home/khaledob/bookros2_ws/install/br2_tiago/share/br2_tiago/hook/cmake_prefix_path.dsv'
[13.199s] INFO:colcon.colcon_core.shell:Creating environment hook '/home/khaledob/bookros2_ws/install/br2_tiago/share/br2_tiago/hook/cmake_prefix_path.sh'
[13.210s] Level 1:colcon.colcon_core.environment:checking '/home/khaledob/bookros2_ws/install/br2_tiago/bin'
[13.210s] Level 1:colcon.colcon_core.environment:checking '/home/khaledob/bookros2_ws/install/br2_tiago/lib/pkgconfig/br2_tiago.pc'
[13.211s] Level 1:colcon.colcon_core.environment:checking '/home/khaledob/bookros2_ws/install/br2_tiago/lib/python3.8/site-packages'
[13.211s] Level 1:colcon.colcon_core.environment:checking '/home/khaledob/bookros2_ws/install/br2_tiago/bin'
[13.212s] INFO:colcon.colcon_core.shell:Creating package script '/home/khaledob/bookros2_ws/install/br2_tiago/share/br2_tiago/package.ps1'
[13.214s] INFO:colcon.colcon_core.shell:Creating package descriptor '/home/khaledob/bookros2_ws/install/br2_tiago/share/br2_tiago/package.dsv'
[13.216s] INFO:colcon.colcon_core.shell:Creating package script '/home/khaledob/bookros2_ws/install/br2_tiago/share/br2_tiago/package.sh'
[13.233s] INFO:colcon.colcon_core.shell:Creating package script '/home/khaledob/bookros2_ws/install/br2_tiago/share/br2_tiago/package.bash'
[13.241s] INFO:colcon.colcon_core.shell:Creating package script '/home/khaledob/bookros2_ws/install/br2_tiago/share/br2_tiago/package.zsh'
[13.276s] Level 1:colcon.colcon_core.environment:create_file_with_runtime_dependencies(/home/khaledob/bookros2_ws/install/br2_tiago/share/colcon-core/packages/br2_tiago)
[13.376s] INFO:colcon.colcon_ros.task.ament_cmake.build:Building ROS package in '/home/khaledob/bookros2_ws/src/task2a' with build type 'ament_cmake'
[13.377s] INFO:colcon.colcon_cmake.task.cmake.build:Building CMake package in '/home/khaledob/bookros2_ws/src/task2a'
[13.377s] INFO:colcon.colcon_core.shell:Skip shell extension 'powershell' for command environment: Not usable outside of PowerShell
[13.378s] DEBUG:colcon.colcon_core.shell:Skip shell extension 'dsv' for command environment
[13.385s] DEBUG:colcon.colcon_core.event_handler.log_command:Invoking command in '/home/khaledob/bookros2_ws/build/task1': CMAKE_PREFIX_PATH=${CMAKE_PREFIX_PATH}:/home/khaledob/bookros2_ws/install/ros2controlcli:/home/khaledob/bookros2_ws/install/launch_pal:/home/khaledob/bookros2_ws/install/br2_fsm_bumpgo_py:/opt/ros/foxy /usr/bin/cmake --build /home/khaledob/bookros2_ws/build/task1 -- -j7 -l7
[13.490s] Level 1:colcon.colcon_core.environment:create_environment_scripts_only(br2_tf2_detector)
[13.490s] Level 1:colcon.colcon_core.environment:checking '/home/khaledob/bookros2_ws/install/br2_tf2_detector' for CMake module files
[13.497s] Level 1:colcon.colcon_core.environment:checking '/home/khaledob/bookros2_ws/install/br2_tf2_detector' for CMake config files
[13.521s] Level 1:colcon.colcon_core.shell:create_environment_hook('br2_tf2_detector', 'cmake_prefix_path')
[13.522s] INFO:colcon.colcon_core.shell:Creating environment hook '/home/khaledob/bookros2_ws/install/br2_tf2_detector/share/br2_tf2_detector/hook/cmake_prefix_path.ps1'
[13.529s] INFO:colcon.colcon_core.shell:Creating environment descriptor '/home/khaledob/bookros2_ws/install/br2_tf2_detector/share/br2_tf2_detector/hook/cmake_prefix_path.dsv'
[13.530s] INFO:colcon.colcon_core.shell:Creating environment hook '/home/khaledob/bookros2_ws/install/br2_tf2_detector/share/br2_tf2_detector/hook/cmake_prefix_path.sh'
[13.536s] Level 1:colcon.colcon_core.environment:checking '/home/khaledob/bookros2_ws/install/br2_tf2_detector/lib'
[13.537s] Level 1:colcon.colcon_core.shell:create_environment_hook('br2_tf2_detector', 'ld_library_path_lib')
[13.552s] INFO:colcon.colcon_core.shell:Creating environment hook '/home/khaledob/bookros2_ws/install/br2_tf2_detector/share/br2_tf2_detector/hook/ld_library_path_lib.ps1'
[13.555s] INFO:colcon.colcon_core.shell:Creating environment descriptor '/home/khaledob/bookros2_ws/install/br2_tf2_detector/share/br2_tf2_detector/hook/ld_library_path_lib.dsv'
[13.556s] INFO:colcon.colcon_core.shell:Creating environment hook '/home/khaledob/bookros2_ws/install/br2_tf2_detector/share/br2_tf2_detector/hook/ld_library_path_lib.sh'
[13.557s] Level 1:colcon.colcon_core.environment:checking '/home/khaledob/bookros2_ws/install/br2_tf2_detector/bin'
[13.557s] Level 1:colcon.colcon_core.environment:checking '/home/khaledob/bookros2_ws/install/br2_tf2_detector/lib/pkgconfig/br2_tf2_detector.pc'
[13.557s] Level 1:colcon.colcon_core.environment:checking '/home/khaledob/bookros2_ws/install/br2_tf2_detector/lib/python3.8/site-packages'
[13.558s] Level 1:colcon.colcon_core.environment:checking '/home/khaledob/bookros2_ws/install/br2_tf2_detector/bin'
[13.571s] INFO:colcon.colcon_core.shell:Creating package script '/home/khaledob/bookros2_ws/install/br2_tf2_detector/share/br2_tf2_detector/package.ps1'
[13.572s] DEBUG:colcon.colcon_core.event_handler.log_command:Invoked command in '/home/khaledob/bookros2_ws/build/br2_tf2_detector' returned '0': CMAKE_PREFIX_PATH=${CMAKE_PREFIX_PATH}:/home/khaledob/bookros2_ws/install/ros2controlcli:/home/khaledob/bookros2_ws/install/launch_pal:/home/khaledob/bookros2_ws/install/br2_fsm_bumpgo_py:/opt/ros/foxy /usr/bin/cmake --install /home/khaledob/bookros2_ws/build/br2_tf2_detector
[13.601s] INFO:colcon.colcon_core.shell:Creating package descriptor '/home/khaledob/bookros2_ws/install/br2_tf2_detector/share/br2_tf2_detector/package.dsv'
[13.604s] INFO:colcon.colcon_core.shell:Creating package script '/home/khaledob/bookros2_ws/install/br2_tf2_detector/share/br2_tf2_detector/package.sh'
[13.606s] INFO:colcon.colcon_core.shell:Creating package script '/home/khaledob/bookros2_ws/install/br2_tf2_detector/share/br2_tf2_detector/package.bash'
[13.608s] INFO:colcon.colcon_core.shell:Creating package script '/home/khaledob/bookros2_ws/install/br2_tf2_detector/share/br2_tf2_detector/package.zsh'
[13.610s] Level 1:colcon.colcon_core.environment:create_file_with_runtime_dependencies(/home/khaledob/bookros2_ws/install/br2_tf2_detector/share/colcon-core/packages/br2_tf2_detector)
[13.613s] Level 1:colcon.colcon_core.environment:create_environment_scripts_only(br2_tf2_detector)
[13.613s] Level 1:colcon.colcon_core.environment:checking '/home/khaledob/bookros2_ws/install/br2_tf2_detector' for CMake module files
[13.616s] Level 1:colcon.colcon_core.environment:checking '/home/khaledob/bookros2_ws/install/br2_tf2_detector' for CMake config files
[13.619s] Level 1:colcon.colcon_core.shell:create_environment_hook('br2_tf2_detector', 'cmake_prefix_path')
[13.620s] INFO:colcon.colcon_core.shell:Creating environment hook '/home/khaledob/bookros2_ws/install/br2_tf2_detector/share/br2_tf2_detector/hook/cmake_prefix_path.ps1'
[13.622s] INFO:colcon.colcon_core.shell:Creating environment descriptor '/home/khaledob/bookros2_ws/install/br2_tf2_detector/share/br2_tf2_detector/hook/cmake_prefix_path.dsv'
[13.624s] INFO:colcon.colcon_core.shell:Creating environment hook '/home/khaledob/bookros2_ws/install/br2_tf2_detector/share/br2_tf2_detector/hook/cmake_prefix_path.sh'
[13.626s] Level 1:colcon.colcon_core.environment:checking '/home/khaledob/bookros2_ws/install/br2_tf2_detector/lib'
[13.626s] Level 1:colcon.colcon_core.shell:create_environment_hook('br2_tf2_detector', 'ld_library_path_lib')
[13.626s] INFO:colcon.colcon_core.shell:Creating environment hook '/home/khaledob/bookros2_ws/install/br2_tf2_detector/share/br2_tf2_detector/hook/ld_library_path_lib.ps1'
[13.637s] INFO:colcon.colcon_core.shell:Creating environment descriptor '/home/khaledob/bookros2_ws/install/br2_tf2_detector/share/br2_tf2_detector/hook/ld_library_path_lib.dsv'
[13.641s] INFO:colcon.colcon_core.shell:Creating environment hook '/home/khaledob/bookros2_ws/install/br2_tf2_detector/share/br2_tf2_detector/hook/ld_library_path_lib.sh'
[13.644s] Level 1:colcon.colcon_core.environment:checking '/home/khaledob/bookros2_ws/install/br2_tf2_detector/bin'
[13.644s] Level 1:colcon.colcon_core.environment:checking '/home/khaledob/bookros2_ws/install/br2_tf2_detector/lib/pkgconfig/br2_tf2_detector.pc'
[13.645s] Level 1:colcon.colcon_core.environment:checking '/home/khaledob/bookros2_ws/install/br2_tf2_detector/lib/python3.8/site-packages'
[13.645s] Level 1:colcon.colcon_core.environment:checking '/home/khaledob/bookros2_ws/install/br2_tf2_detector/bin'
[13.646s] INFO:colcon.colcon_core.shell:Creating package script '/home/khaledob/bookros2_ws/install/br2_tf2_detector/share/br2_tf2_detector/package.ps1'
[13.649s] INFO:colcon.colcon_core.shell:Creating package descriptor '/home/khaledob/bookros2_ws/install/br2_tf2_detector/share/br2_tf2_detector/package.dsv'
[13.652s] INFO:colcon.colcon_core.shell:Creating package script '/home/khaledob/bookros2_ws/install/br2_tf2_detector/share/br2_tf2_detector/package.sh'
[13.665s] INFO:colcon.colcon_core.shell:Creating package script '/home/khaledob/bookros2_ws/install/br2_tf2_detector/share/br2_tf2_detector/package.bash'
[13.676s] INFO:colcon.colcon_core.shell:Creating package script '/home/khaledob/bookros2_ws/install/br2_tf2_detector/share/br2_tf2_detector/package.zsh'
[13.711s] Level 1:colcon.colcon_core.environment:create_file_with_runtime_dependencies(/home/khaledob/bookros2_ws/install/br2_tf2_detector/share/colcon-core/packages/br2_tf2_detector)
[13.742s] DEBUG:colcon.colcon_core.event_handler.log_command:Invoking command in '/home/khaledob/bookros2_ws/build/br2_fsm_bumpgo_py': PYTHONPATH=/home/khaledob/bookros2_ws/build/br2_fsm_bumpgo_py/prefix_override:/usr/lib/python3/dist-packages/colcon_core/task/python/colcon_distutils_commands:/home/khaledob/bookros2_ws/install/br2_fsm_bumpgo_py/lib/python3.8/site-packages:${PYTHONPATH} /usr/bin/python3 -W ignore:setup.py install is deprecated -W ignore:easy_install command is deprecated setup.py develop --editable --build-directory /home/khaledob/bookros2_ws/build/br2_fsm_bumpgo_py/build --no-deps symlink_data
[13.751s] INFO:colcon.colcon_ros.task.ament_cmake.build:Building ROS package in '/home/khaledob/bookros2_ws/src/task2b' with build type 'ament_cmake'
[13.752s] INFO:colcon.colcon_cmake.task.cmake.build:Building CMake package in '/home/khaledob/bookros2_ws/src/task2b'
[13.753s] INFO:colcon.colcon_core.shell:Skip shell extension 'powershell' for command environment: Not usable outside of PowerShell
[13.754s] DEBUG:colcon.colcon_core.shell:Skip shell extension 'dsv' for command environment
[13.855s] DEBUG:colcon.colcon_core.event_handler.log_command:Invoking command in '/home/khaledob/bookros2_ws/build/task2a': CMAKE_PREFIX_PATH=${CMAKE_PREFIX_PATH}:/home/khaledob/bookros2_ws/install/ros2controlcli:/home/khaledob/bookros2_ws/install/launch_pal:/home/khaledob/bookros2_ws/install/br2_fsm_bumpgo_py:/opt/ros/foxy /usr/bin/cmake --build /home/khaledob/bookros2_ws/build/task2a -- -j7 -l7
[13.912s] DEBUG:colcon.colcon_core.event_handler.log_command:Invoking command in '/home/khaledob/bookros2_ws/build/task2b': CMAKE_PREFIX_PATH=${CMAKE_PREFIX_PATH}:/home/khaledob/bookros2_ws/install/ros2controlcli:/home/khaledob/bookros2_ws/install/launch_pal:/home/khaledob/bookros2_ws/install/br2_fsm_bumpgo_py:/opt/ros/foxy /usr/bin/cmake --build /home/khaledob/bookros2_ws/build/task2b -- -j7 -l7
[14.003s] DEBUG:colcon.colcon_core.event_handler.log_command:Invoked command in '/home/khaledob/bookros2_ws/build/task1' returned '0': CMAKE_PREFIX_PATH=${CMAKE_PREFIX_PATH}:/home/khaledob/bookros2_ws/install/ros2controlcli:/home/khaledob/bookros2_ws/install/launch_pal:/home/khaledob/bookros2_ws/install/br2_fsm_bumpgo_py:/opt/ros/foxy /usr/bin/cmake --build /home/khaledob/bookros2_ws/build/task1 -- -j7 -l7
[14.006s] DEBUG:colcon.colcon_core.event_handler.log_command:Invoking command in '/home/khaledob/bookros2_ws/build/task1': CMAKE_PREFIX_PATH=${CMAKE_PREFIX_PATH}:/home/khaledob/bookros2_ws/install/ros2controlcli:/home/khaledob/bookros2_ws/install/launch_pal:/home/khaledob/bookros2_ws/install/br2_fsm_bumpgo_py:/opt/ros/foxy /usr/bin/cmake --install /home/khaledob/bookros2_ws/build/task1
[14.343s] Level 1:colcon.colcon_core.environment:create_environment_scripts_only(task1)
[14.344s] Level 1:colcon.colcon_core.environment:checking '/home/khaledob/bookros2_ws/install/task1' for CMake module files
[14.348s] Level 1:colcon.colcon_core.environment:checking '/home/khaledob/bookros2_ws/install/task1' for CMake config files
[14.348s] Level 1:colcon.colcon_core.shell:create_environment_hook('task1', 'cmake_prefix_path')
[14.349s] INFO:colcon.colcon_core.shell:Creating environment hook '/home/khaledob/bookros2_ws/install/task1/share/task1/hook/cmake_prefix_path.ps1'
[14.353s] DEBUG:colcon.colcon_core.event_handler.log_command:Invoked command in '/home/khaledob/bookros2_ws/build/task2b' returned '0': CMAKE_PREFIX_PATH=${CMAKE_PREFIX_PATH}:/home/khaledob/bookros2_ws/install/ros2controlcli:/home/khaledob/bookros2_ws/install/launch_pal:/home/khaledob/bookros2_ws/install/br2_fsm_bumpgo_py:/opt/ros/foxy /usr/bin/cmake --build /home/khaledob/bookros2_ws/build/task2b -- -j7 -l7
[14.355s] DEBUG:colcon.colcon_core.event_handler.log_command:Invoking command in '/home/khaledob/bookros2_ws/build/task2b': CMAKE_PREFIX_PATH=${CMAKE_PREFIX_PATH}:/home/khaledob/bookros2_ws/install/ros2controlcli:/home/khaledob/bookros2_ws/install/launch_pal:/home/khaledob/bookros2_ws/install/br2_fsm_bumpgo_py:/opt/ros/foxy /usr/bin/cmake --install /home/khaledob/bookros2_ws/build/task2b
[14.363s] DEBUG:colcon.colcon_core.event_handler.log_command:Invoked command in '/home/khaledob/bookros2_ws/build/task1' returned '0': CMAKE_PREFIX_PATH=${CMAKE_PREFIX_PATH}:/home/khaledob/bookros2_ws/install/ros2controlcli:/home/khaledob/bookros2_ws/install/launch_pal:/home/khaledob/bookros2_ws/install/br2_fsm_bumpgo_py:/opt/ros/foxy /usr/bin/cmake --install /home/khaledob/bookros2_ws/build/task1
[14.379s] INFO:colcon.colcon_core.shell:Creating environment descriptor '/home/khaledob/bookros2_ws/install/task1/share/task1/hook/cmake_prefix_path.dsv'
[14.381s] INFO:colcon.colcon_core.shell:Creating environment hook '/home/khaledob/bookros2_ws/install/task1/share/task1/hook/cmake_prefix_path.sh'
[14.384s] Level 1:colcon.colcon_core.environment:checking '/home/khaledob/bookros2_ws/install/task1/lib'
[14.385s] Level 1:colcon.colcon_core.environment:checking '/home/khaledob/bookros2_ws/install/task1/bin'
[14.385s] Level 1:colcon.colcon_core.environment:checking '/home/khaledob/bookros2_ws/install/task1/lib/pkgconfig/task1.pc'
[14.385s] Level 1:colcon.colcon_core.environment:checking '/home/khaledob/bookros2_ws/install/task1/lib/python3.8/site-packages'
[14.386s] Level 1:colcon.colcon_core.environment:checking '/home/khaledob/bookros2_ws/install/task1/bin'
[14.386s] INFO:colcon.colcon_core.shell:Creating package script '/home/khaledob/bookros2_ws/install/task1/share/task1/package.ps1'
[14.388s] INFO:colcon.colcon_core.shell:Creating package descriptor '/home/khaledob/bookros2_ws/install/task1/share/task1/package.dsv'
[14.389s] INFO:colcon.colcon_core.shell:Creating package script '/home/khaledob/bookros2_ws/install/task1/share/task1/package.sh'
[14.416s] INFO:colcon.colcon_core.shell:Creating package script '/home/khaledob/bookros2_ws/install/task1/share/task1/package.bash'
[14.419s] INFO:colcon.colcon_core.shell:Creating package script '/home/khaledob/bookros2_ws/install/task1/share/task1/package.zsh'
[14.420s] Level 1:colcon.colcon_core.environment:create_file_with_runtime_dependencies(/home/khaledob/bookros2_ws/install/task1/share/colcon-core/packages/task1)
[14.425s] Level 1:colcon.colcon_core.environment:create_environment_scripts_only(task1)
[14.426s] Level 1:colcon.colcon_core.environment:checking '/home/khaledob/bookros2_ws/install/task1' for CMake module files
[14.427s] Level 1:colcon.colcon_core.environment:checking '/home/khaledob/bookros2_ws/install/task1' for CMake config files
[14.428s] Level 1:colcon.colcon_core.shell:create_environment_hook('task1', 'cmake_prefix_path')
[14.428s] INFO:colcon.colcon_core.shell:Creating environment hook '/home/khaledob/bookros2_ws/install/task1/share/task1/hook/cmake_prefix_path.ps1'
[14.429s] INFO:colcon.colcon_core.shell:Creating environment descriptor '/home/khaledob/bookros2_ws/install/task1/share/task1/hook/cmake_prefix_path.dsv'
[14.433s] INFO:colcon.colcon_core.shell:Creating environment hook '/home/khaledob/bookros2_ws/install/task1/share/task1/hook/cmake_prefix_path.sh'
[14.436s] Level 1:colcon.colcon_core.environment:checking '/home/khaledob/bookros2_ws/install/task1/lib'
[14.437s] Level 1:colcon.colcon_core.environment:checking '/home/khaledob/bookros2_ws/install/task1/bin'
[14.437s] Level 1:colcon.colcon_core.environment:checking '/home/khaledob/bookros2_ws/install/task1/lib/pkgconfig/task1.pc'
[14.437s] Level 1:colcon.colcon_core.environment:checking '/home/khaledob/bookros2_ws/install/task1/lib/python3.8/site-packages'
[14.438s] Level 1:colcon.colcon_core.environment:checking '/home/khaledob/bookros2_ws/install/task1/bin'
[14.438s] INFO:colcon.colcon_core.shell:Creating package script '/home/khaledob/bookros2_ws/install/task1/share/task1/package.ps1'
[14.440s] INFO:colcon.colcon_core.shell:Creating package descriptor '/home/khaledob/bookros2_ws/install/task1/share/task1/package.dsv'
[14.441s] INFO:colcon.colcon_core.shell:Creating package script '/home/khaledob/bookros2_ws/install/task1/share/task1/package.sh'
[14.443s] INFO:colcon.colcon_core.shell:Creating package script '/home/khaledob/bookros2_ws/install/task1/share/task1/package.bash'
[14.444s] INFO:colcon.colcon_core.shell:Creating package script '/home/khaledob/bookros2_ws/install/task1/share/task1/package.zsh'
[14.447s] Level 1:colcon.colcon_core.environment:create_file_with_runtime_dependencies(/home/khaledob/bookros2_ws/install/task1/share/colcon-core/packages/task1)
[14.453s] INFO:colcon.colcon_ros.task.ament_cmake.build:Building ROS package in '/home/khaledob/bookros2_ws/src/book_ros2/br2_tracking' with build type 'ament_cmake'
[14.454s] INFO:colcon.colcon_cmake.task.cmake.build:Building CMake package in '/home/khaledob/bookros2_ws/src/book_ros2/br2_tracking'
[14.454s] INFO:colcon.colcon_core.shell:Skip shell extension 'powershell' for command environment: Not usable outside of PowerShell
[14.455s] DEBUG:colcon.colcon_core.shell:Skip shell extension 'dsv' for command environment
[14.539s] DEBUG:colcon.colcon_core.event_handler.log_command:Invoked command in '/home/khaledob/bookros2_ws/build/br2_vff_avoidance' returned '0': CMAKE_PREFIX_PATH=${CMAKE_PREFIX_PATH}:/home/khaledob/bookros2_ws/install/ros2controlcli:/home/khaledob/bookros2_ws/install/launch_pal:/home/khaledob/bookros2_ws/install/br2_fsm_bumpgo_py:/opt/ros/foxy /usr/bin/cmake --build /home/khaledob/bookros2_ws/build/br2_vff_avoidance -- -j7 -l7
[14.542s] DEBUG:colcon.colcon_core.event_handler.log_command:Invoking command in '/home/khaledob/bookros2_ws/build/br2_vff_avoidance': CMAKE_PREFIX_PATH=${CMAKE_PREFIX_PATH}:/home/khaledob/bookros2_ws/install/ros2controlcli:/home/khaledob/bookros2_ws/install/launch_pal:/home/khaledob/bookros2_ws/install/br2_fsm_bumpgo_py:/opt/ros/foxy /usr/bin/cmake --install /home/khaledob/bookros2_ws/build/br2_vff_avoidance
[14.555s] Level 1:colcon.colcon_core.environment:create_environment_scripts_only(task2b)
[14.557s] DEBUG:colcon.colcon_core.event_handler.log_command:Invoked command in '/home/khaledob/bookros2_ws/build/task2b' returned '0': CMAKE_PREFIX_PATH=${CMAKE_PREFIX_PATH}:/home/khaledob/bookros2_ws/install/ros2controlcli:/home/khaledob/bookros2_ws/install/launch_pal:/home/khaledob/bookros2_ws/install/br2_fsm_bumpgo_py:/opt/ros/foxy /usr/bin/cmake --install /home/khaledob/bookros2_ws/build/task2b
[14.560s] Level 1:colcon.colcon_core.environment:checking '/home/khaledob/bookros2_ws/install/task2b' for CMake module files
[14.569s] Level 1:colcon.colcon_core.environment:checking '/home/khaledob/bookros2_ws/install/task2b' for CMake config files
[14.570s] Level 1:colcon.colcon_core.shell:create_environment_hook('task2b', 'cmake_prefix_path')
[14.571s] INFO:colcon.colcon_core.shell:Creating environment hook '/home/khaledob/bookros2_ws/install/task2b/share/task2b/hook/cmake_prefix_path.ps1'
[14.573s] INFO:colcon.colcon_core.shell:Creating environment descriptor '/home/khaledob/bookros2_ws/install/task2b/share/task2b/hook/cmake_prefix_path.dsv'
[14.575s] INFO:colcon.colcon_core.shell:Creating environment hook '/home/khaledob/bookros2_ws/install/task2b/share/task2b/hook/cmake_prefix_path.sh'
[14.595s] Level 1:colcon.colcon_core.environment:checking '/home/khaledob/bookros2_ws/install/task2b/bin'
[14.595s] Level 1:colcon.colcon_core.environment:checking '/home/khaledob/bookros2_ws/install/task2b/lib/pkgconfig/task2b.pc'
[14.596s] Level 1:colcon.colcon_core.environment:checking '/home/khaledob/bookros2_ws/install/task2b/lib/python3.8/site-packages'
[14.597s] Level 1:colcon.colcon_core.environment:checking '/home/khaledob/bookros2_ws/install/task2b/bin'
[14.598s] INFO:colcon.colcon_core.shell:Creating package script '/home/khaledob/bookros2_ws/install/task2b/share/task2b/package.ps1'
[14.610s] INFO:colcon.colcon_core.shell:Creating package descriptor '/home/khaledob/bookros2_ws/install/task2b/share/task2b/package.dsv'
[14.614s] INFO:colcon.colcon_core.shell:Creating package script '/home/khaledob/bookros2_ws/install/task2b/share/task2b/package.sh'
[14.620s] INFO:colcon.colcon_core.shell:Creating package script '/home/khaledob/bookros2_ws/install/task2b/share/task2b/package.bash'
[14.623s] INFO:colcon.colcon_core.shell:Creating package script '/home/khaledob/bookros2_ws/install/task2b/share/task2b/package.zsh'
[14.634s] Level 1:colcon.colcon_core.environment:create_file_with_runtime_dependencies(/home/khaledob/bookros2_ws/install/task2b/share/colcon-core/packages/task2b)
[14.712s] Level 1:colcon.colcon_core.environment:create_environment_scripts_only(task2b)
[14.713s] Level 1:colcon.colcon_core.environment:checking '/home/khaledob/bookros2_ws/install/task2b' for CMake module files
[14.716s] Level 1:colcon.colcon_core.environment:checking '/home/khaledob/bookros2_ws/install/task2b' for CMake config files
[14.717s] Level 1:colcon.colcon_core.shell:create_environment_hook('task2b', 'cmake_prefix_path')
[14.717s] INFO:colcon.colcon_core.shell:Creating environment hook '/home/khaledob/bookros2_ws/install/task2b/share/task2b/hook/cmake_prefix_path.ps1'
[14.719s] INFO:colcon.colcon_core.shell:Creating environment descriptor '/home/khaledob/bookros2_ws/install/task2b/share/task2b/hook/cmake_prefix_path.dsv'
[14.734s] INFO:colcon.colcon_core.shell:Creating environment hook '/home/khaledob/bookros2_ws/install/task2b/share/task2b/hook/cmake_prefix_path.sh'
[14.741s] Level 1:colcon.colcon_core.environment:checking '/home/khaledob/bookros2_ws/install/task2b/bin'
[14.743s] Level 1:colcon.colcon_core.environment:checking '/home/khaledob/bookros2_ws/install/task2b/lib/pkgconfig/task2b.pc'
[14.744s] Level 1:colcon.colcon_core.environment:checking '/home/khaledob/bookros2_ws/install/task2b/lib/python3.8/site-packages'
[14.744s] Level 1:colcon.colcon_core.environment:checking '/home/khaledob/bookros2_ws/install/task2b/bin'
[14.744s] INFO:colcon.colcon_core.shell:Creating package script '/home/khaledob/bookros2_ws/install/task2b/share/task2b/package.ps1'
[14.756s] INFO:colcon.colcon_core.shell:Creating package descriptor '/home/khaledob/bookros2_ws/install/task2b/share/task2b/package.dsv'
[14.763s] INFO:colcon.colcon_core.shell:Creating package script '/home/khaledob/bookros2_ws/install/task2b/share/task2b/package.sh'
[14.765s] INFO:colcon.colcon_core.shell:Creating package script '/home/khaledob/bookros2_ws/install/task2b/share/task2b/package.bash'
[14.777s] INFO:colcon.colcon_core.shell:Creating package script '/home/khaledob/bookros2_ws/install/task2b/share/task2b/package.zsh'
[14.779s] Level 1:colcon.colcon_core.environment:create_file_with_runtime_dependencies(/home/khaledob/bookros2_ws/install/task2b/share/colcon-core/packages/task2b)
[14.782s] INFO:colcon.colcon_ros.task.ament_cmake.build:Building ROS package in '/home/khaledob/bookros2_ws/src/ThirdParty/pmb2_navigation/pmb2_navigation' with build type 'ament_cmake'
[14.783s] INFO:colcon.colcon_cmake.task.cmake.build:Building CMake package in '/home/khaledob/bookros2_ws/src/ThirdParty/pmb2_navigation/pmb2_navigation'
[14.791s] INFO:colcon.colcon_core.shell:Skip shell extension 'powershell' for command environment: Not usable outside of PowerShell
[14.791s] DEBUG:colcon.colcon_core.shell:Skip shell extension 'dsv' for command environment
[14.960s] Level 1:colcon.colcon_core.environment:create_environment_scripts_only(br2_vff_avoidance)
[14.960s] Level 1:colcon.colcon_core.environment:checking '/home/khaledob/bookros2_ws/install/br2_vff_avoidance' for CMake module files
[14.962s] DEBUG:colcon.colcon_core.event_handler.log_command:Invoked command in '/home/khaledob/bookros2_ws/build/br2_vff_avoidance' returned '0': CMAKE_PREFIX_PATH=${CMAKE_PREFIX_PATH}:/home/khaledob/bookros2_ws/install/ros2controlcli:/home/khaledob/bookros2_ws/install/launch_pal:/home/khaledob/bookros2_ws/install/br2_fsm_bumpgo_py:/opt/ros/foxy /usr/bin/cmake --install /home/khaledob/bookros2_ws/build/br2_vff_avoidance
[14.967s] Level 1:colcon.colcon_core.environment:checking '/home/khaledob/bookros2_ws/install/br2_vff_avoidance' for CMake config files
[14.969s] Level 1:colcon.colcon_core.shell:create_environment_hook('br2_vff_avoidance', 'cmake_prefix_path')
[14.970s] INFO:colcon.colcon_core.shell:Creating environment hook '/home/khaledob/bookros2_ws/install/br2_vff_avoidance/share/br2_vff_avoidance/hook/cmake_prefix_path.ps1'
[14.972s] INFO:colcon.colcon_core.shell:Creating environment descriptor '/home/khaledob/bookros2_ws/install/br2_vff_avoidance/share/br2_vff_avoidance/hook/cmake_prefix_path.dsv'
[14.994s] INFO:colcon.colcon_core.shell:Creating environment hook '/home/khaledob/bookros2_ws/install/br2_vff_avoidance/share/br2_vff_avoidance/hook/cmake_prefix_path.sh'
[15.019s] Level 1:colcon.colcon_core.environment:checking '/home/khaledob/bookros2_ws/install/br2_vff_avoidance/lib'
[15.035s] Level 1:colcon.colcon_core.shell:create_environment_hook('br2_vff_avoidance', 'ld_library_path_lib')
[15.035s] INFO:colcon.colcon_core.shell:Creating environment hook '/home/khaledob/bookros2_ws/install/br2_vff_avoidance/share/br2_vff_avoidance/hook/ld_library_path_lib.ps1'
[15.037s] INFO:colcon.colcon_core.shell:Creating environment descriptor '/home/khaledob/bookros2_ws/install/br2_vff_avoidance/share/br2_vff_avoidance/hook/ld_library_path_lib.dsv'
[15.038s] INFO:colcon.colcon_core.shell:Creating environment hook '/home/khaledob/bookros2_ws/install/br2_vff_avoidance/share/br2_vff_avoidance/hook/ld_library_path_lib.sh'
[15.054s] Level 1:colcon.colcon_core.environment:checking '/home/khaledob/bookros2_ws/install/br2_vff_avoidance/bin'
[15.054s] Level 1:colcon.colcon_core.environment:checking '/home/khaledob/bookros2_ws/install/br2_vff_avoidance/lib/pkgconfig/br2_vff_avoidance.pc'
[15.055s] Level 1:colcon.colcon_core.environment:checking '/home/khaledob/bookros2_ws/install/br2_vff_avoidance/lib/python3.8/site-packages'
[15.055s] Level 1:colcon.colcon_core.environment:checking '/home/khaledob/bookros2_ws/install/br2_vff_avoidance/bin'
[15.055s] INFO:colcon.colcon_core.shell:Creating package script '/home/khaledob/bookros2_ws/install/br2_vff_avoidance/share/br2_vff_avoidance/package.ps1'
[15.056s] INFO:colcon.colcon_core.shell:Creating package descriptor '/home/khaledob/bookros2_ws/install/br2_vff_avoidance/share/br2_vff_avoidance/package.dsv'
[15.058s] INFO:colcon.colcon_core.shell:Creating package script '/home/khaledob/bookros2_ws/install/br2_vff_avoidance/share/br2_vff_avoidance/package.sh'
[15.070s] INFO:colcon.colcon_core.shell:Creating package script '/home/khaledob/bookros2_ws/install/br2_vff_avoidance/share/br2_vff_avoidance/package.bash'
[15.072s] INFO:colcon.colcon_core.shell:Creating package script '/home/khaledob/bookros2_ws/install/br2_vff_avoidance/share/br2_vff_avoidance/package.zsh'
[15.093s] Level 1:colcon.colcon_core.environment:create_file_with_runtime_dependencies(/home/khaledob/bookros2_ws/install/br2_vff_avoidance/share/colcon-core/packages/br2_vff_avoidance)
[15.097s] Level 1:colcon.colcon_core.environment:create_environment_scripts_only(br2_vff_avoidance)
[15.097s] Level 1:colcon.colcon_core.environment:checking '/home/khaledob/bookros2_ws/install/br2_vff_avoidance' for CMake module files
[15.099s] Level 1:colcon.colcon_core.environment:checking '/home/khaledob/bookros2_ws/install/br2_vff_avoidance' for CMake config files
[15.099s] Level 1:colcon.colcon_core.shell:create_environment_hook('br2_vff_avoidance', 'cmake_prefix_path')
[15.113s] INFO:colcon.colcon_core.shell:Creating environment hook '/home/khaledob/bookros2_ws/install/br2_vff_avoidance/share/br2_vff_avoidance/hook/cmake_prefix_path.ps1'
[15.138s] INFO:colcon.colcon_core.shell:Creating environment descriptor '/home/khaledob/bookros2_ws/install/br2_vff_avoidance/share/br2_vff_avoidance/hook/cmake_prefix_path.dsv'
[15.156s] INFO:colcon.colcon_core.shell:Creating environment hook '/home/khaledob/bookros2_ws/install/br2_vff_avoidance/share/br2_vff_avoidance/hook/cmake_prefix_path.sh'
[15.160s] Level 1:colcon.colcon_core.environment:checking '/home/khaledob/bookros2_ws/install/br2_vff_avoidance/lib'
[15.160s] Level 1:colcon.colcon_core.shell:create_environment_hook('br2_vff_avoidance', 'ld_library_path_lib')
[15.161s] INFO:colcon.colcon_core.shell:Creating environment hook '/home/khaledob/bookros2_ws/install/br2_vff_avoidance/share/br2_vff_avoidance/hook/ld_library_path_lib.ps1'
[15.164s] INFO:colcon.colcon_core.shell:Creating environment descriptor '/home/khaledob/bookros2_ws/install/br2_vff_avoidance/share/br2_vff_avoidance/hook/ld_library_path_lib.dsv'
[15.167s] INFO:colcon.colcon_core.shell:Creating environment hook '/home/khaledob/bookros2_ws/install/br2_vff_avoidance/share/br2_vff_avoidance/hook/ld_library_path_lib.sh'
[15.170s] Level 1:colcon.colcon_core.environment:checking '/home/khaledob/bookros2_ws/install/br2_vff_avoidance/bin'
[15.171s] Level 1:colcon.colcon_core.environment:checking '/home/khaledob/bookros2_ws/install/br2_vff_avoidance/lib/pkgconfig/br2_vff_avoidance.pc'
[15.171s] Level 1:colcon.colcon_core.environment:checking '/home/khaledob/bookros2_ws/install/br2_vff_avoidance/lib/python3.8/site-packages'
[15.172s] Level 1:colcon.colcon_core.environment:checking '/home/khaledob/bookros2_ws/install/br2_vff_avoidance/bin'
[15.173s] INFO:colcon.colcon_core.shell:Creating package script '/home/khaledob/bookros2_ws/install/br2_vff_avoidance/share/br2_vff_avoidance/package.ps1'
[15.199s] INFO:colcon.colcon_core.shell:Creating package descriptor '/home/khaledob/bookros2_ws/install/br2_vff_avoidance/share/br2_vff_avoidance/package.dsv'
[15.202s] INFO:colcon.colcon_core.shell:Creating package script '/home/khaledob/bookros2_ws/install/br2_vff_avoidance/share/br2_vff_avoidance/package.sh'
[15.204s] INFO:colcon.colcon_core.shell:Creating package script '/home/khaledob/bookros2_ws/install/br2_vff_avoidance/share/br2_vff_avoidance/package.bash'
[15.206s] INFO:colcon.colcon_core.shell:Creating package script '/home/khaledob/bookros2_ws/install/br2_vff_avoidance/share/br2_vff_avoidance/package.zsh'
[15.217s] Level 1:colcon.colcon_core.environment:create_file_with_runtime_dependencies(/home/khaledob/bookros2_ws/install/br2_vff_avoidance/share/colcon-core/packages/br2_vff_avoidance)
[15.288s] DEBUG:colcon.colcon_core.event_handler.log_command:Invoking command in '/home/khaledob/bookros2_ws/build/br2_tracking': CMAKE_PREFIX_PATH=/home/khaledob/bookros2_ws/install/br2_tracking_msgs:/home/khaledob/bookros2_ws/install/task2b:/home/khaledob/bookros2_ws/install/task2a:/home/khaledob/bookros2_ws/install/gazebo_ros2_control_demos:/home/khaledob/bookros2_ws/install/ros2_controllers:/home/khaledob/bookros2_ws/install/velocity_controllers:/home/khaledob/bookros2_ws/install/urdf_test:/home/khaledob/bookros2_ws/install/tiago_simulation:/home/khaledob/bookros2_ws/install/tiago_robot:/home/khaledob/bookros2_ws/install/tiago_2dnav_gazebo:/home/khaledob/bookros2_ws/install/tiago_gazebo:/home/khaledob/bookros2_ws/install/tiago_bringup:/home/khaledob/bookros2_ws/install/pmb2_robot:/home/khaledob/bookros2_ws/install/pmb2_bringup:/home/khaledob/bookros2_ws/install/twist_mux:/home/khaledob/bookros2_ws/install/transmission_interface:/home/khaledob/bookros2_ws/install/tiago_description:/home/khaledob/bookros2_ws/install/tiago_description_calibration:/home/khaledob/bookros2_ws/install/tiago_controller_configuration:/home/khaledob/bookros2_ws/install/task1:/home/khaledob/bookros2_ws/install/ros2_control:/home/khaledob/bookros2_ws/install/ros2_control_test_assets:/home/khaledob/bookros2_ws/install/pal_gripper:/home/khaledob/bookros2_ws/install/pal_gripper_controller_configuration:/home/khaledob/bookros2_ws/install/position_controllers:/home/khaledob/bookros2_ws/install/pmb2_navigation:/home/khaledob/bookros2_ws/install/pmb2_2dnav:/home/khaledob/bookros2_ws/install/pmb2_maps:/home/khaledob/bookros2_ws/install/pmb2_description:/home/khaledob/bookros2_ws/install/pmb2_controller_configuration:/home/khaledob/bookros2_ws/install/pal_gripper_description:/home/khaledob/bookros2_ws/install/pal_gazebo_worlds:/home/khaledob/bookros2_ws/install/joint_trajectory_controller:/home/khaledob/bookros2_ws/install/joint_state_controller:/home/khaledob/bookros2_ws/install/joint_state_broadcaster:/home/khaledob/bookros2_ws/install/imu_sensor_broadcaster:/home/khaledob/bookros2_ws/install/hey5_description:/home/khaledob/bookros2_ws/install/gripper_controllers:/home/khaledob/bookros2_ws/install/gazebo_ros2_control:/home/khaledob/bookros2_ws/install/effort_controllers:/home/khaledob/bookros2_ws/install/forward_command_controller:/home/khaledob/bookros2_ws/install/force_torque_sensor_broadcaster:/home/khaledob/bookros2_ws/install/diff_drive_controller:/home/khaledob/bookros2_ws/install/controller_manager:/home/khaledob/bookros2_ws/install/controller_interface:/home/khaledob/bookros2_ws/install/hardware_interface:/home/khaledob/bookros2_ws/install/groot:/home/khaledob/bookros2_ws/install/controller_manager_msgs:/home/khaledob/bookros2_ws/install/br2_vff_avoidance:/home/khaledob/bookros2_ws/install/br2_tracking:/home/khaledob/bookros2_ws/install/br2_tiago:/home/khaledob/bookros2_ws/install/br2_tf2_detector:/home/khaledob/bookros2_ws/install/br2_navigation:/home/khaledob/bookros2_ws/install/br2_fsm_bumpgo_cpp:/home/khaledob/bookros2_ws/install/br2_bt_patrolling:/home/khaledob/bookros2_ws/install/br2_bt_bumpgo:/home/khaledob/bookros2_ws/install/br2_basics:/home/khaledob/bookros2_ws/install/ros2controlcli:/home/khaledob/bookros2_ws/install/launch_pal:/home/khaledob/bookros2_ws/install/br2_fsm_bumpgo_py:/opt/ros/foxy LD_LIBRARY_PATH=/home/khaledob/bookros2_ws/install/br2_tracking_msgs/lib:/home/khaledob/bookros2_ws/install/velocity_controllers/lib:/home/khaledob/bookros2_ws/install/position_controllers/lib:/home/khaledob/bookros2_ws/install/joint_trajectory_controller/lib:/home/khaledob/bookros2_ws/install/joint_state_controller/lib:/home/khaledob/bookros2_ws/install/joint_state_broadcaster/lib:/home/khaledob/bookros2_ws/install/imu_sensor_broadcaster/lib:/home/khaledob/bookros2_ws/install/gripper_controllers/lib:/home/khaledob/bookros2_ws/install/gazebo_ros2_control/lib:/home/khaledob/bookros2_ws/install/effort_controllers/lib:/home/khaledob/bookros2_ws/install/forward_command_controller/lib:/home/khaledob/bookros2_ws/install/force_torque_sensor_broadcaster/lib:/home/khaledob/bookros2_ws/install/diff_drive_controller/lib:/home/khaledob/bookros2_ws/install/controller_manager/lib:/home/khaledob/bookros2_ws/install/controller_interface/lib:/home/khaledob/bookros2_ws/install/hardware_interface/lib:/home/khaledob/bookros2_ws/install/groot/lib:/home/khaledob/bookros2_ws/install/controller_manager_msgs/lib:/home/khaledob/bookros2_ws/install/br2_vff_avoidance/lib:/home/khaledob/bookros2_ws/install/br2_tracking/lib:/home/khaledob/bookros2_ws/install/br2_tf2_detector/lib:/home/khaledob/bookros2_ws/install/br2_bt_patrolling/lib:/home/khaledob/bookros2_ws/install/br2_bt_bumpgo/lib:/usr/lib/x86_64-linux-gnu/gazebo-11/plugins:/opt/ros/foxy/opt/yaml_cpp_vendor/lib:/opt/ros/foxy/opt/rviz_ogre_vendor/lib:/opt/ros/foxy/lib/x86_64-linux-gnu:/opt/ros/foxy/lib PYTHONPATH=/home/khaledob/bookros2_ws/install/br2_tracking_msgs/lib/python3.8/site-packages:/home/khaledob/bookros2_ws/install/urdf_test/lib/python3.8/site-packages:/home/khaledob/bookros2_ws/install/tiago_description/lib/python3.8/site-packages:/home/khaledob/bookros2_ws/build/ros2controlcli:/home/khaledob/bookros2_ws/install/ros2controlcli/lib/python3.8/site-packages:/home/khaledob/bookros2_ws/install/pmb2_description/lib/python3.8/site-packages:/home/khaledob/bookros2_ws/build/launch_pal:/home/khaledob/bookros2_ws/install/launch_pal/lib/python3.8/site-packages:/home/khaledob/bookros2_ws/install/controller_manager/lib/python3.8/site-packages:/home/khaledob/bookros2_ws/install/controller_manager_msgs/lib/python3.8/site-packages:/home/khaledob/bookros2_ws/build/br2_fsm_bumpgo_py:/home/khaledob/bookros2_ws/install/br2_fsm_bumpgo_py/lib/python3.8/site-packages:/opt/ros/foxy/lib/python3.8/site-packages /usr/bin/cmake --build /home/khaledob/bookros2_ws/build/br2_tracking -- -j7 -l7
[15.292s] INFO:colcon.colcon_ros.task.ament_cmake.build:Building ROS package in '/home/khaledob/bookros2_ws/src/ThirdParty/ros2_control/transmission_interface' with build type 'ament_cmake'
[15.297s] INFO:colcon.colcon_cmake.task.cmake.build:Building CMake package in '/home/khaledob/bookros2_ws/src/ThirdParty/ros2_control/transmission_interface'
[15.297s] INFO:colcon.colcon_core.shell:Skip shell extension 'powershell' for command environment: Not usable outside of PowerShell
[15.298s] DEBUG:colcon.colcon_core.shell:Skip shell extension 'dsv' for command environment
[15.396s] DEBUG:colcon.colcon_core.event_handler.log_command:Invoked command in '/home/khaledob/bookros2_ws/build/controller_manager' returned '0': CMAKE_PREFIX_PATH=/home/khaledob/bookros2_ws/install/controller_interface:/home/khaledob/bookros2_ws/install/hardware_interface:/home/khaledob/bookros2_ws/install/ros2_control_test_assets:/home/khaledob/bookros2_ws/install/controller_manager_msgs:/home/khaledob/bookros2_ws/install/task2b:/home/khaledob/bookros2_ws/install/task2a:/home/khaledob/bookros2_ws/install/gazebo_ros2_control_demos:/home/khaledob/bookros2_ws/install/ros2_controllers:/home/khaledob/bookros2_ws/install/velocity_controllers:/home/khaledob/bookros2_ws/install/urdf_test:/home/khaledob/bookros2_ws/install/tiago_simulation:/home/khaledob/bookros2_ws/install/tiago_robot:/home/khaledob/bookros2_ws/install/tiago_2dnav_gazebo:/home/khaledob/bookros2_ws/install/tiago_gazebo:/home/khaledob/bookros2_ws/install/tiago_bringup:/home/khaledob/bookros2_ws/install/pmb2_robot:/home/khaledob/bookros2_ws/install/pmb2_bringup:/home/khaledob/bookros2_ws/install/twist_mux:/home/khaledob/bookros2_ws/install/transmission_interface:/home/khaledob/bookros2_ws/install/tiago_description:/home/khaledob/bookros2_ws/install/tiago_description_calibration:/home/khaledob/bookros2_ws/install/tiago_controller_configuration:/home/khaledob/bookros2_ws/install/task1:/home/khaledob/bookros2_ws/install/ros2_control:/home/khaledob/bookros2_ws/install/pal_gripper:/home/khaledob/bookros2_ws/install/pal_gripper_controller_configuration:/home/khaledob/bookros2_ws/install/position_controllers:/home/khaledob/bookros2_ws/install/pmb2_navigation:/home/khaledob/bookros2_ws/install/pmb2_2dnav:/home/khaledob/bookros2_ws/install/pmb2_maps:/home/khaledob/bookros2_ws/install/pmb2_description:/home/khaledob/bookros2_ws/install/pmb2_controller_configuration:/home/khaledob/bookros2_ws/install/pal_gripper_description:/home/khaledob/bookros2_ws/install/pal_gazebo_worlds:/home/khaledob/bookros2_ws/install/joint_trajectory_controller:/home/khaledob/bookros2_ws/install/joint_state_controller:/home/khaledob/bookros2_ws/install/joint_state_broadcaster:/home/khaledob/bookros2_ws/install/imu_sensor_broadcaster:/home/khaledob/bookros2_ws/install/hey5_description:/home/khaledob/bookros2_ws/install/gripper_controllers:/home/khaledob/bookros2_ws/install/gazebo_ros2_control:/home/khaledob/bookros2_ws/install/effort_controllers:/home/khaledob/bookros2_ws/install/forward_command_controller:/home/khaledob/bookros2_ws/install/force_torque_sensor_broadcaster:/home/khaledob/bookros2_ws/install/diff_drive_controller:/home/khaledob/bookros2_ws/install/controller_manager:/home/khaledob/bookros2_ws/install/groot:/home/khaledob/bookros2_ws/install/br2_vff_avoidance:/home/khaledob/bookros2_ws/install/br2_tracking:/home/khaledob/bookros2_ws/install/br2_tracking_msgs:/home/khaledob/bookros2_ws/install/br2_tiago:/home/khaledob/bookros2_ws/install/br2_tf2_detector:/home/khaledob/bookros2_ws/install/br2_navigation:/home/khaledob/bookros2_ws/install/br2_fsm_bumpgo_cpp:/home/khaledob/bookros2_ws/install/br2_bt_patrolling:/home/khaledob/bookros2_ws/install/br2_bt_bumpgo:/home/khaledob/bookros2_ws/install/br2_basics:/home/khaledob/bookros2_ws/install/ros2controlcli:/home/khaledob/bookros2_ws/install/launch_pal:/home/khaledob/bookros2_ws/install/br2_fsm_bumpgo_py:/opt/ros/foxy LD_LIBRARY_PATH=/home/khaledob/bookros2_ws/install/controller_interface/lib:/home/khaledob/bookros2_ws/install/hardware_interface/lib:/home/khaledob/bookros2_ws/install/controller_manager_msgs/lib:/home/khaledob/bookros2_ws/install/velocity_controllers/lib:/home/khaledob/bookros2_ws/install/position_controllers/lib:/home/khaledob/bookros2_ws/install/joint_trajectory_controller/lib:/home/khaledob/bookros2_ws/install/joint_state_controller/lib:/home/khaledob/bookros2_ws/install/joint_state_broadcaster/lib:/home/khaledob/bookros2_ws/install/imu_sensor_broadcaster/lib:/home/khaledob/bookros2_ws/install/gripper_controllers/lib:/home/khaledob/bookros2_ws/install/gazebo_ros2_control/lib:/home/khaledob/bookros2_ws/install/effort_controllers/lib:/home/khaledob/bookros2_ws/install/forward_command_controller/lib:/home/khaledob/bookros2_ws/install/force_torque_sensor_broadcaster/lib:/home/khaledob/bookros2_ws/install/diff_drive_controller/lib:/home/khaledob/bookros2_ws/install/controller_manager/lib:/home/khaledob/bookros2_ws/install/groot/lib:/home/khaledob/bookros2_ws/install/br2_vff_avoidance/lib:/home/khaledob/bookros2_ws/install/br2_tracking/lib:/home/khaledob/bookros2_ws/install/br2_tracking_msgs/lib:/home/khaledob/bookros2_ws/install/br2_tf2_detector/lib:/home/khaledob/bookros2_ws/install/br2_bt_patrolling/lib:/home/khaledob/bookros2_ws/install/br2_bt_bumpgo/lib:/usr/lib/x86_64-linux-gnu/gazebo-11/plugins:/opt/ros/foxy/opt/yaml_cpp_vendor/lib:/opt/ros/foxy/opt/rviz_ogre_vendor/lib:/opt/ros/foxy/lib/x86_64-linux-gnu:/opt/ros/foxy/lib PYTHONPATH=/home/khaledob/bookros2_ws/install/controller_manager_msgs/lib/python3.8/site-packages:/home/khaledob/bookros2_ws/install/urdf_test/lib/python3.8/site-packages:/home/khaledob/bookros2_ws/install/tiago_description/lib/python3.8/site-packages:/home/khaledob/bookros2_ws/build/ros2controlcli:/home/khaledob/bookros2_ws/install/ros2controlcli/lib/python3.8/site-packages:/home/khaledob/bookros2_ws/install/pmb2_description/lib/python3.8/site-packages:/home/khaledob/bookros2_ws/build/launch_pal:/home/khaledob/bookros2_ws/install/launch_pal/lib/python3.8/site-packages:/home/khaledob/bookros2_ws/install/controller_manager/lib/python3.8/site-packages:/home/khaledob/bookros2_ws/install/br2_tracking_msgs/lib/python3.8/site-packages:/home/khaledob/bookros2_ws/build/br2_fsm_bumpgo_py:/home/khaledob/bookros2_ws/install/br2_fsm_bumpgo_py/lib/python3.8/site-packages:/opt/ros/foxy/lib/python3.8/site-packages /usr/bin/cmake --build /home/khaledob/bookros2_ws/build/controller_manager -- -j7 -l7
[15.397s] DEBUG:colcon.colcon_core.event_handler.log_command:Invoking command in '/home/khaledob/bookros2_ws/build/controller_manager': CMAKE_PREFIX_PATH=/home/khaledob/bookros2_ws/install/controller_interface:/home/khaledob/bookros2_ws/install/hardware_interface:/home/khaledob/bookros2_ws/install/ros2_control_test_assets:/home/khaledob/bookros2_ws/install/controller_manager_msgs:/home/khaledob/bookros2_ws/install/task2b:/home/khaledob/bookros2_ws/install/task2a:/home/khaledob/bookros2_ws/install/gazebo_ros2_control_demos:/home/khaledob/bookros2_ws/install/ros2_controllers:/home/khaledob/bookros2_ws/install/velocity_controllers:/home/khaledob/bookros2_ws/install/urdf_test:/home/khaledob/bookros2_ws/install/tiago_simulation:/home/khaledob/bookros2_ws/install/tiago_robot:/home/khaledob/bookros2_ws/install/tiago_2dnav_gazebo:/home/khaledob/bookros2_ws/install/tiago_gazebo:/home/khaledob/bookros2_ws/install/tiago_bringup:/home/khaledob/bookros2_ws/install/pmb2_robot:/home/khaledob/bookros2_ws/install/pmb2_bringup:/home/khaledob/bookros2_ws/install/twist_mux:/home/khaledob/bookros2_ws/install/transmission_interface:/home/khaledob/bookros2_ws/install/tiago_description:/home/khaledob/bookros2_ws/install/tiago_description_calibration:/home/khaledob/bookros2_ws/install/tiago_controller_configuration:/home/khaledob/bookros2_ws/install/task1:/home/khaledob/bookros2_ws/install/ros2_control:/home/khaledob/bookros2_ws/install/pal_gripper:/home/khaledob/bookros2_ws/install/pal_gripper_controller_configuration:/home/khaledob/bookros2_ws/install/position_controllers:/home/khaledob/bookros2_ws/install/pmb2_navigation:/home/khaledob/bookros2_ws/install/pmb2_2dnav:/home/khaledob/bookros2_ws/install/pmb2_maps:/home/khaledob/bookros2_ws/install/pmb2_description:/home/khaledob/bookros2_ws/install/pmb2_controller_configuration:/home/khaledob/bookros2_ws/install/pal_gripper_description:/home/khaledob/bookros2_ws/install/pal_gazebo_worlds:/home/khaledob/bookros2_ws/install/joint_trajectory_controller:/home/khaledob/bookros2_ws/install/joint_state_controller:/home/khaledob/bookros2_ws/install/joint_state_broadcaster:/home/khaledob/bookros2_ws/install/imu_sensor_broadcaster:/home/khaledob/bookros2_ws/install/hey5_description:/home/khaledob/bookros2_ws/install/gripper_controllers:/home/khaledob/bookros2_ws/install/gazebo_ros2_control:/home/khaledob/bookros2_ws/install/effort_controllers:/home/khaledob/bookros2_ws/install/forward_command_controller:/home/khaledob/bookros2_ws/install/force_torque_sensor_broadcaster:/home/khaledob/bookros2_ws/install/diff_drive_controller:/home/khaledob/bookros2_ws/install/controller_manager:/home/khaledob/bookros2_ws/install/groot:/home/khaledob/bookros2_ws/install/br2_vff_avoidance:/home/khaledob/bookros2_ws/install/br2_tracking:/home/khaledob/bookros2_ws/install/br2_tracking_msgs:/home/khaledob/bookros2_ws/install/br2_tiago:/home/khaledob/bookros2_ws/install/br2_tf2_detector:/home/khaledob/bookros2_ws/install/br2_navigation:/home/khaledob/bookros2_ws/install/br2_fsm_bumpgo_cpp:/home/khaledob/bookros2_ws/install/br2_bt_patrolling:/home/khaledob/bookros2_ws/install/br2_bt_bumpgo:/home/khaledob/bookros2_ws/install/br2_basics:/home/khaledob/bookros2_ws/install/ros2controlcli:/home/khaledob/bookros2_ws/install/launch_pal:/home/khaledob/bookros2_ws/install/br2_fsm_bumpgo_py:/opt/ros/foxy LD_LIBRARY_PATH=/home/khaledob/bookros2_ws/install/controller_interface/lib:/home/khaledob/bookros2_ws/install/hardware_interface/lib:/home/khaledob/bookros2_ws/install/controller_manager_msgs/lib:/home/khaledob/bookros2_ws/install/velocity_controllers/lib:/home/khaledob/bookros2_ws/install/position_controllers/lib:/home/khaledob/bookros2_ws/install/joint_trajectory_controller/lib:/home/khaledob/bookros2_ws/install/joint_state_controller/lib:/home/khaledob/bookros2_ws/install/joint_state_broadcaster/lib:/home/khaledob/bookros2_ws/install/imu_sensor_broadcaster/lib:/home/khaledob/bookros2_ws/install/gripper_controllers/lib:/home/khaledob/bookros2_ws/install/gazebo_ros2_control/lib:/home/khaledob/bookros2_ws/install/effort_controllers/lib:/home/khaledob/bookros2_ws/install/forward_command_controller/lib:/home/khaledob/bookros2_ws/install/force_torque_sensor_broadcaster/lib:/home/khaledob/bookros2_ws/install/diff_drive_controller/lib:/home/khaledob/bookros2_ws/install/controller_manager/lib:/home/khaledob/bookros2_ws/install/groot/lib:/home/khaledob/bookros2_ws/install/br2_vff_avoidance/lib:/home/khaledob/bookros2_ws/install/br2_tracking/lib:/home/khaledob/bookros2_ws/install/br2_tracking_msgs/lib:/home/khaledob/bookros2_ws/install/br2_tf2_detector/lib:/home/khaledob/bookros2_ws/install/br2_bt_patrolling/lib:/home/khaledob/bookros2_ws/install/br2_bt_bumpgo/lib:/usr/lib/x86_64-linux-gnu/gazebo-11/plugins:/opt/ros/foxy/opt/yaml_cpp_vendor/lib:/opt/ros/foxy/opt/rviz_ogre_vendor/lib:/opt/ros/foxy/lib/x86_64-linux-gnu:/opt/ros/foxy/lib PYTHONPATH=/home/khaledob/bookros2_ws/install/controller_manager_msgs/lib/python3.8/site-packages:/home/khaledob/bookros2_ws/install/urdf_test/lib/python3.8/site-packages:/home/khaledob/bookros2_ws/install/tiago_description/lib/python3.8/site-packages:/home/khaledob/bookros2_ws/build/ros2controlcli:/home/khaledob/bookros2_ws/install/ros2controlcli/lib/python3.8/site-packages:/home/khaledob/bookros2_ws/install/pmb2_description/lib/python3.8/site-packages:/home/khaledob/bookros2_ws/build/launch_pal:/home/khaledob/bookros2_ws/install/launch_pal/lib/python3.8/site-packages:/home/khaledob/bookros2_ws/install/controller_manager/lib/python3.8/site-packages:/home/khaledob/bookros2_ws/install/br2_tracking_msgs/lib/python3.8/site-packages:/home/khaledob/bookros2_ws/build/br2_fsm_bumpgo_py:/home/khaledob/bookros2_ws/install/br2_fsm_bumpgo_py/lib/python3.8/site-packages:/opt/ros/foxy/lib/python3.8/site-packages /usr/bin/cmake --install /home/khaledob/bookros2_ws/build/controller_manager
[15.524s] DEBUG:colcon.colcon_core.event_handler.log_command:Invoking command in '/home/khaledob/bookros2_ws/build/pmb2_navigation': CMAKE_PREFIX_PATH=/home/khaledob/bookros2_ws/install/pmb2_2dnav:/home/khaledob/bookros2_ws/install/pmb2_maps:/home/khaledob/bookros2_ws/install/task2b:/home/khaledob/bookros2_ws/install/task2a:/home/khaledob/bookros2_ws/install/gazebo_ros2_control_demos:/home/khaledob/bookros2_ws/install/ros2_controllers:/home/khaledob/bookros2_ws/install/velocity_controllers:/home/khaledob/bookros2_ws/install/urdf_test:/home/khaledob/bookros2_ws/install/tiago_simulation:/home/khaledob/bookros2_ws/install/tiago_robot:/home/khaledob/bookros2_ws/install/tiago_2dnav_gazebo:/home/khaledob/bookros2_ws/install/tiago_gazebo:/home/khaledob/bookros2_ws/install/tiago_bringup:/home/khaledob/bookros2_ws/install/pmb2_robot:/home/khaledob/bookros2_ws/install/pmb2_bringup:/home/khaledob/bookros2_ws/install/twist_mux:/home/khaledob/bookros2_ws/install/transmission_interface:/home/khaledob/bookros2_ws/install/tiago_description:/home/khaledob/bookros2_ws/install/tiago_description_calibration:/home/khaledob/bookros2_ws/install/tiago_controller_configuration:/home/khaledob/bookros2_ws/install/task1:/home/khaledob/bookros2_ws/install/ros2_control:/home/khaledob/bookros2_ws/install/ros2_control_test_assets:/home/khaledob/bookros2_ws/install/pal_gripper:/home/khaledob/bookros2_ws/install/pal_gripper_controller_configuration:/home/khaledob/bookros2_ws/install/position_controllers:/home/khaledob/bookros2_ws/install/pmb2_navigation:/home/khaledob/bookros2_ws/install/pmb2_description:/home/khaledob/bookros2_ws/install/pmb2_controller_configuration:/home/khaledob/bookros2_ws/install/pal_gripper_description:/home/khaledob/bookros2_ws/install/pal_gazebo_worlds:/home/khaledob/bookros2_ws/install/joint_trajectory_controller:/home/khaledob/bookros2_ws/install/joint_state_controller:/home/khaledob/bookros2_ws/install/joint_state_broadcaster:/home/khaledob/bookros2_ws/install/imu_sensor_broadcaster:/home/khaledob/bookros2_ws/install/hey5_description:/home/khaledob/bookros2_ws/install/gripper_controllers:/home/khaledob/bookros2_ws/install/gazebo_ros2_control:/home/khaledob/bookros2_ws/install/effort_controllers:/home/khaledob/bookros2_ws/install/forward_command_controller:/home/khaledob/bookros2_ws/install/force_torque_sensor_broadcaster:/home/khaledob/bookros2_ws/install/diff_drive_controller:/home/khaledob/bookros2_ws/install/controller_manager:/home/khaledob/bookros2_ws/install/controller_interface:/home/khaledob/bookros2_ws/install/hardware_interface:/home/khaledob/bookros2_ws/install/groot:/home/khaledob/bookros2_ws/install/controller_manager_msgs:/home/khaledob/bookros2_ws/install/br2_vff_avoidance:/home/khaledob/bookros2_ws/install/br2_tracking:/home/khaledob/bookros2_ws/install/br2_tracking_msgs:/home/khaledob/bookros2_ws/install/br2_tiago:/home/khaledob/bookros2_ws/install/br2_tf2_detector:/home/khaledob/bookros2_ws/install/br2_navigation:/home/khaledob/bookros2_ws/install/br2_fsm_bumpgo_cpp:/home/khaledob/bookros2_ws/install/br2_bt_patrolling:/home/khaledob/bookros2_ws/install/br2_bt_bumpgo:/home/khaledob/bookros2_ws/install/br2_basics:/home/khaledob/bookros2_ws/install/ros2controlcli:/home/khaledob/bookros2_ws/install/launch_pal:/home/khaledob/bookros2_ws/install/br2_fsm_bumpgo_py:/opt/ros/foxy /usr/bin/cmake --build /home/khaledob/bookros2_ws/build/pmb2_navigation -- -j7 -l7
[15.593s] DEBUG:colcon.colcon_core.event_handler.log_command:Invoking command in '/home/khaledob/bookros2_ws/build/transmission_interface': CMAKE_PREFIX_PATH=/home/khaledob/bookros2_ws/install/hardware_interface:/home/khaledob/bookros2_ws/install/ros2_control_test_assets:/home/khaledob/bookros2_ws/install/task2b:/home/khaledob/bookros2_ws/install/task2a:/home/khaledob/bookros2_ws/install/gazebo_ros2_control_demos:/home/khaledob/bookros2_ws/install/ros2_controllers:/home/khaledob/bookros2_ws/install/velocity_controllers:/home/khaledob/bookros2_ws/install/urdf_test:/home/khaledob/bookros2_ws/install/tiago_simulation:/home/khaledob/bookros2_ws/install/tiago_robot:/home/khaledob/bookros2_ws/install/tiago_2dnav_gazebo:/home/khaledob/bookros2_ws/install/tiago_gazebo:/home/khaledob/bookros2_ws/install/tiago_bringup:/home/khaledob/bookros2_ws/install/pmb2_robot:/home/khaledob/bookros2_ws/install/pmb2_bringup:/home/khaledob/bookros2_ws/install/twist_mux:/home/khaledob/bookros2_ws/install/transmission_interface:/home/khaledob/bookros2_ws/install/tiago_description:/home/khaledob/bookros2_ws/install/tiago_description_calibration:/home/khaledob/bookros2_ws/install/tiago_controller_configuration:/home/khaledob/bookros2_ws/install/task1:/home/khaledob/bookros2_ws/install/ros2_control:/home/khaledob/bookros2_ws/install/pal_gripper:/home/khaledob/bookros2_ws/install/pal_gripper_controller_configuration:/home/khaledob/bookros2_ws/install/position_controllers:/home/khaledob/bookros2_ws/install/pmb2_navigation:/home/khaledob/bookros2_ws/install/pmb2_2dnav:/home/khaledob/bookros2_ws/install/pmb2_maps:/home/khaledob/bookros2_ws/install/pmb2_description:/home/khaledob/bookros2_ws/install/pmb2_controller_configuration:/home/khaledob/bookros2_ws/install/pal_gripper_description:/home/khaledob/bookros2_ws/install/pal_gazebo_worlds:/home/khaledob/bookros2_ws/install/joint_trajectory_controller:/home/khaledob/bookros2_ws/install/joint_state_controller:/home/khaledob/bookros2_ws/install/joint_state_broadcaster:/home/khaledob/bookros2_ws/install/imu_sensor_broadcaster:/home/khaledob/bookros2_ws/install/hey5_description:/home/khaledob/bookros2_ws/install/gripper_controllers:/home/khaledob/bookros2_ws/install/gazebo_ros2_control:/home/khaledob/bookros2_ws/install/effort_controllers:/home/khaledob/bookros2_ws/install/forward_command_controller:/home/khaledob/bookros2_ws/install/force_torque_sensor_broadcaster:/home/khaledob/bookros2_ws/install/diff_drive_controller:/home/khaledob/bookros2_ws/install/controller_manager:/home/khaledob/bookros2_ws/install/controller_interface:/home/khaledob/bookros2_ws/install/groot:/home/khaledob/bookros2_ws/install/controller_manager_msgs:/home/khaledob/bookros2_ws/install/br2_vff_avoidance:/home/khaledob/bookros2_ws/install/br2_tracking:/home/khaledob/bookros2_ws/install/br2_tracking_msgs:/home/khaledob/bookros2_ws/install/br2_tiago:/home/khaledob/bookros2_ws/install/br2_tf2_detector:/home/khaledob/bookros2_ws/install/br2_navigation:/home/khaledob/bookros2_ws/install/br2_fsm_bumpgo_cpp:/home/khaledob/bookros2_ws/install/br2_bt_patrolling:/home/khaledob/bookros2_ws/install/br2_bt_bumpgo:/home/khaledob/bookros2_ws/install/br2_basics:/home/khaledob/bookros2_ws/install/ros2controlcli:/home/khaledob/bookros2_ws/install/launch_pal:/home/khaledob/bookros2_ws/install/br2_fsm_bumpgo_py:/opt/ros/foxy LD_LIBRARY_PATH=/home/khaledob/bookros2_ws/install/hardware_interface/lib:/home/khaledob/bookros2_ws/install/velocity_controllers/lib:/home/khaledob/bookros2_ws/install/position_controllers/lib:/home/khaledob/bookros2_ws/install/joint_trajectory_controller/lib:/home/khaledob/bookros2_ws/install/joint_state_controller/lib:/home/khaledob/bookros2_ws/install/joint_state_broadcaster/lib:/home/khaledob/bookros2_ws/install/imu_sensor_broadcaster/lib:/home/khaledob/bookros2_ws/install/gripper_controllers/lib:/home/khaledob/bookros2_ws/install/gazebo_ros2_control/lib:/home/khaledob/bookros2_ws/install/effort_controllers/lib:/home/khaledob/bookros2_ws/install/forward_command_controller/lib:/home/khaledob/bookros2_ws/install/force_torque_sensor_broadcaster/lib:/home/khaledob/bookros2_ws/install/diff_drive_controller/lib:/home/khaledob/bookros2_ws/install/controller_manager/lib:/home/khaledob/bookros2_ws/install/controller_interface/lib:/home/khaledob/bookros2_ws/install/groot/lib:/home/khaledob/bookros2_ws/install/controller_manager_msgs/lib:/home/khaledob/bookros2_ws/install/br2_vff_avoidance/lib:/home/khaledob/bookros2_ws/install/br2_tracking/lib:/home/khaledob/bookros2_ws/install/br2_tracking_msgs/lib:/home/khaledob/bookros2_ws/install/br2_tf2_detector/lib:/home/khaledob/bookros2_ws/install/br2_bt_patrolling/lib:/home/khaledob/bookros2_ws/install/br2_bt_bumpgo/lib:/usr/lib/x86_64-linux-gnu/gazebo-11/plugins:/opt/ros/foxy/opt/yaml_cpp_vendor/lib:/opt/ros/foxy/opt/rviz_ogre_vendor/lib:/opt/ros/foxy/lib/x86_64-linux-gnu:/opt/ros/foxy/lib /usr/bin/cmake --build /home/khaledob/bookros2_ws/build/transmission_interface -- -j7 -l7
[15.693s] DEBUG:colcon.colcon_core.event_handler.log_command:Invoked command in '/home/khaledob/bookros2_ws/build/pmb2_navigation' returned '0': CMAKE_PREFIX_PATH=/home/khaledob/bookros2_ws/install/pmb2_2dnav:/home/khaledob/bookros2_ws/install/pmb2_maps:/home/khaledob/bookros2_ws/install/task2b:/home/khaledob/bookros2_ws/install/task2a:/home/khaledob/bookros2_ws/install/gazebo_ros2_control_demos:/home/khaledob/bookros2_ws/install/ros2_controllers:/home/khaledob/bookros2_ws/install/velocity_controllers:/home/khaledob/bookros2_ws/install/urdf_test:/home/khaledob/bookros2_ws/install/tiago_simulation:/home/khaledob/bookros2_ws/install/tiago_robot:/home/khaledob/bookros2_ws/install/tiago_2dnav_gazebo:/home/khaledob/bookros2_ws/install/tiago_gazebo:/home/khaledob/bookros2_ws/install/tiago_bringup:/home/khaledob/bookros2_ws/install/pmb2_robot:/home/khaledob/bookros2_ws/install/pmb2_bringup:/home/khaledob/bookros2_ws/install/twist_mux:/home/khaledob/bookros2_ws/install/transmission_interface:/home/khaledob/bookros2_ws/install/tiago_description:/home/khaledob/bookros2_ws/install/tiago_description_calibration:/home/khaledob/bookros2_ws/install/tiago_controller_configuration:/home/khaledob/bookros2_ws/install/task1:/home/khaledob/bookros2_ws/install/ros2_control:/home/khaledob/bookros2_ws/install/ros2_control_test_assets:/home/khaledob/bookros2_ws/install/pal_gripper:/home/khaledob/bookros2_ws/install/pal_gripper_controller_configuration:/home/khaledob/bookros2_ws/install/position_controllers:/home/khaledob/bookros2_ws/install/pmb2_navigation:/home/khaledob/bookros2_ws/install/pmb2_description:/home/khaledob/bookros2_ws/install/pmb2_controller_configuration:/home/khaledob/bookros2_ws/install/pal_gripper_description:/home/khaledob/bookros2_ws/install/pal_gazebo_worlds:/home/khaledob/bookros2_ws/install/joint_trajectory_controller:/home/khaledob/bookros2_ws/install/joint_state_controller:/home/khaledob/bookros2_ws/install/joint_state_broadcaster:/home/khaledob/bookros2_ws/install/imu_sensor_broadcaster:/home/khaledob/bookros2_ws/install/hey5_description:/home/khaledob/bookros2_ws/install/gripper_controllers:/home/khaledob/bookros2_ws/install/gazebo_ros2_control:/home/khaledob/bookros2_ws/install/effort_controllers:/home/khaledob/bookros2_ws/install/forward_command_controller:/home/khaledob/bookros2_ws/install/force_torque_sensor_broadcaster:/home/khaledob/bookros2_ws/install/diff_drive_controller:/home/khaledob/bookros2_ws/install/controller_manager:/home/khaledob/bookros2_ws/install/controller_interface:/home/khaledob/bookros2_ws/install/hardware_interface:/home/khaledob/bookros2_ws/install/groot:/home/khaledob/bookros2_ws/install/controller_manager_msgs:/home/khaledob/bookros2_ws/install/br2_vff_avoidance:/home/khaledob/bookros2_ws/install/br2_tracking:/home/khaledob/bookros2_ws/install/br2_tracking_msgs:/home/khaledob/bookros2_ws/install/br2_tiago:/home/khaledob/bookros2_ws/install/br2_tf2_detector:/home/khaledob/bookros2_ws/install/br2_navigation:/home/khaledob/bookros2_ws/install/br2_fsm_bumpgo_cpp:/home/khaledob/bookros2_ws/install/br2_bt_patrolling:/home/khaledob/bookros2_ws/install/br2_bt_bumpgo:/home/khaledob/bookros2_ws/install/br2_basics:/home/khaledob/bookros2_ws/install/ros2controlcli:/home/khaledob/bookros2_ws/install/launch_pal:/home/khaledob/bookros2_ws/install/br2_fsm_bumpgo_py:/opt/ros/foxy /usr/bin/cmake --build /home/khaledob/bookros2_ws/build/pmb2_navigation -- -j7 -l7
[15.708s] DEBUG:colcon.colcon_core.event_handler.log_command:Invoking command in '/home/khaledob/bookros2_ws/build/pmb2_navigation': CMAKE_PREFIX_PATH=/home/khaledob/bookros2_ws/install/pmb2_2dnav:/home/khaledob/bookros2_ws/install/pmb2_maps:/home/khaledob/bookros2_ws/install/task2b:/home/khaledob/bookros2_ws/install/task2a:/home/khaledob/bookros2_ws/install/gazebo_ros2_control_demos:/home/khaledob/bookros2_ws/install/ros2_controllers:/home/khaledob/bookros2_ws/install/velocity_controllers:/home/khaledob/bookros2_ws/install/urdf_test:/home/khaledob/bookros2_ws/install/tiago_simulation:/home/khaledob/bookros2_ws/install/tiago_robot:/home/khaledob/bookros2_ws/install/tiago_2dnav_gazebo:/home/khaledob/bookros2_ws/install/tiago_gazebo:/home/khaledob/bookros2_ws/install/tiago_bringup:/home/khaledob/bookros2_ws/install/pmb2_robot:/home/khaledob/bookros2_ws/install/pmb2_bringup:/home/khaledob/bookros2_ws/install/twist_mux:/home/khaledob/bookros2_ws/install/transmission_interface:/home/khaledob/bookros2_ws/install/tiago_description:/home/khaledob/bookros2_ws/install/tiago_description_calibration:/home/khaledob/bookros2_ws/install/tiago_controller_configuration:/home/khaledob/bookros2_ws/install/task1:/home/khaledob/bookros2_ws/install/ros2_control:/home/khaledob/bookros2_ws/install/ros2_control_test_assets:/home/khaledob/bookros2_ws/install/pal_gripper:/home/khaledob/bookros2_ws/install/pal_gripper_controller_configuration:/home/khaledob/bookros2_ws/install/position_controllers:/home/khaledob/bookros2_ws/install/pmb2_navigation:/home/khaledob/bookros2_ws/install/pmb2_description:/home/khaledob/bookros2_ws/install/pmb2_controller_configuration:/home/khaledob/bookros2_ws/install/pal_gripper_description:/home/khaledob/bookros2_ws/install/pal_gazebo_worlds:/home/khaledob/bookros2_ws/install/joint_trajectory_controller:/home/khaledob/bookros2_ws/install/joint_state_controller:/home/khaledob/bookros2_ws/install/joint_state_broadcaster:/home/khaledob/bookros2_ws/install/imu_sensor_broadcaster:/home/khaledob/bookros2_ws/install/hey5_description:/home/khaledob/bookros2_ws/install/gripper_controllers:/home/khaledob/bookros2_ws/install/gazebo_ros2_control:/home/khaledob/bookros2_ws/install/effort_controllers:/home/khaledob/bookros2_ws/install/forward_command_controller:/home/khaledob/bookros2_ws/install/force_torque_sensor_broadcaster:/home/khaledob/bookros2_ws/install/diff_drive_controller:/home/khaledob/bookros2_ws/install/controller_manager:/home/khaledob/bookros2_ws/install/controller_interface:/home/khaledob/bookros2_ws/install/hardware_interface:/home/khaledob/bookros2_ws/install/groot:/home/khaledob/bookros2_ws/install/controller_manager_msgs:/home/khaledob/bookros2_ws/install/br2_vff_avoidance:/home/khaledob/bookros2_ws/install/br2_tracking:/home/khaledob/bookros2_ws/install/br2_tracking_msgs:/home/khaledob/bookros2_ws/install/br2_tiago:/home/khaledob/bookros2_ws/install/br2_tf2_detector:/home/khaledob/bookros2_ws/install/br2_navigation:/home/khaledob/bookros2_ws/install/br2_fsm_bumpgo_cpp:/home/khaledob/bookros2_ws/install/br2_bt_patrolling:/home/khaledob/bookros2_ws/install/br2_bt_bumpgo:/home/khaledob/bookros2_ws/install/br2_basics:/home/khaledob/bookros2_ws/install/ros2controlcli:/home/khaledob/bookros2_ws/install/launch_pal:/home/khaledob/bookros2_ws/install/br2_fsm_bumpgo_py:/opt/ros/foxy /usr/bin/cmake --install /home/khaledob/bookros2_ws/build/pmb2_navigation
[15.857s] Level 1:colcon.colcon_core.environment:create_environment_scripts_only(controller_manager)
[15.859s] Level 1:colcon.colcon_core.environment:checking '/home/khaledob/bookros2_ws/install/controller_manager' for CMake module files
[15.888s] DEBUG:colcon.colcon_core.event_handler.log_command:Invoked command in '/home/khaledob/bookros2_ws/build/controller_manager' returned '0': CMAKE_PREFIX_PATH=/home/khaledob/bookros2_ws/install/controller_interface:/home/khaledob/bookros2_ws/install/hardware_interface:/home/khaledob/bookros2_ws/install/ros2_control_test_assets:/home/khaledob/bookros2_ws/install/controller_manager_msgs:/home/khaledob/bookros2_ws/install/task2b:/home/khaledob/bookros2_ws/install/task2a:/home/khaledob/bookros2_ws/install/gazebo_ros2_control_demos:/home/khaledob/bookros2_ws/install/ros2_controllers:/home/khaledob/bookros2_ws/install/velocity_controllers:/home/khaledob/bookros2_ws/install/urdf_test:/home/khaledob/bookros2_ws/install/tiago_simulation:/home/khaledob/bookros2_ws/install/tiago_robot:/home/khaledob/bookros2_ws/install/tiago_2dnav_gazebo:/home/khaledob/bookros2_ws/install/tiago_gazebo:/home/khaledob/bookros2_ws/install/tiago_bringup:/home/khaledob/bookros2_ws/install/pmb2_robot:/home/khaledob/bookros2_ws/install/pmb2_bringup:/home/khaledob/bookros2_ws/install/twist_mux:/home/khaledob/bookros2_ws/install/transmission_interface:/home/khaledob/bookros2_ws/install/tiago_description:/home/khaledob/bookros2_ws/install/tiago_description_calibration:/home/khaledob/bookros2_ws/install/tiago_controller_configuration:/home/khaledob/bookros2_ws/install/task1:/home/khaledob/bookros2_ws/install/ros2_control:/home/khaledob/bookros2_ws/install/pal_gripper:/home/khaledob/bookros2_ws/install/pal_gripper_controller_configuration:/home/khaledob/bookros2_ws/install/position_controllers:/home/khaledob/bookros2_ws/install/pmb2_navigation:/home/khaledob/bookros2_ws/install/pmb2_2dnav:/home/khaledob/bookros2_ws/install/pmb2_maps:/home/khaledob/bookros2_ws/install/pmb2_description:/home/khaledob/bookros2_ws/install/pmb2_controller_configuration:/home/khaledob/bookros2_ws/install/pal_gripper_description:/home/khaledob/bookros2_ws/install/pal_gazebo_worlds:/home/khaledob/bookros2_ws/install/joint_trajectory_controller:/home/khaledob/bookros2_ws/install/joint_state_controller:/home/khaledob/bookros2_ws/install/joint_state_broadcaster:/home/khaledob/bookros2_ws/install/imu_sensor_broadcaster:/home/khaledob/bookros2_ws/install/hey5_description:/home/khaledob/bookros2_ws/install/gripper_controllers:/home/khaledob/bookros2_ws/install/gazebo_ros2_control:/home/khaledob/bookros2_ws/install/effort_controllers:/home/khaledob/bookros2_ws/install/forward_command_controller:/home/khaledob/bookros2_ws/install/force_torque_sensor_broadcaster:/home/khaledob/bookros2_ws/install/diff_drive_controller:/home/khaledob/bookros2_ws/install/controller_manager:/home/khaledob/bookros2_ws/install/groot:/home/khaledob/bookros2_ws/install/br2_vff_avoidance:/home/khaledob/bookros2_ws/install/br2_tracking:/home/khaledob/bookros2_ws/install/br2_tracking_msgs:/home/khaledob/bookros2_ws/install/br2_tiago:/home/khaledob/bookros2_ws/install/br2_tf2_detector:/home/khaledob/bookros2_ws/install/br2_navigation:/home/khaledob/bookros2_ws/install/br2_fsm_bumpgo_cpp:/home/khaledob/bookros2_ws/install/br2_bt_patrolling:/home/khaledob/bookros2_ws/install/br2_bt_bumpgo:/home/khaledob/bookros2_ws/install/br2_basics:/home/khaledob/bookros2_ws/install/ros2controlcli:/home/khaledob/bookros2_ws/install/launch_pal:/home/khaledob/bookros2_ws/install/br2_fsm_bumpgo_py:/opt/ros/foxy LD_LIBRARY_PATH=/home/khaledob/bookros2_ws/install/controller_interface/lib:/home/khaledob/bookros2_ws/install/hardware_interface/lib:/home/khaledob/bookros2_ws/install/controller_manager_msgs/lib:/home/khaledob/bookros2_ws/install/velocity_controllers/lib:/home/khaledob/bookros2_ws/install/position_controllers/lib:/home/khaledob/bookros2_ws/install/joint_trajectory_controller/lib:/home/khaledob/bookros2_ws/install/joint_state_controller/lib:/home/khaledob/bookros2_ws/install/joint_state_broadcaster/lib:/home/khaledob/bookros2_ws/install/imu_sensor_broadcaster/lib:/home/khaledob/bookros2_ws/install/gripper_controllers/lib:/home/khaledob/bookros2_ws/install/gazebo_ros2_control/lib:/home/khaledob/bookros2_ws/install/effort_controllers/lib:/home/khaledob/bookros2_ws/install/forward_command_controller/lib:/home/khaledob/bookros2_ws/install/force_torque_sensor_broadcaster/lib:/home/khaledob/bookros2_ws/install/diff_drive_controller/lib:/home/khaledob/bookros2_ws/install/controller_manager/lib:/home/khaledob/bookros2_ws/install/groot/lib:/home/khaledob/bookros2_ws/install/br2_vff_avoidance/lib:/home/khaledob/bookros2_ws/install/br2_tracking/lib:/home/khaledob/bookros2_ws/install/br2_tracking_msgs/lib:/home/khaledob/bookros2_ws/install/br2_tf2_detector/lib:/home/khaledob/bookros2_ws/install/br2_bt_patrolling/lib:/home/khaledob/bookros2_ws/install/br2_bt_bumpgo/lib:/usr/lib/x86_64-linux-gnu/gazebo-11/plugins:/opt/ros/foxy/opt/yaml_cpp_vendor/lib:/opt/ros/foxy/opt/rviz_ogre_vendor/lib:/opt/ros/foxy/lib/x86_64-linux-gnu:/opt/ros/foxy/lib PYTHONPATH=/home/khaledob/bookros2_ws/install/controller_manager_msgs/lib/python3.8/site-packages:/home/khaledob/bookros2_ws/install/urdf_test/lib/python3.8/site-packages:/home/khaledob/bookros2_ws/install/tiago_description/lib/python3.8/site-packages:/home/khaledob/bookros2_ws/build/ros2controlcli:/home/khaledob/bookros2_ws/install/ros2controlcli/lib/python3.8/site-packages:/home/khaledob/bookros2_ws/install/pmb2_description/lib/python3.8/site-packages:/home/khaledob/bookros2_ws/build/launch_pal:/home/khaledob/bookros2_ws/install/launch_pal/lib/python3.8/site-packages:/home/khaledob/bookros2_ws/install/controller_manager/lib/python3.8/site-packages:/home/khaledob/bookros2_ws/install/br2_tracking_msgs/lib/python3.8/site-packages:/home/khaledob/bookros2_ws/build/br2_fsm_bumpgo_py:/home/khaledob/bookros2_ws/install/br2_fsm_bumpgo_py/lib/python3.8/site-packages:/opt/ros/foxy/lib/python3.8/site-packages /usr/bin/cmake --install /home/khaledob/bookros2_ws/build/controller_manager
[15.889s] Level 1:colcon.colcon_core.environment:checking '/home/khaledob/bookros2_ws/install/controller_manager' for CMake config files
[15.890s] Level 1:colcon.colcon_core.shell:create_environment_hook('controller_manager', 'cmake_prefix_path')
[15.891s] INFO:colcon.colcon_core.shell:Creating environment hook '/home/khaledob/bookros2_ws/install/controller_manager/share/controller_manager/hook/cmake_prefix_path.ps1'
[15.893s] INFO:colcon.colcon_core.shell:Creating environment descriptor '/home/khaledob/bookros2_ws/install/controller_manager/share/controller_manager/hook/cmake_prefix_path.dsv'
[15.895s] INFO:colcon.colcon_core.shell:Creating environment hook '/home/khaledob/bookros2_ws/install/controller_manager/share/controller_manager/hook/cmake_prefix_path.sh'
[15.897s] Level 1:colcon.colcon_core.environment:checking '/home/khaledob/bookros2_ws/install/controller_manager/lib'
[15.897s] Level 1:colcon.colcon_core.shell:create_environment_hook('controller_manager', 'ld_library_path_lib')
[15.897s] INFO:colcon.colcon_core.shell:Creating environment hook '/home/khaledob/bookros2_ws/install/controller_manager/share/controller_manager/hook/ld_library_path_lib.ps1'
[15.899s] INFO:colcon.colcon_core.shell:Creating environment descriptor '/home/khaledob/bookros2_ws/install/controller_manager/share/controller_manager/hook/ld_library_path_lib.dsv'
[15.900s] INFO:colcon.colcon_core.shell:Creating environment hook '/home/khaledob/bookros2_ws/install/controller_manager/share/controller_manager/hook/ld_library_path_lib.sh'
[15.902s] Level 1:colcon.colcon_core.environment:checking '/home/khaledob/bookros2_ws/install/controller_manager/bin'
[15.902s] Level 1:colcon.colcon_core.environment:checking '/home/khaledob/bookros2_ws/install/controller_manager/lib/pkgconfig/controller_manager.pc'
[15.902s] Level 1:colcon.colcon_core.environment:checking '/home/khaledob/bookros2_ws/install/controller_manager/lib/python3.8/site-packages'
[15.903s] Level 1:colcon.colcon_core.shell:create_environment_hook('controller_manager', 'pythonpath')
[15.903s] INFO:colcon.colcon_core.shell:Creating environment hook '/home/khaledob/bookros2_ws/install/controller_manager/share/controller_manager/hook/pythonpath.ps1'
[15.992s] INFO:colcon.colcon_core.shell:Creating environment descriptor '/home/khaledob/bookros2_ws/install/controller_manager/share/controller_manager/hook/pythonpath.dsv'
[15.995s] INFO:colcon.colcon_core.shell:Creating environment hook '/home/khaledob/bookros2_ws/install/controller_manager/share/controller_manager/hook/pythonpath.sh'
[16.001s] Level 1:colcon.colcon_core.environment:checking '/home/khaledob/bookros2_ws/install/controller_manager/bin'
[16.003s] INFO:colcon.colcon_core.shell:Creating package script '/home/khaledob/bookros2_ws/install/controller_manager/share/controller_manager/package.ps1'
[16.011s] INFO:colcon.colcon_core.shell:Creating package descriptor '/home/khaledob/bookros2_ws/install/controller_manager/share/controller_manager/package.dsv'
[16.013s] INFO:colcon.colcon_core.shell:Creating package script '/home/khaledob/bookros2_ws/install/controller_manager/share/controller_manager/package.sh'
[16.014s] INFO:colcon.colcon_core.shell:Creating package script '/home/khaledob/bookros2_ws/install/controller_manager/share/controller_manager/package.bash'
[16.016s] INFO:colcon.colcon_core.shell:Creating package script '/home/khaledob/bookros2_ws/install/controller_manager/share/controller_manager/package.zsh'
[16.048s] Level 1:colcon.colcon_core.environment:create_file_with_runtime_dependencies(/home/khaledob/bookros2_ws/install/controller_manager/share/colcon-core/packages/controller_manager)
[16.053s] Level 1:colcon.colcon_core.environment:create_environment_scripts_only(controller_manager)
[16.053s] Level 1:colcon.colcon_core.environment:checking '/home/khaledob/bookros2_ws/install/controller_manager' for CMake module files
[16.054s] Level 1:colcon.colcon_core.environment:checking '/home/khaledob/bookros2_ws/install/controller_manager' for CMake config files
[16.054s] Level 1:colcon.colcon_core.shell:create_environment_hook('controller_manager', 'cmake_prefix_path')
[16.087s] INFO:colcon.colcon_core.shell:Creating environment hook '/home/khaledob/bookros2_ws/install/controller_manager/share/controller_manager/hook/cmake_prefix_path.ps1'
[16.092s] INFO:colcon.colcon_core.shell:Creating environment descriptor '/home/khaledob/bookros2_ws/install/controller_manager/share/controller_manager/hook/cmake_prefix_path.dsv'
[16.093s] INFO:colcon.colcon_core.shell:Creating environment hook '/home/khaledob/bookros2_ws/install/controller_manager/share/controller_manager/hook/cmake_prefix_path.sh'
[16.105s] Level 1:colcon.colcon_core.environment:checking '/home/khaledob/bookros2_ws/install/controller_manager/lib'
[16.106s] Level 1:colcon.colcon_core.shell:create_environment_hook('controller_manager', 'ld_library_path_lib')
[16.107s] INFO:colcon.colcon_core.shell:Creating environment hook '/home/khaledob/bookros2_ws/install/controller_manager/share/controller_manager/hook/ld_library_path_lib.ps1'
[16.108s] INFO:colcon.colcon_core.shell:Creating environment descriptor '/home/khaledob/bookros2_ws/install/controller_manager/share/controller_manager/hook/ld_library_path_lib.dsv'
[16.110s] INFO:colcon.colcon_core.shell:Creating environment hook '/home/khaledob/bookros2_ws/install/controller_manager/share/controller_manager/hook/ld_library_path_lib.sh'
[16.112s] Level 1:colcon.colcon_core.environment:checking '/home/khaledob/bookros2_ws/install/controller_manager/bin'
[16.112s] Level 1:colcon.colcon_core.environment:checking '/home/khaledob/bookros2_ws/install/controller_manager/lib/pkgconfig/controller_manager.pc'
[16.113s] Level 1:colcon.colcon_core.environment:checking '/home/khaledob/bookros2_ws/install/controller_manager/lib/python3.8/site-packages'
[16.113s] Level 1:colcon.colcon_core.shell:create_environment_hook('controller_manager', 'pythonpath')
[16.113s] INFO:colcon.colcon_core.shell:Creating environment hook '/home/khaledob/bookros2_ws/install/controller_manager/share/controller_manager/hook/pythonpath.ps1'
[16.114s] INFO:colcon.colcon_core.shell:Creating environment descriptor '/home/khaledob/bookros2_ws/install/controller_manager/share/controller_manager/hook/pythonpath.dsv'
[16.116s] INFO:colcon.colcon_core.shell:Creating environment hook '/home/khaledob/bookros2_ws/install/controller_manager/share/controller_manager/hook/pythonpath.sh'
[16.119s] Level 1:colcon.colcon_core.environment:checking '/home/khaledob/bookros2_ws/install/controller_manager/bin'
[16.119s] INFO:colcon.colcon_core.shell:Creating package script '/home/khaledob/bookros2_ws/install/controller_manager/share/controller_manager/package.ps1'
[16.121s] INFO:colcon.colcon_core.shell:Creating package descriptor '/home/khaledob/bookros2_ws/install/controller_manager/share/controller_manager/package.dsv'
[16.123s] INFO:colcon.colcon_core.shell:Creating package script '/home/khaledob/bookros2_ws/install/controller_manager/share/controller_manager/package.sh'
[16.125s] INFO:colcon.colcon_core.shell:Creating package script '/home/khaledob/bookros2_ws/install/controller_manager/share/controller_manager/package.bash'
[16.128s] INFO:colcon.colcon_core.shell:Creating package script '/home/khaledob/bookros2_ws/install/controller_manager/share/controller_manager/package.zsh'
[16.130s] Level 1:colcon.colcon_core.environment:create_file_with_runtime_dependencies(/home/khaledob/bookros2_ws/install/controller_manager/share/colcon-core/packages/controller_manager)
[16.137s] INFO:colcon.colcon_ros.task.ament_cmake.build:Building ROS package in '/home/khaledob/bookros2_ws/src/ThirdParty/ros2_controllers/forward_command_controller' with build type 'ament_cmake'
[16.147s] INFO:colcon.colcon_cmake.task.cmake.build:Building CMake package in '/home/khaledob/bookros2_ws/src/ThirdParty/ros2_controllers/forward_command_controller'
[16.147s] INFO:colcon.colcon_core.shell:Skip shell extension 'powershell' for command environment: Not usable outside of PowerShell
[16.147s] DEBUG:colcon.colcon_core.shell:Skip shell extension 'dsv' for command environment
[16.198s] Level 1:colcon.colcon_core.environment:create_environment_scripts_only(pmb2_navigation)
[16.199s] Level 1:colcon.colcon_core.environment:checking '/home/khaledob/bookros2_ws/install/pmb2_navigation' for CMake module files
[16.228s] Level 1:colcon.colcon_core.environment:checking '/home/khaledob/bookros2_ws/install/pmb2_navigation' for CMake config files
[16.229s] DEBUG:colcon.colcon_core.event_handler.log_command:Invoked command in '/home/khaledob/bookros2_ws/build/pmb2_navigation' returned '0': CMAKE_PREFIX_PATH=/home/khaledob/bookros2_ws/install/pmb2_2dnav:/home/khaledob/bookros2_ws/install/pmb2_maps:/home/khaledob/bookros2_ws/install/task2b:/home/khaledob/bookros2_ws/install/task2a:/home/khaledob/bookros2_ws/install/gazebo_ros2_control_demos:/home/khaledob/bookros2_ws/install/ros2_controllers:/home/khaledob/bookros2_ws/install/velocity_controllers:/home/khaledob/bookros2_ws/install/urdf_test:/home/khaledob/bookros2_ws/install/tiago_simulation:/home/khaledob/bookros2_ws/install/tiago_robot:/home/khaledob/bookros2_ws/install/tiago_2dnav_gazebo:/home/khaledob/bookros2_ws/install/tiago_gazebo:/home/khaledob/bookros2_ws/install/tiago_bringup:/home/khaledob/bookros2_ws/install/pmb2_robot:/home/khaledob/bookros2_ws/install/pmb2_bringup:/home/khaledob/bookros2_ws/install/twist_mux:/home/khaledob/bookros2_ws/install/transmission_interface:/home/khaledob/bookros2_ws/install/tiago_description:/home/khaledob/bookros2_ws/install/tiago_description_calibration:/home/khaledob/bookros2_ws/install/tiago_controller_configuration:/home/khaledob/bookros2_ws/install/task1:/home/khaledob/bookros2_ws/install/ros2_control:/home/khaledob/bookros2_ws/install/ros2_control_test_assets:/home/khaledob/bookros2_ws/install/pal_gripper:/home/khaledob/bookros2_ws/install/pal_gripper_controller_configuration:/home/khaledob/bookros2_ws/install/position_controllers:/home/khaledob/bookros2_ws/install/pmb2_navigation:/home/khaledob/bookros2_ws/install/pmb2_description:/home/khaledob/bookros2_ws/install/pmb2_controller_configuration:/home/khaledob/bookros2_ws/install/pal_gripper_description:/home/khaledob/bookros2_ws/install/pal_gazebo_worlds:/home/khaledob/bookros2_ws/install/joint_trajectory_controller:/home/khaledob/bookros2_ws/install/joint_state_controller:/home/khaledob/bookros2_ws/install/joint_state_broadcaster:/home/khaledob/bookros2_ws/install/imu_sensor_broadcaster:/home/khaledob/bookros2_ws/install/hey5_description:/home/khaledob/bookros2_ws/install/gripper_controllers:/home/khaledob/bookros2_ws/install/gazebo_ros2_control:/home/khaledob/bookros2_ws/install/effort_controllers:/home/khaledob/bookros2_ws/install/forward_command_controller:/home/khaledob/bookros2_ws/install/force_torque_sensor_broadcaster:/home/khaledob/bookros2_ws/install/diff_drive_controller:/home/khaledob/bookros2_ws/install/controller_manager:/home/khaledob/bookros2_ws/install/controller_interface:/home/khaledob/bookros2_ws/install/hardware_interface:/home/khaledob/bookros2_ws/install/groot:/home/khaledob/bookros2_ws/install/controller_manager_msgs:/home/khaledob/bookros2_ws/install/br2_vff_avoidance:/home/khaledob/bookros2_ws/install/br2_tracking:/home/khaledob/bookros2_ws/install/br2_tracking_msgs:/home/khaledob/bookros2_ws/install/br2_tiago:/home/khaledob/bookros2_ws/install/br2_tf2_detector:/home/khaledob/bookros2_ws/install/br2_navigation:/home/khaledob/bookros2_ws/install/br2_fsm_bumpgo_cpp:/home/khaledob/bookros2_ws/install/br2_bt_patrolling:/home/khaledob/bookros2_ws/install/br2_bt_bumpgo:/home/khaledob/bookros2_ws/install/br2_basics:/home/khaledob/bookros2_ws/install/ros2controlcli:/home/khaledob/bookros2_ws/install/launch_pal:/home/khaledob/bookros2_ws/install/br2_fsm_bumpgo_py:/opt/ros/foxy /usr/bin/cmake --install /home/khaledob/bookros2_ws/build/pmb2_navigation
[16.234s] Level 1:colcon.colcon_core.shell:create_environment_hook('pmb2_navigation', 'cmake_prefix_path')
[16.236s] INFO:colcon.colcon_core.shell:Creating environment hook '/home/khaledob/bookros2_ws/install/pmb2_navigation/share/pmb2_navigation/hook/cmake_prefix_path.ps1'
[16.238s] INFO:colcon.colcon_core.shell:Creating environment descriptor '/home/khaledob/bookros2_ws/install/pmb2_navigation/share/pmb2_navigation/hook/cmake_prefix_path.dsv'
[16.254s] INFO:colcon.colcon_core.shell:Creating environment hook '/home/khaledob/bookros2_ws/install/pmb2_navigation/share/pmb2_navigation/hook/cmake_prefix_path.sh'
[16.256s] Level 1:colcon.colcon_core.environment:checking '/home/khaledob/bookros2_ws/install/pmb2_navigation/bin'
[16.256s] Level 1:colcon.colcon_core.environment:checking '/home/khaledob/bookros2_ws/install/pmb2_navigation/lib/pkgconfig/pmb2_navigation.pc'
[16.257s] Level 1:colcon.colcon_core.environment:checking '/home/khaledob/bookros2_ws/install/pmb2_navigation/lib/python3.8/site-packages'
[16.257s] Level 1:colcon.colcon_core.environment:checking '/home/khaledob/bookros2_ws/install/pmb2_navigation/bin'
[16.257s] INFO:colcon.colcon_core.shell:Creating package script '/home/khaledob/bookros2_ws/install/pmb2_navigation/share/pmb2_navigation/package.ps1'
[16.281s] INFO:colcon.colcon_core.shell:Creating package descriptor '/home/khaledob/bookros2_ws/install/pmb2_navigation/share/pmb2_navigation/package.dsv'
[16.294s] INFO:colcon.colcon_core.shell:Creating package script '/home/khaledob/bookros2_ws/install/pmb2_navigation/share/pmb2_navigation/package.sh'
[16.308s] INFO:colcon.colcon_core.shell:Creating package script '/home/khaledob/bookros2_ws/install/pmb2_navigation/share/pmb2_navigation/package.bash'
[16.309s] INFO:colcon.colcon_core.shell:Creating package script '/home/khaledob/bookros2_ws/install/pmb2_navigation/share/pmb2_navigation/package.zsh'
[16.311s] Level 1:colcon.colcon_core.environment:create_file_with_runtime_dependencies(/home/khaledob/bookros2_ws/install/pmb2_navigation/share/colcon-core/packages/pmb2_navigation)
[16.313s] Level 1:colcon.colcon_core.environment:create_environment_scripts_only(pmb2_navigation)
[16.314s] Level 1:colcon.colcon_core.environment:checking '/home/khaledob/bookros2_ws/install/pmb2_navigation' for CMake module files
[16.314s] Level 1:colcon.colcon_core.environment:checking '/home/khaledob/bookros2_ws/install/pmb2_navigation' for CMake config files
[16.315s] Level 1:colcon.colcon_core.shell:create_environment_hook('pmb2_navigation', 'cmake_prefix_path')
[16.315s] INFO:colcon.colcon_core.shell:Creating environment hook '/home/khaledob/bookros2_ws/install/pmb2_navigation/share/pmb2_navigation/hook/cmake_prefix_path.ps1'
[16.332s] INFO:colcon.colcon_core.shell:Creating environment descriptor '/home/khaledob/bookros2_ws/install/pmb2_navigation/share/pmb2_navigation/hook/cmake_prefix_path.dsv'
[16.333s] INFO:colcon.colcon_core.shell:Creating environment hook '/home/khaledob/bookros2_ws/install/pmb2_navigation/share/pmb2_navigation/hook/cmake_prefix_path.sh'
[16.336s] Level 1:colcon.colcon_core.environment:checking '/home/khaledob/bookros2_ws/install/pmb2_navigation/bin'
[16.337s] Level 1:colcon.colcon_core.environment:checking '/home/khaledob/bookros2_ws/install/pmb2_navigation/lib/pkgconfig/pmb2_navigation.pc'
[16.337s] Level 1:colcon.colcon_core.environment:checking '/home/khaledob/bookros2_ws/install/pmb2_navigation/lib/python3.8/site-packages'
[16.337s] Level 1:colcon.colcon_core.environment:checking '/home/khaledob/bookros2_ws/install/pmb2_navigation/bin'
[16.338s] INFO:colcon.colcon_core.shell:Creating package script '/home/khaledob/bookros2_ws/install/pmb2_navigation/share/pmb2_navigation/package.ps1'
[16.345s] INFO:colcon.colcon_core.shell:Creating package descriptor '/home/khaledob/bookros2_ws/install/pmb2_navigation/share/pmb2_navigation/package.dsv'
[16.349s] INFO:colcon.colcon_core.shell:Creating package script '/home/khaledob/bookros2_ws/install/pmb2_navigation/share/pmb2_navigation/package.sh'
[16.352s] INFO:colcon.colcon_core.shell:Creating package script '/home/khaledob/bookros2_ws/install/pmb2_navigation/share/pmb2_navigation/package.bash'
[16.406s] INFO:colcon.colcon_core.shell:Creating package script '/home/khaledob/bookros2_ws/install/pmb2_navigation/share/pmb2_navigation/package.zsh'
[16.411s] Level 1:colcon.colcon_core.environment:create_file_with_runtime_dependencies(/home/khaledob/bookros2_ws/install/pmb2_navigation/share/colcon-core/packages/pmb2_navigation)
[16.429s] Level 1:colcon.colcon_core.shell:create_environment_hook('br2_fsm_bumpgo_py', 'pythonpath_develop')
[16.429s] INFO:colcon.colcon_core.shell:Creating environment hook '/home/khaledob/bookros2_ws/build/br2_fsm_bumpgo_py/share/br2_fsm_bumpgo_py/hook/pythonpath_develop.ps1'
[16.451s] DEBUG:colcon.colcon_core.event_handler.log_command:Invoked command in '/home/khaledob/bookros2_ws/build/br2_fsm_bumpgo_py' returned '0': PYTHONPATH=/home/khaledob/bookros2_ws/build/br2_fsm_bumpgo_py/prefix_override:/usr/lib/python3/dist-packages/colcon_core/task/python/colcon_distutils_commands:/home/khaledob/bookros2_ws/install/br2_fsm_bumpgo_py/lib/python3.8/site-packages:${PYTHONPATH} /usr/bin/python3 -W ignore:setup.py install is deprecated -W ignore:easy_install command is deprecated setup.py develop --editable --build-directory /home/khaledob/bookros2_ws/build/br2_fsm_bumpgo_py/build --no-deps symlink_data
[16.457s] INFO:colcon.colcon_core.shell:Creating environment descriptor '/home/khaledob/bookros2_ws/build/br2_fsm_bumpgo_py/share/br2_fsm_bumpgo_py/hook/pythonpath_develop.dsv'
[16.458s] INFO:colcon.colcon_core.shell:Creating environment hook '/home/khaledob/bookros2_ws/build/br2_fsm_bumpgo_py/share/br2_fsm_bumpgo_py/hook/pythonpath_develop.sh'
[16.461s] Level 1:colcon.colcon_core.environment:checking '/home/khaledob/bookros2_ws/install/br2_fsm_bumpgo_py' for CMake module files
[16.462s] Level 1:colcon.colcon_core.environment:checking '/home/khaledob/bookros2_ws/install/br2_fsm_bumpgo_py' for CMake config files
[16.463s] Level 1:colcon.colcon_core.environment:checking '/home/khaledob/bookros2_ws/install/br2_fsm_bumpgo_py/lib'
[16.463s] Level 1:colcon.colcon_core.environment:checking '/home/khaledob/bookros2_ws/install/br2_fsm_bumpgo_py/bin'
[16.464s] Level 1:colcon.colcon_core.environment:checking '/home/khaledob/bookros2_ws/install/br2_fsm_bumpgo_py/lib/pkgconfig/br2_fsm_bumpgo_py.pc'
[16.464s] Level 1:colcon.colcon_core.environment:checking '/home/khaledob/bookros2_ws/install/br2_fsm_bumpgo_py/lib/python3.8/site-packages'
[16.464s] Level 1:colcon.colcon_core.shell:create_environment_hook('br2_fsm_bumpgo_py', 'pythonpath')
[16.465s] INFO:colcon.colcon_core.shell:Creating environment hook '/home/khaledob/bookros2_ws/install/br2_fsm_bumpgo_py/share/br2_fsm_bumpgo_py/hook/pythonpath.ps1'
[16.467s] INFO:colcon.colcon_core.shell:Creating environment descriptor '/home/khaledob/bookros2_ws/install/br2_fsm_bumpgo_py/share/br2_fsm_bumpgo_py/hook/pythonpath.dsv'
[16.471s] INFO:colcon.colcon_core.shell:Creating environment hook '/home/khaledob/bookros2_ws/install/br2_fsm_bumpgo_py/share/br2_fsm_bumpgo_py/hook/pythonpath.sh'
[16.473s] Level 1:colcon.colcon_core.environment:checking '/home/khaledob/bookros2_ws/install/br2_fsm_bumpgo_py/bin'
[16.473s] Level 1:colcon.colcon_core.environment:create_environment_scripts_only(br2_fsm_bumpgo_py)
[16.474s] INFO:colcon.colcon_core.shell:Creating package script '/home/khaledob/bookros2_ws/install/br2_fsm_bumpgo_py/share/br2_fsm_bumpgo_py/package.ps1'
[16.517s] INFO:colcon.colcon_core.shell:Creating package descriptor '/home/khaledob/bookros2_ws/install/br2_fsm_bumpgo_py/share/br2_fsm_bumpgo_py/package.dsv'
[16.526s] INFO:colcon.colcon_core.shell:Creating package script '/home/khaledob/bookros2_ws/install/br2_fsm_bumpgo_py/share/br2_fsm_bumpgo_py/package.sh'
[16.529s] INFO:colcon.colcon_core.shell:Creating package script '/home/khaledob/bookros2_ws/install/br2_fsm_bumpgo_py/share/br2_fsm_bumpgo_py/package.bash'
[16.530s] INFO:colcon.colcon_core.shell:Creating package script '/home/khaledob/bookros2_ws/install/br2_fsm_bumpgo_py/share/br2_fsm_bumpgo_py/package.zsh'
[16.532s] Level 1:colcon.colcon_core.environment:create_file_with_runtime_dependencies(/home/khaledob/bookros2_ws/install/br2_fsm_bumpgo_py/share/colcon-core/packages/br2_fsm_bumpgo_py)
[16.538s] INFO:colcon.colcon_ros.task.ament_cmake.build:Building ROS package in '/home/khaledob/bookros2_ws/src/ThirdParty/ros2_controllers/joint_state_broadcaster' with build type 'ament_cmake'
[16.539s] INFO:colcon.colcon_cmake.task.cmake.build:Building CMake package in '/home/khaledob/bookros2_ws/src/ThirdParty/ros2_controllers/joint_state_broadcaster'
[16.539s] INFO:colcon.colcon_core.shell:Skip shell extension 'powershell' for command environment: Not usable outside of PowerShell
[16.540s] DEBUG:colcon.colcon_core.shell:Skip shell extension 'dsv' for command environment
[16.616s] INFO:colcon.colcon_ros.task.ament_cmake.build:Building ROS package in '/home/khaledob/bookros2_ws/src/ThirdParty/ros2_controllers/diff_drive_controller' with build type 'ament_cmake'
[16.623s] INFO:colcon.colcon_cmake.task.cmake.build:Building CMake package in '/home/khaledob/bookros2_ws/src/ThirdParty/ros2_controllers/diff_drive_controller'
[16.624s] INFO:colcon.colcon_core.shell:Skip shell extension 'powershell' for command environment: Not usable outside of PowerShell
[16.624s] DEBUG:colcon.colcon_core.shell:Skip shell extension 'dsv' for command environment
[16.680s] DEBUG:colcon.colcon_core.event_handler.log_command:Invoked command in '/home/khaledob/bookros2_ws/build/groot' returned '0': CMAKE_PREFIX_PATH=${CMAKE_PREFIX_PATH}:/home/khaledob/bookros2_ws/install/ros2controlcli:/home/khaledob/bookros2_ws/install/launch_pal:/home/khaledob/bookros2_ws/install/br2_fsm_bumpgo_py:/opt/ros/foxy /usr/bin/cmake --build /home/khaledob/bookros2_ws/build/groot -- -j7 -l7
[16.706s] DEBUG:colcon.colcon_core.event_handler.log_command:Invoking command in '/home/khaledob/bookros2_ws/build/groot': CMAKE_PREFIX_PATH=${CMAKE_PREFIX_PATH}:/home/khaledob/bookros2_ws/install/ros2controlcli:/home/khaledob/bookros2_ws/install/launch_pal:/home/khaledob/bookros2_ws/install/br2_fsm_bumpgo_py:/opt/ros/foxy /usr/bin/cmake --install /home/khaledob/bookros2_ws/build/groot
[16.765s] DEBUG:colcon.colcon_core.event_handler.log_command:Invoking command in '/home/khaledob/bookros2_ws/build/forward_command_controller': CMAKE_PREFIX_PATH=/home/khaledob/bookros2_ws/install/controller_manager:/home/khaledob/bookros2_ws/install/controller_interface:/home/khaledob/bookros2_ws/install/hardware_interface:/home/khaledob/bookros2_ws/install/ros2_control_test_assets:/home/khaledob/bookros2_ws/install/controller_manager_msgs:/home/khaledob/bookros2_ws/install/task2b:/home/khaledob/bookros2_ws/install/task2a:/home/khaledob/bookros2_ws/install/gazebo_ros2_control_demos:/home/khaledob/bookros2_ws/install/ros2_controllers:/home/khaledob/bookros2_ws/install/velocity_controllers:/home/khaledob/bookros2_ws/install/urdf_test:/home/khaledob/bookros2_ws/install/tiago_simulation:/home/khaledob/bookros2_ws/install/tiago_robot:/home/khaledob/bookros2_ws/install/tiago_2dnav_gazebo:/home/khaledob/bookros2_ws/install/tiago_gazebo:/home/khaledob/bookros2_ws/install/tiago_bringup:/home/khaledob/bookros2_ws/install/pmb2_robot:/home/khaledob/bookros2_ws/install/pmb2_bringup:/home/khaledob/bookros2_ws/install/twist_mux:/home/khaledob/bookros2_ws/install/transmission_interface:/home/khaledob/bookros2_ws/install/tiago_description:/home/khaledob/bookros2_ws/install/tiago_description_calibration:/home/khaledob/bookros2_ws/install/tiago_controller_configuration:/home/khaledob/bookros2_ws/install/task1:/home/khaledob/bookros2_ws/install/ros2_control:/home/khaledob/bookros2_ws/install/pal_gripper:/home/khaledob/bookros2_ws/install/pal_gripper_controller_configuration:/home/khaledob/bookros2_ws/install/position_controllers:/home/khaledob/bookros2_ws/install/pmb2_navigation:/home/khaledob/bookros2_ws/install/pmb2_2dnav:/home/khaledob/bookros2_ws/install/pmb2_maps:/home/khaledob/bookros2_ws/install/pmb2_description:/home/khaledob/bookros2_ws/install/pmb2_controller_configuration:/home/khaledob/bookros2_ws/install/pal_gripper_description:/home/khaledob/bookros2_ws/install/pal_gazebo_worlds:/home/khaledob/bookros2_ws/install/joint_trajectory_controller:/home/khaledob/bookros2_ws/install/joint_state_controller:/home/khaledob/bookros2_ws/install/joint_state_broadcaster:/home/khaledob/bookros2_ws/install/imu_sensor_broadcaster:/home/khaledob/bookros2_ws/install/hey5_description:/home/khaledob/bookros2_ws/install/gripper_controllers:/home/khaledob/bookros2_ws/install/gazebo_ros2_control:/home/khaledob/bookros2_ws/install/effort_controllers:/home/khaledob/bookros2_ws/install/forward_command_controller:/home/khaledob/bookros2_ws/install/force_torque_sensor_broadcaster:/home/khaledob/bookros2_ws/install/diff_drive_controller:/home/khaledob/bookros2_ws/install/groot:/home/khaledob/bookros2_ws/install/br2_vff_avoidance:/home/khaledob/bookros2_ws/install/br2_tracking:/home/khaledob/bookros2_ws/install/br2_tracking_msgs:/home/khaledob/bookros2_ws/install/br2_tiago:/home/khaledob/bookros2_ws/install/br2_tf2_detector:/home/khaledob/bookros2_ws/install/br2_navigation:/home/khaledob/bookros2_ws/install/br2_fsm_bumpgo_cpp:/home/khaledob/bookros2_ws/install/br2_bt_patrolling:/home/khaledob/bookros2_ws/install/br2_bt_bumpgo:/home/khaledob/bookros2_ws/install/br2_basics:/home/khaledob/bookros2_ws/install/ros2controlcli:/home/khaledob/bookros2_ws/install/launch_pal:/home/khaledob/bookros2_ws/install/br2_fsm_bumpgo_py:/opt/ros/foxy LD_LIBRARY_PATH=/home/khaledob/bookros2_ws/install/controller_manager/lib:/home/khaledob/bookros2_ws/install/controller_interface/lib:/home/khaledob/bookros2_ws/install/hardware_interface/lib:/home/khaledob/bookros2_ws/install/controller_manager_msgs/lib:/home/khaledob/bookros2_ws/install/velocity_controllers/lib:/home/khaledob/bookros2_ws/install/position_controllers/lib:/home/khaledob/bookros2_ws/install/joint_trajectory_controller/lib:/home/khaledob/bookros2_ws/install/joint_state_controller/lib:/home/khaledob/bookros2_ws/install/joint_state_broadcaster/lib:/home/khaledob/bookros2_ws/install/imu_sensor_broadcaster/lib:/home/khaledob/bookros2_ws/install/gripper_controllers/lib:/home/khaledob/bookros2_ws/install/gazebo_ros2_control/lib:/home/khaledob/bookros2_ws/install/effort_controllers/lib:/home/khaledob/bookros2_ws/install/forward_command_controller/lib:/home/khaledob/bookros2_ws/install/force_torque_sensor_broadcaster/lib:/home/khaledob/bookros2_ws/install/diff_drive_controller/lib:/home/khaledob/bookros2_ws/install/groot/lib:/home/khaledob/bookros2_ws/install/br2_vff_avoidance/lib:/home/khaledob/bookros2_ws/install/br2_tracking/lib:/home/khaledob/bookros2_ws/install/br2_tracking_msgs/lib:/home/khaledob/bookros2_ws/install/br2_tf2_detector/lib:/home/khaledob/bookros2_ws/install/br2_bt_patrolling/lib:/home/khaledob/bookros2_ws/install/br2_bt_bumpgo/lib:/usr/lib/x86_64-linux-gnu/gazebo-11/plugins:/opt/ros/foxy/opt/yaml_cpp_vendor/lib:/opt/ros/foxy/opt/rviz_ogre_vendor/lib:/opt/ros/foxy/lib/x86_64-linux-gnu:/opt/ros/foxy/lib PYTHONPATH=/home/khaledob/bookros2_ws/install/controller_manager/lib/python3.8/site-packages:/home/khaledob/bookros2_ws/install/controller_manager_msgs/lib/python3.8/site-packages:/home/khaledob/bookros2_ws/install/urdf_test/lib/python3.8/site-packages:/home/khaledob/bookros2_ws/install/tiago_description/lib/python3.8/site-packages:/home/khaledob/bookros2_ws/build/ros2controlcli:/home/khaledob/bookros2_ws/install/ros2controlcli/lib/python3.8/site-packages:/home/khaledob/bookros2_ws/install/pmb2_description/lib/python3.8/site-packages:/home/khaledob/bookros2_ws/build/launch_pal:/home/khaledob/bookros2_ws/install/launch_pal/lib/python3.8/site-packages:/home/khaledob/bookros2_ws/install/br2_tracking_msgs/lib/python3.8/site-packages:/home/khaledob/bookros2_ws/build/br2_fsm_bumpgo_py:/home/khaledob/bookros2_ws/install/br2_fsm_bumpgo_py/lib/python3.8/site-packages:/opt/ros/foxy/lib/python3.8/site-packages /usr/bin/cmake --build /home/khaledob/bookros2_ws/build/forward_command_controller -- -j7 -l7
[16.891s] DEBUG:colcon.colcon_core.event_handler.log_command:Invoked command in '/home/khaledob/bookros2_ws/build/br2_tracking' returned '0': CMAKE_PREFIX_PATH=/home/khaledob/bookros2_ws/install/br2_tracking_msgs:/home/khaledob/bookros2_ws/install/task2b:/home/khaledob/bookros2_ws/install/task2a:/home/khaledob/bookros2_ws/install/gazebo_ros2_control_demos:/home/khaledob/bookros2_ws/install/ros2_controllers:/home/khaledob/bookros2_ws/install/velocity_controllers:/home/khaledob/bookros2_ws/install/urdf_test:/home/khaledob/bookros2_ws/install/tiago_simulation:/home/khaledob/bookros2_ws/install/tiago_robot:/home/khaledob/bookros2_ws/install/tiago_2dnav_gazebo:/home/khaledob/bookros2_ws/install/tiago_gazebo:/home/khaledob/bookros2_ws/install/tiago_bringup:/home/khaledob/bookros2_ws/install/pmb2_robot:/home/khaledob/bookros2_ws/install/pmb2_bringup:/home/khaledob/bookros2_ws/install/twist_mux:/home/khaledob/bookros2_ws/install/transmission_interface:/home/khaledob/bookros2_ws/install/tiago_description:/home/khaledob/bookros2_ws/install/tiago_description_calibration:/home/khaledob/bookros2_ws/install/tiago_controller_configuration:/home/khaledob/bookros2_ws/install/task1:/home/khaledob/bookros2_ws/install/ros2_control:/home/khaledob/bookros2_ws/install/ros2_control_test_assets:/home/khaledob/bookros2_ws/install/pal_gripper:/home/khaledob/bookros2_ws/install/pal_gripper_controller_configuration:/home/khaledob/bookros2_ws/install/position_controllers:/home/khaledob/bookros2_ws/install/pmb2_navigation:/home/khaledob/bookros2_ws/install/pmb2_2dnav:/home/khaledob/bookros2_ws/install/pmb2_maps:/home/khaledob/bookros2_ws/install/pmb2_description:/home/khaledob/bookros2_ws/install/pmb2_controller_configuration:/home/khaledob/bookros2_ws/install/pal_gripper_description:/home/khaledob/bookros2_ws/install/pal_gazebo_worlds:/home/khaledob/bookros2_ws/install/joint_trajectory_controller:/home/khaledob/bookros2_ws/install/joint_state_controller:/home/khaledob/bookros2_ws/install/joint_state_broadcaster:/home/khaledob/bookros2_ws/install/imu_sensor_broadcaster:/home/khaledob/bookros2_ws/install/hey5_description:/home/khaledob/bookros2_ws/install/gripper_controllers:/home/khaledob/bookros2_ws/install/gazebo_ros2_control:/home/khaledob/bookros2_ws/install/effort_controllers:/home/khaledob/bookros2_ws/install/forward_command_controller:/home/khaledob/bookros2_ws/install/force_torque_sensor_broadcaster:/home/khaledob/bookros2_ws/install/diff_drive_controller:/home/khaledob/bookros2_ws/install/controller_manager:/home/khaledob/bookros2_ws/install/controller_interface:/home/khaledob/bookros2_ws/install/hardware_interface:/home/khaledob/bookros2_ws/install/groot:/home/khaledob/bookros2_ws/install/controller_manager_msgs:/home/khaledob/bookros2_ws/install/br2_vff_avoidance:/home/khaledob/bookros2_ws/install/br2_tracking:/home/khaledob/bookros2_ws/install/br2_tiago:/home/khaledob/bookros2_ws/install/br2_tf2_detector:/home/khaledob/bookros2_ws/install/br2_navigation:/home/khaledob/bookros2_ws/install/br2_fsm_bumpgo_cpp:/home/khaledob/bookros2_ws/install/br2_bt_patrolling:/home/khaledob/bookros2_ws/install/br2_bt_bumpgo:/home/khaledob/bookros2_ws/install/br2_basics:/home/khaledob/bookros2_ws/install/ros2controlcli:/home/khaledob/bookros2_ws/install/launch_pal:/home/khaledob/bookros2_ws/install/br2_fsm_bumpgo_py:/opt/ros/foxy LD_LIBRARY_PATH=/home/khaledob/bookros2_ws/install/br2_tracking_msgs/lib:/home/khaledob/bookros2_ws/install/velocity_controllers/lib:/home/khaledob/bookros2_ws/install/position_controllers/lib:/home/khaledob/bookros2_ws/install/joint_trajectory_controller/lib:/home/khaledob/bookros2_ws/install/joint_state_controller/lib:/home/khaledob/bookros2_ws/install/joint_state_broadcaster/lib:/home/khaledob/bookros2_ws/install/imu_sensor_broadcaster/lib:/home/khaledob/bookros2_ws/install/gripper_controllers/lib:/home/khaledob/bookros2_ws/install/gazebo_ros2_control/lib:/home/khaledob/bookros2_ws/install/effort_controllers/lib:/home/khaledob/bookros2_ws/install/forward_command_controller/lib:/home/khaledob/bookros2_ws/install/force_torque_sensor_broadcaster/lib:/home/khaledob/bookros2_ws/install/diff_drive_controller/lib:/home/khaledob/bookros2_ws/install/controller_manager/lib:/home/khaledob/bookros2_ws/install/controller_interface/lib:/home/khaledob/bookros2_ws/install/hardware_interface/lib:/home/khaledob/bookros2_ws/install/groot/lib:/home/khaledob/bookros2_ws/install/controller_manager_msgs/lib:/home/khaledob/bookros2_ws/install/br2_vff_avoidance/lib:/home/khaledob/bookros2_ws/install/br2_tracking/lib:/home/khaledob/bookros2_ws/install/br2_tf2_detector/lib:/home/khaledob/bookros2_ws/install/br2_bt_patrolling/lib:/home/khaledob/bookros2_ws/install/br2_bt_bumpgo/lib:/usr/lib/x86_64-linux-gnu/gazebo-11/plugins:/opt/ros/foxy/opt/yaml_cpp_vendor/lib:/opt/ros/foxy/opt/rviz_ogre_vendor/lib:/opt/ros/foxy/lib/x86_64-linux-gnu:/opt/ros/foxy/lib PYTHONPATH=/home/khaledob/bookros2_ws/install/br2_tracking_msgs/lib/python3.8/site-packages:/home/khaledob/bookros2_ws/install/urdf_test/lib/python3.8/site-packages:/home/khaledob/bookros2_ws/install/tiago_description/lib/python3.8/site-packages:/home/khaledob/bookros2_ws/build/ros2controlcli:/home/khaledob/bookros2_ws/install/ros2controlcli/lib/python3.8/site-packages:/home/khaledob/bookros2_ws/install/pmb2_description/lib/python3.8/site-packages:/home/khaledob/bookros2_ws/build/launch_pal:/home/khaledob/bookros2_ws/install/launch_pal/lib/python3.8/site-packages:/home/khaledob/bookros2_ws/install/controller_manager/lib/python3.8/site-packages:/home/khaledob/bookros2_ws/install/controller_manager_msgs/lib/python3.8/site-packages:/home/khaledob/bookros2_ws/build/br2_fsm_bumpgo_py:/home/khaledob/bookros2_ws/install/br2_fsm_bumpgo_py/lib/python3.8/site-packages:/opt/ros/foxy/lib/python3.8/site-packages /usr/bin/cmake --build /home/khaledob/bookros2_ws/build/br2_tracking -- -j7 -l7
[16.936s] DEBUG:colcon.colcon_core.event_handler.log_command:Invoking command in '/home/khaledob/bookros2_ws/build/br2_tracking': CMAKE_PREFIX_PATH=/home/khaledob/bookros2_ws/install/br2_tracking_msgs:/home/khaledob/bookros2_ws/install/task2b:/home/khaledob/bookros2_ws/install/task2a:/home/khaledob/bookros2_ws/install/gazebo_ros2_control_demos:/home/khaledob/bookros2_ws/install/ros2_controllers:/home/khaledob/bookros2_ws/install/velocity_controllers:/home/khaledob/bookros2_ws/install/urdf_test:/home/khaledob/bookros2_ws/install/tiago_simulation:/home/khaledob/bookros2_ws/install/tiago_robot:/home/khaledob/bookros2_ws/install/tiago_2dnav_gazebo:/home/khaledob/bookros2_ws/install/tiago_gazebo:/home/khaledob/bookros2_ws/install/tiago_bringup:/home/khaledob/bookros2_ws/install/pmb2_robot:/home/khaledob/bookros2_ws/install/pmb2_bringup:/home/khaledob/bookros2_ws/install/twist_mux:/home/khaledob/bookros2_ws/install/transmission_interface:/home/khaledob/bookros2_ws/install/tiago_description:/home/khaledob/bookros2_ws/install/tiago_description_calibration:/home/khaledob/bookros2_ws/install/tiago_controller_configuration:/home/khaledob/bookros2_ws/install/task1:/home/khaledob/bookros2_ws/install/ros2_control:/home/khaledob/bookros2_ws/install/ros2_control_test_assets:/home/khaledob/bookros2_ws/install/pal_gripper:/home/khaledob/bookros2_ws/install/pal_gripper_controller_configuration:/home/khaledob/bookros2_ws/install/position_controllers:/home/khaledob/bookros2_ws/install/pmb2_navigation:/home/khaledob/bookros2_ws/install/pmb2_2dnav:/home/khaledob/bookros2_ws/install/pmb2_maps:/home/khaledob/bookros2_ws/install/pmb2_description:/home/khaledob/bookros2_ws/install/pmb2_controller_configuration:/home/khaledob/bookros2_ws/install/pal_gripper_description:/home/khaledob/bookros2_ws/install/pal_gazebo_worlds:/home/khaledob/bookros2_ws/install/joint_trajectory_controller:/home/khaledob/bookros2_ws/install/joint_state_controller:/home/khaledob/bookros2_ws/install/joint_state_broadcaster:/home/khaledob/bookros2_ws/install/imu_sensor_broadcaster:/home/khaledob/bookros2_ws/install/hey5_description:/home/khaledob/bookros2_ws/install/gripper_controllers:/home/khaledob/bookros2_ws/install/gazebo_ros2_control:/home/khaledob/bookros2_ws/install/effort_controllers:/home/khaledob/bookros2_ws/install/forward_command_controller:/home/khaledob/bookros2_ws/install/force_torque_sensor_broadcaster:/home/khaledob/bookros2_ws/install/diff_drive_controller:/home/khaledob/bookros2_ws/install/controller_manager:/home/khaledob/bookros2_ws/install/controller_interface:/home/khaledob/bookros2_ws/install/hardware_interface:/home/khaledob/bookros2_ws/install/groot:/home/khaledob/bookros2_ws/install/controller_manager_msgs:/home/khaledob/bookros2_ws/install/br2_vff_avoidance:/home/khaledob/bookros2_ws/install/br2_tracking:/home/khaledob/bookros2_ws/install/br2_tiago:/home/khaledob/bookros2_ws/install/br2_tf2_detector:/home/khaledob/bookros2_ws/install/br2_navigation:/home/khaledob/bookros2_ws/install/br2_fsm_bumpgo_cpp:/home/khaledob/bookros2_ws/install/br2_bt_patrolling:/home/khaledob/bookros2_ws/install/br2_bt_bumpgo:/home/khaledob/bookros2_ws/install/br2_basics:/home/khaledob/bookros2_ws/install/ros2controlcli:/home/khaledob/bookros2_ws/install/launch_pal:/home/khaledob/bookros2_ws/install/br2_fsm_bumpgo_py:/opt/ros/foxy LD_LIBRARY_PATH=/home/khaledob/bookros2_ws/install/br2_tracking_msgs/lib:/home/khaledob/bookros2_ws/install/velocity_controllers/lib:/home/khaledob/bookros2_ws/install/position_controllers/lib:/home/khaledob/bookros2_ws/install/joint_trajectory_controller/lib:/home/khaledob/bookros2_ws/install/joint_state_controller/lib:/home/khaledob/bookros2_ws/install/joint_state_broadcaster/lib:/home/khaledob/bookros2_ws/install/imu_sensor_broadcaster/lib:/home/khaledob/bookros2_ws/install/gripper_controllers/lib:/home/khaledob/bookros2_ws/install/gazebo_ros2_control/lib:/home/khaledob/bookros2_ws/install/effort_controllers/lib:/home/khaledob/bookros2_ws/install/forward_command_controller/lib:/home/khaledob/bookros2_ws/install/force_torque_sensor_broadcaster/lib:/home/khaledob/bookros2_ws/install/diff_drive_controller/lib:/home/khaledob/bookros2_ws/install/controller_manager/lib:/home/khaledob/bookros2_ws/install/controller_interface/lib:/home/khaledob/bookros2_ws/install/hardware_interface/lib:/home/khaledob/bookros2_ws/install/groot/lib:/home/khaledob/bookros2_ws/install/controller_manager_msgs/lib:/home/khaledob/bookros2_ws/install/br2_vff_avoidance/lib:/home/khaledob/bookros2_ws/install/br2_tracking/lib:/home/khaledob/bookros2_ws/install/br2_tf2_detector/lib:/home/khaledob/bookros2_ws/install/br2_bt_patrolling/lib:/home/khaledob/bookros2_ws/install/br2_bt_bumpgo/lib:/usr/lib/x86_64-linux-gnu/gazebo-11/plugins:/opt/ros/foxy/opt/yaml_cpp_vendor/lib:/opt/ros/foxy/opt/rviz_ogre_vendor/lib:/opt/ros/foxy/lib/x86_64-linux-gnu:/opt/ros/foxy/lib PYTHONPATH=/home/khaledob/bookros2_ws/install/br2_tracking_msgs/lib/python3.8/site-packages:/home/khaledob/bookros2_ws/install/urdf_test/lib/python3.8/site-packages:/home/khaledob/bookros2_ws/install/tiago_description/lib/python3.8/site-packages:/home/khaledob/bookros2_ws/build/ros2controlcli:/home/khaledob/bookros2_ws/install/ros2controlcli/lib/python3.8/site-packages:/home/khaledob/bookros2_ws/install/pmb2_description/lib/python3.8/site-packages:/home/khaledob/bookros2_ws/build/launch_pal:/home/khaledob/bookros2_ws/install/launch_pal/lib/python3.8/site-packages:/home/khaledob/bookros2_ws/install/controller_manager/lib/python3.8/site-packages:/home/khaledob/bookros2_ws/install/controller_manager_msgs/lib/python3.8/site-packages:/home/khaledob/bookros2_ws/build/br2_fsm_bumpgo_py:/home/khaledob/bookros2_ws/install/br2_fsm_bumpgo_py/lib/python3.8/site-packages:/opt/ros/foxy/lib/python3.8/site-packages /usr/bin/cmake --install /home/khaledob/bookros2_ws/build/br2_tracking
[17.054s] DEBUG:colcon.colcon_core.event_handler.log_command:Invoking command in '/home/khaledob/bookros2_ws/build/diff_drive_controller': CMAKE_PREFIX_PATH=/home/khaledob/bookros2_ws/install/controller_manager:/home/khaledob/bookros2_ws/install/controller_interface:/home/khaledob/bookros2_ws/install/hardware_interface:/home/khaledob/bookros2_ws/install/ros2_control_test_assets:/home/khaledob/bookros2_ws/install/controller_manager_msgs:/home/khaledob/bookros2_ws/install/task2b:/home/khaledob/bookros2_ws/install/task2a:/home/khaledob/bookros2_ws/install/gazebo_ros2_control_demos:/home/khaledob/bookros2_ws/install/ros2_controllers:/home/khaledob/bookros2_ws/install/velocity_controllers:/home/khaledob/bookros2_ws/install/urdf_test:/home/khaledob/bookros2_ws/install/tiago_simulation:/home/khaledob/bookros2_ws/install/tiago_robot:/home/khaledob/bookros2_ws/install/tiago_2dnav_gazebo:/home/khaledob/bookros2_ws/install/tiago_gazebo:/home/khaledob/bookros2_ws/install/tiago_bringup:/home/khaledob/bookros2_ws/install/pmb2_robot:/home/khaledob/bookros2_ws/install/pmb2_bringup:/home/khaledob/bookros2_ws/install/twist_mux:/home/khaledob/bookros2_ws/install/transmission_interface:/home/khaledob/bookros2_ws/install/tiago_description:/home/khaledob/bookros2_ws/install/tiago_description_calibration:/home/khaledob/bookros2_ws/install/tiago_controller_configuration:/home/khaledob/bookros2_ws/install/task1:/home/khaledob/bookros2_ws/install/ros2_control:/home/khaledob/bookros2_ws/install/pal_gripper:/home/khaledob/bookros2_ws/install/pal_gripper_controller_configuration:/home/khaledob/bookros2_ws/install/position_controllers:/home/khaledob/bookros2_ws/install/pmb2_navigation:/home/khaledob/bookros2_ws/install/pmb2_2dnav:/home/khaledob/bookros2_ws/install/pmb2_maps:/home/khaledob/bookros2_ws/install/pmb2_description:/home/khaledob/bookros2_ws/install/pmb2_controller_configuration:/home/khaledob/bookros2_ws/install/pal_gripper_description:/home/khaledob/bookros2_ws/install/pal_gazebo_worlds:/home/khaledob/bookros2_ws/install/joint_trajectory_controller:/home/khaledob/bookros2_ws/install/joint_state_controller:/home/khaledob/bookros2_ws/install/joint_state_broadcaster:/home/khaledob/bookros2_ws/install/imu_sensor_broadcaster:/home/khaledob/bookros2_ws/install/hey5_description:/home/khaledob/bookros2_ws/install/gripper_controllers:/home/khaledob/bookros2_ws/install/gazebo_ros2_control:/home/khaledob/bookros2_ws/install/effort_controllers:/home/khaledob/bookros2_ws/install/forward_command_controller:/home/khaledob/bookros2_ws/install/force_torque_sensor_broadcaster:/home/khaledob/bookros2_ws/install/diff_drive_controller:/home/khaledob/bookros2_ws/install/groot:/home/khaledob/bookros2_ws/install/br2_vff_avoidance:/home/khaledob/bookros2_ws/install/br2_tracking:/home/khaledob/bookros2_ws/install/br2_tracking_msgs:/home/khaledob/bookros2_ws/install/br2_tiago:/home/khaledob/bookros2_ws/install/br2_tf2_detector:/home/khaledob/bookros2_ws/install/br2_navigation:/home/khaledob/bookros2_ws/install/br2_fsm_bumpgo_cpp:/home/khaledob/bookros2_ws/install/br2_bt_patrolling:/home/khaledob/bookros2_ws/install/br2_bt_bumpgo:/home/khaledob/bookros2_ws/install/br2_basics:/home/khaledob/bookros2_ws/install/ros2controlcli:/home/khaledob/bookros2_ws/install/launch_pal:/home/khaledob/bookros2_ws/install/br2_fsm_bumpgo_py:/opt/ros/foxy LD_LIBRARY_PATH=/home/khaledob/bookros2_ws/install/controller_manager/lib:/home/khaledob/bookros2_ws/install/controller_interface/lib:/home/khaledob/bookros2_ws/install/hardware_interface/lib:/home/khaledob/bookros2_ws/install/controller_manager_msgs/lib:/home/khaledob/bookros2_ws/install/velocity_controllers/lib:/home/khaledob/bookros2_ws/install/position_controllers/lib:/home/khaledob/bookros2_ws/install/joint_trajectory_controller/lib:/home/khaledob/bookros2_ws/install/joint_state_controller/lib:/home/khaledob/bookros2_ws/install/joint_state_broadcaster/lib:/home/khaledob/bookros2_ws/install/imu_sensor_broadcaster/lib:/home/khaledob/bookros2_ws/install/gripper_controllers/lib:/home/khaledob/bookros2_ws/install/gazebo_ros2_control/lib:/home/khaledob/bookros2_ws/install/effort_controllers/lib:/home/khaledob/bookros2_ws/install/forward_command_controller/lib:/home/khaledob/bookros2_ws/install/force_torque_sensor_broadcaster/lib:/home/khaledob/bookros2_ws/install/diff_drive_controller/lib:/home/khaledob/bookros2_ws/install/groot/lib:/home/khaledob/bookros2_ws/install/br2_vff_avoidance/lib:/home/khaledob/bookros2_ws/install/br2_tracking/lib:/home/khaledob/bookros2_ws/install/br2_tracking_msgs/lib:/home/khaledob/bookros2_ws/install/br2_tf2_detector/lib:/home/khaledob/bookros2_ws/install/br2_bt_patrolling/lib:/home/khaledob/bookros2_ws/install/br2_bt_bumpgo/lib:/usr/lib/x86_64-linux-gnu/gazebo-11/plugins:/opt/ros/foxy/opt/yaml_cpp_vendor/lib:/opt/ros/foxy/opt/rviz_ogre_vendor/lib:/opt/ros/foxy/lib/x86_64-linux-gnu:/opt/ros/foxy/lib PYTHONPATH=/home/khaledob/bookros2_ws/install/controller_manager/lib/python3.8/site-packages:/home/khaledob/bookros2_ws/install/controller_manager_msgs/lib/python3.8/site-packages:/home/khaledob/bookros2_ws/install/urdf_test/lib/python3.8/site-packages:/home/khaledob/bookros2_ws/install/tiago_description/lib/python3.8/site-packages:/home/khaledob/bookros2_ws/build/ros2controlcli:/home/khaledob/bookros2_ws/install/ros2controlcli/lib/python3.8/site-packages:/home/khaledob/bookros2_ws/install/pmb2_description/lib/python3.8/site-packages:/home/khaledob/bookros2_ws/build/launch_pal:/home/khaledob/bookros2_ws/install/launch_pal/lib/python3.8/site-packages:/home/khaledob/bookros2_ws/install/br2_tracking_msgs/lib/python3.8/site-packages:/home/khaledob/bookros2_ws/build/br2_fsm_bumpgo_py:/home/khaledob/bookros2_ws/install/br2_fsm_bumpgo_py/lib/python3.8/site-packages:/opt/ros/foxy/lib/python3.8/site-packages /usr/bin/cmake --build /home/khaledob/bookros2_ws/build/diff_drive_controller -- -j7 -l7
[17.075s] Level 1:colcon.colcon_core.environment:create_environment_scripts_only(groot)
[17.107s] DEBUG:colcon.colcon_core.event_handler.log_command:Invoking command in '/home/khaledob/bookros2_ws/build/joint_state_broadcaster': CMAKE_PREFIX_PATH=/home/khaledob/bookros2_ws/install/controller_manager:/home/khaledob/bookros2_ws/install/controller_interface:/home/khaledob/bookros2_ws/install/hardware_interface:/home/khaledob/bookros2_ws/install/ros2_control_test_assets:/home/khaledob/bookros2_ws/install/controller_manager_msgs:/home/khaledob/bookros2_ws/install/task2b:/home/khaledob/bookros2_ws/install/task2a:/home/khaledob/bookros2_ws/install/gazebo_ros2_control_demos:/home/khaledob/bookros2_ws/install/ros2_controllers:/home/khaledob/bookros2_ws/install/velocity_controllers:/home/khaledob/bookros2_ws/install/urdf_test:/home/khaledob/bookros2_ws/install/tiago_simulation:/home/khaledob/bookros2_ws/install/tiago_robot:/home/khaledob/bookros2_ws/install/tiago_2dnav_gazebo:/home/khaledob/bookros2_ws/install/tiago_gazebo:/home/khaledob/bookros2_ws/install/tiago_bringup:/home/khaledob/bookros2_ws/install/pmb2_robot:/home/khaledob/bookros2_ws/install/pmb2_bringup:/home/khaledob/bookros2_ws/install/twist_mux:/home/khaledob/bookros2_ws/install/transmission_interface:/home/khaledob/bookros2_ws/install/tiago_description:/home/khaledob/bookros2_ws/install/tiago_description_calibration:/home/khaledob/bookros2_ws/install/tiago_controller_configuration:/home/khaledob/bookros2_ws/install/task1:/home/khaledob/bookros2_ws/install/ros2_control:/home/khaledob/bookros2_ws/install/pal_gripper:/home/khaledob/bookros2_ws/install/pal_gripper_controller_configuration:/home/khaledob/bookros2_ws/install/position_controllers:/home/khaledob/bookros2_ws/install/pmb2_navigation:/home/khaledob/bookros2_ws/install/pmb2_2dnav:/home/khaledob/bookros2_ws/install/pmb2_maps:/home/khaledob/bookros2_ws/install/pmb2_description:/home/khaledob/bookros2_ws/install/pmb2_controller_configuration:/home/khaledob/bookros2_ws/install/pal_gripper_description:/home/khaledob/bookros2_ws/install/pal_gazebo_worlds:/home/khaledob/bookros2_ws/install/joint_trajectory_controller:/home/khaledob/bookros2_ws/install/joint_state_controller:/home/khaledob/bookros2_ws/install/joint_state_broadcaster:/home/khaledob/bookros2_ws/install/imu_sensor_broadcaster:/home/khaledob/bookros2_ws/install/hey5_description:/home/khaledob/bookros2_ws/install/gripper_controllers:/home/khaledob/bookros2_ws/install/gazebo_ros2_control:/home/khaledob/bookros2_ws/install/effort_controllers:/home/khaledob/bookros2_ws/install/forward_command_controller:/home/khaledob/bookros2_ws/install/force_torque_sensor_broadcaster:/home/khaledob/bookros2_ws/install/diff_drive_controller:/home/khaledob/bookros2_ws/install/groot:/home/khaledob/bookros2_ws/install/br2_vff_avoidance:/home/khaledob/bookros2_ws/install/br2_tracking:/home/khaledob/bookros2_ws/install/br2_tracking_msgs:/home/khaledob/bookros2_ws/install/br2_tiago:/home/khaledob/bookros2_ws/install/br2_tf2_detector:/home/khaledob/bookros2_ws/install/br2_navigation:/home/khaledob/bookros2_ws/install/br2_fsm_bumpgo_cpp:/home/khaledob/bookros2_ws/install/br2_bt_patrolling:/home/khaledob/bookros2_ws/install/br2_bt_bumpgo:/home/khaledob/bookros2_ws/install/br2_basics:/home/khaledob/bookros2_ws/install/ros2controlcli:/home/khaledob/bookros2_ws/install/launch_pal:/home/khaledob/bookros2_ws/install/br2_fsm_bumpgo_py:/opt/ros/foxy LD_LIBRARY_PATH=/home/khaledob/bookros2_ws/install/controller_manager/lib:/home/khaledob/bookros2_ws/install/controller_interface/lib:/home/khaledob/bookros2_ws/install/hardware_interface/lib:/home/khaledob/bookros2_ws/install/controller_manager_msgs/lib:/home/khaledob/bookros2_ws/install/velocity_controllers/lib:/home/khaledob/bookros2_ws/install/position_controllers/lib:/home/khaledob/bookros2_ws/install/joint_trajectory_controller/lib:/home/khaledob/bookros2_ws/install/joint_state_controller/lib:/home/khaledob/bookros2_ws/install/joint_state_broadcaster/lib:/home/khaledob/bookros2_ws/install/imu_sensor_broadcaster/lib:/home/khaledob/bookros2_ws/install/gripper_controllers/lib:/home/khaledob/bookros2_ws/install/gazebo_ros2_control/lib:/home/khaledob/bookros2_ws/install/effort_controllers/lib:/home/khaledob/bookros2_ws/install/forward_command_controller/lib:/home/khaledob/bookros2_ws/install/force_torque_sensor_broadcaster/lib:/home/khaledob/bookros2_ws/install/diff_drive_controller/lib:/home/khaledob/bookros2_ws/install/groot/lib:/home/khaledob/bookros2_ws/install/br2_vff_avoidance/lib:/home/khaledob/bookros2_ws/install/br2_tracking/lib:/home/khaledob/bookros2_ws/install/br2_tracking_msgs/lib:/home/khaledob/bookros2_ws/install/br2_tf2_detector/lib:/home/khaledob/bookros2_ws/install/br2_bt_patrolling/lib:/home/khaledob/bookros2_ws/install/br2_bt_bumpgo/lib:/usr/lib/x86_64-linux-gnu/gazebo-11/plugins:/opt/ros/foxy/opt/yaml_cpp_vendor/lib:/opt/ros/foxy/opt/rviz_ogre_vendor/lib:/opt/ros/foxy/lib/x86_64-linux-gnu:/opt/ros/foxy/lib PYTHONPATH=/home/khaledob/bookros2_ws/install/controller_manager/lib/python3.8/site-packages:/home/khaledob/bookros2_ws/install/controller_manager_msgs/lib/python3.8/site-packages:/home/khaledob/bookros2_ws/install/urdf_test/lib/python3.8/site-packages:/home/khaledob/bookros2_ws/install/tiago_description/lib/python3.8/site-packages:/home/khaledob/bookros2_ws/build/ros2controlcli:/home/khaledob/bookros2_ws/install/ros2controlcli/lib/python3.8/site-packages:/home/khaledob/bookros2_ws/install/pmb2_description/lib/python3.8/site-packages:/home/khaledob/bookros2_ws/build/launch_pal:/home/khaledob/bookros2_ws/install/launch_pal/lib/python3.8/site-packages:/home/khaledob/bookros2_ws/install/br2_tracking_msgs/lib/python3.8/site-packages:/home/khaledob/bookros2_ws/build/br2_fsm_bumpgo_py:/home/khaledob/bookros2_ws/install/br2_fsm_bumpgo_py/lib/python3.8/site-packages:/opt/ros/foxy/lib/python3.8/site-packages /usr/bin/cmake --build /home/khaledob/bookros2_ws/build/joint_state_broadcaster -- -j7 -l7
[17.108s] DEBUG:colcon.colcon_core.event_handler.log_command:Invoked command in '/home/khaledob/bookros2_ws/build/groot' returned '0': CMAKE_PREFIX_PATH=${CMAKE_PREFIX_PATH}:/home/khaledob/bookros2_ws/install/ros2controlcli:/home/khaledob/bookros2_ws/install/launch_pal:/home/khaledob/bookros2_ws/install/br2_fsm_bumpgo_py:/opt/ros/foxy /usr/bin/cmake --install /home/khaledob/bookros2_ws/build/groot
[17.116s] Level 1:colcon.colcon_core.environment:checking '/home/khaledob/bookros2_ws/install/groot' for CMake module files
[17.117s] Level 1:colcon.colcon_core.environment:checking '/home/khaledob/bookros2_ws/install/groot' for CMake config files
[17.118s] Level 1:colcon.colcon_core.shell:create_environment_hook('groot', 'cmake_prefix_path')
[17.118s] INFO:colcon.colcon_core.shell:Creating environment hook '/home/khaledob/bookros2_ws/install/groot/share/groot/hook/cmake_prefix_path.ps1'
[17.120s] INFO:colcon.colcon_core.shell:Creating environment descriptor '/home/khaledob/bookros2_ws/install/groot/share/groot/hook/cmake_prefix_path.dsv'
[17.123s] INFO:colcon.colcon_core.shell:Creating environment hook '/home/khaledob/bookros2_ws/install/groot/share/groot/hook/cmake_prefix_path.sh'
[17.126s] Level 1:colcon.colcon_core.environment:checking '/home/khaledob/bookros2_ws/install/groot/lib'
[17.126s] Level 1:colcon.colcon_core.shell:create_environment_hook('groot', 'ld_library_path_lib')
[17.126s] INFO:colcon.colcon_core.shell:Creating environment hook '/home/khaledob/bookros2_ws/install/groot/share/groot/hook/ld_library_path_lib.ps1'
[17.135s] INFO:colcon.colcon_core.shell:Creating environment descriptor '/home/khaledob/bookros2_ws/install/groot/share/groot/hook/ld_library_path_lib.dsv'
[17.139s] INFO:colcon.colcon_core.shell:Creating environment hook '/home/khaledob/bookros2_ws/install/groot/share/groot/hook/ld_library_path_lib.sh'
[17.141s] Level 1:colcon.colcon_core.environment:checking '/home/khaledob/bookros2_ws/install/groot/bin'
[17.141s] Level 1:colcon.colcon_core.environment:checking '/home/khaledob/bookros2_ws/install/groot/lib/pkgconfig/groot.pc'
[17.142s] Level 1:colcon.colcon_core.environment:checking '/home/khaledob/bookros2_ws/install/groot/lib/python3.8/site-packages'
[17.142s] Level 1:colcon.colcon_core.environment:checking '/home/khaledob/bookros2_ws/install/groot/bin'
[17.143s] INFO:colcon.colcon_core.shell:Creating package script '/home/khaledob/bookros2_ws/install/groot/share/groot/package.ps1'
[17.144s] INFO:colcon.colcon_core.shell:Creating package descriptor '/home/khaledob/bookros2_ws/install/groot/share/groot/package.dsv'
[17.162s] INFO:colcon.colcon_core.shell:Creating package script '/home/khaledob/bookros2_ws/install/groot/share/groot/package.sh'
[17.165s] INFO:colcon.colcon_core.shell:Creating package script '/home/khaledob/bookros2_ws/install/groot/share/groot/package.bash'
[17.168s] INFO:colcon.colcon_core.shell:Creating package script '/home/khaledob/bookros2_ws/install/groot/share/groot/package.zsh'
[17.169s] Level 1:colcon.colcon_core.environment:create_file_with_runtime_dependencies(/home/khaledob/bookros2_ws/install/groot/share/colcon-core/packages/groot)
[17.172s] Level 1:colcon.colcon_core.environment:create_environment_scripts_only(groot)
[17.172s] Level 1:colcon.colcon_core.environment:checking '/home/khaledob/bookros2_ws/install/groot' for CMake module files
[17.173s] Level 1:colcon.colcon_core.environment:checking '/home/khaledob/bookros2_ws/install/groot' for CMake config files
[17.174s] Level 1:colcon.colcon_core.shell:create_environment_hook('groot', 'cmake_prefix_path')
[17.174s] INFO:colcon.colcon_core.shell:Creating environment hook '/home/khaledob/bookros2_ws/install/groot/share/groot/hook/cmake_prefix_path.ps1'
[17.175s] INFO:colcon.colcon_core.shell:Creating environment descriptor '/home/khaledob/bookros2_ws/install/groot/share/groot/hook/cmake_prefix_path.dsv'
[17.178s] INFO:colcon.colcon_core.shell:Creating environment hook '/home/khaledob/bookros2_ws/install/groot/share/groot/hook/cmake_prefix_path.sh'
[17.195s] Level 1:colcon.colcon_core.environment:checking '/home/khaledob/bookros2_ws/install/groot/lib'
[17.197s] Level 1:colcon.colcon_core.shell:create_environment_hook('groot', 'ld_library_path_lib')
[17.199s] INFO:colcon.colcon_core.shell:Creating environment hook '/home/khaledob/bookros2_ws/install/groot/share/groot/hook/ld_library_path_lib.ps1'
[17.202s] INFO:colcon.colcon_core.shell:Creating environment descriptor '/home/khaledob/bookros2_ws/install/groot/share/groot/hook/ld_library_path_lib.dsv'
[17.204s] INFO:colcon.colcon_core.shell:Creating environment hook '/home/khaledob/bookros2_ws/install/groot/share/groot/hook/ld_library_path_lib.sh'
[17.207s] Level 1:colcon.colcon_core.environment:checking '/home/khaledob/bookros2_ws/install/groot/bin'
[17.207s] Level 1:colcon.colcon_core.environment:checking '/home/khaledob/bookros2_ws/install/groot/lib/pkgconfig/groot.pc'
[17.208s] Level 1:colcon.colcon_core.environment:checking '/home/khaledob/bookros2_ws/install/groot/lib/python3.8/site-packages'
[17.208s] Level 1:colcon.colcon_core.environment:checking '/home/khaledob/bookros2_ws/install/groot/bin'
[17.209s] INFO:colcon.colcon_core.shell:Creating package script '/home/khaledob/bookros2_ws/install/groot/share/groot/package.ps1'
[17.216s] INFO:colcon.colcon_core.shell:Creating package descriptor '/home/khaledob/bookros2_ws/install/groot/share/groot/package.dsv'
[17.227s] INFO:colcon.colcon_core.shell:Creating package script '/home/khaledob/bookros2_ws/install/groot/share/groot/package.sh'
[17.229s] INFO:colcon.colcon_core.shell:Creating package script '/home/khaledob/bookros2_ws/install/groot/share/groot/package.bash'
[17.232s] INFO:colcon.colcon_core.shell:Creating package script '/home/khaledob/bookros2_ws/install/groot/share/groot/package.zsh'
[17.236s] Level 1:colcon.colcon_core.environment:create_file_with_runtime_dependencies(/home/khaledob/bookros2_ws/install/groot/share/colcon-core/packages/groot)
[17.254s] DEBUG:colcon.colcon_core.event_handler.log_command:Invoked command in '/home/khaledob/bookros2_ws/build/transmission_interface' returned '0': CMAKE_PREFIX_PATH=/home/khaledob/bookros2_ws/install/hardware_interface:/home/khaledob/bookros2_ws/install/ros2_control_test_assets:/home/khaledob/bookros2_ws/install/task2b:/home/khaledob/bookros2_ws/install/task2a:/home/khaledob/bookros2_ws/install/gazebo_ros2_control_demos:/home/khaledob/bookros2_ws/install/ros2_controllers:/home/khaledob/bookros2_ws/install/velocity_controllers:/home/khaledob/bookros2_ws/install/urdf_test:/home/khaledob/bookros2_ws/install/tiago_simulation:/home/khaledob/bookros2_ws/install/tiago_robot:/home/khaledob/bookros2_ws/install/tiago_2dnav_gazebo:/home/khaledob/bookros2_ws/install/tiago_gazebo:/home/khaledob/bookros2_ws/install/tiago_bringup:/home/khaledob/bookros2_ws/install/pmb2_robot:/home/khaledob/bookros2_ws/install/pmb2_bringup:/home/khaledob/bookros2_ws/install/twist_mux:/home/khaledob/bookros2_ws/install/transmission_interface:/home/khaledob/bookros2_ws/install/tiago_description:/home/khaledob/bookros2_ws/install/tiago_description_calibration:/home/khaledob/bookros2_ws/install/tiago_controller_configuration:/home/khaledob/bookros2_ws/install/task1:/home/khaledob/bookros2_ws/install/ros2_control:/home/khaledob/bookros2_ws/install/pal_gripper:/home/khaledob/bookros2_ws/install/pal_gripper_controller_configuration:/home/khaledob/bookros2_ws/install/position_controllers:/home/khaledob/bookros2_ws/install/pmb2_navigation:/home/khaledob/bookros2_ws/install/pmb2_2dnav:/home/khaledob/bookros2_ws/install/pmb2_maps:/home/khaledob/bookros2_ws/install/pmb2_description:/home/khaledob/bookros2_ws/install/pmb2_controller_configuration:/home/khaledob/bookros2_ws/install/pal_gripper_description:/home/khaledob/bookros2_ws/install/pal_gazebo_worlds:/home/khaledob/bookros2_ws/install/joint_trajectory_controller:/home/khaledob/bookros2_ws/install/joint_state_controller:/home/khaledob/bookros2_ws/install/joint_state_broadcaster:/home/khaledob/bookros2_ws/install/imu_sensor_broadcaster:/home/khaledob/bookros2_ws/install/hey5_description:/home/khaledob/bookros2_ws/install/gripper_controllers:/home/khaledob/bookros2_ws/install/gazebo_ros2_control:/home/khaledob/bookros2_ws/install/effort_controllers:/home/khaledob/bookros2_ws/install/forward_command_controller:/home/khaledob/bookros2_ws/install/force_torque_sensor_broadcaster:/home/khaledob/bookros2_ws/install/diff_drive_controller:/home/khaledob/bookros2_ws/install/controller_manager:/home/khaledob/bookros2_ws/install/controller_interface:/home/khaledob/bookros2_ws/install/groot:/home/khaledob/bookros2_ws/install/controller_manager_msgs:/home/khaledob/bookros2_ws/install/br2_vff_avoidance:/home/khaledob/bookros2_ws/install/br2_tracking:/home/khaledob/bookros2_ws/install/br2_tracking_msgs:/home/khaledob/bookros2_ws/install/br2_tiago:/home/khaledob/bookros2_ws/install/br2_tf2_detector:/home/khaledob/bookros2_ws/install/br2_navigation:/home/khaledob/bookros2_ws/install/br2_fsm_bumpgo_cpp:/home/khaledob/bookros2_ws/install/br2_bt_patrolling:/home/khaledob/bookros2_ws/install/br2_bt_bumpgo:/home/khaledob/bookros2_ws/install/br2_basics:/home/khaledob/bookros2_ws/install/ros2controlcli:/home/khaledob/bookros2_ws/install/launch_pal:/home/khaledob/bookros2_ws/install/br2_fsm_bumpgo_py:/opt/ros/foxy LD_LIBRARY_PATH=/home/khaledob/bookros2_ws/install/hardware_interface/lib:/home/khaledob/bookros2_ws/install/velocity_controllers/lib:/home/khaledob/bookros2_ws/install/position_controllers/lib:/home/khaledob/bookros2_ws/install/joint_trajectory_controller/lib:/home/khaledob/bookros2_ws/install/joint_state_controller/lib:/home/khaledob/bookros2_ws/install/joint_state_broadcaster/lib:/home/khaledob/bookros2_ws/install/imu_sensor_broadcaster/lib:/home/khaledob/bookros2_ws/install/gripper_controllers/lib:/home/khaledob/bookros2_ws/install/gazebo_ros2_control/lib:/home/khaledob/bookros2_ws/install/effort_controllers/lib:/home/khaledob/bookros2_ws/install/forward_command_controller/lib:/home/khaledob/bookros2_ws/install/force_torque_sensor_broadcaster/lib:/home/khaledob/bookros2_ws/install/diff_drive_controller/lib:/home/khaledob/bookros2_ws/install/controller_manager/lib:/home/khaledob/bookros2_ws/install/controller_interface/lib:/home/khaledob/bookros2_ws/install/groot/lib:/home/khaledob/bookros2_ws/install/controller_manager_msgs/lib:/home/khaledob/bookros2_ws/install/br2_vff_avoidance/lib:/home/khaledob/bookros2_ws/install/br2_tracking/lib:/home/khaledob/bookros2_ws/install/br2_tracking_msgs/lib:/home/khaledob/bookros2_ws/install/br2_tf2_detector/lib:/home/khaledob/bookros2_ws/install/br2_bt_patrolling/lib:/home/khaledob/bookros2_ws/install/br2_bt_bumpgo/lib:/usr/lib/x86_64-linux-gnu/gazebo-11/plugins:/opt/ros/foxy/opt/yaml_cpp_vendor/lib:/opt/ros/foxy/opt/rviz_ogre_vendor/lib:/opt/ros/foxy/lib/x86_64-linux-gnu:/opt/ros/foxy/lib /usr/bin/cmake --build /home/khaledob/bookros2_ws/build/transmission_interface -- -j7 -l7
[17.259s] DEBUG:colcon.colcon_core.event_handler.log_command:Invoking command in '/home/khaledob/bookros2_ws/build/transmission_interface': CMAKE_PREFIX_PATH=/home/khaledob/bookros2_ws/install/hardware_interface:/home/khaledob/bookros2_ws/install/ros2_control_test_assets:/home/khaledob/bookros2_ws/install/task2b:/home/khaledob/bookros2_ws/install/task2a:/home/khaledob/bookros2_ws/install/gazebo_ros2_control_demos:/home/khaledob/bookros2_ws/install/ros2_controllers:/home/khaledob/bookros2_ws/install/velocity_controllers:/home/khaledob/bookros2_ws/install/urdf_test:/home/khaledob/bookros2_ws/install/tiago_simulation:/home/khaledob/bookros2_ws/install/tiago_robot:/home/khaledob/bookros2_ws/install/tiago_2dnav_gazebo:/home/khaledob/bookros2_ws/install/tiago_gazebo:/home/khaledob/bookros2_ws/install/tiago_bringup:/home/khaledob/bookros2_ws/install/pmb2_robot:/home/khaledob/bookros2_ws/install/pmb2_bringup:/home/khaledob/bookros2_ws/install/twist_mux:/home/khaledob/bookros2_ws/install/transmission_interface:/home/khaledob/bookros2_ws/install/tiago_description:/home/khaledob/bookros2_ws/install/tiago_description_calibration:/home/khaledob/bookros2_ws/install/tiago_controller_configuration:/home/khaledob/bookros2_ws/install/task1:/home/khaledob/bookros2_ws/install/ros2_control:/home/khaledob/bookros2_ws/install/pal_gripper:/home/khaledob/bookros2_ws/install/pal_gripper_controller_configuration:/home/khaledob/bookros2_ws/install/position_controllers:/home/khaledob/bookros2_ws/install/pmb2_navigation:/home/khaledob/bookros2_ws/install/pmb2_2dnav:/home/khaledob/bookros2_ws/install/pmb2_maps:/home/khaledob/bookros2_ws/install/pmb2_description:/home/khaledob/bookros2_ws/install/pmb2_controller_configuration:/home/khaledob/bookros2_ws/install/pal_gripper_description:/home/khaledob/bookros2_ws/install/pal_gazebo_worlds:/home/khaledob/bookros2_ws/install/joint_trajectory_controller:/home/khaledob/bookros2_ws/install/joint_state_controller:/home/khaledob/bookros2_ws/install/joint_state_broadcaster:/home/khaledob/bookros2_ws/install/imu_sensor_broadcaster:/home/khaledob/bookros2_ws/install/hey5_description:/home/khaledob/bookros2_ws/install/gripper_controllers:/home/khaledob/bookros2_ws/install/gazebo_ros2_control:/home/khaledob/bookros2_ws/install/effort_controllers:/home/khaledob/bookros2_ws/install/forward_command_controller:/home/khaledob/bookros2_ws/install/force_torque_sensor_broadcaster:/home/khaledob/bookros2_ws/install/diff_drive_controller:/home/khaledob/bookros2_ws/install/controller_manager:/home/khaledob/bookros2_ws/install/controller_interface:/home/khaledob/bookros2_ws/install/groot:/home/khaledob/bookros2_ws/install/controller_manager_msgs:/home/khaledob/bookros2_ws/install/br2_vff_avoidance:/home/khaledob/bookros2_ws/install/br2_tracking:/home/khaledob/bookros2_ws/install/br2_tracking_msgs:/home/khaledob/bookros2_ws/install/br2_tiago:/home/khaledob/bookros2_ws/install/br2_tf2_detector:/home/khaledob/bookros2_ws/install/br2_navigation:/home/khaledob/bookros2_ws/install/br2_fsm_bumpgo_cpp:/home/khaledob/bookros2_ws/install/br2_bt_patrolling:/home/khaledob/bookros2_ws/install/br2_bt_bumpgo:/home/khaledob/bookros2_ws/install/br2_basics:/home/khaledob/bookros2_ws/install/ros2controlcli:/home/khaledob/bookros2_ws/install/launch_pal:/home/khaledob/bookros2_ws/install/br2_fsm_bumpgo_py:/opt/ros/foxy LD_LIBRARY_PATH=/home/khaledob/bookros2_ws/install/hardware_interface/lib:/home/khaledob/bookros2_ws/install/velocity_controllers/lib:/home/khaledob/bookros2_ws/install/position_controllers/lib:/home/khaledob/bookros2_ws/install/joint_trajectory_controller/lib:/home/khaledob/bookros2_ws/install/joint_state_controller/lib:/home/khaledob/bookros2_ws/install/joint_state_broadcaster/lib:/home/khaledob/bookros2_ws/install/imu_sensor_broadcaster/lib:/home/khaledob/bookros2_ws/install/gripper_controllers/lib:/home/khaledob/bookros2_ws/install/gazebo_ros2_control/lib:/home/khaledob/bookros2_ws/install/effort_controllers/lib:/home/khaledob/bookros2_ws/install/forward_command_controller/lib:/home/khaledob/bookros2_ws/install/force_torque_sensor_broadcaster/lib:/home/khaledob/bookros2_ws/install/diff_drive_controller/lib:/home/khaledob/bookros2_ws/install/controller_manager/lib:/home/khaledob/bookros2_ws/install/controller_interface/lib:/home/khaledob/bookros2_ws/install/groot/lib:/home/khaledob/bookros2_ws/install/controller_manager_msgs/lib:/home/khaledob/bookros2_ws/install/br2_vff_avoidance/lib:/home/khaledob/bookros2_ws/install/br2_tracking/lib:/home/khaledob/bookros2_ws/install/br2_tracking_msgs/lib:/home/khaledob/bookros2_ws/install/br2_tf2_detector/lib:/home/khaledob/bookros2_ws/install/br2_bt_patrolling/lib:/home/khaledob/bookros2_ws/install/br2_bt_bumpgo/lib:/usr/lib/x86_64-linux-gnu/gazebo-11/plugins:/opt/ros/foxy/opt/yaml_cpp_vendor/lib:/opt/ros/foxy/opt/rviz_ogre_vendor/lib:/opt/ros/foxy/lib/x86_64-linux-gnu:/opt/ros/foxy/lib /usr/bin/cmake --install /home/khaledob/bookros2_ws/build/transmission_interface
[17.274s] INFO:colcon.colcon_ros.task.ament_cmake.build:Building ROS package in '/home/khaledob/bookros2_ws/src/ThirdParty/ros2_controllers/imu_sensor_broadcaster' with build type 'ament_cmake'
[17.280s] INFO:colcon.colcon_cmake.task.cmake.build:Building CMake package in '/home/khaledob/bookros2_ws/src/ThirdParty/ros2_controllers/imu_sensor_broadcaster'
[17.281s] INFO:colcon.colcon_core.shell:Skip shell extension 'powershell' for command environment: Not usable outside of PowerShell
[17.281s] DEBUG:colcon.colcon_core.shell:Skip shell extension 'dsv' for command environment
[17.459s] Level 1:colcon.colcon_core.environment:create_environment_scripts_only(br2_tracking)
[17.460s] Level 1:colcon.colcon_core.environment:checking '/home/khaledob/bookros2_ws/install/br2_tracking' for CMake module files
[17.481s] Level 1:colcon.colcon_core.environment:checking '/home/khaledob/bookros2_ws/install/br2_tracking' for CMake config files
[17.481s] Level 1:colcon.colcon_core.shell:create_environment_hook('br2_tracking', 'cmake_prefix_path')
[17.482s] INFO:colcon.colcon_core.shell:Creating environment hook '/home/khaledob/bookros2_ws/install/br2_tracking/share/br2_tracking/hook/cmake_prefix_path.ps1'
[17.489s] DEBUG:colcon.colcon_core.event_handler.log_command:Invoked command in '/home/khaledob/bookros2_ws/build/br2_tracking' returned '0': CMAKE_PREFIX_PATH=/home/khaledob/bookros2_ws/install/br2_tracking_msgs:/home/khaledob/bookros2_ws/install/task2b:/home/khaledob/bookros2_ws/install/task2a:/home/khaledob/bookros2_ws/install/gazebo_ros2_control_demos:/home/khaledob/bookros2_ws/install/ros2_controllers:/home/khaledob/bookros2_ws/install/velocity_controllers:/home/khaledob/bookros2_ws/install/urdf_test:/home/khaledob/bookros2_ws/install/tiago_simulation:/home/khaledob/bookros2_ws/install/tiago_robot:/home/khaledob/bookros2_ws/install/tiago_2dnav_gazebo:/home/khaledob/bookros2_ws/install/tiago_gazebo:/home/khaledob/bookros2_ws/install/tiago_bringup:/home/khaledob/bookros2_ws/install/pmb2_robot:/home/khaledob/bookros2_ws/install/pmb2_bringup:/home/khaledob/bookros2_ws/install/twist_mux:/home/khaledob/bookros2_ws/install/transmission_interface:/home/khaledob/bookros2_ws/install/tiago_description:/home/khaledob/bookros2_ws/install/tiago_description_calibration:/home/khaledob/bookros2_ws/install/tiago_controller_configuration:/home/khaledob/bookros2_ws/install/task1:/home/khaledob/bookros2_ws/install/ros2_control:/home/khaledob/bookros2_ws/install/ros2_control_test_assets:/home/khaledob/bookros2_ws/install/pal_gripper:/home/khaledob/bookros2_ws/install/pal_gripper_controller_configuration:/home/khaledob/bookros2_ws/install/position_controllers:/home/khaledob/bookros2_ws/install/pmb2_navigation:/home/khaledob/bookros2_ws/install/pmb2_2dnav:/home/khaledob/bookros2_ws/install/pmb2_maps:/home/khaledob/bookros2_ws/install/pmb2_description:/home/khaledob/bookros2_ws/install/pmb2_controller_configuration:/home/khaledob/bookros2_ws/install/pal_gripper_description:/home/khaledob/bookros2_ws/install/pal_gazebo_worlds:/home/khaledob/bookros2_ws/install/joint_trajectory_controller:/home/khaledob/bookros2_ws/install/joint_state_controller:/home/khaledob/bookros2_ws/install/joint_state_broadcaster:/home/khaledob/bookros2_ws/install/imu_sensor_broadcaster:/home/khaledob/bookros2_ws/install/hey5_description:/home/khaledob/bookros2_ws/install/gripper_controllers:/home/khaledob/bookros2_ws/install/gazebo_ros2_control:/home/khaledob/bookros2_ws/install/effort_controllers:/home/khaledob/bookros2_ws/install/forward_command_controller:/home/khaledob/bookros2_ws/install/force_torque_sensor_broadcaster:/home/khaledob/bookros2_ws/install/diff_drive_controller:/home/khaledob/bookros2_ws/install/controller_manager:/home/khaledob/bookros2_ws/install/controller_interface:/home/khaledob/bookros2_ws/install/hardware_interface:/home/khaledob/bookros2_ws/install/groot:/home/khaledob/bookros2_ws/install/controller_manager_msgs:/home/khaledob/bookros2_ws/install/br2_vff_avoidance:/home/khaledob/bookros2_ws/install/br2_tracking:/home/khaledob/bookros2_ws/install/br2_tiago:/home/khaledob/bookros2_ws/install/br2_tf2_detector:/home/khaledob/bookros2_ws/install/br2_navigation:/home/khaledob/bookros2_ws/install/br2_fsm_bumpgo_cpp:/home/khaledob/bookros2_ws/install/br2_bt_patrolling:/home/khaledob/bookros2_ws/install/br2_bt_bumpgo:/home/khaledob/bookros2_ws/install/br2_basics:/home/khaledob/bookros2_ws/install/ros2controlcli:/home/khaledob/bookros2_ws/install/launch_pal:/home/khaledob/bookros2_ws/install/br2_fsm_bumpgo_py:/opt/ros/foxy LD_LIBRARY_PATH=/home/khaledob/bookros2_ws/install/br2_tracking_msgs/lib:/home/khaledob/bookros2_ws/install/velocity_controllers/lib:/home/khaledob/bookros2_ws/install/position_controllers/lib:/home/khaledob/bookros2_ws/install/joint_trajectory_controller/lib:/home/khaledob/bookros2_ws/install/joint_state_controller/lib:/home/khaledob/bookros2_ws/install/joint_state_broadcaster/lib:/home/khaledob/bookros2_ws/install/imu_sensor_broadcaster/lib:/home/khaledob/bookros2_ws/install/gripper_controllers/lib:/home/khaledob/bookros2_ws/install/gazebo_ros2_control/lib:/home/khaledob/bookros2_ws/install/effort_controllers/lib:/home/khaledob/bookros2_ws/install/forward_command_controller/lib:/home/khaledob/bookros2_ws/install/force_torque_sensor_broadcaster/lib:/home/khaledob/bookros2_ws/install/diff_drive_controller/lib:/home/khaledob/bookros2_ws/install/controller_manager/lib:/home/khaledob/bookros2_ws/install/controller_interface/lib:/home/khaledob/bookros2_ws/install/hardware_interface/lib:/home/khaledob/bookros2_ws/install/groot/lib:/home/khaledob/bookros2_ws/install/controller_manager_msgs/lib:/home/khaledob/bookros2_ws/install/br2_vff_avoidance/lib:/home/khaledob/bookros2_ws/install/br2_tracking/lib:/home/khaledob/bookros2_ws/install/br2_tf2_detector/lib:/home/khaledob/bookros2_ws/install/br2_bt_patrolling/lib:/home/khaledob/bookros2_ws/install/br2_bt_bumpgo/lib:/usr/lib/x86_64-linux-gnu/gazebo-11/plugins:/opt/ros/foxy/opt/yaml_cpp_vendor/lib:/opt/ros/foxy/opt/rviz_ogre_vendor/lib:/opt/ros/foxy/lib/x86_64-linux-gnu:/opt/ros/foxy/lib PYTHONPATH=/home/khaledob/bookros2_ws/install/br2_tracking_msgs/lib/python3.8/site-packages:/home/khaledob/bookros2_ws/install/urdf_test/lib/python3.8/site-packages:/home/khaledob/bookros2_ws/install/tiago_description/lib/python3.8/site-packages:/home/khaledob/bookros2_ws/build/ros2controlcli:/home/khaledob/bookros2_ws/install/ros2controlcli/lib/python3.8/site-packages:/home/khaledob/bookros2_ws/install/pmb2_description/lib/python3.8/site-packages:/home/khaledob/bookros2_ws/build/launch_pal:/home/khaledob/bookros2_ws/install/launch_pal/lib/python3.8/site-packages:/home/khaledob/bookros2_ws/install/controller_manager/lib/python3.8/site-packages:/home/khaledob/bookros2_ws/install/controller_manager_msgs/lib/python3.8/site-packages:/home/khaledob/bookros2_ws/build/br2_fsm_bumpgo_py:/home/khaledob/bookros2_ws/install/br2_fsm_bumpgo_py/lib/python3.8/site-packages:/opt/ros/foxy/lib/python3.8/site-packages /usr/bin/cmake --install /home/khaledob/bookros2_ws/build/br2_tracking
[17.551s] INFO:colcon.colcon_core.shell:Creating environment descriptor '/home/khaledob/bookros2_ws/install/br2_tracking/share/br2_tracking/hook/cmake_prefix_path.dsv'
[17.585s] INFO:colcon.colcon_core.shell:Creating environment hook '/home/khaledob/bookros2_ws/install/br2_tracking/share/br2_tracking/hook/cmake_prefix_path.sh'
[17.588s] Level 1:colcon.colcon_core.environment:checking '/home/khaledob/bookros2_ws/install/br2_tracking/lib'
[17.589s] Level 1:colcon.colcon_core.shell:create_environment_hook('br2_tracking', 'ld_library_path_lib')
[17.589s] INFO:colcon.colcon_core.shell:Creating environment hook '/home/khaledob/bookros2_ws/install/br2_tracking/share/br2_tracking/hook/ld_library_path_lib.ps1'
[17.592s] INFO:colcon.colcon_core.shell:Creating environment descriptor '/home/khaledob/bookros2_ws/install/br2_tracking/share/br2_tracking/hook/ld_library_path_lib.dsv'
[17.594s] INFO:colcon.colcon_core.shell:Creating environment hook '/home/khaledob/bookros2_ws/install/br2_tracking/share/br2_tracking/hook/ld_library_path_lib.sh'
[17.596s] Level 1:colcon.colcon_core.environment:checking '/home/khaledob/bookros2_ws/install/br2_tracking/bin'
[17.601s] Level 1:colcon.colcon_core.environment:checking '/home/khaledob/bookros2_ws/install/br2_tracking/lib/pkgconfig/br2_tracking.pc'
[17.602s] Level 1:colcon.colcon_core.environment:checking '/home/khaledob/bookros2_ws/install/br2_tracking/lib/python3.8/site-packages'
[17.602s] Level 1:colcon.colcon_core.environment:checking '/home/khaledob/bookros2_ws/install/br2_tracking/bin'
[17.607s] INFO:colcon.colcon_core.shell:Creating package script '/home/khaledob/bookros2_ws/install/br2_tracking/share/br2_tracking/package.ps1'
[17.611s] INFO:colcon.colcon_core.shell:Creating package descriptor '/home/khaledob/bookros2_ws/install/br2_tracking/share/br2_tracking/package.dsv'
[17.613s] INFO:colcon.colcon_core.shell:Creating package script '/home/khaledob/bookros2_ws/install/br2_tracking/share/br2_tracking/package.sh'
[17.614s] INFO:colcon.colcon_core.shell:Creating package script '/home/khaledob/bookros2_ws/install/br2_tracking/share/br2_tracking/package.bash'
[17.624s] INFO:colcon.colcon_core.shell:Creating package script '/home/khaledob/bookros2_ws/install/br2_tracking/share/br2_tracking/package.zsh'
[17.625s] Level 1:colcon.colcon_core.environment:create_file_with_runtime_dependencies(/home/khaledob/bookros2_ws/install/br2_tracking/share/colcon-core/packages/br2_tracking)
[17.672s] Level 1:colcon.colcon_core.environment:create_environment_scripts_only(br2_tracking)
[17.673s] Level 1:colcon.colcon_core.environment:checking '/home/khaledob/bookros2_ws/install/br2_tracking' for CMake module files
[17.674s] Level 1:colcon.colcon_core.environment:checking '/home/khaledob/bookros2_ws/install/br2_tracking' for CMake config files
[17.675s] Level 1:colcon.colcon_core.shell:create_environment_hook('br2_tracking', 'cmake_prefix_path')
[17.676s] INFO:colcon.colcon_core.shell:Creating environment hook '/home/khaledob/bookros2_ws/install/br2_tracking/share/br2_tracking/hook/cmake_prefix_path.ps1'
[17.677s] INFO:colcon.colcon_core.shell:Creating environment descriptor '/home/khaledob/bookros2_ws/install/br2_tracking/share/br2_tracking/hook/cmake_prefix_path.dsv'
[17.683s] INFO:colcon.colcon_core.shell:Creating environment hook '/home/khaledob/bookros2_ws/install/br2_tracking/share/br2_tracking/hook/cmake_prefix_path.sh'
[17.685s] Level 1:colcon.colcon_core.environment:checking '/home/khaledob/bookros2_ws/install/br2_tracking/lib'
[17.685s] Level 1:colcon.colcon_core.shell:create_environment_hook('br2_tracking', 'ld_library_path_lib')
[17.686s] INFO:colcon.colcon_core.shell:Creating environment hook '/home/khaledob/bookros2_ws/install/br2_tracking/share/br2_tracking/hook/ld_library_path_lib.ps1'
[17.688s] INFO:colcon.colcon_core.shell:Creating environment descriptor '/home/khaledob/bookros2_ws/install/br2_tracking/share/br2_tracking/hook/ld_library_path_lib.dsv'
[17.716s] INFO:colcon.colcon_core.shell:Creating environment hook '/home/khaledob/bookros2_ws/install/br2_tracking/share/br2_tracking/hook/ld_library_path_lib.sh'
[17.718s] Level 1:colcon.colcon_core.environment:checking '/home/khaledob/bookros2_ws/install/br2_tracking/bin'
[17.718s] Level 1:colcon.colcon_core.environment:checking '/home/khaledob/bookros2_ws/install/br2_tracking/lib/pkgconfig/br2_tracking.pc'
[17.719s] Level 1:colcon.colcon_core.environment:checking '/home/khaledob/bookros2_ws/install/br2_tracking/lib/python3.8/site-packages'
[17.720s] Level 1:colcon.colcon_core.environment:checking '/home/khaledob/bookros2_ws/install/br2_tracking/bin'
[17.721s] INFO:colcon.colcon_core.shell:Creating package script '/home/khaledob/bookros2_ws/install/br2_tracking/share/br2_tracking/package.ps1'
[17.723s] INFO:colcon.colcon_core.shell:Creating package descriptor '/home/khaledob/bookros2_ws/install/br2_tracking/share/br2_tracking/package.dsv'
[17.726s] INFO:colcon.colcon_core.shell:Creating package script '/home/khaledob/bookros2_ws/install/br2_tracking/share/br2_tracking/package.sh'
[17.728s] INFO:colcon.colcon_core.shell:Creating package script '/home/khaledob/bookros2_ws/install/br2_tracking/share/br2_tracking/package.bash'
[17.730s] INFO:colcon.colcon_core.shell:Creating package script '/home/khaledob/bookros2_ws/install/br2_tracking/share/br2_tracking/package.zsh'
[17.734s] Level 1:colcon.colcon_core.environment:create_file_with_runtime_dependencies(/home/khaledob/bookros2_ws/install/br2_tracking/share/colcon-core/packages/br2_tracking)
[17.742s] INFO:colcon.colcon_ros.task.ament_cmake.build:Building ROS package in '/home/khaledob/bookros2_ws/src/ThirdParty/ros2_controllers/joint_trajectory_controller' with build type 'ament_cmake'
[17.743s] INFO:colcon.colcon_cmake.task.cmake.build:Building CMake package in '/home/khaledob/bookros2_ws/src/ThirdParty/ros2_controllers/joint_trajectory_controller'
[17.744s] INFO:colcon.colcon_core.shell:Skip shell extension 'powershell' for command environment: Not usable outside of PowerShell
[17.744s] DEBUG:colcon.colcon_core.shell:Skip shell extension 'dsv' for command environment
[17.824s] Level 1:colcon.colcon_core.environment:create_environment_scripts_only(task2a)
[17.825s] Level 1:colcon.colcon_core.environment:checking '/home/khaledob/bookros2_ws/install/task2a' for CMake module files
[17.828s] Level 1:colcon.colcon_core.environment:checking '/home/khaledob/bookros2_ws/install/task2a' for CMake config files
[17.831s] DEBUG:colcon.colcon_core.event_handler.log_command:Invoked command in '/home/khaledob/bookros2_ws/build/task2a' returned '2': CMAKE_PREFIX_PATH=${CMAKE_PREFIX_PATH}:/home/khaledob/bookros2_ws/install/ros2controlcli:/home/khaledob/bookros2_ws/install/launch_pal:/home/khaledob/bookros2_ws/install/br2_fsm_bumpgo_py:/opt/ros/foxy /usr/bin/cmake --build /home/khaledob/bookros2_ws/build/task2a -- -j7 -l7
[17.839s] Level 1:colcon.colcon_core.shell:create_environment_hook('task2a', 'cmake_prefix_path')
[17.840s] INFO:colcon.colcon_core.shell:Creating environment hook '/home/khaledob/bookros2_ws/install/task2a/share/task2a/hook/cmake_prefix_path.ps1'
[17.859s] INFO:colcon.colcon_core.shell:Creating environment descriptor '/home/khaledob/bookros2_ws/install/task2a/share/task2a/hook/cmake_prefix_path.dsv'
[17.862s] INFO:colcon.colcon_core.shell:Creating environment hook '/home/khaledob/bookros2_ws/install/task2a/share/task2a/hook/cmake_prefix_path.sh'
[17.864s] Level 1:colcon.colcon_core.environment:checking '/home/khaledob/bookros2_ws/install/task2a/bin'
[17.880s] Level 1:colcon.colcon_core.environment:checking '/home/khaledob/bookros2_ws/install/task2a/lib/pkgconfig/task2a.pc'
[17.893s] Level 1:colcon.colcon_core.environment:checking '/home/khaledob/bookros2_ws/install/task2a/lib/python3.8/site-packages'
[17.907s] Level 1:colcon.colcon_core.environment:checking '/home/khaledob/bookros2_ws/install/task2a/bin'
[17.912s] INFO:colcon.colcon_core.shell:Creating package script '/home/khaledob/bookros2_ws/install/task2a/share/task2a/package.ps1'
[17.916s] INFO:colcon.colcon_core.shell:Creating package descriptor '/home/khaledob/bookros2_ws/install/task2a/share/task2a/package.dsv'
[17.939s] INFO:colcon.colcon_core.shell:Creating package script '/home/khaledob/bookros2_ws/install/task2a/share/task2a/package.sh'
[17.947s] INFO:colcon.colcon_core.shell:Creating package script '/home/khaledob/bookros2_ws/install/task2a/share/task2a/package.bash'
[17.949s] INFO:colcon.colcon_core.shell:Creating package script '/home/khaledob/bookros2_ws/install/task2a/share/task2a/package.zsh'
[17.952s] Level 1:colcon.colcon_core.environment:create_file_with_runtime_dependencies(/home/khaledob/bookros2_ws/install/task2a/share/colcon-core/packages/task2a)
[17.956s] Level 1:colcon.colcon_core.environment:create_environment_scripts_only(transmission_interface)
[17.959s] DEBUG:colcon.colcon_core.event_handler.log_command:Invoked command in '/home/khaledob/bookros2_ws/build/transmission_interface' returned '0': CMAKE_PREFIX_PATH=/home/khaledob/bookros2_ws/install/hardware_interface:/home/khaledob/bookros2_ws/install/ros2_control_test_assets:/home/khaledob/bookros2_ws/install/task2b:/home/khaledob/bookros2_ws/install/task2a:/home/khaledob/bookros2_ws/install/gazebo_ros2_control_demos:/home/khaledob/bookros2_ws/install/ros2_controllers:/home/khaledob/bookros2_ws/install/velocity_controllers:/home/khaledob/bookros2_ws/install/urdf_test:/home/khaledob/bookros2_ws/install/tiago_simulation:/home/khaledob/bookros2_ws/install/tiago_robot:/home/khaledob/bookros2_ws/install/tiago_2dnav_gazebo:/home/khaledob/bookros2_ws/install/tiago_gazebo:/home/khaledob/bookros2_ws/install/tiago_bringup:/home/khaledob/bookros2_ws/install/pmb2_robot:/home/khaledob/bookros2_ws/install/pmb2_bringup:/home/khaledob/bookros2_ws/install/twist_mux:/home/khaledob/bookros2_ws/install/transmission_interface:/home/khaledob/bookros2_ws/install/tiago_description:/home/khaledob/bookros2_ws/install/tiago_description_calibration:/home/khaledob/bookros2_ws/install/tiago_controller_configuration:/home/khaledob/bookros2_ws/install/task1:/home/khaledob/bookros2_ws/install/ros2_control:/home/khaledob/bookros2_ws/install/pal_gripper:/home/khaledob/bookros2_ws/install/pal_gripper_controller_configuration:/home/khaledob/bookros2_ws/install/position_controllers:/home/khaledob/bookros2_ws/install/pmb2_navigation:/home/khaledob/bookros2_ws/install/pmb2_2dnav:/home/khaledob/bookros2_ws/install/pmb2_maps:/home/khaledob/bookros2_ws/install/pmb2_description:/home/khaledob/bookros2_ws/install/pmb2_controller_configuration:/home/khaledob/bookros2_ws/install/pal_gripper_description:/home/khaledob/bookros2_ws/install/pal_gazebo_worlds:/home/khaledob/bookros2_ws/install/joint_trajectory_controller:/home/khaledob/bookros2_ws/install/joint_state_controller:/home/khaledob/bookros2_ws/install/joint_state_broadcaster:/home/khaledob/bookros2_ws/install/imu_sensor_broadcaster:/home/khaledob/bookros2_ws/install/hey5_description:/home/khaledob/bookros2_ws/install/gripper_controllers:/home/khaledob/bookros2_ws/install/gazebo_ros2_control:/home/khaledob/bookros2_ws/install/effort_controllers:/home/khaledob/bookros2_ws/install/forward_command_controller:/home/khaledob/bookros2_ws/install/force_torque_sensor_broadcaster:/home/khaledob/bookros2_ws/install/diff_drive_controller:/home/khaledob/bookros2_ws/install/controller_manager:/home/khaledob/bookros2_ws/install/controller_interface:/home/khaledob/bookros2_ws/install/groot:/home/khaledob/bookros2_ws/install/controller_manager_msgs:/home/khaledob/bookros2_ws/install/br2_vff_avoidance:/home/khaledob/bookros2_ws/install/br2_tracking:/home/khaledob/bookros2_ws/install/br2_tracking_msgs:/home/khaledob/bookros2_ws/install/br2_tiago:/home/khaledob/bookros2_ws/install/br2_tf2_detector:/home/khaledob/bookros2_ws/install/br2_navigation:/home/khaledob/bookros2_ws/install/br2_fsm_bumpgo_cpp:/home/khaledob/bookros2_ws/install/br2_bt_patrolling:/home/khaledob/bookros2_ws/install/br2_bt_bumpgo:/home/khaledob/bookros2_ws/install/br2_basics:/home/khaledob/bookros2_ws/install/ros2controlcli:/home/khaledob/bookros2_ws/install/launch_pal:/home/khaledob/bookros2_ws/install/br2_fsm_bumpgo_py:/opt/ros/foxy LD_LIBRARY_PATH=/home/khaledob/bookros2_ws/install/hardware_interface/lib:/home/khaledob/bookros2_ws/install/velocity_controllers/lib:/home/khaledob/bookros2_ws/install/position_controllers/lib:/home/khaledob/bookros2_ws/install/joint_trajectory_controller/lib:/home/khaledob/bookros2_ws/install/joint_state_controller/lib:/home/khaledob/bookros2_ws/install/joint_state_broadcaster/lib:/home/khaledob/bookros2_ws/install/imu_sensor_broadcaster/lib:/home/khaledob/bookros2_ws/install/gripper_controllers/lib:/home/khaledob/bookros2_ws/install/gazebo_ros2_control/lib:/home/khaledob/bookros2_ws/install/effort_controllers/lib:/home/khaledob/bookros2_ws/install/forward_command_controller/lib:/home/khaledob/bookros2_ws/install/force_torque_sensor_broadcaster/lib:/home/khaledob/bookros2_ws/install/diff_drive_controller/lib:/home/khaledob/bookros2_ws/install/controller_manager/lib:/home/khaledob/bookros2_ws/install/controller_interface/lib:/home/khaledob/bookros2_ws/install/groot/lib:/home/khaledob/bookros2_ws/install/controller_manager_msgs/lib:/home/khaledob/bookros2_ws/install/br2_vff_avoidance/lib:/home/khaledob/bookros2_ws/install/br2_tracking/lib:/home/khaledob/bookros2_ws/install/br2_tracking_msgs/lib:/home/khaledob/bookros2_ws/install/br2_tf2_detector/lib:/home/khaledob/bookros2_ws/install/br2_bt_patrolling/lib:/home/khaledob/bookros2_ws/install/br2_bt_bumpgo/lib:/usr/lib/x86_64-linux-gnu/gazebo-11/plugins:/opt/ros/foxy/opt/yaml_cpp_vendor/lib:/opt/ros/foxy/opt/rviz_ogre_vendor/lib:/opt/ros/foxy/lib/x86_64-linux-gnu:/opt/ros/foxy/lib /usr/bin/cmake --install /home/khaledob/bookros2_ws/build/transmission_interface
[17.969s] Level 1:colcon.colcon_core.environment:checking '/home/khaledob/bookros2_ws/install/transmission_interface' for CMake module files
[17.973s] Level 1:colcon.colcon_core.environment:checking '/home/khaledob/bookros2_ws/install/transmission_interface' for CMake config files
[17.974s] Level 1:colcon.colcon_core.shell:create_environment_hook('transmission_interface', 'cmake_prefix_path')
[17.975s] INFO:colcon.colcon_core.shell:Creating environment hook '/home/khaledob/bookros2_ws/install/transmission_interface/share/transmission_interface/hook/cmake_prefix_path.ps1'
[17.977s] INFO:colcon.colcon_core.shell:Creating environment descriptor '/home/khaledob/bookros2_ws/install/transmission_interface/share/transmission_interface/hook/cmake_prefix_path.dsv'
[17.979s] INFO:colcon.colcon_core.shell:Creating environment hook '/home/khaledob/bookros2_ws/install/transmission_interface/share/transmission_interface/hook/cmake_prefix_path.sh'
[18.005s] Level 1:colcon.colcon_core.environment:checking '/home/khaledob/bookros2_ws/install/transmission_interface/bin'
[18.023s] Level 1:colcon.colcon_core.environment:checking '/home/khaledob/bookros2_ws/install/transmission_interface/lib/pkgconfig/transmission_interface.pc'
[18.023s] Level 1:colcon.colcon_core.environment:checking '/home/khaledob/bookros2_ws/install/transmission_interface/lib/python3.8/site-packages'
[18.024s] Level 1:colcon.colcon_core.environment:checking '/home/khaledob/bookros2_ws/install/transmission_interface/bin'
[18.024s] INFO:colcon.colcon_core.shell:Creating package script '/home/khaledob/bookros2_ws/install/transmission_interface/share/transmission_interface/package.ps1'
[18.047s] INFO:colcon.colcon_core.shell:Creating package descriptor '/home/khaledob/bookros2_ws/install/transmission_interface/share/transmission_interface/package.dsv'
[18.050s] INFO:colcon.colcon_core.shell:Creating package script '/home/khaledob/bookros2_ws/install/transmission_interface/share/transmission_interface/package.sh'
[18.052s] INFO:colcon.colcon_core.shell:Creating package script '/home/khaledob/bookros2_ws/install/transmission_interface/share/transmission_interface/package.bash'
[18.059s] INFO:colcon.colcon_core.shell:Creating package script '/home/khaledob/bookros2_ws/install/transmission_interface/share/transmission_interface/package.zsh'
[18.061s] Level 1:colcon.colcon_core.environment:create_file_with_runtime_dependencies(/home/khaledob/bookros2_ws/install/transmission_interface/share/colcon-core/packages/transmission_interface)
[18.076s] Level 1:colcon.colcon_core.environment:create_environment_scripts_only(transmission_interface)
[18.078s] Level 1:colcon.colcon_core.environment:checking '/home/khaledob/bookros2_ws/install/transmission_interface' for CMake module files
[18.080s] Level 1:colcon.colcon_core.environment:checking '/home/khaledob/bookros2_ws/install/transmission_interface' for CMake config files
[18.081s] Level 1:colcon.colcon_core.shell:create_environment_hook('transmission_interface', 'cmake_prefix_path')
[18.084s] INFO:colcon.colcon_core.shell:Creating environment hook '/home/khaledob/bookros2_ws/install/transmission_interface/share/transmission_interface/hook/cmake_prefix_path.ps1'
[18.090s] INFO:colcon.colcon_core.shell:Creating environment descriptor '/home/khaledob/bookros2_ws/install/transmission_interface/share/transmission_interface/hook/cmake_prefix_path.dsv'
[18.094s] INFO:colcon.colcon_core.shell:Creating environment hook '/home/khaledob/bookros2_ws/install/transmission_interface/share/transmission_interface/hook/cmake_prefix_path.sh'
[18.108s] Level 1:colcon.colcon_core.environment:checking '/home/khaledob/bookros2_ws/install/transmission_interface/bin'
[18.108s] Level 1:colcon.colcon_core.environment:checking '/home/khaledob/bookros2_ws/install/transmission_interface/lib/pkgconfig/transmission_interface.pc'
[18.118s] Level 1:colcon.colcon_core.environment:checking '/home/khaledob/bookros2_ws/install/transmission_interface/lib/python3.8/site-packages'
[18.126s] Level 1:colcon.colcon_core.environment:checking '/home/khaledob/bookros2_ws/install/transmission_interface/bin'
[18.129s] INFO:colcon.colcon_core.shell:Creating package script '/home/khaledob/bookros2_ws/install/transmission_interface/share/transmission_interface/package.ps1'
[18.132s] INFO:colcon.colcon_core.shell:Creating package descriptor '/home/khaledob/bookros2_ws/install/transmission_interface/share/transmission_interface/package.dsv'
[18.137s] INFO:colcon.colcon_core.shell:Creating package script '/home/khaledob/bookros2_ws/install/transmission_interface/share/transmission_interface/package.sh'
[18.139s] INFO:colcon.colcon_core.shell:Creating package script '/home/khaledob/bookros2_ws/install/transmission_interface/share/transmission_interface/package.bash'
[18.148s] INFO:colcon.colcon_core.shell:Creating package script '/home/khaledob/bookros2_ws/install/transmission_interface/share/transmission_interface/package.zsh'
[18.155s] Level 1:colcon.colcon_core.environment:create_file_with_runtime_dependencies(/home/khaledob/bookros2_ws/install/transmission_interface/share/colcon-core/packages/transmission_interface)
[18.659s] DEBUG:colcon.colcon_parallel_executor.executor.parallel:closing loop
[18.667s] DEBUG:colcon.colcon_parallel_executor.executor.parallel:loop closed
[18.670s] DEBUG:colcon.colcon_parallel_executor.executor.parallel:run_until_complete finished with '2'
[18.671s] DEBUG:colcon.colcon_core.event_reactor:joining thread
[18.700s] INFO:colcon.colcon_core.plugin_system:Skipping extension 'colcon_notification.desktop_notification.terminal_notifier': Not used on non-Darwin systems
[18.700s] INFO:colcon.colcon_core.plugin_system:Skipping extension 'colcon_notification.desktop_notification.win32': Not used on non-Windows systems
[18.700s] INFO:colcon.colcon_notification.desktop_notification:Sending desktop notification using 'notify2'
[18.899s] DEBUG:colcon.colcon_core.event_reactor:joined thread
[18.901s] INFO:colcon.colcon_core.shell:Creating prefix script '/home/khaledob/bookros2_ws/install/local_setup.ps1'
[18.905s] INFO:colcon.colcon_core.shell:Creating prefix util module '/home/khaledob/bookros2_ws/install/_local_setup_util_ps1.py'
[18.908s] INFO:colcon.colcon_core.shell:Creating prefix chain script '/home/khaledob/bookros2_ws/install/setup.ps1'
[18.929s] INFO:colcon.colcon_core.shell:Creating prefix script '/home/khaledob/bookros2_ws/install/local_setup.sh'
[18.931s] INFO:colcon.colcon_core.shell:Creating prefix util module '/home/khaledob/bookros2_ws/install/_local_setup_util_sh.py'
[18.932s] INFO:colcon.colcon_core.shell:Creating prefix chain script '/home/khaledob/bookros2_ws/install/setup.sh'
[18.937s] INFO:colcon.colcon_core.shell:Creating prefix script '/home/khaledob/bookros2_ws/install/local_setup.bash'
[18.939s] INFO:colcon.colcon_core.shell:Creating prefix chain script '/home/khaledob/bookros2_ws/install/setup.bash'
[18.945s] INFO:colcon.colcon_core.shell:Creating prefix script '/home/khaledob/bookros2_ws/install/local_setup.zsh'
[18.947s] INFO:colcon.colcon_core.shell:Creating prefix chain script '/home/khaledob/bookros2_ws/install/setup.zsh'
